{"type":"Feature","properties":{"code":"E63005073","name":"Richmond upon Thames"},"geometry":{"type":"MultiPolygon","coordinates":[[[[-0.302432647155683,51.4524603915206],[-0.302424316876843,51.4526850849759],[-0.302415986492385,51.4529097784227],[-0.302407656002304,51.4531344718609],[-0.302048020600491,51.4531292639231],[-0.302056352803407,51.4529045705034],[-0.301696719220009,51.4528993614804],[-0.301705053030096,51.4526746680707],[-0.301345422576709,51.4526694586534],[-0.301353757959937,51.4524447652384],[-0.301362093236143,51.4522200718139],[-0.301370428405328,51.4519953783801],[-0.301378763467494,51.4517706849368],[-0.301738387213819,51.4517758943468],[-0.301746720495604,51.4515512008945],[-0.302106343802459,51.4515564098062],[-0.302098012233377,51.451781103277],[-0.302089680558659,51.4520057967394],[-0.302081348778305,51.4522304901932],[-0.302073016892314,51.4524551836385],[-0.302432647155683,51.4524603915206]]],[[[-0.302407656002304,51.4531344718609],[-0.302767291509676,51.4531396786949],[-0.302758962626833,51.4533643721431],[-0.303118599952604,51.4533695778918],[-0.303110272677045,51.45359427135],[-0.303101945295903,51.4538189647998],[-0.303093617809177,51.454043658241],[-0.303453260379192,51.4540488629414],[-0.303444934499835,51.4542735563926],[-0.303436608514912,51.4544982498353],[-0.303076962518967,51.4544930450979],[-0.302717316628547,51.4544878392566],[-0.302708987112062,51.4547125326537],[-0.303068634715479,51.4547177385135],[-0.303060306806399,51.4549424319207],[-0.303419956228364,51.4549476366951],[-0.303779605755834,51.4549528403657],[-0.30377128116725,51.4551775338013],[-0.304130932513251,51.4551827363865],[-0.304122609532186,51.4554074298321],[-0.304114286445592,51.4556321232692],[-0.304473941323221,51.4556373247874],[-0.30446561984421,51.4558620182345],[-0.304457298259689,51.456086711673],[-0.30481695666902,51.4560919121243],[-0.304808636692148,51.4563166055728],[-0.30516829692007,51.4563218049386],[-0.305159978550891,51.4565464983971],[-0.305519640597408,51.4565516966774],[-0.305511323835968,51.4567763901458],[-0.305503006969077,51.4570010836057],[-0.305862672547426,51.457006280819],[-0.305854357288339,51.4572309742888],[-0.306214024685314,51.4572361704166],[-0.306205711034074,51.4574608638964],[-0.306565380249679,51.4574660589386],[-0.306557068206333,51.4576907524282],[-0.306916739240572,51.4576959463849],[-0.306908428805164,51.4579206398845],[-0.306900118264384,51.4581453333756],[-0.307259792830613,51.458150526265],[-0.307619467502132,51.4581557180504],[-0.307611160282731,51.4583804115699],[-0.307970836772894,51.4583856022697],[-0.307962531161566,51.458610295799],[-0.307954225444927,51.4588349893198],[-0.308313905467165,51.4588401789523],[-0.308673585594631,51.4588453674808],[-0.30903326586589,51.458850554924],[-0.309024967127999,51.4590752494351],[-0.30938464926322,51.4590804358167],[-0.309376352169199,51.4593051303569],[-0.309736036162147,51.459310315674],[-0.310095720261957,51.4593154998879],[-0.310087426562722,51.4595401944958],[-0.310447112520241,51.4595453776451],[-0.310806798584579,51.4595505596912],[-0.310798508280226,51.4597752543668],[-0.310438820464992,51.4597700722821],[-0.310430528302853,51.4599947669096],[-0.310422236033824,51.4602194615277],[-0.310062544823551,51.4602142782627],[-0.310054250696666,51.4604389728327],[-0.309694557842277,51.460433788426],[-0.30968626185749,51.460658482948],[-0.310045956462863,51.4606636673933],[-0.310405651175085,51.4606688507355],[-0.310413943657902,51.4604441561363],[-0.310773636725962,51.4604493383366],[-0.311133329900825,51.4604545194338],[-0.311141618774815,51.4602298247481],[-0.311149907541959,51.4600051300529],[-0.311509597321686,51.4600103099698],[-0.311869287208167,51.4600154887835],[-0.312228977201379,51.460020666494],[-0.312588667301298,51.4600258431014],[-0.312580385537949,51.4602505379506],[-0.312572103667844,51.4604752327904],[-0.312212410065999,51.4604700561061],[-0.312204126338139,51.4606947508979],[-0.311844431092011,51.4606895730718],[-0.31183614550635,51.4609142678157],[-0.311476448615942,51.4609090888479],[-0.311468161172435,51.4611337835438],[-0.311459873622097,51.4613584782302],[-0.311451585964924,51.4615831729072],[-0.311091883928099,51.4615779927206],[-0.311083594412986,51.4618026873495],[-0.310723890731847,51.4617975060211],[-0.310715599358749,51.4620222006021],[-0.310355894033299,51.4620170181319],[-0.31034760080217,51.4622417126649],[-0.309987893832413,51.4622365290529],[-0.309979598743207,51.4624612235378],[-0.309619890129146,51.4624560387839],[-0.309611593181819,51.4626807332209],[-0.309251882923458,51.4626755473251],[-0.308892172772008,51.4626703603261],[-0.308883872215307,51.4628950546764],[-0.308524160419585,51.4628898665355],[-0.308164448730821,51.4628846772913],[-0.30815614456466,51.463109371555],[-0.307796431231652,51.4631041811689],[-0.307788125207191,51.4633288753844],[-0.308147840291447,51.4633340658092],[-0.308139535911178,51.4635587600539],[-0.308499252853689,51.4635639494139],[-0.30849095011766,51.4637886436878],[-0.308131231423855,51.4637834542892],[-0.308122926829473,51.464008148515],[-0.307763206491341,51.4640029579745],[-0.30740348626022,51.4639977663305],[-0.307395178056105,51.4642224604697],[-0.307035456180686,51.4642172676838],[-0.306675734412325,51.4642120737946],[-0.306667422598391,51.4644367678469],[-0.307027146118106,51.4644419617748],[-0.307018835948396,51.4646666558564],[-0.307010525671552,51.4648913499285],[-0.307370252801109,51.4648965428303],[-0.307729980037709,51.4649017346287],[-0.307721673156582,51.4651264287687],[-0.307713366168362,51.4653511228991],[-0.308073097014862,51.4653563136714],[-0.30808140225163,51.4651316195023],[-0.308089707381329,51.4649069253238],[-0.308449434831945,51.4649121149155],[-0.308441131453677,51.4651368091326],[-0.3088008607627,51.4651419976595],[-0.30879255902884,51.4653666919058],[-0.308784257187954,51.4655913861427],[-0.308775955240041,51.4658160803701],[-0.308767653185099,51.466040774588],[-0.308407916870121,51.4660355859067],[-0.308048180662125,51.4660303961219],[-0.307688444561136,51.4660252052338],[-0.307328708567175,51.4660200132422],[-0.307320399399031,51.4662447072962],[-0.307312090123763,51.4664694013408],[-0.307671829620827,51.4664745934096],[-0.307663521990019,51.4666992874833],[-0.307303780741369,51.4666940953759],[-0.307295471251849,51.4669187894015],[-0.3072871616552,51.4671434834177],[-0.307278852156894,51.4673681775004],[-0.306919105753448,51.4673629841673],[-0.306559359457162,51.4673577897309],[-0.306567672472626,51.4671330957379],[-0.306207928041987,51.4671279002428],[-0.306216242893518,51.4669032063425],[-0.305856500321631,51.4668980097826],[-0.305864816817566,51.4666733159116],[-0.305505076104427,51.466668118287],[-0.30551339424472,51.4664434244452],[-0.305873133206283,51.4664486220311],[-0.305881449487785,51.4662239281412],[-0.305889765662071,51.4659992342418],[-0.306249501227691,51.466004430647],[-0.306257815543256,51.4657797366995],[-0.305898081729146,51.4657745403329],[-0.305538348022176,51.465769342863],[-0.305178614422369,51.4657641442896],[-0.305186933885201,51.4655394504487],[-0.304827202144062,51.4655342508106],[-0.304467470510127,51.4655290500691],[-0.304107738983421,51.4655238482243],[-0.304116063593373,51.46529915449],[-0.303756333925372,51.4652939515805],[-0.303764660179434,51.4650692578754],[-0.303404932370135,51.4650640539012],[-0.303045204668128,51.4650588488237],[-0.303036874911209,51.4652835424513],[-0.302677145565092,51.4652783362316],[-0.302668813949336,51.465503029811],[-0.302309082959112,51.4654978224492],[-0.302300749484474,51.4657225159804],[-0.302660482226167,51.465727723381],[-0.303020215075203,51.4657329296781],[-0.303379948031561,51.4657381348719],[-0.303371619703966,51.4659628285098],[-0.303731354519119,51.4659680326389],[-0.30409108944155,51.4659732356646],[-0.304082764509626,51.4661979293705],[-0.304442501290835,51.4662031313315],[-0.304802238179277,51.466208332189],[-0.304793916643121,51.4664330259629],[-0.30478559499968,51.4666577197273],[-0.304425854608118,51.4666525187924],[-0.304066114323793,51.466647316754],[-0.304074439470375,51.466422623067],[-0.303714701044878,51.4664174199639],[-0.303354962726662,51.4664122157573],[-0.303363291269001,51.4661875221383],[-0.30300355480963,51.4661823168671],[-0.303011884996114,51.4659576232773],[-0.302652150395583,51.4659524169414],[-0.302643818457583,51.4661771104924],[-0.302284082212884,51.4661719030144],[-0.302275748415928,51.4663965965172],[-0.302267414511529,51.4666212900105],[-0.301907674871106,51.4666160813516],[-0.301899339107681,51.4668407747966],[-0.301539597881728,51.4668355650143],[-0.301531260279465,51.4670602584173],[-0.301171518258629,51.4670550477611],[-0.301163178878303,51.4672797411305],[-0.300803435193201,51.4672745293398],[-0.300795094049746,51.467499222723],[-0.300786752797849,51.4677239160982],[-0.301146500024937,51.4677291279028],[-0.301154839505829,51.4675044345207],[-0.301514585070258,51.4675096452134],[-0.301506247360373,51.4677343386025],[-0.301497909542088,51.4679590319837],[-0.301489571615404,51.4681837253569],[-0.301849323255554,51.4681889353232],[-0.301840986958766,51.4684136287135],[-0.301481233580319,51.4684084187221],[-0.301121480931727,51.4684032080015],[-0.301129820737887,51.4681785146433],[-0.300770069968723,51.4681733028247],[-0.30076172839149,51.4683979961759],[-0.300401975959629,51.4683927832454],[-0.300042223636167,51.4683875692099],[-0.299682471421128,51.4683823540695],[-0.29967412442217,51.4686070473918],[-0.299314370544487,51.4686018311393],[-0.298954616775276,51.4685966137819],[-0.298594863114556,51.4685913953195],[-0.29858651069375,51.4688160886128],[-0.298226755370441,51.4688108690384],[-0.298218401069916,51.4690355623167],[-0.297858644084022,51.4690303416302],[-0.297867000155673,51.4688056483589],[-0.297507245049468,51.4688004265745],[-0.297515602783586,51.4685757333023],[-0.297155849557067,51.4685705104199],[-0.297164208953606,51.4683458171468],[-0.29680445760677,51.4683405931665],[-0.296444706368564,51.4683353680813],[-0.296453069198526,51.4681106748142],[-0.29609331984002,51.4681054486311],[-0.296101684332287,51.4678807553632],[-0.295741936853477,51.4678755280822],[-0.295733570590187,51.468100221343],[-0.295373821449048,51.4680949929499],[-0.295365453305944,51.4683196861957],[-0.295357085054048,51.4685443794334],[-0.2957168377373,51.4685496078407],[-0.2957084711477,51.4687743010776],[-0.295348716693358,51.4687690726632],[-0.295340348223872,51.468993765885],[-0.295700104449328,51.4689989943064],[-0.29569173764218,51.4692236875273],[-0.295683370726256,51.4694483807402],[-0.295323610958504,51.4694431523046],[-0.294963851299482,51.4694379227639],[-0.294955480732415,51.4696626159546],[-0.294595719410967,51.4696573853018],[-0.294235958198296,51.469652153544],[-0.294244332307717,51.4694274603675],[-0.293884572975021,51.4694222275118],[-0.293876197094424,51.4696469206811],[-0.293867821104933,51.4698716138425],[-0.293859445006544,51.4700963069959],[-0.293499680469081,51.4700910730137],[-0.293491302490553,51.470315766152],[-0.293851068799257,51.4703210001413],[-0.29421083521679,51.4703262330255],[-0.294202460671869,51.4705509261701],[-0.294194086018068,51.4707756193066],[-0.293834316057979,51.4707703864081],[-0.293474546206723,51.4707651524045],[-0.293466167901418,51.4709898455188],[-0.293457789487183,51.4712145386251],[-0.293449410964018,51.4714392317234],[-0.29344103233192,51.4716639248138],[-0.293081255504148,51.4716586896765],[-0.293072874991715,51.4718833827517],[-0.293064494370323,51.4721080758189],[-0.293056113639969,51.4723327688781],[-0.293047732800653,51.4725574619294],[-0.293039351852371,51.4727821549727],[-0.293030970795122,51.4730068480079],[-0.292671183447503,51.4730016117226],[-0.29266280050975,51.4732263047427],[-0.292654417463003,51.4734509977549],[-0.292646034307262,51.473675690759],[-0.293005826969557,51.4736809270658],[-0.292997445476422,51.4739056200692],[-0.29298906387431,51.4741303130645],[-0.292980682163221,51.4743550060519],[-0.292972300343152,51.4745796990312],[-0.292612500594304,51.4745744626958],[-0.292604116893557,51.47479915566],[-0.292595733083804,51.4750238486163],[-0.292235929900477,51.4750186111612],[-0.292244315481947,51.4747939182122],[-0.291884514179295,51.4747886796591],[-0.29187612682611,51.475013372601],[-0.291867739363871,51.4752380655349],[-0.29150793462675,51.4752328258622],[-0.291499545283696,51.475457518781],[-0.291491155054433,51.4756822144239],[-0.291482764470762,51.4759069109218],[-0.29147437377851,51.4761316074107],[-0.291114562116657,51.4761263664527],[-0.291106169554766,51.4763510629007],[-0.291097776884268,51.4765757593395],[-0.291089384105163,51.4768004557691],[-0.291080991217446,51.4770251521897],[-0.29072117261977,51.4770199100004],[-0.290712777862294,51.4772446063801],[-0.290704382996182,51.4774693027505],[-0.291064205116174,51.4774745450033],[-0.291055811902615,51.4776992413964],[-0.291047418580438,51.4779239377804],[-0.291039025149642,51.4781486341553],[-0.291030631610224,51.478373330521],[-0.291022237962182,51.4785980268776],[-0.290662407035998,51.478592784466],[-0.290654011518025,51.4788174807816],[-0.290645615891402,51.4790421770882],[-0.290285781551166,51.4790369335087],[-0.290277384054541,51.4792616297743],[-0.289917548061565,51.4792563850588],[-0.289909148694892,51.4794810812835],[-0.29026898644924,51.4794863260308],[-0.29026058873526,51.4797110222782],[-0.290252190912599,51.4799357185164],[-0.289892349635441,51.4799304737055],[-0.28953250846692,51.4799252277903],[-0.289524107012701,51.4801499239558],[-0.289164264191405,51.4801446769045],[-0.289155860866997,51.480369373029],[-0.288796016392929,51.4803641248416],[-0.288787611198287,51.4805888209252],[-0.288779205894867,51.4808135169996],[-0.28841935800653,51.4808082676442],[-0.288410950832806,51.4810329636776],[-0.288402543550277,51.481257659702],[-0.288394136158939,51.4814823557172],[-0.288753989331914,51.4814876051681],[-0.289113842613609,51.4814928535147],[-0.289105438636648,51.4817175495844],[-0.289465293788635,51.4817227968584],[-0.289825149049297,51.4817280430281],[-0.289833549503064,51.4815033468947],[-0.290193403110779,51.4815085919282],[-0.290201801694252,51.4812838957539],[-0.290210200169032,51.4810591995705],[-0.290570050362241,51.4810644434361],[-0.290578446966797,51.4808397472117],[-0.290938295507074,51.4808449899411],[-0.290929900664053,51.4810696861973],[-0.290921505712386,51.4812943824443],[-0.290913110652071,51.4815190786821],[-0.290904715483108,51.4817437749108],[-0.291264571178243,51.481749016663],[-0.291256177662256,51.4819737129144],[-0.290896320205492,51.4819684711304],[-0.290887924819224,51.4821931673408],[-0.290528065709398,51.4821879244207],[-0.290168206708183,51.4821826803962],[-0.289808347815601,51.4821774352673],[-0.289448489031676,51.4821721890341],[-0.289456891464527,51.4819474929508],[-0.289097034550923,51.481942245645],[-0.288737177746018,51.4819369972347],[-0.288728771789886,51.4821616932544],[-0.288720365724962,51.4823863892649],[-0.288711959551245,51.4826110852662],[-0.288703553268732,51.4828357812584],[-0.288695146877422,51.4830604772415],[-0.288686740377312,51.4832851732154],[-0.289046607752395,51.4832904218166],[-0.289055012490751,51.4830657258109],[-0.28941487821279,51.4830709732758],[-0.289774744043515,51.4830762196363],[-0.289766342828671,51.4833009157057],[-0.290126210529819,51.4833061609936],[-0.29048607833961,51.483311405177],[-0.290477680539599,51.4835361013009],[-0.290837550219795,51.4835413444117],[-0.290829154072904,51.4837660405582],[-0.29118902562351,51.4837712825964],[-0.291180628083718,51.4839959778774],[-0.291172228971373,51.4842206727216],[-0.291532104055966,51.4842259137285],[-0.29152370660082,51.4844506086179],[-0.291163829750185,51.4844453675555],[-0.291155430420151,51.4846700623792],[-0.291515309036852,51.4846753034971],[-0.291506911364059,51.4848999983661],[-0.29186679185563,51.4849052384361],[-0.291858395840124,51.4851299333503],[-0.292218278206568,51.4851351723724],[-0.292578160681749,51.4851404102912],[-0.292586553165024,51.484915715266],[-0.292594945539541,51.4846910202305],[-0.292603337805302,51.4844663251848],[-0.292243460628402,51.4844610874326],[-0.292251854551458,51.4842363924321],[-0.292260248365739,51.4840116974214],[-0.292620122010566,51.4840169350627],[-0.292611729962311,51.4842416301289],[-0.292971605481871,51.4842468667224],[-0.292963215090912,51.4844715618338],[-0.293323092485209,51.4844767973793],[-0.293314703751594,51.484701492536],[-0.293306314909269,51.4849261876823],[-0.292946433982801,51.4849209520258],[-0.292938043265645,51.4851456471065],[-0.292929652439752,51.485370342177],[-0.29292126150512,51.4855950372372],[-0.292561375388918,51.4855898003109],[-0.292201489381436,51.4855845622811],[-0.292193094805692,51.4858092572201],[-0.291833207140768,51.4858040180315],[-0.29147331958461,51.4857987777395],[-0.291113432137241,51.485793536344],[-0.291105032154097,51.4860182311062],[-0.290745143049339,51.4860129885519],[-0.290736741191115,51.4862376832483],[-0.290376850428972,51.486232439535],[-0.290016959775691,51.4862271947182],[-0.290008554276096,51.4864518892934],[-0.289648661965459,51.4864466433176],[-0.28928876976373,51.4864413962384],[-0.288928877670933,51.4864361480558],[-0.28856898568709,51.4864308987698],[-0.288560573013523,51.4866555931124],[-0.288200679372401,51.4866503426673],[-0.287840785840282,51.4866450911188],[-0.287849202046359,51.4864203968874],[-0.287857618143368,51.4861957026457],[-0.287497728252755,51.4861904501049],[-0.287489310389516,51.486415144291],[-0.287480892417187,51.4866398384669],[-0.28712099910314,51.4866345847115],[-0.28712941884172,51.4864098905913],[-0.286769527402992,51.4864046357881],[-0.286761105898164,51.4866293298527],[-0.286401212802282,51.4866240738904],[-0.286041319815515,51.4866188168248],[-0.286049744852834,51.4863941228714],[-0.286409636073356,51.4863993798814],[-0.286418059235271,51.4861746858622],[-0.28642648228803,51.4859499918327],[-0.286434905231633,51.485725297793],[-0.286075019309708,51.4857200409499],[-0.286083443910311,51.4854953469555],[-0.285723559863669,51.4854900890646],[-0.285715133496915,51.4857147830033],[-0.285706707020962,51.4859394769318],[-0.285698280435806,51.48616417085],[-0.2853383911998,51.4861589116887],[-0.284978502072975,51.4861536514241],[-0.284618613114982,51.4861483898261],[-0.28462704500012,51.4859236960749],[-0.284267157938968,51.4859184333541],[-0.284275591485045,51.4856937396396],[-0.283915706303744,51.4856884758615],[-0.283924141510713,51.4854637821836],[-0.28356425820926,51.4854585173482],[-0.283572695077074,51.485233823707],[-0.283212813655465,51.4852285578142],[-0.28322125218408,51.4850038642097],[-0.283229690603143,51.4847791705954],[-0.283238128912656,51.4845544769713],[-0.282878252911478,51.4845492101143],[-0.282518377019827,51.4845439421535],[-0.282526818760312,51.4843192486126],[-0.282166944748469,51.4843139795946],[-0.282175388149596,51.4840892860904],[-0.281815516017557,51.4840840160152],[-0.28145564399511,51.4840787448363],[-0.281447197053519,51.4843034382474],[-0.281087323370458,51.4842981659181],[-0.281095772082279,51.4840734725536],[-0.280735900279084,51.4840681991671],[-0.280744350632173,51.4838435058323],[-0.280384480600721,51.4838382313494],[-0.280392928034636,51.4836135363894],[-0.28003305988165,51.4836082608545],[-0.280041508974748,51.4833835659358],[-0.28040137535889,51.4833888414193],[-0.280409822573481,51.4831641464392],[-0.280418269678414,51.482939451449],[-0.280426716673689,51.4827147564488],[-0.280066855595947,51.4827094811195],[-0.279706994627816,51.4827042046868],[-0.279347133769319,51.4826989271506],[-0.278987273020479,51.4826936485109],[-0.278627412381318,51.4826883687678],[-0.278635868110689,51.4824636740147],[-0.278276009349976,51.4824583932195],[-0.2782844667383,51.4822336985079],[-0.277924609856031,51.4822284166607],[-0.277933068903263,51.4820037219905],[-0.277941527840686,51.4817790273102],[-0.277581674605528,51.4817737444625],[-0.277590135201792,51.4815490498237],[-0.277230283845045,51.4815437659241],[-0.277238746100105,51.4813190713266],[-0.277247208245315,51.4810943767191],[-0.276887360535575,51.4810890918192],[-0.276895824339514,51.4808643972531],[-0.276904288033584,51.480639702677],[-0.276544443970775,51.4806344167766],[-0.276552909323507,51.4804097222419],[-0.276561374566351,51.4801850276972],[-0.276921215092124,51.4801903134946],[-0.276929678456598,51.4799656188883],[-0.276938141711211,51.479740924272],[-0.276946604855963,51.4795162296455],[-0.276955067890859,51.4792915350091],[-0.276595234438882,51.4792862494177],[-0.276586769635573,51.4795109440027],[-0.276226934524995,51.4795056572565],[-0.276235401096719,51.4792809627231],[-0.27624386755854,51.4790562681796],[-0.275884036094599,51.4790509804331],[-0.275892504214886,51.478826285931],[-0.275900972225253,51.4786015914189],[-0.275909440125701,51.4783768968968],[-0.275549614076637,51.4783716082015],[-0.275558083635463,51.4781469137208],[-0.275917907916232,51.4781522023645],[-0.275926375596847,51.4779275078223],[-0.27593484316755,51.4777028132699],[-0.275943310628341,51.4774781187075],[-0.275583491652321,51.4774728302184],[-0.275591960771406,51.4772481356975],[-0.275600429780561,51.4770234411665],[-0.275240614450787,51.4770181516772],[-0.275249085118169,51.4767934571877],[-0.275608898679788,51.4767987466254],[-0.275617367469088,51.4765740520743],[-0.275257555675603,51.4765687626881],[-0.274897743991998,51.4765634721986],[-0.274906216207592,51.4763387777405],[-0.274546406401997,51.4763334861994],[-0.274554880275706,51.4761087917828],[-0.274563354039425,51.4758840973561],[-0.274571827693156,51.4756594029194],[-0.274580300907186,51.4754347097762],[-0.274220498259334,51.4754294174359],[-0.274228972496582,51.4752047268479],[-0.274237446624047,51.4749800362487],[-0.27387764761246,51.4749747429548],[-0.273886123393387,51.4747500524187],[-0.27389459906451,51.4745253618715],[-0.273534803689112,51.4745200676239],[-0.273526326254771,51.4747447580969],[-0.27316652922591,51.4747394626731],[-0.273175008423466,51.4745147722743],[-0.273183487511176,51.4742900818644],[-0.27354328101363,51.4742953771397],[-0.273551758228327,51.4740706866445],[-0.273560235333205,51.473845996138],[-0.273568712328265,51.4736213056205],[-0.27320892411525,51.4736160105678],[-0.273217402763597,51.4733913201133],[-0.273225881302106,51.4731666296477],[-0.273234359730781,51.472941939171],[-0.272874576916763,51.4729366432389],[-0.272883056998636,51.4727119528252],[-0.272891536970655,51.4724872624005],[-0.273251316258634,51.4724925581841],[-0.273611095656371,51.4724978528657],[-0.273970875163841,51.4725031464454],[-0.273962400480852,51.4727278370928],[-0.273953925688077,51.4729525277291],[-0.273945450785515,51.4731772183543],[-0.273936975773164,51.4734019089683],[-0.273928500651023,51.4736265995712],[-0.274288289083501,51.4736318924199],[-0.274648077625678,51.4736371841665],[-0.274639605920001,51.4738618749067],[-0.274999396334985,51.4738671656255],[-0.274990926282713,51.4740918564287],[-0.275350718570507,51.4740971461197],[-0.275710510967935,51.4741024347086],[-0.275718977493893,51.4738777437571],[-0.27572744391017,51.4736530527944],[-0.275735910216768,51.4734283618205],[-0.276095697434395,51.4734336490849],[-0.276104161868225,51.4732089580258],[-0.276112626192403,51.4729842669556],[-0.276472409993449,51.4729895529697],[-0.276463947432341,51.473214244114],[-0.276455484761604,51.4734389352473],[-0.276815272198373,51.4734442203076],[-0.276806811181123,51.4736689115039],[-0.277166600490549,51.4736741955363],[-0.27752638990949,51.4736794784668],[-0.277517932308917,51.4739041698002],[-0.277877723600498,51.4739094517027],[-0.277869267653528,51.4741341430991],[-0.278229060817751,51.4741394239736],[-0.278588854091426,51.4741447037461],[-0.278597306512052,51.4739200122015],[-0.27895709813198,51.4739252907978],[-0.278965548679956,51.473700599168],[-0.279325338646134,51.4737058765882],[-0.279333787321505,51.4734811848732],[-0.279342235887428,51.4732564931471],[-0.279350684343903,51.4730318014098],[-0.279359132690934,51.4728071096614],[-0.279367580928522,51.4725824179019],[-0.279727362188642,51.4725876938498],[-0.279735808553769,51.4723630020051],[-0.27974425480948,51.4721383101493],[-0.279752700955776,51.4719136182823],[-0.27976114699266,51.4716889264043],[-0.279769592920132,51.4714642345151],[-0.279778038738195,51.4712395426148],[-0.279786484446851,51.4710148507034],[-0.279794930046102,51.4707901587809],[-0.279803375535949,51.4705654668472],[-0.28016314103905,51.4705707410265],[-0.280171584656679,51.4703460490077],[-0.280180028164933,51.4701213569777],[-0.280188471563811,51.4698966649367],[-0.280196914853316,51.4696719728845],[-0.28020535803345,51.4694472808212],[-0.280213801104213,51.4692225887467],[-0.28022224406561,51.4689978966612],[-0.280230686917641,51.4687732045645],[-0.280239129660308,51.4685485124567],[-0.279879380021727,51.4685432389438],[-0.279870935516426,51.4687679309776],[-0.279511184224528,51.4687626562888],[-0.279502737847187,51.4689873482374],[-0.279494291360435,51.4692120401748],[-0.279134536652546,51.4692067642361],[-0.278774782054022,51.4692014871954],[-0.278783232066122,51.4689767954061],[-0.278423479339656,51.4689715173377],[-0.278063726722599,51.4689662381674],[-0.277703974214973,51.4689609578953],[-0.2773442218168,51.4689556765214],[-0.277335764754025,51.4691803680143],[-0.276976010702665,51.4691750854643],[-0.276967551767654,51.469399776872],[-0.276959092723068,51.4696244682686],[-0.276950633568906,51.469849159654],[-0.276590874338924,51.4698438757798],[-0.276599335255816,51.4696191844685],[-0.27660779606311,51.4693944931461],[-0.276248040468092,51.4693892083183],[-0.275888284982622,51.4693839223887],[-0.27587982064992,51.4696086135628],[-0.275520063511319,51.4696033264571],[-0.275511597306247,51.469828017546],[-0.27515183851452,51.4698227292643],[-0.274792079832413,51.4698174398807],[-0.274783609992182,51.4700421308101],[-0.274423849656977,51.4700368402504],[-0.274415377944264,51.4702615310945],[-0.274055615955964,51.4702562393588],[-0.274047142370723,51.4704809301175],[-0.274038668675716,51.4707056208652],[-0.27439843418961,51.4707109127493],[-0.274389962147666,51.47093560356],[-0.274030194870941,51.4709303116017],[-0.274021720956395,51.471155002327],[-0.273661952026516,51.4711497091926],[-0.273653476239324,51.4713743998326],[-0.273293705656295,51.4713691055221],[-0.273302183206361,51.4711444149562],[-0.272942414495951,51.471139119618],[-0.272933935183013,51.4713638101096],[-0.272574164819503,51.4713585135951],[-0.272565683633832,51.4715832040013],[-0.272205911617224,51.4715779063107],[-0.272197428558772,51.4718025966316],[-0.271837654889071,51.4717972977648],[-0.271829169957794,51.4720219880002],[-0.271469394635004,51.4720166879572],[-0.271460907830855,51.4722413781073],[-0.271101130854979,51.4722360768881],[-0.271109619422081,51.4720113868123],[-0.270749844319048,51.4720060845654],[-0.270741353988995,51.4722307745669],[-0.270732863548955,51.4724554645573],[-0.271092642177913,51.4724607669527],[-0.271084153390882,51.4726854570062],[-0.270724372998927,51.4726801545365],[-0.270715882338908,51.4729048445046],[-0.270356100293854,51.4728995408586],[-0.270347607760802,51.4731242307413],[-0.269987824062653,51.473118925919],[-0.269996318358743,51.4728942361106],[-0.270004812544795,51.4726695462911],[-0.27036459271689,51.4726748509648],[-0.270373085029914,51.4724501610598],[-0.270013306620812,51.4724448564604],[-0.270021800586794,51.4722201666186],[-0.269662024050622,51.4722148609916],[-0.269670519669518,51.471990171213],[-0.269310745006273,51.4719848645583],[-0.268950970453033,51.4719795568016],[-0.268959469487714,51.4717548671605],[-0.268599696807418,51.4717495583762],[-0.26823992423717,51.47174424849],[-0.268248426687541,51.4715195589864],[-0.267888656312472,51.4715142491888],[-0.267897160427804,51.4712895597011],[-0.26753739196303,51.4712842489048],[-0.267177623609394,51.4712789370056],[-0.267186131182527,51.4710542476145],[-0.266826364724546,51.4710489346657],[-0.266466598377747,51.471043620614],[-0.266475109408585,51.4708189313194],[-0.266115344957458,51.4708136162182],[-0.265755580617558,51.4708083000141],[-0.265395816388908,51.4708029827071],[-0.265404332661792,51.4705782935625],[-0.265044570328852,51.470572975206],[-0.264684808107207,51.4705676557467],[-0.26432504599688,51.4705623351844],[-0.264333567511656,51.4703376461898],[-0.263973807297078,51.4703323245781],[-0.263614047193862,51.4703270018636],[-0.26325428720203,51.4703216780462],[-0.262894527321608,51.4703163531259],[-0.262534767552617,51.4703110271027],[-0.26217500789508,51.4703056999767],[-0.261815248349022,51.4703003717478],[-0.261455488914464,51.4702950424161],[-0.26109572959143,51.4702897119815],[-0.260735970379943,51.470284380444],[-0.260376211280026,51.4702790478037],[-0.260016452291702,51.4702737140605],[-0.260024995107559,51.4700490256973],[-0.260033537811731,51.469824337324],[-0.259673782503724,51.469819002585],[-0.259314027307353,51.4698136667432],[-0.259305481034504,51.4700383550095],[-0.259296934649926,51.4702630432656],[-0.259288388153615,51.4704877315116],[-0.258928627715828,51.4704823944064],[-0.258568867389729,51.4704770561982],[-0.258209107175341,51.4704717168872],[-0.257849347072686,51.4704663764734],[-0.257840793327037,51.470691064495],[-0.257481031551742,51.4706857229247],[-0.25712126988823,51.4706803802515],[-0.257112712461915,51.4709050681558],[-0.256752949125792,51.4708997243262],[-0.256393185901499,51.4708943793937],[-0.256384624794433,51.4711190671806],[-0.256024859897558,51.4711137210917],[-0.255665095112561,51.4711083738998],[-0.255656530324658,51.4713330615693],[-0.255296763867109,51.471327713221],[-0.254936997521486,51.4713223637697],[-0.254928429052658,51.4715470513218],[-0.254568661034511,51.4715417007141],[-0.254208893128339,51.4715363490034],[-0.254200320978501,51.471761036438],[-0.253840551399834,51.4717556835708],[-0.253831977353412,51.4719803709416],[-0.253472206102255,51.4719750169178],[-0.253463630159204,51.4721997042247],[-0.253103857235559,51.4721943490443],[-0.253095279395834,51.4724190362874],[-0.253086701443966,51.4726437235203],[-0.252726925063259,51.4726383671296],[-0.252718345214645,51.4728630542987],[-0.252358567161438,51.4728576967514],[-0.252349985416032,51.4730823838565],[-0.251990205690329,51.4730770251526],[-0.251981622048084,51.4733017121939],[-0.251621840649889,51.4732963523332],[-0.25161325511076,51.4735210393106],[-0.251604669459387,51.4737457262778],[-0.25124488525601,51.4737403646843],[-0.25123629772405,51.4739650516186],[-0.251227710079766,51.474189738545],[-0.250867922491331,51.4741843757767],[-0.250859332948895,51.4744090626902],[-0.25085074329411,51.4746337495958],[-0.250490952246278,51.4746283857119],[-0.250482360693269,51.4748530726046],[-0.250473769027883,51.4750777594894],[-0.250113974520594,51.47507239449],[-0.250105380956913,51.4752970813618],[-0.250096787275261,51.4755217683407],[-0.25008819335159,51.4757464579854],[-0.249728393606605,51.475741091736],[-0.249719797789228,51.4759657813034],[-0.249711201859633,51.47619047086],[-0.249702605817818,51.4764151604058],[-0.249694009663781,51.4766398499409],[-0.24968541339752,51.4768645394651],[-0.249325604856896,51.4768591717805],[-0.249317006696782,51.4770838612275],[-0.248957196486714,51.4770784923739],[-0.248948596432703,51.4773031817434],[-0.248939996266416,51.4775278711022],[-0.248931395987852,51.4777525604502],[-0.248922795597008,51.4779772497875],[-0.248562978372425,51.4779718795651],[-0.248554376087562,51.478196568825],[-0.248545773690394,51.4784212580741],[-0.248537171180917,51.4786459473124],[-0.24852856855913,51.4788706365399],[-0.248888392910803,51.4788760070285],[-0.249248217374698,51.4788813764145],[-0.249239618204262,51.4791060657643],[-0.248879791958534,51.4791006963117],[-0.248871190893975,51.4793253855842],[-0.248862589717123,51.4795500748459],[-0.248853988427976,51.4797747640969],[-0.248845387026532,51.479999453337],[-0.24848555376548,51.4799940825156],[-0.248494156948845,51.479769393342],[-0.248134325581967,51.4797640214845],[-0.248125720616682,51.4799887105915],[-0.248117115539052,51.4802133996877],[-0.248108510349076,51.4804380887731],[-0.248099905046751,51.4806627778478],[-0.247740066664339,51.4806574046213],[-0.247731459467655,51.4808820936186],[-0.247722852158594,51.481106782605],[-0.247714244737158,51.4813314715807],[-0.247705637203342,51.4815561605456],[-0.247345791805066,51.4815507859502],[-0.247337182376769,51.4817754748376],[-0.247328572836066,51.4820001637143],[-0.247319963182955,51.4822248525802],[-0.247311353417435,51.4824495414354],[-0.246951501002966,51.4824441654708],[-0.246942889342844,51.4826688542485],[-0.246934277570285,51.4828935430155],[-0.246925665685289,51.4831182317716],[-0.246565808036554,51.4831128545045],[-0.246557194256859,51.4833375431832],[-0.246548580364699,51.4835622318511],[-0.246539966360071,51.4837869205083],[-0.2461801034769,51.4837815419386],[-0.246171484075324,51.4840062299455],[-0.245811619632958,51.4840008502264],[-0.245802996941092,51.4842255379305],[-0.245443130819906,51.4842201570429],[-0.2454345062233,51.4844448446708],[-0.245074638423298,51.4844394626149],[-0.245066011921906,51.4846641501664],[-0.245057385307494,51.4848888377072],[-0.245417256691102,51.4848942198942],[-0.245408631755505,51.4851189074898],[-0.245400006706907,51.4853435950747],[-0.245391381545307,51.4855682826488],[-0.245031504786118,51.4855629002652],[-0.245022877719607,51.485787587763],[-0.245014250540065,51.4860122752501],[-0.244654370310032,51.4860068916325],[-0.244645741225508,51.4862315790433],[-0.24428585931654,51.4862261942573],[-0.244277228326987,51.4864508815918],[-0.244268597224353,51.4866755689155],[-0.243908711844461,51.4866701828955],[-0.243900078836727,51.4868948701429],[-0.243540191777887,51.4868894829543],[-0.243531556865007,51.4871141701254],[-0.243171668127223,51.4871087817683],[-0.24316303130915,51.4873334688631],[-0.242803140892427,51.4873280793374],[-0.242794502169115,51.4875527663559],[-0.242434610073456,51.4875473756617],[-0.242425969444861,51.4877720626038],[-0.242066075670269,51.487766670741],[-0.242057433136343,51.4879913576067],[-0.241697537682823,51.4879859645754],[-0.241688893243519,51.4882106513647],[-0.241328996111075,51.4882052571647],[-0.240969099091874,51.4881998618618],[-0.240960450954985,51.4884245485091],[-0.240600552256889,51.4884191520376],[-0.24059190221451,51.4886438386085],[-0.240232001837522,51.4886384409683],[-0.239872101573851,51.4886330422251],[-0.239863447833732,51.4888577286539],[-0.239503545891199,51.4888523287421],[-0.23914364406203,51.4888469277273],[-0.238783742346249,51.4888415256094],[-0.238423840743878,51.4888361223886],[-0.238415179721495,51.4890608085439],[-0.238055276440342,51.4890554041544],[-0.237695373272648,51.4890499986619],[-0.237335470218436,51.4890445920664],[-0.23697556727773,51.4890391843679],[-0.236615664450552,51.4890337755664],[-0.236255761736926,51.4890283656619],[-0.235895859136874,51.4890229546545],[-0.235535956650422,51.489017542544],[-0.235176054277591,51.4890121293306],[-0.234816152026613,51.4890067147484],[-0.234824830965895,51.4887820292749],[-0.234464930625857,51.4887766128172],[-0.234105030398548,51.4887711952561],[-0.23374513028399,51.4887657765915],[-0.233385230282206,51.4887603568234],[-0.233393916197872,51.4885356715603],[-0.233034018081162,51.4885302507439],[-0.23267412007727,51.488524828824],[-0.232682809424609,51.488300143661],[-0.232322913305809,51.4882947206929],[-0.23196301729987,51.4882892966213],[-0.231971710078785,51.4880646115585],[-0.231611815957955,51.4880591864386],[-0.231251921950031,51.4880537602154],[-0.231260618160425,51.4878290752527],[-0.231269314257853,51.4876043902799],[-0.231278010242321,51.4873797052967],[-0.230918121663846,51.4873742781357],[-0.230909423907229,51.4875989630636],[-0.230549533669552,51.4875935347439],[-0.230558233198319,51.4873688498713],[-0.23019834484576,51.4873634205034],[-0.230207046033644,51.4871387356758],[-0.229847159566199,51.4871333052598],[-0.229855862413154,51.4869086204772],[-0.229864565147062,51.4866839356843],[-0.229504682336802,51.4866785042754],[-0.229513386729714,51.4864538195276],[-0.229153505804535,51.4864483870706],[-0.229162211856407,51.4862237023678],[-0.228802332816306,51.4862182688627],[-0.228811040527091,51.4859935842049],[-0.228819748124767,51.4857688995369],[-0.228459872741717,51.485763465039],[-0.228468581998239,51.485538780416],[-0.228828455609335,51.4855442148586],[-0.228837162980798,51.4853195301701],[-0.228845870239157,51.4850948454713],[-0.228854577384414,51.4848701607623],[-0.228494709089043,51.4848647264856],[-0.2284860001719,51.4850894111393],[-0.228126130217731,51.485083975704],[-0.227766260376672,51.4850785391654],[-0.22777497283758,51.4848538546223],[-0.22778368518532,51.4846291700689],[-0.22742381900113,51.4846237325376],[-0.227432533007537,51.4843990480293],[-0.227792397419893,51.4844044855053],[-0.227801109541301,51.4841798009314],[-0.227441246900756,51.4841743635107],[-0.227449960680791,51.4839496789819],[-0.227458671379314,51.4837249942121],[-0.227467379406579,51.4835003092325],[-0.227476087321472,51.4832756242418],[-0.227116231704476,51.4832701859702],[-0.227124941262045,51.48304550104],[-0.227133650707223,51.4828208160988],[-0.227493502814148,51.4828262542274],[-0.227853355033375,51.4828316912537],[-0.227862060856158,51.4826070061584],[-0.227502210391935,51.4826015692037],[-0.227142360040012,51.4825961311465],[-0.227151069260413,51.4823714461832],[-0.227159778368428,51.4821467612089],[-0.227168487364059,51.4819220762235],[-0.227177196247309,51.4816973912271],[-0.22681735302748,51.4816919523535],[-0.226826063553236,51.4814672674175],[-0.226834773966592,51.4812425824705],[-0.226843484267548,51.4810178975125],[-0.227203322222787,51.4810233361716],[-0.227563160290335,51.4810287737283],[-0.227554453499062,51.4812534588293],[-0.227914293433741,51.4812588953552],[-0.228274133480687,51.4812643307786],[-0.228633973639875,51.4812697650996],[-0.228993813911284,51.4812751983182],[-0.229353654294891,51.4812806304344],[-0.229713494790674,51.4812860614482],[-0.230073335398609,51.4812914913596],[-0.230064640779092,51.4815161769498],[-0.230424483254038,51.4815216058302],[-0.230784325841092,51.4815270336082],[-0.231144168540233,51.4815324602838],[-0.231152857895102,51.4813077744794],[-0.231512698951421,51.4813131999812],[-0.231872540119779,51.4813186243806],[-0.232232381400153,51.4813240476775],[-0.232223697309949,51.4815487336961],[-0.232583540457209,51.481554155962],[-0.232943383716443,51.4815595771255],[-0.233303227087627,51.4815649971865],[-0.233663070570738,51.4815704161452],[-0.233671747641364,51.4813457298412],[-0.234031589481481,51.4813511476261],[-0.234391431433478,51.4813565643085],[-0.234751273497334,51.4813619798886],[-0.234742601691414,51.4815866664065],[-0.23510244523714,51.4815920802396],[-0.235093775105397,51.4818167668467],[-0.235453620235335,51.4818221790662],[-0.235462288585021,51.4815974923922],[-0.235470956821541,51.4813728057074],[-0.235479624944899,51.4811481190117],[-0.235488292955097,51.4809234323053],[-0.235848131070039,51.4809288431546],[-0.235856797185109,51.4807041563705],[-0.235865463187046,51.4804794695755],[-0.235874129075851,51.4802547827697],[-0.235882794851526,51.4800300959532],[-0.2362426259518,51.4800355054323],[-0.236251289832469,51.4798108185381],[-0.236259953600035,51.479586131633],[-0.236268617254499,51.4793614447171],[-0.236277280795864,51.4791367577904],[-0.2366371048818,51.4791421658995],[-0.236645766528281,51.4789174788952],[-0.236654428061688,51.47869279188],[-0.236663089482025,51.478468104854],[-0.236671750789294,51.4782434178172],[-0.237031567861222,51.4782488245564],[-0.237040227273726,51.4780241374419],[-0.237048886573189,51.4777994503166],[-0.237057545759611,51.4775747631805],[-0.237066204832996,51.4773500760337],[-0.237426014891244,51.4773554814029],[-0.237434672069985,51.4771307941784],[-0.237443329135715,51.4769061069431],[-0.237451986088436,51.4766814196969],[-0.237460642928151,51.4764567324399],[-0.23746929965486,51.4762320451722],[-0.237109498504418,51.4762266401371],[-0.236749697466939,51.4762212339995],[-0.236758357643628,51.4759965468546],[-0.236767017707269,51.4757718596989],[-0.23712681518179,51.4757772657028],[-0.23713547335094,51.4755525784694],[-0.236775677657864,51.4755471725324],[-0.236784337520996,51.475322485793],[-0.237144131428242,51.4753278917013],[-0.237503925448657,51.4753332965042],[-0.23786371958222,51.4753387002017],[-0.238223513828907,51.4753441027939],[-0.238583308188695,51.4753495042807],[-0.238591959013834,51.475124817585],[-0.238600609725832,51.4749001308814],[-0.238960400626965,51.4749055312521],[-0.238969049439994,51.4746808445353],[-0.238609260324692,51.47467544417],[-0.238617910810416,51.4744507574508],[-0.238626561183006,51.4742260707237],[-0.238266775752368,51.4742206692639],[-0.238275427797586,51.4739959825343],[-0.23828407972965,51.4737712957969],[-0.237924297983599,51.4737658932426],[-0.237932951588225,51.4735412065028],[-0.237941605079678,51.4733165197551],[-0.237581827018136,51.4733111161064],[-0.237590482182084,51.4730864293563],[-0.23759913723284,51.4728617425984],[-0.23723936285573,51.4728563378552],[-0.237248019578913,51.4726316510948],[-0.237256676188885,51.4724069643266],[-0.237265332685649,51.4721822775506],[-0.236905563778464,51.4721768717185],[-0.236914221947566,51.47195218494],[-0.236554454939092,51.4719467780081],[-0.236194688043804,51.471941369971],[-0.235834921261728,51.4719359608287],[-0.235475154592885,51.4719305505811],[-0.235115388037299,51.4719251392283],[-0.234755621113068,51.4719197264823],[-0.234764289916524,51.4716950397571],[-0.234404524211109,51.4716896255257],[-0.234044758619779,51.4716842101904],[-0.233684993142556,51.4716787937513],[-0.233693667235518,51.4714541071217],[-0.234053430911533,51.4714595235258],[-0.234062103089119,51.4712348368519],[-0.234421865078053,51.4712402521173],[-0.234781627181066,51.471245666279],[-0.235141388647656,51.4712510789278],[-0.235150055291098,51.4710263921453],[-0.235509814704768,51.4710318034762],[-0.235869574231689,51.4710372137018],[-0.236229333871835,51.4710426228223],[-0.236220672584732,51.4712673096212],[-0.23658043412353,51.471272717642],[-0.236571774508632,51.4714974044385],[-0.236931537946088,51.4715028113595],[-0.23692288000344,51.4717274981537],[-0.237282645339556,51.4717329039749],[-0.237642410788811,51.4717383086909],[-0.238002176351183,51.4717437123017],[-0.238361942026647,51.4717491148072],[-0.238721707815182,51.4717545162075],[-0.239081473716764,51.4717599165026],[-0.239441239731369,51.4717653156925],[-0.239449885175477,51.4715406288605],[-0.239809649517569,51.4715460269397],[-0.240169413972637,51.4715514239138],[-0.240529178540657,51.4715568197827],[-0.240537818515225,51.4713321329266],[-0.240897581410678,51.4713375276849],[-0.241257344419036,51.471342921338],[-0.241617107540274,51.4713483138859],[-0.241976870774371,51.4713537053286],[-0.242336634121303,51.471359095666],[-0.242328003074235,51.4715837825487],[-0.242687768319485,51.4715891717863],[-0.243047533677524,51.4715945599186],[-0.243407299148332,51.4715999469458],[-0.243415924838876,51.4713752600472],[-0.243775688636915,51.4713806459638],[-0.244135452547674,51.4713860307753],[-0.24449521657113,51.4713914144815],[-0.244503836792394,51.4711667275593],[-0.244512456900921,51.4709420406291],[-0.244152696448428,51.4709366569334],[-0.244161318229667,51.4707119700007],[-0.24380155967531,51.4707065852051],[-0.243810183129215,51.4704818982699],[-0.243818806470341,51.4702572113268],[-0.244178561453878,51.4702625961118],[-0.244187182896854,51.4700379091556],[-0.243827429698693,51.4700325243758],[-0.243836052814272,51.469807837417],[-0.243844675817079,51.4695831504503],[-0.243853298707117,51.4693584634758],[-0.244213046549289,51.4693638482398],[-0.244221667541276,51.4691391612522],[-0.244581413710842,51.4691445449058],[-0.244590032804824,51.4689198579051],[-0.244949777301779,51.4689252404483],[-0.244958394497802,51.4687005534345],[-0.245318137322143,51.4687059348673],[-0.245326752620254,51.4684812478404],[-0.245686493771976,51.4684866281629],[-0.245695107172219,51.4682619411229],[-0.24570372045982,51.468037254075],[-0.245343982878473,51.468031873763],[-0.245352597838585,51.4678071867125],[-0.244992862154987,51.4678018053007],[-0.245001478787566,51.4675771182476],[-0.245361212686036,51.4675824996542],[-0.245720946697101,51.4675878799558],[-0.246080680820736,51.4675932591523],[-0.246089291985311,51.4673685720757],[-0.246449024436383,51.4673739501619],[-0.246440415056919,51.4675986372438],[-0.246431805564864,51.4678233243178],[-0.246791541698707,51.4678287013094],[-0.246800149405627,51.4676040142302],[-0.246808756999978,51.4673793271431],[-0.247168489676072,51.4673847030193],[-0.247177095408353,51.4671600158041],[-0.247185701391794,51.4669353274055],[-0.247545430617883,51.4669407021631],[-0.247554034720694,51.4667160137181],[-0.24791376228959,51.4667213873353],[-0.247922364511817,51.4664966988439],[-0.247930966622329,51.4662720103431],[-0.248290690765205,51.4662773827827],[-0.248299290995204,51.4660526942355],[-0.248307891113516,51.465828005679],[-0.248316491120143,51.4656033171131],[-0.2486762100683,51.4656086883382],[-0.248684808194509,51.4653839997259],[-0.248693406209058,51.4651593111042],[-0.24905312173136,51.4651646811518],[-0.249412837365231,51.4651700500961],[-0.249772553110649,51.4651754179368],[-0.25013226896759,51.4651807846741],[-0.25049198493603,51.465186150308],[-0.25085170101595,51.4651915148384],[-0.251211417207323,51.4651968782654],[-0.251571133516663,51.4652022405718],[-0.251930850553859,51.4652076001581],[-0.252290567703174,51.4652129586389],[-0.252650284964586,51.4652183160143],[-0.253010002338071,51.4652236722842],[-0.253369719823605,51.4652290274486],[-0.253729437421168,51.4652343815076],[-0.254089155130733,51.4652397344612],[-0.254097726410056,51.4650150455327],[-0.254106297577334,51.4647903565968],[-0.25411486863257,51.4645656676536],[-0.254474581102017,51.4645710195171],[-0.254483150261226,51.4643463305717],[-0.254842861058636,51.464351681335],[-0.255202571967973,51.4643570309928],[-0.255562282989215,51.4643623795452],[-0.255570846684504,51.464137690608],[-0.255579410267848,51.4639130016634],[-0.255939117833049,51.4639183491207],[-0.255947679520525,51.4636936601739],[-0.256307385413653,51.4636990065311],[-0.256315945205306,51.4634743175822],[-0.256324504885066,51.4632496286259],[-0.256684207322233,51.463254973888],[-0.256692765106242,51.4630302849296],[-0.257052465871348,51.4630356290916],[-0.257061021759651,51.462810940131],[-0.257069577536113,51.4625862511631],[-0.257078133200736,51.4623615621877],[-0.257437828726163,51.4623669052601],[-0.257446382495176,51.4621422162826],[-0.257454936152377,51.4619175272978],[-0.257814628222027,51.4619228692752],[-0.257823179983689,51.4616981802883],[-0.257831731633565,51.461473491294],[-0.258191420247499,51.4614788321766],[-0.258199970001907,51.4612541431802],[-0.258208519644557,51.4610294541764],[-0.258217069175449,51.4608047651652],[-0.258576752550088,51.4608101049583],[-0.258936436036392,51.4608154436461],[-0.258944981888293,51.4605907546381],[-0.259304663702619,51.4605960922258],[-0.259313207659215,51.4603714032158],[-0.259672887801558,51.4603767397035],[-0.260032568055493,51.4603820750861],[-0.260392248420997,51.4603874093633],[-0.260751928898047,51.4603927425353],[-0.260743392075862,51.4606174315242],[-0.261103074448042,51.4606227635856],[-0.26111160948662,51.460398074602],[-0.261471290186693,51.4604034055634],[-0.261479823330117,51.4601787165778],[-0.261488356362,51.4599540275848],[-0.261496889282341,51.4597293385844],[-0.261505422091145,51.4595046495767],[-0.261865095768479,51.4595099794542],[-0.26187362668225,51.4592852904444],[-0.261882157484509,51.4590606014273],[-0.261890688204495,51.4588359123328],[-0.262250356629325,51.4588412411533],[-0.262258886024358,51.4586165506868],[-0.262267415308575,51.4583918602111],[-0.262275944481976,51.4581671697262],[-0.262284473544565,51.4579424792322],[-0.262293002496343,51.4577177887289],[-0.262301531337312,51.4574930982165],[-0.262310060067475,51.4572684076949],[-0.262669716217673,51.4572737351828],[-0.26267824306778,51.4570490446192],[-0.262686769807107,51.4568243540466],[-0.263046422529542,51.4568296803655],[-0.263406075362668,51.4568350055812],[-0.2633975521618,51.4570596962193],[-0.263757206874826,51.4570650203644],[-0.263765728306462,51.4568403296935],[-0.264125381360901,51.4568456527025],[-0.264485034525963,51.4568509746081],[-0.264844687801625,51.4568562954105],[-0.265204341187863,51.4568616151095],[-0.265563994684653,51.4568669337052],[-0.265555482099209,51.4570916245397],[-0.265915137475774,51.4570969420647],[-0.26627479296285,51.4571022584864],[-0.266283302009806,51.4568775675866],[-0.266642955838122,51.4568828828723],[-0.266651463005303,51.4566581919306],[-0.267011115174854,51.4566635060803],[-0.267370767454843,51.4566688191267],[-0.267730419845246,51.4566741310698],[-0.267738921594285,51.456449440021],[-0.26809857232587,51.4564547508282],[-0.268458223685986,51.4564600597281],[-0.268817875462178,51.4564653670508],[-0.269177527349672,51.4564706732691],[-0.269537179348445,51.4564759783829],[-0.269896831458474,51.4564812823924],[-0.270256483679737,51.4564865852974],[-0.270616136012209,51.4564918870981],[-0.270607648534346,51.4567165782854],[-0.27059916094523,51.4569412694647],[-0.270958816968815,51.4569465701799],[-0.271318473103568,51.4569518697906],[-0.271326957112732,51.4567271785924],[-0.27168661156865,51.4567324770893],[-0.272046266135687,51.4567377744817],[-0.27240592081382,51.4567430707698],[-0.272765575603025,51.4567483659534],[-0.273125230503279,51.4567536600326],[-0.273133705451437,51.456528968779],[-0.273493358672752,51.4565342617444],[-0.273853012005069,51.4565395536053],[-0.273861483262249,51.4563148623249],[-0.274221134915597,51.456320153072],[-0.274580786679898,51.4563254427147],[-0.274940438555128,51.4563307312531],[-0.274931972667792,51.4565554225617],[-0.27492350666948,51.4567801138622],[-0.275283162235543,51.4567854013149],[-0.27529162644388,51.456560710005],[-0.275651280330854,51.4565659963438],[-0.27601093432869,51.4565712815783],[-0.276002473700308,51.456795972907],[-0.276362129598963,51.4568012570464],[-0.276353670649677,51.4570259483763],[-0.276345211589503,51.4572506396981],[-0.275985552110818,51.45724535554],[-0.275977091149706,51.4574700468444],[-0.275617429991816,51.4574647615725],[-0.275257768944797,51.4574594751962],[-0.274898108008671,51.4574541877154],[-0.274906574339921,51.4572294964391],[-0.27491504056019,51.4570048051547],[-0.274555383315041,51.4569995165882],[-0.274546915304753,51.4572242078632],[-0.27453844718346,51.4574488991302],[-0.274529978951161,51.457673590389],[-0.274170316446826,51.4576683006899],[-0.274161846313433,51.4578929919313],[-0.274153376069007,51.4581176831647],[-0.274144905713545,51.4583423743899],[-0.274136435247046,51.4585670656071],[-0.274496104911865,51.4585723553437],[-0.274855774687633,51.4585776439759],[-0.275215444574325,51.4585829315035],[-0.275575114571921,51.4585882179267],[-0.275934784680395,51.4585935032454],[-0.276294454899725,51.4585987874596],[-0.276302914625262,51.4583740961862],[-0.276662583165257,51.4583793792865],[-0.27702225181606,51.4583846612824],[-0.277381920577648,51.4583899421738],[-0.277741589449997,51.4583952219607],[-0.278101258433084,51.4584005006431],[-0.278092807658401,51.4586251919631],[-0.27845247854238,51.4586304695503],[-0.278812149537051,51.458635746033],[-0.278803702256809,51.4588604373204],[-0.278795255247605,51.4590851279357],[-0.279154929927222,51.4590904033663],[-0.279514604716806,51.4590956776946],[-0.279506161149073,51.4593203684112],[-0.279865837824371,51.4593256416929],[-0.279857395922413,51.459550332455],[-0.280217074483427,51.4595556046901],[-0.280576753154343,51.4595608758229],[-0.280568314694024,51.4597855666862],[-0.280927995250641,51.4597908367724],[-0.280919558456212,51.4600155276812],[-0.281279240898532,51.4600207967207],[-0.28127080577004,51.460245487675],[-0.281630490098066,51.4602507556679],[-0.281622056635559,51.4604754466676],[-0.281981742849295,51.4604807136138],[-0.282341429172827,51.4604859794577],[-0.282332999152267,51.4607106705586],[-0.282692687361492,51.4607159353557],[-0.282684259007031,51.460940626502],[-0.282675830542747,51.461165317638],[-0.283035522413638,51.4611705814442],[-0.283395214394261,51.4611758441479],[-0.283386789372136,51.461400535385],[-0.283746483238463,51.461405797042],[-0.283738059882576,51.4616304883245],[-0.284097755634611,51.4616357489348],[-0.284457451496312,51.4616410084425],[-0.284465871300156,51.4614163170487],[-0.284474290994287,51.4611916256446],[-0.284482710578707,51.4609669342302],[-0.284123020045005,51.4609616748894],[-0.284131441295669,51.4607369835204],[-0.284139862436602,51.4605122921412],[-0.284499549418421,51.4605175513707],[-0.284507968673718,51.4602928599256],[-0.284516387819312,51.4600681684703],[-0.284524806855204,51.4598434770046],[-0.284533225781396,51.4596187855287],[-0.284541644597891,51.4593940940426],[-0.284901322815823,51.4593993519284],[-0.285261001619783,51.4594046117372],[-0.285620680532765,51.4594098704432],[-0.285980359554747,51.4594151280466],[-0.286340038685706,51.4594203845473],[-0.286348448572692,51.4591956928752],[-0.286356858350654,51.4589710011931],[-0.286365268130847,51.4587463095552],[-0.286724942082345,51.4587515648103],[-0.286733350150326,51.4585268731915],[-0.28674175811033,51.4583021815632],[-0.287101428685462,51.4583074356382],[-0.287461099368476,51.4583126886101],[-0.287820770159351,51.4583179404789],[-0.288180441058063,51.4583231912446],[-0.288540112064591,51.4583284409072],[-0.288899783178911,51.4583336894667],[-0.289259454401002,51.4583389369231],[-0.289251058635921,51.4585636288205],[-0.289610731707898,51.4585688752122],[-0.28961912573084,51.4583441832764],[-0.289627519645988,51.4581194913311],[-0.289267850058266,51.4581142450162],[-0.289276245607714,51.4578895530999],[-0.289284641049349,51.4576648611741],[-0.289293036383172,51.4574401692389],[-0.289301431609186,51.4572154772943],[-0.28930982672739,51.4569907853401],[-0.289318221737789,51.4567660933766],[-0.289326616640384,51.4565414014036],[-0.289335011435175,51.4563167094212],[-0.289343406122167,51.4560920174293],[-0.289351800701359,51.4558673254279],[-0.289360195172755,51.4556426334171],[-0.289719845598685,51.4556478793095],[-0.289711452869158,51.4558725713587],[-0.290071105144662,51.4558778161865],[-0.29007949613232,51.4556531240989],[-0.290087887012227,51.4554284320018],[-0.290447535911693,51.4554336756498],[-0.290455924942025,51.4552089835049],[-0.290464313864634,51.4549842913506],[-0.290823959388122,51.4549895338188],[-0.290832346461226,51.4547648416167],[-0.290472702679521,51.4547595991869],[-0.290481091386688,51.4545349070137],[-0.290121449454393,51.4545296635193],[-0.290129839795578,51.454304971375],[-0.289770199712689,51.454299726816],[-0.289778591687847,51.4540750347007],[-0.289786983555244,51.453850342576],[-0.290146620154732,51.4538555870582],[-0.290155010172706,51.4536308948856],[-0.290514645138192,51.4536361382265],[-0.290523033306786,51.453411446006],[-0.290882666638266,51.4534166882056],[-0.290891052957526,51.4531919959374],[-0.291250684654996,51.4531972369957],[-0.291259069124967,51.4529725446796],[-0.291618699188425,51.4529777845966],[-0.291978329359451,51.4529830234107],[-0.291986710238592,51.4527583310086],[-0.292346338775578,51.4527635686814],[-0.292354717805542,51.4525388762314],[-0.292363096727917,51.452314183772],[-0.292371475542705,51.4520894913031],[-0.29273109896258,51.4520947277581],[-0.292739475928285,51.4518700352415],[-0.293099097714154,51.4518752705553],[-0.293458719607493,51.4518805047662],[-0.293450346124792,51.4521051973595],[-0.293809969867082,51.4521104305058],[-0.294169593716799,51.4521156625493],[-0.29417796371649,51.4518909698794],[-0.294537585932104,51.4518962007818],[-0.294545954082839,51.4516715080642],[-0.294905574664345,51.4516767378254],[-0.29491394096617,51.4514520450601],[-0.294922307160573,51.4512273522853],[-0.294930673247556,51.4510026595011],[-0.295290288712087,51.4510078880446],[-0.295298652950253,51.4507831952128],[-0.295658266780711,51.4507884226152],[-0.295666629170106,51.4505637297356],[-0.295307017081027,51.4505585023714],[-0.295315384703875,51.4503338107634],[-0.295674995011758,51.4503390381048],[-0.295683361765863,51.4501143468266],[-0.296042970519124,51.4501195730903],[-0.296051335511704,51.4498948818339],[-0.295691728416484,51.4498896555421],[-0.295332121424702,51.4498844281443],[-0.295340489629859,51.4496597368253],[-0.295700094963623,51.4496649642512],[-0.295708461407282,51.4494402729539],[-0.296068065186483,51.449445499302],[-0.296427669069098,51.4494507245442],[-0.296436032093323,51.4492260332969],[-0.296795634421351,51.4492312574615],[-0.296787273055105,51.4494559486806],[-0.297146877144482,51.4494611717111],[-0.297138517332825,51.4496858628958],[-0.297498123183556,51.4496910847923],[-0.297857729137616,51.4496963055829],[-0.297849372538621,51.4499209967049],[-0.297841015836274,51.4501456878205],[-0.298200625209725,51.4501509074489],[-0.298192270062098,51.45037559853],[-0.298183916796848,51.4506002904059],[-0.297824303957129,51.4505950707615],[-0.29781595201604,51.4508197638704],[-0.2974563375421,51.4508145430849],[-0.297447983752363,51.4510392361462],[-0.297807599967715,51.4510444569699],[-0.297799247812153,51.4512691500599],[-0.298158865876111,51.451274369819],[-0.298167216290238,51.4510496766907],[-0.298526832719908,51.4510548953087],[-0.298535181285404,51.4508302021328],[-0.298894796080783,51.4508354196098],[-0.299254410983263,51.4508406359839],[-0.299262755958779,51.4506159427223],[-0.29962236922694,51.4506211579554],[-0.299630715220905,51.4503964658718],[-0.299990326768679,51.4504016799426],[-0.300349938419638,51.4504068929074],[-0.300358283618787,51.4501822019957],[-0.300717893714825,51.4501874138829],[-0.301077503914006,51.4501926246642],[-0.301069162031031,51.4504173155194],[-0.301428773991421,51.4504225251666],[-0.301420437173109,51.4506472175787],[-0.301060823369901,51.4506420078597],[-0.301052487101394,51.4508667013121],[-0.300692871663745,51.4508614904521],[-0.300684533546778,51.4510861838569],[-0.301044150725854,51.451091394755],[-0.301035814243281,51.4513160881885],[-0.301027477653671,51.4515407816126],[-0.300667856991672,51.4515355706382],[-0.300676195322754,51.4513108772523],[-0.30031657650922,51.4513056652132],[-0.300308236436666,51.451530358561],[-0.299948615988677,51.451525145381],[-0.299588995647727,51.451519931098],[-0.299597339203218,51.4512952378265],[-0.299237720710795,51.4512900224789],[-0.299229375413839,51.4515147157123],[-0.298869755287035,51.4515094992236],[-0.298510135267337,51.4515042816321],[-0.298501786380259,51.4517289747797],[-0.298493437385983,51.4519536679178],[-0.298485088284509,51.4521783610465],[-0.298844713528728,51.4521835787525],[-0.298836366061604,51.45240827191],[-0.299195993154489,51.4524134885513],[-0.299187647321762,51.4526381817375],[-0.299179301381875,51.4528628749142],[-0.299538932065032,51.4528680905289],[-0.299530587759607,51.4530927837344],[-0.299522243347042,51.4533174769304],[-0.299881877620545,51.4533226915186],[-0.299873534842508,51.4535473847433],[-0.300233170964738,51.4535525982667],[-0.300224829821274,51.4537772915201],[-0.299865191957349,51.4537720779586],[-0.299856848965066,51.4539967711645],[-0.300216488570709,51.4540019847641],[-0.300208147213041,51.4542266779987],[-0.300199805748268,51.4544513712239],[-0.300191464176389,51.4546760644396],[-0.300551109114363,51.4546812770507],[-0.300542769177186,51.4549059702951],[-0.30053442913292,51.4551306635301],[-0.300894077661561,51.4551358751145],[-0.300885739252063,51.4553605683781],[-0.301245389629563,51.4553657788976],[-0.301253726297202,51.4551410855958],[-0.301262062857797,51.4549163922846],[-0.301270399311349,51.4546916989639],[-0.301278735657861,51.4544670056338],[-0.301638379590655,51.4544722151094],[-0.301646714140441,51.4542475217594],[-0.301655048584551,51.4540228284008],[-0.302014690732349,51.4540280375167],[-0.302023023357859,51.4538033441311],[-0.301663382922985,51.4537981350338],[-0.301303744055169,51.4537929255869],[-0.300944105870207,51.4537877153343],[-0.300952443530274,51.4535630220046],[-0.300960781083288,51.4533383286654],[-0.301320415784872,51.4533435388418],[-0.301312079973537,51.4535682322191],[-0.301671717155747,51.4535734416582],[-0.301680051282836,51.4533487482742],[-0.302039688291927,51.4533539573343],[-0.302399325406601,51.4533591652906],[-0.302407656002304,51.4531344718609]]],[[[-0.272874576916763,51.4729366432389],[-0.272866096725034,51.4731613336414],[-0.272857616423448,51.4733860240328],[-0.272849136012003,51.473610714413],[-0.272489348018545,51.4736054171562],[-0.272129560134899,51.4736001187974],[-0.272138044072536,51.4733754285657],[-0.27214652790027,51.4731507383228],[-0.272506312257748,51.4731560365331],[-0.272514794212528,51.4729313462048],[-0.272874576916763,51.4729366432389]]],[[[-0.235293159502422,51.4766489721475],[-0.235652963650855,51.4766543828285],[-0.236012767912346,51.4766597924071],[-0.236372572286873,51.4766652008832],[-0.236363909989474,51.4768898879288],[-0.236723716258571,51.4768952953694],[-0.236715055629674,51.477119982471],[-0.236355247578996,51.4771145749636],[-0.236346585055439,51.4773392619876],[-0.235986775336175,51.4773338533109],[-0.235626965729955,51.4773284435317],[-0.235618299530068,51.4775531304111],[-0.23525848825529,51.4775477194626],[-0.235267156236797,51.47732303265],[-0.234907346856728,51.4773176206658],[-0.23491601650668,51.4770929339094],[-0.234556207826237,51.4770875197275],[-0.234564879148995,51.4768628330604],[-0.23492468604346,51.4768682471421],[-0.235284491860361,51.4768736589924],[-0.235293159502422,51.4766489721475]]],[[[-0.248785174071965,51.4815722777158],[-0.248793776259538,51.4813475885512],[-0.248802378334801,51.4811228993758],[-0.248810980297756,51.4808982101896],[-0.248819582148404,51.4806735209926],[-0.248828183886748,51.4804488317849],[-0.248836785512791,51.4802241425663],[-0.249196620668023,51.4802295123517],[-0.249188020823951,51.4804542016368],[-0.249179420867599,51.4806788909111],[-0.249170820798966,51.4809035801746],[-0.24916222061805,51.4811282694274],[-0.249153620324849,51.4813529586694],[-0.249145019919361,51.4815776479006],[-0.249136419401584,51.4818023371209],[-0.249127818771517,51.4820270263305],[-0.249119218029156,51.4822517155294],[-0.249110617174501,51.4824764047174],[-0.249102016207549,51.4827010938946],[-0.248742161449383,51.4826957233771],[-0.248750764198535,51.4824710342664],[-0.248759366835367,51.4822463451449],[-0.248767969359882,51.4820216560127],[-0.24877657177208,51.4817969668697],[-0.248785174071965,51.4815722777158]]],[[[-0.260058188553868,51.4597080080433],[-0.260049648499376,51.4599326970649],[-0.260041108333251,51.4601573860792],[-0.259681429862895,51.4601520506914],[-0.259689971812576,51.4599273616718],[-0.259330295237363,51.4599220251735],[-0.25933883885892,51.4596973361413],[-0.258979164178848,51.4596919985324],[-0.258987709472233,51.4594673094876],[-0.258996254653921,51.4592426204355],[-0.259004799723913,51.4590179313759],[-0.259013344795732,51.4587932420458],[-0.259373012333708,51.4587985796936],[-0.259732679982622,51.4588039162379],[-0.259724138494762,51.4590286055201],[-0.260083808047569,51.4590339409343],[-0.260075268327963,51.459258629978],[-0.260066728496729,51.4594833190143],[-0.260058188553868,51.4597080080433]]],[[[-0.290502873613573,51.4828620129019],[-0.290511271087529,51.4826373167507],[-0.290871133720721,51.4826425597343],[-0.291230996462504,51.4826478016136],[-0.291222602511985,51.4828724978284],[-0.291214208452827,51.4830971940341],[-0.290854342187583,51.4830919520913],[-0.290494476030934,51.4830867090441],[-0.290502873613573,51.4828620129019]]],[[[-0.321235783402049,51.4401418578681],[-0.32159532317717,51.440147008733],[-0.321954863061754,51.4401521584958],[-0.322314403055779,51.4401573071563],[-0.322306163455591,51.4403819975639],[-0.322665705382196,51.4403871451653],[-0.322657467495764,51.4406118356063],[-0.322649229499923,51.4408365260376],[-0.322640991394669,51.4410612164592],[-0.322632753180004,51.4412859068711],[-0.322624514855922,51.4415105972734],[-0.322616276422423,51.441735287666],[-0.322975829397908,51.4417404344239],[-0.32296759267832,51.4419651248499],[-0.322959355833122,51.4421898152684],[-0.322951118475842,51.4424145057306],[-0.322942881010297,51.4426391961834],[-0.322583320800961,51.442634049264],[-0.322575081428529,51.4428587396703],[-0.32221551952885,51.4428535916113],[-0.322207278249484,51.443078281971],[-0.321847714659467,51.4430731327723],[-0.321839471473122,51.4432978230855],[-0.321479906192771,51.4432926727471],[-0.321120341020773,51.4432875213061],[-0.321112094128718,51.4435122115357],[-0.320752527266415,51.4435070589549],[-0.320392960512513,51.4435019052716],[-0.320401211001928,51.4432772151164],[-0.320409461382911,51.4430525249518],[-0.320049898334766,51.4430473702403],[-0.320058150405948,51.4428226801035],[-0.319698589264879,51.4428175243266],[-0.319706843026215,51.4425928342176],[-0.319715096679077,51.4423681440992],[-0.319723350190551,51.4421434539896],[-0.320082905936781,51.4421486096516],[-0.320091157352538,51.4419239195801],[-0.320450711385003,51.4419290740967],[-0.320458960867858,51.4417043839724],[-0.32009940865871,51.441699229499],[-0.320107659855299,51.4414745394082],[-0.319748109579013,51.4414693838758],[-0.319756362489289,51.4412446938185],[-0.319764615289964,51.4410200037515],[-0.319405068769778,51.4410148472031],[-0.319045522359207,51.4410096895526],[-0.318685976058273,51.4410045307999],[-0.318677717787877,51.4412292207373],[-0.318318169773365,51.4412240608392],[-0.317958620696549,51.4412188999733],[-0.317950358677519,51.4414435898198],[-0.317942096551381,51.4416682796567],[-0.317933834318135,51.441892969484],[-0.31757427964903,51.4418878074359],[-0.317214725087049,51.4418826442855],[-0.31720645921371,51.4421073340193],[-0.316846902992387,51.4421021697247],[-0.316855170632215,51.4418774800328],[-0.316863438164864,51.4416527903314],[-0.316503885583663,51.4416476250184],[-0.316495616284551,51.4418723146779],[-0.316136062044079,51.4418671482207],[-0.315776507910823,51.4418619806612],[-0.315416953884804,51.4418568119994],[-0.315057399966047,51.4418516422353],[-0.315049123493804,51.4420763317173],[-0.315040847436791,51.4423010215695],[-0.315032571734023,51.442525711747],[-0.314673012783263,51.4425205408368],[-0.314313453934234,51.4425153688213],[-0.313953895186957,51.4425101957004],[-0.313945614445837,51.442734885941],[-0.313586054154793,51.4427297117381],[-0.313226493965545,51.4427245364298],[-0.312866933878113,51.4427193600162],[-0.312875219555845,51.442494669706],[-0.312883505131724,51.4422699793892],[-0.312523948437176,51.4422648018239],[-0.312532236702425,51.4420401122108],[-0.312891791636182,51.4420452897329],[-0.313251346677362,51.4420504661527],[-0.313259631981974,51.4418257768808],[-0.313267917179177,51.4416010875994],[-0.313276202268976,51.4413763983084],[-0.312916652527132,51.4413712220147],[-0.312924939275926,51.4411465327561],[-0.312933225917295,51.4409218434879],[-0.313292772126362,51.4409270196974],[-0.313301056893954,51.4407023303775],[-0.313660601444055,51.4407075054428],[-0.313668884337916,51.4404828160712],[-0.313677167124403,51.44025812669],[-0.313317626106944,51.4402529517089],[-0.313325910552347,51.4400282623601],[-0.313685449803517,51.4400334372992],[-0.314044989162049,51.4400386111362],[-0.314053269967527,51.4398139216937],[-0.314061550665659,51.4395892322417],[-0.313702014839638,51.4395840584888],[-0.313693732375262,51.4398087478988],[-0.313334194890356,51.4398035730018],[-0.312974657512832,51.4397983970025],[-0.312615120242712,51.439793219901],[-0.312255583080019,51.4397880416973],[-0.312247293443226,51.4400127309295],[-0.311887754621726,51.4400075515816],[-0.3115282159077,51.4400023711314],[-0.311168677301172,51.4399971895791],[-0.311176972236731,51.4397725004731],[-0.310817435503976,51.4397673178606],[-0.310825732098236,51.4395426287872],[-0.310834028584947,51.4393179397041],[-0.310474495492164,51.4393127560737],[-0.31048279363751,51.4390880670231],[-0.310491091675288,51.4388633779629],[-0.310131562222402,51.4388581933145],[-0.310139861918748,51.4386335042868],[-0.310148161507506,51.4384088152494],[-0.309788635694441,51.4384036295832],[-0.309796936941702,51.4381789405783],[-0.309437413002321,51.438173753852],[-0.30907788917056,51.4381685660236],[-0.309069584391133,51.4383932549442],[-0.309061279504051,51.4386179438552],[-0.309052974509314,51.4388426327565],[-0.309412503639392,51.4388478207113],[-0.30940420030315,51.4390725096452],[-0.30939589685927,51.4392971985694],[-0.309387593307752,51.439521887484],[-0.309379289648594,51.439746576389],[-0.309738825951047,51.4397517634102],[-0.309730523950492,51.4399764523477],[-0.309722221842315,51.4402011412755],[-0.310081761784894,51.4402063272788],[-0.310073461335386,51.4404310162392],[-0.310065160778277,51.4406557051899],[-0.310424704361057,51.4406608901752],[-0.310433003151849,51.4404362011824],[-0.310441301835063,51.4402115121799],[-0.310800841992801,51.4402166959787],[-0.311160382258083,51.4402218786754],[-0.311152087107463,51.4404465677621],[-0.310792545075883,51.4404413850233],[-0.310784248051409,51.4406660740583],[-0.310775950919376,51.4408907630837],[-0.310416405462683,51.4408855791585],[-0.310408106456727,51.4411102681321],[-0.310399807343186,51.4413349570962],[-0.310040258461319,51.4413297719845],[-0.310031957473784,51.4415544608968],[-0.310023656378637,51.4417791497994],[-0.309664104071535,51.4417739635013],[-0.30930455187206,51.4417687761008],[-0.309296247136399,51.4419934649096],[-0.308936693278124,51.4419882763647],[-0.308577139527524,51.4419830867176],[-0.308568831524232,51.4422077756553],[-0.308209276053337,51.4422025848263],[-0.30784972068455,51.4421973928919],[-0.307490165417893,51.4421921998523],[-0.307481855159507,51.4424168905161],[-0.307122298349513,51.4424116963942],[-0.306762741641691,51.442406501167],[-0.306754427990113,51.4426311918703],[-0.30639486973898,51.4426259955608],[-0.306035311590064,51.442620798146],[-0.306026994545211,51.4428454888888],[-0.306386554339651,51.4428506862806],[-0.306378238838076,51.4430753769937],[-0.306369923234252,51.4433000677003],[-0.306729486422029,51.4433052639406],[-0.306721172361546,51.4435299546175],[-0.306712858198833,51.4437546452878],[-0.306704543933887,51.4439793359515],[-0.306696229566708,51.4442040266086],[-0.307055799439189,51.4442092216513],[-0.307415369413855,51.4442144155887],[-0.307407058235802,51.4444391061931],[-0.307398746955554,51.4446637967908],[-0.307758320323775,51.4446689895767],[-0.307750010587057,51.4448936801447],[-0.307741700748164,51.4451183707062],[-0.307733390807094,51.4453430612611],[-0.308092969214711,51.4453482528723],[-0.308452547724461,51.445353443378],[-0.308812126336323,51.4453586327784],[-0.309171705050274,51.4453638210732],[-0.309180008408248,51.4451391306107],[-0.309539585578489,51.4451443178233],[-0.309547887188616,51.4449196273773],[-0.309907462815145,51.4449248135076],[-0.309915762677468,51.4447001230782],[-0.310275336760281,51.4447053081261],[-0.310267038543697,51.4449299985325],[-0.310626614374252,51.4449351824519],[-0.310618317701405,51.4451598728285],[-0.310258740225089,51.4451546889322],[-0.310250441804455,51.4453793793253],[-0.309890862784361,51.4453741943467],[-0.309531283866293,51.4453690082627],[-0.309522982052025,51.4455936986955],[-0.309163401590206,51.4455885115291],[-0.308803821230457,51.4455833232574],[-0.308444240972799,51.4455781338801],[-0.308435934118999,51.4458028243756],[-0.308427627163059,51.4460275148645],[-0.308419320104979,51.4462522053468],[-0.308411012944755,51.4464768958225],[-0.308770599785816,51.4464820851073],[-0.308762294169352,51.4467067755533],[-0.309121882758417,51.4467119637095],[-0.309113578685756,51.4469366541258],[-0.308753988450763,51.4469314659927],[-0.308745682630048,51.4471561564254],[-0.308386090851208,51.4471509672099],[-0.308377783282395,51.4473756576592],[-0.308018189959712,51.4473704673613],[-0.307658596739177,51.4473652759578],[-0.307650285776234,51.4475899664467],[-0.307290691011881,51.4475847739608],[-0.30729900362081,51.4473600834489],[-0.307307316127522,51.4471353929303],[-0.306947724757307,51.4471301992928],[-0.306956038807746,51.4469055087446],[-0.30659644918568,51.4469003139785],[-0.306604764779801,51.4466756234007],[-0.306613080271668,51.4464509328162],[-0.306253494043641,51.4464457368985],[-0.30589390791786,51.4464405398754],[-0.305534321894345,51.4464353417467],[-0.305174735973119,51.4464301425126],[-0.304815150154202,51.446424942173],[-0.30480682643288,51.4466496328726],[-0.305166413897685,51.4466548331892],[-0.305158091719909,51.4468795238591],[-0.305149769439791,51.4471042145225],[-0.304790178683146,51.447099014252],[-0.30478185465473,51.4473237049318],[-0.304773530523946,51.447548395605],[-0.304413936577714,51.4475431942749],[-0.30405434273384,51.4475379918393],[-0.303694748992348,51.4475327882982],[-0.303686419821218,51.4477574790338],[-0.303326824536138,51.4477522744101],[-0.303335155353259,51.4475275836515],[-0.302975561816592,51.4475223778994],[-0.302615968382368,51.4475171710416],[-0.302256375050611,51.4475119630784],[-0.302264710703166,51.4472872722444],[-0.301905119119856,51.4472820631527],[-0.30189678182134,51.4475067540097],[-0.301537188870842,51.4475015439206],[-0.301177598463914,51.447496333906],[-0.301185939005977,51.4472716429682],[-0.300826350359953,51.4472664318195],[-0.300466761817049,51.447261219565],[-0.300107173377286,51.4472560062048],[-0.300098827861814,51.4474806972274],[-0.300090482243142,51.4477053882436],[-0.29973089059092,51.447700173834],[-0.299722543211199,51.4479248648721],[-0.299714195728253,51.4481495559038],[-0.299354600863513,51.448144340445],[-0.299362950004323,51.447919649385],[-0.299371299041883,51.4476949583187],[-0.299379647976197,51.4474702672461],[-0.299020058188186,51.4474650505968],[-0.29902840867705,51.4472403594896],[-0.299036759062648,51.447015668376],[-0.299045109344983,51.4467909772561],[-0.299053459524056,51.4465662861299],[-0.299061809599868,51.4463415949973],[-0.299421391099117,51.4463468117877],[-0.299780972701563,51.4463520274723],[-0.300140554407185,51.4463572420512],[-0.300148899406673,51.4461325509969],[-0.299789319358741,51.4461273363898],[-0.299797665912706,51.4459026453009],[-0.29980601236346,51.4456779542057],[-0.299814358711004,51.4454532631041],[-0.299454783739182,51.4454480473066],[-0.29946313164112,51.4452233561705],[-0.29982270495534,51.4452285719962],[-0.299831051096469,51.4450038808819],[-0.299839397134394,51.4447791897613],[-0.299847743069117,51.4445544986344],[-0.299488174727572,51.444549282724],[-0.299496522216609,51.4443245915624],[-0.299504869602424,51.4440999003946],[-0.299513216885021,51.4438752092203],[-0.299153653619133,51.4438699921197],[-0.29916200245596,51.4436453009109],[-0.299170351189549,51.4434206096957],[-0.299178699819902,51.4431959184743],[-0.298819141629486,51.4431907001834],[-0.298827491813987,51.4429660089273],[-0.298835841895234,51.4427413176649],[-0.298844191873228,51.4425166263962],[-0.299203745091567,51.4425218447717],[-0.299563298413095,51.4425270620416],[-0.299571644973206,51.4423023708229],[-0.299931196740582,51.4423075870154],[-0.299939544135202,51.4420828973022],[-0.300299094173517,51.4420881123179],[-0.30065864431916,51.4420933262303],[-0.300666991442248,51.4418686383683],[-0.301026539948036,51.4418738511555],[-0.301386088561104,51.4418790628396],[-0.301394432082604,51.4416543749249],[-0.301753980585211,51.4416595860689],[-0.301762322307757,51.4414348981375],[-0.302121870475414,51.441440108643],[-0.302130210323458,51.4412154206596],[-0.302489756832853,51.4412206300207],[-0.302849303450327,51.4412258382794],[-0.302857639657568,51.4410011502018],[-0.303217184616751,51.441006357316],[-0.303225518949603,51.4407816691865],[-0.30358506225049,51.4407868751562],[-0.303593394708999,51.4405621869747],[-0.303601727059493,51.4403374987836],[-0.303610059301975,51.4401128105829],[-0.303969597412019,51.4401180153236],[-0.303977927780252,51.4398933270709],[-0.303986258040498,51.4396686388087],[-0.304345792726065,51.4396738423626],[-0.304354121112133,51.4394491540485],[-0.304362449390242,51.4392244657247],[-0.304370777560394,51.4389997773913],[-0.304379105622589,51.4387750890482],[-0.30438743357683,51.4385504006955],[-0.304395761423119,51.4383257123332],[-0.304404089161458,51.4381010239613],[-0.304412416791848,51.4378763355798],[-0.304420744314292,51.4376516471886],[-0.304429071728791,51.4374269587878],[-0.304069554704139,51.4374217556565],[-0.303710037787444,51.4374165514231],[-0.303718368625929,51.4371918630972],[-0.303358853583176,51.437186657804],[-0.303367186079614,51.4369619695107],[-0.303007672910799,51.4369567631578],[-0.303016007065145,51.4367320748972],[-0.302656495770264,51.4367268674844],[-0.302664831582471,51.4365021792565],[-0.302673167286628,51.436277491019],[-0.302681502882737,51.4360528027718],[-0.302321996993495,51.4360475943839],[-0.301962491212314,51.436042384894],[-0.301602985539214,51.436037174302],[-0.301611326324732,51.4358124861722],[-0.301619667002137,51.4355877980327],[-0.301628007571431,51.4353631098835],[-0.301636348032617,51.4351384217248],[-0.301644688385695,51.4349137335564],[-0.302004185229941,51.4349189439367],[-0.302363682182262,51.4349241532151],[-0.302723179242632,51.4349293613914],[-0.30308267641103,51.4349345684658],[-0.303442173687433,51.4349397744382],[-0.303433842162998,51.4351644628181],[-0.303793341313117,51.4351696677308],[-0.304152840571198,51.4351748715415],[-0.304144512470286,51.4353995599963],[-0.304504013602065,51.4354047627473],[-0.304863514841761,51.4354099643962],[-0.304855190164469,51.4356346529259],[-0.305214693277847,51.4356398535151],[-0.305206370258459,51.4358645420774],[-0.305198047131186,51.4360892306301],[-0.305557553884085,51.4360944302017],[-0.305917060744837,51.4360996286713],[-0.306276567713421,51.4361048260388],[-0.306284885543185,51.4358801373594],[-0.306644390853737,51.4358853335827],[-0.307003896272074,51.435890528704],[-0.307363401798172,51.4358957227232],[-0.307722907432008,51.4359009156404],[-0.30808241317356,51.4359061074555],[-0.308441919022804,51.4359112981686],[-0.308801424979718,51.4359164877797],[-0.30916093104428,51.4359216762887],[-0.309520437216466,51.4359268636958],[-0.309879943496253,51.4359320500007],[-0.310239449883618,51.4359372352036],[-0.31059895637854,51.4359424193045],[-0.310607252910558,51.4357177301096],[-0.310615549335035,51.4354930409051],[-0.310623845651973,51.435268351691],[-0.310264344454496,51.4352631677164],[-0.310272642429667,51.4350384785348],[-0.309913143105507,51.4350332935003],[-0.309921442738865,51.4348086043511],[-0.309561945288019,51.4348034182568],[-0.309570246579518,51.4345787291401],[-0.309578547763417,51.4343540400139],[-0.309219053951576,51.4343488529018],[-0.309227356793549,51.4341241638081],[-0.308867864854991,51.4341189756362],[-0.308876169354993,51.4338942865749],[-0.308516679289713,51.4338890973432],[-0.308524985288034,51.4336644081726],[-0.308165497101099,51.4336592178768],[-0.308173804733469,51.4334345287075],[-0.307814318431648,51.4334293373516],[-0.307822627732706,51.4332046482146],[-0.307463143315995,51.4331994557985],[-0.307471454285695,51.4329747666937],[-0.307479765147148,51.4327500775792],[-0.307120284392387,51.4327448841449],[-0.307128596922415,51.4325201950627],[-0.306769118052732,51.4325150005683],[-0.306760803745884,51.4327396896086],[-0.306752489330746,51.4329643786394],[-0.306744174807314,51.4331890676606],[-0.30638469071539,51.4331838719387],[-0.306376374306777,51.4334085609084],[-0.306368057789843,51.4336332498684],[-0.306359741159552,51.4338579388119],[-0.306000251848325,51.4338527418666],[-0.305991933223207,51.4340774305903],[-0.305632442254162,51.4340722325008],[-0.30564076264425,51.4338475438181],[-0.30528127354661,51.4338423446647],[-0.305289595502649,51.4336176558399],[-0.304930108290316,51.4336124556264],[-0.304938431914866,51.4333877668339],[-0.304946755431005,51.4331630780317],[-0.304587271880852,51.4331578768001],[-0.304227788439122,51.4331526744666],[-0.304219461369232,51.433377363185],[-0.303859976259075,51.4333721597076],[-0.303500491257389,51.4333669551282],[-0.303508821881024,51.4331422664937],[-0.303149338764702,51.4331370608544],[-0.302789855756894,51.4331318541131],[-0.302798189825719,51.4329071655529],[-0.302438708703293,51.4329019577516],[-0.302447044440392,51.4326772692237],[-0.302087565203343,51.4326720603625],[-0.301728086074874,51.4326668503993],[-0.301736425256996,51.4324421619457],[-0.301744764330506,51.4322174734825],[-0.301753103295407,51.4319927850097],[-0.302112577093565,51.4319979948469],[-0.302120914173136,51.4317733063225],[-0.302129251144125,51.4315486177885],[-0.302137588006533,51.4313239292448],[-0.302145924760364,51.4310992406916],[-0.302154261405617,51.4308745521287],[-0.302513726428947,51.4308797606543],[-0.30287319156082,51.430884968078],[-0.303232656801213,51.4308901743998],[-0.303224325485868,51.4311148630885],[-0.303583792611397,51.4311200683505],[-0.303943259845402,51.4311252725105],[-0.304302727187859,51.4311304755688],[-0.304662194638745,51.4311356775251],[-0.304653870321557,51.4313603663719],[-0.30501333965752,51.4313655672683],[-0.305372809101869,51.4313707670628],[-0.305732278654581,51.4313759657555],[-0.306091748315632,51.4313811633463],[-0.306451218084999,51.4313863598352],[-0.306459533518816,51.4311616707791],[-0.306467848844331,51.4309369817133],[-0.306476164061546,51.4307122926379],[-0.306484479170465,51.4304876035529],[-0.306492794171087,51.4302629144583],[-0.306852255165577,51.4302681096361],[-0.307211716268329,51.430273303712],[-0.307203404820885,51.4304979928903],[-0.307562867808467,51.4305031859063],[-0.307554558029388,51.4307278751168],[-0.307914022901804,51.4307330670728],[-0.307905714791135,51.4309577563155],[-0.307897406572258,51.4311824455486],[-0.308256875106176,51.4311876364864],[-0.308248568555777,51.4314123257517],[-0.30860803897456,51.4314175156294],[-0.308599734092684,51.431642204927],[-0.308959206396337,51.4316473937446],[-0.30895090318303,51.4318720830743],[-0.309310377371555,51.4318772708318],[-0.309302075826864,51.4321019601937],[-0.309661551900266,51.4321071468911],[-0.309653252024234,51.4323318362852],[-0.310012729982517,51.4323370219225],[-0.310372208048871,51.4323422064578],[-0.310731686223272,51.4323473898913],[-0.311091164505699,51.4323525722228],[-0.311099457274567,51.4321278826616],[-0.311107749935423,51.4319031930909],[-0.311467224772284,51.431908374237],[-0.311475515548381,51.4316836846149],[-0.311834988716465,51.4316888646174],[-0.31184327760785,51.4314641749439],[-0.312202749107155,51.4314693538028],[-0.312211036113872,51.431244664078],[-0.312219323012655,51.4310199743437],[-0.312578791066489,51.4310251520172],[-0.312587076080675,51.4308004622316],[-0.312595360986952,51.4305757724363],[-0.312954825595377,51.4305809489246],[-0.312963108617129,51.430356259078],[-0.313322571556805,51.4303614344227],[-0.313330852694076,51.4301367445249],[-0.313339133723491,51.4299120546174],[-0.313698593217836,51.4299172287769],[-0.313706872362841,51.4296925388182],[-0.313715151400015,51.4294678488498],[-0.314074607449092,51.4294730218242],[-0.314434063605963,51.4294781936967],[-0.314425788121857,51.4297028837484],[-0.314785246163036,51.4297080545608],[-0.314776972347707,51.4299327446446],[-0.315136432273197,51.4299379143968],[-0.315495892306418,51.4299430830472],[-0.315487621936496,51.4301677732046],[-0.315847083854011,51.4301729407948],[-0.31620654587921,51.4301781072832],[-0.316198278954794,51.4304027975143],[-0.31655774286427,51.4304079629424],[-0.316917206881387,51.4304131272687],[-0.317276671006121,51.4304182904932],[-0.317268409303949,51.4306429808395],[-0.317260147494169,51.4308676711762],[-0.317619615279808,51.4308728333819],[-0.317979083173023,51.4308779944858],[-0.317970824809012,51.4311026848961],[-0.317611355139106,51.4310975237507],[-0.317603094890815,51.4313222141098],[-0.317962566337436,51.4313273752968],[-0.318322036550124,51.4313325354418],[-0.318681503167242,51.4313376946499],[-0.318673248436329,51.4315623851093],[-0.31866499359128,51.4317870755596],[-0.319024464163663,51.4317922337331],[-0.319016211125087,51.4320169242079],[-0.319007957972396,51.4322416146735],[-0.319367432500124,51.4322467718124],[-0.319726907141928,51.4322519278491],[-0.319718657716442,51.432476618373],[-0.319359181153976,51.4324714623026],[-0.319350929693734,51.4326961527835],[-0.318991451324663,51.4326909955769],[-0.318983197829617,51.4329156860148],[-0.318623717653946,51.4329105276721],[-0.318615462124048,51.4331352180669],[-0.318974944220448,51.4331403764434],[-0.318966690497156,51.4333650668628],[-0.318958436659736,51.4335897572729],[-0.319317922711786,51.4335949146148],[-0.319309670681044,51.4338196050496],[-0.31930141784539,51.4340442953572],[-0.319293164796422,51.4342689856376],[-0.319284911637863,51.4344936759083],[-0.319644405184623,51.434498832307],[-0.319636153739034,51.4347235226112],[-0.319995649217918,51.4347286779512],[-0.319987399485346,51.4349533682889],[-0.319979149643225,51.4351780586169],[-0.320338648876848,51.4351832129411],[-0.320330400747812,51.4354079033026],[-0.320322152509246,51.4356325936544],[-0.320681655497687,51.435637746963],[-0.320673408972274,51.4358624373483],[-0.321032913892899,51.4358675895981],[-0.321392418922999,51.4358727407458],[-0.321384175933499,51.4360974312077],[-0.321743682895764,51.4361025812965],[-0.321735441619536,51.4363272717918],[-0.321727200233864,51.4365519622775],[-0.322086710951062,51.4365571113505],[-0.32207847127873,51.4367818018696],[-0.322070231496974,51.437006492379],[-0.322429745969181,51.4370116404362],[-0.322421507900834,51.437236330979],[-0.322413269723081,51.4374610215122],[-0.322405031435922,51.4376857120357],[-0.322396793039353,51.4379104025495],[-0.322756314912438,51.4379155496771],[-0.32274807822939,51.4381402402243],[-0.322739841436952,51.4383649307619],[-0.322731604535124,51.4385896212898],[-0.322723367523903,51.4388143118081],[-0.322363838358955,51.4388091645082],[-0.322355599415315,51.4390338549737],[-0.322347360362255,51.4392585454296],[-0.321987827660646,51.4392533969414],[-0.321979586675096,51.4394780873445],[-0.321971345580098,51.4397027777379],[-0.321963104375652,51.4399274681217],[-0.321603566314204,51.4399223184021],[-0.321244028362218,51.4399171675803],[-0.321235783402049,51.4401418578681]]],[[[-0.315032571734023,51.442525711747],[-0.315392130786492,51.4425308815519],[-0.31575168994065,51.4425360502514],[-0.316111249196475,51.4425412178457],[-0.316102978328627,51.4427659079467],[-0.316094707359117,51.4429905980412],[-0.316454270007712,51.4429957644835],[-0.316446000582135,51.4432204545481],[-0.316805564977956,51.4432256198618],[-0.316797297096354,51.4434503098964],[-0.317156863239403,51.4434554740815],[-0.317148596901819,51.4436801640863],[-0.317508164792101,51.4436853271427],[-0.317867732783955,51.4436904890938],[-0.317875995830251,51.4434657991357],[-0.318235562266839,51.443470960018],[-0.318595128369842,51.4434761203167],[-0.318586868778505,51.4437008102765],[-0.318578609078615,51.4439255002269],[-0.31821903937517,51.4439203398676],[-0.318210777771442,51.4441450297892],[-0.317851206386682,51.4441398689901],[-0.317491635103474,51.4441347070857],[-0.317132063921841,51.4441295440759],[-0.316772492841803,51.4441243799607],[-0.316412921863381,51.4441192147401],[-0.316404651929573,51.4443439047716],[-0.316045079407086,51.4443387384689],[-0.316053350986597,51.4441140484142],[-0.315693780211471,51.4441088809829],[-0.315685506986259,51.4443335710609],[-0.315325934667113,51.4443284025475],[-0.315317659694486,51.4445530926422],[-0.315309384620141,51.4447777827303],[-0.314949809111237,51.444772613158],[-0.31459023370406,51.4447674424803],[-0.314581955236472,51.4449921326083],[-0.314222378285283,51.4449869608484],[-0.313862801435866,51.4449817879831],[-0.313854519574953,51.445206478151],[-0.313494941181549,51.4452013042035],[-0.31313536288996,51.4451961291506],[-0.313143648042425,51.4449714389363],[-0.313151933093039,51.4447467487154],[-0.313160218041803,51.4445220584879],[-0.312800644789306,51.4445168822599],[-0.312808931281932,51.4442921920026],[-0.31281721767269,51.4440675017387],[-0.312457647813437,51.4440623243589],[-0.312465935747993,51.4438376340652],[-0.312474223580663,51.4436129437648],[-0.31283379014861,51.4436181211909],[-0.312842076233775,51.4433934309072],[-0.313201641257944,51.4433986072511],[-0.313561206383935,51.4434037824898],[-0.313569489076036,51.4431790922458],[-0.313929052658223,51.4431842664023],[-0.314288616342188,51.4431894394534],[-0.314296895641308,51.4429647492493],[-0.314305174838655,51.4427400590386],[-0.314664735333227,51.4427452310309],[-0.315024295929531,51.4427504019178],[-0.315032571734023,51.442525711747]]],[[[-0.388683965771255,51.414561383418],[-0.388324623806325,51.4145564425405],[-0.387965281943722,51.4145515005615],[-0.387973194807362,51.4143267883512],[-0.387613854807457,51.4143218453106],[-0.387254514909923,51.4143169011685],[-0.386895175114783,51.4143119559251],[-0.38653583542206,51.4143070095802],[-0.386176495831777,51.414302062134],[-0.385817156343956,51.4142971135864],[-0.385457816958621,51.4142921639373],[-0.385098477675793,51.4142872131869],[-0.384739138703979,51.4142822610057],[-0.384747067287396,51.4140575491719],[-0.384387730456733,51.4140525954776],[-0.384028393727563,51.4140476406831],[-0.383669057099909,51.4140426847885],[-0.383309720573793,51.4140377277937],[-0.382950384149236,51.4140327696987],[-0.382958321310182,51.4138080581894],[-0.382598986723002,51.4138030990614],[-0.382239652237426,51.4137981388331],[-0.381880317853476,51.4137931775047],[-0.381520983571173,51.4137882150761],[-0.381513039467061,51.4140129263169],[-0.381505095261277,51.414237637547],[-0.381145757609049,51.414232673884],[-0.381137811565759,51.4144573850363],[-0.381129865420772,51.4146820961778],[-0.381489206544688,51.414687059975],[-0.38148126203388,51.4149117711729],[-0.381473317421392,51.4151364823601],[-0.381465372707224,51.4153611935366],[-0.381457427891375,51.4155859047023],[-0.381816776060619,51.4155908676678],[-0.381808832879055,51.41581557889],[-0.381800889595828,51.4160402901014],[-0.381792946210936,51.416265001302],[-0.381785002724378,51.416489712492],[-0.382144357939303,51.4164946746257],[-0.382136416087138,51.416719385872],[-0.382128474133325,51.4169440971076],[-0.382120532077862,51.4171688083325],[-0.38247989260269,51.4171737695672],[-0.382471960087025,51.4173984705354],[-0.38246402783828,51.4176231710117],[-0.382823392093308,51.4176281310946],[-0.383182756449313,51.4176330900784],[-0.383190685252537,51.4174083894146],[-0.383198613957209,51.4171836887357],[-0.383557974966224,51.4171886464362],[-0.383917336078611,51.4171936030343],[-0.383925269092973,51.4169688919427],[-0.384284628389607,51.4169738476089],[-0.384643987787755,51.4169788021748],[-0.384636058606085,51.4172035129334],[-0.384995420273869,51.4172084658798],[-0.38498750016095,51.4174331670559],[-0.384979579948111,51.4176578682191],[-0.384620214882668,51.4176529150226],[-0.384612292869602,51.4178776160494],[-0.38460437075563,51.4181023170643],[-0.384245002550332,51.4180973622894],[-0.384237078612614,51.4183220631987],[-0.383877708785374,51.418317107231],[-0.383885634445925,51.4180924064155],[-0.383526266442434,51.4180874494424],[-0.383534193724842,51.4178627487087],[-0.383174827545094,51.4178577907303],[-0.382815461466305,51.4178528316527],[-0.382456095488495,51.4178478714761],[-0.382448163037669,51.4180725719286],[-0.382807530738283,51.418077532199],[-0.38279959990924,51.4183022327333],[-0.383158969433665,51.4183071919983],[-0.383151040226451,51.4185318926145],[-0.383143110918235,51.4187565932188],[-0.382783737948086,51.4187516337663],[-0.38277580681597,51.4189763342649],[-0.382767875582826,51.4192010347517],[-0.382408499267852,51.4191960740125],[-0.382400566210741,51.4194207743936],[-0.382041188273842,51.4194158124615],[-0.382049123053891,51.4191911121742],[-0.382057057732866,51.418966411875],[-0.382064992310768,51.4187417115639],[-0.381705619643644,51.418736748814],[-0.381346247077573,51.418731784965],[-0.381338309053891,51.4189564850886],[-0.381697683342851,51.4189614490314],[-0.381689746940963,51.4191861492368],[-0.381681810437979,51.4194108494303],[-0.381673873833896,51.419635549612],[-0.382033253392717,51.419640512737],[-0.382025318410514,51.4198652130005],[-0.382017383327232,51.4200899132521],[-0.382376766433076,51.4200948754654],[-0.382368832971739,51.4203195757989],[-0.382360899409342,51.4205442761204],[-0.382720286062285,51.4205492374221],[-0.382712354121898,51.4207739378255],[-0.38270442208047,51.4209986382171],[-0.382696489937999,51.4212233385967],[-0.383055881861234,51.4212282990804],[-0.383047951340859,51.4214529995419],[-0.383040020719461,51.4216776999914],[-0.383399416189987,51.4216826595635],[-0.383391487190751,51.4219073600949],[-0.383750884485433,51.4219123186614],[-0.383742957108404,51.4221370192746],[-0.384102356227243,51.4221419768356],[-0.384461755447006,51.4221469332974],[-0.384453831415468,51.4223716340862],[-0.384445907282988,51.4225963348631],[-0.384437983049564,51.4228210356281],[-0.384797387540015,51.4228259912717],[-0.384789464928954,51.4230506921185],[-0.384781542216969,51.4232753929534],[-0.385140950423226,51.4232803472868],[-0.385133029313438,51.4235050482312],[-0.385125108103705,51.4237297491626],[-0.385484519881795,51.4237347024667],[-0.385476600273728,51.4239594035011],[-0.385468680565735,51.4241841045227],[-0.385828095846957,51.42418905696],[-0.385820177740695,51.4244137580845],[-0.385812259534527,51.4246384591961],[-0.386171678318953,51.4246434107667],[-0.38616376171458,51.4248681119812],[-0.386155845010319,51.4250928131829],[-0.386147928206169,51.4253175143717],[-0.386507352195623,51.4253224651913],[-0.386499437278869,51.4255471660472],[-0.386491524041607,51.4257718641735],[-0.386850951647816,51.4257768139791],[-0.386843040068367,51.4260015121444],[-0.386835128386489,51.4262262102998],[-0.387194559615629,51.4262311591019],[-0.38718664959163,51.4264558572963],[-0.387546082683442,51.4264608050459],[-0.387538174317367,51.4266855032793],[-0.387530265848904,51.4269102015028],[-0.387889702563751,51.4269151482488],[-0.387881795753279,51.4271398465113],[-0.387873888840437,51.4273645447638],[-0.387514448604806,51.4273595979199],[-0.387522357278051,51.4271348997163],[-0.387162918905168,51.4271299518199],[-0.38715500847152,51.4273546499746],[-0.386795568440603,51.4273497009279],[-0.386436128512078,51.4273447507797],[-0.386428214455168,51.4275694488266],[-0.386420300295794,51.4277941468636],[-0.38606085694882,51.4277891955161],[-0.386052940926515,51.4280138934943],[-0.385693495921518,51.4280089409963],[-0.385334051018987,51.4280039873969],[-0.385326131373219,51.4282286852672],[-0.385685578036236,51.4282336389156],[-0.38567766004844,51.4284583368249],[-0.385318211624915,51.4284533831276],[-0.385310291774072,51.4286780809781],[-0.384950841692511,51.4286731261303],[-0.384942919978575,51.4288978239218],[-0.384583468282107,51.4288928677204],[-0.384224016696227,51.428887910379],[-0.38421609136359,51.4291126080696],[-0.384208165928432,51.4293373057506],[-0.384200240390752,51.429562003422],[-0.384192314750546,51.4297867010837],[-0.384184389007815,51.4300113987358],[-0.384176463162556,51.4302360963783],[-0.383817001127871,51.4302311376806],[-0.38345753919569,51.4302261778812],[-0.383465468558154,51.4300014803235],[-0.383473397818044,51.4297767827562],[-0.383481326975363,51.4295520851793],[-0.383121870421439,51.4295471244053],[-0.382762413970061,51.4295421625294],[-0.382770346541871,51.4293174650277],[-0.382778279011067,51.4290927675164],[-0.38241882617929,51.4290878046236],[-0.382426760304356,51.4288631071451],[-0.38243469432679,51.4286384096569],[-0.382075245114538,51.4286334457472],[-0.382083180792777,51.4284087482919],[-0.381723733441564,51.4284037833229],[-0.381731670775561,51.4281790859004],[-0.381372225285384,51.4281741198721],[-0.381012779897854,51.428169152742],[-0.381004839047041,51.4283938500796],[-0.380645392003776,51.4283888818053],[-0.380285945063207,51.4283839124293],[-0.379926498225355,51.4283789419515],[-0.379567051490244,51.4283739703719],[-0.379559103503008,51.4285986675299],[-0.379199655112239,51.428593694806],[-0.379207604857896,51.4283689976906],[-0.379215554500719,51.4281443005655],[-0.378856109729553,51.4281393268249],[-0.378496665061195,51.4281343519826],[-0.378504618117932,51.427909654933],[-0.378145175310773,51.4279046790314],[-0.377785732606465,51.4278997020282],[-0.377777776032988,51.4281243989928],[-0.378137220495666,51.4281293760386],[-0.378129265577657,51.4283540730361],[-0.378121310556748,51.4285787700239],[-0.378113355432934,51.4288034670021],[-0.378472805273711,51.4288084430738],[-0.378464851805452,51.4290331400849],[-0.378824303507528,51.4290381150974],[-0.379183755312416,51.429043089008],[-0.379175805258247,51.4292677860946],[-0.379535258924416,51.429272758946],[-0.379527310525918,51.4294974560654],[-0.379519362024601,51.4297221531752],[-0.379878819310591,51.4297271250098],[-0.37987087246501,51.4299518221525],[-0.380230331612312,51.4299567929278],[-0.380222386422516,51.4301814901033],[-0.380214441129939,51.4304061872692],[-0.380573903897165,51.4304111570277],[-0.380565960260438,51.4306358542264],[-0.380925424889008,51.4306408229255],[-0.380917482908176,51.4308655201571],[-0.380909540824605,51.4310902173791],[-0.381269009073201,51.4310951850613],[-0.381261068645592,51.4313198823161],[-0.381620538755564,51.4313248489389],[-0.381980008968185,51.4313298144599],[-0.382339479283434,51.431334778879],[-0.382331544029291,51.4315594762515],[-0.381972071955311,51.43155451179],[-0.381964134839761,51.4317792091105],[-0.381956197621533,51.4320039064213],[-0.382315673213042,51.4320088709677],[-0.382307737650933,51.4322335683114],[-0.382667215103852,51.4322385317983],[-0.382675148907161,51.4320138344122],[-0.383034624703866,51.4320187967549],[-0.383394100603135,51.4320237579956],[-0.383402030786248,51.431799060515],[-0.383761505029274,51.4318040206114],[-0.383753576604945,51.4320287181344],[-0.38374564807805,51.4322534156478],[-0.383386170317433,51.4322484554665],[-0.383378239929141,51.4324731529279],[-0.38301876051224,51.4324681916023],[-0.383010828262506,51.4326928890116],[-0.382651347189324,51.4326879265416],[-0.382291866218735,51.4326829629698],[-0.382283930348644,51.4329076602845],[-0.381924447721802,51.4329026955683],[-0.381916509990156,51.433127392831],[-0.381557025707066,51.4331224269703],[-0.38154908611382,51.4333471241809],[-0.381189600174484,51.4333421571758],[-0.381181658719593,51.4335668543343],[-0.380822171124015,51.4335618861848],[-0.380814227807433,51.4337865832912],[-0.380454738555616,51.4337816139972],[-0.380095249406536,51.4337766436013],[-0.380087302657214,51.4340013405148],[-0.379727811840584,51.4339963689805],[-0.379719863309515,51.4342210658002],[-0.379360370829096,51.4342160931256],[-0.379352420427894,51.4344407898978],[-0.378992926283688,51.4344358160828],[-0.378984974012309,51.4346605128074],[-0.37862547820432,51.4346555378521],[-0.378617524062717,51.434880234529],[-0.37825802659095,51.4348752584333],[-0.378250070579078,51.4350999550627],[-0.377890571443534,51.4350949778266],[-0.377531072411249,51.4350899994883],[-0.377523112762032,51.4353146960318],[-0.377163612065999,51.4353097165531],[-0.376804111473271,51.4353047359722],[-0.376796148186625,51.4355294324299],[-0.376788184796599,51.4357541288781],[-0.377147688923447,51.4357591095355],[-0.377507193153604,51.4357640890906],[-0.377499233194388,51.4359887856058],[-0.377858739294929,51.4359937640969],[-0.377850780999497,51.4362184606408],[-0.378210288970424,51.4362234380678],[-0.378202332338823,51.4364481346405],[-0.377842822600751,51.4364431571753],[-0.377834864098687,51.4366678537004],[-0.377826905493304,51.436892550216],[-0.377818946784601,51.4371172467222],[-0.377459431848229,51.4371122680401],[-0.377451471268968,51.4373369644986],[-0.37709195466866,51.4373319846761],[-0.376732438171671,51.4373270037512],[-0.376724473954553,51.4375517001239],[-0.376364955793657,51.4375467180585],[-0.37635698970587,51.4377714143836],[-0.375997469881068,51.4377664311776],[-0.375989501922565,51.437991127455],[-0.375629980433862,51.4379861431085],[-0.375270459048575,51.4379811576597],[-0.375262487451996,51.4382058538511],[-0.374902964402837,51.4382008672617],[-0.37489499093543,51.4384255634054],[-0.3745354662224,51.4384205756755],[-0.374175941612861,51.4384155868432],[-0.374167964507225,51.4386402829008],[-0.373808438233843,51.4386352929279],[-0.373800459257266,51.4388599889379],[-0.373440931320047,51.4388549978243],[-0.373432950472485,51.4390796937865],[-0.373073420871431,51.4390747015323],[-0.372713891373963,51.4390697081757],[-0.372705906887953,51.4392944040518],[-0.372346375726678,51.4392894095546],[-0.371986844669037,51.4392844139549],[-0.371627313715053,51.4392794172529],[-0.371619323823073,51.4395041130046],[-0.371259791205335,51.4394991151619],[-0.370900258691302,51.4394941162168],[-0.370892265160682,51.4397188118823],[-0.370884271526285,51.4399435075384],[-0.370876277788107,51.440168203185],[-0.370516740075375,51.4401632030225],[-0.37052473558105,51.4399385074142],[-0.370165199739569,51.4399335061876],[-0.370157202466398,51.4401582017575],[-0.3697976649612,51.4401531993901],[-0.369789665816685,51.4403778949122],[-0.369430126647771,51.440372891404],[-0.369422125631867,51.4405975868782],[-0.369414124512086,51.4408222823429],[-0.369054581911902,51.4408172776555],[-0.36869503941557,51.4408122718657],[-0.368687034656749,51.4410369672442],[-0.368327490496712,51.4410319603136],[-0.36796794651456,51.4410269522732],[-0.367959938122317,51.441251647564],[-0.367951929626308,51.4414763428452],[-0.367592382252795,51.4414713336194],[-0.367232834983026,51.4414663232912],[-0.36724084700503,51.4412416280901],[-0.36688130160202,51.4412366166996],[-0.366521756302796,51.4412316042067],[-0.366162211107381,51.4412265906115],[-0.365802666015797,51.4412215759139],[-0.365810684985869,51.4409968808636],[-0.365451141761105,51.4409918651038],[-0.365091598640216,51.4409868482416],[-0.364732055623226,51.440981830277],[-0.364724031364264,51.4412065252069],[-0.364364486688235,51.4412015060999],[-0.364004942116151,51.4411964858905],[-0.363645397648036,51.4411914645787],[-0.363285853283911,51.4411864421646],[-0.362926309023801,51.4411814186482],[-0.362918275845972,51.4414061133677],[-0.362558729926924,51.4414010887087],[-0.362199184111938,51.4413960629474],[-0.361839638401036,51.4413910360836],[-0.36148009279424,51.4413860081175],[-0.361472052460349,51.4416107026668],[-0.361112505194693,51.4416056735581],[-0.360752958033192,51.4416006433471],[-0.360744914069098,51.4418253378064],[-0.360385365248765,51.4418203064527],[-0.360393410975868,51.4415956120337],[-0.360033864022744,51.4415905796179],[-0.359674317173842,51.4415855460997],[-0.359666267920726,51.4418102404383],[-0.359306719413066,51.4418052057775],[-0.359298668292629,51.4420299000663],[-0.358939118126214,51.4420248642628],[-0.358579568064094,51.442019827357],[-0.358220018106291,51.4420147893488],[-0.358211961424113,51.4422394835147],[-0.357852409815582,51.4422344443637],[-0.357492858312642,51.4422294041102],[-0.357484797467734,51.4424540982113],[-0.357125244280082,51.4424490568172],[-0.35676569119807,51.4424440143205],[-0.356406138221722,51.4424389707213],[-0.356398071900103,51.4426636646984],[-0.356038517239096,51.4426586199586],[-0.356030449021375,51.442883313888],[-0.355670892675712,51.4428782680074],[-0.355662822561843,51.4431029618892],[-0.355654752342191,51.4433276557615],[-0.355295192521465,51.4433226087019],[-0.355287120405593,51.4435473025265],[-0.354927558900198,51.4435422543261],[-0.354919484888061,51.4437669481031],[-0.35491141077009,51.4439916418706],[-0.354903336546282,51.4442163356286],[-0.354543769775244,51.4442112862109],[-0.354184203110024,51.4442062356906],[-0.353824636550644,51.4442011840678],[-0.353816556849434,51.4444258777016],[-0.353808477042314,51.4446505713259],[-0.353448907007739,51.444645518524],[-0.353089337079055,51.4446404646195],[-0.353081253584899,51.4448651581578],[-0.352721681971568,51.4448601031123],[-0.35271359658087,51.4450847966029],[-0.352354023282897,51.4450797404166],[-0.352345935995609,51.4453044338594],[-0.352337848602314,51.4455291272927],[-0.352329761103007,51.4457538207166],[-0.352689339772863,51.4457588770179],[-0.352697425481519,51.4455341835557],[-0.353057002466668,51.445539238716],[-0.353416579557738,51.4455442927737],[-0.353424661579146,51.4453195992254],[-0.353784236985481,51.4453246521423],[-0.353792317110339,51.4450999585463],[-0.354151890831935,51.4451050103222],[-0.35415996906029,51.4448803166785],[-0.354519541097144,51.4448853673136],[-0.354527617429041,51.4446606736221],[-0.354887187781148,51.4446657231164],[-0.354895262216634,51.4444410293772],[-0.355254830883991,51.4444460777306],[-0.355262903423113,51.4442213839437],[-0.355270975856419,51.4439966901474],[-0.355630541048518,51.4440017373218],[-0.355990106346363,51.4440067833936],[-0.355998175092892,51.4437820895114],[-0.356357738705975,51.4437871344424],[-0.356365805556278,51.4435624405125],[-0.356725367484596,51.4435674843027],[-0.357084929518587,51.4435725269904],[-0.357092992682267,51.4433478329747],[-0.357452553031464,51.4433528745217],[-0.357460614299031,51.4431281804582],[-0.35782017296343,51.4431332208645],[-0.358179731733428,51.4431382601682],[-0.358187789314527,51.442913566019],[-0.358547346399699,51.4429186041821],[-0.358906903590421,51.4429236412426],[-0.358914957485139,51.4426989470076],[-0.359274512991007,51.4427039829274],[-0.359634068602377,51.4427090177448],[-0.359642118810801,51.4424843234241],[-0.360001672737288,51.4424893571008],[-0.360361226769229,51.442494389675],[-0.360369273291444,51.4422696952685],[-0.360728825638473,51.4422747267021],[-0.361088378090908,51.4422797570333],[-0.361080335149383,51.4425044515159],[-0.36143988949755,51.4425094807826],[-0.361431848240965,51.442734175294],[-0.361423806878968,51.4429588697959],[-0.361783364913267,51.4429638980363],[-0.361775325236278,51.4431885925668],[-0.36213488516634,51.4431936197428],[-0.362126847174403,51.443418314302],[-0.362486409000232,51.4434233404135],[-0.362845970931361,51.4434283654225],[-0.363205532967766,51.443433389329],[-0.363213565588359,51.4432086946556],[-0.363573125939567,51.4432137174214],[-0.363581156664433,51.4429890227005],[-0.363940715330439,51.4429940443258],[-0.364300274101648,51.4429990648485],[-0.364308301140425,51.4427743700421],[-0.364667858226404,51.4427793894243],[-0.365027415417539,51.442784407704],[-0.365035438770312,51.4425597128121],[-0.365043462017907,51.4423350179108],[-0.365403015733415,51.442340035012],[-0.365411037056646,51.4421153400592],[-0.365770589096464,51.4421203560196],[-0.366130141240144,51.4421253708777],[-0.366138158862779,51.4419006758254],[-0.366497709347237,51.4419056895409],[-0.366489693487662,51.4421303846333],[-0.366849245838996,51.4421353972865],[-0.366841231646265,51.4423600923916],[-0.367200785887066,51.4423651039803],[-0.367560340232858,51.4423701144665],[-0.367919894683615,51.4423751238501],[-0.367911885759014,51.4425998190552],[-0.368271442120731,51.4426048273591],[-0.368630998684568,51.4426098344651],[-0.368990555352934,51.4426148404664],[-0.368982551674601,51.4428395356764],[-0.368622993224067,51.4428345296854],[-0.368614987658985,51.4430592248983],[-0.368974547891709,51.4430642308792],[-0.368966544004257,51.4432889260748],[-0.369326106123709,51.4432939309408],[-0.36968566834765,51.4432989347021],[-0.369677667920113,51.44352362987],[-0.370037232030764,51.4435286325164],[-0.370029233280974,51.4437533276667],[-0.370388799278336,51.4437583291982],[-0.370748365380123,51.443763329625],[-0.370740370090417,51.4439880247476],[-0.371099938078898,51.4439930240595],[-0.371091944467056,51.4442177191645],[-0.371451514342235,51.4442227173614],[-0.371811084321774,51.4442277144536],[-0.372170654405647,51.4442327104411],[-0.372530224593833,51.4442377053238],[-0.372889794886309,51.4442426991018],[-0.373249365283052,51.4442476917751],[-0.37325734820096,51.4440229967317],[-0.373616916919617,51.4440279883106],[-0.373976485742493,51.4440329787847],[-0.374336054669563,51.4440379681542],[-0.374695623700806,51.4440429564189],[-0.375055192836199,51.4440479435789],[-0.375414762075717,51.4440529296342],[-0.37577433141934,51.4440579145848],[-0.375782301756778,51.4438332196064],[-0.376141869422162,51.4438382034626],[-0.376501437191601,51.4438431862142],[-0.376861005065072,51.443848167861],[-0.377220573042552,51.4438531484031],[-0.377212609834397,51.44407784334],[-0.377572179698189,51.444082822767],[-0.377564218168342,51.4443075176862],[-0.377923789918449,51.4443124959981],[-0.378283361772498,51.4443174732052],[-0.378275403703383,51.4445421680963],[-0.378634977443729,51.4445471441883],[-0.378994551287975,51.4445521191756],[-0.378986596679686,51.4447768140385],[-0.379346172410211,51.4447817879106],[-0.379338219480418,51.4450064827558],[-0.379697797097225,51.4450114555127],[-0.380057374817866,51.4450164271649],[-0.380049425349068,51.4452411219819],[-0.380409004955973,51.4452460925188],[-0.380401057165789,51.445470787318],[-0.380760638658963,51.4454757567397],[-0.381120220255904,51.4454807250566],[-0.381112275926883,51.4457054198276],[-0.381471859410074,51.4457103870292],[-0.38183144299699,51.4457153531261],[-0.381823502129228,51.4459400478688],[-0.382183087602375,51.4459450128504],[-0.382175148413415,51.4461697075752],[-0.382534735772799,51.4461746714415],[-0.382542673179202,51.4459499767272],[-0.382902258859685,51.4459549394992],[-0.382910194379844,51.4457302447881],[-0.383269778381421,51.4457352064659],[-0.383629362486607,51.4457401670389],[-0.383988946695378,51.4457451265072],[-0.383981016522837,51.4459698211866],[-0.384340602617712,51.4459747795395],[-0.38433267412412,51.446199474201],[-0.384692262105104,51.4462044314386],[-0.384684335290506,51.4464291260822],[-0.384676408372335,51.4466538207186],[-0.385036000695358,51.4466587751474],[-0.385028075428432,51.4468834698423],[-0.385020150057056,51.4471081645314],[-0.385379747038274,51.4471131153968],[-0.385371823365401,51.4473378100363],[-0.385363899588097,51.44756250467],[-0.385723500279628,51.4475674543416],[-0.385715578200895,51.4477921489257],[-0.385707656017752,51.448016843504],[-0.385699733730195,51.4482415380764],[-0.385691811338224,51.448466232643],[-0.38605141934627,51.4484711810332],[-0.386043498652981,51.4486958755502],[-0.386035577855297,51.4489205700614],[-0.386027656953216,51.4491452645668],[-0.386387270474969,51.4491502117192],[-0.386379351271659,51.4493749061749],[-0.386738966700905,51.4493798521772],[-0.387098582234449,51.4493847970731],[-0.387090666533153,51.4496094914354],[-0.386731049196412,51.4496045465833],[-0.386723131587564,51.4498292409836],[-0.386363512551906,51.4498242950689],[-0.386003893620576,51.4498193480479],[-0.385644274793595,51.4498143999204],[-0.385284656070987,51.4498094506866],[-0.385276731144829,51.4500341452562],[-0.384917110723384,51.4500291949597],[-0.384557492169631,51.4500242393899],[-0.38419787388148,51.4500192823322],[-0.384205804136439,51.4497945877946],[-0.383846187734817,51.4497896296214],[-0.383486571436789,51.4497846703433],[-0.383478637615919,51.4500093649021],[-0.383119019638555,51.4500044045296],[-0.383111083931037,51.4502290990917],[-0.383103148119823,51.4504537936464],[-0.382743526680128,51.4504488321901],[-0.382735589400141,51.4506735266852],[-0.382375966265982,51.4506685641193],[-0.382368027262752,51.450893258567],[-0.382008402446224,51.450888294883],[-0.382000461552885,51.4511129893081],[-0.381992520555634,51.4513376837249],[-0.381632892270498,51.4513327189087],[-0.381624949383067,51.4515574133029],[-0.381265319415549,51.4515524473686],[-0.381273264089244,51.4513277529885],[-0.380913636011895,51.4513227859645],[-0.38092158236787,51.4510980915903],[-0.380561956180687,51.4510931234766],[-0.380569904218894,51.4508684291082],[-0.380577852153099,51.4506437347314],[-0.380218229642268,51.4506387655422],[-0.380226179506274,51.4504140710567],[-0.380234129581417,51.4501893764179],[-0.379874510754699,51.4501844061113],[-0.379866558896572,51.4504091007607],[-0.379506938390724,51.4504041293597],[-0.379498984932533,51.4506288238522],[-0.379139362733678,51.4506238513514],[-0.379131407654724,51.4508485456713],[-0.378771783773723,51.4508435720523],[-0.378763826804469,51.4510682663496],[-0.378755869731096,51.4512929606384],[-0.37911549718453,51.4512979342859],[-0.379107541793287,51.4515226285806],[-0.378747912553601,51.451517654919],[-0.378739955271983,51.4517423491911],[-0.378731997886239,51.4519670434548],[-0.378372365178053,51.4519620686607],[-0.378380324350092,51.4517373744112],[-0.378388283417983,51.4515126801534],[-0.378396242381728,51.4512879858871],[-0.378036615136449,51.4512830100319],[-0.378028654386456,51.4515077042839],[-0.378020693532294,51.4517323985275],[-0.377661062818613,51.4517274215398],[-0.377653100073987,51.4519521157607],[-0.377293467678155,51.4519471376549],[-0.376933835386488,51.4519421584451],[-0.376574203199008,51.4519371781314],[-0.37621457111574,51.4519321967137],[-0.376206601121674,51.4521568908691],[-0.376566234991251,51.4521618723011],[-0.376925868965041,51.4521668526291],[-0.37728550304302,51.4521718318532],[-0.377277538303665,51.4523965260431],[-0.377637174272147,51.4524015041775],[-0.377645137225166,51.4521768099733],[-0.378004771511455,51.4521817869895],[-0.378364405901864,51.4521867629018],[-0.37872404039637,51.4521917377102],[-0.379083674994949,51.4521967114146],[-0.37944330969758,51.452201684015],[-0.379802944504238,51.4522066555116],[-0.380162579414901,51.4522116259042],[-0.380522214429544,51.4522165951928],[-0.380514265767283,51.4524412895109],[-0.380154628966288,51.4524363202081],[-0.380146678413638,51.4526610145036],[-0.379787039930254,51.4526560440826],[-0.379427401550878,51.4526510725576],[-0.379419447321399,51.4528757668162],[-0.379411492987832,51.4531004610666],[-0.379051851139681,51.4530954884091],[-0.379043894915588,51.4533201826368],[-0.379035938587379,51.4535448768561],[-0.378676293270392,51.4535399030663],[-0.378668335051585,51.453764597263],[-0.378308688052201,51.4537596223548],[-0.378300727942751,51.4539843165289],[-0.378292767729135,51.4542090106945],[-0.377933117260835,51.4542040346539],[-0.377573466896671,51.4541990575092],[-0.377565503005794,51.454423751638],[-0.377205850959246,51.454418773375],[-0.376846199016881,51.454413794008],[-0.376854166480844,51.4541890999079],[-0.376494516429227,51.4541841194511],[-0.376134866481839,51.4541791378904],[-0.376142837414576,51.4539544438105],[-0.376150808243008,51.4537297497221],[-0.375791161972877,51.4537247670861],[-0.375783189357954,51.4539494611601],[-0.375775216638704,51.4541741552257],[-0.375415566899843,51.454169171457],[-0.375407592289729,51.4543938654999],[-0.375047940868633,51.4543888806128],[-0.37503996436761,51.454613574633],[-0.375031987762208,51.4548382686448],[-0.374672332872303,51.454833282625],[-0.374664354375921,51.4550579766141],[-0.374656375775133,51.4552826705948],[-0.375016034238263,51.4552876566433],[-0.375008057319715,51.45551235063],[-0.375000080296783,51.4557370446083],[-0.375359742437561,51.4557420295814],[-0.375351767096936,51.4559667235657],[-0.374992103169462,51.4559617385782],[-0.374984125937753,51.4561864325398],[-0.374976148601653,51.4564111264929],[-0.374616481205061,51.4564061403727],[-0.374256813912831,51.4564011531484],[-0.374248832898817,51.4566258470645],[-0.373889163924214,51.4566208587217],[-0.373881181018978,51.456845552615],[-0.373521510362007,51.4568405631538],[-0.373513525565504,51.4570652570243],[-0.373153853226166,51.4570602664446],[-0.37279418099129,51.4570552747607],[-0.372802169361393,51.4568305809189],[-0.372442499017796,51.4568255881453],[-0.372434508860896,51.4570502819727],[-0.37207483683501,51.4570452880806],[-0.371715164913653,51.4570402930844],[-0.371355493096848,51.457035296984],[-0.370995821384619,51.4570302997795],[-0.37063614977699,51.4570253014709],[-0.370276478273983,51.4570203020582],[-0.370284479151627,51.4567956083173],[-0.36992480954005,51.4567906078149],[-0.369565140033139,51.4567856062084],[-0.369205470630918,51.4567806034978],[-0.36884580133341,51.4567755996831],[-0.368853809253394,51.4565509059917],[-0.368494141847377,51.4565459010874],[-0.368486132140638,51.4567705947642],[-0.368126462519271,51.4567655882854],[-0.368118450857394,51.4569902819021],[-0.367758778023109,51.4569852730538],[-0.367750764401172,51.4572099666512],[-0.367742750671451,51.4574346602404],[-0.367383074240275,51.4574296502655],[-0.36702339791686,51.4574246391863],[-0.366663721701228,51.4574196270028],[-0.366304045593405,51.4574146137151],[-0.365944369593414,51.457409599323],[-0.36593634649419,51.4576342928481],[-0.365576668749717,51.4576292773405],[-0.365216991113127,51.4576242607287],[-0.364857313584443,51.4576192430126],[-0.364497636163689,51.4576142241922],[-0.364505666672252,51.457389530712],[-0.364145991211783,51.4573845107985],[-0.36413795885089,51.4576092042675],[-0.363778281646069,51.4576041832385],[-0.363418604549251,51.4575991611052],[-0.363058927560461,51.4575941378676],[-0.362699250679721,51.4575891135257],[-0.362339573907055,51.4575840880795],[-0.36197989724249,51.4575790615291],[-0.361971853659488,51.4578037549222],[-0.361612175250705,51.4577987272561],[-0.361252496950071,51.4577936984858],[-0.361244449554173,51.458018391848],[-0.360884769509352,51.458013361962],[-0.36052508957273,51.4580083309717],[-0.360165409744331,51.4580032988772],[-0.35980573002418,51.4579982656783],[-0.3594460504123,51.4579932313751],[-0.359437993646282,51.4582179246724],[-0.359078312290323,51.4582128892535],[-0.358718631042686,51.4582078527303],[-0.358358949903395,51.4582028151028],[-0.357999268872474,51.458197776371],[-0.357639587949946,51.4581927365349],[-0.357279907135837,51.4581876955944],[-0.356920226430171,51.4581826535497],[-0.356928296162775,51.4579579603321],[-0.356568617417936,51.4579529171945],[-0.356576688894377,51.4577282239801],[-0.356217012110362,51.4577231797496],[-0.356225085330591,51.4574984865384],[-0.356584760262292,51.4575035307574],[-0.356592831521686,51.4572788375266],[-0.356600902672559,51.4570541442875],[-0.356608973714914,51.4568294510401],[-0.356249304340009,51.4568244068553],[-0.356257377126065,51.4565997136112],[-0.35589770971188,51.4565946683336],[-0.35553804240622,51.4565896219517],[-0.35554611878812,51.4563649287222],[-0.355554195061437,51.4561402354845],[-0.35591385866274,51.4561452818434],[-0.355921932975331,51.455920588586],[-0.355562271226172,51.4559155422385],[-0.355202609585556,51.4559104947868],[-0.35519453156868,51.4561351880213],[-0.355186453443199,51.4563598812476],[-0.355178375209109,51.4565845744656],[-0.35517029686641,51.4568092676754],[-0.3551622184151,51.457033960877],[-0.355154139855176,51.4572586540703],[-0.355146061186638,51.4574833472554],[-0.355137982409483,51.4577080404323],[-0.355129903523708,51.4579327336009],[-0.355121824529313,51.4581574267612],[-0.354762144474807,51.4581523780906],[-0.354402464528911,51.4581473283157],[-0.35404278469165,51.4581422774364],[-0.353683104963047,51.4581372254529],[-0.353691191366841,51.4579125323384],[-0.353331513599267,51.4579074792621],[-0.353339601746667,51.4576827861509],[-0.353347689785329,51.4574580930315],[-0.352988015831076,51.4574530388738],[-0.352996105613276,51.4572283457577],[-0.353004195286718,51.4570036526333],[-0.353012284851405,51.4567789595007],[-0.352652616562618,51.4567739042733],[-0.352292948382575,51.4567688479417],[-0.351933280311301,51.4567637905058],[-0.351573612348819,51.4567587319657],[-0.351213939378123,51.456753672922],[-0.35085426627202,51.4567486128018],[-0.350494593271774,51.4567435515769],[-0.350134920377407,51.4567384892472],[-0.349775247588943,51.4567334258127],[-0.349415574906405,51.4567283612734],[-0.349055902329815,51.4567232956293],[-0.348696229859198,51.4567182288805],[-0.348336557494576,51.4567131610268],[-0.347976885235971,51.4567080920684],[-0.347617213083408,51.4567030220053],[-0.347625329713654,51.4564783288965],[-0.347265659452629,51.4564732577286],[-0.34725754103691,51.4566979508373],[-0.346897869096499,51.4566928785646],[-0.346538197262199,51.4566878051871],[-0.346546319248859,51.4564631120784],[-0.346186649306161,51.4564580375961],[-0.346194772972105,51.4562333444797],[-0.345835104921005,51.4562282688927],[-0.345843230266187,51.4560035757686],[-0.346202896531866,51.4560086513556],[-0.346211019985445,51.4557839582237],[-0.345851355505163,51.4557788826368],[-0.345491691131054,51.4557738059451],[-0.345132026863139,51.4557687281487],[-0.344772362701445,51.4557636492475],[-0.344412698645992,51.4557585692416],[-0.344404566265445,51.4559832623732],[-0.344396433778601,51.456207955497],[-0.344036766258614,51.4562028743862],[-0.344028631880039,51.4564275675023],[-0.344020497395139,51.4566522606107],[-0.344012362803916,51.4568769537113],[-0.344004228106365,51.4571016468042],[-0.343644553550804,51.4570965645883],[-0.3436364169614,51.4573212576734],[-0.343628280265644,51.4575459507509],[-0.343268602245337,51.45754086743],[-0.343260463657656,51.4577655604996],[-0.342900783958131,51.4577604760738],[-0.342892643478481,51.4579851691355],[-0.342532962099742,51.4579800836048],[-0.342524819728076,51.4582047766588],[-0.342516677249981,51.458429469705],[-0.342156992406399,51.4584243830692],[-0.341797307669244,51.4584192953285],[-0.341789161513409,51.4586439883668],[-0.341781015759195,51.4588686817283],[-0.341421327449969,51.4588635928093],[-0.34106163924436,51.4588585027855],[-0.34105349438042,51.4590831990284],[-0.340693804555245,51.4590781078978],[-0.340334114833732,51.4590730156625],[-0.340342263144081,51.4588483194235],[-0.340701951142391,51.4588534116569],[-0.340710102583781,51.4586287185153],[-0.340718254096566,51.4584040254774],[-0.340726405502804,51.4581793324319],[-0.340734556802497,51.4579546393786],[-0.340742707995647,51.4577299463176],[-0.340750859082256,51.457505253249],[-0.340759010062327,51.4572805601725],[-0.340767160935859,51.4570558670884],[-0.340775311702856,51.4568311739966],[-0.340415639890514,51.4568260818377],[-0.340423792336439,51.4566013887383],[-0.340064122416085,51.4565962954748],[-0.340072276540892,51.4563716023679],[-0.339712608512523,51.4563665079998],[-0.339720764316166,51.4561418148853],[-0.33936109817978,51.4561367194126],[-0.339369255662213,51.4559120262906],[-0.339009591417804,51.4559069297134],[-0.339017750578981,51.4556822365839],[-0.338658088226547,51.4556771389022],[-0.338649927280009,51.4559018320315],[-0.338290263248852,51.4558967332447],[-0.338298425980748,51.4556720401156],[-0.338306588605959,51.4554473469789],[-0.337946928252152,51.4554422470878],[-0.337955092555991,51.4552175539436],[-0.337963256753123,51.4549928607916],[-0.337971420843552,51.4547681676319],[-0.337611765952284,51.4547630666368],[-0.337619931721252,51.4545383734697],[-0.337260278721919,51.4545332713701],[-0.336900625829305,51.454528168166],[-0.336892456489862,51.4547528613326],[-0.336532801918755,51.4547477570235],[-0.336524630687284,51.4549724501822],[-0.336516459349017,51.4551971433332],[-0.336508287903954,51.4554218364764],[-0.336148628083776,51.4554167310618],[-0.336140454746588,51.4556414241971],[-0.335780793247883,51.4556363176774],[-0.335788968370394,51.4554116245424],[-0.33542930876383,51.4554065169182],[-0.335069649264108,51.4554014081894],[-0.334709988844681,51.4553962986931],[-0.334350327527598,51.45539118842],[-0.333990666311034,51.4553860770411],[-0.333998849950793,51.4551613838306],[-0.33363919047977,51.4551562713245],[-0.333279531109306,51.4551511577128],[-0.332919871839424,51.4551460429953],[-0.332911683264667,51.4553707362701],[-0.332552022450391,51.4553656204683],[-0.332543832129983,51.4555903137578],[-0.332184169771316,51.4555851968717],[-0.332175977705215,51.4558098901759],[-0.332167785538433,51.4560345834734],[-0.33215959327097,51.4562592767642],[-0.332151400902824,51.4564839700482],[-0.331791732064531,51.456478852142],[-0.331783537950577,51.4567035454408],[-0.331423867567838,51.4566984264502],[-0.331415671708034,51.4569231197636],[-0.331407475747497,51.4571478130703],[-0.331047802175154,51.4571426930168],[-0.3310396044687,51.4573673863382],[-0.330679929351897,51.4573622652002],[-0.330671729899483,51.4575869585362],[-0.330312053238222,51.4575818363139],[-0.330303852039804,51.4578065296646],[-0.32994417383409,51.4578014063578],[-0.329584495729165,51.4577962819451],[-0.329224817725054,51.4577911564267],[-0.329216611490105,51.4580158498347],[-0.328856931941587,51.4580107232318],[-0.328497252493925,51.458005595523],[-0.328137573147138,51.4580004667084],[-0.328145784317797,51.4577757732364],[-0.327786106717142,51.4577706432947],[-0.327794319432079,51.4575459497946],[-0.327434643577551,51.4575408187257],[-0.327442857836723,51.4573161251976],[-0.327451071994922,51.4570914316628],[-0.327091399531682,51.4570862994455],[-0.327099615234053,51.4568616058827],[-0.326739944516908,51.4568564725384],[-0.326380273900738,51.4568513380882],[-0.326020603385561,51.4568462025323],[-0.325660932971401,51.4568410658706],[-0.325652710688473,51.4570657595185],[-0.32601238274777,51.457070896159],[-0.326372054908085,51.4570760316936],[-0.326363835814396,51.4573007252923],[-0.326355616619669,51.4575254188843],[-0.326347397323901,51.4577501124695],[-0.326339177927092,51.457974806048],[-0.325979499186007,51.4579696705985],[-0.325619820545946,51.457964534043],[-0.325611597757602,51.4581892276574],[-0.325603374868168,51.458413921265],[-0.325963056798741,51.4584190577779],[-0.326322738830341,51.4584241931849],[-0.326314519130396,51.4586488867433],[-0.326306299882172,51.458873580579],[-0.326298084452642,51.4590982764219],[-0.326657771703831,51.4591034107546],[-0.326649557885439,51.4593281066051],[-0.32664134396281,51.4595528024472],[-0.326281653280806,51.4595476680825],[-0.325921962703001,51.4595425326136],[-0.325913745245251,51.4597672284152],[-0.325905527683215,51.4599919242084],[-0.326265221691922,51.4599970597094],[-0.326624915804832,51.4600021941061],[-0.326616701569479,51.460226889923],[-0.326257005741083,51.4602217555102],[-0.326248789685977,51.4604464513026],[-0.326240573526602,51.4606711470866],[-0.326232357262955,51.4608958428621],[-0.326224140895036,51.4611205386292],[-0.3265838435856,51.4611256731061],[-0.326575628829006,51.4613503688808],[-0.326567413968157,51.4615750646471],[-0.326559199003053,51.4617997604049],[-0.326199491165627,51.4617946258801],[-0.326191274380601,51.4620193216135],[-0.326183057491293,51.4622440173385],[-0.325823346326736,51.4622388816773],[-0.325815127617437,51.4624635773779],[-0.325806908803831,51.46268827307],[-0.325447194312083,51.4626831362724],[-0.325438973678416,51.4629078319401],[-0.325430752940417,51.4631325275993],[-0.325422532098082,51.4633572232502],[-0.325414311151412,51.4635819188926],[-0.325054589900801,51.4635767809265],[-0.325046367133953,51.4638014765444],[-0.325038144262742,51.464026172154],[-0.324678419684733,51.4640210330515],[-0.324670194993277,51.4642457286365],[-0.324310468803711,51.4642405884136],[-0.324302242291965,51.4644652839741],[-0.324294015675805,51.4646899795262],[-0.323934286158764,51.4646848381668],[-0.323926057722246,51.4649095336944],[-0.323566326593633,51.4649043912145],[-0.323558096336711,51.4651290867176],[-0.323198363596532,51.4651239431172],[-0.323190131519161,51.4653486385958],[-0.322830397167417,51.4653434938748],[-0.322470662920119,51.4653383480495],[-0.322110928777285,51.4653332011197],[-0.32175119473894,51.4653280530855],[-0.321391460805105,51.4653229039468],[-0.321399701462379,51.4650982085488],[-0.321407942015056,51.4648735131423],[-0.321416182463138,51.4646488177274],[-0.321056453781694,51.4646436675328],[-0.321064695841091,51.4644189721256],[-0.321072937795874,51.46419427671],[-0.321081179646046,51.463969581286],[-0.321089421391607,51.4637448858535],[-0.320729699678204,51.4637397346191],[-0.320737943034973,51.4635150391944],[-0.320378223141949,51.4635098868717],[-0.320018503353511,51.4635047334447],[-0.320026750037235,51.4632800380439],[-0.319667032069192,51.4632748835287],[-0.319675280364011,51.4630501881356],[-0.319315564216361,51.4630450325323],[-0.31932381412223,51.462820337147],[-0.318964099794968,51.4628151804555],[-0.318972351311844,51.462590485078],[-0.318612638804966,51.4625853272984],[-0.318620891932802,51.4623606319286],[-0.318261181246305,51.4623554730609],[-0.318269435985059,51.4621307776989],[-0.318629144955886,51.4621359365504],[-0.318988854031397,51.4621410942976],[-0.319348563211571,51.4621462509404],[-0.319356812698599,51.4619215555214],[-0.318997105234078,51.4619163988947],[-0.318637397874217,51.4619112411637],[-0.318645650687797,51.4616865457686],[-0.318285945148244,51.4616813869496],[-0.317926240862838,51.4616762276109],[-0.317934497000224,51.4614515322418],[-0.317574794796187,51.4614463719521],[-0.317583052578239,51.4612216766119],[-0.317591310253845,51.4609969812623],[-0.317231611658345,51.4609918199461],[-0.317239870978551,51.4607671246254],[-0.316880174240493,51.4607619622443],[-0.316520477608854,51.4607567987601],[-0.316528740324634,51.4605321035068],[-0.316169045550454,51.4605269389577],[-0.316177309910719,51.4603022437333],[-0.315817616993994,51.4602970781194],[-0.315825882998699,51.460072382924],[-0.315466191939426,51.4600672162454],[-0.315106500986657,51.4600620484635],[-0.315098231480018,51.4602867435821],[-0.314738538882812,51.4602815746586],[-0.314378846392158,51.4602764046319],[-0.314387119400723,51.4600517095903],[-0.314395392302646,51.4598270145392],[-0.314035703420464,51.4598218434863],[-0.314043977966663,51.4595971484642],[-0.313684290941987,51.4595919763465],[-0.313324604023925,51.4595868031257],[-0.313332881965243,51.4593621081711],[-0.312973196904704,51.4593569338856],[-0.312613511950823,51.4593517584969],[-0.312253827103621,51.4593465820051],[-0.312262110190822,51.4591218871566],[-0.311902427201183,51.4591167096001],[-0.311542744318266,51.4591115309405],[-0.311551030800367,51.4588868361595],[-0.311191349775029,51.4588816564353],[-0.311199639727163,51.4586569625804],[-0.31083996057716,51.4586517817987],[-0.310480281532229,51.4586465999129],[-0.3104885751497,51.458421906255],[-0.310128897923275,51.4584167232835],[-0.310137193148987,51.4581920296354],[-0.309777517741066,51.4581868455782],[-0.309785814574972,51.4579621519399],[-0.309426140985551,51.4579569667971],[-0.309434439427608,51.4577322731687],[-0.309074767656683,51.4577270869402],[-0.308715095990932,51.4577218996077],[-0.308723397754413,51.4574972060075],[-0.308363727907174,51.4574920175894],[-0.308004058165153,51.4574868280672],[-0.308012363249963,51.4572621344953],[-0.30765269532647,51.4572569438876],[-0.307293027508236,51.4572517521758],[-0.30730133591428,51.4570270586322],[-0.306941669914592,51.4570218658349],[-0.306949979928535,51.4567971723012],[-0.306958289837117,51.456572478759],[-0.307317952410344,51.4565776715194],[-0.307326260500369,51.4563529779502],[-0.306966599640338,51.4563477852082],[-0.306974909338201,51.4561230916489],[-0.306615250296639,51.4561178978214],[-0.306623561602297,51.455893204272],[-0.306263904379199,51.455888009359],[-0.306255591360394,51.4561127028899],[-0.305895932529487,51.4561075068544],[-0.305536273803942,51.456102309715],[-0.305544590249039,51.455877616221],[-0.305552906588692,51.4556529227185],[-0.305561222822903,51.4554282292075],[-0.305201569342103,51.4554230310195],[-0.305209887183949,51.4551983375184],[-0.305218204920336,51.4549736440088],[-0.304858554971061,51.4549684447539],[-0.304866874315018,51.4547437512542],[-0.304875193553496,51.454519057746],[-0.304515547135673,51.4545138574242],[-0.304523867981656,51.454289163926],[-0.304532188722141,51.4540644704192],[-0.30454050935713,51.453839776904],[-0.304180868183621,51.4538345755337],[-0.30418919042603,51.4536098820284],[-0.303829551070888,51.4536046795728],[-0.303837874920671,51.4533799860775],[-0.303846198664919,51.4531552925737],[-0.303854522303634,51.4529305990613],[-0.303862845836816,51.4527059055404],[-0.303871169264468,51.452481212011],[-0.303879492586591,51.4522565184731],[-0.303887815803187,51.4520318249266],[-0.303896138914259,51.4518071313716],[-0.304255764566901,51.4518123336792],[-0.304264085859738,51.4515876400972],[-0.304623709905103,51.4515928412825],[-0.304632029379748,51.4513681476735],[-0.304991651817833,51.4513733477365],[-0.304999969474332,51.4511486541005],[-0.305008287025381,51.4509239604559],[-0.305367906143532,51.4509291593782],[-0.305376221876503,51.4507044657066],[-0.305384538506214,51.450479772501],[-0.305744154159079,51.4504849702151],[-0.306103769914242,51.4504901668235],[-0.306112088790937,51.4502654763282],[-0.306471703002114,51.4502706718541],[-0.306480020130264,51.4500459813752],[-0.306839632797453,51.4500511758185],[-0.307199245566874,51.4500563691562],[-0.30719093173121,51.4502810595889],[-0.307550546249087,51.4502862517978],[-0.307542233957452,51.4505109422008],[-0.30790185030331,51.4505161333195],[-0.308261466838489,51.450521323375],[-0.308269775591391,51.4502966328988],[-0.308629390415777,51.4503018217909],[-0.308989005342291,51.4503070095773],[-0.308980700224378,51.4505317001747],[-0.308972401722991,51.4507563940391],[-0.309332020286281,51.4507615808018],[-0.30932372339234,51.450986274676],[-0.309683343773399,51.4509914603533],[-0.309675048486948,51.4512161542373],[-0.309666753095337,51.4514408481129],[-0.30930712928891,51.4514356623989],[-0.30929883207942,51.4516603562475],[-0.309290534764741,51.4518850500877],[-0.309650161996624,51.4518902358384],[-0.309641866289518,51.4521149296884],[-0.310001495339269,51.4521201143538],[-0.310009789333612,51.4518954204854],[-0.310369416775684,51.4519006040286],[-0.31037770895214,51.4516759101334],[-0.31073733478653,51.4516810925544],[-0.311096960725959,51.4516862738717],[-0.311105249371848,51.4514615799312],[-0.311464873703568,51.4514667601264],[-0.31182449814028,51.4514719392178],[-0.311832783255687,51.4512472452322],[-0.312192406084663,51.4512524232015],[-0.312552029018585,51.451257600067],[-0.312911652057431,51.4512627758287],[-0.31290337208015,51.4514874698692],[-0.312895091997906,51.4517121639012],[-0.312886811810698,51.4519368579247],[-0.31324644009265,51.4519420326375],[-0.313238161513256,51.4521667266707],[-0.313597791612876,51.4521719002981],[-0.31358951464134,51.452396594341],[-0.313949146558629,51.4524017668828],[-0.314308778580764,51.4524069383208],[-0.314317052126689,51.4521822442413],[-0.314676682540839,51.4521874145572],[-0.315036313059788,51.4521925837693],[-0.31504458307526,51.4519678896448],[-0.315404211986196,51.4519730577348],[-0.315763841001886,51.4519782247211],[-0.316123470122308,51.4519833906036],[-0.31613173489464,51.4517586964159],[-0.316491362406998,51.4517638611763],[-0.316850990024042,51.451769024833],[-0.316859251266107,51.4515443306004],[-0.317218877275061,51.4515494931351],[-0.317227136699678,51.4513247988758],[-0.317586761100538,51.4513299602885],[-0.317595018707751,51.4511052660025],[-0.317235396019603,51.451100104608],[-0.317243655234837,51.4508754103316],[-0.316884034364013,51.4508702478515],[-0.316892295187223,51.4506455535848],[-0.316532676133718,51.4506403900191],[-0.316540942353256,51.4504156976921],[-0.316549213385964,51.4501910078623],[-0.316189597965925,51.4501858432708],[-0.315829982647571,51.4501806775736],[-0.315838256871138,51.4499559876907],[-0.315846530992988,51.4497312978011],[-0.315486919068844,51.4497261309518],[-0.315495194735201,51.4495014410323],[-0.315135584558997,51.4494962730541],[-0.315143861769817,51.4492715831047],[-0.315152138878883,51.4490468931488],[-0.315511745762714,51.4490520611735],[-0.315871352748262,51.4490572280927],[-0.315863078931549,51.4492819180021],[-0.316222687664972,51.4492870837925],[-0.316582296500072,51.4492922484772],[-0.316590567024425,51.4490675586144],[-0.316950174314998,51.4490727222168],[-0.316958443091525,51.4488480323707],[-0.316598837447113,51.448842868745],[-0.316607107768137,51.4486181788689],[-0.31696671176641,51.448623342518],[-0.317326315866312,51.4486285050616],[-0.317685920067823,51.4486336664995],[-0.317694185348827,51.4484089766869],[-0.318053788005802,51.4484141370426],[-0.318413392281878,51.4484192972628],[-0.318421654153213,51.4481946075003],[-0.31878125814218,51.448199767478],[-0.318789518105769,51.4479750776689],[-0.318797777960793,51.4477503878503],[-0.318806037707254,51.4475256980224],[-0.318814297345154,51.447301008185],[-0.318822556874495,51.4470763183383],[-0.31918215197646,51.4470814770272],[-0.3191904095982,51.4468567871338],[-0.319198667111408,51.4466320972311],[-0.319558258723832,51.4466372547429],[-0.319566514329512,51.4464125647936],[-0.319926104251433,51.4464177211655],[-0.320285694281827,51.4464228764347],[-0.320645284420671,51.4464280306013],[-0.320637034211997,51.4466527206622],[-0.320628783894884,51.4468774107137],[-0.320988377740188,51.4468825638519],[-0.321347971693897,51.4468877158874],[-0.321707565755988,51.4468928668202],[-0.321715810676009,51.4466681766572],[-0.322075403047426,51.4466733264501],[-0.322434995527178,51.4466784751404],[-0.322426754205227,51.4469031653776],[-0.322418512774952,51.4471278556055],[-0.322778108961114,51.4471330032673],[-0.323137705255566,51.4471381498264],[-0.323497301658287,51.4471432952827],[-0.323505537691373,51.4469186049436],[-0.323865132403272,51.4469237492601],[-0.324224727223391,51.446928892474],[-0.324232959550133,51.4467042020512],[-0.324241191768669,51.446479511619],[-0.324600783098913,51.446484653656],[-0.324960374537326,51.4464897945903],[-0.324968603049652,51.4462651040746],[-0.325328192797207,51.4462702438691],[-0.325336419402396,51.446045553307],[-0.325696007459087,51.4460506919618],[-0.326055595623874,51.4460558295139],[-0.32606381852301,51.4458311388682],[-0.326423404996905,51.4458362752807],[-0.326782991578847,51.4458414105904],[-0.326774772277642,51.4460661013101],[-0.327134360766576,51.4460712355542],[-0.327142578268814,51.4458465447975],[-0.327150795663037,51.4456218540314],[-0.32715901294925,51.4453971632559],[-0.327518596149347,51.4454022962862],[-0.327526811528648,51.4451776054644],[-0.327886393037817,51.4451827373551],[-0.327894606510254,51.4449580464868],[-0.32825418632849,51.4449631772379],[-0.328262397894109,51.4447384863233],[-0.328270609351793,51.4445137953993],[-0.328630185680257,51.4445189249738],[-0.328638395231194,51.4442942340034],[-0.328646604674222,51.4440695430236],[-0.329006177512976,51.4440746714215],[-0.329014385049329,51.4438499803954],[-0.329373956197181,51.4438551076538],[-0.329382161826905,51.4436304165813],[-0.329390367348772,51.4434057254995],[-0.329749935006993,51.4434108515813],[-0.329758138622302,51.4431861604531],[-0.329766342129781,51.4429614693156],[-0.330125906298432,51.442966594221],[-0.330134107899425,51.4427419030371],[-0.330493670377206,51.442747026803],[-0.330501870071758,51.4425223355728],[-0.330510069658532,51.4422976443332],[-0.330518268684649,51.4420729530504],[-0.33087782588444,51.4420780756019],[-0.330886022490303,51.4418533842302],[-0.330894218987285,51.4416286928488],[-0.331253772649217,51.4416338142123],[-0.331261967213993,51.4414091227784],[-0.331621519161434,51.4414142429967],[-0.331613326419985,51.4416389344735],[-0.331972880299565,51.4416440536325],[-0.332332434287934,51.4416491716892],[-0.332340623382721,51.4414244801267],[-0.332348812368723,51.4411997885546],[-0.332708362819212,51.4412049054234],[-0.332716549873146,51.4409802137988],[-0.332724736818323,51.4407555221645],[-0.332365190014383,51.4407504053814],[-0.332373378674044,51.4405257137803],[-0.332732923654744,51.4405308305206],[-0.332741110382412,51.440306138867],[-0.332381567224929,51.4403010221695],[-0.332022024176199,51.44029590437],[-0.3320302144415,51.4400712127924],[-0.331670673324737,51.4400660939335],[-0.331311132316773,51.4400609739724],[-0.331319326119608,51.4398362824709],[-0.331327519813602,51.4396115909598],[-0.330967982560761,51.4396064699823],[-0.330976177969031,51.4393817785044],[-0.330984373268439,51.4391570870168],[-0.330624839770645,51.4391519650229],[-0.330633036784262,51.4389272735686],[-0.330641233688998,51.4387025821046],[-0.330649430484855,51.438477890631],[-0.33028990256505,51.4384727676637],[-0.330298101075024,51.4382480762233],[-0.329938575087093,51.4382429521967],[-0.329946775311139,51.4380182607895],[-0.329954975426266,51.4377935693727],[-0.329595453193148,51.4377884443299],[-0.329603655022279,51.4375637529463],[-0.329611856742469,51.4373390615531],[-0.329252338264089,51.437333935494],[-0.329260541698214,51.4371092441341],[-0.329268745023381,51.4368845527645],[-0.32927694823959,51.4366598613852],[-0.328917435338694,51.4366547343528],[-0.328925640268748,51.4364300430068],[-0.328933845089826,51.4362053516512],[-0.328942049801928,51.4359806602859],[-0.328950254405058,51.4357559689109],[-0.328590748904176,51.4357508409482],[-0.328598955221039,51.4355261496065],[-0.32860716142891,51.4353014582552],[-0.32861536752779,51.4350767668942],[-0.32862357351768,51.4348520755235],[-0.328631779398583,51.4346273841432],[-0.328272283119961,51.4346222552932],[-0.328280490714466,51.4343975639461],[-0.328288698199964,51.4341728725894],[-0.328296905576456,51.4339481812231],[-0.328305111026746,51.433723489902],[-0.327945622129997,51.4337183601186],[-0.327953827947296,51.4334936688654],[-0.327962033651077,51.4332689776029],[-0.327602548709446,51.4332638467845],[-0.327610756220491,51.4330391555464],[-0.327618963617997,51.4328144642991],[-0.327259482631407,51.4328093324456],[-0.327267691836105,51.4325846412227],[-0.32690821288377,51.4325795083004],[-0.326916423895612,51.4323548171019],[-0.326924634793873,51.4321301258942],[-0.326565159796469,51.4321249919369],[-0.326573372501802,51.4319003007536],[-0.326213899538622,51.4318951657277],[-0.32622211405098,51.4316704745688],[-0.32586264312202,51.4316653384743],[-0.325870859441353,51.4314406473398],[-0.32551139054661,51.4314355101767],[-0.325151921765511,51.4314303719113],[-0.325160141812343,51.431205680835],[-0.324800675065481,51.4312005415011],[-0.324808896919164,51.4309758504491],[-0.324449432206536,51.4309707100466],[-0.324457655867023,51.4307460190192],[-0.324817118659132,51.4307511593879],[-0.324825340285386,51.4305264683175],[-0.325184801270686,51.4305316075504],[-0.325193020862756,51.4303069164371],[-0.325201240341141,51.4300822253145],[-0.324841783196762,51.430077086149],[-0.324833561797929,51.4303017772379],[-0.324474102846785,51.4302966369365],[-0.324465879413772,51.4305213279824],[-0.324106418655868,51.4305161865451],[-0.323746958011699,51.4305110440056],[-0.32338749748129,51.4305059003639],[-0.323028037064667,51.4305007556199],[-0.323036268179542,51.4302760647088],[-0.32267680979719,51.4302709188964],[-0.322685042718669,51.4300462280098],[-0.322325586370585,51.4300410811289],[-0.32233382109862,51.4298163902668],[-0.3219743667848,51.4298112423174],[-0.32161491258486,51.4298060932659],[-0.321255458498825,51.4298009431122],[-0.32089600452672,51.4297957918563],[-0.320904246822402,51.42957110112],[-0.320544794884628,51.4295659487957],[-0.320185343060833,51.4295607953692],[-0.31982589135104,51.4295556408405],[-0.319834139293798,51.4293309501964],[-0.31947468961838,51.4293257945994],[-0.319482939367417,51.4291011039799],[-0.31949118900239,51.4288764133511],[-0.3194994385233,51.4286517227131],[-0.319507687930149,51.4284270320658],[-0.319148246049913,51.4284218755019],[-0.319156497262925,51.4281971848793],[-0.318797057416977,51.4281920272471],[-0.318788804283745,51.4284167178359],[-0.318429362631671,51.4284115590678],[-0.31806991807828,51.4284063993393],[-0.318078175151637,51.4281817088139],[-0.31808643211745,51.4279570182788],[-0.318094688975723,51.4277323277342],[-0.318102945726458,51.4275076371799],[-0.318462382160702,51.4275127967923],[-0.318470636757645,51.4272881062004],[-0.318478891240467,51.4270634155992],[-0.318487145609168,51.4268387249887],[-0.318127715333445,51.4268335654597],[-0.317768279416756,51.4268284051041],[-0.317776537513609,51.4266037145531],[-0.317417103480715,51.4265985531374],[-0.317408843607608,51.4268232436469],[-0.317400583626923,51.4270479341468],[-0.317041146149066,51.4270427715462],[-0.317032884284504,51.4272674619949],[-0.31667344513794,51.427262298251],[-0.316314006098991,51.4272571334055],[-0.316305740574189,51.4274818237613],[-0.315946299866562,51.4274766577724],[-0.315586859266598,51.4274714906818],[-0.31522741877432,51.4274663224894],[-0.315219147812856,51.4276910127108],[-0.31521087674367,51.4279157029226],[-0.314851432806412,51.4279105335452],[-0.314491988976889,51.427905363066],[-0.314132545255125,51.4279001914851],[-0.314140821653372,51.4276755013982],[-0.313781379815739,51.4276703287572],[-0.313421938085909,51.4276651550145],[-0.313430217929019,51.4274404650014],[-0.313070778083337,51.4274352901986],[-0.313079059594912,51.4272106002176],[-0.312719621633376,51.4272054243548],[-0.312727904813372,51.4269807344059],[-0.312368468735978,51.4269755574831],[-0.312376753584348,51.4267508675663],[-0.31238503832482,51.4265261776398],[-0.312393322957396,51.4263014877038],[-0.312033892316571,51.4262963098044],[-0.312042178617433,51.4260716199005],[-0.311682749860692,51.4260664409412],[-0.311691037829795,51.4258417510694],[-0.311699325690962,51.4256170611879],[-0.311707612357033,51.4253923713844],[-0.311348189032405,51.4253871914525],[-0.310988765819005,51.425382010419],[-0.310980475605852,51.4256067001312],[-0.310621050725241,51.4256015179503],[-0.310629342716861,51.4253768282839],[-0.310637633936077,51.4251521386682],[-0.310645925043998,51.4249274490428],[-0.31028650574801,51.4249222658906],[-0.310294798592041,51.4246975762978],[-0.309935381254754,51.4246923920862],[-0.309943675834847,51.4244677025262],[-0.310303091324756,51.4244728866955],[-0.310311383946157,51.4242481970835],[-0.309951970303604,51.4242430129565],[-0.309960264661025,51.4240183233771],[-0.309600852977117,51.4240131381907],[-0.309241441404549,51.4240079519028],[-0.309233143352471,51.4242326413976],[-0.309224845189011,51.4244573308827],[-0.309216546914166,51.4246820203583],[-0.309575964028788,51.424687206773],[-0.309567667489955,51.4249118962812],[-0.309927086563322,51.4249170816367],[-0.309918791760547,51.4251417711775],[-0.30991049684643,51.4253664607087],[-0.310269919725995,51.4253716450471],[-0.310261625952621,51.4255963346678],[-0.310253330986941,51.4258210243822],[-0.309893904546213,51.4258158399562],[-0.309534478213526,51.4258106544286],[-0.309542776731453,51.4255859647977],[-0.309183352282949,51.4255807782103],[-0.309191651421305,51.4253560887271],[-0.309199950030315,51.4251313992804],[-0.308840529332246,51.4251262116795],[-0.308848829677285,51.4249015222655],[-0.30848941093803,51.4248963336053],[-0.308497713019052,51.4246716442239],[-0.308138296238608,51.4246664545044],[-0.308146600055566,51.4244417651558],[-0.308154903761068,51.4242170757975],[-0.308163207355116,51.4239923864296],[-0.308171510837714,51.4237676970521],[-0.307812101558037,51.4237625064002],[-0.307820406776458,51.4235378170553],[-0.307460999455509,51.4235326253442],[-0.307469306409706,51.4233079360321],[-0.307477613252409,51.4230832467103],[-0.307837016878888,51.4230884383367],[-0.307845321762901,51.422863748963],[-0.308204723653629,51.4228689394456],[-0.308196420616817,51.4230936288617],[-0.308555824466174,51.4230988182851],[-0.308564125655782,51.4228741288267],[-0.308923527769336,51.4228793171064],[-0.309282929994268,51.4228845042844],[-0.309291227378091,51.4226598147319],[-0.309299524650545,51.4224351251697],[-0.309658923292482,51.4224403111617],[-0.30966721860643,51.4222156215476],[-0.310026615512552,51.4222208063958],[-0.310386012529973,51.4222259901426],[-0.310745409658669,51.4222311727878],[-0.310753699319919,51.4220064830373],[-0.310761988869899,51.4217817932772],[-0.311121382415625,51.4217869747364],[-0.311129670007263,51.4215622849244],[-0.311489061817135,51.42156746524],[-0.311497347450476,51.4213427753762],[-0.31185673752449,51.421347954548],[-0.311848453738204,51.4215726444541],[-0.311840169840724,51.4217973343506],[-0.312199563720049,51.4218025125054],[-0.312207845770447,51.4215778225667],[-0.312567237913841,51.4215829995779],[-0.312926630168359,51.4215881754875],[-0.312934908413466,51.4213634854549],[-0.313294298932023,51.4213686602209],[-0.313302575218968,51.4211439701364],[-0.313310851394817,51.4209192800423],[-0.313319127459572,51.4206945899385],[-0.313327403413234,51.4204698998252],[-0.31368678665484,51.420475073321],[-0.313695060650464,51.4202503831558],[-0.314054442156165,51.4202555555081],[-0.314062714193798,51.4200308652911],[-0.313703334535023,51.420025692981],[-0.313343954987288,51.4200205195695],[-0.313335679255805,51.4202452097022],[-0.312976297972213,51.4202400351471],[-0.312968020282695,51.4204647252279],[-0.312608637263249,51.4204595495292],[-0.312600357615651,51.4206842395582],[-0.312240972860355,51.4206790627158],[-0.311881588216201,51.4206738847721],[-0.311522203683213,51.4206687057269],[-0.311162819261415,51.4206635255802],[-0.311154532114733,51.4208882154307],[-0.310795145957168,51.4208830341404],[-0.310435759910843,51.4208778517486],[-0.310427468958917,51.421102541505],[-0.310068081176855,51.4210973579696],[-0.309708693506082,51.4210921733327],[-0.309716988152009,51.4208674836608],[-0.309357602439548,51.4208622979647],[-0.309349305946624,51.4210869875943],[-0.308989918498504,51.4210818007545],[-0.308981620047206,51.4213064903322],[-0.30862223086343,51.4213013023486],[-0.308262841791042,51.4212961132636],[-0.307903452830067,51.4212909230771],[-0.307544063980527,51.4212857317892],[-0.307184675242447,51.4212805393999],[-0.307176367444585,51.4215052287564],[-0.306816976970957,51.4215000352232],[-0.306457586608841,51.4214948405886],[-0.306465898100763,51.4212701513168],[-0.306825286615851,51.421275345909],[-0.306833596149222,51.4210506565852],[-0.306841905571072,51.4208259672518],[-0.307201290503678,51.4208311606579],[-0.307209597967048,51.4206064712725],[-0.306850214881404,51.4206012779087],[-0.306858524080218,51.420376588556],[-0.307217905318926,51.4203817818775],[-0.307226212559312,51.4201570924728],[-0.306866833167517,51.4201518991937],[-0.306875142143303,51.4199272098217],[-0.306883451007577,51.4197025204401],[-0.307242826705617,51.4197077136346],[-0.30725113361154,51.419483024201],[-0.307610507574206,51.4194882162518],[-0.307618812521824,51.4192635267663],[-0.307978184749113,51.4192687176733],[-0.307986487738474,51.4190440281359],[-0.307994790616402,51.4188193385888],[-0.308003093382899,51.418594649032],[-0.308011396037967,51.4183699594657],[-0.307652031197733,51.4183647687278],[-0.307660335588078,51.4181400791942],[-0.307668639866975,51.4179153896508],[-0.307676944034424,51.4176907000979],[-0.307685248090429,51.4174660105353],[-0.308044605543986,51.4174712011039],[-0.308052907641938,51.4172465114894],[-0.308061209124573,51.4170218208953],[-0.308069510301902,51.416797129919],[-0.308077811366392,51.4165724389312],[-0.308086112318046,51.4163477479318],[-0.308094413156867,51.4161230569208],[-0.308453759513869,51.4161282459687],[-0.308462058362597,51.4159035548621],[-0.308470357098519,51.4156788637439],[-0.308478655721636,51.4154541726141],[-0.308486954231951,51.4152294814728],[-0.308846293192834,51.4152346690849],[-0.308854589713182,51.4150099778479],[-0.308862886120756,51.4147852865993],[-0.308871182415556,51.4145605953392],[-0.308879478597586,51.4143359040675],[-0.308887774666848,51.4141112127842],[-0.308896070623342,51.4138865214894],[-0.308904366467072,51.4136618301831],[-0.308912662198038,51.4134371388651],[-0.308920957816244,51.4132124475356],[-0.30892925332169,51.4129877561945],[-0.30893754871438,51.4127630648419],[-0.308945843994314,51.4125383734777],[-0.308954139161495,51.412313682102],[-0.309313453833801,51.4123188675216],[-0.309321747011372,51.4120941760502],[-0.308962434215924,51.4120889907146],[-0.308970729157605,51.4118642993158],[-0.309330040076218,51.4118694845673],[-0.309338333028339,51.4116447930727],[-0.30934662586774,51.4114201015667],[-0.309354918594421,51.411195410049],[-0.309363211208384,51.4109707185198],[-0.30937150370963,51.410746026979],[-0.309730805357121,51.410751210711],[-0.309722514732591,51.4109759023359],[-0.310081818369468,51.4109810850528],[-0.310073529508989,51.4112057767501],[-0.310432835135256,51.411210958452],[-0.310792140874146,51.4112161390547],[-0.310800425981133,51.4109914471893],[-0.310808710975499,51.4107667553123],[-0.311168013073513,51.4107719346478],[-0.311176296078561,51.4105472426752],[-0.311535596412441,51.4105524208275],[-0.311894896858866,51.4105575978808],[-0.311903175997959,51.4103329057286],[-0.31226247468022,51.4103380815987],[-0.312254197417809,51.4105627738349],[-0.312613498089246,51.4105679486899],[-0.312972798873154,51.4105731224457],[-0.312964525251642,51.4107978148383],[-0.312956251517654,51.4110225072194],[-0.312947977671189,51.411247199589],[-0.313307284197753,51.4112523724976],[-0.313315556167457,51.4110276800441],[-0.313674860929685,51.4110328517697],[-0.313666590836743,51.4112575443072],[-0.314025897588136,51.4112627150176],[-0.314017629259551,51.4114874076275],[-0.31365832063137,51.4114822368331],[-0.313650050313564,51.4117069293475],[-0.313290739920977,51.41170175737],[-0.313282467613901,51.4119264497889],[-0.313641779883323,51.4119316218503],[-0.313633509340644,51.4121563143416],[-0.313625238685526,51.4123810068213],[-0.313984554821099,51.4123861779516],[-0.313976285930448,51.4126108705037],[-0.314335604055318,51.4126160406187],[-0.314327336929182,51.4128407332433],[-0.314319069690648,51.4130654258563],[-0.314678391681779,51.4130705950399],[-0.314670126207829,51.4132952877253],[-0.314661860621502,51.4135199803992],[-0.315021186478971,51.4135251486516],[-0.315380512448765,51.4135303158047],[-0.315372250504127,51.4137550086349],[-0.315731578463257,51.4137601747727],[-0.316090906534664,51.4137653398112],[-0.316082648231816,51.4139900327977],[-0.31644197829254,51.4139951968209],[-0.316801308465495,51.4140003597448],[-0.317160638750655,51.4140055215695],[-0.31715238596679,51.4142302147962],[-0.317511718241226,51.4142353756054],[-0.317871050627821,51.4142405353154],[-0.318230383045432,51.4142456939308],[-0.318222135861828,51.4144703873929],[-0.318581463381307,51.4144755454098],[-0.318573217893931,51.414700238962],[-0.318564972301543,51.4149249325016],[-0.318556726604139,51.4151496260286],[-0.318548480801719,51.4153743195429],[-0.31854023489428,51.4155990130447],[-0.318899571052063,51.415604170506],[-0.318891326762111,51.4158288641027],[-0.318883082367159,51.4160535576868],[-0.318874837867205,51.4162782512582],[-0.319234179297544,51.416283407944],[-0.319225936415163,51.4165081016104],[-0.319217693427798,51.4167327952641],[-0.31957703840826,51.4167379510669],[-0.319568797038533,51.4169626448156],[-0.319928143846544,51.4169677996276],[-0.319919904059159,51.4171924933662],[-0.320279252680184,51.4171976471172],[-0.320638601411967,51.4172027997666],[-0.320630364287419,51.4174274907978],[-0.320989714980396,51.4174326423798],[-0.320981479595566,51.417657333436],[-0.32134083224974,51.4176624839505],[-0.321700185014602,51.4176676333633],[-0.32169195322005,51.4178923244787],[-0.32205130794609,51.417897472824],[-0.322043077891376,51.4181221639643],[-0.322402434578599,51.4181273112422],[-0.322761791376443,51.4181324574183],[-0.322753564912179,51.4183571486178],[-0.323112923671185,51.4183622937264],[-0.323472282540765,51.4183674377333],[-0.323464059667052,51.4185921289919],[-0.323823420497776,51.4185972719313],[-0.323815199364094,51.4188219632148],[-0.324174562155967,51.4188271050866],[-0.324533925058345,51.4188322458566],[-0.324525707515386,51.4190569371992],[-0.324885072378893,51.4190620769016],[-0.325244437352859,51.4190672155023],[-0.325236223400724,51.4192919069039],[-0.325595590335801,51.419297044437],[-0.32595495738129,51.4193021808683],[-0.325946747020079,51.4195268723289],[-0.32630611602666,51.4195320076926],[-0.326665485143608,51.4195371419545],[-0.326657278373421,51.4197618334741],[-0.327016649451441,51.4197669666683],[-0.327376020639783,51.4197720987608],[-0.32736781746072,51.4199967903392],[-0.327727190610115,51.420001921364],[-0.328086563869785,51.420007051287],[-0.328078364281947,51.4202317429243],[-0.328437739502651,51.4202368717796],[-0.328797114833583,51.420241999533],[-0.32915649027472,51.4202471261846],[-0.329515865826037,51.4202522517345],[-0.329507673531149,51.4204769434988],[-0.329867051043438,51.4204820679808],[-0.33022642866586,51.4204871913611],[-0.330234617259114,51.4202624995287],[-0.330593993140828,51.4202676217732],[-0.330585806398393,51.4204923136395],[-0.330945184241011,51.4204974348161],[-0.330936999239292,51.4207221267072],[-0.331296379042818,51.420727246816],[-0.331655758956384,51.420732365823],[-0.332015138979965,51.4207374837282],[-0.332374519113538,51.4207426005315],[-0.332382696711859,51.4205179085045],[-0.332742075104545,51.4205230241721],[-0.333101453607172,51.4205281387378],[-0.333460832219717,51.4205332522017],[-0.333452660173964,51.4207579443306],[-0.333812040747262,51.4207630567266],[-0.333803870442451,51.4209877488801],[-0.334163252976506,51.4209928602083],[-0.334522635620409,51.4209979704345],[-0.334882018374137,51.421003079559],[-0.334890183126285,51.4207783873037],[-0.335249562202482,51.4207834953566],[-0.335608941378973,51.4207886023083],[-0.335600780200344,51.4210132946474],[-0.335960161246195,51.4210184005404],[-0.335952001725341,51.4212430929126],[-0.335943842098677,51.4214677852751],[-0.336303226777521,51.4214728901522],[-0.336662611562104,51.4214779939277],[-0.337021996452401,51.4214830966019],[-0.337381381448393,51.4214881981745],[-0.337740766550055,51.4214932986457],[-0.337732615635855,51.4217179912123],[-0.338092002606825,51.4217230906247],[-0.338451389683421,51.4217281889357],[-0.338443242190891,51.421952881578],[-0.338802631136778,51.4219579788301],[-0.339162020188248,51.4219630749809],[-0.339521409345278,51.4219681700301],[-0.339513267038227,51.4221928627907],[-0.339872658064508,51.4221979567811],[-0.339864517415607,51.4224226495748],[-0.340223910311145,51.4224277425064],[-0.340583303312177,51.4224328343364],[-0.340575166085235,51.4226575272057],[-0.340934560955506,51.4226626179769],[-0.341293955931229,51.4226677076466],[-0.34165335101238,51.4226727962148],[-0.342012746198937,51.4226778836815],[-0.342372141490877,51.4226829700466],[-0.342731536888178,51.4226880553103],[-0.343090932390816,51.4226931394724],[-0.343450327998768,51.4226982225331],[-0.343809723712013,51.4227033044922],[-0.343817845064998,51.4224786112396],[-0.344177239119729,51.4224836920546],[-0.344536633279705,51.4224887717682],[-0.344528515454287,51.4227134651058],[-0.34488791148327,51.4227185437604],[-0.345247307617454,51.4227236213135],[-0.345239193214381,51.4229483147266],[-0.345231078706078,51.4231730081301],[-0.345590478473088,51.4231780846666],[-0.345582365623412,51.423402778103],[-0.345574252668526,51.4236274715297],[-0.345566139608429,51.4238521649468],[-0.345558026443118,51.4240768583543],[-0.345549913172592,51.4243015517521],[-0.345541799796849,51.4245262451402],[-0.345533686315887,51.4247509385188],[-0.345893098535549,51.4247560142514],[-0.345884986713384,51.4249807076627],[-0.345876874786021,51.4252054010645],[-0.346236290638895,51.4252104757805],[-0.346228180370396,51.4254351692151],[-0.346587598092468,51.425440242872],[-0.346579489369643,51.4256649363444],[-0.346938908955099,51.4256700089398],[-0.347298328645514,51.4256750804333],[-0.347290223282135,51.4258997739763],[-0.347649644838756,51.4259048444069],[-0.348009066500294,51.4259099137356],[-0.348368488266724,51.4259149819625],[-0.348360388082242,51.4261396756123],[-0.34871981171484,51.4261447427761],[-0.349079235452288,51.4261498088381],[-0.349438659294562,51.4261548737983],[-0.349430564289127,51.4263795675549],[-0.349789989997531,51.4263846314519],[-0.350149415810718,51.4263896942472],[-0.350508841728665,51.4263947559406],[-0.350868267751349,51.4263998165321],[-0.350860179686467,51.4266245104341],[-0.351219607575222,51.4266295699625],[-0.351579035565492,51.4266346283865],[-0.351938463613505,51.4266396856704],[-0.35229789176615,51.4266447418525],[-0.352657320023408,51.426649796933],[-0.352649240660865,51.426874491027],[-0.353008670783791,51.4268795450467],[-0.353368101011284,51.4268845979647],[-0.353727531343322,51.4268896497809],[-0.354086961779882,51.4268947004954],[-0.354446392320942,51.4268997501081],[-0.354454462878068,51.426675055809],[-0.354813891762515,51.4266801042789],[-0.354821960454053,51.4264554099292],[-0.355181387681885,51.4264604572564],[-0.355189454507879,51.4262357628561],[-0.355548880079091,51.4262408090406],[-0.355556945039587,51.4260161145897],[-0.355916368954177,51.4260211596315],[-0.35592443204922,51.4257964651301],[-0.355932495039838,51.4255717706191],[-0.35629191553682,51.4255768144772],[-0.3562999765935,51.4253521197946],[-0.356659395442255,51.4253571625072],[-0.35666745461754,51.4251324677198],[-0.357026871818138,51.425137509281],[-0.357034929137384,51.4249128144334],[-0.357042986352678,51.4246881195758],[-0.357402400153075,51.4246931599354],[-0.3574104555124,51.4244684650177],[-0.357418510767799,51.4242437700899],[-0.357777921168055,51.4242488092479],[-0.358137331672165,51.4242538473046],[-0.358145383319686,51.4240291522666],[-0.358153434863332,51.4238044572186],[-0.357794027863154,51.4237994192622],[-0.357802081054855,51.4235747242544],[-0.357810134142661,51.4233500292366],[-0.358169537638997,51.4233550670927],[-0.358528941239156,51.4233601038475],[-0.358536990719292,51.4231354087195],[-0.358545040095581,51.4229107135814],[-0.358553089368024,51.4226860184333],[-0.358561138536623,51.4224613232753],[-0.358920535233158,51.4224663587284],[-0.358928582546116,51.4222416635102],[-0.35928797759462,51.4222466978121],[-0.359647372746871,51.4222517310127],[-0.360006768002844,51.4222567631122],[-0.36036616336252,51.4222617941105],[-0.360374203564535,51.4220370986819],[-0.360014809956644,51.4220320677337],[-0.359655416452452,51.4220270356843],[-0.359663460054263,51.421802340346],[-0.359304068405551,51.4217973072456],[-0.359296023051982,51.4220220025338],[-0.358936629755257,51.4220169682821],[-0.358944676860582,51.421792273044],[-0.358952723862092,51.4215675777959],[-0.358960770759791,51.4213428825378],[-0.358968817553679,51.4211181872698],[-0.358976864243759,51.4208934919918],[-0.358984910830032,51.4206687967038],[-0.358992957312499,51.4204441014058],[-0.359001003691164,51.4202194060978],[-0.359009049966026,51.4199947107798],[-0.359017096137089,51.4197700154519],[-0.359025142204354,51.419545320114],[-0.359033188167823,51.4193206247661],[-0.359041234027497,51.4190959294082],[-0.359049279783378,51.4188712340404],[-0.358689911112916,51.4188661993894],[-0.358330542546219,51.4188611636374],[-0.357971174083308,51.4188561267844],[-0.357611805724209,51.4188510888303],[-0.357252437468942,51.4188460497752],[-0.357260491878199,51.4186213546481],[-0.357268546183554,51.418396659511],[-0.357276600385008,51.418171964364],[-0.357284654482563,51.4179472692069],[-0.357292708476222,51.4177225740399],[-0.357652067974566,51.4177276128442],[-0.357660120113012,51.417502917617],[-0.357668172147587,51.4172782223799],[-0.357308816151853,51.4172731836759],[-0.356949460259962,51.417268143871],[-0.356957520487235,51.4170434424784],[-0.356965583480713,51.4168187373361],[-0.356973646371916,51.4165940321812],[-0.356981709160845,51.4163693270136],[-0.356989771847502,51.4161446218334],[-0.356997834431889,51.4159199166405],[-0.357357179848583,51.4159249560348],[-0.357365240615981,51.4157002507196],[-0.357373301281135,51.4154755453916],[-0.357732643370642,51.4154805834682],[-0.357740702218875,51.4152558780179],[-0.35774876096489,51.415031172555],[-0.357756819608687,51.4148064670794],[-0.358116156656431,51.4148115037287],[-0.358124213483401,51.4145867981307],[-0.35776487815027,51.4145817615912],[-0.35777293658964,51.4143570560903],[-0.357780994926798,51.4141323505768],[-0.357789053161746,51.4139076450506],[-0.357797111294486,51.4136829395117],[-0.35780516932502,51.4134582339602],[-0.357445842666812,51.4134531968709],[-0.35708651611082,51.4134481586834],[-0.357094577468102,51.4132234533386],[-0.357102638723136,51.4129987479812],[-0.357461961850199,51.4130037859493],[-0.357470021288557,51.4127790804695],[-0.357110699875925,51.4127740426111],[-0.35711876092647,51.4125493372284],[-0.356759441330478,51.4125442983815],[-0.35640012183674,51.4125392584365],[-0.356392057357383,51.4127639635998],[-0.356032736251517,51.4127589224469],[-0.35567341524795,51.4127538801958],[-0.355314094346704,51.4127488368466],[-0.355322163969266,51.4125241320125],[-0.355330233489473,51.4122994271657],[-0.355689550961942,51.4123044702955],[-0.355697618665442,51.4120797653263],[-0.355705686266615,51.4118550603444],[-0.355713753765462,51.4116303553499],[-0.356073066197244,51.4116353970523],[-0.356432378731316,51.4116404376566],[-0.356424314661096,51.4118651428706],[-0.356783629011752,51.4118701824864],[-0.356791691367656,51.4116454771628],[-0.357151004106243,51.4116505155708],[-0.357510316947055,51.4116555528808],[-0.357869629890068,51.4116605890926],[-0.357861572677123,51.4118852947453],[-0.357853515361985,51.4121100003854],[-0.357845457944653,51.4123347060128],[-0.358204776132882,51.4123397414555],[-0.358212831835847,51.4121150357184],[-0.358572148411871,51.4121200699533],[-0.358564094423276,51.4123447758001],[-0.35892341281581,51.4123498090465],[-0.358915360439457,51.4125745149903],[-0.359274680648505,51.4125795472481],[-0.359282731310464,51.4123548411947],[-0.359290781870315,51.4121301351286],[-0.359650098752691,51.4121351660691],[-0.359642049907214,51.4123598722448],[-0.36000136860604,51.4123649021967],[-0.360360687406919,51.4123699310504],[-0.360720006309829,51.412374958806],[-0.360711962505468,51.412599665298],[-0.361071283224791,51.412604692065],[-0.361079325314748,51.4123799854635],[-0.361438644421653,51.4123850110227],[-0.361797963630524,51.4123900354838],[-0.362157282941337,51.4123950588467],[-0.362516602354071,51.4124000811114],[-0.362875921868703,51.412405102278],[-0.362867888350791,51.4126298094275],[-0.363227209681714,51.4126348296054],[-0.363235241485212,51.4124101223463],[-0.363594561203576,51.4124151413165],[-0.363602591190819,51.4121904339353],[-0.363961909296619,51.4121954516978],[-0.364321227504229,51.4122004683621],[-0.364680545813624,51.4122054839282],[-0.364688570555906,51.4119807762058],[-0.365047887252688,51.4119857905642],[-0.365055910178845,51.4117610827196],[-0.36541522526301,51.4117660958704],[-0.365774540448892,51.411771107923],[-0.365782559844632,51.4115463998468],[-0.36614187341787,51.4115514106917],[-0.366149890997595,51.4113267024934],[-0.366509202958186,51.4113317121307],[-0.366868515020424,51.4113367206699],[-0.367227827184287,51.4113417281109],[-0.367235839519445,51.4111170195715],[-0.36759515007061,51.411122025805],[-0.367954460723355,51.4111270309402],[-0.368313771622287,51.4111320348358],[-0.36867308303639,51.411137037228],[-0.369032394552951,51.4111420385201],[-0.369391706171946,51.4111470387122],[-0.369751017893353,51.4111520378042],[-0.369759018048698,51.410927328654],[-0.370118328137033,51.4109323265786],[-0.370477638327734,51.4109373234032],[-0.370836948620778,51.4109423191278],[-0.371196259016143,51.4109473137524],[-0.371204252127329,51.4107226043218],[-0.371563560889546,51.410727597779],[-0.371922869754038,51.4107325901362],[-0.371930859292075,51.4105078805602],[-0.372290166523391,51.4105128717501],[-0.372649473856936,51.4105178618399],[-0.372657459821908,51.4102931521185],[-0.373016765522251,51.410298141041],[-0.373376071324774,51.4103031288634],[-0.373384053716767,51.4100784189967],[-0.373743357886061,51.4100834056519],[-0.374102662157489,51.410088391207],[-0.374110640976587,51.409863681195],[-0.374469943614758,51.4098686655829],[-0.374477920596396,51.4096439554927],[-0.374485897475944,51.4094192453919],[-0.374845196745527,51.4094242285453],[-0.374853171787685,51.4091995183664],[-0.375212469424024,51.4092045003525],[-0.375571767162402,51.4092094812387],[-0.375563795590859,51.409434191552],[-0.375555823917296,51.4096589018547],[-0.375547852141712,51.4098836121466],[-0.375907155188103,51.4098885921345],[-0.375899185045873,51.4101133024829],[-0.376258489929642,51.410118281438],[-0.376266458336493,51.4098935710224],[-0.376625761586859,51.4098985488103],[-0.376985064939179,51.4099035254982],[-0.377344368393432,51.4099085010862],[-0.377703671949594,51.4099134755741],[-0.378062975607643,51.409918448962],[-0.378422279367557,51.40992342125],[-0.378430237260255,51.4096987104203],[-0.378438195051113,51.40947399958],[-0.378446152740131,51.4092492887289],[-0.378454110327311,51.4090245778671],[-0.378094813508729,51.4090196058479],[-0.378102772521704,51.4087948949182],[-0.378110730810246,51.4085701836052],[-0.378118688998122,51.4083454722828],[-0.378477980689022,51.4083504441772],[-0.378470024209593,51.4085751555373],[-0.37882931770958,51.4085801263681],[-0.378821362837975,51.4088048377564],[-0.378813407247728,51.4090295487863],[-0.378805451395848,51.4092542597153],[-0.378797495442154,51.4094789706336],[-0.379156795935012,51.4094839405871],[-0.379148841614849,51.4097086515618],[-0.378789539386643,51.4097036815411],[-0.378781583229313,51.4099283924379],[-0.37914088719289,51.4099333625258],[-0.379500191258263,51.4099383315137],[-0.379859495425412,51.4099432994016],[-0.380218799694314,51.4099482661895],[-0.380578104064947,51.4099532318774],[-0.380937408537288,51.4099581964653],[-0.381296713111314,51.4099631599531],[-0.381656017787004,51.409968122341],[-0.382015322564335,51.4099730836288],[-0.382374627443284,51.4099780438166],[-0.382733932423829,51.4099830029044],[-0.383093237505949,51.4099879608922],[-0.38345254268962,51.40999291778],[-0.383811847974821,51.4099978735677],[-0.383803916011326,51.4102225853933],[-0.38416322313345,51.4102275401481],[-0.38452253035706,51.4102324938029],[-0.384881837682133,51.4102374463576],[-0.385241145179611,51.4102423974967],[-0.385600452780306,51.4102473475314],[-0.385592529439119,51.4104720596349],[-0.385951838902217,51.4104770086081],[-0.38631114846777,51.41048195648],[-0.386670458135756,51.4104869032508],[-0.387029767906152,51.4104918489202],[-0.387389077778935,51.4104967934884],[-0.387396992320469,51.4102720811863],[-0.387756300535681,51.4102770246136],[-0.388115608853233,51.4102819669396],[-0.388474917273102,51.4102869081644],[-0.38846700801138,51.4105116205856],[-0.388826318293485,51.4105165607488],[-0.388818410689433,51.4107412732002],[-0.388459098647365,51.4107363329973],[-0.388451189181052,51.4109610453995],[-0.388443279612442,51.4111857577921],[-0.388435369941531,51.4114104701753],[-0.38842746016832,51.4116351825489],[-0.388419550292805,51.411859894913],[-0.388778871135032,51.4118648353143],[-0.388770962917312,51.4120895477086],[-0.388763054597307,51.4123142600934],[-0.388755146175018,51.4125389724687],[-0.38874723765044,51.4127636848344],[-0.388739329023573,51.4129883971907],[-0.388731420294415,51.4132131095374],[-0.388723511462964,51.4134378218746],[-0.389082844728667,51.4134427614523],[-0.389074937555181,51.4136674738197],[-0.389067030279424,51.4138921861776],[-0.38905912290139,51.4141168985259],[-0.38905121542108,51.4143416108648],[-0.389043307838491,51.4145663231941],[-0.388683965771255,51.414561383418]]],[[[-0.355713753765462,51.4116303553499],[-0.355354441435993,51.4116253125494],[-0.355362510546804,51.411400607652],[-0.355003200033957,51.4113955638631],[-0.354643889623465,51.4113905189761],[-0.354651962060457,51.4111658142855],[-0.354660034395063,51.4109411095822],[-0.355019341377051,51.4109461542497],[-0.355011270756687,51.4111708590627],[-0.35537057955527,51.4111759027419],[-0.355729888456184,51.4111809453229],[-0.355721821161984,51.4114056503428],[-0.355713753765462,51.4116303553499]]],[[[-0.307845321762901,51.422863748963],[-0.307485919983622,51.4228585573789],[-0.307126518315817,51.4228533646932],[-0.307134826782715,51.4226286753945],[-0.307143135138103,51.4224039860861],[-0.307502533111583,51.4224091786871],[-0.307861931196532,51.4224143701866],[-0.307853626535448,51.4226390595796],[-0.307845321762901,51.422863748963]]],[[[-0.385310291774072,51.4286780809781],[-0.385669741958127,51.4286830347243],[-0.386029192244651,51.4286879873692],[-0.386021275812375,51.4289126853076],[-0.385661823765295,51.4289077326138],[-0.385653905469944,51.4291324304934],[-0.386013359277602,51.4291373832361],[-0.38637281318771,51.4291423348774],[-0.38636489831104,51.4293670328449],[-0.38672435408418,51.4293719834336],[-0.386716440865659,51.4295966814402],[-0.386356983331892,51.4295917308026],[-0.386349068250264,51.4298164287503],[-0.385989609058281,51.4298114769622],[-0.385630149968754,51.4298065240726],[-0.385622231263306,51.4300312219125],[-0.385262770515591,51.4300262678724],[-0.385270690981706,51.4298015700815],[-0.384911232097161,51.4297966149888],[-0.384919154221368,51.4295719172369],[-0.384927076243006,51.4293472194751],[-0.385286531606289,51.4293521744699],[-0.385294451764761,51.4291274766492],[-0.385302371820688,51.4289027788186],[-0.385310291774072,51.4286780809781]]],[[[-0.383399416189987,51.4216826595635],[-0.38340734508822,51.4214579590201],[-0.383766738936544,51.4214629173992],[-0.383774666010628,51.4212382167502],[-0.384134058236744,51.4212431739363],[-0.384493450563777,51.4212481300231],[-0.384485526935989,51.4214728308595],[-0.384477603207265,51.421697531684],[-0.384118207433912,51.4216925754098],[-0.383758811761479,51.4216876180362],[-0.383399416189987,51.4216826595635]]],[[[-0.383925269092973,51.4169688919427],[-0.383565909897878,51.4169639351763],[-0.38357384490734,51.4167392236723],[-0.383214487549896,51.4167342658727],[-0.382855130294032,51.4167293069727],[-0.382863068674071,51.4165045955922],[-0.382871006952509,51.416279884201],[-0.383230360736263,51.4162848429667],[-0.383222424193868,51.4165095544251],[-0.383581779815245,51.4165145121577],[-0.383589714621594,51.4162898006323],[-0.383949068608481,51.4162947571975],[-0.3843084226969,51.4162997126625],[-0.384300491362647,51.416524424322],[-0.384659847288627,51.4165293787538],[-0.384651917588936,51.4167540904696],[-0.384292559926883,51.4167491359708],[-0.383933202366344,51.4167441803717],[-0.383925269092973,51.4169688919427]]],[[[-0.323346349802057,51.4316293549494],[-0.323705819935152,51.4316344987598],[-0.323714047778043,51.4314098078274],[-0.323354579565533,51.4314046640508],[-0.322995111466817,51.4313995191719],[-0.323003343037037,51.4311748282978],[-0.323011574493417,51.4309501374144],[-0.32301980583596,51.4307254465218],[-0.32337926817307,51.4307305912995],[-0.323371038751038,51.4309552822258],[-0.323730503122448,51.430960425935],[-0.323722275507141,51.4311851168858],[-0.324081741912855,51.4311902595265],[-0.32407351610432,51.4314149505018],[-0.324432984544341,51.4314200920739],[-0.324424760542629,51.4316447830737],[-0.324065290182018,51.4316396414678],[-0.324057064145945,51.4318643324247],[-0.32441653642717,51.4318694740642],[-0.324408312197964,51.4320941650455],[-0.324767786513551,51.4320993056164],[-0.325127260942838,51.4321044450851],[-0.325119040441214,51.4323291361245],[-0.324759564091261,51.4323239966222],[-0.324400087855009,51.4323188560176],[-0.324040611732482,51.4323137143106],[-0.324048837996101,51.4320890233723],[-0.323689363907986,51.4320838805967],[-0.323697591978467,51.4318591896829],[-0.323338119924762,51.4318540458388],[-0.323346349802057,51.4316293549494]]],[[[-0.325344645899454,51.4458208627354],[-0.324985059749839,51.445815723015],[-0.324625473708365,51.4458105821919],[-0.324617243613393,51.4460352726893],[-0.324257655881128,51.4460301307265],[-0.323898068257052,51.446024987661],[-0.323538480741188,51.4460198434928],[-0.32317889333356,51.446014698222],[-0.323187130624339,51.4457900078729],[-0.322827545123917,51.4457848615365],[-0.322835784105352,51.4455601712152],[-0.322844022978497,51.4453354808845],[-0.323203604881095,51.4453406271467],[-0.323211841847074,51.4451159367694],[-0.323571422059045,51.4451210818919],[-0.323931002379244,51.4451262259117],[-0.323939235639245,51.4449015354509],[-0.324298814268789,51.4449066783309],[-0.324658393006512,51.4449118201084],[-0.324666622560623,51.444687129564],[-0.325026199607661,51.4446922702017],[-0.325385776762831,51.4446974097369],[-0.325394002611137,51.444472719109],[-0.325753578075593,51.4444778575044],[-0.326113153648132,51.4444829947972],[-0.32647272932873,51.4444881309875],[-0.326480949672517,51.4442634402391],[-0.326840523662348,51.4442685752896],[-0.327200097760188,51.4442737092376],[-0.327559671966017,51.444278842083],[-0.327551457018647,51.4445035329424],[-0.327543241963296,51.4447282237924],[-0.327535026799964,51.4449529146331],[-0.327175447197644,51.4449477816767],[-0.327167230127451,51.445172472471],[-0.326807648834248,51.445167338375],[-0.326799429857149,51.4453920291228],[-0.326439846873068,51.4453868938871],[-0.326431625989016,51.4456115845886],[-0.326072041314061,51.4456064482132],[-0.325712456747175,51.4456013107352],[-0.325704232157185,51.4458260013532],[-0.325344645899454,51.4458208627354]]],[[[-0.347571169202821,51.408143533369],[-0.347211884584489,51.4081384662985],[-0.347219985680292,51.4079137580925],[-0.346860702806504,51.4079086899638],[-0.346852600065826,51.408133398127],[-0.346844497225411,51.4083581062805],[-0.346485211161543,51.4083530369652],[-0.346477106576474,51.4085777450663],[-0.346469001891644,51.4088024531577],[-0.346460892497852,51.4090271566995],[-0.346101601687937,51.4090220862344],[-0.346093489201642,51.4092467883853],[-0.346085376612932,51.4094714905234],[-0.345726082499212,51.4094664187391],[-0.345717968104952,51.4096911207539],[-0.34535867239052,51.4096860477611],[-0.345350556190666,51.4099107496525],[-0.344991258875525,51.4099056754511],[-0.344631961662851,51.4099006001517],[-0.344640081269007,51.4096758984815],[-0.34428078586197,51.4096708221948],[-0.344288907068746,51.4094461206225],[-0.343929613467344,51.4094410433485],[-0.343937736274694,51.4092163418742],[-0.343578444478921,51.4092112636129],[-0.343219152785697,51.4092061842536],[-0.343227278896656,51.4089814829879],[-0.342867989009078,51.4089764026414],[-0.342876113842252,51.4087516985919],[-0.342516825586558,51.4087466170797],[-0.342524948365595,51.4085219094598],[-0.342165661854767,51.4085168268894],[-0.342173786178701,51.4082921193028],[-0.341814501412733,51.4082870356744],[-0.341822627281521,51.4080623281209],[-0.34146334426041,51.4080572434345],[-0.341104061339305,51.408052157647],[-0.341112190397751,51.4078274501698],[-0.340752909221519,51.4078223633243],[-0.340761039824708,51.4075976558804],[-0.340401760393344,51.4075925679769],[-0.340409892541235,51.4073678605662],[-0.340050614854735,51.4073627716047],[-0.33969133726832,51.4073576815422],[-0.339699472605645,51.4071329742079],[-0.339340196764109,51.4071278830874],[-0.338980921022699,51.407122790866],[-0.338621645381434,51.4071176975436],[-0.338262369840336,51.4071126031203],[-0.337903094399426,51.407107507596],[-0.337911237860337,51.406882800467],[-0.33755196416438,51.4068777038848],[-0.337192690568652,51.4068726062017],[-0.336833417073172,51.4068675074177],[-0.336825268678032,51.4070922144176],[-0.336465993638084,51.4070871144895],[-0.336474143677963,51.4068624075327],[-0.336114870383046,51.4068573065467],[-0.336123021967287,51.4066325996232],[-0.335763750417397,51.4066274975794],[-0.335755597188441,51.4068522044598],[-0.335396324094169,51.406847101272],[-0.335037051100252,51.4068419969833],[-0.334677778320667,51.4068368914992],[-0.334318505719931,51.4068317848495],[-0.333959233219792,51.4068266770992],[-0.33359996082027,51.4068215682482],[-0.333240688521387,51.4068164582966],[-0.332881416323162,51.4068113472443],[-0.332522144225619,51.4068062350914],[-0.332162872228777,51.4068011218379],[-0.332154702426642,51.407025828226],[-0.331795428881881,51.4070207138224],[-0.331436155437866,51.4070155983181],[-0.331076882094618,51.4070104817132],[-0.330717608852158,51.4070053640076],[-0.330358335710507,51.4070002452014],[-0.329999062669685,51.4069951252946],[-0.3299908828748,51.407219831376],[-0.329631608286176,51.407214710319],[-0.329272333798426,51.4072095881614],[-0.328913059411572,51.4072044649031],[-0.328553785125634,51.4071993405441],[-0.328194510940632,51.4071942150846],[-0.32783523685659,51.4071890885243],[-0.32784342654337,51.40696438274],[-0.32748415420895,51.4069592551286],[-0.327492345443297,51.4067345493838],[-0.327851616129096,51.4067396769456],[-0.32821088691587,51.4067448034068],[-0.328202698978768,51.4069695092506],[-0.328561971515123,51.4069746346607],[-0.328921244152412,51.4069797589701],[-0.329280516890617,51.4069848821789],[-0.32928869988184,51.4067601761865],[-0.329647971072308,51.4067652982451],[-0.330007242363646,51.4067704192032],[-0.330366513755834,51.4067755390605],[-0.330725785248851,51.4067806578173],[-0.331085056842674,51.4067857754734],[-0.331093231489873,51.4065610692236],[-0.331452501535866,51.4065661857296],[-0.331811771682622,51.406571301135],[-0.332171041930121,51.4065764154397],[-0.33253031227834,51.4065815286439],[-0.332538480230292,51.4063568221863],[-0.332897749030609,51.4063619342404],[-0.33288958272726,51.4065866407473],[-0.333248853276859,51.4065917517502],[-0.333608123927115,51.4065968616524],[-0.333616286933256,51.4063721550467],[-0.333257017931605,51.4063670451938],[-0.333265182485626,51.4061423386275],[-0.333624449838694,51.406147448431],[-0.333632612643431,51.4059227418053],[-0.333991878448569,51.4059278504587],[-0.333983717292396,51.4061525571338],[-0.334342984846709,51.4061576647359],[-0.334334825238443,51.4063823714504],[-0.334694094541936,51.4063874780014],[-0.335053364036572,51.4063925833851],[-0.335412633741088,51.4063976875877],[-0.335420788413922,51.4061729807311],[-0.335428942986343,51.4059482738647],[-0.33543709745835,51.4057235669887],[-0.335796362329274,51.4057286699611],[-0.336155627300522,51.4057337718327],[-0.336147476117769,51.4059584787948],[-0.336506742833951,51.4059635796085],[-0.336866009650418,51.4059686793213],[-0.3368578616566,51.4061933863599],[-0.337217130217985,51.4061984850148],[-0.337225276567149,51.4059737779332],[-0.337584543584121,51.4059788754442],[-0.337943810701316,51.4059839718543],[-0.337935667641467,51.406208679022],[-0.338294936503522,51.4062137743742],[-0.338303077918711,51.4059890671635],[-0.338311219233659,51.4057643599431],[-0.338319360448369,51.4055396527131],[-0.338678624476685,51.4055447468354],[-0.338686763946562,51.4053200395527],[-0.339046026430435,51.4053251325311],[-0.339037888605156,51.4055498398567],[-0.339397152833761,51.4055549317772],[-0.339756417162479,51.4055600225969],[-0.339764551698556,51.4053353151852],[-0.339772686134485,51.4051106077639],[-0.339780820470267,51.4048859003329],[-0.340140079965331,51.4048909899227],[-0.340148212556429,51.4046662824391],[-0.339788954705903,51.4046611928923],[-0.339429696955463,51.4046561022446],[-0.339070439305129,51.404651010496],[-0.33906230178042,51.4048757178507],[-0.339054164155522,51.4051004251957],[-0.338694903316226,51.4050953322603],[-0.338703042585679,51.4048706249583],[-0.338343783491089,51.404865530965],[-0.337984524496669,51.4048604358709],[-0.337976381938111,51.4050851430869],[-0.337617121399333,51.4050800468489],[-0.337625265602441,51.4048553396759],[-0.337266006808427,51.4048502423801],[-0.337274152555787,51.4046255352405],[-0.336914895506532,51.4046204368868],[-0.336906748114647,51.4048451439834],[-0.336547489521121,51.4048400444858],[-0.336188231027872,51.4048349438874],[-0.33582897263492,51.4048298421881],[-0.335837124960371,51.4046051352207],[-0.335845277185441,51.4043804282437],[-0.335853429310132,51.4041557212569],[-0.335861581334445,51.4039310142605],[-0.335869733258383,51.4037063072544],[-0.33622898342895,51.4037114087384],[-0.336237133608102,51.4034867016796],[-0.336245283686902,51.4032619946111],[-0.335886036805138,51.4032568932133],[-0.335877885081946,51.4034816002387],[-0.335518636656099,51.403476497697],[-0.335159388330581,51.4034713940545],[-0.335167543342548,51.4032466871153],[-0.334808296820138,51.4032415824016],[-0.334449050594918,51.4032364765419],[-0.334457208794129,51.403011769688],[-0.334097964317761,51.4030066627772],[-0.334089804470266,51.4032313695816],[-0.334081644522114,51.4034560763761],[-0.334073484473303,51.4036807831607],[-0.333714235152612,51.4036756750012],[-0.333722396849749,51.403450968266],[-0.333730558446205,51.4032262615209],[-0.333738719941983,51.4030015547658],[-0.333746881337083,51.4027768480008],[-0.333755042631507,51.4025521412258],[-0.334114283710786,51.4025572491384],[-0.334106124064601,51.4027819559628],[-0.334465366892705,51.4027870628242],[-0.334824609821376,51.4027921685852],[-0.335183853065242,51.4027972732078],[-0.335175698254101,51.4030219801663],[-0.335534943290866,51.4030270837227],[-0.335894188427958,51.4030321861782],[-0.335902339950409,51.4028074791335],[-0.336261583543458,51.4028125804452],[-0.336269733321216,51.4025878733477],[-0.33662897537022,51.4025929735156],[-0.336988217519482,51.4025980725827],[-0.337347459768983,51.402603170549],[-0.337339314924212,51.4028278777756],[-0.337698558918262,51.4028329746842],[-0.337706702118701,51.4026082674146],[-0.337714845218882,51.4023835601353],[-0.337722988218808,51.4021588528464],[-0.337731131118479,51.4019341455477],[-0.33809036863552,51.4019392411835],[-0.338449606252732,51.4019443357185],[-0.338441466641601,51.4021690431031],[-0.338800706003235,51.4021741365804],[-0.339159945464998,51.4021792289569],[-0.339151809042247,51.4024039364178],[-0.339143672519326,51.4026286438691],[-0.339502915369815,51.4026337352308],[-0.339494780391063,51.4028584427155],[-0.339854024985986,51.4028635330194],[-0.339845891551447,51.4030882405373],[-0.339837758016777,51.4033129480456],[-0.340197006000524,51.4033180373346],[-0.34018887401013,51.4035427448762],[-0.340548123738343,51.4035478331074],[-0.340539993292268,51.4037725406823],[-0.340899244764949,51.4037776278556],[-0.341258496337645,51.4037827139281],[-0.341250369080389,51.4040074215792],[-0.341609622397539,51.4040125065938],[-0.341968875814663,51.4040175905076],[-0.342328129331741,51.4040226733206],[-0.342320006907881,51.4042473810908],[-0.342679262169378,51.4042524628458],[-0.342687382948752,51.4040277550327],[-0.343046636665675,51.404032835644],[-0.343038517530787,51.4042575435],[-0.34339777299209,51.4042626230533],[-0.343757028553264,51.4042677015058],[-0.343748912607454,51.4044924094379],[-0.344108169912992,51.4044974868325],[-0.344100055511814,51.4047221947978],[-0.34445931456172,51.4047272711343],[-0.344451201705217,51.4049519791329],[-0.344810462499495,51.4049570544114],[-0.345169723393566,51.404962128589],[-0.345161613726364,51.4051868366636],[-0.345520876364792,51.4051919097832],[-0.345512768242375,51.405416617891],[-0.345872032625163,51.4054216899525],[-0.345863926047573,51.4056463980934],[-0.346223192174727,51.4056514690969],[-0.346215087142008,51.405876177271],[-0.346574355013529,51.4058812472164],[-0.346566251525725,51.4061059554236],[-0.346925521141618,51.4061110243109],[-0.346917419198771,51.4063357325513],[-0.347276690559041,51.4063408003805],[-0.347268590161194,51.406565508654],[-0.347260489663645,51.4067902169179],[-0.347252389066391,51.4070149251721],[-0.347611665460556,51.4070199920287],[-0.347603566408385,51.4072447003161],[-0.347595467256528,51.4074694085938],[-0.347587368004983,51.4076941168619],[-0.347946649433227,51.4076991827458],[-0.348305930961094,51.4077042475288],[-0.348297834899573,51.4079289558727],[-0.348657118171903,51.4079340195975],[-0.348649023655615,51.4081587279745],[-0.34900830867241,51.408163790641],[-0.349016401543814,51.4079390822212],[-0.349375685015288,51.4079441437439],[-0.349367593788768,51.4081688522065],[-0.349359502462664,51.4083935606594],[-0.349718789323472,51.4083986211667],[-0.34971069954271,51.4086233296527],[-0.350069988147973,51.4086283891016],[-0.350061899873899,51.4088530975833],[-0.350421190105618,51.4088581558604],[-0.350413098158672,51.4090828593507],[-0.35040500610958,51.4093075628283],[-0.350045712471664,51.4093025043302],[-0.349686418935903,51.4092974447341],[-0.349327125502319,51.40929238404],[-0.349335222660735,51.409067680894],[-0.348975931032455,51.4090626192125],[-0.34898402946055,51.4088379158426],[-0.348624739508975,51.4088328530479],[-0.348632834324153,51.4086081446997],[-0.348273546117115,51.4086030808467],[-0.348281642477585,51.4083783725317],[-0.347922356015079,51.4083733076204],[-0.3475630696522,51.4083682416081],[-0.347571169202821,51.408143533369]]],[[[-0.335902339950409,51.4028074791335],[-0.335543096457663,51.402802376721],[-0.335183853065242,51.4027972732078],[-0.335192007775972,51.4025725662395],[-0.334832766171078,51.4025674616621],[-0.334840922420172,51.402342754729],[-0.335200162386294,51.4023478592616],[-0.335559402490092,51.4023529626887],[-0.335551249524071,51.4025776697097],[-0.335910491372493,51.4025827720791],[-0.335902339950409,51.4028074791335]]],[[[-0.32783523685659,51.4071890885243],[-0.327827047068753,51.4074137942987],[-0.328186322801463,51.4074189209085],[-0.328178134561258,51.4076436267225],[-0.328169946220014,51.4078683325265],[-0.328161757777731,51.4080930383206],[-0.328153569234406,51.4083177441047],[-0.327794286906815,51.4083126172967],[-0.327435004680212,51.4083074893881],[-0.32744319652104,51.4080827837031],[-0.327451388260784,51.4078580780081],[-0.327459579899446,51.4076333723032],[-0.327100302720035,51.4076282434425],[-0.3271084959063,51.4074035377772],[-0.327116688991464,51.4071788321019],[-0.327475962873527,51.4071839608634],[-0.32783523685659,51.4071890885243]]],[[[-0.348697589258973,51.4068104775673],[-0.348689495240802,51.4070351859926],[-0.348330218547783,51.407030122439],[-0.348322122785197,51.4072548308119],[-0.347962844546982,51.4072497661144],[-0.347970941954361,51.4070250577843],[-0.347979039262076,51.4068003494445],[-0.347987136470131,51.406575641095],[-0.348346409774031,51.4065807056642],[-0.348705683177526,51.4065857691323],[-0.348697589258973,51.4068104775673]]],[[[-0.350110427831706,51.4075048463614],[-0.35010234009404,51.4077295549287],[-0.349743058068373,51.4077244956507],[-0.349751147450884,51.4074997871261],[-0.349391867169578,51.4074947267898],[-0.349032586987809,51.4074896653526],[-0.349040679560404,51.4072649569038],[-0.349399958097353,51.4072700182983],[-0.349759236733837,51.4072750785918],[-0.350118515469835,51.4072801377844],[-0.350110427831706,51.4075048463614]]],[[[-0.35256885192327,51.4091131857049],[-0.352560770123368,51.4093378898508],[-0.352920064491799,51.4093429403382],[-0.352911984303463,51.4095676445813],[-0.353271280488441,51.4095726940804],[-0.35363057677587,51.4095777424815],[-0.353638653536052,51.4093530380189],[-0.353997948211832,51.4093580852122],[-0.353989873165729,51.4095827897846],[-0.354349169657995,51.4095878359897],[-0.354341096223575,51.4098125406592],[-0.354700394532331,51.409817585876],[-0.355059692943452,51.4098226299947],[-0.355051622834889,51.410047334871],[-0.355043552623969,51.4102720397347],[-0.354684250784568,51.4102669953965],[-0.354324949047535,51.4102619499602],[-0.353965647412892,51.4102569034258],[-0.353973722766261,51.4100321988914],[-0.353614422948177,51.4100271513688],[-0.353255123232526,51.4100221027481],[-0.353263201911717,51.4097973984206],[-0.352903904012641,51.4097923488116],[-0.35254460621604,51.4097872981047],[-0.352552688220959,51.4095625939841],[-0.35219339224095,51.4095575422889],[-0.352201475857432,51.4093328382654],[-0.351842181694011,51.409327785582],[-0.351850266922011,51.4091030816557],[-0.352209559371383,51.4091081342293],[-0.35256885192327,51.4091131857049]]],[[[-0.351850266922011,51.4091030816557],[-0.351490974575793,51.4090980279257],[-0.351131682334658,51.409092972832],[-0.351139770875423,51.4088682691207],[-0.350780480439467,51.4088632130396],[-0.350788565656988,51.4086385046964],[-0.350429276852739,51.4086334474495],[-0.350437363343637,51.408408738878],[-0.350078076283803,51.4084036805728],[-0.35008616432009,51.4081789720345],[-0.350094252256835,51.4079542634864],[-0.350453536026867,51.4079593217062],[-0.350461622219203,51.4077346131058],[-0.350820904443843,51.4077396701818],[-0.350812819896377,51.4079643788249],[-0.351172103865342,51.4079694348426],[-0.351164020863272,51.4081941435188],[-0.351523306576568,51.4081991984782],[-0.351882592398436,51.4082042520661],[-0.351874512580756,51.4084289608167],[-0.352233800141103,51.40843401331],[-0.352225721862755,51.4086587220849],[-0.351866432663933,51.408653669558],[-0.351507143563848,51.408648615887],[-0.351499061413466,51.4088733241039],[-0.351858352047461,51.4088783777167],[-0.351850266922011,51.4091030816557]]],[[[-0.373408000279795,51.409404289332],[-0.373048701418686,51.4093993017788],[-0.373040717597847,51.4096240116104],[-0.373032733674829,51.4098487214314],[-0.372673431445236,51.4098437326435],[-0.372665445684674,51.4100684423864],[-0.37230614182192,51.4100634524312],[-0.371946838061391,51.4100584613761],[-0.371587534403107,51.4100534692209],[-0.371579543334195,51.410278178751],[-0.371220238042802,51.4102731854286],[-0.370860932853703,51.4102681910061],[-0.370852938211716,51.4104929003907],[-0.370493631389535,51.4104879048009],[-0.370485634909807,51.4107126141074],[-0.370126326454547,51.4107076173502],[-0.36976701810165,51.4107026194929],[-0.369407709851141,51.4106976205357],[-0.369399708062751,51.4109223296293],[-0.369040398179214,51.4109173295046],[-0.36868108839811,51.4109123282799],[-0.368321778719462,51.4109073259552],[-0.367962469528347,51.4109023221694],[-0.367603160589883,51.4108973171435],[-0.367611171007575,51.4106726084695],[-0.367970478231781,51.4106776133859],[-0.368329785714155,51.4106826170638],[-0.368337792606367,51.4104579081617],[-0.368697098814174,51.4104629103516],[-0.369056405124432,51.4104679114415],[-0.369064408443391,51.4102432023937],[-0.369423713120688,51.4102482023162],[-0.36978301790039,51.4102532011387],[-0.369791017646179,51.4100284919454],[-0.370150320792892,51.4100334896005],[-0.370158318700947,51.4098087803291],[-0.370517620214667,51.4098137768168],[-0.370876921830723,51.4098187722045],[-0.370884916165759,51.4095940627877],[-0.371244216148795,51.409599057008],[-0.371603516234118,51.4096040501285],[-0.371962816421708,51.4096090421489],[-0.371970805448497,51.4093843325192],[-0.372330104003015,51.4093893233724],[-0.372338091192267,51.4091646136646],[-0.37269738811371,51.4091696033505],[-0.373056685137349,51.4091745919364],[-0.373064668753836,51.4089498820832],[-0.373423964144372,51.4089548695018],[-0.373431945288605,51.4087301590961],[-0.373791239086064,51.4087351453823],[-0.374150532984452,51.4087401305672],[-0.374509826983746,51.4087451146509],[-0.374517802356875,51.4085204037151],[-0.374877094748602,51.4085253866597],[-0.374869121083924,51.4087500976333],[-0.37486114672778,51.4089748081768],[-0.374501850928783,51.408969825158],[-0.374493874253406,51.4091945352803],[-0.374134576821211,51.4091895510943],[-0.374126598308446,51.4094142611386],[-0.373767299243056,51.4094092757853],[-0.373408000279795,51.409404289332]]],[[[-0.375759270887216,51.4546235433318],[-0.376118924303449,51.4546285260252],[-0.37611095305779,51.45485322008],[-0.376102981707821,51.4550779141264],[-0.376095010253538,51.4553026081645],[-0.375735351477488,51.4552976254281],[-0.375375692805722,51.4552926415878],[-0.37538366783326,51.4550679475784],[-0.37539164275644,51.4548432535606],[-0.375399617575262,51.4546185595344],[-0.375759270887216,51.4546235433318]]],[[[-0.383425820720069,51.4311249680154],[-0.383433750492843,51.4309002704963],[-0.383074283387255,51.4308953094677],[-0.383082214816116,51.4306706119814],[-0.383090146142376,51.4304459144854],[-0.383449609730652,51.4304508754292],[-0.383809073421457,51.4304558352711],[-0.383801145612489,51.4306805328519],[-0.384160611164448,51.4306854916343],[-0.384152685011596,51.4309101892479],[-0.383793217700964,51.430905230423],[-0.383785289686883,51.4311299279845],[-0.383425820720069,51.4311249680154]]]]}}