{"type":"Feature","properties":{"code":"E63004918","name":"Slough"},"geometry":{"type":"MultiPolygon","coordinates":[[[[-0.52592449330508,51.4957250970272],[-0.526284502738488,51.4957296214637],[-0.526277253638006,51.495954337609],[-0.526270004440247,51.4961790537447],[-0.525909991305986,51.4961745292289],[-0.525549978268996,51.4961700036085],[-0.52555723116763,51.495945287552],[-0.525564483968939,51.4957205714859],[-0.52592449330508,51.4957250970272]]],[[[-0.658858756999492,51.5189020586236],[-0.658865358117545,51.5186773306294],[-0.659225556640945,51.5186814448572],[-0.659585755250253,51.5186855579787],[-0.659945953945443,51.5186896699938],[-0.659939358168036,51.518914398046],[-0.659932762304729,51.5191391260895],[-0.659572560049081,51.5191350140357],[-0.659565962319609,51.5193597420512],[-0.659205758369586,51.5193556288717],[-0.658845554505474,51.5193515145858],[-0.658852155795468,51.5191267866091],[-0.658858756999492,51.5189020586236]]],[[[-0.658845554505474,51.5193515145858],[-0.658838953129507,51.5195762425539],[-0.658832351667567,51.5198009705131],[-0.659192559092268,51.5198050848377],[-0.659185959324681,51.5200298128076],[-0.659179359471141,51.5202545407687],[-0.659172759531645,51.5204792687212],[-0.659532972383322,51.5204833819973],[-0.659893185320895,51.520487494167],[-0.66025339834434,51.5204916052304],[-0.660613611453634,51.5204957151873],[-0.660973824648755,51.5204998240377],[-0.661334037929679,51.5205039317818],[-0.661340627186891,51.5202792037135],[-0.66170083877321,51.5202833103318],[-0.662061050445283,51.5202874158438],[-0.662054464748844,51.5205121439507],[-0.662414678287039,51.5205162483755],[-0.662774891910945,51.5205203516939],[-0.663135105620539,51.5205244539058],[-0.663141685975808,51.5202997257412],[-0.663148266245375,51.5200749975679],[-0.663154846429242,51.5198502693858],[-0.663515054883391,51.5198543704336],[-0.663875263423177,51.5198584703751],[-0.664235472048577,51.5198625692101],[-0.664595680759569,51.5198666669388],[-0.664589107697099,51.5200913951978],[-0.664949318274011,51.5200954918393],[-0.665309528936469,51.5200995873743],[-0.665669739684452,51.520103681803],[-0.666029950517934,51.5201077751253],[-0.666390161436894,51.5201118673411],[-0.666750372441308,51.5201159584506],[-0.667110583531152,51.5201200484536],[-0.667470794706406,51.5201241373503],[-0.667477353526012,51.5198994089379],[-0.667837563006285,51.519903496709],[-0.668197772553133,51.5199075833909],[-0.668557980367997,51.5199116706323],[-0.668918188267942,51.5199157567677],[-0.669278396252944,51.519919841797],[-0.669638604322981,51.5199239257203],[-0.669645152367487,51.5196991971747],[-0.670005358748601,51.5197032799628],[-0.670365565214702,51.5197073616449],[-0.670725771765767,51.5197114422209],[-0.671085978401772,51.5197155216909],[-0.671079437453012,51.519940250353],[-0.671072896419293,51.5201649790061],[-0.671066355300614,51.52038970765],[-0.671426567343428,51.5203937861013],[-0.671786779471141,51.5203978634465],[-0.67214699168373,51.5204019396858],[-0.672507203981174,51.5204060148189],[-0.672500669873578,51.5206307435701],[-0.672860884029866,51.5206348176263],[-0.673221098270964,51.5206388905764],[-0.673214567626575,51.5208636193766],[-0.673208036897359,51.5210883481677],[-0.673201506083314,51.5213130769498],[-0.67319497518444,51.5215378057227],[-0.673555196606625,51.521541877683],[-0.673915418113579,51.5215459485371],[-0.674275639705278,51.5215500182852],[-0.674635861381701,51.5215540869271],[-0.674642385184127,51.521329358038],[-0.674648908901815,51.5211046291398],[-0.675009127114729,51.5211086966176],[-0.675015648973612,51.5208839676813],[-0.675375865497129,51.520888034024],[-0.675382385497252,51.5206633050496],[-0.675388905412686,51.5204385760661],[-0.675395425243436,51.5202138470735],[-0.6754019449895,51.5199891180718],[-0.675408464650881,51.519764389061],[-0.67541498422758,51.5195396600412],[-0.675421503719599,51.5193149310122],[-0.675061299613936,51.5193108648726],[-0.675067820795164,51.5190861358635],[-0.675074341891691,51.5188614068454],[-0.675434542449602,51.5188654729271],[-0.67579474309215,51.5188695379027],[-0.675801260556294,51.5186448088175],[-0.676161459509611,51.5186488726581],[-0.676521658547517,51.5186529353928],[-0.676881857669989,51.5186569970215],[-0.677242056877005,51.5186610575442],[-0.67760225616854,51.5186651169609],[-0.677962455544573,51.5186691752716],[-0.67832265500508,51.5186732324763],[-0.678682854550038,51.518677288575],[-0.679043054179425,51.5186813435677],[-0.679049555594474,51.5184566142128],[-0.67868935773892,51.518452559249],[-0.678695860843335,51.518227829914],[-0.67905605692508,51.5182318848489],[-0.679062558171243,51.5180071554758],[-0.6794227525636,51.5180112092758],[-0.679782947040337,51.5180152619699],[-0.680143141601428,51.5180193135579],[-0.680136645676634,51.5182440430177],[-0.680496842095849,51.5182480935286],[-0.680857038599375,51.5182521429336],[-0.681217235187189,51.5182561912327],[-0.681223725790601,51.5180314616863],[-0.681583920688882,51.5180355088505],[-0.681590409434217,51.5178107792662],[-0.681596898095273,51.5175860496728],[-0.681957089530266,51.5175900956733],[-0.681963576333316,51.517365366042],[-0.681970063114097,51.5171406364455],[-0.681976550231365,51.5169159071382],[-0.68198303726485,51.5166911778221],[-0.681622852905667,51.5166871319264],[-0.681629341616117,51.5164624026226],[-0.681635830242761,51.5162376733099],[-0.681642318785602,51.5160129439884],[-0.68200249786261,51.516016989821],[-0.68200898456097,51.5157922604697],[-0.681648807244642,51.5157882146581],[-0.681288630012077,51.5157841677405],[-0.681295120147971,51.5155594384224],[-0.680934944759845,51.5155553904197],[-0.680574769455526,51.5155513413107],[-0.680581263028859,51.515326612026],[-0.680587756518325,51.5151018827325],[-0.680947928301409,51.5151059317993],[-0.681308100168297,51.51510997976],[-0.681668272118966,51.5151140266145],[-0.682028444153394,51.5151180723629],[-0.682388616271558,51.5151221170051],[-0.682395100874229,51.5148973875975],[-0.68240158539315,51.5146726581812],[-0.682761754073869,51.5146767016752],[-0.683121922838275,51.5146807440631],[-0.683482091686345,51.5146847853449],[-0.683842260618058,51.5146888255206],[-0.684202429633389,51.5146928645902],[-0.684195953917321,51.5149175941116],[-0.683835783141416,51.5149135550211],[-0.683829305581116,51.5151382845127],[-0.683822827937158,51.5153630139955],[-0.683816350209539,51.5155877434696],[-0.683809872398259,51.5158124729348],[-0.683449694663458,51.5158084326541],[-0.683443215007828,51.5160331620895],[-0.68343673526851,51.5162578915161],[-0.683430255445505,51.5164826209339],[-0.683423775538808,51.516707350343],[-0.683063590844779,51.516703308872],[-0.683057109093615,51.5169280382512],[-0.683050627258735,51.5171527676216],[-0.683044145822293,51.5173774973213],[-0.68303766434044,51.5176022270391],[-0.683031182774403,51.5178269567478],[-0.683024701124179,51.5180516864475],[-0.683018219389767,51.518276416138],[-0.683011737571167,51.5185011458195],[-0.682651538788434,51.5184971030216],[-0.682645055111793,51.5187218326651],[-0.682638571350938,51.5189465622996],[-0.682278369104662,51.518942518338],[-0.682271883485696,51.5191672479346],[-0.681911679549728,51.5191632028382],[-0.681551475697985,51.5191591566357],[-0.68154498644695,51.5193838861655],[-0.681184780905542,51.5193798388282],[-0.681178289796284,51.51960456832],[-0.681171798602714,51.5198292978028],[-0.681165307324829,51.5200540272765],[-0.681158815962629,51.5202787567411],[-0.681152324516111,51.5205034861966],[-0.681145832985275,51.520728215643],[-0.681139341370119,51.5209529450803],[-0.680779123494967,51.5209488964349],[-0.680418905704119,51.5209448466835],[-0.680058687997599,51.5209407958259],[-0.680052190975843,51.5211655251675],[-0.679691971579584,51.521161473175],[-0.6793317522677,51.5211574200763],[-0.678971533040214,51.5211533658716],[-0.678978035384236,51.5209286366167],[-0.678617818015256,51.5209245813348],[-0.678624322048881,51.5206998520997],[-0.678264106538406,51.5206957957406],[-0.678270612261588,51.5204710665254],[-0.678277117900267,51.5202463373011],[-0.677916906022307,51.5202422798938],[-0.677910398609614,51.5204670090892],[-0.677903891112395,51.5206917382755],[-0.67789738353065,51.5209164674527],[-0.677537166415068,51.5209124088526],[-0.677176949383999,51.5209083491463],[-0.676816732437464,51.520904288334],[-0.676810219448951,51.5211290174153],[-0.676450000812897,51.5211249554679],[-0.676443485965685,51.5213496845111],[-0.676083265640115,51.5213456214287],[-0.676076748934159,51.5215703504338],[-0.676070232143557,51.5217950794299],[-0.676430456017393,51.5217991425703],[-0.676790679975816,51.5218032046046],[-0.677150904018802,51.5218072655327],[-0.677144392466057,51.5220319946066],[-0.677504618367755,51.5220360544576],[-0.677864844353972,51.5220401132025],[-0.678225070424686,51.5220441708413],[-0.678585296579872,51.5220482273739],[-0.678945522819509,51.5220522828004],[-0.679305749143572,51.5220563371208],[-0.679665975552039,51.522060390335],[-0.680026202044888,51.5220644424432],[-0.680386428622094,51.5220684934451],[-0.680746655283636,51.522072543341],[-0.680740161388321,51.5222972726949],[-0.681100389908383,51.5223013215136],[-0.681460618512736,51.522305369226],[-0.681820847201358,51.5223094158323],[-0.682181075974223,51.5223134613325],[-0.68254130483131,51.5223175057266],[-0.682901533772596,51.5223215490145],[-0.683261762798057,51.5223255911962],[-0.683255281238043,51.522550320743],[-0.6836155121219,51.5225543618474],[-0.683621991907671,51.5223296322718],[-0.683982221101414,51.5223336722413],[-0.684342450379265,51.5223377111046],[-0.684702679741199,51.5223417488618],[-0.685062909215176,51.522345785909],[-0.685069381838572,51.5221210562309],[-0.685429609673291,51.522125092461],[-0.68578983759093,51.5221291275844],[-0.685783368455158,51.5223538572889],[-0.685776899236449,51.5225785869849],[-0.686137130724635,51.522582621028],[-0.686130663166846,51.5228073507286],[-0.6857704299348,51.5228033166724],[-0.685410196785656,51.5227992815094],[-0.685049963719435,51.5227952452397],[-0.684689730731024,51.5227912081766],[-0.684329497820575,51.5227871703618],[-0.683969264994211,51.5227831314409],[-0.683962786814386,51.5230078610271],[-0.683602552297843,51.5230038209713],[-0.683596072259555,51.5232285505196],[-0.683235836052835,51.5232245093287],[-0.683229354156037,51.5234492388392],[-0.682869116259143,51.5234451965133],[-0.682862632503791,51.5236699259859],[-0.682502392916725,51.523665882525],[-0.682142153413866,51.523661837958],[-0.681781913995238,51.5236577922847],[-0.681421674660863,51.5236537455053],[-0.681061435410764,51.5236496976197],[-0.680701196244964,51.5236456486279],[-0.680340957163486,51.5236415985299],[-0.680334460903301,51.5238663277913],[-0.680327964558729,51.5240910570437],[-0.680688207188967,51.5240951071995],[-0.681048449903529,51.5240991562491],[-0.6810419570234,51.5243238855501],[-0.681035464058928,51.5245486148421],[-0.680675217795511,51.5245445657348],[-0.680668722972232,51.5247692949888],[-0.680662228064585,51.5249940242337],[-0.681022477876949,51.5249980733988],[-0.681015984659439,51.5252228026635],[-0.680655733072567,51.5252187534696],[-0.680295481570028,51.5252147031694],[-0.680301978336552,51.5249899739624],[-0.680308475018683,51.5247652447464],[-0.679948227149485,51.5247611933977],[-0.679954725521683,51.5245364642015],[-0.679594479511319,51.5245324117755],[-0.679234233585351,51.5245283582433],[-0.678873987743804,51.5245243036049],[-0.678513741986699,51.5245202478602],[-0.678520247372213,51.5242955187705],[-0.678160003474003,51.5242914619486],[-0.678153496314061,51.5245161910093],[-0.67779325072591,51.5245121330522],[-0.677433005222273,51.5245080739889],[-0.67707275980317,51.5245040138194],[-0.676712514468625,51.5244999525436],[-0.676706000126362,51.5247246814794],[-0.676345753101953,51.5247206190684],[-0.67598550616215,51.5247165555512],[-0.675625259306974,51.5247124909278],[-0.67526501253645,51.5247084251982],[-0.6749047658506,51.5247043583623],[-0.674898242551393,51.5249290871441],[-0.674891719167447,51.5251538159167],[-0.674531469017351,51.5251497479166],[-0.67452494377416,51.5253744766511],[-0.674518418823346,51.5255992063221],[-0.674511894282971,51.5258239372255],[-0.674872149817159,51.5258280054613],[-0.674878672552178,51.5256032744538],[-0.675238926366826,51.525607341482],[-0.675232405437164,51.5258320725936],[-0.675225884421664,51.5260568036935],[-0.674865626996278,51.5260527364571],[-0.674505369656711,51.5260486681171],[-0.674145112402987,51.5260445986735],[-0.674138585885441,51.5262693294491],[-0.674132059281984,51.5264940602129],[-0.674125532592614,51.5267187909648],[-0.674119005817331,51.526943521705],[-0.674112478956132,51.5271682524333],[-0.674105952009018,51.5273929831498],[-0.674466220095496,51.5273970532183],[-0.674472745237094,51.5271723223977],[-0.674833011603905,51.5271763912584],[-0.674826488267826,51.5274011221832],[-0.674819964845875,51.5276258530962],[-0.674459694868004,51.5276217840272],[-0.674453169554615,51.5278465148242],[-0.674446644155328,51.5280712456094],[-0.674440118670142,51.5282959763828],[-0.674079843361362,51.5282919058977],[-0.673719568138461,51.5282878343089],[-0.673359293001466,51.5282837616165],[-0.672999017950397,51.5282796878204],[-0.672638742985279,51.5282756129207],[-0.672278468106136,51.5282715369173],[-0.67191819331299,51.5282674598103],[-0.671924731437418,51.5280427297662],[-0.671564458535893,51.5280386516598],[-0.671204185720412,51.5280345724497],[-0.670843912990997,51.528030492136],[-0.670837369449774,51.5282552218674],[-0.670477095000854,51.5282511403459],[-0.670116820638049,51.5282470577207],[-0.669756546361382,51.5282429739918],[-0.669396272170877,51.5282388891594],[-0.669389721321053,51.5284636184619],[-0.669383170385001,51.5286883477526],[-0.66937661936272,51.5289130770314],[-0.669016339841491,51.5289089907825],[-0.668656060406476,51.5289049034299],[-0.668295781057698,51.5289008149736],[-0.667935500505879,51.5288967267383],[-0.667575219535106,51.5288926379181],[-0.667568659388687,51.5291173666868],[-0.667208376711408,51.529113276653],[-0.666848094119972,51.5291091855157],[-0.666841530302991,51.5293339140517],[-0.666834966400099,51.5295586425757],[-0.666828402411296,51.5297833710876],[-0.66682183833658,51.5300080995875],[-0.66681527417595,51.5302328280753],[-0.666808709929403,51.530457556551],[-0.666802145596939,51.5306822850147],[-0.666795581178556,51.5309070134664],[-0.666789016674252,51.5311317419059],[-0.667149315397664,51.5311358340361],[-0.667142752599996,51.531360562574],[-0.667136189716429,51.5315852910998],[-0.666775887407878,51.5315811987489],[-0.666769322645804,51.5318059271523],[-0.666762757797805,51.5320306555437],[-0.666756192863877,51.532255383923],[-0.66674962784402,51.5324801122903],[-0.666743062738232,51.5327048406454],[-0.666382751552323,51.5327007466394],[-0.666022440452328,51.5326966515297],[-0.666015871675172,51.5329213796521],[-0.666009302812037,51.5331461077625],[-0.666369617497489,51.5331502030929],[-0.666363050341136,51.5333749313016],[-0.666002733862921,51.5333708358608],[-0.665996164827821,51.5335955639471],[-0.666356483098823,51.5335996594982],[-0.666349915770548,51.5338243876827],[-0.666343345347908,51.5340491146833],[-0.666703667224203,51.5340532093177],[-0.667063989186088,51.5340573028481],[-0.667424311233539,51.5340613952744],[-0.667430876450904,51.5338366680347],[-0.667791196800017,51.5338407592583],[-0.667784633366532,51.5340654865967],[-0.667778069847503,51.5342902139234],[-0.667771506242927,51.5345149412385],[-0.667411180542102,51.5345108497189],[-0.667050854926823,51.5345067570952],[-0.666690529397112,51.5345026633675],[-0.666683960355142,51.5347273903749],[-0.666677391227554,51.5349521173707],[-0.667037720325182,51.5349562112958],[-0.667031152895967,51.5351809383787],[-0.667024585381155,51.5354056654499],[-0.667018017780742,51.5356303925095],[-0.667011450094728,51.5358551195574],[-0.667371786414047,51.5358592127733],[-0.667365220426518,51.5360839399083],[-0.667358654353408,51.5363086670317],[-0.667718994326483,51.5363127593408],[-0.667712429951925,51.5365374865513],[-0.667705865491807,51.5367622137501],[-0.668066209118713,51.5367663051525],[-0.668059646357214,51.5369910324383],[-0.668053083510175,51.5372157597126],[-0.668413430059273,51.5372198512221],[-0.668406868944438,51.5374445785513],[-0.668400307743368,51.537669305869],[-0.668393746456062,51.5378940331752],[-0.668387185082517,51.5381187604698],[-0.668380623622732,51.5383434877529],[-0.668740978803781,51.5383475792939],[-0.669101334071024,51.5383516697305],[-0.669094776132912,51.5385763971939],[-0.669088218108603,51.5388011246457],[-0.669081659998097,51.539025852086],[-0.669075101801392,51.5392505795148],[-0.66943546437078,51.5392546692307],[-0.669428907891927,51.5394793967438],[-0.669068543518486,51.5394753069321],[-0.668708179231223,51.539471216016],[-0.668347815030159,51.5394671239956],[-0.667987450334725,51.5394630318155],[-0.667980886546641,51.5396877589618],[-0.667974322672999,51.5399124860965],[-0.667967758713798,51.5401372132195],[-0.667961194669035,51.540361940331],[-0.667954630538709,51.5405866674308],[-0.66831500428137,51.5405907599501],[-0.66830844187285,51.5408154871064],[-0.668301879378072,51.5410402142512],[-0.668295316797036,51.5412649413845],[-0.668288754129738,51.5414896685062],[-0.668282191376179,51.5417143956164],[-0.668275628536357,51.5419391227151],[-0.6686360125835,51.5419432157905],[-0.668629451452692,51.5421679429689],[-0.66826906561027,51.5421638498022],[-0.66826249971108,51.5423885754198],[-0.667902111603784,51.5423844824292],[-0.667541723437914,51.5423803886323],[-0.667181335356882,51.5423762937291],[-0.666820947360712,51.5423721977198],[-0.666814374259317,51.5425969231393],[-0.666807801073025,51.542821648549],[-0.666447409633293,51.5428175513346],[-0.666440834597845,51.5430422766849],[-0.666434259477474,51.5432670020255],[-0.666073864594117,51.5432629036059],[-0.66606728762452,51.5434876288871],[-0.666060710569975,51.5437123541585],[-0.66605413343048,51.5439370794201],[-0.665693733339088,51.5439329797459],[-0.665687154350273,51.5441577049481],[-0.665326752579476,51.5441536041182],[-0.66533333333266,51.5439288789655],[-0.664972933411217,51.5439247770789],[-0.664979515843747,51.5437000519658],[-0.664986098191258,51.5434753268429],[-0.665346494584036,51.5434794286305],[-0.665353075082233,51.5432547034483],[-0.665359655495437,51.5430299782562],[-0.664999262631231,51.5430258765676],[-0.665005844723696,51.5428011514152],[-0.664645453708744,51.5427970486699],[-0.664638869852029,51.5430217737728],[-0.664278477157852,51.5430176698718],[-0.664271891451828,51.5432423949153],[-0.664265305660742,51.543467119949],[-0.66390490952305,51.5434630148428],[-0.663544513470433,51.5434589086303],[-0.663551102790105,51.5432341836957],[-0.663190708586875,51.5432300764266],[-0.662830314468765,51.5432259680513],[-0.662836907231863,51.5430012432059],[-0.662476514963159,51.542997133774],[-0.662483109405347,51.5427724089683],[-0.662122718986046,51.5427682984798],[-0.662129315107279,51.5425435737138],[-0.662135911143317,51.5423188489381],[-0.661775524337611,51.5423147374425],[-0.661782121171929,51.5420900125028],[-0.661421736176151,51.5420858999577],[-0.661061351266339,51.5420817863082],[-0.660700966442516,51.5420776715544],[-0.660340581704705,51.5420735556963],[-0.660333977967055,51.5422982803987],[-0.659973591587597,51.5422941633724],[-0.659613205293459,51.5422900452399],[-0.659252819084662,51.5422859260013],[-0.65924620893512,51.5425106503802],[-0.659239598700199,51.5427353747493],[-0.6592329883799,51.5429600991085],[-0.659226377974221,51.5431848234579],[-0.658865984793925,51.5431807029145],[-0.658872596963855,51.5429559786148],[-0.6585122056332,51.5429518570149],[-0.65815181438796,51.5429477343088],[-0.658145198689535,51.5431724585092],[-0.65813858290566,51.5433971826997],[-0.657778188217342,51.5433930587881],[-0.657771570583723,51.5436177829192],[-0.657411174216578,51.5436136578517],[-0.657417793614488,51.5433889337704],[-0.657057399097119,51.5433848076464],[-0.656697004665259,51.5433806804162],[-0.65633661031893,51.5433765520799],[-0.656343234924134,51.5431518281378],[-0.656349859443774,51.5429271041859],[-0.656710250261599,51.5429312324228],[-0.656716872931459,51.5427065084113],[-0.656723495515778,51.54248178439],[-0.657083882890719,51.5424859114213],[-0.657090503625329,51.5422611873405],[-0.657097122938784,51.542036463278],[-0.65673673906237,51.5420323363766],[-0.656376355272222,51.5420282083709],[-0.656015971568365,51.5420240792608],[-0.656022595192445,51.5417993555044],[-0.655662213359566,51.541795225389],[-0.655668838681952,51.5415705017199],[-0.655308458720049,51.5415663705992],[-0.654948078844502,51.5415622383742],[-0.654587699055335,51.5415581050449],[-0.65422731935257,51.5415539706113],[-0.653866939736232,51.5415498350734],[-0.653506560206342,51.5415456984312],[-0.653146180762925,51.5415415606848],[-0.652785801406004,51.541537421834],[-0.6524254221356,51.541533281879],[-0.652418780751503,51.5417580046567],[-0.652058399783014,51.5417538634983],[-0.651698018901092,51.5417497212356],[-0.651337637650535,51.5417455788954],[-0.650977256089469,51.5417414363449],[-0.650616874615009,51.5417372926877],[-0.650256493227177,51.5417331479238],[-0.65024984103591,51.5419578703587],[-0.649889457950931,51.5419537244532],[-0.649882803796206,51.5421784468803],[-0.649522419049689,51.5421742998189],[-0.649162034389265,51.5421701516514],[-0.649168692041025,51.5419454293222],[-0.648808309216143,51.5419412800968],[-0.648814968542585,51.5417165578019],[-0.648821627782263,51.5414918354977],[-0.649182007039585,51.5414959846531],[-0.649542386383626,51.541500132702],[-0.649902765814362,51.5415042796441],[-0.649909419616034,51.5412795572257],[-0.649916073331014,51.5410548347979],[-0.649922726959301,51.5408301123608],[-0.649929380500897,51.5406053899144],[-0.649936033955806,51.5403806674586],[-0.649942687324026,51.5401559449936],[-0.649949340605561,51.5399312225193],[-0.649955993800411,51.5397065000357],[-0.649962646908578,51.5394817775427],[-0.649969299930064,51.5392570550405],[-0.64997595286487,51.5390323325289],[-0.649982605712997,51.5388076100081],[-0.649989258474448,51.5385828874779],[-0.649995911149223,51.5383581649385],[-0.650002563737324,51.5381334423897],[-0.649642211060389,51.5381292959722],[-0.649281858470128,51.5381251484482],[-0.648921505966563,51.5381209998177],[-0.648561153549718,51.5381168500806],[-0.648200801219615,51.538112699237],[-0.648207462638039,51.5378879768539],[-0.648214123969677,51.5376632544615],[-0.648574472733011,51.537667405235],[-0.648934821583083,51.5376715549021],[-0.648928163818194,51.5378962773645],[-0.649288514538359,51.53790042596],[-0.64964886534522,51.5379045734491],[-0.650009216238753,51.5379087198316],[-0.650015868653509,51.5376839972642],[-0.65037621785031,51.5376881425053],[-0.65038286839504,51.5374634198936],[-0.650389518853125,51.5372386972726],[-0.650029173223017,51.5372345521015],[-0.649668827679552,51.5372304058239],[-0.649308482222756,51.5372262584398],[-0.649315137944127,51.5370015359145],[-0.648954794357328,51.5369973874589],[-0.648961451775271,51.5367726649593],[-0.648968109106482,51.5365479424503],[-0.649328449126737,51.5365520908359],[-0.649335104587979,51.5363273682826],[-0.648974766350962,51.536323219932],[-0.648981423508712,51.5360984974044],[-0.648621087141615,51.5360943479824],[-0.648260750861248,51.5360901974539],[-0.647900414667633,51.536086045819],[-0.64790707708822,51.5358613233872],[-0.647546742764567,51.5358571706809],[-0.64718640852771,51.5358530168682],[-0.647193074427825,51.535628294497],[-0.647199740241099,51.5354035721166],[-0.647560070911656,51.5354077258593],[-0.647566734854976,51.5351830034345],[-0.647573398711481,51.5349582810004],[-0.647580062481173,51.534733558557],[-0.647940387889245,51.5347377110882],[-0.647933725902624,51.5349624335666],[-0.647927063829212,51.5351871560357],[-0.648287392890216,51.5351913075305],[-0.648294053180534,51.5349665850264],[-0.648300713384083,51.534741862513],[-0.648661038965665,51.5347460128314],[-0.648667697299399,51.5345212902737],[-0.64902802118465,51.5345254394507],[-0.649021364633967,51.5347501620434],[-0.649381690388967,51.5347543101491],[-0.649375035534642,51.5349790327675],[-0.649735363159392,51.5349831798018],[-0.649742016230641,51.5347584571484],[-0.650102342158965,51.5347626030413],[-0.650108993360484,51.5345378803436],[-0.650469317592378,51.5345420250951],[-0.650462668173918,51.5347667478278],[-0.650822994275474,51.5347708915079],[-0.651183320463614,51.5347750340817],[-0.651543646704981,51.5347791755465],[-0.6519039721877,51.5347833158418],[-0.652264297756963,51.534787455033],[-0.652270938242166,51.5345627319926],[-0.652277578640827,51.5343380089404],[-0.652284218952948,51.5341132858766],[-0.651923898735346,51.5341091469825],[-0.651930540744769,51.5338844240061],[-0.651937180485523,51.5336597004224],[-0.651943819525022,51.5334349766589],[-0.651950458477633,51.5332102528833],[-0.651590145455267,51.5332061133],[-0.651229831840739,51.5332019720977],[-0.650869518177679,51.533197829685],[-0.650876162479577,51.532973106059],[-0.650515850720719,51.5329689625496],[-0.650155539049678,51.532964817933],[-0.649795227466479,51.5329606722092],[-0.649434915971144,51.5329565253781],[-0.649074604563698,51.5329523774398],[-0.648714293244164,51.5329482283943],[-0.648353982012565,51.5329440782417],[-0.648360638941288,51.532719354681],[-0.648000329614021,51.5327152034317],[-0.648006988271102,51.5324904798733],[-0.648013646840168,51.5322657563064],[-0.647653341233556,51.532261603971],[-0.647646680848165,51.5324863275273],[-0.647286373513231,51.5324821740741],[-0.647279711223456,51.5327068976114],[-0.646919402160204,51.5327027430404],[-0.646559093185005,51.5326985873622],[-0.646552427174432,51.5329233108699],[-0.646192116470942,51.5329191540739],[-0.646185448555869,51.5331438775625],[-0.64617878055266,51.5333686010427],[-0.645818466304474,51.5333644431182],[-0.645458152144414,51.5333602840865],[-0.645097838072506,51.5333561239476],[-0.644737524088772,51.5333519627014],[-0.644730848731698,51.5335766861307],[-0.644370533019735,51.5335725237666],[-0.644010217395995,51.5335683602953],[-0.643649901860502,51.5335641957167],[-0.643656582666856,51.5333394723195],[-0.643663263384908,51.5331147489139],[-0.643669944014662,51.5328900254999],[-0.644030254100949,51.5328941900464],[-0.64403693282605,51.5326694666133],[-0.644397241184224,51.5326736300419],[-0.644403918004719,51.5324489065897],[-0.644410594736965,51.5322241831291],[-0.644417271380966,51.5319994596601],[-0.644777574378423,51.5320036219495],[-0.64513787746407,51.5320077831317],[-0.645144550387294,51.531783059633],[-0.645151223222323,51.5315583361259],[-0.645157895969156,51.5313336126103],[-0.645164568627795,51.5311088890864],[-0.644804272807071,51.5311047279468],[-0.644810947193691,51.5308800044251],[-0.644817621492096,51.530655280895],[-0.644457329391875,51.5306511186696],[-0.644464005418192,51.5304263951417],[-0.644470681356275,51.5302016716055],[-0.644477357206125,51.5299769480608],[-0.644484032967743,51.5297522245078],[-0.644123748220075,51.5297480612179],[-0.644130425709493,51.5295233376671],[-0.64413710311066,51.5292986141079],[-0.643776822083244,51.5292944497323],[-0.643416541144071,51.5292902842496],[-0.643423222088947,51.5290655607034],[-0.643062943054016,51.5290613941244],[-0.643069625726551,51.5288366705804],[-0.643076308310768,51.5286119470281],[-0.64308299080667,51.5283872234674],[-0.642722717307816,51.5283830558134],[-0.642729401531286,51.5281583322549],[-0.642736085666419,51.5279336086881],[-0.642742769713219,51.5277088851128],[-0.642749453671684,51.5274841615291],[-0.642756137541818,51.527259437937],[-0.643116401961494,51.5272636055375],[-0.643123083927532,51.5270388819263],[-0.643129765805265,51.5268141583067],[-0.643136447594695,51.5265894346787],[-0.643496706655413,51.5265936011401],[-0.643503386540844,51.526368877493],[-0.643510066337997,51.5261441538375],[-0.643516746046874,51.5259194301735],[-0.643523425667477,51.5256947065012],[-0.643530105198767,51.5254699822878],[-0.64353678463553,51.5252452549486],[-0.643543463983736,51.5250205276015],[-0.643550143243387,51.5247958002465],[-0.643556822414485,51.5245710728836],[-0.643563501497032,51.5243463455128],[-0.643570180491028,51.5241216181341],[-0.643576859396475,51.5238968907475],[-0.643216622177753,51.5238927242493],[-0.643223302817789,51.5236679968518],[-0.643229983369255,51.5234432694465],[-0.643236663832155,51.5232185420333],[-0.64359689558154,51.5232227085402],[-0.643957127419436,51.5232268739398],[-0.64431735934582,51.5232310382321],[-0.644677591360667,51.523235201417],[-0.645037823463954,51.5232393634945],[-0.645398055655657,51.5232435244647],[-0.645758287935752,51.5232476843275],[-0.645764955548595,51.5230229569269],[-0.645404725091574,51.5230187970612],[-0.645411394439069,51.5227940696497],[-0.64541806369814,51.5225693422304],[-0.645424732868791,51.5223446148031],[-0.64506450796924,51.5223404538211],[-0.645057836975586,51.5225651812513],[-0.645051165893489,51.5227899086736],[-0.644690937436321,51.5227857465902],[-0.64433070906759,51.5227815833994],[-0.64397048078732,51.5227774191013],[-0.643610252595534,51.5227732536959],[-0.643616930969721,51.5225485262619],[-0.64362360925537,51.52232379882],[-0.64398383380114,51.5223279642312],[-0.643990510175279,51.5221032367843],[-0.643630287452482,51.5220990713701],[-0.643270064818189,51.5220949048486],[-0.643276744749715,51.521870177388],[-0.643283424592683,51.5216454499195],[-0.643643643581103,51.5216496164468],[-0.644003862658024,51.5216537818668],[-0.643997186460906,51.5218785093295],[-0.644357407449231,51.5218826736393],[-0.644364081823421,51.5216579461795],[-0.644724301077271,51.521662109385],[-0.644730973540069,51.5214373819202],[-0.644370756109125,51.5214332187119],[-0.644010538766633,51.5214290543962],[-0.643650321512615,51.5214248889733],[-0.643290104347096,51.521420722443],[-0.6429298872701,51.5214165548055],[-0.64256967028165,51.5214123860608],[-0.642562986881439,51.521637113543],[-0.642202768158662,51.5216329436938],[-0.641842549524479,51.5216287727373],[-0.641835862389828,51.5218535002174],[-0.642196082846928,51.521857671171],[-0.642189397446568,51.5220823986403],[-0.642182711957578,51.5223071261017],[-0.642542936149186,51.5223112959422],[-0.642536252394556,51.5225360233929],[-0.642529568551318,51.5227607508356],[-0.642169340713706,51.5227565810008],[-0.641809112964697,51.5227524100587],[-0.641815800453961,51.5225276826102],[-0.641455574616589,51.5225235105579],[-0.641095348867865,51.5225193373983],[-0.640735123207814,51.5225151631313],[-0.640374897636458,51.522510987757],[-0.64036820285516,51.5227357152169],[-0.640728430249522,51.5227398905883],[-0.641088657732581,51.5227440648524],[-0.641448885304314,51.5227482380092],[-0.641442195903359,51.5229729654527],[-0.641802425386776,51.5229771374993],[-0.642162654958821,51.5229813084385],[-0.642522884619471,51.5229854782704],[-0.642883114368701,51.522989646995],[-0.642876432171304,51.523214374419],[-0.642869749885317,51.5234391018351],[-0.642509516489939,51.5234349331163],[-0.642149283183145,51.5234307632902],[-0.64214259716235,51.5236554907042],[-0.641782362121057,51.5236513197736],[-0.641775674188493,51.5238760471825],[-0.642135911052916,51.5238802181103],[-0.642129224854841,51.5241049455085],[-0.642122538568123,51.5243296728988],[-0.642115852192762,51.5245544002812],[-0.642109165728754,51.5247791276557],[-0.6421024791761,51.5250038550222],[-0.642095792534797,51.5252285823809],[-0.642089105804844,51.5254533097317],[-0.642082419004877,51.5256780341854],[-0.642075732121775,51.5259027578149],[-0.641715478861285,51.5258985869578],[-0.64170879007417,51.5261233105682],[-0.641702101198664,51.5263480341701],[-0.641695412234763,51.5265727577636],[-0.641688723182467,51.5267974813488],[-0.641682034041773,51.5270222049255],[-0.641321771791196,51.5270180329078],[-0.641315080746344,51.5272427564654],[-0.641308389613068,51.5274674800146],[-0.641668655495189,51.5274716520537],[-0.641661966089294,51.5276963756052],[-0.641301698391368,51.5276922035553],[-0.64129500708124,51.5279169270877],[-0.641288315682684,51.5281416506116],[-0.641281624195699,51.5283663741271],[-0.641274932620283,51.5285910976342],[-0.641268240956434,51.528815821133],[-0.641628517733744,51.5288199932366],[-0.641621827797407,51.5290447167376],[-0.641615137772658,51.5292694402303],[-0.641975418270268,51.5292736112483],[-0.6419687299731,51.5294983347433],[-0.64196204158754,51.5297230582298],[-0.641601757457916,51.5297188871904],[-0.641241473416679,51.5297147150438],[-0.640881189463852,51.5297105417901],[-0.640874495541778,51.5299352652361],[-0.641234781310643,51.5299394385005],[-0.641595067167921,51.5299436106578],[-0.641955353113587,51.529947781708],[-0.642315639147616,51.5299519516511],[-0.642675925269987,51.5299561204872],[-0.642669240339773,51.5301808439784],[-0.64266255532121,51.5304055674612],[-0.642655870214295,51.5306302909355],[-0.642649185019027,51.5308550144015],[-0.642642499735405,51.5310797378591],[-0.642635814363427,51.5313044613083],[-0.642629128903092,51.531529184749],[-0.642622443354398,51.5317539081814],[-0.642615757717343,51.5319786316054],[-0.642255455249517,51.5319744626729],[-0.641895152870045,51.5319702926332],[-0.64153485057895,51.5319661214864],[-0.641174548376258,51.5319619492324],[-0.641167855385735,51.532186672605],[-0.640807551455195,51.5321824992331],[-0.64080085655992,51.5324072225865],[-0.640794161576163,51.5326319459316],[-0.640433854101461,51.532627771431],[-0.640427157212879,51.5328524947569],[-0.640787466503922,51.5328566692682],[-0.64114777588342,51.5328608426725],[-0.641508085351349,51.5328650149694],[-0.641501393823357,51.5330897383192],[-0.641494702206926,51.5333144616605],[-0.641134389106238,51.533310289342],[-0.640774076093984,51.5333061159164],[-0.640413763170188,51.5333019413834],[-0.640420460235788,51.5330772180743],[-0.64006014921686,51.5330730424449],[-0.640053450334873,51.5332977657433],[-0.640046751364352,51.5335224890332],[-0.640040052305293,51.5337472123147],[-0.640033352113375,51.5339719346569],[-0.63967303396899,51.5339677578913],[-0.639666331234083,51.5341924795898],[-0.63965962841186,51.5344172012791],[-0.639652925502319,51.534641922959],[-0.639646222505459,51.5348666446296],[-0.639639519421278,51.5350913662909],[-0.639632816249775,51.5353160879429],[-0.639626112990948,51.5355408095856],[-0.639619409644796,51.5357655312189],[-0.639259077323325,51.5357613530651],[-0.639252372106695,51.5359860746539],[-0.638892038089403,51.5359818953584],[-0.638531704159464,51.5359777149565],[-0.638524995289139,51.5362024364655],[-0.638164659663407,51.536198254922],[-0.637804324125076,51.536194072272],[-0.63744398867417,51.5361898885156],[-0.637450702894,51.5359651671124],[-0.637457417026364,51.5357404456999],[-0.637097085229212,51.5357362609076],[-0.637090369313707,51.5359609822849],[-0.637083653310711,51.5361857036528],[-0.637076937220224,51.5364104250114],[-0.637070221042244,51.5366351463606],[-0.636709882199859,51.5366309603208],[-0.636703164151152,51.5368556816255],[-0.636342823613032,51.5368514944439],[-0.636336103693551,51.537076215704],[-0.636329383686528,51.5373009369547],[-0.635969039669399,51.5372967485961],[-0.635962317791531,51.5375214698022],[-0.635601972078652,51.5375172803017],[-0.635595248329894,51.5377420014632],[-0.635234900921268,51.537737810821],[-0.634874553600239,51.5377336190723],[-0.634867826197203,51.5379583401538],[-0.634507476867442,51.5379541460165],[-0.634147127623401,51.537949950762],[-0.633786778467263,51.537945754399],[-0.63378004560177,51.5381704755123],[-0.633773312648331,51.5383951966185],[-0.633766579606944,51.5386199177175],[-0.633759846477609,51.5388446388093],[-0.633753113260322,51.5390693598939],[-0.633392755243805,51.5390651625288],[-0.633032397315245,51.539060964055],[-0.632672039474663,51.5390567644726],[-0.632311681722083,51.5390525637816],[-0.631951324057528,51.5390483619819],[-0.631958066223333,51.5388236407908],[-0.631964808301073,51.5385989195925],[-0.631604454303941,51.5385947166416],[-0.631244100394878,51.5385905125821],[-0.630883746573907,51.5385863074139],[-0.630523392841052,51.5385821011371],[-0.630163039196333,51.5385778937517],[-0.629802685639777,51.5385736852576],[-0.629442332171405,51.5385694756549],[-0.629081978791241,51.5385652649436],[-0.628721625499309,51.5385610531236],[-0.62871486731454,51.538785774513],[-0.628354512321198,51.5387815616056],[-0.62836127229563,51.538556840195],[-0.628368032181765,51.5383321187772],[-0.628007680856002,51.5383279047188],[-0.627647329618537,51.5383236895517],[-0.627286978469395,51.5383194732761],[-0.627280213214352,51.5385441947574],[-0.627640566153128,51.5385484110119],[-0.627633802599376,51.5387731324649],[-0.627627038957281,51.5389978539106],[-0.627620275226839,51.5392225753492],[-0.62725991691902,51.5392183591582],[-0.627266682439166,51.5389936376984],[-0.6269063260094,51.5389894203776],[-0.626545969668008,51.5389852019481],[-0.626552738679142,51.5387604804389],[-0.626559507601863,51.5385357589224],[-0.626919860363922,51.5385399773942],[-0.6269266274086,51.5383152558917],[-0.626933394364889,51.5380905343821],[-0.62657304518207,51.538086315868],[-0.626212696087642,51.5380820962453],[-0.625852347081627,51.5380778755139],[-0.625491998164049,51.538073653674],[-0.625131649334932,51.5380694307254],[-0.625124873430615,51.5382941523408],[-0.625118097437795,51.5385188739489],[-0.62511132135647,51.5387435955498],[-0.625104545186638,51.5389683171436],[-0.625097768928299,51.5391930387301],[-0.625090992581451,51.5394177603095],[-0.625451352148531,51.5394219831314],[-0.625444577502914,51.5396467046824],[-0.625437802768807,51.5398714262262],[-0.62543102794621,51.5400961477629],[-0.625070663009837,51.5400919250043],[-0.624710298161961,51.5400877011371],[-0.624349933402606,51.5400834761611],[-0.623989568731794,51.5400792500765],[-0.623996350713532,51.5398545284554],[-0.624003132606687,51.5396298068272],[-0.624009914411261,51.5394050851918],[-0.62364955519829,51.5394008579352],[-0.623289196073906,51.5393966295699],[-0.622928837038129,51.539392400096],[-0.622935624123254,51.5391676783902],[-0.622942411119731,51.5389429566771],[-0.622949198027562,51.5387182349569],[-0.622588844449471,51.5387140043111],[-0.622228490960029,51.5387097725567],[-0.621868137559263,51.5387055396937],[-0.621507784247191,51.538701305722],[-0.621147431023841,51.5386970706416],[-0.620787077889234,51.5386928344526],[-0.620426724843393,51.538688597155],[-0.620066371886342,51.5386843587487],[-0.62007317302259,51.5384596368531],[-0.620079974070009,51.5382349149504],[-0.620086775028602,51.5380101930404],[-0.620093575898369,51.5377854711232],[-0.620100376679313,51.5375607491989],[-0.620107177371433,51.5373360272673],[-0.619746835240604,51.5373317876265],[-0.619753637633391,51.5371070656668],[-0.619760439937335,51.5368823436999],[-0.61940010147428,51.5368781029086],[-0.619406905478824,51.5366533809135],[-0.619413709394503,51.5364286589112],[-0.619053374599149,51.5364244169694],[-0.619060180215359,51.5361996949389],[-0.619420513221322,51.5362039369017],[-0.619427316959282,51.5359792148851],[-0.619434120608383,51.5357544928612],[-0.619440924168628,51.5355297708302],[-0.619080596530701,51.5355255288045],[-0.61908740179139,51.5353008067453],[-0.618727076031621,51.5352965635902],[-0.618366750360736,51.5352923193265],[-0.618006420245515,51.5352880728619],[-0.617646086340036,51.5352838243552],[-0.61728575252175,51.5352795747412],[-0.616925418790678,51.5352753240197],[-0.616932234693398,51.5350506019729],[-0.616939050508866,51.5348258799177],[-0.616945866237081,51.5346011578542],[-0.617306194739972,51.5346054085473],[-0.617666523330072,51.5346096581331],[-0.61802685200736,51.5346139066116],[-0.618387176345052,51.5346181529801],[-0.618393984828652,51.5343934308502],[-0.618033662420276,51.5343891845114],[-0.618040472746011,51.534164462403],[-0.618047282984567,51.5339397402862],[-0.617686959535265,51.533935491836],[-0.617693771107976,51.5337107679443],[-0.617700582332304,51.5334860426199],[-0.617707393464926,51.533261317287],[-0.617347075626286,51.5332570677063],[-0.617340262631962,51.5334817930262],[-0.617333449545909,51.5337065183377],[-0.617326636173147,51.5339312422784],[-0.617319822449313,51.5341559643764],[-0.616959497431764,51.5341517137021],[-0.616599172501445,51.5341474619205],[-0.61659235520507,51.5343721839913],[-0.616232028619347,51.5343679310929],[-0.616238847658378,51.5341432090316],[-0.615878522902586,51.5341389550353],[-0.615518198234091,51.5341346999318],[-0.615157873652916,51.5341304437209],[-0.614797549159084,51.5341261864027],[-0.614790723149443,51.5343509084261],[-0.614783897052418,51.5345756304412],[-0.61442356916063,51.5345713719967],[-0.614430397000327,51.5343466499911],[-0.6140700709386,51.5343423904487],[-0.614076900433537,51.5341176684443],[-0.613716576201867,51.5341134078041],[-0.613723407351998,51.5338886858008],[-0.613363084950383,51.5338844240628],[-0.61336991842148,51.5336596995905],[-0.613730238973384,51.5336639613761],[-0.613737070676602,51.5334392361947],[-0.613376751986406,51.5334349744221],[-0.61338358545934,51.5332102492452],[-0.613390418840284,51.5329855240599],[-0.613030103965405,51.5329812612062],[-0.612669789182523,51.5329769972454],[-0.612309474491665,51.5329727321774],[-0.611949159892853,51.5329684660022],[-0.611942319065284,51.5331931911353],[-0.61230263552575,51.5331974573235],[-0.612295796467774,51.5334221824612],[-0.612288957317735,51.5336469075903],[-0.612649277593631,51.5336511726976],[-0.612642440409534,51.5338758972649],[-0.612635604031542,51.5341006192396],[-0.612275280149737,51.5340963541702],[-0.612282118270346,51.533871632205],[-0.611921796218679,51.5338673660378],[-0.61192863713389,51.5336426413759],[-0.611568317042121,51.5336383740543],[-0.611575159915562,51.5334136489513],[-0.611582002696891,51.5331889238399],[-0.611221686420594,51.5331846554373],[-0.611228530971466,51.5329599303304],[-0.611235375430206,51.5327352052151],[-0.611242219796815,51.5325104800913],[-0.611249064071298,51.532285754959],[-0.610888755333575,51.5322814855017],[-0.610895601377484,51.5320567603741],[-0.610902447329244,51.531832035238],[-0.61054214240674,51.5318277646998],[-0.610548990127857,51.5316030395683],[-0.610188687159016,51.5315987679362],[-0.609828384282358,51.5315944951969],[-0.609821532838236,51.5318192203021],[-0.609461228192286,51.5318149464426],[-0.609100923638567,51.531810671476],[-0.609094068379183,51.5320353965464],[-0.608733762056201,51.5320311204595],[-0.608373455825503,51.5320268432655],[-0.608013149687112,51.5320225649644],[-0.607652843641052,51.5320182855562],[-0.607292537687348,51.5320140050408],[-0.606932231826025,51.5320097234183],[-0.606571926057105,51.5320054406887],[-0.606565057674678,51.5322301656583],[-0.606204750136654,51.5322258818084],[-0.605844442691085,51.5322215968513],[-0.605837570493109,51.532446321786],[-0.605477261278465,51.5324420357085],[-0.605116952156326,51.532437748524],[-0.604756643126715,51.5324334602323],[-0.604763520909346,51.5322087353374],[-0.604770398599422,51.531984010434],[-0.604777276196944,51.5317592855221],[-0.604784153701914,51.5315345606018],[-0.604423852210908,51.531530271256],[-0.604430731484779,51.5313055463405],[-0.604437610666078,51.5310808214164],[-0.604797908434201,51.5310851107357],[-0.605158206294867,51.5310893989478],[-0.605518504248053,51.5310936860528],[-0.605878802293733,51.5310979720508],[-0.605885673936828,51.5308732470652],[-0.605892545487449,51.5306485220712],[-0.605899416945596,51.5304237970687],[-0.605906288311272,51.5301990720577],[-0.605913159584478,51.5299743470383],[-0.605552870845611,51.5299700611065],[-0.605559743887641,51.5297453360918],[-0.605199457102551,51.5297410490663],[-0.605206331913355,51.5295163240564],[-0.604846047082039,51.5295120359371],[-0.604485762343256,51.5295077467107],[-0.604492640784028,51.5292830217189],[-0.604132357999038,51.5292787313988],[-0.603772075306628,51.5292744399718],[-0.603778957377265,51.529049714998],[-0.603418676638669,51.5290454224772],[-0.603058395992699,51.5290411288494],[-0.602698115439379,51.5290368341147],[-0.602337834978734,51.5290325382729],[-0.602344724401503,51.5288078133439],[-0.601984445894737,51.5288035164084],[-0.601624167480692,51.528799218366],[-0.60126388221611,51.528794920461],[-0.600903594771667,51.5287906218573],[-0.600910491378535,51.5285658970554],[-0.600550205682164,51.5285615974261],[-0.600189920071012,51.5285572966924],[-0.599829634545101,51.5285529948543],[-0.599469349104452,51.5285486919116],[-0.599476252277513,51.5283239674145],[-0.599115968584991,51.5283196634464],[-0.598755684977773,51.5283153583738],[-0.598395401455879,51.5283110521968],[-0.598388493294289,51.528535776457],[-0.598381585047347,51.5287605007062],[-0.598374676715051,51.5289852249444],[-0.5983677682974,51.5292099491716],[-0.598360859794392,51.5294346733878],[-0.598353951206026,51.5296593975929],[-0.597993657792109,51.5296550898375],[-0.597986747455413,51.5298798139527],[-0.597979837033334,51.5301045380569],[-0.59797292652587,51.53032926215],[-0.597966015933021,51.5305539862322],[-0.597959105254785,51.5307787103034],[-0.59795219449116,51.5310034343636],[-0.597945283642145,51.5312281584128],[-0.597584978672353,51.5312238489997],[-0.597224673787969,51.5312195384821],[-0.596864368989014,51.5312152268599],[-0.596857453065242,51.531439950661],[-0.596497146688617,51.5314356378552],[-0.596490229016246,51.5316603615663],[-0.596129921061954,51.5316560475769],[-0.59612300164094,51.5318807711979],[-0.595762692108984,51.5318764560248],[-0.595769613193159,51.5316517324829],[-0.595776534191808,51.5314270089299],[-0.595416228071665,51.5314226928104],[-0.59505592203706,51.5314183755863],[-0.594695616088012,51.5314140572577],[-0.594335310224545,51.5314097378246],[-0.594328382573358,51.5316344610612],[-0.59396807513236,51.5316301404443],[-0.593607767776986,51.5316258187229],[-0.593247460507257,51.531621495897],[-0.592887153323194,51.5316171719664],[-0.592894087626894,51.5313924490463],[-0.592533782191643,51.5313881240903],[-0.5921734768421,51.5313837980299],[-0.591813171578286,51.5313794708648],[-0.591806232285215,51.5316041935475],[-0.592166539212152,51.5316085207917],[-0.592159601496458,51.5318332435425],[-0.592152663695019,51.5320579662823],[-0.592145725807832,51.5322826890111],[-0.591785413891399,51.5322783615294],[-0.591425102060722,51.5322740329431],[-0.591064790315821,51.5322697032522],[-0.590704478656719,51.5322653724568],[-0.590711423196648,51.5320406500447],[-0.590718367650742,51.5318159276216],[-0.590725312019002,51.5315912051875],[-0.591085618688619,51.5315955357454],[-0.591092561307929,51.5313708132211],[-0.591452866400222,51.5313751425952],[-0.591459807270626,51.5311504199807],[-0.591099503841431,51.5311460906857],[-0.591106446289125,51.5309213681394],[-0.590746144608795,51.530917037819],[-0.590753088633735,51.5306923153409],[-0.590760032572848,51.5304675928517],[-0.590766976426137,51.5302428703515],[-0.590773920193603,51.5300181478402],[-0.591134215221856,51.5300224778438],[-0.591494510335893,51.5300268067429],[-0.591854805535694,51.5300311345375],[-0.591847866757191,51.5302558572863],[-0.591840927892932,51.530480580024],[-0.592201226504477,51.5304849068724],[-0.592208163705724,51.5302601840555],[-0.592215100821235,51.5300354612276],[-0.592222037851012,51.5298107383887],[-0.592228974795056,51.5295860155388],[-0.592235911653368,51.5293612926779],[-0.592242848425951,51.5291365698059],[-0.592603137145463,51.529140895075],[-0.592963425950668,51.5291452192395],[-0.593323714841545,51.5291495422996],[-0.593684003818072,51.5291538642553],[-0.594044292880228,51.5291581851064],[-0.594404582027993,51.5291625048531],[-0.594764871261343,51.5291668234953],[-0.594757946129123,51.5293915469211],[-0.594751020911327,51.5296162703359],[-0.594744095607952,51.5298409937396],[-0.595104389915677,51.5298453115146],[-0.59546468430895,51.5298496281852],[-0.59582497878775,51.5298539437512],[-0.595831899102245,51.5296292201102],[-0.595838819331227,51.5294044964582],[-0.595478528178329,51.5294001810503],[-0.595485449984717,51.5291754574664],[-0.595492371705575,51.5289507338715],[-0.59585265953266,51.5289550491212],[-0.595859579505113,51.5287303254362],[-0.596219865754823,51.5287346395025],[-0.59658015209001,51.5287389524643],[-0.596940438510652,51.5287432643216],[-0.596947353409034,51.5285185403884],[-0.597307638252252,51.5285228510623],[-0.597314551402358,51.5282981270391],[-0.597321464467048,51.5280734030049],[-0.597328377446323,51.5278486789598],[-0.597335290340185,51.5276239549036],[-0.597342203148634,51.5273992308365],[-0.597349115871672,51.5271745067583],[-0.597356028509303,51.5269497826691],[-0.597362941061525,51.526725058569],[-0.597369853528341,51.5265003344578],[-0.597009583649857,51.5264960244952],[-0.596649313856793,51.5264917134282],[-0.596289044149171,51.5264874012569],[-0.596295961518494,51.5262626773718],[-0.595935693558968,51.5262583641751],[-0.595942612505435,51.5260336403581],[-0.595949531366413,51.52580891653],[-0.59558926681757,51.5258046023871],[-0.595229002354227,51.5258002871398],[-0.594868737976407,51.5257959707882],[-0.59450847368413,51.5257916533322],[-0.594515399109881,51.5255669298095],[-0.594522326864758,51.5253422050418],[-0.594529255487221,51.5251174797747],[-0.594536184016021,51.524892754499],[-0.594543112451159,51.5246680292149],[-0.594903367588401,51.5246723465492],[-0.594910294057084,51.5244476212425],[-0.594917220432132,51.5242228959274],[-0.594924146713548,51.5239981706037],[-0.594931072901332,51.5237734452716],[-0.594937998995486,51.5235487199309],[-0.594944924996012,51.5233239945817],[-0.594951850902912,51.5230992692241],[-0.595312093024722,51.5231035853536],[-0.595319016965368,51.5228788599734],[-0.595325940812415,51.5226541345848],[-0.595332864565863,51.5224294091876],[-0.595339788225715,51.5222046837819],[-0.595346711791974,51.5219799583678],[-0.595353635264638,51.5217552329451],[-0.595360558643712,51.5215305075139],[-0.595367481929196,51.5213057820742],[-0.595007254787747,51.5213014660567],[-0.59501417985208,51.5210767406225],[-0.594653954676684,51.5210724235123],[-0.594293729594927,51.5210681052954],[-0.593933504606835,51.5210637859718],[-0.593573279712433,51.5210594655416],[-0.593213054911744,51.5210551440048],[-0.592852830204793,51.5210508213612],[-0.592492605591604,51.521046497611],[-0.592132381072202,51.5210421727542],[-0.59177215664661,51.5210378467906],[-0.591411932314855,51.5210335197205],[-0.591051708076959,51.5210291915436],[-0.591044762415921,51.5212539168233],[-0.591037816661007,51.5214786420945],[-0.591030870812217,51.5217033673571],[-0.591023924869548,51.5219280926113],[-0.591016978832998,51.522152817857],[-0.591377212433231,51.5221571461043],[-0.591370268175339,51.5223818713555],[-0.591363323823589,51.5226065965983],[-0.591356379377976,51.5228313218325],[-0.591349434838501,51.5230560470582],[-0.590989193747967,51.5230517187546],[-0.590996140160054,51.5228269935429],[-0.590635901036029,51.5228226641466],[-0.590275662005925,51.5228183336436],[-0.589915423069769,51.5228140020338],[-0.589555184227582,51.5228096693173],[-0.589548230325069,51.5230343944725],[-0.589187989704275,51.5230300606352],[-0.588827749177502,51.5230257256911],[-0.58883470682522,51.5228010005642],[-0.588841664378908,51.5225762754288],[-0.588848621838567,51.5223515502848],[-0.589208856747608,51.5223558851865],[-0.589569091750665,51.5223602189814],[-0.589576045371237,51.5221354938007],[-0.589582998897831,51.5219107686115],[-0.589589952330449,51.5216860434138],[-0.589596905669094,51.5214613182076],[-0.589603858913765,51.5212365929929],[-0.589243633273124,51.5212322592686],[-0.589236678156018,51.5214569844692],[-0.588876450736951,51.5214526496241],[-0.58851622341192,51.5214483136724],[-0.588155996180947,51.5214439766139],[-0.587795769044057,51.5214396384488],[-0.587435542001274,51.521435299177],[-0.587075315052624,51.5214309587986],[-0.58671508819813,51.5214266173135],[-0.586708119879857,51.5216513424063],[-0.586701151467417,51.5218760674907],[-0.586694182960811,51.5221007925666],[-0.587054415432721,51.5221051340943],[-0.587414647998792,51.5221094745153],[-0.587407683143057,51.5223341996111],[-0.587047448704465,51.5223298591759],[-0.586687214360036,51.522325517634],[-0.58668024566509,51.5225502426928],[-0.586673276875972,51.5227749677432],[-0.58666630799268,51.522999692785],[-0.587026547954812,51.5230040343695],[-0.587386788011112,51.5230083748473],[-0.587379822778878,51.5232330999091],[-0.58701958084996,51.5232287594171],[-0.586659339015213,51.5232244178184],[-0.586299097274659,51.5232200751129],[-0.585938855628324,51.5232157313007],[-0.585578614076231,51.5232113863818],[-0.585218372618406,51.5232070403561],[-0.584858131274113,51.5232026932145],[-0.584497890581879,51.5231983447002],[-0.584137649976682,51.523193995082],[-0.584130668194742,51.5234187198517],[-0.583770425992472,51.5234143690421],[-0.583410183877283,51.5234100171286],[-0.583403198639999,51.5236347417122],[-0.583396213315628,51.5238594662843],[-0.58338922790417,51.5240841908451],[-0.583382242405622,51.5243089153945],[-0.583021993640806,51.5243045620274],[-0.583028980823569,51.5240798375654],[-0.582668733830096,51.5240754831817],[-0.582661744963119,51.5243002075563],[-0.582654756009006,51.5245249319195],[-0.582294505734237,51.524520576257],[-0.581934255546642,51.5245162194905],[-0.581574005446244,51.5245118616201],[-0.581213755433064,51.5245075026458],[-0.581220751124107,51.5242827786325],[-0.581227746727927,51.5240580546078],[-0.581234742244524,51.5238333305718],[-0.581241737673902,51.5236086065245],[-0.58124873301606,51.5233838824658],[-0.581255728271001,51.5231591583958],[-0.580895488450102,51.5231547988424],[-0.580902485301923,51.5229300748485],[-0.581262723438725,51.5229344343144],[-0.581269718519235,51.5227097102216],[-0.580909482066507,51.5227053508433],[-0.58054924570103,51.5227009903611],[-0.580542247252372,51.5229257142788],[-0.580535248716457,51.5231504381852],[-0.580528250093281,51.5233751620803],[-0.580888491511043,51.523379522825],[-0.580881494484744,51.5236042467962],[-0.580874497371205,51.523828970756],[-0.580867500170422,51.5240536947045],[-0.580860502882396,51.5242784186417],[-0.580853505507124,51.5245031425675],[-0.580846508044605,51.5247278664819],[-0.580839510494837,51.524952590385],[-0.580479257287638,51.5249482290277],[-0.580472257966327,51.525172952832],[-0.580465258557742,51.5253976766248],[-0.580105002069222,51.5253933139886],[-0.58009800546393,51.5256180360239],[-0.58045826381322,51.5256223986757],[-0.580451273181091,51.5258471191858],[-0.580444282461489,51.5260718396852],[-0.580437291654413,51.526296560174],[-0.580430300759859,51.526521280652],[-0.580070035652928,51.5265169177181],[-0.580063042981431,51.5267416381149],[-0.580056050222433,51.5269663585011],[-0.580049057375931,51.5271910788765],[-0.579688787288009,51.5271867146262],[-0.579681792664472,51.5274114349204],[-0.579321520974516,51.5274070694949],[-0.578961249372078,51.5274027029647],[-0.578600977857181,51.5273983353298],[-0.578240706429845,51.5273939665902],[-0.578233704960583,51.5276186865914],[-0.578226703403703,51.5278434065819],[-0.578586978210155,51.5278477754627],[-0.578593978077466,51.5276230554016],[-0.578954251281912,51.5276274231071],[-0.579314524573899,51.5276317897079],[-0.579307528085732,51.5278565099101],[-0.57930053151001,51.5280812301017],[-0.579293534846734,51.5283059502825],[-0.578933256485963,51.52830158347],[-0.578926258045492,51.5285263035696],[-0.57856597808263,51.5285219355818],[-0.57855897786492,51.5287466556001],[-0.578919259517441,51.5287510236585],[-0.578912260901809,51.5289757437367],[-0.578905262198594,51.5292004638042],[-0.578898263407794,51.5294251838611],[-0.578891264529409,51.5296499039072],[-0.578884265563437,51.5298746239426],[-0.578523975462287,51.5298702555312],[-0.578516974718934,51.5300949754854],[-0.578509973887967,51.5303196954289],[-0.578502972969387,51.5305444153616],[-0.57886326813998,51.5305487839847],[-0.578856268823643,51.5307735039774],[-0.578495971963192,51.5307691352837],[-0.57848897086938,51.530993855195],[-0.578128672406633,51.5309894853259],[-0.578121669535301,51.531214205156],[-0.577761369470263,51.5312098341114],[-0.577754364821366,51.5314345538602],[-0.577747360084803,51.5316592735982],[-0.578107663529709,51.531663644784],[-0.578467967062226,51.531668014865],[-0.578828270682333,51.531672383841],[-0.578821270928007,51.5318971037802],[-0.57881427108608,51.5321218237087],[-0.578807271156547,51.5323465436265],[-0.579167579934203,51.5323509117095],[-0.579527888799408,51.5323552786875],[-0.579520892162347,51.5325799987358],[-0.579881202805123,51.5325843646796],[-0.580241513535407,51.5325887295184],[-0.580234520190911,51.5328134496971],[-0.580594832698748,51.5328178135016],[-0.58058784095682,51.5330425337402],[-0.580580849127391,51.533267253968],[-0.580220533239357,51.5332628900224],[-0.580213539632297,51.5334876101691],[-0.579853222141623,51.533483245048],[-0.579492904738465,51.5334788788219],[-0.579499901725784,51.5332541588164],[-0.57913958610029,51.533249791556],[-0.578779270562354,51.5332454231907],[-0.578772270194781,51.533470143055],[-0.578765269739595,51.5336948629087],[-0.578758270683337,51.5339195821374],[-0.57875127403064,51.534144300326],[-0.578744277287867,51.534369018505],[-0.578737280455019,51.5345937366742],[-0.578730283532093,51.5348184548337],[-0.578723286519088,51.5350431729834],[-0.578716289416002,51.5352678911235],[-0.578709292222834,51.5354926092538],[-0.578702294939581,51.5357173273744],[-0.578695297566243,51.5359420454853],[-0.578334961164745,51.535937675433],[-0.577974624853305,51.5359333042748],[-0.57796762388278,51.5361580222846],[-0.577607285907872,51.5361536499747],[-0.577246948023068,51.5361492765588],[-0.576886610228391,51.5361449020369],[-0.576526272523864,51.536140526409],[-0.576165934909509,51.5361361496751],[-0.575805597385349,51.5361317718352],[-0.575812608877137,51.5359070540997],[-0.575819620278655,51.5356823363544],[-0.575826631589906,51.5354576185994],[-0.57583364281089,51.5352329008346],[-0.576193973321027,51.5352372784916],[-0.576554303921352,51.5352416550426],[-0.576914634611844,51.5352460304877],[-0.577274965392479,51.5352504048268],[-0.577281969509394,51.5350256868694],[-0.576921640482213,51.5350213125761],[-0.576561311545173,51.5350169371767],[-0.576568319078776,51.5347922193011],[-0.576575326522164,51.5345675014157],[-0.576935651952368,51.5345718767236],[-0.576942657552157,51.5343471587828],[-0.577302981319115,51.5343515329391],[-0.577309985075352,51.5341268149429],[-0.577316988741424,51.5339020969369],[-0.576956668481167,51.533897722872],[-0.576596348311046,51.5338933477012],[-0.576589341138297,51.5341180656158],[-0.576229019304996,51.5341136892933],[-0.576222010288677,51.5343384071524],[-0.576215001182121,51.5345631250018],[-0.576207991985329,51.5347878428415],[-0.576200982698298,51.5350125606714],[-0.57584065394161,51.5350081830601],[-0.575480325275132,51.5350038043429],[-0.575119996698888,51.5349994245198],[-0.574759668212898,51.5349950435906],[-0.574766684513624,51.5347703259437],[-0.57477370072402,51.534545608287],[-0.574780716844088,51.5343208906206],[-0.574787732873829,51.5340961729444],[-0.574794748813246,51.5338714552585],[-0.574434429184406,51.5338670734523],[-0.574074109645859,51.5338626905401],[-0.574067090199787,51.5340874081345],[-0.57370676899823,51.5340830240706],[-0.573346447887013,51.5340786389008],[-0.572986126866159,51.5340742526252],[-0.57262580593569,51.5340698652436],[-0.572265485095629,51.5340654767561],[-0.572272513308314,51.5338407593907],[-0.571912194312002,51.5338363698431],[-0.571551875450583,51.5338319791709],[-0.571544843686822,51.5340566964633],[-0.571537811876972,51.5342814137273],[-0.571177489554933,51.5342770218762],[-0.570817167323394,51.5342726289193],[-0.570456845182378,51.5342682348564],[-0.570463882252237,51.5340435177299],[-0.570470919421026,51.5338188005135],[-0.570831238009491,51.5338231945042],[-0.570838275735659,51.5335984762165],[-0.57047795883733,51.5335940822966],[-0.570484998165512,51.533369364069],[-0.570124683045377,51.5333649691149],[-0.569764368013345,51.5333605730559],[-0.569771410633583,51.5331358549592],[-0.569778453165655,51.5329111368518],[-0.570138764817532,51.5329155327692],[-0.570145805571397,51.5326908145802],[-0.570152846237121,51.5324660963806],[-0.570159886814708,51.5322413781703],[-0.570166927304157,51.5320166599492],[-0.570173967705471,51.5317919417174],[-0.569813664503594,51.5317875461541],[-0.569820706506708,51.5315628279824],[-0.569460405082877,51.5315584313851],[-0.569467448687746,51.5313337132735],[-0.569474492204441,51.5311089951512],[-0.569114194248538,51.5311045975907],[-0.569121239366922,51.5308798795285],[-0.569128284397113,51.5306551614556],[-0.56913532933911,51.530430443372],[-0.569495622225486,51.5304348407201],[-0.569855915199989,51.5304392369633],[-0.569862956674198,51.5302145187274],[-0.569869998060261,51.5299898004807],[-0.570230287743289,51.5299941954776],[-0.570237327351452,51.5297694771494],[-0.569877039358181,51.5297650822233],[-0.56951675145301,51.5297606861925],[-0.569509708465335,51.5299854043791],[-0.569149418958532,51.5299810071726],[-0.568789129539874,51.5299766088614],[-0.568796175907054,51.5297518908165],[-0.568803222186025,51.5295271727609],[-0.568810268376788,51.5293024546945],[-0.568449984115482,51.5292980554911],[-0.568457031907723,51.5290733374848],[-0.568464079611739,51.5288486194679],[-0.568471127227528,51.5286239014402],[-0.568478174755095,51.5283991834019],[-0.568838452257797,51.528403582322],[-0.568845498007546,51.5281788642021],[-0.568485222194439,51.5281744653528],[-0.568492269545562,51.527949747293],[-0.568499316808467,51.5277250292225],[-0.568506363983154,51.5275003111412],[-0.568513411069624,51.5272755930493],[-0.568520458067881,51.5270508749466],[-0.568160191143322,51.527046475448],[-0.568167239693896,51.5268217573888],[-0.568174288153604,51.5265970393192],[-0.568181336522448,51.526372321239],[-0.568541598533377,51.5263767205744],[-0.568901860830519,51.5263811188571],[-0.568908905786535,51.5261564006407],[-0.568915950654367,51.5259316824137],[-0.568922995434016,51.5257069641759],[-0.569283252751173,51.5257113611415],[-0.569290296400849,51.525486642621],[-0.569297348110448,51.5252619215567],[-0.569657601970227,51.5252663173117],[-0.570017855917944,51.5252707119628],[-0.570378109953578,51.5252751055099],[-0.570738364077108,51.5252794979531],[-0.570745408961658,51.5250547765264],[-0.571105661488786,51.5250591677779],[-0.571465914103764,51.5250635579255],[-0.571826166806572,51.5250679469691],[-0.571833206550487,51.5248432252678],[-0.5718402462066,51.5246185035551],[-0.571479996872284,51.5246141146869],[-0.571487038124809,51.5243893930506],[-0.571494079289512,51.5241646714029],[-0.571501120366396,51.5239399497438],[-0.571140876172472,51.523935560035],[-0.571133833411422,51.5241602816063],[-0.570773587621176,51.5241558907058],[-0.570413341918797,51.5241514987014],[-0.570053096304306,51.5241471055931],[-0.570060144117847,51.523922384285],[-0.570067191843482,51.5236976629656],[-0.5697069496852,51.5236932689289],[-0.569713999007047,51.5234685476859],[-0.569353758620808,51.5234641526331],[-0.568993518322517,51.5234597564765],[-0.569000570924623,51.5232350353976],[-0.569007623438759,51.5230103143074],[-0.569014675864929,51.5227855932058],[-0.569374911111011,51.522789989099],[-0.56938196176519,51.5225652678982],[-0.569742195415188,51.5225696625999],[-0.569749244297421,51.5223449412999],[-0.569389012331426,51.5223405466861],[-0.569396062809723,51.5221158254625],[-0.56903583261565,51.5221114298326],[-0.56867560250954,51.5221070330989],[-0.568682656267814,51.5218823120396],[-0.568322427933642,51.5218779142898],[-0.568329483287868,51.5216531933069],[-0.567969259411312,51.5216487954755],[-0.567976316310294,51.521424074565],[-0.567983373119438,51.5211993536417],[-0.567623154217103,51.5211949554545],[-0.567630212666566,51.520970234644],[-0.567637271026172,51.5207455138206],[-0.567277055673976,51.5207411147826],[-0.566916840411655,51.5207367146423],[-0.566923902141618,51.5205119940575],[-0.5665636886993,51.5205075929407],[-0.566203475346901,51.5205031907217],[-0.566210540447126,51.5202784703754],[-0.565850328914747,51.5202740671799],[-0.565857395655087,51.5200493469465],[-0.56621760545741,51.5200537500163],[-0.566224670377754,51.5198290296444],[-0.566584878539981,51.5198334314862],[-0.566591941640373,51.5196087109757],[-0.566952148162501,51.5196131115896],[-0.566959209442988,51.5193883909405],[-0.567319414325015,51.5193927903264],[-0.56732647378564,51.5191680695387],[-0.567333533156399,51.5189433487381],[-0.567693734668371,51.5189477467705],[-0.567700792219339,51.5187230258313],[-0.568060992091224,51.5187274226358],[-0.568068047822445,51.5185027015581],[-0.56842824900749,51.5185070983512],[-0.568435303041841,51.5182823771976],[-0.568795504435718,51.5182867735426],[-0.568802556698509,51.5180620522898],[-0.568442356988212,51.5180576560326],[-0.568449410846605,51.5178329348562],[-0.568809608873344,51.5178373310257],[-0.568816660960223,51.5176126097502],[-0.568456464617021,51.5176082136685],[-0.568096269849173,51.5176038171186],[-0.568103325131324,51.5173790959765],[-0.568463518299462,51.5173834924693],[-0.568470572294285,51.5171587712916],[-0.568477633390879,51.5169340506921],[-0.568117443706219,51.5169296543144],[-0.568124506438444,51.5167049337509],[-0.568131569078776,51.5164802131756],[-0.567771386821105,51.5164758175583],[-0.56777845115255,51.5162510970704],[-0.56778551539208,51.5160263765707],[-0.567425336792348,51.5160219800488],[-0.567432402722924,51.5157972596366],[-0.567439468561566,51.5155725392124],[-0.567079293619696,51.515568141786],[-0.567086361149315,51.5153434214494],[-0.566726188082348,51.5153390230191],[-0.56671911876982,51.5155637432565],[-0.56635894401196,51.5155593436239],[-0.566351872824523,51.5157840637502],[-0.565991696375773,51.5157796629152],[-0.565631520019088,51.5157752609771],[-0.565638594772381,51.5155505410495],[-0.565278420290709,51.5155461381076],[-0.564918245901144,51.5155417340627],[-0.564558071603712,51.5155373289147],[-0.564197897398434,51.5155329226636],[-0.56420497919128,51.5153082031214],[-0.563844806861077,51.5153037958666],[-0.563484634623074,51.5152993875087],[-0.563124462477292,51.5152949780477],[-0.562764290423757,51.5152905674836],[-0.562771379255947,51.5150658483272],[-0.562411209077547,51.5150614367594],[-0.562051038991438,51.5150570240886],[-0.561690868997642,51.5150526103148],[-0.56169796308613,51.5148278914447],[-0.56170505708232,51.5146031725627],[-0.561344890746516,51.5145987578846],[-0.560984724503068,51.5145943421036],[-0.560624558352,51.5145899252194],[-0.56063165760427,51.5143652066239],[-0.560271493328392,51.5143607887362],[-0.559911329144939,51.5143563697454],[-0.559918431870375,51.5141316513369],[-0.559925534503404,51.5139069329165],[-0.559932637044028,51.5136822144843],[-0.559572478301238,51.5136777946889],[-0.559565373977899,51.5139025130217],[-0.559558269562131,51.5141272313426],[-0.559198107346356,51.5141228102453],[-0.558837945223073,51.514118388045],[-0.558830837149355,51.5143431061551],[-0.558823728983161,51.5145678242534],[-0.558816620724486,51.5147925423398],[-0.558809512373331,51.5150172604144],[-0.558449343211396,51.5150128367132],[-0.558456453345377,51.5147881187381],[-0.558096286058811,51.5147836940333],[-0.557736118864812,51.5147792682255],[-0.557375951763401,51.5147748413146],[-0.557015784754602,51.5147704133007],[-0.557008667489331,51.5149951308778],[-0.55664849879035,51.5149907016614],[-0.556288330184028,51.5149862713419],[-0.556295451014934,51.5147615539639],[-0.555935284284111,51.514757122641],[-0.555928161670389,51.5149818399194],[-0.555921038964001,51.515206557186],[-0.556281209260478,51.515210988708],[-0.556641379649639,51.515215419127],[-0.557001550131462,51.515219848443],[-0.556994432680994,51.5154445659963],[-0.557354605038322,51.5154489943087],[-0.557361720705924,51.5152242766559],[-0.557721891373001,51.5152287037658],[-0.557714777488266,51.5154534215181],[-0.558074950030805,51.5154578476245],[-0.558435122665914,51.5154622726278],[-0.558428012254411,51.5156869905673],[-0.558420901750397,51.5159117084949],[-0.558413791153872,51.5161364264107],[-0.558053613170012,51.5161320011089],[-0.55804650069801,51.5163567189134],[-0.55803938813347,51.516581436706],[-0.55767920667624,51.5165770101021],[-0.557319025311611,51.5165725823951],[-0.557311909088518,51.5167972999768],[-0.556951726033509,51.5167928710672],[-0.556944607934802,51.5170175885375],[-0.556584423189417,51.5170131584253],[-0.556224238536707,51.5170087272099],[-0.555864053976695,51.5170042948914],[-0.555871177424475,51.5167795777198],[-0.555878300779576,51.5165548605363],[-0.556238481773567,51.5165592926556],[-0.556245603253014,51.5163345753607],[-0.55660578255672,51.5163390062774],[-0.556612902160558,51.516114288871],[-0.556252724639807,51.5161098580539],[-0.556259845933949,51.5158851407352],[-0.555899670288819,51.5158807089145],[-0.555539494736401,51.5158762759907],[-0.55517931927672,51.5158718419639],[-0.555186445826929,51.5156471249321],[-0.55519357228442,51.5154224078884],[-0.555200698649195,51.5151976908328],[-0.55484052863091,51.5151932560017],[-0.554847656685804,51.5149685390338],[-0.554854784647962,51.5147438220541],[-0.555214951100601,51.5147482566861],[-0.555222077187238,51.5145235395949],[-0.555229203181163,51.5142988224919],[-0.555236329082381,51.514074105377],[-0.555596490279474,51.5140785386073],[-0.555603614305265,51.513853821381],[-0.555610738238374,51.5136291041428],[-0.555970895962771,51.513633536071],[-0.555978018020523,51.5134088187214],[-0.55633817405494,51.513413249447],[-0.556345294237383,51.513188531986],[-0.556352414327195,51.5129638145132],[-0.555992261858064,51.5129593839866],[-0.555999383637855,51.5127346666014],[-0.556006505324994,51.5125099492044],[-0.556366654228933,51.5125143795319],[-0.556726803225537,51.5125188087565],[-0.557086952314784,51.5125232368781],[-0.55744710149665,51.5125276638968],[-0.557439986939859,51.5127523816919],[-0.557432872290509,51.5129770994752],[-0.557793025130177,51.51298152559],[-0.558153178062422,51.5129859506018],[-0.558513331087219,51.5129903745107],[-0.558520440388722,51.5127656564289],[-0.558880591723431,51.5127700791353],[-0.558887699149848,51.5125453609422],[-0.559247848794465,51.5125497824462],[-0.559240743150645,51.5127745007388],[-0.559600894670342,51.5127789212393],[-0.559961046282499,51.5127833406369],[-0.560321197987091,51.5127877589315],[-0.560314097598699,51.5130124775106],[-0.560306997117931,51.5132371960778],[-0.560299896544785,51.5134619146332],[-0.560292795879259,51.5136866331767],[-0.560652954806911,51.5136910507661],[-0.561013113826959,51.5136954672525],[-0.56102021092709,51.5134707485101],[-0.561380368256812,51.5134751637941],[-0.561387463481935,51.5132504449404],[-0.561747619121327,51.513254859022],[-0.562107774853044,51.5132592720006],[-0.562114866420547,51.5130345529363],[-0.562475020461907,51.5130389647125],[-0.562835174595542,51.5130433753857],[-0.563195328821431,51.513047784956],[-0.56355548313955,51.5130521934233],[-0.563548398702688,51.5132769128851],[-0.563188242601906,51.5132725043185],[-0.563181156290188,51.5134972236691],[-0.563541314173655,51.5135016323351],[-0.56353422955245,51.5137263517732],[-0.563894389310837,51.5137307594356],[-0.564254549161412,51.513735165995],[-0.564614709104154,51.5137395714513],[-0.56460762973898,51.5139642911757],[-0.564967791556601,51.5139686956283],[-0.565327953466343,51.513973098978],[-0.565688115468182,51.5139775012246],[-0.56568104135919,51.5142022212351],[-0.56604120523587,51.514206622478],[-0.566401369204603,51.5142110226179],[-0.566761533265365,51.5142154216547],[-0.566768602026055,51.5139907013463],[-0.566775670694776,51.5137659810261],[-0.566782739271533,51.5135412606941],[-0.567142898076059,51.51354565833],[-0.56714996477815,51.5133209378868],[-0.567510121891952,51.5133253343205],[-0.56787027909771,51.5133297296512],[-0.568230436685063,51.5133341240483],[-0.568223375254402,51.513558844742],[-0.568583538549465,51.5135632403323],[-0.568590598140756,51.5133385195505],[-0.56859765763798,51.5131137987574],[-0.568604717041137,51.5128890779529],[-0.568964874912262,51.5128934721759],[-0.568971932382053,51.5126687512721],[-0.568978989757805,51.5124440303568],[-0.56898604703952,51.5122193094303],[-0.569346199486885,51.512223702286],[-0.569353254835331,51.5119989812601],[-0.568993104227199,51.5119945884923],[-0.568632953713136,51.5119901946211],[-0.56827280329317,51.5119857996465],[-0.567912655988092,51.5119814055526],[-0.567552509478077,51.5119770108175],[-0.567192363060008,51.5119726149794],[-0.567199429118553,51.5117478944535],[-0.566839284574991,51.5117434976117],[-0.566479140123419,51.511739099667],[-0.56611899576386,51.5117347006194],[-0.566126067078022,51.5115099803794],[-0.566486209655067,51.5115143793277],[-0.566493279094742,51.5112896589767],[-0.566500348442445,51.5110649386137],[-0.566860487546539,51.5110693362606],[-0.567220626742619,51.5110737328045],[-0.567213560959856,51.511298453366],[-0.567206495085168,51.5115231739157],[-0.567566637938177,51.5115275695552],[-0.56757370203037,51.5113028489063],[-0.567933843192823,51.5113072433437],[-0.568293985327099,51.5113116372918],[-0.568286924743202,51.5115363580881],[-0.568647071484782,51.5115407528868],[-0.569007218320454,51.5115451465822],[-0.569367365250193,51.5115495391741],[-0.569374420316612,51.5113248181141],[-0.569014275226034,51.51132042561],[-0.568654130229521,51.5113160320026],[-0.568661188880208,51.511091311107],[-0.568668247436843,51.5108665902001],[-0.569028388755107,51.5108709836316],[-0.569035445378603,51.5106462626253],[-0.569042501908075,51.5104215416077],[-0.569049558343523,51.5101968205786],[-0.56940969423865,51.510201212643],[-0.569416748741057,51.5099764915147],[-0.569423803149468,51.509751770375],[-0.569783935460609,51.5097561611602],[-0.570144067865758,51.5097605508422],[-0.570504200364889,51.5097649394208],[-0.57086433295798,51.5097693268961],[-0.571224465645005,51.5097737132681],[-0.571584598425942,51.5097780985368],[-0.571944731300766,51.5097824827021],[-0.57195177274233,51.5095577609358],[-0.571591641706489,51.5095533768583],[-0.571231510764535,51.5095489916775],[-0.57087137991649,51.5095446053934],[-0.570511249162378,51.509540218006],[-0.570151118502224,51.5095358295153],[-0.569790987936051,51.5095314399212],[-0.569430857463884,51.5095270492238],[-0.569070727085746,51.5095226574232],[-0.568710596801661,51.5095182645192],[-0.568350466611653,51.5095138705119],[-0.567990338362854,51.5095094769326],[-0.567630211459548,51.5095050832892],[-0.567637274724674,51.5092803625339],[-0.567277149695583,51.5092759678869],[-0.566917024758442,51.509271572137],[-0.566556899913273,51.5092671752844],[-0.566196775160099,51.5092627773288],[-0.566203845462387,51.5090380569587],[-0.566210915401451,51.5088133369231],[-0.56621798306021,51.5085886196713],[-0.565857863720546,51.508584220878],[-0.565497744473707,51.5085798209787],[-0.565504815644811,51.50835510375],[-0.565144698293377,51.5083507027604],[-0.564784581034811,51.5083463006648],[-0.564791655718161,51.5081215834592],[-0.564798730308646,51.507896866245],[-0.564805804806268,51.5076721490223],[-0.564812879211027,51.507447431791],[-0.564452769255339,51.5074430286527],[-0.564445693048118,51.5076677458681],[-0.564438616748012,51.507892463075],[-0.564431540355019,51.5081171802734],[-0.564424463869139,51.5083418974631],[-0.564417387290368,51.5085666146443],[-0.564410310618706,51.508791331817],[-0.564403231988531,51.509016051135],[-0.564396152774964,51.5092407710086],[-0.564036028574247,51.509236366436],[-0.563675904465686,51.5092319607606],[-0.563668821595477,51.5094566804237],[-0.56402894748631,51.5094610861985],[-0.564021866306253,51.5096858059491],[-0.564014785034074,51.5099105256879],[-0.564007703669772,51.5101352454148],[-0.563647572431983,51.5101308393421],[-0.56328744128638,51.5101264321664],[-0.562927310232987,51.5101220238879],[-0.562567179271826,51.5101176145066],[-0.562207048402921,51.5101132040223],[-0.561846917626294,51.5101087924353],[-0.561486786941969,51.5101043797453],[-0.56149388078263,51.509879660714],[-0.56113375197296,51.5098752470206],[-0.560773623255637,51.5098708322243],[-0.560413494630683,51.5098664163252],[-0.560053366098122,51.5098619993233],[-0.559693237657977,51.5098575812185],[-0.55933310931027,51.5098531620109],[-0.559340213752466,51.5096284435642],[-0.558980087279519,51.5096240233532],[-0.558619960899056,51.5096196020394],[-0.558612852892265,51.5098443202871],[-0.558972981055025,51.5098487417004],[-0.558965874738085,51.5100734600358],[-0.559326004775651,51.5100778804457],[-0.559318900148608,51.5103025988686],[-0.559679032060982,51.5103070182752],[-0.559671929123881,51.5105317367857],[-0.559311795429137,51.5105273172797],[-0.559304690617239,51.510752035679],[-0.558944555232572,51.5107476149707],[-0.558937448545832,51.5109723332586],[-0.558577311471245,51.510967911348],[-0.558584419940397,51.5107431931595],[-0.558224284740736,51.5107387702455],[-0.558231394899799,51.5105140521447],[-0.55787126157506,51.5105096282272],[-0.557878373423989,51.510284910214],[-0.5578854851804,51.510060192189],[-0.557525355512918,51.5100557673677],[-0.557165225938016,51.5100513414435],[-0.557172341166537,51.5098266236056],[-0.557179456302497,51.5096019057558],[-0.557539582312796,51.509606331481],[-0.557546695573929,51.5093816135198],[-0.557186571345897,51.5093771878942],[-0.556826447210462,51.5093727611657],[-0.556466323167648,51.5093683333345],[-0.556106199217477,51.5093639044004],[-0.556099078827285,51.5095886219635],[-0.556459204559718,51.5095930509971],[-0.556819330384797,51.5095974789279],[-0.556812213466549,51.5098221966781],[-0.556805096455716,51.5100469144166],[-0.556444967066041,51.5100424862868],[-0.556452085859184,51.5098177686478],[-0.556091958344465,51.5098133395147],[-0.555731830922416,51.5098089092788],[-0.55537170359306,51.50980447794],[-0.55501157635642,51.5098000454984],[-0.554651449212519,51.509795611954],[-0.55429132216138,51.5097911773068],[-0.553931195203025,51.5097867415568],[-0.55357106833748,51.5097823047039],[-0.553210941564766,51.5097778667482],[-0.552850814884907,51.5097734276897],[-0.552490688297924,51.5097689875284],[-0.552130561803843,51.5097645462643],[-0.551770435402685,51.5097601038974],[-0.551410311006278,51.5097556608825],[-0.551417454525979,51.5095309445989],[-0.551424597955929,51.5093062283036],[-0.55106448046734,51.5093017851856],[-0.550704363068564,51.5092973409646],[-0.550344245759621,51.5092928956406],[-0.549984128540536,51.5092884492136],[-0.549624011411327,51.5092840016835],[-0.549263894372018,51.5092795530505],[-0.548903777422631,51.5092751033145],[-0.548543660563187,51.5092706524754],[-0.548183543793709,51.5092662005334],[-0.547823427114218,51.5092617474884],[-0.547816266663126,51.5094864628431],[-0.547456148371538,51.509482008601],[-0.547096030169984,51.5094775532559],[-0.546735912058483,51.5094730968078],[-0.54637579403706,51.5094686392566],[-0.546015676105735,51.5094641806025],[-0.54565555826453,51.5094597208454],[-0.545295440513468,51.5094552599853],[-0.544935322852569,51.5094507980222],[-0.544575205281857,51.5094463349561],[-0.544215087801353,51.509441870787],[-0.543854970411079,51.5094374055149],[-0.543847791146686,51.5096621198225],[-0.543487672144553,51.5096576533532],[-0.543127553232695,51.5096531857809],[-0.543120370473816,51.5098778998884],[-0.542760249950125,51.509873431119],[-0.542753065398827,51.5100981451206],[-0.542392943263304,51.5100936751539],[-0.542385756919542,51.5103183890496],[-0.542378570485466,51.5105431029336],[-0.542018445035921,51.5105386316755],[-0.542011256809313,51.5107633454536],[-0.541651129747923,51.5107588729982],[-0.541643939728737,51.5109835866704],[-0.541636749619189,51.5112083003309],[-0.541276619243697,51.5112038265839],[-0.540916488958624,51.5111993517339],[-0.540923682472687,51.5109746382619],[-0.540563553980307,51.5109701624031],[-0.540570749106195,51.5107454490137],[-0.540210622406506,51.5107409721462],[-0.539850495797297,51.5107364941756],[-0.539857694237172,51.5105117809631],[-0.539497569420672,51.5105073019838],[-0.539504769472259,51.5102825888539],[-0.539864892586576,51.5102870677389],[-0.539872090845509,51.510062354503],[-0.540232212348163,51.5100668321907],[-0.540225015791392,51.5102915455209],[-0.540585139086685,51.5102960221998],[-0.540945262472434,51.5103004977758],[-0.541305385948616,51.5103049722488],[-0.541312577398889,51.5100802586358],[-0.541672699263314,51.5100847319115],[-0.541679888921061,51.5098600181926],[-0.541687078488452,51.509635304462],[-0.541326960028299,51.5096308313748],[-0.540966841658552,51.5096263571846],[-0.540606723379235,51.5096218818914],[-0.540246605190367,51.5096174054953],[-0.539886487091972,51.5096129279961],[-0.539879289013974,51.5098376412554],[-0.539519169303957,51.509833162559],[-0.539159049684458,51.5098286827596],[-0.539166251166688,51.5096039696889],[-0.538806133339843,51.5095994888809],[-0.538446015603557,51.5095950069698],[-0.538085897957854,51.5095905239558],[-0.537725780402754,51.5095860398388],[-0.53736566293828,51.5095815546189],[-0.537005545564454,51.5095770682959],[-0.536645428281298,51.50957258087],[-0.536638214884305,51.5097972932804],[-0.536278095989737,51.5097928046571],[-0.535917977185885,51.5097883149309],[-0.535925193987083,51.5095636027094],[-0.53593241069757,51.5093388904761],[-0.535572295388632,51.5093343998357],[-0.53521218017045,51.5093299080924],[-0.535219400194338,51.5091051960362],[-0.535226620127474,51.5088804839684],[-0.535233836511122,51.5086557672533],[-0.535241052021618,51.5084310494795],[-0.535248267443679,51.5082063316987],[-0.53525548277731,51.5079816139111],[-0.535615588087549,51.5079861056566],[-0.535975693486203,51.5079905962944],[-0.536335798973248,51.5079950858244],[-0.536695904548665,51.5079995742467],[-0.537056010212431,51.5080040615613],[-0.537416115964526,51.5080085477681],[-0.53777622180493,51.5080130328672],[-0.538136327733619,51.5080175168586],[-0.538496433750576,51.5080219997423],[-0.538856539855776,51.5080264815182],[-0.5392166460492,51.5080309621865],[-0.539223843208019,51.5078062446715],[-0.539231040278648,51.5075815271497],[-0.53887093737365,51.5075770464306],[-0.538510834556872,51.5075725646037],[-0.538150731828336,51.5075680816692],[-0.537790629188063,51.5075635976269],[-0.537430526636074,51.5075591124769],[-0.537070424172389,51.5075546262193],[-0.536710321797031,51.5075501388539],[-0.536350219510019,51.5075456503808],[-0.535990117311376,51.5075411608],[-0.535630015201122,51.5075366701114],[-0.535269913179278,51.5075321783152],[-0.534909811245865,51.5075276854113],[-0.534549707541409,51.5075231875215],[-0.53418960372694,51.5075186881056],[-0.533829500004121,51.5075141875837],[-0.533836721917072,51.5072894698932],[-0.533476620008713,51.5072849682864],[-0.533469396372972,51.5075096859561],[-0.533109292833518,51.5075051832225],[-0.533116518192047,51.5072804655737],[-0.532756416467096,51.5072759617552],[-0.532749189385781,51.5075006793831],[-0.532389086029782,51.5074961744379],[-0.532028982765542,51.5074916683868],[-0.531668879593087,51.5074871612299],[-0.531308776512436,51.5074826529671],[-0.530948673523613,51.5074781435984],[-0.530588570626639,51.5074736331239],[-0.530228467821537,51.5074691215435],[-0.529868365108329,51.5074646088573],[-0.529508262487036,51.5074600950652],[-0.529148159957683,51.5074555801673],[-0.529155404266778,51.5072308627484],[-0.529162648483913,51.5070061453206],[-0.52916989260909,51.5067814278841],[-0.529529989970198,51.5067859427192],[-0.529537232280715,51.5065612252531],[-0.529544474499299,51.5063365077782],[-0.529551716625952,51.5061117902946],[-0.529911808910946,51.506116303961],[-0.529919049223032,51.5058915864477],[-0.529926289443211,51.5056668689257],[-0.529933529571488,51.5054421513949],[-0.530293616780537,51.5054466638928],[-0.530286378374856,51.5056713814445],[-0.530279139877293,51.5058960989875],[-0.530639230623437,51.5059006104215],[-0.530646467398382,51.5056758928576],[-0.531006556513767,51.5056804031649],[-0.531366645720988,51.5056849123664],[-0.531373878958877,51.505460194752],[-0.531381112104953,51.5052354771288],[-0.531741197958812,51.5052399851828],[-0.531748429290521,51.50501526753],[-0.531755660530443,51.5047905498684],[-0.53176289167858,51.5045658321981],[-0.532122972456623,51.5045703390837],[-0.532130201790486,51.5043456213838],[-0.532137431032589,51.5041209036752],[-0.531777353699504,51.5041163968313],[-0.531417276458201,51.5041118888818],[-0.531424509053435,51.5038871712062],[-0.531064433626377,51.5038826621718],[-0.531071667852229,51.5036579445083],[-0.531078901986258,51.5034332268361],[-0.531086136028466,51.5032085091551],[-0.531093369978855,51.5029837914654],[-0.531100603837425,51.5027590737669],[-0.53110783760418,51.5025343560597],[-0.531467902697057,51.5025388649687],[-0.531475134649712,51.5023141472319],[-0.531482366510576,51.5020894294863],[-0.531122304862247,51.5020849206191],[-0.531129538353562,51.5018602028856],[-0.531136771753067,51.5016354851434],[-0.531144005060765,51.5014107673925],[-0.531151238276655,51.5011860496328],[-0.530791183608957,51.5011815397435],[-0.530431129033087,51.5011770287486],[-0.530423892372856,51.5014017464665],[-0.530063836166668,51.5013972343451],[-0.529703780052354,51.501392721118],[-0.529696539855892,51.5016174387853],[-0.529336482111287,51.5016129244317],[-0.528976424458602,51.5016084089725],[-0.528969180725824,51.5018331265891],[-0.528961936901101,51.5020578441971],[-0.528954692984433,51.5022825617962],[-0.52931475580381,51.5022870773183],[-0.529307513517469,51.5025117949297],[-0.529300271139201,51.5027365125323],[-0.529293028669005,51.5029612301262],[-0.529285786106878,51.5031859477113],[-0.528925716398264,51.5031814321055],[-0.528918472021841,51.5034061496609],[-0.528558400682816,51.5034016329285],[-0.528198329435768,51.5033971150903],[-0.528205577256918,51.5031723975768],[-0.528212824986068,51.5029476800545],[-0.528220072623221,51.5027229625235],[-0.528227320168379,51.5024982449837],[-0.528587384526112,51.502502762738],[-0.528594630257003,51.5022780451686],[-0.528601875895923,51.5020533275903],[-0.528609121442875,51.5018286100034],[-0.528616366897859,51.5016038924077],[-0.528256309429081,51.5015993747372],[-0.527896252052288,51.5015948559611],[-0.527903500859671,51.5013701383986],[-0.527910749575045,51.5011454208273],[-0.527917998198412,51.5009207032473],[-0.527925246729773,51.5006959856585],[-0.527932494142095,51.5004712682888],[-0.527939735933971,51.5002465521356],[-0.527946977628657,51.5000218359729],[-0.527586932547179,51.5000173163078],[-0.527594175995526,51.4997926001751],[-0.527601419346661,51.499567884033],[-0.527961460726464,51.499572403619],[-0.527968702129588,51.4993476874278],[-0.527975943435528,51.4991229712271],[-0.527983184644286,51.4988982550168],[-0.527990425755863,51.4986735387972],[-0.527997666770261,51.498448822568],[-0.528004907687483,51.4982241063293],[-0.528012148507528,51.4979993900811],[-0.528372177029351,51.4980039082854],[-0.528379415901584,51.4977791919882],[-0.528386654676669,51.4975544756815],[-0.528393893354607,51.4973297593653],[-0.528753916421697,51.4973342763462],[-0.528761153151921,51.497109559981],[-0.5284011319354,51.4971050430396],[-0.52840837041905,51.4968803267044],[-0.528048351150181,51.4968758086978],[-0.528041110815989,51.4971005249935],[-0.52768108979371,51.4970960058427],[-0.527688331978444,51.4968712895866],[-0.52769557406599,51.496646573321],[-0.527702816056347,51.4964218570459],[-0.527342800682774,51.4964173369092],[-0.526982785406378,51.4964128156678],[-0.526622770227181,51.4964082933217],[-0.526630017671755,51.4961835771558],[-0.526637265019074,51.4959588609805],[-0.526997276497362,51.4959633832474],[-0.527004521897009,51.495738667023],[-0.527364531622075,51.4957431881457],[-0.527724541444312,51.4957477081637],[-0.528084551363695,51.4957522270772],[-0.528444561380202,51.495756744886],[-0.528451799281025,51.4955320284938],[-0.528459037084717,51.4953073120921],[-0.528099030768989,51.4953027943624],[-0.528106270325904,51.4950780779908],[-0.528466274791278,51.495082595681],[-0.52847351240071,51.4948578792603],[-0.528113509785667,51.4948533616097],[-0.527753507267739,51.4948488428545],[-0.527393504846952,51.4948443229948],[-0.527400747910172,51.4946196066833],[-0.527040747436851,51.4946150857585],[-0.526680747060716,51.4946105637291],[-0.526687993727294,51.4943858474873],[-0.527047992253153,51.4943903694771],[-0.527055236972237,51.4941656531862],[-0.527062481594103,51.4939409368858],[-0.527422476516662,51.4939454576919],[-0.527429719191108,51.4937207413424],[-0.527436961768364,51.4934960249835],[-0.527076970546194,51.4934915042565],[-0.527084214876422,51.4932667879277],[-0.527091459109439,51.4930420715893],[-0.527451446631314,51.4930465922371],[-0.527811434250339,51.4930511117804],[-0.528171421966492,51.4930556302191],[-0.528164183283886,51.4932803466762],[-0.528524172947282,51.4932848640499],[-0.528884162707758,51.4932893803191],[-0.529244152565291,51.4932938954838],[-0.529604142519855,51.493298409544],[-0.529964132571428,51.4933029224996],[-0.529971362003313,51.4930782058449],[-0.530331350301721,51.4930827176564],[-0.530691338697088,51.4930872283635],[-0.531051327189388,51.493091737966],[-0.531411315778598,51.4930962464639],[-0.531771304464695,51.4931007538574],[-0.532131293247653,51.4931052601463],[-0.532138511481742,51.4928805432452],[-0.532498498511403,51.4928850483901],[-0.532505714798505,51.4926603314401],[-0.532512930988758,51.4924356144806],[-0.532152947659297,51.4924311094146],[-0.531792964426669,51.4924266032441],[-0.531800184220201,51.492201886354],[-0.531440202934491,51.4921973791184],[-0.531447421432229,51.4919726605457],[-0.531454639480231,51.4917479417637],[-0.531461857433834,51.4915232229719],[-0.531821833417972,51.4915277301051],[-0.531829049489841,51.4913030112563],[-0.531836265467338,51.4910782923976],[-0.531843481350465,51.4908535735292],[-0.531483510728275,51.4908490665377],[-0.531490728304305,51.4906243477067],[-0.531497945785944,51.4903996288658],[-0.531857912833616,51.4904041357629],[-0.531865128433643,51.490179416865],[-0.531872343939307,51.4899546979574],[-0.53187955935061,51.4897299790399],[-0.531886774667552,51.4895052601126],[-0.532246734660771,51.4895097657167],[-0.532253948096221,51.4892850467324],[-0.532261161437337,51.4890603277383],[-0.532268374684122,51.4888356087344],[-0.532628329410285,51.4888401130927],[-0.532635540775674,51.4886153940318],[-0.532275587836576,51.4886108897207],[-0.532282800894701,51.4883861706972],[-0.531922849836918,51.4883816653293],[-0.531562898873431,51.4883771588573],[-0.531202948004262,51.4883726512813],[-0.530842997229434,51.4883681426012],[-0.530850217341294,51.4881434237568],[-0.531210166329108,51.4881479323896],[-0.53121738455956,51.4879232134882],[-0.531224602695618,51.487698494577],[-0.530864657281761,51.4876939860386],[-0.530871877110371,51.4874692671649],[-0.530511933577816,51.4874647575698],[-0.530519155098933,51.4872400387334],[-0.530879096844568,51.4872445482813],[-0.530886316484354,51.4870198293879],[-0.531246256537449,51.4870243377845],[-0.531239038684561,51.4872490567251],[-0.531598980618887,51.487253564065],[-0.531591764458533,51.487478283043],[-0.531951708274093,51.4874827893261],[-0.531958922647523,51.4872580703008],[-0.531966136926611,51.4870333512657],[-0.531606196684876,51.4870288450771],[-0.531613412656501,51.4868041260794],[-0.53125347429595,51.486799618834],[-0.531260691960066,51.4865748998738],[-0.530900755480697,51.4865703915717],[-0.530540819095682,51.4865658821656],[-0.53018088280504,51.4865613716555],[-0.530188105735253,51.4863366528272],[-0.529828171325834,51.4863321412604],[-0.529835395948396,51.4861074224696],[-0.529475463420196,51.4861029098462],[-0.529482689735062,51.4858781910928],[-0.529489915955434,51.4856534723296],[-0.529497142081313,51.4854287535566],[-0.529857069249255,51.4854332660383],[-0.529849844910105,51.4856579848585],[-0.530209773959192,51.4856624962835],[-0.530202551312327,51.4858872151412],[-0.530562482242562,51.4858917255095],[-0.53056970310267,51.4856670066045],[-0.530929632340517,51.4856715158216],[-0.530936851319467,51.4854467968596],[-0.531296778864924,51.4854513049255],[-0.5316567065047,51.4854558118875],[-0.531663921815824,51.4852310928212],[-0.532023847763182,51.485235598632],[-0.532383773804812,51.4852401033389],[-0.532390985448197,51.4850153841684],[-0.53275090979738,51.4850198877242],[-0.533110834240789,51.485024390176],[-0.533118042216521,51.4847996709013],[-0.533477964967454,51.4848041722021],[-0.533470758778399,51.485028891524],[-0.533830683410187,51.485033391768],[-0.533823478913599,51.4852581111273],[-0.533816274322799,51.4854828304768],[-0.533809069637785,51.4857075498165],[-0.533801864858554,51.4859322691464],[-0.534161796731449,51.4859367684752],[-0.534154593644797,51.4861614878425],[-0.534147390463949,51.4863862072],[-0.534140187188903,51.4866109265476],[-0.534500124516397,51.4866154249139],[-0.534492922934018,51.486840144299],[-0.5348528621425,51.4868446416085],[-0.535212805640228,51.4868491392825],[-0.535572749493618,51.4868536359435],[-0.535565553051581,51.4870783553817],[-0.53592549876597,51.4870828509602],[-0.536285444573621,51.4870873454338],[-0.536645390474513,51.4870918388023],[-0.537005336468623,51.4870963310659],[-0.536998147004203,51.4873210505854],[-0.53735809485925,51.4873255417665],[-0.537718042807471,51.4873300318426],[-0.537710856785332,51.4875547513984],[-0.538070806594474,51.487559240392],[-0.53806362224692,51.4877839599614],[-0.538423573916984,51.4877884478725],[-0.538416391244061,51.4880131674556],[-0.53805643780618,51.488008679522],[-0.538049253272252,51.4882333990738],[-0.538409208477973,51.4882378870299],[-0.538769163776805,51.4882423738809],[-0.538761982685413,51.4884670934689],[-0.539121939845199,51.4884715792374],[-0.539481897098052,51.4884760639008],[-0.539474719449295,51.4887007835249],[-0.539834678563083,51.4887052671058],[-0.540194637769894,51.4887097495816],[-0.540187463563866,51.4889344692418],[-0.540547424631596,51.488938950635],[-0.540907385792303,51.4889434309231],[-0.540900215029101,51.4891681506193],[-0.541260178050708,51.4891726298248],[-0.541267347045966,51.4889479101061],[-0.541627308392562,51.4889523881841],[-0.541987269832068,51.488956865157],[-0.541980104372703,51.4891815849205],[-0.542340067673045,51.4891860608108],[-0.542332903888707,51.4894107805879],[-0.542692869049888,51.4894152553954],[-0.543052834303913,51.4894197290979],[-0.543045673962647,51.489644448911],[-0.543405641077493,51.4896489215307],[-0.543765608285139,51.4896533930454],[-0.544125575585563,51.489657863455],[-0.544485542978741,51.4896623327595],[-0.544478389616694,51.4898870526531],[-0.544471236161858,51.490111772538],[-0.544111265232603,51.4901073031888],[-0.543751294396106,51.4901028327345],[-0.543391323652389,51.4900983611751],[-0.543384164800549,51.4903230809841],[-0.543024192381567,51.4903186082973],[-0.543017031668776,51.4905433280751],[-0.542657057574533,51.4905388542607],[-0.542664220055414,51.4903141345053],[-0.542304247822112,51.4903096596081],[-0.542297083573144,51.4905343793412],[-0.541937109664628,51.4905299033165],[-0.54192994355462,51.4907546230184],[-0.541922777351656,51.4909793427114],[-0.541562799999802,51.4909748655368],[-0.541202822740871,51.4909703872571],[-0.541195652908646,51.4911951068965],[-0.540835673974513,51.4911906274892],[-0.540842845574888,51.4909659078723],[-0.540850017082238,51.4907411882465],[-0.540490041777351,51.4907367077789],[-0.540130066565454,51.4907322262062],[-0.540122891521855,51.4909569457871],[-0.540482868501875,51.4909614273823],[-0.540475695133352,51.4911861469768],[-0.540468521671777,51.4914108665625],[-0.540461348117151,51.4916355861394],[-0.540101365832622,51.4916311044769],[-0.540094190416727,51.4918558240226],[-0.539734206457004,51.4918513412325],[-0.539727029179795,51.4920760607469],[-0.539367043544883,51.4920715768292],[-0.539007058003039,51.4920670918063],[-0.538647072554289,51.4920626056781],[-0.538287087198653,51.4920581184449],[-0.538279901322714,51.4922828365],[-0.538639888379775,51.492287323656],[-0.538632702642856,51.4925120401962],[-0.538272713832945,51.4925075531043],[-0.537912725115573,51.4925030649037],[-0.53791991435819,51.4922783482354],[-0.537559927486225,51.4922738588621],[-0.537199940706843,51.4922693683802],[-0.537192747958537,51.4924940851766],[-0.537552736490763,51.4924985755945],[-0.537545545402675,51.4927232923215],[-0.537185555117582,51.4927188019676],[-0.536825564925096,51.4927143105051],[-0.536818370238603,51.4929390273549],[-0.536458378385862,51.4929345348477],[-0.536451181853785,51.4931592517561],[-0.536811175459435,51.4931637441993],[-0.536803980587593,51.4933884610383],[-0.537163976038812,51.4933929523088],[-0.537523971582644,51.4933974424705],[-0.537516780124039,51.4936221591762],[-0.537876777513421,51.4936266481652],[-0.537869587715165,51.4938513648015],[-0.538229586950101,51.4938558526178],[-0.538589586277585,51.4938603393254],[-0.538949585697595,51.4938648249243],[-0.538956770236894,51.4936401084802],[-0.539316767996418,51.4936445930345],[-0.539323950690208,51.4934198766491],[-0.539331133291481,51.4931951602584],[-0.539338315800236,51.4929704438623],[-0.539698308393404,51.4929749275002],[-0.539705489056745,51.4927502111628],[-0.540065479989463,51.4927546937561],[-0.540072658807435,51.4925299774775],[-0.540432648079701,51.4925344590262],[-0.540792637444369,51.4925389394663],[-0.541152626901417,51.4925434187977],[-0.541512616450823,51.4925478970205],[-0.541872606092564,51.4925523741346],[-0.542232595826618,51.4925568501401],[-0.542239764034956,51.4923321342408],[-0.542599752108433,51.4923366092019],[-0.542959740274174,51.4923410830542],[-0.543319728532159,51.492345555798],[-0.543679716882363,51.4923500274331],[-0.543686877299875,51.4921253108996],[-0.544046864049836,51.4921297815551],[-0.544406850892569,51.4921342511053],[-0.544399693859342,51.4923589673774],[-0.544759682486071,51.4923634356866],[-0.544752526547832,51.4925881511366],[-0.545112517019568,51.492592618273],[-0.545119671204929,51.4923679028872],[-0.545126824856261,51.4921431868903],[-0.545133975609752,51.4919184670401],[-0.545493960962403,51.4919229332524],[-0.5455011098549,51.4916982133711],[-0.545861093531991,51.4917026784559],[-0.546221077301737,51.4917071424356],[-0.546228222565066,51.4914824225009],[-0.546588204659223,51.4914868853531],[-0.546948186845988,51.4914913471002],[-0.546955328480236,51.491266627112],[-0.547315308991385,51.4912710877316],[-0.547308169125336,51.491495807742],[-0.547668151497246,51.4915002672788],[-0.547661013306805,51.4917249873027],[-0.548020997539479,51.4917294457565],[-0.54801386102469,51.4919541657939],[-0.548373847118132,51.4919586231647],[-0.54838098186467,51.4917339031051],[-0.548388116518658,51.4915091830367],[-0.548395251080098,51.4912844629595],[-0.548402385548991,51.4910597428735],[-0.548762364662058,51.4910641990502],[-0.548769497270246,51.4908394789331],[-0.548776629785913,51.4906147588073],[-0.549136605455145,51.4906192138344],[-0.549129474707617,51.4908439339825],[-0.549489452237431,51.4908483879267],[-0.549849429859664,51.4908528407658],[-0.549842302555967,51.4910775609495],[-0.550202282038763,51.4910820127056],[-0.550209407574293,51.4908572924997],[-0.550216533017394,51.4906325722849],[-0.550576509056252,51.4906370228915],[-0.550569385381296,51.4908617431284],[-0.550929363280649,51.4908661926521],[-0.550936485187458,51.4906414723929],[-0.551296461410991,51.4906459207892],[-0.551303581457292,51.4904212004991],[-0.551663556005576,51.4904256473134],[-0.551656437711531,51.4906503676257],[-0.552016414071273,51.4906548124098],[-0.552023530645936,51.4904300921556],[-0.552383505376621,51.4904345358894],[-0.55239062014154,51.4902098156876],[-0.552397734816104,51.4899850954803],[-0.552757706198387,51.489989538222],[-0.552764819063277,51.4897648180672],[-0.553124788816517,51.4897692597588],[-0.553117677670948,51.4899939798555],[-0.553477649233764,51.4899984203807],[-0.553484758660012,51.4897737003421],[-0.553844728593738,51.4897781398171],[-0.554204698617674,51.4897825781839],[-0.554211804515032,51.4895578582559],[-0.553851836210399,51.489553419831],[-0.553858943736797,51.4893286998393],[-0.553866051172935,51.489103979842],[-0.554226016039031,51.4891084183832],[-0.55458598099531,51.4891128558161],[-0.554578876997689,51.4893375756972],[-0.554938843763389,51.4893420119637],[-0.554945946041749,51.4891172921408],[-0.554953048229918,51.4888925723123],[-0.555313011647256,51.488897007587],[-0.55567297515471,51.4889014417533],[-0.556032938752255,51.4889058748115],[-0.556025841721811,51.4891305944654],[-0.556018744601242,51.4893553141137],[-0.555658777565187,51.489350881172],[-0.555651678635204,51.4895756008729],[-0.556011647390546,51.4895800337564],[-0.556004550089723,51.4898047533935],[-0.55599745269877,51.4900294730249],[-0.555637480504786,51.4900250402577],[-0.555630381304348,51.4902497599417],[-0.555990355217687,51.4902541926507],[-0.555983257646471,51.4904789122708],[-0.555976159985122,51.4907036318854],[-0.555616182633006,51.4906991992928],[-0.555609083162099,51.4909239189599],[-0.555249104180667,51.4909194853172],[-0.555242002900157,51.4911442050369],[-0.555234901529464,51.4913689247509],[-0.554874919199256,51.4913644901162],[-0.554867816018892,51.4915892098828],[-0.554507832059352,51.491584774198],[-0.554514936959201,51.4913600543733],[-0.55452204176882,51.4911353345429],[-0.554162061338402,51.4911308976334],[-0.554154954809322,51.4913556175219],[-0.55414784818999,51.4915803374048],[-0.554140741480404,51.4918050572821],[-0.554500727069272,51.4918094940171],[-0.554860712748318,51.4918139296438],[-0.554853609387535,51.4920386493991],[-0.554846504603737,51.4922633668938],[-0.554486515543966,51.4922589314808],[-0.554126526575189,51.492254494961],[-0.554119416216309,51.4924792090974],[-0.55375942559892,51.4924747714912],[-0.553752313409339,51.4926994856409],[-0.553745201128682,51.4929241997836],[-0.553385207123015,51.4929197611114],[-0.553378093011587,51.4931444752673],[-0.553370978809056,51.4933691894162],[-0.55336386451542,51.493593903558],[-0.55300386538168,51.4935894638401],[-0.55299674925718,51.4938141779951],[-0.55298963304155,51.4940388921431],[-0.552982516734789,51.4942636062839],[-0.552975400336894,51.4944883204176],[-0.552615394335083,51.4944838796745],[-0.552608276106207,51.4947085938215],[-0.552968283847865,51.4947130345442],[-0.552961167267699,51.4949377486637],[-0.553321176840327,51.494942188259],[-0.553681186504032,51.4949466267473],[-0.554041196258793,51.4949510641287],[-0.554034084807175,51.4951757781797],[-0.554394096392867,51.4951802144337],[-0.554754108069572,51.4951846495807],[-0.554747000006725,51.4954093635837],[-0.555107013514343,51.4954137976032],[-0.55546702711293,51.4954182305158],[-0.55545992243895,51.4956429444707],[-0.555819937868432,51.4956473762558],[-0.55617995338884,51.4956518069339],[-0.556172852103822,51.4958765208408],[-0.556532869455108,51.4958809503914],[-0.556892886897276,51.495885378835],[-0.557252904430304,51.4958898061716],[-0.557245808274344,51.4961145200098],[-0.557605827638211,51.4961189462188],[-0.557965847092894,51.4961233713209],[-0.557958754326111,51.4963480851109],[-0.558318775611617,51.4963525090854],[-0.558678796987894,51.4963569319529],[-0.558671707610385,51.4965816456946],[-0.559031730817467,51.4965860674345],[-0.559391754115278,51.4965904880674],[-0.559384668127137,51.4968152017609],[-0.559744693255735,51.4968196212662],[-0.560104718475018,51.4968240396644],[-0.56009763587634,51.4970487533096],[-0.560457662926393,51.4970531705802],[-0.560464743784966,51.4968284569556],[-0.560824769185554,51.4968328731398],[-0.560831848213366,51.4966081595287],[-0.560838927150527,51.4963834459106],[-0.561198949161585,51.496387861029],[-0.561558971263234,51.4963922750403],[-0.561918993455455,51.4963966879447],[-0.562279015738223,51.4964010997421],[-0.562271943761325,51.4966258132777],[-0.562631967874688,51.4966302239474],[-0.562991992078556,51.49663463351],[-0.563352016372906,51.4966390419657],[-0.563712040757715,51.4966434493143],[-0.564072065232962,51.4966478555559],[-0.564432089798623,51.4966522606905],[-0.56442502817174,51.4968769740949],[-0.564785054567895,51.4968813781017],[-0.565145081054421,51.4968857810016],[-0.565505107631296,51.4968901827943],[-0.565865134298497,51.4968945834801],[-0.566225161056003,51.4968989830588],[-0.566585187903789,51.4969033815305],[-0.566945214841835,51.4969077788951],[-0.566952264287976,51.4966830656359],[-0.567312289576145,51.4966874619143],[-0.567672314954528,51.4966918570857],[-0.567679360830221,51.4964671438609],[-0.5680393845587,51.496471537946],[-0.568046428604103,51.4962468247349],[-0.568406450418361,51.4962512172839],[-0.568413492607109,51.4960265040352],[-0.56877351253472,51.4960308950845],[-0.568780552862489,51.495806181786],[-0.56878759309895,51.495581468478],[-0.568794633244105,51.4953567551604],[-0.568801673297955,51.4951320418334],[-0.569161686238387,51.4951364316168],[-0.569168724431378,51.4949117182398],[-0.569528735693499,51.4949161068784],[-0.569888747046844,51.4949204944123],[-0.57024875849139,51.4949248808418],[-0.57024172560708,51.4951495943396],[-0.570601738912368,51.4951539797048],[-0.570594707706434,51.4953786932334],[-0.570954722872466,51.4953830775343],[-0.570947693344952,51.4956077910937],[-0.571307710371733,51.4956121743303],[-0.571314738129634,51.4953874607306],[-0.571674753477914,51.4953918428223],[-0.572034768917285,51.4953962238095],[-0.572394784447722,51.495400603692],[-0.572387761998667,51.4956253174125],[-0.572747779389767,51.4956296962307],[-0.572740758619277,51.4958544099819],[-0.573100777871042,51.4958587877357],[-0.573093758779163,51.4960835015176],[-0.573453779891597,51.4960878782071],[-0.57381380109501,51.496092253792],[-0.573806785451479,51.4963169676448],[-0.573799769716958,51.4965416814882],[-0.573792753891445,51.496766395322],[-0.573785737974939,51.4969911091462],[-0.574145766348222,51.4969954837873],[-0.574138752110506,51.4972201976423],[-0.574131737781818,51.4974449114878],[-0.573771705868942,51.4974405367662],[-0.573764689679448,51.497665250562],[-0.573404656087709,51.4976608746955],[-0.573397638037363,51.4978855884416],[-0.573037602766764,51.4978812114302],[-0.57303058285552,51.4981059251265],[-0.572670545906064,51.4981015469703],[-0.572663524133878,51.4983262606168],[-0.572303485505568,51.4983218813156],[-0.572310509047648,51.4980971677094],[-0.571950472280295,51.4980927873438],[-0.571943446968322,51.4983175009098],[-0.571936421565232,51.4985422144663],[-0.57157638134916,51.4985378329154],[-0.571569354085013,51.4987625464221],[-0.571562326729721,51.4989872599193],[-0.571202283064869,51.4989828771833],[-0.571195253848451,51.4992075906307],[-0.570835208504757,51.4992032067496],[-0.570828177427167,51.4994279201472],[-0.570821146258381,51.4996526335353],[-0.570814114998399,51.4998773469138],[-0.571174165652167,51.4998817309157],[-0.571181195142101,51.4996570174969],[-0.571541244116964,51.4996614003538],[-0.571534216397078,51.4998861138129],[-0.571527188586041,51.5001108272625],[-0.571887241192147,51.5001152090951],[-0.572247293889353,51.500119589823],[-0.572607346677636,51.5001239694462],[-0.572967399556972,51.5001283479646],[-0.572960378735176,51.5003530615657],[-0.573320433475646,51.5003574390195],[-0.573680488307124,51.5003618153686],[-0.57404054322959,51.5003661906128],[-0.574400598243019,51.5003705647524],[-0.574760653347389,51.5003749377871],[-0.575120708542677,51.5003793097171],[-0.575480763828859,51.5003836805422],[-0.575840819205914,51.5003880502626],[-0.576200874673817,51.5003924188782],[-0.576560930232547,51.5003967863891],[-0.576920985882079,51.5004011527951],[-0.577281041622393,51.5004055180964],[-0.577641097453463,51.5004098822929],[-0.578001153375268,51.5004142453846],[-0.578361209387784,51.5004186073715],[-0.578721265490989,51.5004229682536],[-0.578714267746306,51.500647686052],[-0.579074325622728,51.5006520460024],[-0.579434383594042,51.5006564048493],[-0.579794441660225,51.5006607625929],[-0.580154499821251,51.500665119233],[-0.580514558077096,51.5006694747697],[-0.580507566642407,51.5008941950042],[-0.580867626871469,51.5008985495136],[-0.581227687195301,51.5009029029195],[-0.581587747613881,51.500907255222],[-0.581947808127183,51.500911606421],[-0.582307868735184,51.5009159565167],[-0.582314850777746,51.5006912359017],[-0.582674909601989,51.5006955848179],[-0.582681888605138,51.500470865041],[-0.583041945794819,51.5004752126656],[-0.58340200307489,51.5004795591855],[-0.583395027534394,51.5007042793398],[-0.583388051127127,51.5009290001828],[-0.583748112113674,51.5009333458647],[-0.584108173194797,51.5009376904431],[-0.58446823437047,51.500942033918],[-0.584828295640671,51.5009463762895],[-0.584835264534187,51.5007216551424],[-0.585195314296413,51.500726002484],[-0.585202280853383,51.5005012815409],[-0.585209241370053,51.5002765666306],[-0.585569286691132,51.5002809132647],[-0.585562327841968,51.5005056283077],[-0.585922374818616,51.5005099740791],[-0.58628242189165,51.500514318745],[-0.586642469061046,51.5005186623054],[-0.586635510112262,51.5007433834497],[-0.586628551067137,51.5009681045852],[-0.586621591925669,51.5011928257119],[-0.586614632687856,51.5014175468297],[-0.586607673353697,51.5016422679386],[-0.586967730265361,51.5016466105075],[-0.587327787273343,51.5016509519708],[-0.587334742749029,51.5014262308163],[-0.587341698128418,51.5012015096529],[-0.58770175137424,51.5012058499651],[-0.587708704728143,51.5009811287701],[-0.588068756141038,51.5009854679541],[-0.588428807650171,51.5009898060325],[-0.588788859255517,51.5009941430054],[-0.588781911689193,51.5012188642686],[-0.589141965319923,51.5012232001587],[-0.589148910957049,51.5009984788728],[-0.589508962754744,51.5010028136347],[-0.589502019046816,51.5012275349434],[-0.589862072869847,51.5012318686224],[-0.589855130994994,51.501456589945],[-0.590215186843365,51.5014609225413],[-0.590208246801637,51.5016856438777],[-0.590201306663806,51.5019103652053],[-0.590561366466795,51.5019146967414],[-0.59056830467535,51.5016899753911],[-0.590928362645128,51.501694305799],[-0.590921426365852,51.501919027172],[-0.59091448999052,51.5021437485361],[-0.59055442816216,51.5021394180829],[-0.590547489761443,51.5023641394155],[-0.590187426099827,51.502359807834],[-0.589827362534307,51.5023554751469],[-0.589834304793674,51.5021307538597],[-0.589841246956909,51.5019060325636],[-0.589481187346131,51.5019016988164],[-0.589121127831496,51.5018973639636],[-0.589114181809666,51.5021220852142],[-0.589107235691656,51.502346806456],[-0.589100289477465,51.5025715276889],[-0.588740224271041,51.5025671916624],[-0.588733276031299,51.5027919128638],[-0.588726327695346,51.5030166340563],[-0.588719379263182,51.50324135524],[-0.589079450257783,51.5032456913347],[-0.589439521348562,51.5032500263238],[-0.58944646592189,51.5030253050947],[-0.589453410399056,51.5028005838567],[-0.589813477727173,51.5028049176948],[-0.590173545151415,51.5028092504273],[-0.590166604533042,51.5030339717107],[-0.590526673982782,51.5030383033603],[-0.590886743528598,51.5030426339043],[-0.590893680288171,51.5028179125755],[-0.591253748000636,51.5028222419913],[-0.591613815809124,51.5028265703014],[-0.591620748613876,51.5026018489184],[-0.591627681322616,51.5023771275266],[-0.591987745368365,51.5023814546858],[-0.591994676051763,51.5021567332625],[-0.592354738264147,51.5021610592935],[-0.592714800572474,51.502165384219],[-0.592707873747747,51.5023901056876],[-0.592700946827082,51.5026148271474],[-0.593061013090027,51.5026191510125],[-0.59305408800281,51.5028438724861],[-0.593047162819677,51.5030685939509],[-0.593407233037318,51.5030729167557],[-0.593400309687705,51.5032976382342],[-0.593760381930658,51.5033019599561],[-0.594120454269462,51.5033062805723],[-0.594113534682882,51.5035310020873],[-0.594473609046978,51.5035353216205],[-0.594833683506874,51.5035396400481],[-0.594826767683431,51.5037643615994],[-0.595186844168598,51.5037686789439],[-0.595546920749517,51.5037729951829],[-0.595540008689313,51.5039977167705],[-0.595900087295482,51.5040020319264],[-0.595906997426164,51.5037773103162],[-0.596267074198513,51.5037816243439],[-0.59627398230397,51.5035569027023],[-0.596280890313725,51.5033321810519],[-0.596287798227783,51.5031074593927],[-0.596647869307379,51.5031117722471],[-0.596654775196312,51.5028870505564],[-0.596661680989573,51.502662328857],[-0.596301613768807,51.5026580160477],[-0.59594154664371,51.5026537021328],[-0.595948456200057,51.5024289804696],[-0.595955365660688,51.5022042587975],[-0.596315428927056,51.5022085726673],[-0.596322336362644,51.5019838509639],[-0.595962275025604,51.5019795371167],[-0.595969184294806,51.501754815427],[-0.596329243702543,51.5017591292517],[-0.596689303205941,51.5017634419708],[-0.597049362804976,51.5017677535843],[-0.597409422499622,51.5017720640924],[-0.597402520947643,51.5019967858722],[-0.597762582667186,51.5020010952972],[-0.59812264448229,51.5020054036166],[-0.598482706392932,51.5020097108305],[-0.598842768399085,51.5020140169388],[-0.599202830500725,51.5020183219415],[-0.599562892697827,51.5020226258387],[-0.599922954990364,51.5020269286303],[-0.599916066848147,51.5022516505588],[-0.599556002626266,51.5022473477447],[-0.599549112459234,51.5024720696419],[-0.599909178610485,51.5024763724785],[-0.60026924485715,51.5024806742094],[-0.600276131165442,51.5022559522673],[-0.600283017378312,51.5020312303164],[-0.600643079861646,51.5020355308968],[-0.60100314244034,51.5020398303717],[-0.601363205114369,51.5020441287411],[-0.601723267088534,51.5020484272166],[-0.602083328427327,51.5020527256935],[-0.602443389855856,51.502057023065],[-0.602803451374096,51.5020613193311],[-0.603163512982025,51.5020656144916],[-0.60352357467962,51.5020699085468],[-0.603883636466858,51.5020742014964],[-0.604243698343714,51.5020784933406],[-0.604603760310167,51.5020827840794],[-0.604963822366193,51.5020870737127],[-0.605323884511768,51.5020913622405],[-0.60568394674687,51.5020956496629],[-0.606044009071476,51.5020999359798],[-0.606404071485563,51.5021042211912],[-0.606764133989106,51.5021085052972],[-0.607124196582084,51.5021127882977],[-0.607484259264474,51.5021170701928],[-0.607477409284166,51.5023417925947],[-0.60711734481684,51.5023375106744],[-0.607110492962144,51.5025622330422],[-0.60747055921443,51.5025665149876],[-0.607830625556106,51.5025707958275],[-0.60819069198715,51.502575075562],[-0.608197538486962,51.5023503531187],[-0.608557603222387,51.5023546317226],[-0.608564447847876,51.5021299092452],[-0.608204384897393,51.5021256306665],[-0.608211231218442,51.5019009082054],[-0.608571292384008,51.5019051867589],[-0.60893135363889,51.5019094642069],[-0.609291414983066,51.5019137405495],[-0.609284574016775,51.5021384630861],[-0.608924510887678,51.5021341867184],[-0.608917668047132,51.5023589092209],[-0.609277732961174,51.5023631856138],[-0.609637797964489,51.5023674609012],[-0.609997863057055,51.5023717350831],[-0.610004700542764,51.5021470125052],[-0.610364763939609,51.5021512855565],[-0.610724827425656,51.5021555575024],[-0.610717993509848,51.5023802801305],[-0.610357928238849,51.5023760081596],[-0.610351092448847,51.5026007307537],[-0.610344256569599,51.5028254533389],[-0.610337420601106,51.5030501759151],[-0.610697491227094,51.5030544479614],[-0.610704325410568,51.5028297253601],[-0.61106439434072,51.5028339962758],[-0.611424463360034,51.502838266086],[-0.611431293884287,51.5026135434255],[-0.611791361207738,51.5026178121051],[-0.611784532468486,51.5028425347907],[-0.612144601666053,51.5028468023899],[-0.612504670952711,51.5028510688836],[-0.612497845694359,51.5030757916103],[-0.612857916855115,51.5030800570236],[-0.613217988104918,51.5030843213314],[-0.613211166327561,51.5033090440993],[-0.613571239451443,51.5033133073266],[-0.613931312664327,51.5033175694484],[-0.614291385966191,51.5033218304646],[-0.61465145935701,51.5033260903754],[-0.615011532836762,51.5033303491806],[-0.615004719895746,51.5035550720647],[-0.615364795249494,51.5035593297894],[-0.615371606405424,51.5033346068803],[-0.615731680062973,51.5033388634745],[-0.615724870692129,51.5035635864086],[-0.615718061232381,51.5037883093337],[-0.615711251683726,51.5040130322499],[-0.616071330785474,51.5040172878135],[-0.616078138548994,51.5037925648723],[-0.616438215954449,51.5037968193054],[-0.616798293448726,51.503801072633],[-0.616805097553134,51.5035763496329],[-0.61716517335109,51.50358060183],[-0.617158371031798,51.503805324855],[-0.617518448703646,51.5038095759715],[-0.61751164808068,51.5040342990125],[-0.617871727626421,51.5040385490483],[-0.618231807052743,51.5040427977334],[-0.618225009954312,51.5042675208704],[-0.618585089094993,51.5042717659945],[-0.618945168323613,51.5042760100146],[-0.619305247640151,51.5042802529306],[-0.619298455750233,51.5045049762498],[-0.619658536920175,51.5045092181259],[-0.620018618177989,51.504513458898],[-0.620378699523653,51.5045176985659],[-0.620738780957145,51.5045219371298],[-0.620731996041426,51.5047466606954],[-0.621092079328261,51.5047508982194],[-0.621452162702878,51.5047551346392],[-0.621445381230435,51.5049798583227],[-0.62143859967019,51.5052045819958],[-0.621431818022142,51.5054293056585],[-0.621791906781278,51.5054335411667],[-0.622151995628157,51.5054377755708],[-0.622145217423569,51.5056624993514],[-0.622505308123802,51.5056667327155],[-0.622512084562755,51.5054420088708],[-0.622518860913971,51.5052172850157],[-0.622878948170652,51.5052215171474],[-0.623239035515004,51.505225748175],[-0.623599122947005,51.5052299780985],[-0.623959210466633,51.5052342069178],[-0.62395244117788,51.5054589310294],[-0.624312530550731,51.5054631588088],[-0.624672620011164,51.505467385484],[-0.624665854166054,51.5056921097133],[-0.625025945479691,51.5056963353485],[-0.625386036880867,51.5057005598795],[-0.625379274479493,51.5059252842266],[-0.625739367733855,51.5059295077175],[-0.626099461075711,51.5059337301042],[-0.626459554505037,51.5059379513868],[-0.626819648021812,51.5059421715653],[-0.627179741626012,51.5059463906396],[-0.627172987965568,51.5061711152965],[-0.627533083422871,51.5061753333306],[-0.627893178967556,51.5061795502606],[-0.628253274599599,51.5061837660864],[-0.62824652614889,51.5064084909249],[-0.628606623633997,51.5064127057105],[-0.628966721206418,51.506416919392],[-0.629326818866129,51.5064211319692],[-0.629320075625304,51.5066458569893],[-0.629680175138041,51.5066500685264],[-0.630040274738024,51.5066542789592],[-0.630400374425231,51.5066584882878],[-0.630393636394439,51.5068832134894],[-0.630753737934632,51.5068874217778],[-0.631113839562003,51.506891628962],[-0.631473941276532,51.506895835042],[-0.631467208455922,51.507120560425],[-0.631460475548139,51.5073452857975],[-0.631100370301967,51.5073410795897],[-0.631093635541151,51.507565804888],[-0.631086900693135,51.5077905301759],[-0.631447009471039,51.5077947365115],[-0.631453742553178,51.5075700111597],[-0.631813849652342,51.5075742163273],[-0.631820580881446,51.5073494909012],[-0.631827312023396,51.5071247654647],[-0.632187415677983,51.5071289694001],[-0.632194144966968,51.5069042438893],[-0.63255424694283,51.5069084466567],[-0.632547519419659,51.5071331722314],[-0.632540791809381,51.5073578977957],[-0.632534064111995,51.5075826233496],[-0.632527336327501,51.5078073488931],[-0.632887445453828,51.5078115508118],[-0.632894171472438,51.5075868252044],[-0.633254278919929,51.5075910259549],[-0.633614386454443,51.5075952256013],[-0.633607663967605,51.5078199513364],[-0.633967773355009,51.5078241499424],[-0.634327882829394,51.5078283474441],[-0.634687992390735,51.5078325438415],[-0.635048100981822,51.5078367381154],[-0.635041385503364,51.5080614641311],[-0.635401494915027,51.5080656563794],[-0.635394781101879,51.508290382445],[-0.635388067202331,51.5085151085003],[-0.635381353216381,51.5087398345453],[-0.635374638433607,51.5089645616582],[-0.635367923015265,51.5091892895943],[-0.63572804129108,51.5091934810074],[-0.636088159654245,51.5091976713146],[-0.636448278104736,51.5092018605156],[-0.636441567934867,51.5094265884965],[-0.636434857677659,51.5096513164687],[-0.636428147333111,51.5098760444323],[-0.636421436901222,51.5101007723871],[-0.636061311336082,51.5100965831148],[-0.636054599038131,51.5103213110431],[-0.63641472638199,51.5103255003333],[-0.63677485381316,51.5103296885175],[-0.637134981331618,51.5103338755955],[-0.637495108937342,51.5103380615674],[-0.637488403667002,51.5105627895584],[-0.637848533138717,51.510566974442],[-0.638208662697651,51.5105711582196],[-0.638215364410493,51.5103464301931],[-0.638222066036105,51.5101217021579],[-0.638582192124758,51.5101258847939],[-0.638588891884437,51.5099011567322],[-0.638595591556912,51.5096764286619],[-0.638602291142186,51.509451700583],[-0.638242170389581,51.5094475180003],[-0.637882049724165,51.5094433343117],[-0.637521929145963,51.509439149517],[-0.637528633979941,51.5092144214827],[-0.637168515267608,51.5092102355997],[-0.637175221792927,51.5089855075745],[-0.637535338726652,51.5089896934397],[-0.63789545574761,51.5089938781988],[-0.638255572855779,51.508998061852],[-0.638615690051134,51.509002244399],[-0.638608990640259,51.5092269724953],[-0.638969109701394,51.5092311539542],[-0.638975807333654,51.5090064258401],[-0.639335924703315,51.5090106061751],[-0.639342620247582,51.5087858783678],[-0.639702735949378,51.5087900575432],[-0.640062851737266,51.5087942356142],[-0.640422967611223,51.5087984125807],[-0.640416277334913,51.509023140544],[-0.640409586817128,51.509247868729],[-0.640769706313745,51.5092520446577],[-0.641129825897389,51.5092562194802],[-0.641489945568038,51.5092603931968],[-0.641483260299109,51.5094851214262],[-0.641843381835389,51.5094892940544],[-0.642203503458628,51.5094934655766],[-0.642563625168805,51.5094976359926],[-0.642923746965895,51.5095018053027],[-0.64291706872465,51.5097265335942],[-0.643277192387309,51.5097307018158],[-0.643637316136837,51.5097348689314],[-0.643997439973211,51.5097390349409],[-0.643990766981151,51.5099637632767],[-0.644350892683054,51.5099679281977],[-0.644711018471758,51.5099720920127],[-0.645071144347242,51.5099762547217],[-0.645064476604516,51.5102009831017],[-0.645424604345487,51.5102051447221],[-0.645784732173193,51.5102093052365],[-0.64614486008761,51.5102134646448],[-0.646138197594367,51.5104381930689],[-0.646498327374233,51.5104423513887],[-0.646858457240763,51.5104465086024],[-0.647218587193938,51.51045066471],[-0.64721192995033,51.5106753931781],[-0.647205272620066,51.5109001216375],[-0.647198615203145,51.5111248500883],[-0.647191957699566,51.5113495785305],[-0.647185300109327,51.5115743069639],[-0.646825161261987,51.5115701507685],[-0.646818501806183,51.5117948791758],[-0.646811842263695,51.5120196075743],[-0.646805182634518,51.5122443359642],[-0.646798522918653,51.5124690643455],[-0.646438377042222,51.5124649069737],[-0.646431715460673,51.5126896353287],[-0.646791863116097,51.5126937927181],[-0.647152010858178,51.5126979490013],[-0.64715866888174,51.5124732206111],[-0.64751881493146,51.5124773757706],[-0.647512158686894,51.5127021041783],[-0.647872306602222,51.5127062582491],[-0.647865652050031,51.5129309866657],[-0.648225801830969,51.5129351396479],[-0.648585951698474,51.5129392915239],[-0.648946101652524,51.5129434422937],[-0.648952750867646,51.5127187138245],[-0.64931289912919,51.5127228634706],[-0.649673047477231,51.5127270120106],[-0.649679693047791,51.5125022834977],[-0.6500398397033,51.512506430914],[-0.650399986445257,51.5125105772241],[-0.650406628371343,51.5122858486676],[-0.650413270210971,51.5120611201026],[-0.650773413481404,51.5120652652715],[-0.650780053455634,51.5118405366803],[-0.65041991196414,51.5118363915288],[-0.650426553630854,51.5116116629464],[-0.650786693343431,51.5116158080804],[-0.651146833142404,51.5116199521082],[-0.651506973027752,51.51162409503],[-0.65186711418804,51.5116282326636],[-0.651873748664262,51.5114035039374],[-0.652233888198378,51.5114076401889],[-0.652240520796551,51.5111829114549],[-0.652247153307932,51.5109581827128],[-0.652607289346366,51.510962317858],[-0.652967425471532,51.5109664518964],[-0.652960796542571,51.5111911806381],[-0.652600658626194,51.5111870465999],[-0.652594027819253,51.5114117753337],[-0.652587396925542,51.5116365040596],[-0.65294753842441,51.5116406380973],[-0.652940909235207,51.5118653668149],[-0.652580765945059,51.5118612327774],[-0.652574134877802,51.5120859614872],[-0.652934279959253,51.5120900955245],[-0.653294425127422,51.5120942284551],[-0.653654570382285,51.5120983602788],[-0.654014715723818,51.5121024909957],[-0.654008091735101,51.5123272196965],[-0.654368238954613,51.5123313493064],[-0.654361616670569,51.512556077999],[-0.654001467659701,51.5125519483894],[-0.653994843497615,51.5127766770743],[-0.653988219248842,51.5130014057511],[-0.653981594913381,51.5132261344199],[-0.65397497049123,51.5134508630808],[-0.653614814401364,51.5134467323653],[-0.653608188101051,51.5136714610184],[-0.653601561714023,51.5138961896635],[-0.653594935240278,51.5141209183005],[-0.653588308679813,51.5143456469295],[-0.653581682032628,51.5145703755505],[-0.653575055298721,51.5147951041636],[-0.65356842847809,51.5150198327686],[-0.653561801570735,51.5152445613655],[-0.653555174576653,51.5154692899545],[-0.653548547495844,51.5156940185355],[-0.653541920328305,51.5159187471085],[-0.653902096125612,51.5159228778211],[-0.653895470663066,51.5161476063858],[-0.653888845113812,51.5163723349425],[-0.653882219477847,51.5165970634912],[-0.654242400737073,51.5166011930962],[-0.654249024581266,51.5163764645477],[-0.654609204135373,51.516380593046],[-0.654602582082953,51.5166053215941],[-0.654595959943868,51.5168300501343],[-0.654235776806191,51.5168259216366],[-0.654229152788618,51.517050650169],[-0.654222528894022,51.5172753783554],[-0.6542159051509,51.5175001061498],[-0.654209281321518,51.5177248339354],[-0.65456947160548,51.5177289624678],[-0.654576093654782,51.5175042346627],[-0.654936282244864,51.5175083620694],[-0.655296470921122,51.5175124883698],[-0.655656659683534,51.5175166135638],[-0.656016848532075,51.5175207376516],[-0.656377037466724,51.5175248606331],[-0.656737226487456,51.5175289825083],[-0.65709741559425,51.5175331032772],[-0.657090806005548,51.5177578312183],[-0.657084196330769,51.5179825591506],[-0.657444389083807,51.517986678852],[-0.657804581922862,51.517990797447],[-0.658164774847913,51.5179949149358],[-0.658524967858934,51.5179990313182],[-0.658518365218637,51.5182237593193],[-0.658511762492351,51.5184484873116],[-0.658505159680075,51.5186732152952],[-0.658498556781809,51.5188979432701],[-0.65849195379755,51.5191226712362],[-0.658485350727297,51.5193473991936],[-0.658845554505474,51.5193515145858]]],[[[-0.631951324057528,51.5390483619819],[-0.631944581803654,51.5392730831658],[-0.631584222437425,51.5392688802787],[-0.631577478305736,51.5394936014766],[-0.631217117237836,51.5394893975022],[-0.630856756258035,51.539485192419],[-0.63086350396921,51.5392604711786],[-0.630870251592246,51.5390357499309],[-0.631230608992586,51.5390399550565],[-0.631590966481021,51.5390441590735],[-0.631951324057528,51.5390483619819]]],[[[-0.599469349104452,51.5285486919116],[-0.599462445846104,51.5287734163978],[-0.599822732949621,51.5287777194194],[-0.599815831268876,51.5290024439735],[-0.599808929502862,51.5292271685166],[-0.600169220017447,51.5292314705916],[-0.600162319829099,51.5294561952027],[-0.59980202765158,51.5294518930487],[-0.599441735559328,51.5294475897902],[-0.599448639073544,51.5292228653371],[-0.599088348729513,51.529218561053],[-0.599095253821348,51.5289938366679],[-0.599102158827872,51.5287691122717],[-0.599109063749086,51.5285443878646],[-0.599469349104452,51.5285486919116]]],[[[-0.583382242405622,51.5243089153945],[-0.583742491257547,51.5243132676577],[-0.584102740196559,51.524317618817],[-0.584109722326671,51.5240928940927],[-0.584116704369738,51.523868169357],[-0.584123686325761,51.52364344461],[-0.584483930299244,51.523647794403],[-0.584476950027397,51.5238725192375],[-0.584469969668528,51.5240972440606],[-0.584462989222636,51.5243219688723],[-0.584823238335757,51.5243263178237],[-0.584816259487084,51.5245510427115],[-0.584809280551407,51.5247757675879],[-0.584802301528724,51.5250004924531],[-0.584795322419034,51.5252252173069],[-0.584435066568807,51.5252208680059],[-0.584442047362806,51.5249961432395],[-0.584449028069777,51.5247714184618],[-0.584456008689719,51.5245466936727],[-0.5840957579794,51.52454234353],[-0.583735507356148,51.5245379922833],[-0.583375256819983,51.5245336399326],[-0.583382242405622,51.5243089153945]]],[[[-0.578828270682333,51.531672383841],[-0.578835270349058,51.5314476638912],[-0.578842269928184,51.5312229439306],[-0.579202570255983,51.5312273116607],[-0.579209568057607,51.5310025916188],[-0.579216565771657,51.5307778715663],[-0.579576862807211,51.5307822380503],[-0.579937159930285,51.5307866034295],[-0.579930165596005,51.5310113236232],[-0.580290464496462,51.5310156879681],[-0.580650763484397,51.5310200512082],[-0.580657754438902,51.5307953308734],[-0.580297457140856,51.5307909677039],[-0.580304449697743,51.530566247429],[-0.580664745305924,51.530570610528],[-0.580671736085463,51.5303458901718],[-0.58103203009125,51.5303502520954],[-0.581025041001556,51.5305749725221],[-0.58138533678462,51.5305793334115],[-0.581745632655092,51.530583693196],[-0.581738646857678,51.530808413753],[-0.581378349297334,51.530804053898],[-0.58137136172261,51.5310287743739],[-0.581011062559786,51.5310244133435],[-0.581004073207708,51.5312491337381],[-0.580997083768163,51.531473854122],[-0.580990094241153,51.5316985744953],[-0.580983104626675,51.5319232948578],[-0.580622798791504,51.5319189324404],[-0.580262493043795,51.5319145689182],[-0.579902187383569,51.531910204291],[-0.579541881810849,51.5319058385589],[-0.579181576325654,51.531901471722],[-0.579188574390009,51.5316767517123],[-0.578828270682333,51.531672383841]]],[[[-0.567969259411312,51.5216487954755],[-0.567962202422493,51.5218735163731],[-0.567955145343834,51.5220982372578],[-0.56759491952066,51.5220938385678],[-0.56723469378735,51.5220894387755],[-0.567241754326495,51.5218647181422],[-0.567248814775755,51.521639997496],[-0.567609037048604,51.5216443970369],[-0.567969259411312,51.5216487954755]]],[[[-0.530785232935315,51.4901658930032],[-0.530792453802577,51.4899411742373],[-0.530799674575408,51.4897164554615],[-0.531159636072798,51.4897209644251],[-0.531152417087142,51.4899456832481],[-0.531145198007078,51.4901704020613],[-0.531137978832604,51.4903951208647],[-0.531130759563719,51.4906198396582],[-0.530770790917493,51.4906153305057],[-0.530778011973621,51.4903906117593],[-0.530785232935315,51.4901658930032]]],[[[-0.560370898119438,51.5112147285462],[-0.560363798377635,51.5114394472082],[-0.560356698543466,51.5116641658584],[-0.560716841427683,51.5116685825529],[-0.561076984404283,51.5116729981444],[-0.561069888042772,51.5118977169816],[-0.561062791588939,51.5121224358069],[-0.56070264504729,51.5121180200165],[-0.560695546718575,51.5123427387306],[-0.560335398486753,51.5123383217378],[-0.559975250347343,51.5123339036421],[-0.559615102300364,51.5123294844434],[-0.559254954345842,51.5123250641418],[-0.559262059804779,51.5121003458255],[-0.559269165171278,51.5118756274974],[-0.559276270445338,51.5116509091574],[-0.559283375626963,51.5114261908056],[-0.559290480716154,51.5112014724419],[-0.559650619758141,51.5112058922462],[-0.560010758892577,51.5112103109477],[-0.560370898119438,51.5112147285462]]],[[[-0.564678419246211,51.5117170933994],[-0.565038563237488,51.5117214968588],[-0.565398707320871,51.5117258992153],[-0.565758851496337,51.5117303004688],[-0.565751778307641,51.5119550205976],[-0.565744705026924,51.5121797407147],[-0.565384557286369,51.5121753392625],[-0.565024409637898,51.5121709367074],[-0.564664262081536,51.5121665330494],[-0.564671340709919,51.5119418132303],[-0.564678419246211,51.5117170933994]]],[[[-0.565977550158961,51.5162291029336],[-0.565970476912512,51.5164538229251],[-0.565610295206907,51.516449420689],[-0.565250113593393,51.5164450173499],[-0.565257190405834,51.5162202975571],[-0.564897010667429,51.5162158932141],[-0.564904089170764,51.5159911735088],[-0.565264267126199,51.5159955777524],[-0.565624445173746,51.5159999808929],[-0.565984623313381,51.5160043829303],[-0.565977550158961,51.5162291029336]]],[[[-0.56689565468236,51.5214108763195],[-0.566888592592788,51.5216355968529],[-0.56688153041331,51.5218603173733],[-0.566521306590032,51.5218559155022],[-0.566161082856681,51.5218515125286],[-0.56616814849659,51.5216267922597],[-0.566175214046549,51.5214020719778],[-0.566535434319492,51.5214064746998],[-0.56689565468236,51.5214108763195]]],[[[-0.567588375324196,51.5337836105037],[-0.567595428358734,51.5335588928244],[-0.567235113164997,51.5335544899438],[-0.567242167865863,51.5333297723193],[-0.567249222475773,51.5331050546842],[-0.567256276994728,51.5328803370386],[-0.567616586916746,51.5328847397237],[-0.567976896929649,51.5328891413037],[-0.568337207439573,51.5328935421336],[-0.56833015814725,51.5331182599576],[-0.568690471136573,51.5331226603654],[-0.568697518738837,51.5328979424704],[-0.569057830126286,51.5329023417025],[-0.569050784214085,51.5331270596682],[-0.569411097379761,51.5331314578662],[-0.569404053069436,51.5333561758921],[-0.569397008670923,51.5335808939072],[-0.569389964184219,51.5338056119117],[-0.569382921632548,51.5340303290434],[-0.569022601607179,51.5340259306027],[-0.569015557523998,51.5342506475456],[-0.569008513350126,51.5344753644788],[-0.568648189908715,51.5344709648404],[-0.568287866557964,51.5344665640961],[-0.568294914238534,51.5342418472548],[-0.568301961828367,51.5340171304037],[-0.567941642667104,51.5340127293704],[-0.567934593325912,51.5342374461963],[-0.56757427270217,51.5342330442798],[-0.56758132381521,51.5340083274982],[-0.567588375324196,51.5337836105037]]],[[[-0.573989870328188,51.5365593010301],[-0.573982849797566,51.5367840185077],[-0.574343192131143,51.5367884020149],[-0.574703534555033,51.5367927844161],[-0.575063877069215,51.5367971657112],[-0.575056861709078,51.5370218833164],[-0.575049846258618,51.5372466009118],[-0.575042830717835,51.5374713184975],[-0.575035815086726,51.5376960360735],[-0.574675465557902,51.5376916545953],[-0.574315116119376,51.537687272011],[-0.573954766771168,51.5376828883207],[-0.573961787663357,51.5374581708821],[-0.573601440159181,51.5374537861315],[-0.573241092745369,51.5374494002749],[-0.573248117054497,51.537224682918],[-0.573255141273187,51.5369999655515],[-0.573615485179691,51.5370043513165],[-0.573622507554324,51.5367796338945],[-0.573629529838545,51.5365549164627],[-0.573989870328188,51.5365593010301]]],[[[-0.575403178583236,51.5374756988239],[-0.575410192370346,51.5372509811925],[-0.575417206067154,51.5370262635513],[-0.575424219673663,51.5368015459004],[-0.575431233189874,51.5365768282398],[-0.575438246615788,51.5363521105694],[-0.575798585803292,51.536356489561],[-0.576158925081014,51.5363608674467],[-0.576519264448933,51.5363652442263],[-0.576512256283775,51.5365899620338],[-0.576505248028389,51.5368146798317],[-0.576865590993682,51.5368190555967],[-0.5768585844017,51.5370437734305],[-0.57685157771951,51.5372684912546],[-0.576491231246926,51.5372641153981],[-0.576484222720846,51.5374888331668],[-0.576477214104532,51.5377135509257],[-0.576470205397981,51.5379382686749],[-0.576109853754475,51.5379338915752],[-0.575749502201176,51.5379295133694],[-0.575389150738106,51.5379251340576],[-0.575396164705823,51.5377004164456],[-0.575403178583236,51.5374756988239]]],[[[-0.647598683108409,51.5097806342025],[-0.647958807898568,51.5097847880453],[-0.647952154472358,51.5100095165745],[-0.647592027903478,51.5100053627142],[-0.647231901421193,51.5100012077477],[-0.646871775025524,51.5099970516753],[-0.646878433787892,51.5097723231987],[-0.646518309257581,51.5097681660377],[-0.64615818481393,51.5097640077706],[-0.645798060456964,51.5097598483975],[-0.645804724468736,51.509535119965],[-0.645444601977167,51.5095309595034],[-0.645084479572327,51.5095267979357],[-0.64472435725424,51.509522635262],[-0.644731026515267,51.5092979068737],[-0.644370906062616,51.5092937431115],[-0.644010785696763,51.5092895782433],[-0.643650665417729,51.5092854122691],[-0.643657339927859,51.509060683925],[-0.643297221514303,51.5090565168623],[-0.642937103187612,51.5090523486937],[-0.642576984947808,51.509048179419],[-0.642583664661154,51.5088234511865],[-0.64259034361126,51.5085987239413],[-0.642950458335261,51.5086028931168],[-0.642957135447636,51.5083781658015],[-0.64259702247542,51.5083739966859],[-0.642236909589111,51.5083698264659],[-0.641876796788734,51.5083656551415],[-0.641883479070468,51.5081409279957],[-0.641523368107801,51.5081367556268],[-0.641163257231109,51.5081325821534],[-0.640803146440413,51.5081284075756],[-0.640809833891359,51.5079036805994],[-0.640449724938415,51.5078995049772],[-0.64008961607151,51.5078953282506],[-0.639729507290669,51.5078911504196],[-0.639722814584536,51.5081158772158],[-0.639362704138056,51.5081116982204],[-0.639002593777685,51.5081075181205],[-0.639009289987269,51.5078827914443],[-0.639369398595915,51.5078869714841],[-0.639376092967627,51.5076622447376],[-0.639015986110683,51.5076580647577],[-0.638655879339869,51.5076538836735],[-0.638649181464755,51.5078786103],[-0.638289073028394,51.5078744280513],[-0.63792896467821,51.5078702446983],[-0.637935666056721,51.5076455181918],[-0.638295772655207,51.5076497014848],[-0.638302472195808,51.5074249749081],[-0.637942367348996,51.5074207916751],[-0.637582262588382,51.5074166073377],[-0.637575559544434,51.5076413337944],[-0.637568856414226,51.5078660602408],[-0.637208748236464,51.5078618746789],[-0.636848640144947,51.5078576880127],[-0.636855346778542,51.5076329616863],[-0.636495240524983,51.5076287739757],[-0.636501948823942,51.5074040476992],[-0.63614184440834,51.5073998589443],[-0.635781740079047,51.5073956690849],[-0.635421635836086,51.5073914781213],[-0.635061531679481,51.5073872860532],[-0.635068246898684,51.5071625600068],[-0.634708143697321,51.5071583660302],[-0.634348039433586,51.5071541698243],[-0.634354758127664,51.5069294439302],[-0.633994655716703,51.5069252466839],[-0.633634553392717,51.5069210483334],[-0.633274451155727,51.5069168488787],[-0.633281175060207,51.5066921231658],[-0.6336412755314,51.5066963225567],[-0.633647997583049,51.5064715967696],[-0.633287898877628,51.5064673974426],[-0.633294622607994,51.506242671709],[-0.633654719547665,51.5062468709721],[-0.633661441425249,51.5060221451642],[-0.634021536686184,51.5060263432592],[-0.634028256711032,51.5058016173771],[-0.634388350293228,51.5058058143041],[-0.634395068465386,51.5055810883477],[-0.634401786550562,51.5053563623809],[-0.634761876688353,51.5053605580761],[-0.635121965541482,51.5053647512662],[-0.635482053934144,51.5053689427934],[-0.635842142413148,51.5053731332164],[-0.635848853351793,51.5051484069575],[-0.635488766624227,51.5051442165947],[-0.635128679983001,51.5051400251275],[-0.635135394338117,51.5049152989786],[-0.635142108606833,51.5046905728194],[-0.63514882278915,51.50446584665],[-0.635508904176206,51.5044700379368],[-0.63551561652078,51.5042453116971],[-0.635875696242826,51.5042495018196],[-0.636235776051183,51.5042536908379],[-0.636595855945829,51.504257878752],[-0.636589148855297,51.5044826051719],[-0.636949230587561,51.5044867920417],[-0.636942525162095,51.5047115185115],[-0.637302608731978,51.5047157043371],[-0.637662692388086,51.5047198890584],[-0.638022776130394,51.5047240726755],[-0.638382859958882,51.5047282551883],[-0.638742943873526,51.5047324365968],[-0.639103027874302,51.504736616901],[-0.639096332870959,51.5049613437206],[-0.639456418709253,51.5049655229806],[-0.639816504633637,51.5049697011362],[-0.640176590644088,51.5049738781875],[-0.640536676740584,51.5049780541345],[-0.640529988656815,51.5052027811839],[-0.640890076590767,51.5052069560866],[-0.64125016461072,51.505211129885],[-0.64161025271665,51.5052153025791],[-0.641603569801198,51.505440029798],[-0.641963659744546,51.5054442014477],[-0.642323749773828,51.5054483719931],[-0.642317070275353,51.5056730993217],[-0.642677162142035,51.5056772688227],[-0.643037254094606,51.5056814372194],[-0.643030578013203,51.5059061646575],[-0.643390671803155,51.5059103320097],[-0.643750765678955,51.5059144982576],[-0.644110859640578,51.5059186634012],[-0.644117530467436,51.5056939357834],[-0.644124201208458,51.5054692081554],[-0.644130871863645,51.5052444805171],[-0.644137542432998,51.5050197528686],[-0.644497629474487,51.5050239166683],[-0.644504298206581,51.5047991889497],[-0.644864383582414,51.5048033515853],[-0.645224469043997,51.5048075131166],[-0.645217803814761,51.5050322409549],[-0.6455778911135,51.5050364014417],[-0.645937978497945,51.5050405608243],[-0.646298065968071,51.5050447191025],[-0.646291405907437,51.5052694471101],[-0.646284745761107,51.5054941751074],[-0.646278085529078,51.5057189030945],[-0.646271425211349,51.5059436310714],[-0.646264764807918,51.5061683590381],[-0.64590466858028,51.5061642004607],[-0.645898006339575,51.5063889283573],[-0.645891344013143,51.5066136562437],[-0.646251443743946,51.5066178149407],[-0.646611543560418,51.5066219725333],[-0.646971643462537,51.5066261290215],[-0.64733174345028,51.5066302844054],[-0.647325088044594,51.5068550125208],[-0.647685189869561,51.5068591668601],[-0.648045291780109,51.506863320095],[-0.648405393776215,51.5068674722255],[-0.648398743539827,51.50709220051],[-0.648758847373117,51.5070963515959],[-0.649118951291922,51.5071005015774],[-0.649112304473306,51.5073252299713],[-0.649105657569162,51.5075499583549],[-0.649099010579489,51.5077746867282],[-0.648738901405596,51.5077705365674],[-0.64873225257865,51.5079952648708],[-0.648725603666148,51.508219993164],[-0.648718954668088,51.5084447214469],[-0.648358840324426,51.5084405700024],[-0.648352189489,51.5086652982154],[-0.648345538499451,51.5088900265085],[-0.648338887198278,51.5091147550899],[-0.64797876765758,51.5091106024057],[-0.647972114491177,51.5093353309609],[-0.647965461238173,51.5095600595075],[-0.647605338226713,51.5095559056822],[-0.647598683108409,51.5097806342025]]],[[[-0.643930040147539,51.5362650268477],[-0.643569703213564,51.5362608619006],[-0.643209366366643,51.536256695847],[-0.643202680590562,51.5364814178042],[-0.642842342047507,51.5364772506091],[-0.642482003591552,51.5364730823075],[-0.642475314161902,51.5366978041851],[-0.642114974009842,51.5366936347419],[-0.64175463394493,51.5366894641923],[-0.641394293967192,51.5366852925362],[-0.64103395407665,51.5366811197737],[-0.640673614273328,51.5366769459047],[-0.640313274557247,51.5366727709293],[-0.640306574340939,51.5368974925865],[-0.639946232928877,51.5368933164694],[-0.639585891604106,51.5368891392459],[-0.639592595386906,51.5366644176591],[-0.639599299082374,51.536439696063],[-0.639606002690511,51.5362149744576],[-0.639966338665616,51.5362191515755],[-0.640326674728007,51.5362233275869],[-0.640333374682461,51.5359986059018],[-0.640340074549632,51.5357738842073],[-0.640346774329524,51.5355491625035],[-0.64070710512971,51.5355533373029],[-0.641067436017131,51.5355575109959],[-0.641427766991764,51.5355616835825],[-0.641434461335043,51.5353369617639],[-0.64179479061375,51.5353411332089],[-0.642155119979622,51.5353453035475],[-0.642161810669508,51.5351205816492],[-0.642168501272234,51.5348958597415],[-0.642175191787801,51.5346711378246],[-0.64218188221621,51.5344464158983],[-0.642542204536985,51.5344505849899],[-0.642548893095236,51.5342258630192],[-0.642909213720119,51.5342300309693],[-0.642915900408258,51.5340053089541],[-0.642555581566355,51.5340011410391],[-0.642562269439748,51.5337764186944],[-0.642922586526802,51.5337805866053],[-0.642929271054351,51.5335558632379],[-0.643289586413279,51.533560030031],[-0.643282903702176,51.5337847534091],[-0.643643220965846,51.5337889191056],[-0.643636538353298,51.5340136414649],[-0.643629855231124,51.5342383635504],[-0.6439901761172,51.5342425281814],[-0.644350497090293,51.5342466917061],[-0.644343817447073,51.5344714138525],[-0.644704140290172,51.534475576306],[-0.644697462342968,51.5347002984781],[-0.644337137716835,51.5346961359896],[-0.644330457899578,51.5349208581174],[-0.6443237779953,51.5351455802358],[-0.644317098004,51.535370302345],[-0.644310417925676,51.5355950244448],[-0.644303737760326,51.5358197465353],[-0.643943404305684,51.5358155827648],[-0.643936722270138,51.536040304811],[-0.643930040147539,51.5362650268477]]],[[[-0.641888463512072,51.5321950160273],[-0.642248767707821,51.5321991860777],[-0.642242080077739,51.5324239094741],[-0.642235392359268,51.5326486328621],[-0.641875084530894,51.5326444627903],[-0.641514776790903,51.5326402916113],[-0.64152146814202,51.5324155682447],[-0.641528159404702,51.5321908448698],[-0.641888463512072,51.5321950160273]]],[[[-0.643816430743063,51.5400853000482],[-0.644176798081894,51.540089464486],[-0.644537165507759,51.5400936278171],[-0.644897533020634,51.5400977900416],[-0.644904211272571,51.5398730680578],[-0.645264577088843,51.5398772291407],[-0.645271253470205,51.5396525071125],[-0.644910889437501,51.5396483460647],[-0.644917567515425,51.5394236240623],[-0.644924245506344,51.5391989020505],[-0.645284605971983,51.5392030630281],[-0.6452912820924,51.538978340972],[-0.64529795812584,51.5387536189065],[-0.645304634072303,51.5385288968317],[-0.64566498927447,51.5385330565975],[-0.646025344563567,51.5385372152568],[-0.646018672184014,51.5387619374017],[-0.646379029343475,51.5387660949895],[-0.646372358660469,51.5389908171602],[-0.646365687890555,51.5392155393216],[-0.64635901703373,51.5394402614737],[-0.646352346089992,51.5396649836164],[-0.646712710470403,51.5396691402379],[-0.646706041223325,51.5398938624064],[-0.646699371889355,51.5401185845656],[-0.646692702468492,51.5403433067155],[-0.646686032960733,51.5405680288561],[-0.646679363366078,51.5407927509873],[-0.64631899006757,51.5407885941905],[-0.645958616855961,51.5407844362871],[-0.645965290017946,51.540559714226],[-0.645604918676923,51.540555555251],[-0.645598243731275,51.5407802772771],[-0.645237870693534,51.5407761171605],[-0.645244547422843,51.5405513951695],[-0.644884176255731,51.5405472339813],[-0.644523805175608,51.5405430716866],[-0.644163434182499,51.5405389082852],[-0.643803063276427,51.5405347437772],[-0.643809747053285,51.5403100219174],[-0.643816430743063,51.5400853000482]]],[[[-0.646118748750421,51.5353911042503],[-0.646479079160458,51.5353952613121],[-0.646472409780913,51.5356199836224],[-0.64646574031448,51.5358447059235],[-0.64645907076116,51.5360694282152],[-0.646098735001653,51.5360652710481],[-0.645738399329038,51.5360611127747],[-0.645731726122424,51.5362858349869],[-0.645371388753523,51.536281675572],[-0.645011051471561,51.5362775150505],[-0.645004374611565,51.5365022371833],[-0.644644035633345,51.5364980755204],[-0.644650714276561,51.5362733534227],[-0.64465739283277,51.5360486313157],[-0.644664071301974,51.5358239091994],[-0.644670749684174,51.5355991870738],[-0.644677427979372,51.5353744649388],[-0.64468410618757,51.5351497427946],[-0.644690784308768,51.534925020641],[-0.645051110804933,51.5349291820583],[-0.645411437388052,51.5349333423692],[-0.645418111856134,51.5347086201361],[-0.645424786237266,51.5344838978937],[-0.645785109341215,51.5344880570281],[-0.646145432532067,51.5344922150561],[-0.646138761717013,51.5347169373686],[-0.646132090815055,51.5349416596718],[-0.646125419826192,51.5351663819657],[-0.646118748750421,51.5353911042503]]],[[[-0.645945270271157,51.5412338803815],[-0.646305647050163,51.541238038355],[-0.646666023916072,51.5412421952219],[-0.64702640086886,51.5412463509822],[-0.647033068853599,51.5410216288345],[-0.647393444109528,51.5410257834531],[-0.647753819452288,51.5410299369651],[-0.647760483782766,51.540805214738],[-0.64812085742864,51.5408093671084],[-0.648127519888617,51.540584644837],[-0.64813418226179,51.5403599225562],[-0.647773812183237,51.5403557702559],[-0.647780476253233,51.5401310480009],[-0.647787140236405,51.5399063257366],[-0.647793804132753,51.539681603463],[-0.647433439491806,51.5396774501612],[-0.647440105084888,51.5394527279133],[-0.64780046794228,51.5394568811801],[-0.64816083088647,51.5394610333403],[-0.648154168860499,51.5396857556582],[-0.64814750674773,51.5399104779668],[-0.648507873345833,51.5399146290905],[-0.648501212929868,51.5401393514249],[-0.648494552427125,51.5403640737499],[-0.648487891837602,51.5405887960656],[-0.648481231161297,51.5408135183721],[-0.648474570398211,51.5410382406692],[-0.64846790954834,51.541262962957],[-0.648461248611682,51.5414876852355],[-0.648100869527867,51.5414835338668],[-0.64774049053084,51.5414793813913],[-0.647380111620624,51.5414752278093],[-0.647373445245888,51.5416999499734],[-0.647366778784294,51.5419246721282],[-0.647006396393368,51.5419205173694],[-0.646646014089301,51.541916361504],[-0.646285631872118,51.5419122045319],[-0.64629230368506,51.5416874824822],[-0.645931923338564,51.5416833244385],[-0.645571543078995,51.5416791652882],[-0.645578218372521,51.5414544432994],[-0.645217839983659,51.5414502830775],[-0.645224516973943,51.5412255611145],[-0.645231193877234,51.5410008391421],[-0.64559156869866,51.5410049992938],[-0.645584893579076,51.5412297213013],[-0.645945270271157,51.5412338803815]]],[[[-0.646172112461315,51.5335933245145],[-0.646532428614042,51.5335974813424],[-0.646539094888952,51.53337275786],[-0.646899409313322,51.53337691357],[-0.646906073683705,51.5331521900685],[-0.647266386379717,51.5331563446607],[-0.64725972382575,51.5333810681727],[-0.647253061183717,51.5336057916764],[-0.647246398453614,51.5338305151716],[-0.646886080308285,51.5338263605476],[-0.646879413411763,51.5340510829998],[-0.646519093613189,51.5340469272546],[-0.646158773901469,51.5340427704031],[-0.646165444281831,51.5338180479779],[-0.645805126400751,51.5338138900322],[-0.645811796396693,51.5335891665794],[-0.646172112461315,51.5335933245145]]],[[[-0.649275202315178,51.538349870927],[-0.649635556688863,51.538354018486],[-0.64962890223064,51.5385787409905],[-0.649622247685718,51.5388034634857],[-0.649615593054096,51.5390281859715],[-0.649255233330002,51.5390240383076],[-0.649248576828162,51.5392487607492],[-0.648888215407254,51.5392446119437],[-0.648527854073074,51.5392404620316],[-0.648534514141942,51.53901573966],[-0.648174154678024,51.5390115886764],[-0.648180816443608,51.5387868663305],[-0.648187478122401,51.5385621439753],[-0.648194139714403,51.5383374216108],[-0.648554493827925,51.5383415724894],[-0.648914848028191,51.5383457222615],[-0.649275202315178,51.538349870927]]],[[[-0.656617523901151,51.5460773675496],[-0.656977939505968,51.5460814953762],[-0.656971317317409,51.5463062192897],[-0.656964695043311,51.5465309431933],[-0.656958072683671,51.5467556670871],[-0.656951450238489,51.5469803909711],[-0.656591027575287,51.5469762629456],[-0.656584403279908,51.5472009867699],[-0.656577778898959,51.5474257105845],[-0.656571154432441,51.5476504343891],[-0.656564529880352,51.547875158184],[-0.65620410024396,51.5478710288533],[-0.656197473841555,51.5480957525885],[-0.656190847353552,51.5483204763139],[-0.655830414273237,51.5483163457774],[-0.65546998127853,51.5483122141345],[-0.655109548369456,51.5483080813852],[-0.65511618015175,51.548083357809],[-0.655122811848377,51.547858634223],[-0.654762382554457,51.5478545004669],[-0.654769015930134,51.5476297769207],[-0.654775649220126,51.5474050533647],[-0.654415223541284,51.5474009186018],[-0.654408588486602,51.547625642108],[-0.654048161128765,51.5476215061889],[-0.654041524223663,51.5478462296355],[-0.654034887232826,51.5480709530722],[-0.653674456431266,51.5480668159472],[-0.65331402571545,51.5480626777158],[-0.653307385109368,51.5482874010432],[-0.652946952714567,51.5482832616556],[-0.652586520405558,51.5482791211617],[-0.652226088182364,51.5482749795614],[-0.651865656045007,51.5482708368548],[-0.651505223928896,51.5482666931851],[-0.651511873376095,51.5480419700686],[-0.651151442245674,51.5480378272671],[-0.65079101120127,51.5480336833592],[-0.650797664097941,51.5478089603308],[-0.650804316908561,51.5475842372924],[-0.650810969633132,51.5473595142443],[-0.650817622271656,51.5471347911864],[-0.651178046245244,51.5471389348987],[-0.651184697030074,51.5469142117821],[-0.651191347728883,51.5466894886556],[-0.651197998341671,51.5464647655193],[-0.651558417027207,51.5464689081401],[-0.651565065769923,51.5462441849831],[-0.651571714426756,51.5460194618162],[-0.651578362997708,51.5457947386394],[-0.651585011482779,51.5455700154528],[-0.651591659881972,51.5453452922564],[-0.651952068993537,51.5453494354215],[-0.651958715542403,51.5451247121654],[-0.651965362005416,51.5448999888994],[-0.651604956422727,51.5448958458339],[-0.651611604564292,51.5446711226078],[-0.651618252619986,51.5444463993719],[-0.651624900589807,51.5442216761262],[-0.651264499738759,51.5442175336163],[-0.650904098742788,51.5442133905396],[-0.650910750176798,51.5439886673442],[-0.650550351034189,51.5439845232102],[-0.650557004149498,51.5437598000538],[-0.65056365717876,51.5435350768877],[-0.650570310121976,51.5433103537117],[-0.650930703962681,51.5433144976991],[-0.651291097889394,51.5433186405802],[-0.651651491610409,51.5433227830447],[-0.652011884842751,51.5433269257614],[-0.652018530618994,51.5431022024166],[-0.652025176309398,51.5428774790619],[-0.652031821913964,51.5426527556973],[-0.652392209939467,51.5426568971584],[-0.6523855660991,51.5428816205728],[-0.652745955974606,51.5428857609775],[-0.652752598050771,51.5426610375133],[-0.653112986247854,51.5426651767621],[-0.65310634593589,51.5428899002761],[-0.653466735982932,51.5428940384685],[-0.653827126115708,51.5428981755547],[-0.653820489246431,51.5431228991584],[-0.653813852291428,51.5433476227523],[-0.654174246038397,51.5433517588319],[-0.654167610761943,51.5435764824657],[-0.654160975399784,51.5438012060896],[-0.654154339951918,51.5440259297037],[-0.654147704418345,51.5442506533079],[-0.654141068799061,51.5444753769022],[-0.654134433094066,51.5447001004867],[-0.654127797303359,51.5449248240614],[-0.654121161426939,51.5451495476262],[-0.653760753565125,51.5451454111483],[-0.65375411583853,51.5453701346535],[-0.653747478026195,51.5455948581489],[-0.65374084012812,51.5458195816343],[-0.653734202144301,51.54604430511],[-0.653727564074738,51.5462690285757],[-0.654087980759073,51.5462731653025],[-0.654448397529119,51.5462773009229],[-0.654441762902957,51.5465020244784],[-0.654802181523266,51.5465061590423],[-0.655162600229242,51.5465102924999],[-0.65552301902086,51.5465144248512],[-0.655883437898099,51.5465185560962],[-0.655890065465948,51.5462938323417],[-0.656250482664203,51.5462979624307],[-0.656257108381884,51.5460732386166],[-0.656617523901151,51.5460773675496]]],[[[-0.659664920654173,51.5159888186774],[-0.65965832385942,51.516213547237],[-0.659651726978328,51.5164382757885],[-0.659645130010895,51.516663004332],[-0.65963853295712,51.5168877328675],[-0.659631935817002,51.517112461395],[-0.659625338791687,51.5173371895979],[-0.659618741749573,51.5175619176832],[-0.659258552040998,51.5175578046583],[-0.659251953132869,51.5177825327156],[-0.658891761730095,51.5177784185651],[-0.658531570413245,51.5177743033084],[-0.658538172881572,51.5175495752898],[-0.658544775263914,51.5173248472625],[-0.658551377655271,51.5171001190759],[-0.658557980170907,51.5168753905473],[-0.658918164346633,51.516879505761],[-0.659278348608711,51.5168836198678],[-0.659284947454304,51.5166588913319],[-0.658924764984041,51.5166547772248],[-0.65856458260013,51.5166506620107],[-0.658204400302593,51.5166465456896],[-0.658211004437194,51.5164218171445],[-0.658217608485363,51.5161970885915],[-0.657857429857778,51.5161929711627],[-0.657497251316612,51.5161888526269],[-0.657137072861887,51.5161847329842],[-0.656776894493627,51.5161806122345],[-0.656783505622324,51.5159558836721],[-0.656790116664499,51.5157311551017],[-0.656796727620152,51.5155064265232],[-0.657156900613268,51.5155105472739],[-0.657517073692845,51.5155146669177],[-0.657877246858858,51.5155187854545],[-0.658237420111285,51.5155229028843],[-0.658597593450103,51.5155270192073],[-0.658957766875289,51.5155311344232],[-0.65896436699439,51.5153064058389],[-0.658970967027112,51.5150816772465],[-0.659331136955311,51.5150857913563],[-0.659337735110024,51.5148610627563],[-0.659344333178384,51.5146363341483],[-0.659350931160392,51.5144116055323],[-0.65935752905605,51.5141868769083],[-0.659717691904176,51.5141909899127],[-0.66007785483859,51.5141951018102],[-0.660084449064818,51.513970373179],[-0.660444610293954,51.51397448397],[-0.660451202642362,51.5137497553312],[-0.660811362166218,51.5137538650158],[-0.660817952636852,51.5135291363693],[-0.660824543021232,51.5133044077149],[-0.661184699048329,51.5133085162934],[-0.661191287555006,51.5130837876314],[-0.661197875975458,51.5128590589613],[-0.661204464309686,51.5126343302833],[-0.661564615048677,51.5126384377563],[-0.661924765873831,51.5126425441224],[-0.661931350539063,51.5124178154372],[-0.662291499658968,51.512421920697],[-0.662284916785123,51.5126466493817],[-0.662278333825126,51.5128713780584],[-0.662271750778973,51.5130961067272],[-0.662265167646664,51.5133208353879],[-0.662258584428198,51.5135455640406],[-0.66189842635112,51.5135414587831],[-0.661891841254991,51.5137661874282],[-0.662252001123572,51.5137702926853],[-0.662245417732785,51.5139950213219],[-0.661885256072677,51.5139909160653],[-0.661878670804178,51.5142156446944],[-0.661872085449492,51.5144403733155],[-0.661865500008617,51.5146651019286],[-0.661858914481554,51.5148898305337],[-0.661852328868299,51.5151145591308],[-0.661845743168851,51.5153392877198],[-0.661839157383209,51.5155640163009],[-0.661832571511371,51.5157887448739],[-0.662192747504529,51.5157928501269],[-0.662186163338229,51.5160175786915],[-0.661825985553336,51.516013473439],[-0.661465807854604,51.5160093670795],[-0.661105630242056,51.516005259613],[-0.660745452715715,51.5160011510395],[-0.660385275275606,51.5159970413591],[-0.660025097921751,51.5159929305718],[-0.659664920654173,51.5159888186774]]],[[[-0.656991183626473,51.5456320475197],[-0.656630771550712,51.5456279197925],[-0.656637395247153,51.5454031958992],[-0.656644018858039,51.545178471996],[-0.656650642383369,51.544953748083],[-0.65701104916572,51.5449578756611],[-0.657017670841072,51.5447331516886],[-0.657024292430895,51.5445084277061],[-0.657384695769935,51.5445125540786],[-0.657745099194469,51.5445166793448],[-0.658105502704473,51.5445208035048],[-0.658465906299924,51.5445249265586],[-0.658472520746689,51.5443002023676],[-0.658832922663179,51.5443043242654],[-0.659193324665069,51.5443084450571],[-0.659186713747077,51.5445331693474],[-0.659547117598733,51.5445372890824],[-0.659540508359763,51.5447620134125],[-0.659180102743695,51.5447578936278],[-0.658819697213007,51.5447537727369],[-0.658459291767722,51.5447496507397],[-0.658452677150082,51.544974374911],[-0.658092270025794,51.5449702517579],[-0.658098886407864,51.5447455276363],[-0.657738481133454,51.5447414034266],[-0.657378075944516,51.5447372781107],[-0.657371456033589,51.544962002133],[-0.657731862986955,51.5449661274986],[-0.657725244754971,51.5451908515607],[-0.657718626437501,51.5454155756129],[-0.657712008034543,51.5456402996553],[-0.658072420366805,51.5456444240637],[-0.658065803642878,51.545869148146],[-0.658059186833483,51.5460938722184],[-0.657698770972157,51.5460897477106],[-0.657705389546096,51.5458650236879],[-0.657344975534791,51.5458608981235],[-0.656984561608989,51.5458567714529],[-0.656991183626473,51.5456320475197]]],[[[-0.661263326067055,51.547479289913],[-0.660902898849613,51.5474751750643],[-0.660542471717454,51.5474710591092],[-0.660535866662708,51.5476957834603],[-0.660529261522643,51.5479205078015],[-0.660168830946341,51.5479163906408],[-0.660162223956195,51.5481411149225],[-0.660522656297257,51.5481452321328],[-0.660883088723631,51.5481493482367],[-0.660876485177706,51.5483740726078],[-0.660869881546482,51.5485987969691],[-0.660863277829954,51.5488235213206],[-0.660856674028122,51.5490482456622],[-0.660496234542475,51.5490441293598],[-0.660489628890463,51.5492688536419],[-0.660850070140986,51.5492729699939],[-0.660843466168542,51.5494976943158],[-0.660483023153121,51.5494935779142],[-0.66012258022302,51.5494894604062],[-0.659762137378261,51.5494853417917],[-0.659401694618867,51.5494812220708],[-0.659041251944861,51.5494771012435],[-0.658680809356267,51.5494729793097],[-0.658687423918079,51.5492482552856],[-0.658694038394448,51.5490235312517],[-0.658700652785373,51.548798807208],[-0.659061090079363,51.5488029289927],[-0.65942152745876,51.5488070496711],[-0.659781964923539,51.5488111692431],[-0.659788573934552,51.5485864450405],[-0.659795182860194,51.5483617208281],[-0.659434748925042,51.5483576013555],[-0.65907431507527,51.5483534807764],[-0.6590809274451,51.5481287566534],[-0.65872049544551,51.5481246350176],[-0.658360063531344,51.5481205122755],[-0.658366679345266,51.547895788242],[-0.65837329507373,51.5476710641987],[-0.658379910716736,51.5474463401455],[-0.658740337336714,51.5474504627387],[-0.658746951129582,51.547225738626],[-0.659107376070295,51.5472298600632],[-0.659100764042112,51.5474545842255],[-0.659461190832908,51.547458704606],[-0.659467801096404,51.547233980394],[-0.659474411274516,51.5470092561722],[-0.659481021367243,51.5467845319405],[-0.659487631374588,51.546559807699],[-0.659494241296552,51.5463350834476],[-0.659133823328961,51.5463309633154],[-0.658773405446759,51.5463268420769],[-0.658412987649971,51.5463227197321],[-0.658419602780267,51.5460979956199],[-0.658426217825118,51.5458732714978],[-0.65878663209279,51.5458773937433],[-0.659147046445873,51.5458815148825],[-0.659507460884344,51.5458856349154],[-0.659867875408179,51.545889753842],[-0.659874483309482,51.5456650295115],[-0.659881091125433,51.5454403051711],[-0.660241502205575,51.5454444228922],[-0.660601913371033,51.545448539507],[-0.660962324621784,51.5454526550155],[-0.661322735957806,51.5454567694178],[-0.661316135199889,51.5456814939566],[-0.661309534356712,51.5459062184856],[-0.661302933428272,51.5461309430048],[-0.66129633241457,51.5463556675141],[-0.661289731315603,51.5465803920135],[-0.661283130131369,51.5468051165032],[-0.661276528861867,51.5470298409829],[-0.661269927507096,51.5472545654529],[-0.661263326067055,51.547479289913]]],[[[-0.667489164478271,51.544178192504],[-0.667495734645225,51.5439534670545],[-0.667856135161091,51.5439575611975],[-0.667862703478831,51.5437328356887],[-0.667502304727319,51.5437287415951],[-0.667508874724555,51.5435040161259],[-0.667515444636935,51.5432792906468],[-0.667875839859807,51.5432833846415],[-0.667882407923047,51.5430586591032],[-0.668242801368986,51.5430627521493],[-0.668603194265862,51.5430668454356],[-0.668596629756239,51.543291571029],[-0.668590065161446,51.543516296613],[-0.668950461693081,51.5435203888636],[-0.668943898787953,51.5437451144739],[-0.668937335797675,51.5439698400748],[-0.669297735964144,51.5439739312897],[-0.669658136215729,51.5439780213979],[-0.670018536552409,51.5439821103994],[-0.670378936974161,51.5439861982941],[-0.670385492864991,51.5437614725512],[-0.670745891596925,51.5437655593037],[-0.671106290413883,51.5437696449495],[-0.671466689315841,51.5437737294885],[-0.671473239797083,51.5435490036299],[-0.671833637009173,51.5435530870267],[-0.671827088302778,51.5437778129208],[-0.672187487374669,51.5437818952464],[-0.67218094035818,51.5440066211665],[-0.672541341289877,51.5440107024208],[-0.67253479596334,51.5442354283671],[-0.672174393256748,51.5442313470774],[-0.671813990635091,51.5442272646809],[-0.671807441673797,51.544451990547],[-0.671447037362182,51.5444479070084],[-0.671440486540979,51.5446726328297],[-0.671080080539409,51.5446685481489],[-0.670719674622846,51.5446644623612],[-0.670713120166729,51.5448891881023],[-0.670706565625571,51.5451139138341],[-0.67070001099937,51.5453386395565],[-0.670339599842895,51.5453345525557],[-0.669979188771477,51.545330464448],[-0.66997263051018,51.5455551900902],[-0.669612217748819,51.5455511008403],[-0.669251805072561,51.5455470104835],[-0.669258366883904,51.5453222849124],[-0.669264928610109,51.5450975593319],[-0.66927149025118,51.5448728337421],[-0.668911082985044,51.5448687423852],[-0.668917646315932,51.5446440168216],[-0.668557240909892,51.5446399243933],[-0.668196835589018,51.5446358308583],[-0.668190268700089,51.544860556369],[-0.667829861041747,51.5448564631345],[-0.667469453468238,51.5448523687937],[-0.667109045979583,51.5448482733466],[-0.667115618165568,51.544623547976],[-0.667122190266666,51.5443988225956],[-0.667128762282879,51.5441740972053],[-0.667489164478271,51.544178192504]]],[[[-0.669605896532105,51.5334117473552],[-0.669966212343829,51.5334158334824],[-0.669959663122685,51.5336405627214],[-0.669953113378693,51.5338652917679],[-0.669946560771182,51.5340900196535],[-0.669940008077553,51.5343147475276],[-0.669933455297801,51.5345394753901],[-0.669573130522014,51.5345353887919],[-0.669212805832347,51.5345313010896],[-0.668852481228825,51.534527212283],[-0.668859039419197,51.534302484708],[-0.668865597523378,51.5340777571215],[-0.668505276613075,51.5340736674026],[-0.668144955585046,51.5340695768149],[-0.668151517234648,51.5338448493778],[-0.668158075742177,51.5336201206993],[-0.668518393168455,51.5336242111722],[-0.668524949614198,51.5333994823504],[-0.668531505973634,51.5331747535168],[-0.668891819720577,51.5331788428512],[-0.669252133553761,51.5331829310818],[-0.669612447473164,51.5331870182086],[-0.669605896532105,51.5334117473552]]]]}}