{"type":"Feature","properties":{"code":"E63005164","name":"Kingston upon Thames"},"geometry":{"type":"MultiPolygon","coordinates":[[[[-0.31862821699036,51.3641168010914],[-0.318619991833948,51.3643415010641],[-0.318611766570106,51.364566201029],[-0.318603541198833,51.364790900986],[-0.318595315720127,51.3650156009351],[-0.318587090133984,51.3652403008762],[-0.318946038777533,51.3652454531971],[-0.318937814860344,51.3654701531348],[-0.318929590835737,51.3656948530646],[-0.318921366703714,51.3659195529865],[-0.31856241273093,51.3659144006524],[-0.318203459877037,51.3659092473946],[-0.318211687103735,51.3656845474031],[-0.31785275489524,51.3656793964071],[-0.317493822790354,51.3656742443125],[-0.317134890789099,51.3656690911192],[-0.317126658482081,51.3658937909427],[-0.317485592176774,51.365898944192],[-0.317477361459498,51.3661236440612],[-0.317118426071344,51.3661184907558],[-0.317110193556888,51.3663431905587],[-0.31675125657891,51.3663380360985],[-0.316392319704611,51.3663328805397],[-0.31638408369943,51.3665575802201],[-0.316375847590481,51.3667822798903],[-0.316367611377764,51.3670069795503],[-0.316359376861308,51.3672316794269],[-0.316351149834514,51.3674563802512],[-0.315992204145713,51.3674512232963],[-0.315983975111682,51.3676759240637],[-0.315975745964624,51.3679006248212],[-0.315616796600247,51.3678954666727],[-0.315608565445878,51.3681201673731],[-0.315600334178453,51.3683448680637],[-0.315241381138436,51.3683397087216],[-0.315233147863626,51.3685644093551],[-0.315224914475734,51.3687891099787],[-0.314865957760013,51.368783949443],[-0.314857722364662,51.3690086500096],[-0.314849486856199,51.3692333505662],[-0.314490526464711,51.3692281888369],[-0.314482288948715,51.3694528893365],[-0.314474051319582,51.3696775898262],[-0.314115087252262,51.3696724269031],[-0.314106847615521,51.3698971273357],[-0.314098607865613,51.3701218277585],[-0.3137396401224,51.3701166636417],[-0.313380672492273,51.3701114984256],[-0.313372428840175,51.370336198744],[-0.313013459428651,51.3703310323814],[-0.313005213768801,51.3705557326426],[-0.312646242575886,51.3705505651335],[-0.312637994908237,51.3707752653376],[-0.312629747127318,51.3709999655318],[-0.312270772258438,51.3709947968288],[-0.311911797502752,51.3709896270265],[-0.311552822860285,51.3709844561249],[-0.311193848331061,51.370979284124],[-0.311202103690275,51.370754584119],[-0.310843131168888,51.3707494110661],[-0.310484158760791,51.3707442369139],[-0.310492417795726,51.3705195369937],[-0.310133447395486,51.3705143617896],[-0.309774477108583,51.3705091854862],[-0.309415506935044,51.3705040080836],[-0.309407242216491,51.3707287078618],[-0.309048270261804,51.3707235293125],[-0.309040003535206,51.3709482290335],[-0.309031736695096,51.3711729287447],[-0.309023469741471,51.3713976284459],[-0.308664492216454,51.3713924486552],[-0.308305514804883,51.3713872677652],[-0.30794653750678,51.371382085776],[-0.307954810144214,51.3711573862169],[-0.307595834854205,51.3711522031757],[-0.307587560322172,51.3713769026874],[-0.307579285676526,51.3716016021892],[-0.307571010917266,51.3718263016812],[-0.30756273604439,51.3720510011633],[-0.307203753289364,51.3720458168331],[-0.307195476408176,51.3722705162579],[-0.306836491872009,51.3722653307811],[-0.306477507449418,51.3722601442049],[-0.306118523140428,51.3722549565293],[-0.305759538945063,51.3722497677544],[-0.305767823405004,51.3720250685193],[-0.305408841217974,51.3720198786926],[-0.305400554863348,51.3722445778802],[-0.305392268394959,51.372469277058],[-0.305033282532214,51.372464086037],[-0.305024994055329,51.3726887851574],[-0.305016705464652,51.3729134842679],[-0.30500841676018,51.3731381833685],[-0.305000127941913,51.3733628824593],[-0.304641134613815,51.3733576901491],[-0.304632843786926,51.3735823891825],[-0.304624552846213,51.3738070882061],[-0.304983549963983,51.3738122806113],[-0.305342547195465,51.3738174719171],[-0.305701544540637,51.3738226621235],[-0.3057098297968,51.3735979629575],[-0.305350834346481,51.3735927727986],[-0.305359121383721,51.3733680736702],[-0.305718114939213,51.3733732637817],[-0.306077108608365,51.3733784527938],[-0.306068825360782,51.3736031520171],[-0.306427821038401,51.3736083399773],[-0.306786816829633,51.3736135268381],[-0.307145812734453,51.3736187125995],[-0.307137535057714,51.3738434119552],[-0.307496532970958,51.3738485966646],[-0.307855530997742,51.3738537802747],[-0.308214529138043,51.3738589627853],[-0.308573527391834,51.3738641441965],[-0.308565257180991,51.374088843732],[-0.308206257032309,51.3740836622734],[-0.308197984812987,51.3743083617516],[-0.307838982882884,51.3743031791461],[-0.307830708655035,51.3745278785671],[-0.307822434313572,51.3747525779781],[-0.307814159858489,51.3749772773793],[-0.307455152357028,51.3749720935322],[-0.307446875893318,51.3751967928761],[-0.307438599315964,51.3754214922102],[-0.307430322591302,51.3756461915453],[-0.307789335783533,51.3756513755355],[-0.308148349089861,51.3756565584264],[-0.308507362510262,51.3756617402177],[-0.308866376044709,51.3756669209097],[-0.308858106808238,51.3758916204366],[-0.308499091366477,51.3758864396965],[-0.308490820108547,51.3761111391653],[-0.308482548736471,51.3763358386242],[-0.308123529594062,51.3763306566882],[-0.308115256200453,51.376555356089],[-0.30810698269267,51.3767800554798],[-0.30809870907071,51.3770047548608],[-0.308090435334572,51.3772294542319],[-0.308082161484254,51.377454153593],[-0.308073887519753,51.3776788529443],[-0.308065613441068,51.3779035522856],[-0.308057339248198,51.378128251617],[-0.308049064941139,51.3783529509386],[-0.307690028745495,51.378347767469],[-0.307330992663973,51.3783425828999],[-0.307322714427526,51.378567282115],[-0.307314436076838,51.3787919813202],[-0.307306157611908,51.3790166805156],[-0.307665199416297,51.3790218652294],[-0.307656922744793,51.3792465644631],[-0.307648645959067,51.3794712636868],[-0.308007691692951,51.3794764473976],[-0.307999416700722,51.3797011466596],[-0.307991141594291,51.3799258459118],[-0.308350191257749,51.3799310286194],[-0.308341917944885,51.3801557279099],[-0.308333644517839,51.3803804271905],[-0.308692698110952,51.380385608895],[-0.309051751818129,51.3803907894998],[-0.309410805639346,51.3803959690051],[-0.309402537821585,51.3806206684204],[-0.309394269889711,51.3808453678258],[-0.309386001843723,51.3810700672213],[-0.309377733683617,51.3812947666069],[-0.309369465409392,51.3815194659826],[-0.309361197021047,51.3817441653484],[-0.309352928518578,51.3819688647042],[-0.309344659901984,51.3821935640502],[-0.309336391171263,51.3824182633863],[-0.309695462277806,51.3824234422257],[-0.309687195341001,51.3826481416],[-0.30967892829009,51.3828728409645],[-0.310038003326757,51.3828780188005],[-0.310029738069831,51.3831027182033],[-0.310021472698819,51.3833274175961],[-0.31038055166569,51.3833325944288],[-0.310372288088734,51.3835572938599],[-0.310364024397713,51.3837819932811],[-0.310355760923398,51.3840066925104],[-0.310347497490922,51.3842313916435],[-0.310706584214537,51.3842365675896],[-0.310698322575572,51.3844612667759],[-0.310690060822589,51.3846859659514],[-0.310681798955585,51.3849106651164],[-0.311040891515846,51.3849158401549],[-0.311032631442447,51.3851405393731],[-0.311391726024231,51.3851457133763],[-0.311383467744484,51.3853704126476],[-0.311742564347794,51.3853755856155],[-0.311734307861748,51.38560028494],[-0.311726051261746,51.3858249842539],[-0.311366950843055,51.3858198111584],[-0.31135869222137,51.3860445103979],[-0.310999590008833,51.3860393361395],[-0.310991329365416,51.3862640353045],[-0.310983068607989,51.3864887344589],[-0.310974807736551,51.3867134336027],[-0.311333915672405,51.3867186080525],[-0.311325656594775,51.3869433072494],[-0.311684766552338,51.3869484806639],[-0.311676509268563,51.387173179914],[-0.311668251870819,51.3873978791535],[-0.312027365757968,51.3874030515963],[-0.312019110154151,51.387627750889],[-0.312010854436385,51.387852450171],[-0.312369972253198,51.3878576216422],[-0.312361718329428,51.3880823209774],[-0.31235346429173,51.388307020302],[-0.312712586038288,51.3883121908016],[-0.312704333794658,51.3885368901793],[-0.313063457563015,51.3885420596434],[-0.313055207113501,51.3887667590742],[-0.312696081437119,51.3887615895464],[-0.312336955874542,51.3887564189193],[-0.312328701495047,51.388981118212],[-0.312687828965671,51.3889862889028],[-0.3130469565501,51.3889914584945],[-0.313038705872812,51.3892161579041],[-0.313397835479097,51.3892213264602],[-0.313389586596017,51.389446025923],[-0.31374871822416,51.3894511934436],[-0.313740471135337,51.3896758929595],[-0.314099604785342,51.3896810594446],[-0.314107849966039,51.389456359865],[-0.314466981821628,51.3894615251871],[-0.314475224980401,51.3892368255331],[-0.314834355041569,51.3892419896923],[-0.315193485216395,51.3892471527521],[-0.315552615504855,51.3892523147127],[-0.315544378070408,51.3894770145578],[-0.315185245873837,51.3894718525335],[-0.315177006417532,51.3896965523043],[-0.314817872426465,51.389691389117],[-0.314809630948255,51.3899160888134],[-0.314450495162695,51.3899109244631],[-0.314442251662531,51.3901356240852],[-0.314083114082483,51.3901304585719],[-0.314074868560317,51.3903551581197],[-0.314066622924323,51.3905798576568],[-0.314425764320796,51.3905850232976],[-0.314417520479222,51.3908097228878],[-0.314776663897643,51.390814887493],[-0.314768421850537,51.3910395871363],[-0.314409276523842,51.3910344224674],[-0.314401032454651,51.3912591220364],[-0.314760179689647,51.391264286769],[-0.31475193741497,51.3914889863911],[-0.315111086671968,51.3914941500881],[-0.315470236042618,51.3914993126858],[-0.315461997470855,51.3917240124247],[-0.315453758785349,51.391948712153],[-0.315812912086359,51.3919538737787],[-0.315804675195512,51.3921785735601],[-0.316163830518534,51.3921837341502],[-0.316155595490796,51.3924084363307],[-0.316147360353749,51.3926331385287],[-0.316506519452528,51.3926382982299],[-0.316498286036124,51.3928630004945],[-0.316857447075664,51.3928681591747],[-0.316849215379951,51.3930928615059],[-0.317208378360255,51.3930980191653],[-0.317200148385279,51.393322721563],[-0.317559313306351,51.3933278782014],[-0.317551085052158,51.3935525806657],[-0.317542856687925,51.3937772831188],[-0.317183688105138,51.3937721263247],[-0.31717545779997,51.3939968286887],[-0.316816287496243,51.393991670718],[-0.316808055250094,51.3942163729928],[-0.316448883225431,51.3942112138454],[-0.316440649038253,51.3944359160311],[-0.316081475292658,51.3944307557071],[-0.316073239164405,51.3946554578037],[-0.315714063697882,51.3946502963029],[-0.315705825628506,51.3948749983103],[-0.315697587448962,51.3950997003065],[-0.315338408430516,51.3950945375511],[-0.315330168309777,51.3953192394581],[-0.31497098757039,51.395314075526],[-0.31496274550841,51.3955387773439],[-0.314603563048086,51.395533612235],[-0.314595319044819,51.3957583139636],[-0.314236134863562,51.395753147678],[-0.314227888918959,51.3959778493175],[-0.313868703016774,51.395972681855],[-0.313860455130791,51.3961973834053],[-0.313852207134509,51.3964220849443],[-0.313493017680269,51.3964169162271],[-0.313133828336239,51.3964117464111],[-0.313125576567352,51.3966364477829],[-0.313117324688116,51.3968611491435],[-0.312758131791997,51.3968559780726],[-0.31239893900614,51.3968508059028],[-0.312390683354161,51.3970755070962],[-0.312031488847396,51.3970703337496],[-0.312023231253802,51.3972950348537],[-0.312014973549783,51.3975197359465],[-0.311655775490876,51.397514561345],[-0.311296577542309,51.3975093856445],[-0.311288316065343,51.3977340865701],[-0.311280054477902,51.3979587874845],[-0.310920852977157,51.3979536105291],[-0.310561651586804,51.3979484324747],[-0.310553386226277,51.3981731332218],[-0.310545120755227,51.3983978339575],[-0.310185915812662,51.3983926546482],[-0.310177648399736,51.3986173552946],[-0.310169380876258,51.3988420559298],[-0.309810172381419,51.3988368753655],[-0.309801902915993,51.3990615759113],[-0.309793633339989,51.3992862764458],[-0.309434421292813,51.3992810946265],[-0.309075209356134,51.3992759117081],[-0.309066936006674,51.3995006120753],[-0.309426149774789,51.3995057950717],[-0.309417878146159,51.3997304955056],[-0.30940960640692,51.3999551959283],[-0.309050388975861,51.3999500127758],[-0.309042115294506,51.4001747131091],[-0.309033841502515,51.4003994134311],[-0.309025566525263,51.4006241151269],[-0.308666343810186,51.4006189305825],[-0.308674620518951,51.4003942290235],[-0.308315399645941,51.4003890435168],[-0.308307121200797,51.4006137449381],[-0.308298841436712,51.400838448094],[-0.308658065772097,51.4008436337943],[-0.308649787628222,51.4010683369959],[-0.308641509378562,51.4012930401872],[-0.308633231023113,51.4015177433682],[-0.308624952561873,51.401742446539],[-0.308265721322281,51.4017372606153],[-0.308257441029142,51.40196196372],[-0.308249160630187,51.4021866668145],[-0.308240880125414,51.4024113698986],[-0.308232599514822,51.4026360729725],[-0.308224318798407,51.4028607760362],[-0.30821603797617,51.4030854790896],[-0.308207757048107,51.4033101821327],[-0.308199476014218,51.4035348851656],[-0.3081911948745,51.4037595881882],[-0.308182913628951,51.4039842912006],[-0.30817463227757,51.4042089942027],[-0.308166350820355,51.4044336971945],[-0.30780709897173,51.4044285095006],[-0.307798815682304,51.4046532124263],[-0.308158069257304,51.4046584001761],[-0.308149787588415,51.4048831031474],[-0.308141505813687,51.4051078061085],[-0.308500762947249,51.4051129928698],[-0.308492482793123,51.4053376958764],[-0.308133223933117,51.4053325090593],[-0.308124941946704,51.4055572119999],[-0.308484202533176,51.4055623988728],[-0.308475922167407,51.405787101859],[-0.308467641695813,51.4060118048348],[-0.308459361118394,51.4062365078005],[-0.308451080435147,51.4064612107558],[-0.308442799646069,51.4066859137009],[-0.308434518751161,51.4069106166358],[-0.308426237750418,51.4071353195604],[-0.308417956643841,51.4073600224747],[-0.308409675431427,51.4075847253788],[-0.308401394113174,51.4078094282726],[-0.30839311268908,51.4080341311561],[-0.308752392373906,51.4080393175431],[-0.308744112570707,51.4082640204722],[-0.308735832661686,51.4084887233911],[-0.308727552646842,51.4087134262997],[-0.308368267781738,51.4087082397453],[-0.308359980434389,51.408932938464],[-0.308351683205232,51.409157629845],[-0.308343385863303,51.4093823212144],[-0.308702675912877,51.4093875077392],[-0.308694380334742,51.4096121991812],[-0.308686084643855,51.4098368906116],[-0.308677788840215,51.4100615820305],[-0.308669492923819,51.4102862734378],[-0.308310195367829,51.4102810865766],[-0.308301897462012,51.4105057778883],[-0.30829359944341,51.4107304691883],[-0.308285301312023,51.4109551604768],[-0.308277003067848,51.4111798517538],[-0.308268704710885,51.4114045430192],[-0.30826040624113,51.411629234273],[-0.308252107658582,51.4118539255152],[-0.308243808963238,51.4120786167459],[-0.307884496506048,51.4120734281128],[-0.307876195821055,51.4122981192478],[-0.308235510155097,51.4123033079651],[-0.308227211234157,51.4125279991726],[-0.308218912200417,51.4127526903686],[-0.307859594112598,51.4127475014832],[-0.30785129308913,51.4129721925835],[-0.308210613053873,51.412977381553],[-0.308202313794524,51.4132020727259],[-0.308194014422369,51.4134267638872],[-0.308185714937405,51.413651455037],[-0.30817741533963,51.4138761461751],[-0.307818087866951,51.4138709568691],[-0.30780978627932,51.4140956479116],[-0.307450457042416,51.4140904574222],[-0.307442153464882,51.414315148369],[-0.307082822463757,51.4143099566963],[-0.30707451689627,51.4145346475474],[-0.307066211215894,51.4147593383869],[-0.307057905422625,51.4149840292149],[-0.307049599516462,51.4152087200313],[-0.307041293497403,51.4154334108361],[-0.307032987365447,51.4156581016294],[-0.30702468112059,51.4158827924111],[-0.307016374762832,51.4161074831812],[-0.30700806829217,51.4163321739398],[-0.306999761708603,51.4165568646868],[-0.30664041204842,51.4165516710733],[-0.306632103474621,51.4167763617246],[-0.306272752050029,51.4167711669276],[-0.306264441485951,51.4169958574831],[-0.306623794787888,51.4170010523643],[-0.306615485882797,51.4172257427765],[-0.306256130721695,51.4172205478451],[-0.305896775672114,51.4172153518123],[-0.305537420734079,51.4172101546783],[-0.305545735220926,51.4169854644228],[-0.305186382257888,51.4169802662436],[-0.305178065907614,51.417204956443],[-0.305169749036834,51.4174296457188],[-0.305529105709896,51.4174348439965],[-0.30588846249453,51.4174400411729],[-0.305880149205386,51.4176647305238],[-0.305520790574129,51.417659533305],[-0.305512475326776,51.4178842226039],[-0.305153114960449,51.4178790242415],[-0.305161432054446,51.4176543349849],[-0.304802073646361,51.4176491355636],[-0.304793754705721,51.4178738247777],[-0.304434394562617,51.4178686242126],[-0.304426073663678,51.4180933133747],[-0.304417752653078,51.4183180025272],[-0.304409431530815,51.4185426916701],[-0.304401110296887,51.4187673808033],[-0.304392788951292,51.4189920699269],[-0.304384467494029,51.4192167590408],[-0.304743838717469,51.4192219598602],[-0.30473551899534,51.4194466490069],[-0.304727199161562,51.419671338144],[-0.304718879216133,51.4198960272714],[-0.304710559159052,51.4201207163892],[-0.304702238990315,51.4203454054973],[-0.305061619559661,51.4203506054273],[-0.305053301126193,51.4205752945682],[-0.30504498258109,51.4207999836995],[-0.30503666392435,51.4210246728212],[-0.305028345155971,51.4212493619332],[-0.305387733224787,51.4212545609312],[-0.305379416191789,51.421479250076],[-0.305371099047172,51.4217039392111],[-0.305362781790933,51.4219286283366],[-0.305722175512493,51.4219338263603],[-0.305713859991727,51.4221585155185],[-0.305705544359358,51.4223832046671],[-0.305697228615387,51.4226078938061],[-0.306056627989892,51.4226130908554],[-0.306048313981481,51.4228377800271],[-0.306039999861488,51.4230624691892],[-0.306399403041921,51.4230676652217],[-0.306391090657559,51.4232923544165],[-0.306382778161633,51.4235170436017],[-0.306374465554141,51.4237417327772],[-0.306733874387846,51.4237469278352],[-0.306725563516075,51.4239716170435],[-0.306717252532758,51.424196306242],[-0.306708941437894,51.424420995431],[-0.30706835592507,51.4244261895146],[-0.307060046566017,51.4246508787362],[-0.307419463012067,51.4246560717605],[-0.307411155388874,51.4248807610149],[-0.307402847654173,51.4251054502597],[-0.307762267906513,51.425110642267],[-0.307753961907741,51.4253353315444],[-0.307745655570009,51.4255600208438],[-0.307737348171501,51.4257847102657],[-0.307377922487538,51.4257795181282],[-0.307369613204708,51.4260042074987],[-0.307010185852815,51.4259990142176],[-0.307001874685617,51.4262237035367],[-0.30699356341018,51.4264483928461],[-0.306985252026504,51.4266730821459],[-0.306976940534586,51.4268977714361],[-0.306968628934425,51.4271224607167],[-0.306960317226019,51.4273471499877],[-0.307319755235185,51.4273523435197],[-0.307328065167322,51.4271276542069],[-0.30768750150843,51.4271328465954],[-0.308046937957728,51.4271380378822],[-0.308406374515192,51.4271432280673],[-0.3087658111808,51.4271484171507],[-0.30877411389971,51.426923727661],[-0.308782416510492,51.4266990381617],[-0.308790719013146,51.4264743486528],[-0.309150150458175,51.4264795365091],[-0.309509582011297,51.4264847232637],[-0.309501283061064,51.4267094128561],[-0.309860716498468,51.4267145985509],[-0.309852419216391,51.4269392881755],[-0.309844121826254,51.4271639777905],[-0.310203558924205,51.4271691624671],[-0.310562996130185,51.4271743460419],[-0.310554702184555,51.4273990357309],[-0.31019526320229,51.4273938521143],[-0.310186967372333,51.4276185417519],[-0.310178671434334,51.4278432313798],[-0.310538113969241,51.4278484150799],[-0.310897556612158,51.4278535976783],[-0.310889264118826,51.4280782873802],[-0.31124870864609,51.4280834689186],[-0.311240417821138,51.4283081586526],[-0.311599864232752,51.4283133391309],[-0.311959310752312,51.4283185185075],[-0.311951023372195,51.4285432083154],[-0.312310471776088,51.4285483866319],[-0.312302186064467,51.4287730764719],[-0.312661636352696,51.4287782537284],[-0.312653352309619,51.4290029436005],[-0.313012804482187,51.4290081197968],[-0.313372256762615,51.4290132948915],[-0.313363976164611,51.4292379848373],[-0.313723430329361,51.4292431588718],[-0.313715151400015,51.4294678488498],[-0.313706872362841,51.4296925388182],[-0.313698593217836,51.4299172287769],[-0.313339133723491,51.4299120546174],[-0.313330852694076,51.4301367445249],[-0.313322571556805,51.4303614344227],[-0.312963108617129,51.430356259078],[-0.312954825595377,51.4305809489246],[-0.312595360986952,51.4305757724363],[-0.312587076080675,51.4308004622316],[-0.312578791066489,51.4310251520172],[-0.312219323012655,51.4310199743437],[-0.312211036113872,51.431244664078],[-0.312202749107155,51.4314693538028],[-0.31184327760785,51.4314641749439],[-0.311834988716465,51.4316888646174],[-0.311475515548381,51.4316836846149],[-0.311467224772284,51.431908374237],[-0.311107749935423,51.4319031930909],[-0.311099457274567,51.4321278826616],[-0.311091164505699,51.4323525722228],[-0.310731686223272,51.4323473898913],[-0.310372208048871,51.4323422064578],[-0.310012729982517,51.4323370219225],[-0.309653252024234,51.4323318362852],[-0.309661551900266,51.4321071468911],[-0.309302075826864,51.4321019601937],[-0.309310377371555,51.4318772708318],[-0.30895090318303,51.4318720830743],[-0.308959206396337,51.4316473937446],[-0.308599734092684,51.431642204927],[-0.30860803897456,51.4314175156294],[-0.308248568555777,51.4314123257517],[-0.308256875106176,51.4311876364864],[-0.307897406572258,51.4311824455486],[-0.307905714791135,51.4309577563155],[-0.307914022901804,51.4307330670728],[-0.307554558029388,51.4307278751168],[-0.307562867808467,51.4305031859063],[-0.307203404820885,51.4304979928903],[-0.307211716268329,51.430273303712],[-0.306852255165577,51.4302681096361],[-0.30686056828134,51.43004342049],[-0.306501109063415,51.4300382253541],[-0.306492794171087,51.4302629144583],[-0.306484479170465,51.4304876035529],[-0.306476164061546,51.4307122926379],[-0.306467848844331,51.4309369817133],[-0.306459533518816,51.4311616707791],[-0.306451218084999,51.4313863598352],[-0.306091748315632,51.4313811633463],[-0.305732278654581,51.4313759657555],[-0.305372809101869,51.4313707670628],[-0.30501333965752,51.4313655672683],[-0.304653870321557,51.4313603663719],[-0.304662194638745,51.4311356775251],[-0.304302727187859,51.4311304755688],[-0.303943259845402,51.4311252725105],[-0.303583792611397,51.4311200683505],[-0.303224325485868,51.4311148630885],[-0.303232656801213,51.4308901743998],[-0.30287319156082,51.430884968078],[-0.302513726428947,51.4308797606543],[-0.302154261405617,51.4308745521287],[-0.302145924760364,51.4310992406916],[-0.302137588006533,51.4313239292448],[-0.302129251144125,51.4315486177885],[-0.301769780899393,51.4315434080352],[-0.301410311652911,51.4315381973738],[-0.301050843745367,51.4315329858788],[-0.301059185880097,51.431308297461],[-0.301067527906463,51.4310836090332],[-0.300708063648412,51.4310783965359],[-0.30071640733695,51.4308537081478],[-0.300356944957808,51.4308484945985],[-0.300365290308473,51.43062380625],[-0.300005829808234,51.4306185916489],[-0.300014176820979,51.4303939033401],[-0.299654718199642,51.4303886876871],[-0.299663066874422,51.4301639994179],[-0.299303610131982,51.4301587827131],[-0.299311960468751,51.4299340944836],[-0.298952505605204,51.429928876727],[-0.298960857603917,51.4297041885371],[-0.29860140461926,51.4296989697286],[-0.29860975827987,51.4294742815784],[-0.298250307174099,51.4294690617182],[-0.298258662496562,51.4292443736077],[-0.297899213269673,51.4292391526957],[-0.297907570253942,51.4290144646248],[-0.297548122905933,51.4290092426611],[-0.297556481551963,51.42878455463],[-0.297197036082828,51.4287793316145],[-0.297205396390573,51.4285546436231],[-0.29684595280031,51.4285494195559],[-0.296854314769724,51.4283247316041],[-0.296494873058329,51.4283195064853],[-0.296503236689367,51.4280948185733],[-0.296143796856836,51.4280895924027],[-0.295784357132954,51.4280843651308],[-0.29579272419578,51.4278596773082],[-0.29543328635078,51.4278544489847],[-0.295441655075115,51.4276297612018],[-0.295082219108992,51.4276245318266],[-0.295090589494788,51.4273998440835],[-0.295098959771864,51.4271751563305],[-0.294739527454753,51.4271699259534],[-0.294380095246374,51.427164694475],[-0.294388468954958,51.4269400068114],[-0.294396842554778,51.4267153191379],[-0.294756271222954,51.4267205505168],[-0.294764642943948,51.4264958627835],[-0.294405216045838,51.4264906314544],[-0.294045789256479,51.4264853990239],[-0.294037413995355,51.4267100866577],[-0.293677985544706,51.4267048530761],[-0.293669608404713,51.4269295406501],[-0.293661231155911,51.4271542282142],[-0.293652853798299,51.4273789157683],[-0.293644476331875,51.4276036033124],[-0.293636098756637,51.4278282908465],[-0.293627721072584,51.4280529783706],[-0.293619343279712,51.4282776658848],[-0.293610965378022,51.4285023533889],[-0.29360258736751,51.4287270408831],[-0.293243143094084,51.4287218057523],[-0.29323476320446,51.4289464931868],[-0.293226383205987,51.4291711806112],[-0.292866935500803,51.4291659442795],[-0.292507487904482,51.4291607068463],[-0.29214804041705,51.4291554683117],[-0.291788593038528,51.4291502286757],[-0.29179698011823,51.4289255414504],[-0.291805367088994,51.4287008542152],[-0.291813753950819,51.42847616697],[-0.291454311992071,51.428470926382],[-0.291094870142273,51.4284656846927],[-0.290735428401449,51.428460441902],[-0.290727036228857,51.4286851289978],[-0.290367592826778,51.4286798850558],[-0.290375986769622,51.4284551980099],[-0.290016545246813,51.4284499530165],[-0.290024940850857,51.4282252660104],[-0.290033336345852,51.4280005789944],[-0.290041731731801,51.4277758919684],[-0.290050127008707,51.4275512049324],[-0.289690692675704,51.427545959037],[-0.289699089613701,51.4273212720409],[-0.289707486442634,51.4270965850348],[-0.289715883162505,51.4268718980187],[-0.289356454248887,51.4268666511716],[-0.289364852629763,51.4266419641954],[-0.289373250901557,51.4264172772092],[-0.289381649064273,51.4261925902131],[-0.289022225569846,51.4261873424143],[-0.289030625393478,51.425962655458],[-0.289039025108013,51.4257379684917],[-0.289047424715983,51.425513281512],[-0.288688006644415,51.4255080327561],[-0.288696408073729,51.425283345593],[-0.28870480939378,51.4250586584205],[-0.28871321060457,51.4248339712384],[-0.288353797961423,51.424828721497],[-0.288362200835963,51.4246040343442],[-0.288370603601222,51.424379347182],[-0.288379006257204,51.4241546600103],[-0.288387408803908,51.4239299728292],[-0.288028003361927,51.423924722141],[-0.288036407572273,51.4237000349891],[-0.288044811673323,51.4234753478278],[-0.28805321566508,51.423250660657],[-0.287693815651061,51.4232454089834],[-0.28770222130637,51.4230207218419],[-0.287710626852367,51.4227960346909],[-0.287719032289054,51.4225713475305],[-0.287359637702803,51.4225660948715],[-0.287368044802955,51.4223414077404],[-0.287376451793777,51.4221167205998],[-0.287384858675271,51.4218920334497],[-0.287025469516593,51.4218867798054],[-0.287033878061465,51.4216620926846],[-0.28704228649699,51.4214374055544],[-0.287050694823168,51.4212127184148],[-0.286691311091871,51.4212074637851],[-0.28669972108134,51.4209827766748],[-0.286708130961444,51.4207580895549],[-0.286716540732186,51.4205334024257],[-0.286357162428075,51.4205281468108],[-0.285997784233341,51.4205228900944],[-0.285638406148007,51.4205176322763],[-0.285279028172097,51.4205123733567],[-0.285270611311024,51.4207370603308],[-0.284911231671982,51.4207318002708],[-0.284551852486367,51.4207265392141],[-0.284543431995374,51.4209512261007],[-0.284184051177947,51.4209459639054],[-0.283824670469257,51.4209407006087],[-0.283816246357563,51.4211653874022],[-0.283456864001649,51.4211601229622],[-0.28309748175452,51.4211548574208],[-0.28308905402204,51.4213795441211],[-0.282729670127714,51.4213742774364],[-0.282370286342222,51.4213690096502],[-0.28236185498887,51.4215936962572],[-0.282002469556209,51.4215884273278],[-0.281643084232427,51.4215831572968],[-0.281634649258119,51.4218078438106],[-0.281275262287197,51.4218025726364],[-0.280915875425202,51.4217973003606],[-0.280907436829853,51.4220219867811],[-0.280548048320745,51.422016713362],[-0.280188659920612,51.4220114388414],[-0.280180217704136,51.4222361251686],[-0.279820827656918,51.4222308495046],[-0.279812383575333,51.4224555357803],[-0.279803939384718,51.4226802220464],[-0.279444545934295,51.4226749451971],[-0.279085152592919,51.4226696672464],[-0.279076704780979,51.4228943534191],[-0.279068256859959,51.4231190395821],[-0.278708860115344,51.423113760446],[-0.278700410329054,51.4233384465576],[-0.278691960433657,51.4235631326595],[-0.278332560285742,51.4235578523381],[-0.278324108525005,51.4237825383885],[-0.277964706729982,51.4237772569236],[-0.27795625310386,51.4240019429224],[-0.277947799368582,51.4242266289117],[-0.27758839417018,51.4242213462613],[-0.277579938569446,51.4244460321991],[-0.277220531723923,51.4244407484052],[-0.277212074257688,51.4246654342914],[-0.277203616682245,51.4248901201679],[-0.276844206433266,51.4248848351885],[-0.276835746992252,51.4251095210135],[-0.276476335096138,51.4251042348906],[-0.276467873789508,51.425328920664],[-0.276108460246263,51.4253236333975],[-0.27609999709007,51.4255483190984],[-0.276091533923789,51.4257730046603],[-0.275732116970581,51.4257677162206],[-0.275723651935102,51.4259924017392],[-0.275364233331595,51.4259871121635],[-0.275355766426872,51.4262117976388],[-0.275347299412659,51.4264364831049],[-0.274987877399057,51.426431192359],[-0.27497940851553,51.4266558777817],[-0.274619984851614,51.4266505858997],[-0.274611514098728,51.4268752712792],[-0.274252088784504,51.4268699782611],[-0.274243616162212,51.4270946635972],[-0.273884189197683,51.4270893694429],[-0.273875714705941,51.4273140547357],[-0.273867240104608,51.4275387400192],[-0.273507809729873,51.4275334446947],[-0.273499333259019,51.4277581299349],[-0.273139901233965,51.4277528334741],[-0.273131422893545,51.427977518671],[-0.273122944443484,51.4282022038585],[-0.272763509008145,51.4281969062275],[-0.272755028688447,51.4284215913717],[-0.272395591602776,51.4284162926044],[-0.272387109413397,51.4286409777052],[-0.272027670677398,51.4286356778017],[-0.272019186618292,51.4288603628592],[-0.271659746231968,51.4288550618194],[-0.271651260303089,51.4290797468334],[-0.271642774264468,51.4293044318382],[-0.271283330467747,51.429299129628],[-0.271274842559283,51.4295238145894],[-0.270915397112224,51.4295185112428],[-0.270906907333873,51.4297431961608],[-0.27054746023648,51.4297378916779],[-0.270538968588194,51.4299625765525],[-0.270179519840471,51.4299572709333],[-0.270171026322206,51.4301819557644],[-0.269811575924156,51.4301766490088],[-0.269803080535866,51.4304013337965],[-0.269443628487494,51.4303960259045],[-0.269435131229134,51.4306207106487],[-0.269075677530442,51.4306154016204],[-0.269067178401966,51.4308400863211],[-0.268707723052958,51.4308347761564],[-0.268716223941657,51.4306100914899],[-0.268356770462801,51.4306047802572],[-0.268348267813883,51.4308294648894],[-0.267988813970727,51.4308241533404],[-0.267980309547806,51.4310488379867],[-0.267971805018364,51.4312735226257],[-0.267612348533665,51.4312682103856],[-0.26760384221057,51.4314928950242],[-0.267244384145282,51.4314875816868],[-0.267235876028492,51.4317122663251],[-0.266876416382619,51.4317069518904],[-0.266867906472088,51.4319316365282],[-0.266508445245633,51.4319263209962],[-0.266499933541319,51.4321510056336],[-0.266140470734285,51.4321456890044],[-0.266131957236143,51.4323703736413],[-0.265772492848533,51.4323650559147],[-0.265763977556518,51.4325897405513],[-0.265404511588337,51.4325844217273],[-0.265395994502406,51.4328091063634],[-0.265036526953655,51.4328037864421],[-0.264677059511606,51.4327984654165],[-0.264668538944447,51.433023150059],[-0.264309069921856,51.4330178279361],[-0.264300547560672,51.4332425125781],[-0.263941076957542,51.4332371893577],[-0.263932552802289,51.4334618739993],[-0.263573080618623,51.4334565496815],[-0.263213608541751,51.4334512242595],[-0.263205080905059,51.4336759089073],[-0.262845607247678,51.4336705823878],[-0.262837079408185,51.4338952681111],[-0.262477603986064,51.4338899403705],[-0.262118128670516,51.4338846115252],[-0.2621096035706,51.434109301471],[-0.261750126679593,51.4341039715364],[-0.261741599790955,51.4343286614906],[-0.261382121324493,51.4343233304666],[-0.261373592647089,51.4345480204294],[-0.261014112605176,51.4345426883159],[-0.260654632669925,51.4345373550978],[-0.260646100521599,51.4347620450843],[-0.260286619010923,51.4347567107768],[-0.260278085073723,51.4349814007717],[-0.259918601987626,51.4349760653747],[-0.25955911900826,51.434970728873],[-0.259550581599991,51.4351954188917],[-0.259191097045229,51.4351900813005],[-0.259182557847978,51.4354147713276],[-0.258823071717825,51.4354094326469],[-0.258463585694472,51.4354040928615],[-0.258455043026005,51.4356287829123],[-0.258095555427287,51.4356234420374],[-0.258087010969728,51.4358481320965],[-0.257727521795647,51.435842790132],[-0.257718975548955,51.4360674801995],[-0.257359484799515,51.4360621371456],[-0.256999994156968,51.4360567929868],[-0.256991444438848,51.4362814830779],[-0.256631952220968,51.4362761378296],[-0.256623400713606,51.436500827929],[-0.256614849099246,51.4367255180215],[-0.256255353623748,51.4367201716988],[-0.255895858255213,51.4367148242714],[-0.255536362993661,51.4367094757391],[-0.255527806225375,51.4369341658704],[-0.255168309388524,51.4369288162484],[-0.255159750830843,51.437153506388],[-0.254800252418696,51.4371481556765],[-0.254440754113601,51.4371428038601],[-0.254432192084135,51.4373674940231],[-0.254072692203771,51.4373621411171],[-0.254064128384803,51.4375868312884],[-0.253704626929172,51.4375814772927],[-0.253345125580662,51.4375761221921],[-0.253353692764357,51.4373514319905],[-0.253713192430504,51.4373567871062],[-0.253721757824656,51.4371320969128],[-0.25408125591558,51.4371374509389],[-0.254089819520233,51.4369127607538],[-0.254449316035931,51.4369181136901],[-0.254808812658702,51.4369234655217],[-0.254817372791598,51.4366987753601],[-0.254825932817384,51.4364740851915],[-0.25518542618262,51.4364794359486],[-0.255193984419039,51.4362547457884],[-0.255553476209039,51.4362600954559],[-0.255562032656135,51.436035405304],[-0.255570588996171,51.4358107151451],[-0.255930077528713,51.4358160637383],[-0.255938632079494,51.4355913735877],[-0.255579145229149,51.4355860249794],[-0.255587701355071,51.4353613348069],[-0.255228216293896,51.4353559850786],[-0.255236773994915,51.4351312948839],[-0.254877290722908,51.4351259440357],[-0.254517807557937,51.4351205920827],[-0.254526368516135,51.4348959018508],[-0.254166887140346,51.4348905487779],[-0.25417544967353,51.434665858524],[-0.254184012099576,51.4344411682631],[-0.254192574418488,51.4342164779954],[-0.254201136630266,51.4339917877207],[-0.254209701645541,51.4337670994511],[-0.254218271572198,51.4335424146434],[-0.254226841391474,51.4333177298284],[-0.254586310791446,51.4333230828566],[-0.254594878816084,51.4330983980408],[-0.254954346636132,51.4331037499714],[-0.254962912866175,51.4328790651549],[-0.254971478988885,51.4326543803312],[-0.255330943541785,51.4326597311707],[-0.255690408201972,51.432665080906],[-0.256049872969425,51.4326704295371],[-0.256409337844121,51.4326757770639],[-0.256417897110703,51.4324510922593],[-0.256777360405418,51.4324564386886],[-0.256785917877578,51.4322317538834],[-0.256794475242522,51.4320070690708],[-0.256803032500253,51.4317823842509],[-0.256811589650771,51.4315576994238],[-0.256820146694079,51.4313330145893],[-0.256828703630179,51.4311083297476],[-0.256469250458228,51.4311029832785],[-0.25647780897417,51.4308782984229],[-0.256486367382886,51.4306536135599],[-0.256494925684377,51.4304289286896],[-0.256503483878644,51.4302042438121],[-0.25651204196569,51.4299795589272],[-0.256520599945516,51.4297548740351],[-0.256161157002734,51.4297495264221],[-0.256169716562258,51.429524841516],[-0.256178276014545,51.4293001566026],[-0.256186835359595,51.4290754716819],[-0.256195394597411,51.428850786754],[-0.256203953727994,51.4286261018187],[-0.256212512751346,51.4284014168761],[-0.255853080036939,51.4283960681194],[-0.255861640639845,51.4281713831629],[-0.255870201135502,51.4279466981991],[-0.255878761523911,51.427722013228],[-0.255887321805074,51.4274973282497],[-0.255895881978994,51.427272643264],[-0.255536457805499,51.4272672933701],[-0.255545019558847,51.4270426083705],[-0.255553581204934,51.4268179233637],[-0.255562142743759,51.4265932383495],[-0.25592156185731,51.4265985882632],[-0.25591300200511,51.4268232732707],[-0.255904442045672,51.427047958271],[-0.256263864639717,51.4270533070675],[-0.256272422912505,51.4268286220738],[-0.256280981078077,51.4266039370729],[-0.256289539136435,51.4263792520646],[-0.256648956777789,51.426384599777],[-0.256657513042348,51.426159914768],[-0.257016929104286,51.426165261383],[-0.257008374526314,51.4263899463853],[-0.256999819841174,51.4266146313803],[-0.25735923938346,51.4266199768781],[-0.25736779238199,51.4263952918897],[-0.257727210344793,51.4264006362901],[-0.257718659032877,51.4266253212718],[-0.258078078789402,51.4266306645616],[-0.258437498653014,51.4266360067474],[-0.258446046591698,51.426411321779],[-0.258805464875756,51.4264166628675],[-0.259164883266855,51.426422002852],[-0.259173427725264,51.4261973178897],[-0.259532844536783,51.426202656777],[-0.259892261455299,51.4262079945603],[-0.260251678480789,51.4262133312396],[-0.260260217772424,51.4259886462901],[-0.260619633218283,51.4259939818721],[-0.260979048771073,51.4259993163502],[-0.26133846443077,51.4260046497244],[-0.261329930198891,51.4262293346537],[-0.261321395860109,51.4264540195757],[-0.261680814999893,51.4264593518324],[-0.261689347652063,51.4262346669172],[-0.261697880197353,51.4260099819946],[-0.261706412635764,51.4257852970647],[-0.262065826822643,51.4257906282377],[-0.262074357467631,51.4255659433073],[-0.262433770074803,51.4255712733832],[-0.262793182788793,51.425576602355],[-0.263152595609578,51.425581930223],[-0.263512008537138,51.425587256987],[-0.263520532934878,51.4253625724968],[-0.263879944219311,51.4253678981193],[-0.26423935561351,51.4253732226401],[-0.264598767117453,51.4253785460591],[-0.264958178731117,51.4253838683763],[-0.265317590454478,51.4253891895916],[-0.265326106265824,51.425164505093],[-0.265685516348443,51.4251698251686],[-0.266044926540712,51.4251751441424],[-0.266404336842611,51.4251804620144],[-0.266763747254115,51.4251857787846],[-0.266772255954184,51.4249610941246],[-0.267131664724868,51.424966409755],[-0.267140171564968,51.4247417250477],[-0.267148678295503,51.4245170403309],[-0.267508083675003,51.4245223547836],[-0.267516588545639,51.4242976700195],[-0.267525093306738,51.4240729852459],[-0.267884495295114,51.424078298521],[-0.267892998196382,51.4238536137],[-0.268252398552408,51.4238589258484],[-0.26826089959668,51.4236342409849],[-0.268620298436741,51.4236395521915],[-0.268611799148672,51.4238642370973],[-0.268971199854676,51.4238695472446],[-0.268962702213088,51.4240942321829],[-0.269322104785039,51.4240995412708],[-0.269681507466686,51.4241048492571],[-0.269690001595812,51.4238801642346],[-0.269330600670396,51.4238748562903],[-0.269339096446053,51.4236501713003],[-0.26934759211201,51.4234254863007],[-0.26935608766827,51.4232008012914],[-0.269715483325126,51.4232061091092],[-0.270074879091648,51.4232114158254],[-0.270434274967813,51.4232167214402],[-0.270442765145949,51.4229920362949],[-0.270083371025927,51.4229867307223],[-0.269723977015548,51.4229814240481],[-0.2697324705963,51.4227567389775],[-0.269373078451703,51.4227514312439],[-0.269364583114833,51.4229761162725],[-0.269005189323805,51.4229708073953],[-0.268996692121102,51.423195492372],[-0.268637296683646,51.4231901823512],[-0.268628797615065,51.4234148672762],[-0.268269400531185,51.4234095561117],[-0.267910003670386,51.4234042440298],[-0.267550606932823,51.4233989308686],[-0.267559111255788,51.4231742460573],[-0.267567615469226,51.4229495612366],[-0.267208222341611,51.4229442470495],[-0.267216728195701,51.4227195622574],[-0.266857336927806,51.4227142470066],[-0.266865844422502,51.4224895622429],[-0.266506455014323,51.4224842459284],[-0.266514964149581,51.4222595611933],[-0.266523473175251,51.4220348764488],[-0.266164087376888,51.4220295591085],[-0.266172598043053,51.4218048743925],[-0.265813214104374,51.4217995559886],[-0.265821726410989,51.4215748713012],[-0.265830238607976,51.4213501866043],[-0.26547085827901,51.4213448671747],[-0.265479372116381,51.4211201825064],[-0.265487885844105,51.4208954978287],[-0.265128509124777,51.4208901773735],[-0.265137024492819,51.4206654927243],[-0.265145539751195,51.4204408080658],[-0.264786166641429,51.4204354865849],[-0.264794683540056,51.420210801955],[-0.264803200328999,51.4199861173156],[-0.26444383082872,51.4199807948091],[-0.264084461438139,51.4199754712011],[-0.263725092157279,51.4199701464915],[-0.263365722986164,51.4199648206802],[-0.263006353924814,51.4199594937675],[-0.262646984973253,51.4199541657531],[-0.262655512151702,51.4197294813325],[-0.262664039220334,51.4195047969025],[-0.262304673878279,51.4194994678626],[-0.262313202586908,51.4192747834613],[-0.262321731185701,51.4190500990505],[-0.262330259674659,51.4188254146302],[-0.2619708996918,51.4188200846031],[-0.26197942982067,51.4185954002115],[-0.261987959839686,51.4183707158105],[-0.261628603466135,51.4183653847579],[-0.2616200716974,51.4185900691209],[-0.261260713683997,51.4185847369287],[-0.261252180055647,51.4188094212441],[-0.260892820402397,51.4188040879124],[-0.260533460859063,51.4187987534791],[-0.260524923621293,51.4190234377088],[-0.260165562438139,51.4190181021358],[-0.259806201364948,51.4190127654613],[-0.259446840401742,51.4190074276853],[-0.259438297804692,51.4192321117912],[-0.259078935201718,51.4192267728755],[-0.259070390744856,51.4194514569338],[-0.25871102650212,51.4194461168784],[-0.25835166236944,51.4194407757213],[-0.257992298346839,51.4194354334628],[-0.257983748530488,51.4196601173972],[-0.257624382868177,51.4196547739989],[-0.257265017315992,51.419649429499],[-0.257273570631962,51.419424745641],[-0.256914206939733,51.4194194000777],[-0.256922761895334,51.4191947162484],[-0.25693131674076,51.4189700324097],[-0.256571956658243,51.4189646858213],[-0.256212596685914,51.4189593381314],[-0.256204038340969,51.4191840218937],[-0.256563400063057,51.4191893696218],[-0.256554843357672,51.4194140534129],[-0.256546286542088,51.4196387371945],[-0.256537729616301,51.4198634209667],[-0.256897096697996,51.419868767708],[-0.256888541411856,51.4200934515089],[-0.256879986015532,51.4203181353005],[-0.256520615434113,51.4203127884828],[-0.256512058177708,51.4205374722267],[-0.256152685956593,51.4205321242693],[-0.255793313845703,51.4205267752102],[-0.255784752979256,51.4207514588682],[-0.255425379228697,51.4207461086693],[-0.255416816502058,51.4209707922797],[-0.255057441111836,51.4209654409409],[-0.25469806583191,51.4209600885006],[-0.254689499495077,51.421184772025],[-0.254680933047916,51.4214094555399],[-0.254672366490424,51.4216341390454],[-0.254312986070888,51.4216287853886],[-0.253953605761699,51.4216234306302],[-0.253945035593835,51.4218481140498],[-0.253585653644997,51.4218427581514],[-0.253577081616714,51.4220674415232],[-0.253217698028231,51.422062084485],[-0.253226271806552,51.4218374011514],[-0.252866890078522,51.4218320430498],[-0.252858314550165,51.4220567263451],[-0.252498931182539,51.4220513671035],[-0.252139547925377,51.4220460067603],[-0.252130968786458,51.4222706899694],[-0.251771583889728,51.4222653284862],[-0.251412199278525,51.4222599660252],[-0.251420781900269,51.4220352828801],[-0.251061399366157,51.4220299195081],[-0.251069983609722,51.4218052363784],[-0.251078567743613,51.42158055324],[-0.251087151767832,51.4213558700927],[-0.251446529107593,51.4213612333922],[-0.251455111290737,51.421136550212],[-0.251814487229429,51.4211419125377],[-0.251823067565832,51.4209172293197],[-0.252182441962584,51.420922590573],[-0.252191020438564,51.4206979073072],[-0.252199598804059,51.420473224032],[-0.252558969811471,51.420478584107],[-0.252550393195873,51.4207032674205],[-0.252909766063633,51.4207086264322],[-0.252918340929334,51.4204839430804],[-0.253277712157623,51.4204893009522],[-0.253637083496317,51.4204946577224],[-0.253645654751825,51.4202699742845],[-0.25328628516301,51.4202646175526],[-0.253294858057985,51.4200399341436],[-0.252935490329429,51.4200345763483],[-0.252944064863827,51.4198098929682],[-0.252584698995523,51.4198045341097],[-0.252593275169299,51.4195798507584],[-0.252233911161245,51.4195744908367],[-0.252242488974353,51.4193498075143],[-0.252251066676988,51.4191251241824],[-0.251891706278939,51.4191197632358],[-0.25190028562084,51.4188950799328],[-0.251908864852251,51.4186703966204],[-0.251549508069132,51.4186650346517],[-0.251558088936654,51.4184403513664],[-0.251566669694842,51.4182156680724],[-0.251207316592425,51.4182103051113],[-0.251215898971793,51.4179856218326],[-0.25122448124152,51.4177609385452],[-0.251233063401607,51.417536255249],[-0.251241645452056,51.417311571944],[-0.250882299383785,51.4173062079776],[-0.250522953425163,51.4173008429091],[-0.25053153800163,51.4170761590931],[-0.250540121587104,51.4168514746812],[-0.250548705061824,51.41662679026],[-0.250557288425794,51.4164021058296],[-0.250565871679015,51.4161774213899],[-0.250206534545351,51.416172055361],[-0.250215119441184,51.4159473709469],[-0.25022370422625,51.4157226865234],[-0.249864370710026,51.4157173194626],[-0.249872957137637,51.4154926350647],[-0.249881543454463,51.4152679506576],[-0.249890129660503,51.4150432662411],[-0.249898715755762,51.4148185818155],[-0.249539389363408,51.4148132137924],[-0.249547977101103,51.4145885293923],[-0.249556564727999,51.4143638449829],[-0.249565152244094,51.4141391605642],[-0.249205831222105,51.4141337915441],[-0.249214420380552,51.413909107151],[-0.24922300942818,51.4136844227487],[-0.249231598364992,51.413459738337],[-0.248872282713176,51.41345436832],[-0.248880873292252,51.4132296839339],[-0.248889463760492,51.4130049995386],[-0.2488980541179,51.412780315134],[-0.248538743836065,51.41277494412],[-0.248547335835649,51.412550259741],[-0.248555927724381,51.4123255753527],[-0.248564519502263,51.4121008909552],[-0.248573111169296,51.4118762065483],[-0.248213808010188,51.4118708345724],[-0.24822240131929,51.4116461501911],[-0.248230994517526,51.4114214658006],[-0.248239587604895,51.4111967814008],[-0.247880289815313,51.4111914084281],[-0.247888884544665,51.4109667240539],[-0.247897479163133,51.4107420396704],[-0.247906073670718,51.4105173552777],[-0.247546781250469,51.4105119813082],[-0.24755537739995,51.4102872969411],[-0.24756397343853,51.4100626125647],[-0.24757256936621,51.409837928179],[-0.247931856528199,51.4098433020438],[-0.247923262353249,51.4100679864643],[-0.248282551378827,51.4100733592627],[-0.248641840515241,51.4100787309596],[-0.248633249734927,51.4103034154407],[-0.248992540734913,51.4103087860711],[-0.248983951596549,51.4105334705778],[-0.249343244460111,51.4105388401417],[-0.24933465696374,51.4107635246739],[-0.249326069356578,51.4109882091969],[-0.249685365836552,51.4109935777291],[-0.249676779871449,51.4112182622776],[-0.250036078215032,51.4112236297433],[-0.250027493892035,51.4114483143174],[-0.250386794099228,51.4114536807165],[-0.250378211418383,51.4116783653161],[-0.250369628626805,51.4119030499065],[-0.250728932450542,51.4119084152738],[-0.250720351301182,51.4121330998897],[-0.250711770041108,51.4123577844963],[-0.251071077481465,51.4123631488319],[-0.251062497863675,51.412587833464],[-0.25105391813519,51.4128125180869],[-0.251413229192242,51.4128178813906],[-0.251404651106106,51.413042566039],[-0.251396072909297,51.4132672506781],[-0.25138749460181,51.413491935308],[-0.251746811071656,51.4134972975942],[-0.251738234401833,51.4137219822509],[-0.251729657621624,51.4139466668982],[-0.251721080731029,51.4141713515363],[-0.251712503730043,51.414396036165],[-0.252071827342171,51.4144013974717],[-0.252063251978306,51.4146260821266],[-0.252054676504071,51.4148507667722],[-0.252414003721599,51.4148561270483],[-0.25240542988455,51.41508081172],[-0.25276475895997,51.41508617093],[-0.253124088145702,51.4150915290385],[-0.253483417441722,51.4150968860454],[-0.253842746848009,51.4151022419508],[-0.254202076364539,51.4151075967547],[-0.254561405991289,51.4151129504571],[-0.254920735728238,51.4151183030579],[-0.255280065575363,51.4151236545572],[-0.255639395532641,51.415129004955],[-0.255647953641576,51.4149043199646],[-0.256007281961407,51.4149096692255],[-0.256366610391344,51.4149150173849],[-0.256725938931365,51.4149203644428],[-0.256734491687483,51.414695679337],[-0.257093818590004,51.414701025258],[-0.257453145602563,51.4147063700775],[-0.257461694753526,51.4144816848917],[-0.25747024379446,51.4142569996967],[-0.257478792725366,51.4140323144924],[-0.257119470955359,51.4140269697789],[-0.257128021523712,51.4138022846006],[-0.256768701611207,51.4137969388209],[-0.25677725381696,51.4135722536686],[-0.256785805912647,51.4133475685071],[-0.25714512233028,51.4133529142161],[-0.257153672568498,51.4131282290098],[-0.257512987348752,51.4131335735821],[-0.257521535729548,51.4129088883312],[-0.257880848872419,51.4129142317667],[-0.257889395395838,51.4126895464712],[-0.257897941809265,51.4124648611665],[-0.257906488112703,51.4122401758525],[-0.257915034306151,51.4120154905291],[-0.257923580389614,51.4117908051965],[-0.257932126363092,51.4115661198546],[-0.257572823704047,51.411560776631],[-0.257581371314768,51.4113360913151],[-0.257589918815486,51.4111114059899],[-0.257598466206203,51.4108867206554],[-0.25760701348692,51.4106620353116],[-0.257615560657639,51.4104373499584],[-0.257624107718363,51.4102126645961],[-0.257632654669093,51.4099879792243],[-0.25764120150983,51.4097632938433],[-0.257281912937928,51.4097579498009],[-0.25692262447602,51.4097526046573],[-0.256563336124131,51.4097472584122],[-0.256204047882283,51.4097419110659],[-0.255844759750497,51.4097365626183],[-0.255485471728796,51.4097312130693],[-0.255494028941772,51.409506527891],[-0.255502586044622,51.4092818427035],[-0.255511143037351,51.4090571575066],[-0.255151860366786,51.4090518069625],[-0.255160417899369,51.4088271211421],[-0.255168966720269,51.4086024302188],[-0.25480968748264,51.4085970785546],[-0.254450408357624,51.408591725791],[-0.254441855937259,51.4088164165603],[-0.254082575125152,51.4088110626204],[-0.25407401301593,51.4090357487222],[-0.253714730786001,51.4090303937729],[-0.253355448666286,51.4090250377223],[-0.253346881191668,51.4092497227068],[-0.252987597435217,51.4092443655195],[-0.252979028103344,51.4094690504593],[-0.25297045866119,51.4096937353897],[-0.253329745911659,51.4096990926479],[-0.253321178106263,51.4099237776045],[-0.253312610190604,51.4101484625518],[-0.252953319446027,51.4101431052228],[-0.252944749673015,51.4103677901253],[-0.252585457291621,51.4103624316595],[-0.252226165020522,51.4103570720924],[-0.252234738287704,51.4101323872607],[-0.252243311444554,51.4099077024197],[-0.252602600221508,51.409913061916],[-0.252611171520987,51.4096883770302],[-0.252251884491072,51.4096830175695],[-0.252260457427261,51.4094583327099],[-0.251901172254672,51.4094529721832],[-0.251541887204578,51.4094476105519],[-0.251550463520173,51.4092229257551],[-0.251191180508753,51.4092175630082],[-0.251199758466365,51.408992878237],[-0.251208332886723,51.4087681914711],[-0.250849053291289,51.4087628275819],[-0.250857623699943,51.4085381375788],[-0.251216901497744,51.4085435013938],[-0.251576179414432,51.4085488641075],[-0.25158474611969,51.4083241739433],[-0.251944022543255,51.4083295354243],[-0.251952587335957,51.4081048451717],[-0.25231186207265,51.4081102054763],[-0.252671136922117,51.4081155646816],[-0.252679698002659,51.4078908742636],[-0.253038971165224,51.4078962322925],[-0.253047530333325,51.4076715417862],[-0.253056089388637,51.4074468512686],[-0.253064648331163,51.4072221607397],[-0.253073207160905,51.4069974701995],[-0.253081765877865,51.406772779648],[-0.253090324482044,51.4065480890853],[-0.253098882973446,51.4063233985112],[-0.2527396224078,51.4063180410215],[-0.252380361954888,51.4063126824327],[-0.252021101614736,51.4063073227446],[-0.252012537724869,51.4065320130875],[-0.251653275698013,51.4065266522231],[-0.251294013920629,51.4065212901958],[-0.250934752300488,51.4065159270485],[-0.250575490793101,51.4065105628017],[-0.250566919602469,51.4067352528311],[-0.250207656410438,51.4067298874108],[-0.250216229398492,51.4065051974557],[-0.250224802273682,51.4062805074894],[-0.249865542789271,51.4062751411181],[-0.249874117348972,51.4060504512149],[-0.24988269179579,51.4058257613004],[-0.249891266129728,51.4056010713749],[-0.250250520222089,51.4056064375235],[-0.250259092645843,51.4053817475125],[-0.250618345053691,51.4053871124876],[-0.250977597574308,51.4053924763634],[-0.251336850207669,51.4053978391399],[-0.251696103016103,51.4054032007809],[-0.25170466814113,51.4051785104586],[-0.252063919371423,51.4051838708606],[-0.25242317071449,51.4051892301634],[-0.252782422170305,51.4051945883671],[-0.252790981784428,51.4049698978023],[-0.253150231553618,51.4049752548297],[-0.253509481435507,51.404980610758],[-0.253518037338183,51.4047559200279],[-0.253877285533418,51.40476127478],[-0.254236533841303,51.4047666284329],[-0.254245086032619,51.4045419375375],[-0.253885839524045,51.4045365839616],[-0.25352659312812,51.4045312292865],[-0.253167346844869,51.4045258735123],[-0.252808100674315,51.4045205166389],[-0.25244885461648,51.4045151586664],[-0.252440293428627,51.4047398491767],[-0.252081045684233,51.404734490028],[-0.251721798052608,51.4047291297801],[-0.251362550626459,51.4047237683724],[-0.251003303384889,51.4047184058185],[-0.250994734894166,51.4049430960113],[-0.250635485968097,51.4049377322839],[-0.250276237154791,51.4049323674572],[-0.249916988454273,51.4049270015312],[-0.249908414458967,51.4051516914902],[-0.249549164074003,51.4051463243907],[-0.249189913801876,51.4051409561919],[-0.249181336099139,51.4053656459914],[-0.248822084142596,51.405360276619],[-0.248462832298936,51.4053549061474],[-0.248103580568185,51.4053495345764],[-0.248094997360635,51.405574224142],[-0.247735743945522,51.4055688513975],[-0.247744328950364,51.4053441619062],[-0.247752913842191,51.4051194724037],[-0.247761498621004,51.40489478289],[-0.247770083286804,51.4046700933652],[-0.247778667839595,51.4044454038292],[-0.247787252279378,51.404220714282],[-0.247795836606154,51.4039960247237],[-0.247436595884546,51.4039906513997],[-0.247445181895447,51.4037659619045],[-0.247804420819926,51.4037713351542],[-0.247813004920697,51.4035466455736],[-0.247821588908467,51.4033219559818],[-0.247830172783238,51.4030972663788],[-0.247838756545013,51.4028725767647],[-0.247847340193793,51.4026478871394],[-0.247855923729582,51.402423197503],[-0.247864507152379,51.4021985078553],[-0.247505280807156,51.4021931351254],[-0.247146054574884,51.4021877612963],[-0.246786828455586,51.402182386368],[-0.246427602449284,51.4021770103405],[-0.246436192946858,51.4019523209788],[-0.246076968850512,51.4019469439264],[-0.245717744867209,51.4019415657749],[-0.24535852099697,51.4019361865242],[-0.2453671167722,51.4017114973742],[-0.245726338845529,51.4017168765506],[-0.245734932710726,51.4014921873151],[-0.246094153100229,51.4014975653181],[-0.246102745055439,51.4012728759972],[-0.246461963761113,51.4012782528267],[-0.246470553806382,51.4010535634203],[-0.24647914373858,51.4008288740028],[-0.246838358963598,51.4008342495846],[-0.246846946985926,51.4006095600816],[-0.246855534305765,51.4003848709449],[-0.246864121122698,51.4001601820468],[-0.246872707826816,51.3999354931376],[-0.24688129441812,51.3997108042173],[-0.246889880896611,51.3994861152859],[-0.246898467262294,51.3992614263433],[-0.246907053515168,51.3990367373897],[-0.246915639655236,51.398812048425],[-0.2469242256825,51.3985873594492],[-0.246932811596961,51.3983626704622],[-0.246941397398623,51.3981379814642],[-0.247300591249618,51.3981433550542],[-0.247309175146649,51.397918665972],[-0.24766836731852,51.39792403839],[-0.247676949310966,51.3976993492238],[-0.247685531190664,51.3974746600465],[-0.247326342602392,51.3974692877745],[-0.247334926161108,51.3972445986591],[-0.247343509607057,51.3970199095326],[-0.246984324714991,51.3970145363075],[-0.246992909839891,51.3967898472429],[-0.246633726852264,51.3967844729918],[-0.246642313656069,51.3965597839891],[-0.246650900347066,51.3963350949752],[-0.24629172105554,51.3963297197711],[-0.246300309425375,51.3961050308191],[-0.245941132038255,51.3960996545891],[-0.245949722086882,51.395874965699],[-0.245958312022661,51.3956502767978],[-0.245599138331536,51.3956448996148],[-0.24560772994604,51.3954202107755],[-0.245248558159288,51.3954148325665],[-0.245257151452471,51.3951901437892],[-0.245265744632766,51.3949654550008],[-0.244906576541906,51.3949600758389],[-0.244915171400811,51.3947353871123],[-0.24492376614681,51.3945106983747],[-0.244564601751763,51.3945053182599],[-0.244205437469581,51.3944999370462],[-0.244214035685572,51.3942752484436],[-0.243854873307723,51.394269866204],[-0.243863473202188,51.3940451776633],[-0.243504312728668,51.3940397943979],[-0.24351291430156,51.3938151059191],[-0.243872072983681,51.3938204891115],[-0.243880672652206,51.3935958005486],[-0.244239829655854,51.393601182569],[-0.244598986772381,51.3936065634906],[-0.244958144001765,51.3936119433132],[-0.245317301343982,51.3936173220369],[-0.245676458799008,51.3936226996618],[-0.245685049397775,51.3933980107226],[-0.246044205174225,51.3934033871755],[-0.246052793868801,51.3931786981522],[-0.246061382450552,51.3929540091178],[-0.246069970919479,51.3927293200723],[-0.246078559275587,51.3925046310157],[-0.246087147518874,51.3922799419479],[-0.245728000698899,51.39227456586],[-0.245368853991699,51.3922691886733],[-0.245377445075557,51.3920444995157],[-0.245386035688362,51.3918198102194],[-0.245026892632906,51.3918144320475],[-0.245018300240825,51.3920391212852],[-0.244659155518336,51.3920337419551],[-0.244650560915717,51.3922584310033],[-0.244291414546981,51.39225305052],[-0.243932268291114,51.3922476689379],[-0.243923669300362,51.3924723575674],[-0.243564521366148,51.3924669748134],[-0.243555920471179,51.3926916633588],[-0.243196770858623,51.3926862794329],[-0.242837621359008,51.3926808944081],[-0.242829016768496,51.3929055827963],[-0.242469865590568,51.3929001965995],[-0.242461259095725,51.3931248849035],[-0.242102106239488,51.3931194975348],[-0.241742953496266,51.3931141090673],[-0.241734343305726,51.3933387972139],[-0.241375188884224,51.3933334075744],[-0.241383800866081,51.3931087195008],[-0.241392412734814,51.3928840314162],[-0.241033262008983,51.3928786408241],[-0.241041875555863,51.3926539528014],[-0.241050488989599,51.3924292647677],[-0.241059102310194,51.3922045767229],[-0.241067714471864,51.3919798881809],[-0.241076326435847,51.3917551995891],[-0.241084938287267,51.3915305109867],[-0.241444078327577,51.3915359011945],[-0.241435468255388,51.3917605898555],[-0.241426858070659,51.3919852785062],[-0.241786001781928,51.3919906677319],[-0.241777393127429,51.3922153563696],[-0.242136538705604,51.3922207445447],[-0.242145145605646,51.3919960558581],[-0.24250428954179,51.3920014428848],[-0.242863433590339,51.392006828812],[-0.242872036658032,51.3917821399264],[-0.243231179039698,51.3917875246954],[-0.243239780215701,51.3915628357407],[-0.243248381279281,51.3913381467756],[-0.24360752021484,51.3913435303276],[-0.243616119386801,51.3911188412934],[-0.24397525665549,51.3911242236873],[-0.243966659262728,51.3913489127802],[-0.244325798422922,51.3913542941332],[-0.244334394036484,51.3911296049816],[-0.244693531529758,51.3911349851765],[-0.244702125251789,51.3909102959558],[-0.245061261078139,51.3909156749926],[-0.245069852908685,51.3906909857028],[-0.24507844462693,51.3904662964026],[-0.245437577007215,51.3904716742226],[-0.245446166834045,51.3902469848533],[-0.245454756548602,51.3900222954737],[-0.245095627726523,51.390016917771],[-0.245104219107876,51.3897922284396],[-0.244745092177091,51.3897868496962],[-0.244753685225194,51.389562160413],[-0.244394560185698,51.3895567806288],[-0.244385965358552,51.3897814698533],[-0.244026838652284,51.389776088911],[-0.243667712058308,51.3897707068692],[-0.243308585576647,51.3897653237281],[-0.243317185740909,51.3895406346796],[-0.243325785792765,51.3893159456207],[-0.24296666298149,51.3893105614975],[-0.24297526469993,51.3890858724869],[-0.242983866305946,51.3888611834659],[-0.242992467799538,51.3886364944344],[-0.242633350437514,51.3886311093879],[-0.242624747164979,51.3888557983607],[-0.242265628136391,51.3888504121561],[-0.241906509220202,51.3888450248521],[-0.241897902277299,51.389069713697],[-0.241889295221903,51.3892944025314],[-0.241880688054011,51.3895190913554],[-0.241872080773622,51.389743780169],[-0.241863473380732,51.3899684689722],[-0.241504345681945,51.3899630802752],[-0.241495736397481,51.3901877690092],[-0.241487127000491,51.3904124577328],[-0.241846258257447,51.3904178465473],[-0.241837650527047,51.3906425353193],[-0.24182904268414,51.3908672240808],[-0.241820434728724,51.3910919128318],[-0.241461298134342,51.3910865238411],[-0.241102161652427,51.3910811337508],[-0.241093550026126,51.391305822374],[-0.240734411877515,51.3913004311255],[-0.240375273841417,51.3912950387776],[-0.240366658544146,51.3915197272728],[-0.240007518841382,51.3915143337665],[-0.240016135917855,51.3912896453301],[-0.2400247528817,51.3910649568832],[-0.24003336973292,51.390840268426],[-0.240041986471516,51.3906155799582],[-0.240050603097491,51.3903908914801],[-0.240059219610845,51.3901662029915],[-0.239700090695502,51.3901608087385],[-0.239708708875301,51.3899361202983],[-0.239717326942462,51.3897114318477],[-0.240076452299701,51.3897168259832],[-0.240085068475208,51.3894921374633],[-0.240444192165972,51.3894975304406],[-0.24045280644987,51.3892728418515],[-0.240811928474158,51.3892782336706],[-0.240820540866493,51.3890535450124],[-0.241179661224298,51.3890589356733],[-0.241538781694575,51.3890643252348],[-0.241547390416436,51.3888396364487],[-0.241188271725115,51.3888342469459],[-0.240829153146264,51.3888288563438],[-0.240470034679905,51.3888234646422],[-0.240110916326061,51.3888180718413],[-0.239751798084754,51.3888126779409],[-0.239760415588749,51.3885879894382],[-0.239769032980118,51.388363300925],[-0.239409918409196,51.3883579060429],[-0.239418537466817,51.388133217578],[-0.239427156411791,51.3879085291028],[-0.23943577524412,51.3876838406171],[-0.239444393963807,51.387459152121],[-0.239453012570853,51.3872344636145],[-0.239093907006665,51.3872290679269],[-0.239102527279834,51.3870043794688],[-0.239111147440344,51.3867796910002],[-0.239119767488195,51.3865550025212],[-0.239128387423391,51.3863303140318],[-0.239137007245932,51.3861056255319],[-0.23949610391654,51.3861110209255],[-0.239504721847782,51.3858863323564],[-0.239863816852301,51.3858917265919],[-0.23987243289229,51.3856670379536],[-0.240231526230717,51.3856724310311],[-0.240240140379497,51.3854477423237],[-0.240599232051828,51.3854531342431],[-0.240607844309447,51.3852284454664],[-0.240966934315676,51.3852338362279],[-0.240975544682179,51.3850091473821],[-0.241334633022305,51.3850145369855],[-0.241343241497737,51.3847898480705],[-0.241702328171755,51.384795236516],[-0.241710934756162,51.3845705475318],[-0.242070019764068,51.3845759348193],[-0.242078624457496,51.384351245766],[-0.242087229038471,51.3841265567023],[-0.242446310601781,51.3841319427731],[-0.242454913291848,51.3839072536403],[-0.242463513820497,51.3836825631232],[-0.242822592015022,51.3836879480265],[-0.242831190050417,51.3834632570339],[-0.242839787974169,51.3832385660313],[-0.243198862754984,51.3832439497341],[-0.243207458804492,51.3830192586711],[-0.243566531934238,51.3830246412239],[-0.243557937647334,51.3832493323374],[-0.243917012651199,51.383254713841],[-0.243925605175495,51.3830300226771],[-0.244284678528242,51.3830354030307],[-0.244643751992455,51.3830407822848],[-0.244652340880007,51.38281609101],[-0.244293269178382,51.3828107118064],[-0.244301859716976,51.382586020572],[-0.244310450144025,51.3823613293276],[-0.244319040459531,51.3821366380731],[-0.24467810687353,51.3821420171256],[-0.244686695314999,51.3819173258107],[-0.244695283644952,51.3816926344858],[-0.244703871863389,51.3814679431509],[-0.245062933101397,51.3814733209526],[-0.245071519445893,51.3812486295572],[-0.2450801056789,51.3810239381519],[-0.245088691800422,51.3807992467365],[-0.24509727781046,51.3805745553111],[-0.245105863709016,51.3803498638757],[-0.245114449496091,51.3801251724303],[-0.245473500271254,51.3801305488301],[-0.245832551157789,51.3801359241305],[-0.245823968895352,51.3803606156767],[-0.246183021655561,51.380365989928],[-0.246191602155675,51.3801412983314],[-0.246550653264888,51.3801466714329],[-0.246909704485406,51.3801520434349],[-0.246918281349506,51.3799273517276],[-0.247277330919,51.3799327225797],[-0.247268755817206,51.3801574143374],[-0.247627807260265,51.3801627841404],[-0.247986858814561,51.380168152844],[-0.248345910480071,51.3801735204481],[-0.248354480294937,51.3799488285395],[-0.248713530309325,51.3799541949938],[-0.249072580434879,51.3799595603487],[-0.249081146613891,51.3797348683295],[-0.249440195088294,51.3797402325346],[-0.249799243673817,51.3797455956402],[-0.249807806217061,51.3795209035104],[-0.250166853151404,51.3795262654663],[-0.250525900196819,51.3795316263228],[-0.250534459104379,51.3793069340825],[-0.250893504498586,51.3793122937892],[-0.251252550003818,51.3793176523966],[-0.25126110527578,51.3790929600457],[-0.251620149132982,51.379098317516],[-0.251979193118013,51.3791036739543],[-0.251987744762764,51.378878981504],[-0.252346787102829,51.3788843367999],[-0.252705829553508,51.3788896909961],[-0.253064872114777,51.3788950440925],[-0.253423914786615,51.378900396089],[-0.253432459298309,51.3786757034592],[-0.253791500325103,51.3786810543135],[-0.254150541462418,51.378686404068],[-0.254509582710231,51.3786917527227],[-0.25486862406852,51.3786971002777],[-0.255227665537262,51.3787024467328],[-0.255586707116434,51.3787077920882],[-0.255945748806015,51.3787131363437],[-0.25630479060598,51.3787184794994],[-0.256663832516308,51.3787238215554],[-0.257022874536975,51.3787291625115],[-0.257014347581256,51.3789538555655],[-0.257373391467849,51.3789591954642],[-0.257732435464738,51.3789645342631],[-0.2580914795719,51.3789698719622],[-0.258450523789313,51.3789752085615],[-0.258809568116955,51.378980544061],[-0.258801049829007,51.3792052373171],[-0.259160096022494,51.3792105717591],[-0.259519142326167,51.3792159051013],[-0.259878188740002,51.3792212373436],[-0.259869675608757,51.379445930717],[-0.259510627439256,51.3794405984323],[-0.259502112442098,51.3796652917538],[-0.25949359733469,51.3798899850656],[-0.259852649015592,51.3798953174349],[-0.259844135553668,51.3801200107793],[-0.259835621981515,51.3803447041142],[-0.25982710829913,51.3805693974394],[-0.260186165357454,51.3805747288357],[-0.260177653320639,51.3807994221936],[-0.260169141173611,51.3810241155419],[-0.260528201853698,51.3810294459229],[-0.260519691352308,51.3812541393038],[-0.260511180740722,51.381478832675],[-0.260870245042648,51.3814841620407],[-0.260878753898358,51.3812594686272],[-0.260887262643895,51.381034775204],[-0.260895771279263,51.3808100817712],[-0.261254830423714,51.3808154099101],[-0.261613889678227,51.3808207369491],[-0.26197294904278,51.3808260628883],[-0.261964445674915,51.3810507564479],[-0.262323506905322,51.3810560813294],[-0.262315005183217,51.3812807749217],[-0.262306503351031,51.3815054685043],[-0.262298001408762,51.3817301620772],[-0.261938934910704,51.381724837069],[-0.261930431102423,51.38194953059],[-0.26228949935641,51.3819548556406],[-0.26228099719397,51.3821795491943],[-0.262272494921442,51.3824042427383],[-0.262263992538825,51.3826289362728],[-0.262623066170743,51.3826342603501],[-0.262982139912649,51.3826395833274],[-0.263341213764518,51.3826449052048],[-0.263332716539879,51.3828695988563],[-0.263691792257716,51.3828749196759],[-0.263683296679101,51.38309961336],[-0.26404237426291,51.3831049331219],[-0.264033880330364,51.3833296268385],[-0.264025386287833,51.3835543205456],[-0.263666305191852,51.3835490006993],[-0.263657809283216,51.3837736943545],[-0.263298726541043,51.383768373366],[-0.26293964390882,51.3837630512775],[-0.262931143436499,51.3839877441608],[-0.263290227800304,51.3839930662728],[-0.263281728345309,51.3842177587344],[-0.263640814597636,51.384223079803],[-0.263649312275084,51.3839983872855],[-0.264008396860817,51.3840037071988],[-0.264016892135316,51.383779014243],[-0.264375975097322,51.3837843330314],[-0.26473505816921,51.3837896507199],[-0.265094141350958,51.3837949673084],[-0.265085651283494,51.3840196603424],[-0.265444736312802,51.3840249758583],[-0.265803821452948,51.3840302902747],[-0.265795334440815,51.3842549831276],[-0.266154421469333,51.3842602965006],[-0.26614593612389,51.3844849893991],[-0.266505025040786,51.3844903017285],[-0.266496541362079,51.3847149946726],[-0.266488057572524,51.3849396876064],[-0.266847150155431,51.3849449989482],[-0.266838668032678,51.3851696919275],[-0.267197762503994,51.3851750022257],[-0.26718928204809,51.3853996952507],[-0.267180801481376,51.3856243882653],[-0.267172320803851,51.3858490812697],[-0.266813220999428,51.385843770804],[-0.266804738433342,51.3860684637423],[-0.266445636961933,51.3860631521213],[-0.26643715250724,51.3862878449934],[-0.266078049368848,51.3862825322171],[-0.266069563025502,51.3865072250231],[-0.266061076571268,51.3867319178188],[-0.266420183265262,51.3867372307069],[-0.266411698477975,51.3869619235482],[-0.266403213579819,51.3871866163792],[-0.266762323940302,51.3871919282795],[-0.266753840709159,51.3874166211561],[-0.266745357367167,51.3876413140225],[-0.267104471394215,51.387646624935],[-0.267095989719302,51.3878713178469],[-0.26708750793356,51.3880960107485],[-0.267446625627249,51.3881013206732],[-0.267438145508653,51.3883260136204],[-0.267429665279246,51.3885507065573],[-0.267788786639651,51.3885560154941],[-0.267797265091055,51.3883313225014],[-0.268156384784169,51.3883366302828],[-0.268164861346803,51.3881119372239],[-0.268523979304155,51.3881172437731],[-0.268883097357076,51.3881225492058],[-0.268874624343947,51.3883472423747],[-0.26886615122032,51.3885719355335],[-0.269225272930274,51.388577239974],[-0.269216801469489,51.3888019331762],[-0.269208329898225,51.3890266263683],[-0.268849204641566,51.3890213218204],[-0.268840731186434,51.3892460149486],[-0.26919985821648,51.3892513195501],[-0.269191386424254,51.3894760127219],[-0.269182914521543,51.3897007058834],[-0.269174442508345,51.3899253990348],[-0.268815310158002,51.3899200942722],[-0.268456177918093,51.3899147884099],[-0.268447702247454,51.3901394814437],[-0.268088568295393,51.3901341743839],[-0.268080090735804,51.3903588673503],[-0.267720955039816,51.3903535590665],[-0.267712475591233,51.3905782519668],[-0.267703996031843,51.3908029448568],[-0.267695516361643,51.3910276377366],[-0.267336375441687,51.3910223281856],[-0.266977234632489,51.391017017535],[-0.266968751294924,51.3912417102928],[-0.2669602678465,51.3914664030403],[-0.266951784287215,51.3916910957775],[-0.266943300617068,51.3919157885045],[-0.267302448539509,51.3919210993785],[-0.267661596572715,51.3919264091529],[-0.268020744716664,51.3919317178275],[-0.26802922305177,51.391707024933],[-0.268388369457876,51.3917123323957],[-0.268747515886235,51.3917176386876],[-0.268739041104917,51.3919423316937],[-0.268730566213071,51.3921670246897],[-0.268371416237372,51.3921617182904],[-0.268012266270762,51.3921564107118],[-0.268003787850852,51.3923811041583],[-0.267644636129141,51.3923757953422],[-0.267285484519147,51.3923704854272],[-0.267277002411365,51.3925951788084],[-0.267636155820316,51.3926004887961],[-0.267627675399693,51.392825182239],[-0.267986830719345,51.3928304912003],[-0.268345986091958,51.3928357990207],[-0.268337509160527,51.393060492601],[-0.268696666317254,51.3930657993083],[-0.268688191068995,51.3932904929509],[-0.268329032117546,51.3932851861702],[-0.268320554963013,51.3935098797284],[-0.268679715709208,51.3935151865825],[-0.268671240237889,51.3937398802029],[-0.268662764655037,51.3939645738123],[-0.269021929102249,51.3939698797143],[-0.269013455202678,51.3941945733859],[-0.269372621556142,51.3941998782624],[-0.269731788021018,51.3942051820399],[-0.26972331759962,51.3944298758472],[-0.269714847066751,51.3946545696435],[-0.270074017232731,51.3946598724688],[-0.270065548383283,51.3948845663273],[-0.270424720455525,51.3948898681271],[-0.270416253289543,51.3951145620479],[-0.270775427268053,51.3951198628221],[-0.270783892639117,51.3948951688279],[-0.271143064934033,51.3949004684297],[-0.271502237340253,51.3949057669326],[-0.271861409857751,51.3949110643364],[-0.271869869732713,51.3946863701111],[-0.272229040566564,51.3946916663427],[-0.272588211511646,51.3946969614753],[-0.27257975522649,51.3949216558472],[-0.272220582486504,51.3949163606413],[-0.272212124295133,51.3951410549288],[-0.271852949871453,51.3951357585506],[-0.271844489773819,51.3953604527537],[-0.271836029564845,51.3955851469458],[-0.272195207578447,51.3955904434706],[-0.272186749053127,51.3958151377249],[-0.272178290416489,51.3960398319681],[-0.272537472131345,51.3960451275406],[-0.272529015178428,51.396269821846],[-0.272520558114211,51.3964945161403],[-0.272512100938692,51.3967192104235],[-0.27250364365187,51.3969439046956],[-0.272862832658262,51.3969491994624],[-0.272854377055271,51.3971738937967],[-0.272845921340994,51.3973985881199],[-0.273205114048892,51.3974038819343],[-0.273196660018514,51.3976285763197],[-0.273555854632783,51.3976338691083],[-0.27354740228635,51.397858563556],[-0.273538949828672,51.3980832579925],[-0.273530497259748,51.398307952418],[-0.273889697370885,51.3983132443274],[-0.273881246485994,51.398537938815],[-0.273872795489877,51.3987626332916],[-0.27386434438253,51.3989873277571],[-0.274223549990731,51.3989926187873],[-0.274215100567506,51.3992173133149],[-0.274206651033071,51.3994420078315],[-0.274565860343132,51.3994472979091],[-0.274557412492885,51.3996719924879],[-0.274548964531449,51.3998966870556],[-0.274908177543446,51.3999019761806],[-0.274899731266266,51.4001266708104],[-0.274540516458821,51.4001213816122],[-0.274181301762491,51.4001160913147],[-0.274172851783198,51.4003407857869],[-0.273813635402537,51.400335494317],[-0.273454419133037,51.4003302017478],[-0.2734459653217,51.4005548962103],[-0.273805183368705,51.4005601888764],[-0.274164401527293,51.4005654804437],[-0.274523619797438,51.4005707709122],[-0.274532068274999,51.4003460761576],[-0.274891284877915,51.4003513654292],[-0.275250501591923,51.4003566536015],[-0.275609718417,51.4003619406747],[-0.275618161214402,51.4001372459094],[-0.275977376355046,51.4001425318101],[-0.276336591606713,51.4001478166116],[-0.276695806969376,51.4001531003139],[-0.277055022443013,51.400158382917],[-0.277063457947462,51.3999336878476],[-0.277422671736588,51.3999389692783],[-0.277431105334566,51.3997142741247],[-0.277790317439177,51.3997195543829],[-0.278149529654689,51.3997248335421],[-0.278508741981077,51.399730111602],[-0.278517170081791,51.3995054162176],[-0.27887638072361,51.3995106931052],[-0.279235591476259,51.3995159688936],[-0.279594802339712,51.3995212435828],[-0.279603224943285,51.3992965479678],[-0.279962434122115,51.3993018214847],[-0.279954013313948,51.3995265171728],[-0.280313224398943,51.3995317896637],[-0.280321643411702,51.3993070939024],[-0.280330062313644,51.3990823981301],[-0.279970854819441,51.3990771257855],[-0.279611647435994,51.3990718523418],[-0.279252440163326,51.3990665777989],[-0.279244015875235,51.3992912733518],[-0.27888480691799,51.3992859976366],[-0.27852559807157,51.3992807208222],[-0.278166389336002,51.3992754429087],[-0.278174819010224,51.3990507475753],[-0.277815612180902,51.3990454686358],[-0.27782404353952,51.3988207733646],[-0.277832474787163,51.3985960780823],[-0.277840905923832,51.3983713827889],[-0.278200107367173,51.3983766615088],[-0.278208536597589,51.3981519661311],[-0.27784933694953,51.3981466874844],[-0.277490137412359,51.3981414077385],[-0.277498570122344,51.3979167124962],[-0.277507002721338,51.3976920172427],[-0.277147806885563,51.3976867365442],[-0.277156241168776,51.3974620413529],[-0.276797047239136,51.3974567596284],[-0.276805483206523,51.3972320644992],[-0.276446291183016,51.3972267817489],[-0.276454728834531,51.3970020866819],[-0.276813919062879,51.3970073693589],[-0.277173109402175,51.3970126509369],[-0.277181543352365,51.3967879557123],[-0.27718997719155,51.3965632604767],[-0.276830790442505,51.3965579790451],[-0.276839225965778,51.3963332838715],[-0.276847661378029,51.3961085886869],[-0.277206844536915,51.396113869972],[-0.277566027806719,51.3961191501581],[-0.277574459517855,51.395894454816],[-0.277933641103503,51.3958997338298],[-0.277942070908641,51.3956750384034],[-0.278301250810129,51.395680316245],[-0.278309678709314,51.3954556207343],[-0.278668856926639,51.3954608974038],[-0.278677282919917,51.3952362018088],[-0.279036459453075,51.3952414773061],[-0.279044883540492,51.3950167816268],[-0.279404058389479,51.3950220559519],[-0.279412480571081,51.3947973601884],[-0.279771653735893,51.3948026333414],[-0.279780074011727,51.3945779374937],[-0.279788494176736,51.3943532416349],[-0.280147663862471,51.3943585135425],[-0.280156082121782,51.3941338175996],[-0.280164500270298,51.3939091216455],[-0.280523666477015,51.3939143923079],[-0.280532082719904,51.3936896962696],[-0.280540498852023,51.3934650002202],[-0.280548914873373,51.3932403041598],[-0.280557330783957,51.3930156080882],[-0.280565746583777,51.3927909120056],[-0.280574162272834,51.3925662159119],[-0.28058257785113,51.3923415198072],[-0.280590993597374,51.392116824114],[-0.280231841762575,51.3921115540618],[-0.280223424207748,51.3923362496566],[-0.279864270675064,51.3923309784072],[-0.279872690037495,51.3921062829097],[-0.279513538422155,51.3921010106578],[-0.279505117253102,51.3923257060589],[-0.279145963941885,51.3923204326116],[-0.279137541184828,51.3925451284239],[-0.279129118316918,51.392769824225],[-0.279120695338154,51.3929945200151],[-0.279112272248532,51.393219215794],[-0.279103849048053,51.3934439115619],[-0.279095425736712,51.3936686073187],[-0.279087002314509,51.3938933030645],[-0.279078578781442,51.3941179987991],[-0.278719411222864,51.3941127236677],[-0.278710985784061,51.3943374193181],[-0.278702560234366,51.3945621149574],[-0.278694134573779,51.3947868105856],[-0.278334961741334,51.3947815341357],[-0.278326534174915,51.3950062296797],[-0.278318106497575,51.3952309252125],[-0.277958930186073,51.3952256475173],[-0.277950500602831,51.3954503429659],[-0.27759132260721,51.3954450640984],[-0.277582891118019,51.3956697594627],[-0.277223711438287,51.3956644794231],[-0.277215278043099,51.3958891747031],[-0.276856096679258,51.3958838934912],[-0.276496915426354,51.3958786111802],[-0.276505352411583,51.3956539160466],[-0.27651378928577,51.3954292209019],[-0.276154611733841,51.3954239376384],[-0.275795434292892,51.3954186532759],[-0.275803874645983,51.3951939582666],[-0.27581231488799,51.3949692632462],[-0.275820755018917,51.3947445682147],[-0.275461583073806,51.3947392829729],[-0.275470024888552,51.3945145880035],[-0.275478466592197,51.3942898930231],[-0.275486908184743,51.3940651980316],[-0.275127741735276,51.3940599119106],[-0.275136185011554,51.3938352169812],[-0.274777020467951,51.3938299298345],[-0.274785465427913,51.3936052349673],[-0.274793910276736,51.393380540089],[-0.274434749433773,51.3933752519899],[-0.274443195966214,51.3931505571738],[-0.274084037029082,51.393145268049],[-0.274092485245095,51.3929205732951],[-0.274100933349928,51.3926958785301],[-0.273741778113331,51.3926905884529],[-0.273750227901668,51.3924658937501],[-0.273391074570871,51.3924606026474],[-0.273399526042665,51.3922359080067],[-0.273407977773855,51.3920112141055],[-0.273048828137761,51.3920059220572],[-0.273057281635023,51.3917812284074],[-0.272698133882787,51.3917759353129],[-0.272706589043456,51.3915512417064],[-0.272347443175074,51.3915459475657],[-0.272355899999105,51.3913212540028],[-0.272364356712841,51.3910965604296],[-0.272005214501919,51.3910912652964],[-0.27201367287895,51.3908665717667],[-0.271654532551849,51.3908612755872],[-0.27166299259213,51.390636582101],[-0.271671452522077,51.3904118886046],[-0.271312315852331,51.3904065914327],[-0.271320777445461,51.3901818979797],[-0.271329238928238,51.3899572045166],[-0.271337700300663,51.3897325110433],[-0.270978569061663,51.3897272129326],[-0.270987032097184,51.3895025195027],[-0.270995495022334,51.3892778260627],[-0.271003957837117,51.3890531326126],[-0.270644832028668,51.389047833563],[-0.270653296506458,51.3888231401563],[-0.27066176087386,51.3885984467395],[-0.270670225130877,51.3883737533124],[-0.270311104752787,51.3883684533242],[-0.270319570672723,51.3881437599406],[-0.270328036482256,51.3879190665469],[-0.270336502181385,51.387694373143],[-0.269977387233459,51.387689072216],[-0.26998585459542,51.3874643788556],[-0.269626741531071,51.3874590768827],[-0.269635210555819,51.3872343835658],[-0.26999432184696,51.387239685485],[-0.27000278898808,51.3870149921043],[-0.270011256018783,51.3867902987133],[-0.270019722939069,51.3865656053122],[-0.270028189748942,51.386340911901],[-0.270036656448402,51.3861162184795],[-0.270045123037452,51.3858915250479],[-0.270053589516094,51.3856668316061],[-0.27006205588433,51.3854421381542],[-0.27007052214216,51.3852174446921],[-0.269711426808861,51.3852121432557],[-0.269719894729268,51.3849874498371],[-0.269360801279295,51.384982147355],[-0.269369270862234,51.3847574539798],[-0.269377740334727,51.3845327605945],[-0.269018650541007,51.3845274571202],[-0.268659560857675,51.3845221525464],[-0.268668033765538,51.3842974592582],[-0.268308945965521,51.3842921536386],[-0.268317420535779,51.384067460394],[-0.26832589492818,51.3838427670894],[-0.267966810757171,51.3838374604155],[-0.267607726697361,51.3838321526272],[-0.267616203288578,51.3836074585082],[-0.267257121094585,51.383602149662],[-0.267265599332158,51.3833774555754],[-0.266906519003978,51.3833721456713],[-0.266547438785518,51.3833668346672],[-0.266538957035719,51.3835915286694],[-0.266179875170892,51.3835862165232],[-0.265820793415832,51.3835809032769],[-0.265829278677849,51.383356209359],[-0.265837763829996,51.3831315154314],[-0.265846248872273,51.3829068214942],[-0.266205325359077,51.382912134614],[-0.266213808535447,51.3826874406251],[-0.266572883375969,51.3826927526027],[-0.266931958326229,51.3826980634805],[-0.266940437880716,51.3824733693976],[-0.267299511184667,51.3824786791332],[-0.267307988873358,51.3822539849986],[-0.267667060530996,51.3822592935921],[-0.267675536353936,51.3820345994057],[-0.268034606365259,51.3820399068572],[-0.268043080322493,51.3818152126191],[-0.268402148689918,51.3818205189089],[-0.268761217169551,51.3818258240777],[-0.268769687505188,51.381601129747],[-0.269128754338399,51.3816064337752],[-0.269137222808362,51.3813817393943],[-0.269496287995147,51.3813870422817],[-0.269504754599481,51.3811623478506],[-0.269863818139838,51.3811676495975],[-0.270222881789718,51.3811729502444],[-0.270231344772512,51.3809482557224],[-0.270590406775934,51.3809535552287],[-0.270598867893211,51.3807288606566],[-0.270957928250173,51.3807341590223],[-0.270966387501977,51.3805094644],[-0.271325446212474,51.3805147616251],[-0.271684505032398,51.3805200577503],[-0.27169296066288,51.3802953630373],[-0.272052017836311,51.3803006580219],[-0.272411075119123,51.3803059519066],[-0.272419527128366,51.3800812571028],[-0.272778582764656,51.380086549847],[-0.272787032908606,51.3798618549931],[-0.273146086898371,51.3798671465968],[-0.273154535177072,51.3796424516928],[-0.272795482943141,51.3796371601297],[-0.272436430818541,51.3796318674666],[-0.272444882499476,51.3794071726342],[-0.272453334070977,51.3791824777922],[-0.272461785533047,51.3789577829407],[-0.272470236885689,51.3787330880796],[-0.272829281987182,51.3787383805804],[-0.272837731474675,51.3785136856692],[-0.272846180852767,51.3782889907485],[-0.273205222552161,51.3782942820682],[-0.273213670065175,51.3780695870974],[-0.273222117468812,51.377844892117],[-0.273230564763075,51.377620197127],[-0.273239011947965,51.3773955021275],[-0.273247459023484,51.3771708071184],[-0.273606492054008,51.3771760971356],[-0.273614937264594,51.3769514020765],[-0.273623382365834,51.3767267070078],[-0.273264352846418,51.3767214170717],[-0.273272799593836,51.3764967220339],[-0.273281246231893,51.3762720269867],[-0.273640272240291,51.3762773168417],[-0.27364871701351,51.3760526217443],[-0.274007741375688,51.376057910459],[-0.274016184284117,51.3758332153116],[-0.27437520700007,51.3758385028859],[-0.274383648043754,51.3756138076884],[-0.274392089134849,51.3753891129168],[-0.274033069940051,51.3753838254534],[-0.274041512791904,51.3751591310333],[-0.274400530224702,51.375164418436],[-0.274759547767013,51.3751697047398],[-0.274751108439163,51.3753943992815],[-0.275110127852972,51.3753996845474],[-0.275469147376251,51.3754049687145],[-0.275828167008978,51.3754102517827],[-0.275819732977662,51.375634946826],[-0.276178754483982,51.375640228861],[-0.276170322217491,51.375864924261],[-0.276529345588347,51.3758702052367],[-0.276520914968147,51.3760949006676],[-0.276879940203542,51.3761001805839],[-0.276871511229678,51.3763248760458],[-0.277230538329616,51.3763301549028],[-0.277238965547988,51.3761054594005],[-0.277247392657249,51.3758807638886],[-0.27760641635525,51.375886041565],[-0.277965440162253,51.3758913181415],[-0.277973863651504,51.3756666225392],[-0.278332885812035,51.3756718979755],[-0.278341307500701,51.3754472024939],[-0.278700328008193,51.3754524767717],[-0.278708747953884,51.3752277815618],[-0.278717167790252,51.3750030863414],[-0.278725587517299,51.3747783911105],[-0.279084602848026,51.3747836641074],[-0.279443618287968,51.3747889360055],[-0.279802633837102,51.3747942068048],[-0.279794219396001,51.3750189022178],[-0.279785804845647,51.3752435976202],[-0.280144824027944,51.375248867442],[-0.280136411130366,51.3754735628946],[-0.280495432183847,51.3754788316783],[-0.280503843319392,51.375254136165],[-0.280512254345728,51.3750294406413],[-0.280871271984291,51.3750347082049],[-0.280879681139429,51.37481001261],[-0.280888090185384,51.3745853170046],[-0.281247104409091,51.3745905833481],[-0.281255511583919,51.3743658876715],[-0.281614524154754,51.3743711528556],[-0.281973536834641,51.3743764169409],[-0.282332549623558,51.3743816799274],[-0.282324147734578,51.3746063757858],[-0.282683162394454,51.3746116377341],[-0.28267476215836,51.3748363336426],[-0.282666361813196,51.3750610295406],[-0.282657961358962,51.3752857254281],[-0.283016981413824,51.3752909864594],[-0.283025380106036,51.3750662905113],[-0.283384398507842,51.3750715503832],[-0.283743417018593,51.3750768091563],[-0.283751812077749,51.3748521130766],[-0.284110828935414,51.3748573706903],[-0.284119222123585,51.3746326745395],[-0.284478237328161,51.3746379309938],[-0.284486628645393,51.374413234772],[-0.284845642196876,51.374418490067],[-0.284854031643214,51.3741937937741],[-0.285213042780666,51.3741990489854],[-0.285221430342712,51.3739743526605],[-0.285580439740984,51.3739796068551],[-0.285939449247719,51.3739848599503],[-0.285947833191708,51.3737601635179],[-0.286306841052135,51.373765415465],[-0.286315223132879,51.3735407189739],[-0.286674229346995,51.373545969773],[-0.286682609564538,51.3733212732231],[-0.28704161413234,51.3733265228741],[-0.287400618808508,51.3733317714259],[-0.287408995408212,51.3731070747686],[-0.287767998438037,51.3731123221722],[-0.287776373174652,51.3728876254563],[-0.287784747802866,51.3726629287304],[-0.287425748282347,51.3726576814242],[-0.287417371899491,51.3728823781014],[-0.28705837073267,51.3728771296471],[-0.287049992486729,51.3731018262656],[-0.286690989673611,51.3730965766633],[-0.28633198696888,51.3730913259618],[-0.285972984372559,51.3730860741609],[-0.285981367882477,51.3728613776887],[-0.285622367149244,51.3728561248374],[-0.285630752305281,51.372631428404],[-0.285639137352784,51.3724067319607],[-0.285280140237243,51.3724014781077],[-0.285288526930799,51.3721767817032],[-0.285647522291755,51.3721820355075],[-0.285655907122196,51.3719573390443],[-0.286014900837035,51.3719625917006],[-0.286023283804406,51.3717378951787],[-0.286382275873124,51.371743146687],[-0.286741268050242,51.3717483970959],[-0.286749647400065,51.3715237004666],[-0.286758026641431,51.3712990038273],[-0.286399037973336,51.3712937535158],[-0.286407418860724,51.3710690569154],[-0.286048432055501,51.3710638055535],[-0.286056814588867,51.3708391089918],[-0.286065197013736,51.3706144124203],[-0.285706213825808,51.3706091600567],[-0.285714597896589,51.3703844635239],[-0.2853556165715,51.3703792101099],[-0.285364002288147,51.370154513616],[-0.285005022825893,51.3701492591516],[-0.285013410188361,51.3699245626966],[-0.285021797442271,51.3696998662316],[-0.285030184587626,51.3694751697567],[-0.285038571624427,51.3692504732718],[-0.285046958552678,51.3690257767771],[-0.285405929243373,51.3690310309975],[-0.285764900042512,51.3690362841188],[-0.285773283353723,51.3688115875165],[-0.285414314308829,51.368806334444],[-0.285422699265761,51.3685816378805],[-0.285781666556432,51.3685868909043],[-0.28579004965064,51.3683621942821],[-0.28579843263635,51.36813749765],[-0.286157396527057,51.3681427494771],[-0.286165777650113,51.3679180527863],[-0.286174158664695,51.3676933560856],[-0.286533119155501,51.3676986067161],[-0.286541498307499,51.3674739099566],[-0.286900457152555,51.3674791594393],[-0.286908834442015,51.3672544626211],[-0.286917212211744,51.3670297678131],[-0.286925590114368,51.3668050738209],[-0.286566636538531,51.3667998246061],[-0.286207683070723,51.3667945742937],[-0.286216064359009,51.366569880451],[-0.286575016079946,51.3665751306829],[-0.286583395513257,51.3663504367484],[-0.286224445539169,51.366345186597],[-0.286232826611204,51.3661204927315],[-0.285873878491988,51.3661152415631],[-0.285514930480839,51.3661099892971],[-0.285523314938355,51.3658852955812],[-0.285164368782094,51.3658800422983],[-0.285172754878219,51.3656553486515],[-0.284813810469392,51.3656500946976],[-0.284822198219567,51.3654254010831],[-0.284463255303794,51.3654201473461],[-0.284471644711984,51.3651954538014],[-0.284830585860575,51.3652007074571],[-0.28518952674591,51.3652059613236],[-0.285197912517479,51.3649812676425],[-0.285206298180867,51.36475657395],[-0.285565235603473,51.3647618268304],[-0.285573619412018,51.3645371330459],[-0.285932555196038,51.3645423847483],[-0.285940937149785,51.3643176908719],[-0.286299871295215,51.3643229413964],[-0.28630825139421,51.3640982474281],[-0.286667183901045,51.3641034967746],[-0.286675562145333,51.3638788027144],[-0.286683940281539,51.3636541086428],[-0.287042869403197,51.3636593567309],[-0.287051245684764,51.3634346625674],[-0.287059621858277,51.3632099683925],[-0.287418547594817,51.3632152152223],[-0.287426921913761,51.3629905209554],[-0.287435296124675,51.3627658266772],[-0.28779421847616,51.3627710722487],[-0.287802590832575,51.3625463778786],[-0.287810963080987,51.362321683497],[-0.287452044222423,51.3623164380865],[-0.28746041810926,51.362091743774],[-0.287819335221398,51.3620969891041],[-0.287827707253809,51.3618722946997],[-0.288186622727464,51.361877538852],[-0.288545538309015,51.361882781907],[-0.288537169769416,51.3621074764722],[-0.288896087205252,51.3621127185102],[-0.28888772030413,51.3623374131445],[-0.289246639594253,51.3623426541655],[-0.289605558992208,51.3623478940892],[-0.289964478497975,51.3623531329155],[-0.290323398111529,51.3623583706444],[-0.290331758026906,51.3621336756885],[-0.290690676001785,51.3621389122397],[-0.290699034062903,51.361914217192],[-0.291057950399104,51.3619194525654],[-0.291066306606006,51.361694757426],[-0.291074662705116,51.3614700622751],[-0.291433575656258,51.3614752963904],[-0.291441929901223,51.3612506011478],[-0.291450284038421,51.3610259058938],[-0.291809193604564,51.361031138751],[-0.291817545887687,51.3608064434052],[-0.291458638067854,51.3608012106283],[-0.291099730355708,51.3607959767541],[-0.291108086023664,51.3605712815576],[-0.291116441583838,51.3603465863497],[-0.291475345803434,51.3603518200632],[-0.291483699509585,51.3601271247635],[-0.29184260209062,51.3601323572994],[-0.291850953942792,51.3599076619079],[-0.292209854885262,51.3599128932661],[-0.292218204883501,51.359688197783],[-0.292226554774032,51.3594635022884],[-0.292585452331754,51.3594687323886],[-0.292593800368421,51.3592440368023],[-0.292602148297406,51.3590193412046],[-0.292961042470441,51.3590245700469],[-0.292969389142204,51.3587998756649],[-0.292977737473344,51.3585751851422],[-0.293336628227679,51.3585804125747],[-0.293695519088786,51.3585856389111],[-0.29370386385506,51.3583609481642],[-0.294062753093908,51.3583661732988],[-0.294071096024385,51.3581414824336],[-0.294429983640973,51.3581467063664],[-0.294438324735699,51.3579220153827],[-0.294797210730021,51.3579272381137],[-0.295156096831018,51.3579324597487],[-0.29551498303867,51.3579376802877],[-0.295523318839799,51.3577129889742],[-0.295882203425134,51.3577182083114],[-0.295890537390643,51.3574935168795],[-0.295898871249481,51.3572688254351],[-0.29625775248359,51.3572740434648],[-0.296266084506878,51.357049351902],[-0.296624964118683,51.35705456873],[-0.296633294306464,51.356829877049],[-0.296641624387625,51.3566051853553],[-0.297000500648282,51.3566104008759],[-0.297359377015471,51.3566156153005],[-0.297367703532373,51.3563909233828],[-0.297726578277248,51.3563961366058],[-0.297734902958778,51.3561714445699],[-0.298093776081336,51.3561766565912],[-0.298452649310355,51.3561818675165],[-0.298811522645812,51.3561870773459],[-0.298803203150695,51.3564117696988],[-0.299162078321377,51.3564169785379],[-0.299170396087687,51.3561922860793],[-0.299178713747538,51.3559675936081],[-0.298819842034449,51.3559623849803],[-0.298828161316608,51.3557376926022],[-0.298469291438695,51.3557324829841],[-0.298477612343115,51.3555077906991],[-0.298485933141039,51.3552830984015],[-0.298127066827013,51.3552778878988],[-0.298118744300374,51.3555025800908],[-0.297759876364089,51.3554973683865],[-0.29776820061944,51.3552726763003],[-0.297409334518344,51.3552674636058],[-0.297417660395843,51.3550427716126],[-0.297776524768251,51.3550479842014],[-0.297784848810523,51.35482329209],[-0.298143711560736,51.3548285034772],[-0.298152033767827,51.3546038112475],[-0.298510894895843,51.3546090214331],[-0.298869756130286,51.3546142305228],[-0.298878074773612,51.3543895380692],[-0.298886393310471,51.3541648456031],[-0.299245251194084,51.3541700533856],[-0.299253567895895,51.3539453608012],[-0.299612424157299,51.3539505673821],[-0.299604109184073,51.3541752600722],[-0.299962967280419,51.3541804656629],[-0.300321825483098,51.3541856701578],[-0.300313513860675,51.3544103630465],[-0.300672373898278,51.3544155665511],[-0.300664063898114,51.3546402595329],[-0.301022925770646,51.3546454620472],[-0.301031234042173,51.3544207689598],[-0.301390094292336,51.3544259702726],[-0.301398400728914,51.354201277067],[-0.301039542207368,51.3541960758598],[-0.301047850266233,51.3539713827473],[-0.300688993579546,51.3539661805498],[-0.300697303260654,51.3537414875303],[-0.30105615821877,51.3537466896222],[-0.301064466064981,51.3535219964845],[-0.30142331940081,51.3535271973749],[-0.301415013283149,51.3537518906182],[-0.301773861456362,51.3537570902192],[-0.301765557095697,51.3539817835431],[-0.302124402297058,51.3539869819161],[-0.302483247593993,51.3539921791913],[-0.302491548955776,51.3537674857382],[-0.302850392848823,51.353772681851],[-0.30285869261557,51.3535479883227],[-0.302499850221946,51.3535427922745],[-0.302508151392504,51.3533180988],[-0.302149310593834,51.3533129017186],[-0.302157613168163,51.3530882082981],[-0.302165915646865,51.3528635148669],[-0.302174218029939,51.3526388214251],[-0.302533054330525,51.3526440183127],[-0.302524753446792,51.3528687118192],[-0.302883591342267,51.3528739076737],[-0.302891890726657,51.3526492141026],[-0.303250727218317,51.3526544087948],[-0.303259025007798,51.3524297151485],[-0.30361786009564,51.3524349086784],[-0.303609563805484,51.3526596023892],[-0.30396840048814,51.3526647948859],[-0.303960105601787,51.3528894886506],[-0.304318943879262,51.3528946801141],[-0.304677782252191,51.3528998704798],[-0.304686074139845,51.352675176586],[-0.305044911108855,51.3526803657894],[-0.305036620720554,51.3529050597478],[-0.305395459284331,51.352910247918],[-0.305387170299937,51.3531349419302],[-0.305746010458486,51.3531401290672],[-0.30573772287804,51.3533648231332],[-0.305378881220096,51.3533596359317],[-0.305370592044806,51.3535843299226],[-0.305011748982848,51.3535791415588],[-0.305003458212674,51.3538038354745],[-0.304644613746701,51.3537986459484],[-0.304636321381603,51.3540233397889],[-0.304277475511619,51.3540181491004],[-0.304269181551555,51.3542428428657],[-0.303910334277563,51.3542376510149],[-0.303902038722494,51.354462344705],[-0.303543190044494,51.3544571516918],[-0.303534892894378,51.3546818453066],[-0.303176042812373,51.3546766511311],[-0.303167744067172,51.3549013446707],[-0.302808892581164,51.3548961493328],[-0.302800592240835,51.3551208427971],[-0.302441739350825,51.3551156462967],[-0.30243343741533,51.3553403396858],[-0.30207458312132,51.355335142023],[-0.302066279590617,51.3555598353369],[-0.30170742389261,51.3555546365116],[-0.30169911876666,51.3557793297501],[-0.301340253440315,51.3557741292419],[-0.301331946259535,51.3559988223594],[-0.301690813545041,51.356004022978],[-0.302049672242271,51.3560092219325],[-0.30240853103509,51.3560144197891],[-0.302767389923478,51.3560196165478],[-0.303126248907417,51.3560248122086],[-0.303485107986886,51.3560300067716],[-0.303843967161869,51.3560352002367],[-0.303852263385734,51.3558105066213],[-0.30421112115658,51.355815698924],[-0.304569979022898,51.3558208901287],[-0.304561685798297,51.3560455838732],[-0.304920545259705,51.3560507740447],[-0.304928836984671,51.3558260802357],[-0.305287695041879,51.3558312692447],[-0.305646553194505,51.3558364571559],[-0.306005411442528,51.3558416439692],[-0.305997124216473,51.3560663379718],[-0.306355984059516,51.3560715237518],[-0.306714843997919,51.3560767084338],[-0.306723128224691,51.3558520143022],[-0.30636426978593,51.3558468296847],[-0.306372555416938,51.3556221356069],[-0.306731412356077,51.35562732016],[-0.307090269390556,51.3556325036152],[-0.307098551926956,51.3554078093978],[-0.30673969639208,51.3554026260071],[-0.3067479803327,51.3551779318435],[-0.307106834367992,51.3551831151697],[-0.307465688498602,51.3551882973981],[-0.30782454272451,51.3551934785286],[-0.308183397045698,51.3551986585613],[-0.308191674892675,51.3549739641292],[-0.308199952644354,51.3547492696864],[-0.308558804061684,51.3547544484923],[-0.308567080218537,51.3545297539744],[-0.308575356280115,51.3543050594459],[-0.308583632246418,51.3540803649067],[-0.308942479260456,51.3540855424214],[-0.308950753632017,51.3538608478071],[-0.308959027908328,51.3536361531822],[-0.309317872018658,51.3536413294703],[-0.309326144700289,51.3534166347702],[-0.309684987406379,51.3534218098961],[-0.30969325849337,51.353197115121],[-0.310052099795218,51.3532022890847],[-0.31006036928761,51.3529775942345],[-0.310419209185214,51.352982767036],[-0.310427477083047,51.3527580721108],[-0.310435744885718,51.3525333771749],[-0.310444012593229,51.3523086822283],[-0.310452280205582,51.3520839872711],[-0.310460547722778,51.3518592923032],[-0.310468815144818,51.3516345973247],[-0.310477082471705,51.3514099023355],[-0.310485349703439,51.3511852073357],[-0.310844177701722,51.3511903785243],[-0.31085244333909,51.3509656834495],[-0.311211269933256,51.350970853476],[-0.311570096622501,51.3509760224049],[-0.31156183398357,51.3512007176085],[-0.311920662267097,51.351205885504],[-0.312279490645667,51.3512110523018],[-0.312638319119262,51.3512162180019],[-0.312997147687863,51.3512213826043],[-0.313005404329902,51.3509966871433],[-0.313013660876934,51.3507719916717],[-0.31302191732896,51.3505472961894],[-0.313380741494927,51.3505524595011],[-0.313388993478748,51.3503277685933],[-0.313397244940558,51.3501030783565],[-0.313405496300604,51.3498783881102],[-0.313046676982718,51.3498732250427],[-0.313038423976271,51.3500979152494],[-0.312679603113732,51.3500927510435],[-0.312320782352963,51.3500875857388],[-0.312329038652209,51.3498628956115],[-0.312337294849628,51.3496382054747],[-0.312345550945221,51.3494135153284],[-0.312704366766859,51.349418680514],[-0.313063182690261,51.3494238446009],[-0.313421998715407,51.349429007589],[-0.313430249770168,51.3492043173141],[-0.313789064250697,51.3492094791638],[-0.313797313557383,51.3489847888398],[-0.313805562762333,51.3487600985062],[-0.313813811865551,51.3485354081632],[-0.313822060867038,51.3483107178106],[-0.314180868864119,51.348315878403],[-0.314189116117643,51.3480911880013],[-0.314197363269462,51.34786649759],[-0.314205610319575,51.3476418071692],[-0.314564413479688,51.347646966544],[-0.31457265878193,51.3474222760741],[-0.314580903982491,51.3471975855947],[-0.314939703951928,51.3472027437915],[-0.315298504022986,51.3472079008897],[-0.315657304195644,51.3472130568892],[-0.316016104469881,51.34721821179],[-0.316024342984241,51.3469935211427],[-0.3163831417139,51.3469986749052],[-0.316741940545094,51.3470038275691],[-0.316750175665636,51.3467791368331],[-0.317108972952227,51.3467842883588],[-0.317117206325127,51.3465595975736],[-0.316758410684632,51.3465544460875],[-0.316399615145647,51.3465492935027],[-0.316040819708194,51.3465441398193],[-0.316032581397011,51.3467688304858],[-0.31567378441502,51.3467636756641],[-0.315665544356137,51.3469883662814],[-0.315306745829612,51.3469832103215],[-0.314947947404684,51.346978053263],[-0.314956190755785,51.3467533627249],[-0.314964434005233,51.3465286721773],[-0.315323229137965,51.3465338291566],[-0.315331470639698,51.3463091385599],[-0.315339712039802,51.3460844479537],[-0.31534795333828,51.345859757338],[-0.315706743634471,51.3458649130998],[-0.315714983185323,51.345640222435],[-0.315723222634574,51.3454155317606],[-0.316082009740346,51.3454206863446],[-0.316073771937078,51.3456453770586],[-0.31606553403223,51.3458700677631],[-0.316424324531537,51.3458752213277],[-0.316416088171135,51.3460999120622],[-0.316407851709173,51.3463246027872],[-0.316766645602086,51.3463297553324],[-0.316774880417998,51.3461050645678],[-0.31678311513237,51.3458803737937],[-0.316791349745204,51.3456556830101],[-0.317150138801534,51.3456608343379],[-0.317508927959346,51.3456659845671],[-0.31786771721862,51.3456711336977],[-0.317859487543818,51.3458958246],[-0.318218278550546,51.3459009726716],[-0.318210050420307,51.3461256636039],[-0.318568843394052,51.3461308167005],[-0.318927636482624,51.3461359688938],[-0.318919411812988,51.3463606597648],[-0.31927820679684,51.346365810906],[-0.31963700188854,51.346370960949],[-0.319628780685875,51.3465956519028],[-0.319987577672837,51.3466008008937],[-0.319979358149778,51.346825491884],[-0.319620559375354,51.3468203428468],[-0.319612337956974,51.347045033781],[-0.319253537502894,51.3470398835991],[-0.319245314189148,51.3472645744772],[-0.319237090767517,51.3474892653454],[-0.319595894796632,51.3474944156198],[-0.319604116430734,51.3472697247053],[-0.319962918780151,51.3472748738351],[-0.319971138518883,51.3470501828644],[-0.320329939188599,51.3470553308496],[-0.320688739966097,51.3470604777363],[-0.320680523802386,51.3472851687996],[-0.321039326475157,51.3472903146343],[-0.32103111199119,51.3475150057339],[-0.321389916559238,51.3475201505165],[-0.32138170375506,51.3477448416526],[-0.32137349084313,51.3479695327789],[-0.321732299094045,51.3479746765557],[-0.321724087861972,51.3481993677184],[-0.321715876522167,51.3484240588713],[-0.321357064696011,51.3484189150021],[-0.32099825297758,51.3484137700344],[-0.320990037954733,51.348638461085],[-0.321348851460818,51.3486436060989],[-0.321340638117865,51.348868297186],[-0.320981822824105,51.3488631521258],[-0.320973607585694,51.3490878431567],[-0.320965392239497,51.3493125341779],[-0.320957176785514,51.3495372251892],[-0.320948961223742,51.3497619161907],[-0.320590138886807,51.349756769847],[-0.320231316657654,51.3497516224048],[-0.319872494536306,51.3497464738642],[-0.31988071546137,51.3495217830015],[-0.319521895235611,51.3495166334088],[-0.319513672522786,51.3497413242251],[-0.319505449702079,51.3499660150316],[-0.319146626008629,51.3499608642477],[-0.318787802423055,51.3499557123654],[-0.318796028819323,51.3497310216515],[-0.318437207129428,51.3497258687171],[-0.318078386537653,51.3497207172281],[-0.318070156682474,51.3499454079988],[-0.318061926725811,51.35017009876],[-0.318420750653381,51.3501752500424],[-0.318412522253426,51.3503999406903],[-0.318404291394721,51.3506246338693],[-0.318396057545262,51.3508493301515],[-0.318754888195079,51.3508544834218],[-0.318763120161043,51.3506297871106],[-0.319121949039686,51.3506349392525],[-0.319480778030625,51.3506400902952],[-0.319472549831655,51.3508647866642],[-0.319113718957218,51.3508596355927],[-0.319105488762446,51.3510843319238],[-0.319097258455368,51.3513090282459],[-0.318738423926165,51.3513038760171],[-0.318379589509288,51.351298722689],[-0.318387823583452,51.3510740264248],[-0.318028993266006,51.3510688754171],[-0.318037228824003,51.3508441790457],[-0.317678401925782,51.3508390299397],[-0.317319575122298,51.3508338797361],[-0.317327813583982,51.3506091834825],[-0.317686638888261,51.3506143336219],[-0.317694872736119,51.3503896406492],[-0.317336048906049,51.3503844906879],[-0.316977225177478,51.3503793396278],[-0.316618401550424,51.3503741874689],[-0.31661016325971,51.3505988799106],[-0.316251338239754,51.3505937264781],[-0.316243095280463,51.3508184225389],[-0.316234852226348,51.3510431185892],[-0.315876024302785,51.3510379639305],[-0.315517196474058,51.3510328081741],[-0.315508950326638,51.3512575040852],[-0.315500704084351,51.3514821999856],[-0.315141873351983,51.3514770430029],[-0.31478304271449,51.3514718849225],[-0.314774793378781,51.3516965806838],[-0.31476654394816,51.3519212764344],[-0.314407710406995,51.3519161171277],[-0.314399459382146,51.3521408128033],[-0.314040624436585,51.3521356523346],[-0.313681789585959,51.3521304907681],[-0.313322954830289,51.3521253281038],[-0.312964120169593,51.3521201643418],[-0.312605285603889,51.3521149994821],[-0.31259702698746,51.3523396948255],[-0.312588768275993,51.3525643901583],[-0.312580509469487,51.3527890854804],[-0.31257225056794,51.3530137807918],[-0.312563991571351,51.3532384760926],[-0.312205149603836,51.3532333098134],[-0.312196889012778,51.3534580050392],[-0.312555732479718,51.3534631713828],[-0.312914576041679,51.3534683366286],[-0.313273419698643,51.3534735007765],[-0.313632263450591,51.3534786638267],[-0.313640518043939,51.3532539683435],[-0.313648772542304,51.3530292728498],[-0.314007613390373,51.3530344346735],[-0.314015866294365,51.3528097391047],[-0.314024119103396,51.3525850435253],[-0.314382957047642,51.3525902041227],[-0.314391208262363,51.3523655084683],[-0.314750044802176,51.3523706679036],[-0.315108881436889,51.3523758262411],[-0.315100633220878,51.3526005220241],[-0.31509238490997,51.3528252177964],[-0.315084136504161,51.353049913558],[-0.314725295371321,51.3530447550276],[-0.314717045371194,51.3532694507143],[-0.314358202833844,51.3532642910219],[-0.314349951239361,51.3534889866336],[-0.314341699549933,51.3537136822347],[-0.314333447765558,51.3539383778252],[-0.313974600824773,51.353933216842],[-0.313615753978938,51.353928054761],[-0.313607499100629,51.3541527502123],[-0.313599244127332,51.3543774456528],[-0.313958093972171,51.3543826078624],[-0.313949840403413,51.3546073033567],[-0.313941586739683,51.3548319988402],[-0.313582733895759,51.3548268365019],[-0.313223881146808,51.3548216730658],[-0.313232137809642,51.3545969777109],[-0.312873286655233,51.3545918132413],[-0.312514435595836,51.3545866476738],[-0.312155584631467,51.3545814810085],[-0.31214732346999,51.3548061761704],[-0.311788471101124,51.3548010083429],[-0.311780208345007,51.3550257034298],[-0.311771945493793,51.355250398506],[-0.31176368254748,51.3554750935716],[-0.312122539415101,51.3554802615922],[-0.312481396377776,51.3554854285149],[-0.312473136335615,51.3557101236985],[-0.312464876198393,51.3559348188715],[-0.31282373625538,51.3559399848251],[-0.312831994892953,51.3557152895877],[-0.31319085354531,51.355720454379],[-0.313199110588213,51.3554957590667],[-0.313557967835937,51.3555009226958],[-0.313549712292666,51.3557256180725],[-0.313908571135002,51.355730780668],[-0.313916825178639,51.355506085227],[-0.314275682616302,51.3555112466604],[-0.314634540148905,51.3555164069958],[-0.314642791098333,51.3552917114156],[-0.315001647226241,51.3552968705889],[-0.31536050344905,51.3553020286643],[-0.315368751304344,51.3550773329448],[-0.315727606122436,51.3550824898581],[-0.316086461035389,51.3550876456735],[-0.316094705796626,51.3548629498148],[-0.316453559304839,51.3548681044681],[-0.316445316043186,51.355092800391],[-0.316437072686698,51.3553174963032],[-0.316428829235373,51.3555421922048],[-0.316069971228349,51.3555370373588],[-0.316061726182543,51.3557617331855],[-0.316053481041877,51.3559864290016],[-0.316045235806349,51.356211124807],[-0.316036990475958,51.3564358206018],[-0.316028745050702,51.3566605163859],[-0.315669879640111,51.3566553601206],[-0.315661632620246,51.3568800558298],[-0.315653385505492,51.3571047515284],[-0.31564513829585,51.3573294472163],[-0.315636890991316,51.3575541428936],[-0.315628643591889,51.3577788385602],[-0.315269770777261,51.3577736808756],[-0.315261521783097,51.3579983764673],[-0.315253272694017,51.3582230720484],[-0.31524502351002,51.3584477676188],[-0.315603900824237,51.3584529254963],[-0.315962778233339,51.3584580822757],[-0.31595453195423,51.358682777964],[-0.316313410958105,51.3586879337097],[-0.316305168776282,51.3589126305164],[-0.316296934501656,51.3591373304797],[-0.315938052015064,51.3591321745182],[-0.315929815943915,51.3593568744151],[-0.315570931868222,51.3593517172992],[-0.315562694000505,51.3595764171297],[-0.315921579769011,51.3595815743018],[-0.31591334349035,51.3598062741782],[-0.316272231055384,51.3598114303078],[-0.316263996365823,51.36003613023],[-0.316255761572523,51.3602608301419],[-0.315896870621751,51.3602556739001],[-0.31588863403181,51.3604803737456],[-0.315880397338105,51.3607050735809],[-0.315872160540634,51.360929773406],[-0.315863923639397,51.3611544732207],[-0.315505026020587,51.361149315656],[-0.315496787322592,51.3613740154044],[-0.315488548520804,51.3615987151425],[-0.315480309615222,51.3618234148704],[-0.315839212313064,51.3618285726034],[-0.31583097499674,51.362053272377],[-0.31582273757664,51.3622779721404],[-0.315463831492666,51.3622728142953],[-0.31545559227569,51.3624975139923],[-0.315096684602353,51.3624923549925],[-0.315088443588456,51.3627170546232],[-0.315447352954911,51.3627222136791],[-0.315806262425105,51.3627273716365],[-0.316165171999016,51.3627325284953],[-0.316524081676622,51.3627376842555],[-0.316882991457901,51.3627428389172],[-0.316874758805903,51.362967538818],[-0.317233670383983,51.3629726924372],[-0.31722543932144,51.3631973923838],[-0.316866526050187,51.3631922387086],[-0.316858293190753,51.3634169385889],[-0.316850060227598,51.3636416384589],[-0.317208976885262,51.3636467922463],[-0.317567893646563,51.3636519449351],[-0.317926810511478,51.3636570965252],[-0.318285730878794,51.3636622477311],[-0.318644666980903,51.3636674011222],[-0.318636442039344,51.3638921011107],[-0.31862821699036,51.3641168010914]]],[[[-0.285280140237243,51.3724014781077],[-0.285271753435132,51.3726261745022],[-0.284912754673457,51.372620919501],[-0.284904366008161,51.3728456158368],[-0.28454536481546,51.3728403609252],[-0.284536974260855,51.3730650572205],[-0.284177971389539,51.37305980119],[-0.283818968627105,51.3730545440608],[-0.283827362705316,51.3728298478866],[-0.283468361813587,51.3728245897193],[-0.28347675754459,51.3725998935952],[-0.283485153166589,51.3723751974606],[-0.283493548679583,51.3721505013155],[-0.283134553182036,51.3721452422312],[-0.283142950347736,51.3719205461362],[-0.283151347404412,51.3716958500307],[-0.283510339378568,51.3717011089939],[-0.283518734564563,51.3714764128173],[-0.283877724885971,51.3714816706213],[-0.283886118201328,51.3712569743736],[-0.284245106869985,51.3712622310183],[-0.28423671531627,51.3714869273265],[-0.284595705855438,51.3714921829331],[-0.284587315954439,51.3717168792914],[-0.28457892594451,51.3719415756391],[-0.284937920017878,51.3719468304341],[-0.284929531678314,51.3721715267997],[-0.284921143230175,51.3723962231553],[-0.285280140237243,51.3724014781077]]],[[[-0.277247392657249,51.3758807638886],[-0.276888369068274,51.3758754851126],[-0.276896797823875,51.3756507896316],[-0.276537776099393,51.3756455097962],[-0.276546206602685,51.3754208146228],[-0.27655463712049,51.3751961197773],[-0.276913655319412,51.3752013994884],[-0.27690522656362,51.3754260943947],[-0.277264246633912,51.3754313730677],[-0.277255819657402,51.3756560683673],[-0.277247392657249,51.3758807638886]]],[[[-0.253577081616714,51.4220674415232],[-0.253936465315592,51.4220727974599],[-0.253945035593835,51.4218481140498],[-0.254304417653044,51.4218534688464],[-0.254295849124842,51.4220781522948],[-0.254655233044442,51.4220835060281],[-0.254646666155948,51.4223081895053],[-0.254638099157116,51.4225328729731],[-0.254278711737361,51.4225275191632],[-0.254270142878077,51.4227522025833],[-0.253910753818566,51.4227468476335],[-0.253919324427959,51.4225221642517],[-0.253559937228934,51.4225168082385],[-0.253568509478027,51.4222921248856],[-0.253577081616714,51.4220674415232]]],[[[-0.314474051319582,51.3696775898262],[-0.314833015499934,51.36968275165],[-0.314841251234624,51.369458051113],[-0.31520021363354,51.3694632117904],[-0.315559176145438,51.3694683713685],[-0.315550944199644,51.3696930719999],[-0.31590990871895,51.3696982305259],[-0.316268873351192,51.3697033879528],[-0.316260645081279,51.3699280886687],[-0.316619611720909,51.3699332450434],[-0.316978578473427,51.3699384003189],[-0.317337545338807,51.3699435544952],[-0.317696512317026,51.3699487075721],[-0.317688291512112,51.3701734084669],[-0.318047260497654,51.3701785604918],[-0.318055479408059,51.3699538595498],[-0.318414456373002,51.3699590119047],[-0.318406238850943,51.3701837128125],[-0.318398021223876,51.370408413712],[-0.318389803491798,51.3706331146033],[-0.318381585654709,51.3708578154863],[-0.318373367712606,51.3710825163612],[-0.318365149665487,51.3713072172277],[-0.318006164252025,51.3713020650535],[-0.317997944664165,51.3715267659363],[-0.31798972496339,51.3717514668092],[-0.317981505149696,51.3719761676723],[-0.317973285223082,51.3722008685255],[-0.318332276426823,51.3722060206115],[-0.3183240578546,51.3724307214369],[-0.318683062337226,51.3724358741021],[-0.318674845383336,51.3726605749312],[-0.318666628324441,51.372885275752],[-0.318307620395074,51.3728801230629],[-0.318299401507767,51.3731048238635],[-0.318291182515429,51.3733295246559],[-0.318282963418057,51.37355422544],[-0.31827474421565,51.3737789262159],[-0.317915742574867,51.373773774222],[-0.317907521744824,51.3739984749963],[-0.317899300801845,51.3742231757608],[-0.317891079745927,51.3744478765154],[-0.317532074760131,51.3744427235946],[-0.317523851696281,51.3746674242922],[-0.317515628519463,51.37489212498],[-0.31715661985652,51.3748869708654],[-0.317148394671697,51.3751116714961],[-0.3167893842266,51.3751065162348],[-0.316430373894412,51.3751013598741],[-0.316071363675156,51.3750962024139],[-0.316079594545076,51.3748715019247],[-0.315720586333805,51.3748663434123],[-0.315361578235515,51.3748611838004],[-0.315369812782378,51.3746364833958],[-0.315728818985665,51.3746416429604],[-0.315737051524438,51.3744169424988],[-0.316096055945723,51.3744221009168],[-0.316104286476454,51.3741974003981],[-0.316463289115732,51.3742025576695],[-0.316471517638469,51.3739778570937],[-0.316112516894126,51.3739726998695],[-0.31612074719874,51.373747999331],[-0.315761748462252,51.3737428410546],[-0.315753516262729,51.3739675415458],[-0.315394515744305,51.3739623821228],[-0.315386281536771,51.374187082557],[-0.315027279236415,51.3741819219873],[-0.315035515338879,51.3739572216003],[-0.314676515046474,51.3739520599785],[-0.314317514867114,51.3739468972572],[-0.314325754646251,51.3737221969548],[-0.314333994312213,51.3734974966426],[-0.313974998035698,51.3734923329164],[-0.313983239483337,51.3732676326416],[-0.314342233865,51.3732727963205],[-0.314350473304617,51.3730480959886],[-0.314709465904517,51.3730532585209],[-0.314717703336159,51.3728285581319],[-0.314725940654657,51.372603857733],[-0.314734177860013,51.3723791573242],[-0.31474241495223,51.3721544569056],[-0.315101400086086,51.3721596181497],[-0.315109635170454,51.371934917674],[-0.315117870141711,51.3717102171884],[-0.315476851599172,51.3717153772387],[-0.315485084562654,51.371490676696],[-0.315493317413051,51.3712659761435],[-0.315852295194182,51.371271135],[-0.315860526036879,51.3710464343905],[-0.316219502036338,51.3710515921005],[-0.316227730871383,51.3708268914338],[-0.316235959593397,51.3706021907573],[-0.315876987383107,51.3705970331417],[-0.315885217886641,51.3703723325026],[-0.31552624768384,51.3703671738349],[-0.315167277594004,51.3703620140679],[-0.315175511773531,51.3701373135133],[-0.314816543691204,51.3701321526943],[-0.31445757572189,51.370126990776],[-0.314465813577307,51.369902290306],[-0.314474051319582,51.3696775898262]]],[[[-0.254638099157116,51.4225328729731],[-0.254997486687202,51.4225382256812],[-0.255356874327596,51.4225435772877],[-0.255716262078276,51.4225489277925],[-0.255707700219449,51.4227736113656],[-0.255699138250349,51.4229982949292],[-0.256058529611552,51.4230036444088],[-0.256049969282341,51.4232283280013],[-0.256041408842874,51.4234530115843],[-0.256032848293151,51.4236776951578],[-0.256392245015165,51.4236830436504],[-0.256383686105417,51.4239077272528],[-0.256375127085431,51.4241324108457],[-0.256366567955205,51.4243570944292],[-0.256007165982421,51.4243517458219],[-0.255647764119892,51.4243463961129],[-0.255288362367642,51.4243410453021],[-0.2552969267487,51.4241163618334],[-0.25530549101945,51.4238916783551],[-0.254946092878025,51.4238863265191],[-0.254937526857023,51.4241110099591],[-0.254578127075669,51.4241056569831],[-0.25458669484692,51.4238809735814],[-0.254595262507819,51.4236562901703],[-0.254235866337281,51.4236509361691],[-0.254244435638033,51.4234262527868],[-0.254253004828415,51.4232015693951],[-0.254261573908429,51.4229768859939],[-0.25462096482843,51.4229822398803],[-0.254629532047943,51.4227575564314],[-0.254638099157116,51.4225328729731]]],[[[-0.247393664134592,51.4051140987084],[-0.247385077445499,51.4053387881366],[-0.247376490643366,51.4055634775537],[-0.247017237454189,51.4055581026106],[-0.246657984378014,51.4055527265681],[-0.246666574774722,51.4053280372996],[-0.246675165058345,51.4051033480199],[-0.247034414539969,51.4051087239138],[-0.247393664134592,51.4051140987084]]],[[[-0.25474908490356,51.4290540701098],[-0.254740518811039,51.4292787550569],[-0.254731952611195,51.4295034399966],[-0.254723386304024,51.4297281249291],[-0.255082828817795,51.4297334769585],[-0.255091393438057,51.4295087920326],[-0.255450834372203,51.4295141429645],[-0.25581027541361,51.4295194927923],[-0.255801714167172,51.429744177705],[-0.255442271438852,51.4297388278838],[-0.255433708398217,51.4299635127958],[-0.255074264090228,51.4299581618771],[-0.254714819889526,51.4299528098543],[-0.254355375796132,51.4299474567274],[-0.25436394389756,51.4297227717956],[-0.254372511891637,51.4294980868566],[-0.254381079778367,51.4292734019102],[-0.25438964755775,51.4290487169565],[-0.25474908490356,51.4290540701098]]],[[[-0.263306054161303,51.4215376118931],[-0.263314578608486,51.4213129274624],[-0.263673958279261,51.4213182535019],[-0.26368248086666,51.4210935690237],[-0.263323102945884,51.4210882430223],[-0.262963725134885,51.4210829159192],[-0.262972251112475,51.4208582315078],[-0.262980776980261,51.4206335470868],[-0.262989302738245,51.4204088626565],[-0.263348675299387,51.4204141896453],[-0.263340151291333,51.4206388741138],[-0.263699525712177,51.4206442000391],[-0.26405890024277,51.4206495248628],[-0.26441827488309,51.420654848585],[-0.264777649633113,51.4206601712054],[-0.26476913251511,51.4208848558166],[-0.264760615287415,51.4211095404183],[-0.264401237037447,51.4211042177217],[-0.264392717950054,51.421328902276],[-0.264384198752944,51.4215535868208],[-0.264024817112655,51.4215482629465],[-0.264016296055777,51.4217729474439],[-0.263656912775175,51.42176762243],[-0.263297529604332,51.4217622963144],[-0.263306054161303,51.4215376118931]]],[[[-0.305128163008777,51.4185530919532],[-0.305487528915177,51.4185582904428],[-0.305495844497301,51.4183336011728],[-0.305855208668566,51.4183387985186],[-0.306214572951385,51.4183439947631],[-0.306206261062696,51.4185686841179],[-0.306197949062459,51.4187933734629],[-0.305838581086179,51.4187881771337],[-0.305830267127628,51.4190128664268],[-0.305821953057502,51.4192375557103],[-0.305462581499229,51.4192323581949],[-0.305103210052544,51.4192271595783],[-0.305111527816242,51.4190024703795],[-0.305119845468319,51.4187777811712],[-0.305128163008777,51.4185530919532]]],[[[-0.308990400791788,51.3722964271522],[-0.309349386008893,51.3723016060331],[-0.309341120382395,51.3725263057324],[-0.308982133270562,51.3725211268042],[-0.308973865635811,51.3727458264462],[-0.308614876742659,51.3727406463713],[-0.308255887962964,51.372735465197],[-0.308264159387213,51.3725107656497],[-0.308272430697887,51.3722860660925],[-0.308280701894989,51.3720613665255],[-0.308639684990514,51.3720665475577],[-0.30899866819949,51.3720717274905],[-0.308990400791788,51.3722964271522]]],[[[-0.311255269052715,51.3986328901597],[-0.311247007023358,51.3988575910289],[-0.310887798197251,51.3988524137615],[-0.310879534226012,51.3990771145414],[-0.310520323678907,51.399071936097],[-0.310528589481544,51.3988472353951],[-0.31053685517365,51.3986225346819],[-0.310896062057984,51.3986277129703],[-0.310904325808211,51.3984030121678],[-0.310912589447935,51.3981783113541],[-0.311271792779985,51.3981834883875],[-0.311630996222404,51.3981886643219],[-0.31162273624534,51.3984133652917],[-0.311614476157819,51.3986380662501],[-0.311255269052715,51.3986328901597]]]]}}