{"type":"Feature","properties":{"code":"E63004104","name":"Colchester"},"geometry":{"type":"MultiPolygon","coordinates":[[[[0.827776927209409,51.8924800662945],[0.827791043182005,51.8927045631897],[0.827805159341065,51.8929290600719],[0.827819275686593,51.8931535569413],[0.827456420364912,51.8931622832428],[0.827093564856758,51.893171008428],[0.827079452181881,51.8929465113783],[0.827442305854708,51.8929377862832],[0.827428191530947,51.8927132893108],[0.827065339693424,51.8927220143158],[0.82670248766946,51.8927307382045],[0.82671659832261,51.8929552353572],[0.826353744276919,51.8929639582199],[0.826367853281132,51.8931884554499],[0.826381962471721,51.8934129526669],[0.82639607184869,51.8936374498711],[0.82641018141204,51.8938619470624],[0.826424291161775,51.8940864442409],[0.826787154384372,51.8940777209275],[0.82715001742053,51.8940689964979],[0.82751288027023,51.894060270952],[0.827498765014218,51.893835774044],[0.827861625842013,51.8938270474721],[0.828224486483304,51.8938183197839],[0.828210367742963,51.8935938230434],[0.828573226362335,51.8935850943292],[0.828559105973131,51.8933605976659],[0.828921962570592,51.8933518679256],[0.829284818981483,51.8933431370692],[0.829298943041407,51.893567633552],[0.829313067287905,51.893792130022],[0.828950207206273,51.8938008610589],[0.82896432980394,51.8940253576062],[0.828978452588161,51.8942498541406],[0.829341316340628,51.8942411229233],[0.829704179906487,51.8942323905898],[0.830067043285715,51.8942236571401],[0.830052914995215,51.8939991608763],[0.830415776352368,51.8939904264005],[0.830401646413098,51.8937659302141],[0.830387516660474,51.8935414340147],[0.83075037416019,51.8935326986032],[0.830736242758865,51.8933082024812],[0.830373387094494,51.8933169378025],[0.830359257715155,51.8930924415774],[0.829996403699443,51.8931011756922],[0.829633549497093,51.8931099086909],[0.829270695108127,51.8931186405734],[0.829256571421337,51.8928941440647],[0.829242447921109,51.8926696475432],[0.828879597016151,51.8926783781291],[0.828516745924632,51.8926871075988],[0.828502626281492,51.892462610884],[0.828139776838706,51.8924713391474],[0.827776927209409,51.8924800662945]]],[[[0.829242447921109,51.8926696475432],[0.829605298639483,51.8926609158411],[0.829968149171248,51.8926521830229],[0.829982276342041,51.892876679364],[0.830345128522452,51.8928679453393],[0.830707980516203,51.8928592101985],[0.831070832323271,51.8928504739415],[0.831084965186565,51.893074969999],[0.831447818642217,51.8930662325355],[0.831461953527512,51.89329072849],[0.831824806258191,51.8932819897067],[0.83218765675938,51.8932732497125],[0.832201795353692,51.8934977453952],[0.83256464751721,51.8934890041536],[0.832927499492749,51.8934802617992],[0.832941641975595,51.8937047571962],[0.833304495613429,51.8936960135944],[0.833667349063233,51.8936872688798],[0.834030202324981,51.8936785230525],[0.834044350546763,51.8939030180289],[0.834407205470747,51.8938942709541],[0.834770060206622,51.8938855227666],[0.835132914754368,51.8938767734663],[0.835147068715202,51.8941012680221],[0.835509924925121,51.8940925174743],[0.835872780946857,51.8940837658138],[0.835886938796519,51.8943082600837],[0.836249796480392,51.8942995071756],[0.836612653976033,51.8942907531548],[0.836626815714607,51.8945152471388],[0.83698967487235,51.8945064918704],[0.837352533841809,51.8944977354893],[0.837366699469381,51.8947222291872],[0.837729560100909,51.8947134715585],[0.838092420544101,51.8947047128171],[0.838455280798934,51.8946959529629],[0.838469452165984,51.8949204462399],[0.838832314082825,51.8949116851381],[0.839195175811252,51.8949029229235],[0.83920935106749,51.8951274159145],[0.839572214457892,51.8951186524523],[0.839935077659829,51.8951098878773],[0.83994925680534,51.8953343805821],[0.840312121669217,51.8953256147595],[0.840674986344578,51.8953168478241],[0.840689169379447,51.8955413402427],[0.841052035716715,51.8955325720596],[0.841414901865415,51.8955238027638],[0.841429088789729,51.8957482948962],[0.841791956600301,51.8957395243526],[0.841806145563662,51.8959640163337],[0.842169015036097,51.8959552445425],[0.842531884319889,51.8959464716384],[0.84289475341501,51.8959376976216],[0.842908948118467,51.8961621891814],[0.843271818875391,51.8961534139168],[0.843634689443593,51.8961446375395],[0.843648888036754,51.896369128813],[0.844011760266724,51.8963603511878],[0.844374632307922,51.8963515724499],[0.844737504160324,51.8963427925992],[0.845100375823904,51.8963340116357],[0.845086169828707,51.8961095209022],[0.845449039452941,51.8961007389609],[0.845811908888309,51.8960919559069],[0.846174778134787,51.8960831717401],[0.846160566776975,51.8958586813953],[0.84614635560804,51.895634191034],[0.846509220964693,51.8956254060246],[0.846872086132414,51.8956166199023],[0.846857871451515,51.8953921297948],[0.847220734579867,51.8953833426949],[0.847206518237496,51.895158852706],[0.847569379326485,51.8951500646284],[0.847555161322689,51.8949255747581],[0.847540943507851,51.8947010848715],[0.847903800707149,51.8946922959513],[0.848266657717433,51.8946835059184],[0.848252436390932,51.8944590162855],[0.847889581230956,51.8944678061833],[0.847875361943736,51.8942433163988],[0.847861142845488,51.894018826598],[0.84784692393621,51.8937943367807],[0.848209773545406,51.8937855472882],[0.848195552974881,51.8935610575896],[0.848181332593341,51.8933365678745],[0.848167112400784,51.8931120781431],[0.848529957530778,51.8931032866026],[0.848515735639634,51.892878797034],[0.84887857948235,51.8928700037239],[0.848864355988638,51.8926455142184],[0.848850132678962,51.8924210247012],[0.849212972764467,51.8924122304233],[0.849575812665879,51.892403435028],[0.849590039548665,51.8926279243957],[0.849952881052512,51.8926191278083],[0.849967109905952,51.8928436170895],[0.850329953012227,51.89283481931],[0.850692795934335,51.8928260204131],[0.850707028545065,51.8930505095331],[0.851069873069568,51.8930417094441],[0.851084107651067,51.8932661984776],[0.851446953777958,51.8932573971964],[0.851461190330272,51.8934818861433],[0.851824038059546,51.89347308367],[0.851838276582721,51.8936975725305],[0.852201125914371,51.8936887688649],[0.852215366408453,51.8939132576388],[0.852578217342475,51.893904452781],[0.852563975061725,51.8936799640819],[0.852926824024759,51.8936711581815],[0.852912580141653,51.8934466695455],[0.852898336442852,51.8932221808979],[0.853261181648291,51.8932133740298],[0.853246936347199,51.8929888854453],[0.853609779581691,51.8929800775348],[0.853595532678354,51.8927555890134],[0.85358128595936,51.8925311004804],[0.853944125436372,51.8925222916022],[0.8539298771152,51.8922978031323],[0.853567039424703,51.8923066119356],[0.853204201549835,51.8923154196216],[0.853189960083065,51.8920909291001],[0.852827123437374,51.8920997358181],[0.85281289095028,51.8918752409191],[0.852450055976492,51.8918840463906],[0.852087220812517,51.8918928507494],[0.852072992239841,51.8916683555666],[0.851710158747803,51.891677158679],[0.851347325065632,51.8916859606787],[0.850984491193348,51.8916947615656],[0.850970268397087,51.8914702659653],[0.850956045790927,51.8912457703488],[0.851318875939068,51.8912369697293],[0.851681705897103,51.891228167997],[0.851695932227379,51.8914526633462],[0.852058763857341,51.8914438603675],[0.852421595297143,51.8914350562762],[0.852435825541718,51.8916595513416],[0.852798658653411,51.8916507460038],[0.853161491574897,51.8916419395533],[0.853147257606185,51.8914174447554],[0.853510088475374,51.891408637326],[0.85387291915431,51.8913998287839],[0.853858681651765,51.8911753342372],[0.85422151027839,51.8911665247162],[0.854584338714717,51.8911577140825],[0.854598579941323,51.8913822083616],[0.854961410049352,51.8913733964814],[0.854975653328349,51.8915978906104],[0.855338485108075,51.8915890774838],[0.855352730439511,51.8918135714627],[0.855715563890925,51.8918047570895],[0.856078397151935,51.8917959416036],[0.856064148096366,51.8915714478924],[0.856426979304885,51.8915626314277],[0.856789810322951,51.8915538138503],[0.857152641150542,51.8915449951602],[0.857138386699311,51.8913205018341],[0.857124132438589,51.8910960084917],[0.856761305335036,51.8911048269141],[0.8567470531268,51.8908803334215],[0.857109878368371,51.8908715151329],[0.857095624488654,51.8906470217578],[0.85745844767778,51.8906382024905],[0.857821270676395,51.8906293821105],[0.857807013263317,51.8904048889867],[0.858169834209472,51.890396067628],[0.858532654965071,51.8903872451566],[0.858895475530089,51.8903784215725],[0.858881212721862,51.8901539288341],[0.858866950104246,51.8899294360793],[0.859229766754903,51.8899206116504],[0.859244031234385,51.8901451042713],[0.859258295904504,51.8903695968759],[0.859621116088289,51.8903607710667],[0.85998393608142,51.8903519441448],[0.859969667687532,51.890127451808],[0.860332485628104,51.8901186239074],[0.860695303377979,51.8901097948943],[0.86105812093713,51.8901009647685],[0.861043847148363,51.8898764728171],[0.86140666265492,51.8898676417127],[0.86176947797071,51.8898588094957],[0.861783755483168,51.8900833011791],[0.861798033186428,51.8903077928462],[0.862160852035129,51.8902989592487],[0.862523670693007,51.8902901245385],[0.862537952310846,51.8905146159213],[0.862552234119545,51.8907391072878],[0.862566516119104,51.8909635986378],[0.862929340171851,51.8909547624132],[0.862943624224227,51.8911792536129],[0.862957908467496,51.8914037447963],[0.86297219290166,51.8916282359633],[0.862986477526722,51.8918527271139],[0.863000762342686,51.8920772182482],[0.863363595514542,51.8920683802409],[0.863377887047657,51.8922928685898],[0.863740721537823,51.8922840295441],[0.863755018278678,51.8925085159775],[0.864117854370272,51.8924996757394],[0.864480690276816,51.8924908343839],[0.864466389963065,51.8922663481008],[0.864452093884475,51.8920418595431],[0.864814926292493,51.8920330170852],[0.864800632166332,51.891808526621],[0.864786338231191,51.8915840361404],[0.86477204448707,51.8913595456434],[0.865134871578085,51.8913507023236],[0.865497698971632,51.8913418577282],[0.865860526173729,51.8913330120196],[0.866223353184351,51.8913241651979],[0.866586180003472,51.8913153172631],[0.866600483117527,51.8915398071076],[0.866614786423113,51.8917642969362],[0.866629089920233,51.8919887867489],[0.866643395289303,51.892213275623],[0.866657706290033,51.8924377614941],[0.867020541857338,51.8924289120386],[0.867034854813627,51.8926533978344],[0.867049167953945,51.8928778836193],[0.867412006880323,51.8928690329167],[0.867774845622613,51.892860181096],[0.868137684180793,51.8928513281572],[0.868152002819933,51.8930758137377],[0.868514842965571,51.8930669596162],[0.868877682927049,51.8930581043765],[0.869240522704345,51.8930492480187],[0.869254846842422,51.8932737333948],[0.869617688207116,51.8932648758543],[0.869980529387581,51.8932560171955],[0.8699662017063,51.8930315319485],[0.869951874209239,51.8928070466905],[0.870314711662277,51.8927981870428],[0.87030038257788,51.8925737018385],[0.870663218075099,51.8925648411371],[0.870677548931043,51.8927893262768],[0.871040386015516,51.8927804643928],[0.871054718827291,51.8930049494571],[0.871069051823355,51.8932294345104],[0.871431892266665,51.8932205713791],[0.871417557499012,51.8929960863903],[0.871780395986391,51.8929872222053],[0.871794732525629,51.8932117071296],[0.871809069249206,51.8934361920429],[0.871823406157125,51.8936606769454],[0.871837743249388,51.8938851618369],[0.872200588638867,51.8938762962755],[0.872186249774953,51.8936518114485],[0.872549093208382,51.8936429448334],[0.872911936457391,51.8936340771002],[0.873274779521954,51.8936252082488],[0.873289123700804,51.893849692882],[0.873651968352541,51.8938408228477],[0.874014812819782,51.8938319516954],[0.874000465097659,51.8936074671915],[0.87398611756002,51.8933829826767],[0.87397177020686,51.8931584981511],[0.87433460917476,51.8931496260745],[0.874320260234515,51.8929251416026],[0.874305911478769,51.8927006571198],[0.874291562907515,51.8924761726262],[0.874277214520754,51.8922516881216],[0.874262869353533,51.8920272020705],[0.874625699421093,51.8920183291365],[0.874611354659062,51.8917938421448],[0.874974182667615,51.8917849682254],[0.875337010484073,51.8917760931928],[0.875322662180294,51.8915516064405],[0.875308314068625,51.8913271196722],[0.875293966149066,51.8911026328882],[0.875279618421611,51.8908781460882],[0.875642438578484,51.890869270453],[0.876005258543228,51.8908603937047],[0.876368078315817,51.8908515158434],[0.876382431643753,51.8910760022604],[0.876745253090984,51.8910671231583],[0.877108074346008,51.8910582429431],[0.877470895408801,51.8910493616149],[0.877833716279338,51.8910404791735],[0.878196536957596,51.8910315956191],[0.87855935744355,51.8910227109516],[0.878922177737175,51.8910138251711],[0.879284997838447,51.8910049382774],[0.879647817747343,51.8909960502707],[0.880010637463836,51.8909871611509],[0.880373456987903,51.8909782709181],[0.880736276319521,51.8909693795722],[0.881099095458663,51.8909604871132],[0.881461914405307,51.8909515935412],[0.881824732694638,51.8909426993307],[0.881810351429209,51.8907182147637],[0.8821731673438,51.8907093198903],[0.882535983070631,51.8907004238989],[0.882898798609682,51.8906915267896],[0.882913185293655,51.8909160111584],[0.883276002451076,51.890907112865],[0.883638819420665,51.8908982134537],[0.8840016362024,51.8908893129245],[0.884364452796256,51.8908804112773],[0.884350058887602,51.8906559271732],[0.884335665166835,51.8904314430581],[0.884698477960488,51.8904225404253],[0.884684082621493,51.8901980563654],[0.884321271633954,51.890206958932],[0.883958460458525,51.8902158603806],[0.883595649095226,51.8902247607114],[0.883581259362421,51.890000276442],[0.883218449617378,51.8900091755887],[0.883204061878484,51.8897846912421],[0.882841253751705,51.8897935892048],[0.882478445437134,51.8898024860495],[0.882115636934793,51.8898113817764],[0.881752828244709,51.8898202763853],[0.881390019014805,51.8898291702366],[0.881375640514209,51.889604685528],[0.881361262206107,51.8893802008035],[0.881724067778741,51.8893713071302],[0.882086872856714,51.8893624126534],[0.882449677746948,51.8893535170588],[0.88281248244942,51.8893446203463],[0.883175286964108,51.8893357225159],[0.883538091290986,51.8893268235676],[0.88352370230949,51.8891023392542],[0.883509313515813,51.8888778549297],[0.883872114042873,51.8888689549958],[0.884234914382086,51.8888600539441],[0.884597714533424,51.8888511517746],[0.884960514496865,51.8888422484871],[0.884974910514448,51.8890667325469],[0.884989306719942,51.8892912165957],[0.884626503144534,51.8893001200155],[0.884640897731926,51.8895246041195],[0.884655292507214,51.8897490882125],[0.885018099694683,51.8897401846603],[0.885380906694219,51.8897312799903],[0.885743713505799,51.8897223742023],[0.885758113887172,51.8899468580857],[0.886120922316827,51.8899379511136],[0.886483730558477,51.8899290430237],[0.886498134739978,51.8901535267636],[0.88686094459967,51.8901446174896],[0.887223754271306,51.8901357070976],[0.887238162253019,51.8903601906941],[0.887600973542664,51.8903512791179],[0.887615383518561,51.8905757626371],[0.887978196426209,51.8905668498769],[0.888341009145724,51.8905579359987],[0.888326595557611,51.890333452612],[0.88831218215764,51.8901089692143],[0.888674991076816,51.8901000543507],[0.889037799807817,51.8900911383692],[0.889400608350622,51.8900822212698],[0.889763416705205,51.8900733030525],[0.890126224871545,51.8900643837174],[0.890489032849618,51.8900554632643],[0.890503457086016,51.8902799462642],[0.890866266681858,51.8902710246269],[0.890880692912624,51.8904955075495],[0.890517881510699,51.8905044292531],[0.89053230612367,51.890728912231],[0.890546730924931,51.8909533951979],[0.890183915722465,51.8909623159162],[0.890198338905862,51.8911867989384],[0.890561155914485,51.8911778781537],[0.890575581092338,51.8914023610986],[0.890938399718831,51.8913934391297],[0.890952826891184,51.8916179219972],[0.890590006458491,51.8916268440324],[0.890227185837482,51.8916357649497],[0.889864365028184,51.8916446847491],[0.889849943274443,51.8914202016826],[0.889835521708955,51.8911957186051],[0.889821100331718,51.8909712355167],[0.889458284752715,51.8909801539991],[0.889095468985477,51.8909890713637],[0.889109886750383,51.8912135545848],[0.888747068988766,51.8912224708977],[0.888761485135682,51.891446954174],[0.888398665379678,51.8914558694352],[0.888413079908558,51.8916803527669],[0.88805025815816,51.8916892669764],[0.887687436219612,51.891698180068],[0.887701847324158,51.8919226635211],[0.887716258616823,51.8921471469632],[0.887730671871606,51.8923716300441],[0.887367844476172,51.8923805421471],[0.88738225629499,51.8926050252098],[0.887396668295824,51.892829508266],[0.887411080478677,51.8930539913156],[0.887425492843552,51.8932784743586],[0.88743990539045,51.893502957395],[0.887077069163938,51.8935118684287],[0.887091480162986,51.8937363514691],[0.887105891344044,51.893960834503],[0.887120302707112,51.8941853175302],[0.887134714252195,51.8944098005509],[0.887149125979296,51.894634283565],[0.887163537888417,51.8948587665725],[0.886800691100256,51.8948676765474],[0.886815101461384,51.895092159559],[0.886452252761181,51.895101068422],[0.886089403878974,51.8951099761624],[0.886103810962019,51.8953344591886],[0.885740960167785,51.8953433658171],[0.88575536570272,51.8955678488473],[0.885769771419597,51.8957923318708],[0.885406916983229,51.895801237398],[0.885421321151932,51.8960257204256],[0.885784177318419,51.8960168148878],[0.886147033302937,51.8960079082275],[0.886509889105462,51.8959990004446],[0.88652429864651,51.8962234834338],[0.886538708369555,51.8964479664165],[0.886901567450354,51.8964390574898],[0.886887155997154,51.8962145745178],[0.887250013165757,51.8962056644792],[0.887264426349111,51.8964301474406],[0.887627285065801,51.8964212362688],[0.887990143600404,51.8964123239744],[0.888353001952895,51.8964034105574],[0.888715860123253,51.8963944960179],[0.888730280409326,51.8966189789301],[0.889093140127689,51.8966100632573],[0.889455999663872,51.8966011464619],[0.889818859017852,51.896592228544],[0.890181718189607,51.8965833095034],[0.890544577179115,51.8965743893403],[0.890559006298209,51.8967988721926],[0.890921866835614,51.8967899508961],[0.890907435986352,51.8965654680546],[0.891270294611298,51.8965565456463],[0.891284727190723,51.8967810284771],[0.891299159952451,51.8970055113014],[0.890936297867155,51.8970144337311],[0.890950729080978,51.8972389165594],[0.890965160477086,51.8974633993812],[0.890979592055482,51.8976878821964],[0.891342459331475,51.8976789597345],[0.891328026022824,51.89745447693],[0.891313592896483,51.897229994119],[0.891676456529665,51.8972210705559],[0.891662021855426,51.896996587749],[0.892024883576058,51.8969876630741],[0.892010447353967,51.8967631802713],[0.892373307162056,51.8967542544846],[0.892387745114325,51.8969787372766],[0.892402183248967,51.897203220062],[0.892765046335043,51.8971942931311],[0.892779486382281,51.8974187758992],[0.892793926611922,51.8976432586607],[0.892431060065383,51.8976521856131],[0.892445498747163,51.8978766683787],[0.892459937611329,51.8981011511378],[0.892822807618421,51.8980922241639],[0.893185677443086,51.8980832960674],[0.893200119950258,51.8983077787983],[0.892837248395286,51.8983167069056],[0.892474376657884,51.8983256338903],[0.892111504738077,51.8983345597523],[0.892125942236686,51.898559042509],[0.892140379917668,51.898783525259],[0.892154817781027,51.8990080080025],[0.892169255826763,51.8992324907393],[0.892183694054881,51.8994569734696],[0.891820813300765,51.8994658982627],[0.891806376803076,51.8992414155216],[0.891443497597015,51.8992503391812],[0.891080618208602,51.8992592617182],[0.891095051245421,51.8994837444806],[0.890732169944238,51.8994926659055],[0.89074660143291,51.8997171486721],[0.891109484464555,51.8997082272365],[0.891472367313864,51.8996993046782],[0.891486802445801,51.8999237874167],[0.89184968684323,51.8999148637249],[0.892212571058276,51.8999059389104],[0.892575455090915,51.8998970129732],[0.892589895596693,51.900121495673],[0.892227009833558,51.900130421621],[0.891864123888013,51.9001393464462],[0.891878561115169,51.9003638291609],[0.891515673256714,51.9003727528741],[0.891152785215891,51.9003816754646],[0.890789896992722,51.9003905969324],[0.890804329524986,51.900615080816],[0.890441439434093,51.900624001251],[0.890078549163915,51.9006329205626],[0.889715658714473,51.9006418387509],[0.889730086611278,51.9008663235936],[0.889367194289945,51.9008752406621],[0.889004301789388,51.9008841566072],[0.888641409109632,51.900893071429],[0.888278516250693,51.9009019851274],[0.888292937556017,51.901126469978],[0.887930042825238,51.9011353825566],[0.887567147915319,51.9011442940118],[0.887581566014365,51.9013687788634],[0.887595984292507,51.9015932637089],[0.887958882587867,51.9015843522468],[0.888321780704081,51.9015754396613],[0.888684678641128,51.9015665259525],[0.888699102176623,51.9017910107816],[0.888713525891287,51.9020154956047],[0.88835062456872,51.9020244093205],[0.888336202546826,51.9017999244939],[0.887973302737862,51.9018088370829],[0.887610402749748,51.9018177485484],[0.887247502582508,51.9018266588906],[0.887261919526071,51.9020511437276],[0.886899017486944,51.9020600529498],[0.886913432916786,51.9022845377842],[0.886550529005764,51.9022934458865],[0.88656494292184,51.9025179307183],[0.886927848525691,51.9025090226126],[0.886942264313664,51.9027335074349],[0.886956680280706,51.9029579922512],[0.887319589091188,51.9029490830152],[0.887682497722548,51.9029401726558],[0.88769691725445,51.9031646574593],[0.888059827399557,51.903155745973],[0.888045406174768,51.902931261173],[0.888408314447824,51.9029223485667],[0.888771222541695,51.9029134348371],[0.888756798110323,51.902688950038],[0.88911970433213,51.9026800351884],[0.889482610374711,51.9026711192154],[0.889497038191793,51.9028956040075],[0.889134130456358,51.902904519984],[0.889148556759794,51.9031290047735],[0.88878564715225,51.9031379196301],[0.888422737365498,51.9031468333633],[0.888437160462338,51.9033713181538],[0.888074248803489,51.903380230767],[0.888088670386568,51.9036047155549],[0.888103092148795,51.9038292003368],[0.887740176924889,51.9038381118335],[0.887725756855617,51.9036136270481],[0.887362843145515,51.9036225374178],[0.887377261521829,51.9038470222067],[0.887014345939636,51.9038559314564],[0.886651430178334,51.9038648395827],[0.886637015187945,51.903640354787],[0.886274100940522,51.9036492617864],[0.886259687822138,51.9034247769812],[0.886245274882788,51.9032002921701],[0.886230862122471,51.9029758073529],[0.886216449541181,51.9027513225298],[0.886202037138917,51.9025268377006],[0.886187624915675,51.9023023528654],[0.885824720646541,51.9023112587209],[0.885461816198382,51.902320163453],[0.885098911571222,51.9023290670617],[0.885084504605451,51.9021045822102],[0.884721601492134,51.9021134846922],[0.884358698199861,51.9021223860507],[0.883995794728655,51.9021312862858],[0.883632891078538,51.9021401853976],[0.883647291272998,51.9023646702625],[0.883284385751155,51.9023735682542],[0.882921480050441,51.9023824651225],[0.882558574170877,51.9023913608674],[0.882195668112485,51.9024002554889],[0.881832761875288,51.902409148987],[0.88146985423781,51.902418042784],[0.881106944790684,51.9024269373565],[0.881121333406137,51.9026514221235],[0.880758422071212,51.9026603155886],[0.880395510556375,51.9026692079313],[0.880032598861647,51.9026780991515],[0.880018215369806,51.902453614339],[0.879655305203089,51.9024625044215],[0.879292394856528,51.9024713933817],[0.878929484330148,51.9024802812194],[0.878566573623968,51.9024891679346],[0.878203662738011,51.9024980535273],[0.8778407516723,51.9025069379976],[0.877477840426856,51.9025158213455],[0.877463469069892,51.90229133642],[0.877100559352614,51.9023002186303],[0.87673764945565,51.9023090997181],[0.876374739379022,51.9023179796835],[0.876360373325296,51.9020934947058],[0.87599746477689,51.9021023735336],[0.875634556048868,51.902111251239],[0.87527164714125,51.902120127822],[0.87490873805406,51.9021290032825],[0.874545828787321,51.9021378776206],[0.874560186301702,51.9023623626735],[0.874197275147556,51.9023712359042],[0.874211631133524,51.9025957209652],[0.873848718091964,51.9026045930884],[0.873863072549475,51.9028290781574],[0.873877427186437,51.9030535632196],[0.873514510549506,51.9030624342503],[0.873500157620495,51.9028379491732],[0.873137242512043,51.9028468190665],[0.872774327224143,51.9028556878373],[0.872788676737239,51.9030801729444],[0.872803026429722,51.9033046580445],[0.872817376301593,51.9035291431377],[0.873180296713435,51.9035202743219],[0.873543216945818,51.9035114043837],[0.873906136998721,51.9035025333229],[0.873920492174051,51.9037270183642],[0.873934847528842,51.9039515033984],[0.873949203063098,51.9041759884258],[0.874312128060615,51.9041671161974],[0.874326485482424,51.9043916012028],[0.874340843083726,51.9046160862012],[0.874355200864525,51.9048405711926],[0.874369558824824,51.9050650561771],[0.874732490475263,51.9050561827661],[0.874746850323237,51.9052806677286],[0.874761210350739,51.9055051526842],[0.874398275283935,51.9055140261252],[0.874412633782752,51.9057385110888],[0.874049696828178,51.9057473834222],[0.874035340037579,51.9055228984436],[0.874020983426467,51.905298413458],[0.874006626994838,51.9050739284655],[0.873643694985328,51.9050827996313],[0.873629340441334,51.9048583146168],[0.873266409960479,51.9048671846451],[0.873280762796315,51.9050916696746],[0.872917830427822,51.9051005385953],[0.872554897879871,51.9051094063934],[0.872569247478773,51.9053338914459],[0.872206313043197,51.9053427581365],[0.872191965152483,51.905118273069],[0.872177617441137,51.9048937879945],[0.872163269909156,51.9046693029131],[0.871800340418671,51.9046781684362],[0.871437410748799,51.9046870328367],[0.871451754864484,51.904911517948],[0.871466099159487,51.9051360030524],[0.871103165893922,51.9051448663602],[0.87074023244901,51.9051537285455],[0.870754573506938,51.9053782136728],[0.870768914744146,51.9056026987932],[0.870405977703476,51.9056115598857],[0.870043040483495,51.9056204198557],[0.870057378483487,51.905844904999],[0.87007171666272,51.9060693901353],[0.869708775846918,51.9060782490125],[0.869723112497096,51.9063027341567],[0.869737449326501,51.906527219294],[0.869751786335135,51.9067517044243],[0.870114732275906,51.9067428455024],[0.870129071172139,51.9069673306108],[0.870492018641972,51.9069584705513],[0.870506359425851,51.9071829556379],[0.870520700389013,51.9074074407175],[0.870157749502384,51.9074163008069],[0.870172088936401,51.9076407858945],[0.870186428549684,51.9078652709751],[0.870200768342236,51.9080897560488],[0.870215108314063,51.9083142411155],[0.870578066034557,51.9083053809665],[0.870563724354231,51.9080808959147],[0.870926680186881,51.9080720346579],[0.870941023575704,51.9082965196948],[0.871303980937483,51.9082876573004],[0.871318326214143,51.9085121423154],[0.871332671670151,51.9087366273234],[0.871347016170832,51.9089611139931],[0.871361360115897,51.9091856017384],[0.87137570423941,51.90941008948],[0.871738670008912,51.9094012258879],[0.872101635599903,51.9093923611697],[0.872115983296145,51.9096168489621],[0.872478950405739,51.909607983145],[0.872464601012363,51.9093834953253],[0.872450251797505,51.9091590075021],[0.872435902761161,51.9089345196752],[0.872421552930177,51.9087100333142],[0.872784512991288,51.9087011663991],[0.873147472872915,51.9086922983612],[0.873133118874261,51.908467813428],[0.873496076867858,51.9084589442824],[0.873481721340165,51.9082344593572],[0.873844677445742,51.908225589104],[0.874207633371775,51.908216717728],[0.874221992316455,51.9084412026232],[0.874236351440662,51.9086656875114],[0.874250710173793,51.9088901732906],[0.874613671120436,51.9088813006355],[0.874976631888399,51.9088724268543],[0.874962269587997,51.9086479413312],[0.875325228392249,51.9086390665571],[0.875688187016861,51.9086301906603],[0.876051145461813,51.9086213136408],[0.87641410372708,51.9086124354985],[0.876428473173027,51.9088369204687],[0.876791433047268,51.9088280410571],[0.876777061812642,51.9086035562336],[0.876762690728922,51.9083790714507],[0.877125646926267,51.9083701910781],[0.877111274313763,51.9081457063034],[0.877474228622897,51.9081368248232],[0.877837182752265,51.9081279422203],[0.878200136701848,51.9081190584948],[0.878563090471619,51.9081101736466],[0.878577469917962,51.9083346583609],[0.878940425216354,51.9083257723748],[0.878926044061561,51.9081012876756],[0.879288997471648,51.908092400582],[0.879274614788244,51.907867915891],[0.879260232284675,51.9076434311931],[0.879245849960939,51.9074189464881],[0.87960879806595,51.9074100583173],[0.879594414213688,51.9071855736206],[0.879580030541275,51.9069610889169],[0.879565647048708,51.9067366042062],[0.879928589848839,51.9067277149582],[0.88029153246907,51.9067188245875],[0.880654474909376,51.9067099330942],[0.880668863526857,51.9069344177594],[0.881031807495518,51.9069255251282],[0.881046198001233,51.9071500097712],[0.881409143498241,51.9071411160023],[0.881772087535794,51.9071322225534],[0.882135029506802,51.9071233301094],[0.88249797129896,51.9071144365419],[0.882860912912249,51.9071055418507],[0.882875311962407,51.9073300265932],[0.882889711191429,51.9075545113298],[0.882904110599319,51.9077789960604],[0.882918510186075,51.9080034807849],[0.882932909951705,51.9082279655034],[0.883295859852991,51.908219069672],[0.883281458393938,51.9079945849568],[0.883267057113781,51.9077701002356],[0.883252656012514,51.9075456155084],[0.883615600654681,51.9075367185634],[0.883601198038951,51.9073122338335],[0.883586795602129,51.9070877490975],[0.883949736678677,51.9070788510356],[0.883935332727456,51.906854366297],[0.883920928955158,51.9066298815524],[0.884283866466169,51.9066209823736],[0.884269461179535,51.9063964976264],[0.884255056071842,51.9061720128731],[0.884617990017394,51.9061631125774],[0.884603583395429,51.9059386278215],[0.884966515468786,51.9059297264056],[0.885329447363136,51.9059208238662],[0.885692379078457,51.9059119202033],[0.885677967555907,51.9056874354515],[0.886040897399003,51.9056785306684],[0.886026484362321,51.905454045914],[0.886389412333197,51.9054451400108],[0.886752340124986,51.9054362329841],[0.886737923881092,51.9052117482305],[0.887100849800651,51.9052028400837],[0.88708643204274,51.9049783553275],[0.887449356090074,51.9049694460606],[0.887812279958261,51.9049605356702],[0.887797858993308,51.9047360509149],[0.888160780989259,51.9047271394044],[0.888175203647278,51.9049516241563],[0.888538127157104,51.9049427115189],[0.888901050487718,51.9049337977579],[0.888886624443573,51.904709313013],[0.889249545901894,51.9047003981321],[0.889612467180962,51.9046914821276],[0.889626896611219,51.9049159668656],[0.889641326220733,51.9051404515975],[0.89000425070665,51.9051315344626],[0.890367175013266,51.9051226162042],[0.890730099140556,51.9051136968222],[0.8910930230885,51.9051047763168],[0.891078586706709,51.9048802915989],[0.891441508782223,51.9048713699734],[0.891804430678349,51.9048624472245],[0.891818870446261,51.9050869319353],[0.891833310393567,51.9053114166401],[0.891847750520271,51.9055359013389],[0.892210677316221,51.9055269774558],[0.892225119315448,51.905751462145],[0.892588047625079,51.9057425371348],[0.892950975755246,51.9057336110011],[0.892965421320179,51.9059580956772],[0.892602491496874,51.9059670218144],[0.892616935548119,51.9061915064881],[0.892631379778819,51.9064159911557],[0.892645824188976,51.9066404758173],[0.892660268778594,51.9068649604728],[0.892297332003028,51.9068738855008],[0.892311775078856,51.907098370154],[0.892326218334128,51.9073228548011],[0.892340661768846,51.9075473394422],[0.891977719733986,51.9075562633573],[0.891992161654832,51.9077807479959],[0.892006603755108,51.9080052326285],[0.891643658154127,51.9080141554271],[0.891658098740467,51.9082386400572],[0.89129515126668,51.9082475617357],[0.891309590339038,51.9084720463634],[0.89094664099244,51.9084809669217],[0.890961078550771,51.9087054515469],[0.890975515779771,51.9089299376663],[0.890612562801846,51.9089388572501],[0.890626997895694,51.9091633451063],[0.890641433172314,51.9093878329542],[0.890655868631711,51.9096123207938],[0.890670304273886,51.9098368086252],[0.89030734416781,51.909845727215],[0.890292910262012,51.9096212393518],[0.889929951709543,51.9096301567884],[0.889944383878962,51.9098546446834],[0.889581423407363,51.9098635610304],[0.889218462753035,51.9098724762559],[0.888855501916002,51.9098813903599],[0.888869929058933,51.9101058783422],[0.888884356384535,51.9103303663162],[0.889247320694413,51.9103214521485],[0.889610284821579,51.9103125368593],[0.889624715802766,51.9105370247614],[0.889639146966674,51.9107615126552],[0.889276179366578,51.910770428008],[0.888913211583762,51.9107793422393],[0.888927639457395,51.9110038301885],[0.888942067513712,51.9112283181294],[0.888956495752715,51.911452806062],[0.889319468745106,51.9114438917353],[0.88933389890337,51.9116683796278],[0.889348329244349,51.9118928675121],[0.889362759768047,51.9121173553881],[0.889377190474469,51.9123418432558],[0.889391621363614,51.9125663311153],[0.88902863968814,51.9125752456011],[0.88904306902333,51.9127997334841],[0.889057498541227,51.9130242213589],[0.889071928241836,51.9132487092254],[0.889086358125161,51.9134731970836],[0.888723369320078,51.9134821105751],[0.888360380332284,51.9134910229451],[0.887997391161802,51.9134999341934],[0.888011816017498,51.9137244221387],[0.888026241055847,51.9139489100758],[0.888040666276852,51.9141733980046],[0.888055091680516,51.9143978859252],[0.888069517266843,51.9146223738375],[0.88843251512148,51.9146134624302],[0.888446942627371,51.9148379503024],[0.888461370315955,51.9150624381663],[0.888475798187232,51.915286926022],[0.888838801069921,51.9152780133976],[0.888853230860861,51.9155025012132],[0.888490226241207,51.9155114138694],[0.888504654477883,51.9157359017085],[0.888519082897262,51.9159603895394],[0.888156074620889,51.9159693011375],[0.887793066161814,51.9159782116139],[0.887430057520061,51.9159871209686],[0.887067048695653,51.9159960292016],[0.886704039688612,51.9160049363128],[0.886689619954329,51.915780448323],[0.886675200402636,51.915555960325],[0.886312194687018,51.915564866251],[0.886326612501704,51.9157893542808],[0.885963604866495,51.9157982591169],[0.885978021126718,51.9160227471702],[0.885992437569487,51.9162472352152],[0.885629426277623,51.9162561389931],[0.885266414803212,51.9162650416492],[0.885280827954367,51.9164895297494],[0.884917814560345,51.9164984313155],[0.884554800983817,51.9165073317599],[0.884191787224807,51.9165162310826],[0.884177379284921,51.9162917428873],[0.883814367080547,51.9163006410565],[0.883799961060171,51.9160761528212],[0.884162971527472,51.9160672546837],[0.884148563952457,51.9158427664718],[0.884511572500256,51.9158338672442],[0.884497163370645,51.9156093790558],[0.884482754423486,51.9153848908591],[0.884845759314791,51.9153759905733],[0.884831348813102,51.9151515024],[0.884816938493881,51.9149270142185],[0.885179939728774,51.9149181128744],[0.885165527855088,51.9146936247163],[0.885151116163886,51.91446913655],[0.885136704655163,51.9142446483754],[0.885122293328917,51.9140201601925],[0.885107882185146,51.9137956720014],[0.884744889634663,51.9138045731869],[0.884381896901712,51.9138134732508],[0.884018903986316,51.9138223721931],[0.883655910888497,51.9138312700138],[0.883292917608278,51.9138401667128],[0.883278515331076,51.9136156783549],[0.882915523605309,51.9136245739006],[0.88255253169719,51.9136334683247],[0.882189539606741,51.9136423616272],[0.881826547333986,51.9136512538081],[0.881463553793466,51.9136601459373],[0.881449160267138,51.9134356575364],[0.881086166898003,51.9134445498945],[0.880723173349753,51.9134534411262],[0.880360179622409,51.9134623312317],[0.879997185715996,51.9134712202109],[0.879634191630534,51.9134801080639],[0.879648576669396,51.9137045963297],[0.879662961887261,51.913929084592],[0.879299964227745,51.9139379712647],[0.879314347927072,51.9141624594963],[0.879328731805387,51.9143869477243],[0.878965730571736,51.9143958332166],[0.878980112931447,51.914620321414],[0.878617109821203,51.914629205753],[0.878631490662267,51.9148536939197],[0.878268485675422,51.9148625771053],[0.878282864997792,51.9150870652413],[0.87791985813434,51.9150959472735],[0.877556851091951,51.9151048281794],[0.877571227197908,51.9153293162577],[0.877208218278923,51.9153381960102],[0.87684520918104,51.9153470746363],[0.876859582070486,51.9155715626569],[0.87649657109602,51.9155804401296],[0.876133559942696,51.9155893164759],[0.876147929615533,51.9158138044387],[0.875784916585639,51.9158226796315],[0.875799284739528,51.9160471675635],[0.875436269833056,51.916056041603],[0.875450636467951,51.9162805295042],[0.875087619684896,51.9162894023901],[0.875101984800753,51.9165138902606],[0.875465003281615,51.9165050174019],[0.875479370274053,51.9167295052959],[0.875842390273938,51.9167206313379],[0.875828021583674,51.9164961434167],[0.876191039706907,51.9164872683052],[0.876205410094994,51.9167117562534],[0.876568429737199,51.9167028800426],[0.876931449200531,51.9166940027054],[0.876945823163124,51.9169184907043],[0.877308844145398,51.9169096122678],[0.877671864948752,51.9169007327049],[0.878034885573165,51.9168918520156],[0.878397906018614,51.9168829701999],[0.878760926285079,51.9168740872577],[0.87874654383333,51.9166495991235],[0.879109562222964,51.9166407150279],[0.879095178252393,51.916416226863],[0.879458194765205,51.9164073416141],[0.879443809275856,51.9161828534185],[0.879429423965524,51.9159583652194],[0.879792436903771,51.91594947879],[0.879778050074726,51.9157249905602],[0.880141061136188,51.9157161029774],[0.880126672788474,51.915491614717],[0.880112284619811,51.915267126453],[0.880097896630196,51.9150426381853],[0.880460902419554,51.9150337493951],[0.880823908029819,51.9150248594786],[0.880838299414737,51.9152493478003],[0.881201306543536,51.9152404567844],[0.881215699805216,51.9154649451294],[0.881578708452542,51.9154560530142],[0.88159310359103,51.9156805413825],[0.881956111864615,51.9156716498711],[0.881970508834986,51.9158961382813],[0.882333518477151,51.915887245784],[0.882347917366883,51.9161117341542],[0.881984905987649,51.9161206266831],[0.88162189440544,51.9161295181085],[0.881636290023967,51.9163540065156],[0.881650685804114,51.9165784949326],[0.88128766880046,51.9165873868003],[0.881302063136898,51.9168118751236],[0.881316457652475,51.9170363634434],[0.880953436941694,51.9170452542433],[0.880967827950968,51.9172697437621],[0.88060480518711,51.9172786335379],[0.880619192662312,51.9175031243083],[0.880256167984108,51.9175120129945],[0.880270553908643,51.9177365037887],[0.880284940015008,51.9179609945746],[0.879921911689909,51.9179698822032],[0.879936296245541,51.9181943730129],[0.879950680982988,51.9184188638142],[0.879965065902251,51.9186433546073],[0.880328099425116,51.9186344668824],[0.880691132766134,51.9186255780356],[0.880705521332483,51.9188500687562],[0.88106855622426,51.9188411787556],[0.881431590934141,51.9188322876332],[0.881445983147656,51.9190567782812],[0.881809018637971,51.9190478865866],[0.881823412724528,51.9192723772185],[0.882186449043251,51.9192634849032],[0.882549485177252,51.9192545914692],[0.882912521126506,51.9192456969164],[0.882898121737906,51.9190212064985],[0.883261155735049,51.9190123108985],[0.883246754763894,51.9187878205405],[0.883232353977524,51.9185633301711],[0.882869323514995,51.9185722256285],[0.882854924680678,51.9183477351764],[0.882840526031115,51.9181232447128],[0.882477498918354,51.9181321389088],[0.882463102220772,51.9179076483625],[0.882448705707915,51.9176831578048],[0.882085681944866,51.9176920507395],[0.882071287383917,51.917467560099],[0.882056893007664,51.9172430694471],[0.882419913236363,51.9172341766551],[0.882782933280344,51.9172252827444],[0.882768532894405,51.9170007937752],[0.883131550857401,51.9169918988761],[0.883494568637997,51.9169830028553],[0.883508972814061,51.9172074915672],[0.883523374258949,51.9174319819337],[0.88388639551579,51.9174230845958],[0.883900798912638,51.9176475748795],[0.883915202494303,51.9178720651519],[0.883929606260784,51.9180965554128],[0.884292632634392,51.9180876567421],[0.884307038352934,51.9183121469202],[0.884670066308936,51.9183032470595],[0.885033094080065,51.9182943460802],[0.885396121666301,51.9182854439822],[0.885410532871459,51.9185099339347],[0.885773562040028,51.9185010306466],[0.88575914906762,51.9182765407655],[0.886122176283999,51.9182676364301],[0.886485203315416,51.9182587309762],[0.886848230161847,51.9182498244035],[0.886862648435987,51.9184743140703],[0.886877066895138,51.9186988037257],[0.886891485539304,51.9189232933696],[0.887254517502508,51.918914385464],[0.887268938098998,51.9191388750251],[0.887283358880533,51.9193633645747],[0.887646394193327,51.9193544554075],[0.887660816927259,51.9195789448743],[0.887675239846265,51.9198034343296],[0.888038278508705,51.9197945239007],[0.88805270338018,51.9200190132732],[0.887689662950348,51.9200279237735],[0.887704086239511,51.920252413206],[0.887341043857179,51.9202613226591],[0.887355465563984,51.9204858121516],[0.886992421229147,51.9204947205575],[0.887006841353547,51.92071921011],[0.887021261662989,51.9209436996512],[0.887035682157479,51.9211681891809],[0.886672632335119,51.9211770966823],[0.886309582327731,51.9211860030649],[0.886323999472186,51.9214104927261],[0.886338416801648,51.9216349823759],[0.885975363074138,51.9216438877826],[0.885612309161642,51.9216527920705],[0.885249255064182,51.9216616952397],[0.885263667275864,51.9218861850923],[0.885626723140924,51.9218772818517],[0.885989778821016,51.9218683774924],[0.886004194752885,51.9220928671907],[0.886367252015604,51.9220839616411],[0.886730309093306,51.9220750549727],[0.886744728745444,51.9222995445168],[0.887107787405739,51.9222906366581],[0.887470845880969,51.9222817276806],[0.887485269253459,51.9225062170703],[0.88784832931125,51.9224973069026],[0.887862754636505,51.9227217962094],[0.888225816276852,51.9227128848513],[0.888588877732056,51.9227039723744],[0.888603306777813,51.9229284615268],[0.88896636981554,51.9229195478596],[0.889329432668079,51.9229106330736],[0.88934386543442,51.9231351220715],[0.889706929869448,51.9231262060952],[0.890069994119238,51.9231172889999],[0.890055557817495,51.922892800145],[0.889692495335405,51.9229017171687],[0.889678060986598,51.9226772282308],[0.889663626823026,51.9224527392815],[0.890026685769785,51.9224438224008],[0.890012250023813,51.9222193335116],[0.890375307017693,51.9222104155836],[0.890389744531293,51.9224349044013],[0.890752803107524,51.922425985283],[0.891115861498459,51.9224170650459],[0.891478919704072,51.92240814369],[0.891493362705882,51.9226326322816],[0.891507805893041,51.9228571208618],[0.891144744152122,51.9228660423608],[0.890781682225876,51.922874962741],[0.890796122063011,51.9230994514529],[0.890433058183766,51.9231083707858],[0.890447496438494,51.9233328595578],[0.890461934878511,51.9235573483183],[0.890825002293211,51.9235484288423],[0.890810562085455,51.9233239401533],[0.891173627547104,51.92331501963],[0.891188069522597,51.9235395082475],[0.891551136566647,51.9235305865337],[0.891914203425338,51.9235216637012],[0.89192864912168,51.923746152164],[0.892291717562737,51.923737228141],[0.892654785818387,51.9237283029992],[0.893017853888605,51.9237193767384],[0.893032305073646,51.9239438649751],[0.893395374726173,51.9239349375239],[0.89375844419322,51.9239260089539],[0.893743989472654,51.9237015208604],[0.893380921773368,51.9237104493589],[0.893366469006045,51.9234859611824],[0.893352016424198,51.9232614729944],[0.893337564027827,51.9230369847951],[0.892974501446216,51.9230459119598],[0.892960051002986,51.9228214236774],[0.892945600745202,51.9225969353836],[0.89293115067286,51.9223724470783],[0.892916700785956,51.9221479587616],[0.89255364508946,51.9221568845211],[0.892539197155573,51.9219323961214],[0.892524749407095,51.9217079077102],[0.892510301844025,51.9214834192876],[0.892495854466356,51.9212589308535],[0.892858903092661,51.9212500053803],[0.892873352237843,51.9214744937428],[0.892887801568451,51.9216989820938],[0.893250853544379,51.9216900553587],[0.893265304827971,51.9219145436267],[0.89327975629702,51.9221390318832],[0.893642811622628,51.9221301038861],[0.893657265044734,51.9223545920596],[0.894020321952459,51.9223456628721],[0.894034777327668,51.9225701509625],[0.894397835817506,51.9225612205846],[0.894760894121814,51.9225522890878],[0.894775353217809,51.9227767770235],[0.894412293145864,51.9227857085919],[0.89442675065976,51.9230101965879],[0.894441208359196,51.9232346845723],[0.894455666244176,51.9234591725454],[0.894470124314703,51.923683660507],[0.89448458257078,51.9239081484572],[0.894121513474763,51.923917079265],[0.894135970148616,51.9241415672753],[0.893772899099293,51.9241504970359],[0.893787354190877,51.9243749851065],[0.893801809467973,51.9245994731656],[0.894164884052926,51.9245905432618],[0.894179341283389,51.9248150312378],[0.894193798699395,51.9250395192025],[0.894208256300947,51.9252640071557],[0.894571336003974,51.9252550759181],[0.894585795558992,51.9254795637882],[0.894948876844364,51.92547063136],[0.894963331366474,51.925695118991],[0.895326414470848,51.9256861853782],[0.89531195794414,51.9254616978129],[0.895675038858299,51.9254527631469],[0.896038119586818,51.925443827362],[0.896052580141524,51.925668314796],[0.896415662707783,51.9256593778266],[0.896778745094627,51.9256504397384],[0.897141827302032,51.9256415005314],[0.897156291474416,51.9258659876998],[0.897170755826307,51.9260904748567],[0.896807670239177,51.9260994142091],[0.896822133080684,51.9263239014272],[0.896836596101684,51.9265483886338],[0.896473506955291,51.9265573270128],[0.896487968465843,51.9267818142805],[0.89650243015587,51.9270063015367],[0.896516892025377,51.9272307887814],[0.896531354074366,51.9274552760146],[0.896545816302841,51.9276797632362],[0.896908913899176,51.9276708244936],[0.897272011316045,51.9276618846321],[0.897635108553429,51.9276529436517],[0.897649576031549,51.9278774306437],[0.89801267477947,51.9278684884716],[0.898027144127216,51.9280929753793],[0.897664043689226,51.9281019176241],[0.897678511526467,51.928326404593],[0.897315409218869,51.9283353457916],[0.896952306731777,51.9283442858713],[0.896589204065209,51.928353224832],[0.896603667011657,51.9285777120075],[0.896240562475512,51.928586649922],[0.895877457759935,51.9285955867175],[0.895891917505584,51.9288200740269],[0.895906377430693,51.9290445613248],[0.895920837535265,51.9292690486112],[0.895557727569747,51.9292779845058],[0.895572186163564,51.9295024718533],[0.895209074328423,51.9295114067016],[0.894845962313902,51.9295203404309],[0.894482850120023,51.9295292730412],[0.894119737746806,51.9295382045325],[0.893756625194275,51.9295471349048],[0.893771075516277,51.9297716226042],[0.893785526017615,51.929996110292],[0.893799976698296,51.9302205979683],[0.894163094321669,51.9302116673781],[0.894526211765718,51.9302027356688],[0.894889329030421,51.9301938028405],[0.895252446115756,51.9301848688932],[0.895615563021701,51.9301759338268],[0.895978679748236,51.9301669976415],[0.896341796295337,51.9301580603371],[0.896704912662983,51.9301491219137],[0.897068028851153,51.9301401823712],[0.897053562957856,51.929915695349],[0.897416677276252,51.9299067547603],[0.897402209872244,51.9296822677994],[0.897765322320873,51.9296733261644],[0.897750853406198,51.9294488392646],[0.898113963985066,51.9294398965833],[0.89809949355977,51.9292154097448],[0.898462602670559,51.9292064657716],[0.898448130668108,51.9289819790202],[0.898811238273412,51.928973033742],[0.8991743456931,51.9289640873458],[0.899159870345227,51.9287396007519],[0.899145395183037,51.9285151141454],[0.899130920206528,51.9282906275265],[0.899494022144066,51.9282816802672],[0.899479545587776,51.9280571937207],[0.899842645574208,51.9280482454284],[0.899828167438184,51.9278237589544],[0.899813689487878,51.9275992724679],[0.899799211723287,51.9273747859689],[0.899436117033082,51.9273837340062],[0.899421641219566,51.9271592474097],[0.899407165591732,51.9269347608007],[0.899044074246598,51.9269437075502],[0.899029600569766,51.9267192208437],[0.89901512707859,51.9264947341248],[0.899000653773065,51.9262702473933],[0.89863756753822,51.92627919277],[0.898623096183598,51.9260547059411],[0.898608625014599,51.9258302190997],[0.89897170771896,51.9258212738928],[0.898957234970373,51.9255967871238],[0.899320315723935,51.9255878408841],[0.899305836680097,51.9253633540993],[0.899291354200464,51.9251388672337],[0.898928277290575,51.9251478132966],[0.89891379674815,51.9249233263242],[0.898550721406201,51.9249322711764],[0.898187645776005,51.9249412148373],[0.897824569697554,51.9249501571923],[0.897461493433331,51.9249590984284],[0.89709841698336,51.9249680385455],[0.897112888727965,51.9251925259253],[0.897127360658303,51.9254170132937],[0.896764280486843,51.9254259524354],[0.896749810324398,51.9252014649953],[0.896386731735125,51.9252104029464],[0.896372263526264,51.9249859154232],[0.896009186519185,51.9249948521836],[0.896023652960169,51.9252193397785],[0.895660573999553,51.9252282754918],[0.895646109326449,51.9250037878252],[0.895631644838984,51.9247793001472],[0.895268569228473,51.9247882345982],[0.894905493432355,51.9247971679303],[0.894891032666202,51.9245726800975],[0.894876572085636,51.9243481922533],[0.894862111690652,51.9241237043977],[0.894847651481247,51.9238992165306],[0.895210720206143,51.9238902834851],[0.895573788745444,51.9238813493207],[0.895588252490387,51.9241058370445],[0.895225182183318,51.9241147712805],[0.895239644346096,51.9243392590645],[0.895602716420955,51.9243303247568],[0.895965788310189,51.9243213893303],[0.896328860013778,51.9243124527849],[0.896314392547636,51.9240879652159],[0.896677462297773,51.9240790276233],[0.897040531862219,51.9240700889118],[0.897055002863918,51.9242945763374],[0.896691931531694,51.9243035151206],[0.896706400951315,51.9245280026064],[0.897069474051341,51.9245190637516],[0.897432546965646,51.9245101237778],[0.897795619694211,51.9245011826852],[0.897781144971196,51.9242766954145],[0.898144215746205,51.9242677532747],[0.898507286144205,51.9242588098994],[0.898521764380274,51.9244832970049],[0.89815869223701,51.9244922404737],[0.89817316891361,51.9247167276613],[0.898536242800939,51.9247077840972],[0.89889931639035,51.9246988393387],[0.898884836217171,51.9244743523399],[0.899247907869455,51.9244654065578],[0.899610979337106,51.9244564596586],[0.8999740506201,51.9244475116422],[0.900337121718414,51.9244385625087],[0.900700192632026,51.9244296122581],[0.900685703881053,51.9242051257142],[0.901048772857467,51.9241961744401],[0.901411841649136,51.9241872220489],[0.901397349577996,51.9239627356791],[0.901760416432455,51.9239537822644],[0.901745922793667,51.923729295975],[0.902108987710923,51.9237203415369],[0.902094492504532,51.923495855328],[0.90245755548459,51.9234868998665],[0.902443058710643,51.923262413738],[0.90280611975351,51.9232534572531],[0.903169180611531,51.9232444996511],[0.903154680517734,51.9230200136968],[0.902791621412052,51.9230289712051],[0.902777123255446,51.9228044851439],[0.903140180608811,51.9227955277293],[0.90312568088476,51.9225710417485],[0.902762625283687,51.9225799990695],[0.902399569497779,51.9225889552734],[0.902385073463139,51.9223644690921],[0.902022019244694,51.9223734240853],[0.901658964841462,51.9223823779614],[0.901295910253466,51.9223913307206],[0.901281419660416,51.9221668442452],[0.901644472496153,51.9221578915797],[0.901629980335612,51.9219334051847],[0.90161548835984,51.9217089187765],[0.90160099656883,51.9214844323551],[0.90158650496258,51.9212599459205],[0.901223459135655,51.9212688982115],[0.901208969466307,51.92104441167],[0.900845925206805,51.9210533627504],[0.900831437474314,51.9208288761021],[0.901194479981692,51.9208199251154],[0.901557522304349,51.9208109730118],[0.901920564442265,51.9208020197911],[0.902283606395415,51.9207930654535],[0.902646648163779,51.9207841099989],[0.902632151855512,51.9205596238057],[0.902995191686978,51.9205506673278],[0.903358231333615,51.920541709733],[0.90334373170604,51.9203172237139],[0.903329232263324,51.9200927376816],[0.903692268221016,51.9200837791572],[0.903706769415767,51.9203082650958],[0.903721270795399,51.9205327510212],[0.90408431007231,51.9205237911925],[0.904069806940622,51.9202993053608],[0.904432844280583,51.9202903445088],[0.904795881435628,51.9202813825399],[0.904781374984792,51.9200568968824],[0.905144410202873,51.9200479338903],[0.905507445235996,51.9200389697813],[0.905870480084138,51.9200300045553],[0.905855968562262,51.9198055191658],[0.906219001473409,51.9197965529166],[0.906582034199534,51.9197875855505],[0.906945066740608,51.9197786170676],[0.906930550147857,51.9195541319461],[0.907293580751908,51.91954516244],[0.907308099096616,51.9197696474677],[0.90767113126753,51.9197606767509],[0.907685651549321,51.9199851616716],[0.907700172016242,51.920209646579],[0.908063207506012,51.9202006745578],[0.908077729910086,51.9204251593582],[0.908440766966729,51.9204161861262],[0.908455291308003,51.9206406708196],[0.908469815834464,51.9208651554998],[0.908832856210032,51.9208561809633],[0.908847382673763,51.9210806655365],[0.909210424616211,51.9210716897892],[0.909573466373435,51.9210627129249],[0.909558936405548,51.9208382285393],[0.909921976225452,51.9208292506519],[0.909936507945411,51.9210537349436],[0.910299549332118,51.9210447558455],[0.910662590533531,51.9210357756303],[0.910648055309438,51.9208112915263],[0.911011094573473,51.9208023102881],[0.911374133652175,51.920793327933],[0.911737172545519,51.9207843444609],[0.911751713025792,51.9210088282833],[0.91211475348581,51.9209998436004],[0.912100211253484,51.9207753598719],[0.912463249776046,51.920766374166],[0.912826288113182,51.9207573873431],[0.91318932626487,51.9207483994033],[0.913552364231089,51.9207394103466],[0.913566913471595,51.9209638936994],[0.913929953004358,51.9209549034318],[0.9142929923516,51.9209459120473],[0.914307545281738,51.921170395199],[0.914670586195493,51.9211614026036],[0.915033626509398,51.9211524088218],[0.915048183062501,51.9213768917584],[0.915062739804328,51.9216013746814],[0.914699696116637,51.9216103686793],[0.914336651698706,51.9216193614626],[0.914351205185542,51.9218438445746],[0.913988158829933,51.9218528363349],[0.914002710750194,51.9220773195276],[0.913639662456903,51.9220863102649],[0.913276613978098,51.9220952998852],[0.913291162579558,51.9223197832526],[0.912928112163083,51.9223287718499],[0.912565061561137,51.9223377593301],[0.912579606843696,51.9225622428721],[0.912216554304092,51.9225712293293],[0.91185350157906,51.9225802146695],[0.911868043542617,51.922804698386],[0.91150498887994,51.9228136827031],[0.911141934031877,51.9228226659032],[0.911156472676331,51.9230471497943],[0.910793415890634,51.9230561319712],[0.910807952968179,51.923280615943],[0.911171011506165,51.9232716336722],[0.911534069858784,51.9232626502844],[0.911519529276659,51.9230381665003],[0.9118825856916,51.9230291820894],[0.912245641921128,51.9230201965614],[0.912608697965221,51.9230112099164],[0.912623243804193,51.9232356934187],[0.912986301415107,51.9232267055627],[0.913000849191855,51.9234511889579],[0.913363908369581,51.923442199891],[0.913726967361798,51.923433209707],[0.913741518828684,51.9236576929011],[0.914104579387682,51.9236487015061],[0.914119132792456,51.923873184593],[0.91448219491823,51.9238641919871],[0.914496750260937,51.9240886749668],[0.914859813953479,51.9240796811498],[0.914874371234167,51.9243041640223],[0.915237435427816,51.9242951687003],[0.915251994623336,51.924519651447],[0.915615060115796,51.9245106548263],[0.915629621291224,51.9247351374614],[0.915992688386047,51.9247261396259],[0.91600725154143,51.9249506221494],[0.916370320238611,51.924941623099],[0.916384885373995,51.9251661055108],[0.916747955673526,51.9251571052456],[0.917111025784204,51.9251481038636],[0.917474095706006,51.9251391013649],[0.917459525197101,51.9249146192473],[0.917822593138838,51.92490561573],[0.917808021027706,51.924681133697],[0.918171086989382,51.924672129161],[0.918156513276067,51.9244476472126],[0.918519577257691,51.924438641658],[0.91853415276212,51.9246631235083],[0.918897218345896,51.9246541167388],[0.918911795830441,51.9248785984773],[0.919274863016362,51.924869590493],[0.919637930013271,51.9248605813919],[0.919652511269129,51.9250850629206],[0.92001557986815,51.9250760526046],[0.920378648278109,51.9250670411718],[0.920741716498984,51.9250580286223],[0.921104784530751,51.9250490149561],[0.921467852373386,51.9250400001731],[0.921830920026867,51.9250309842734],[0.921845512218756,51.9252554651993],[0.922208581474209,51.9252464480846],[0.922571650540458,51.9252374298532],[0.92255705476627,51.9250129491238],[0.922193987491169,51.9250219672569],[0.92217939369735,51.9247974864157],[0.922542459181326,51.9247884683808],[0.922905524476082,51.9247794492291],[0.923268589581593,51.9247704289607],[0.923631654497836,51.9247614075756],[0.923617053728851,51.9245369271138],[0.923980116664716,51.9245279047102],[0.923965514293974,51.9243034243331],[0.92395091211256,51.9240789439424],[0.923587852758801,51.9240879661494],[0.92357325255773,51.9238634856468],[0.923558652545958,51.9236390051307],[0.923921708317704,51.9236299831202],[0.924284763900151,51.9236209599931],[0.924647819293279,51.9236119357493],[0.924633214097897,51.9233874555144],[0.924996267510718,51.9233784302522],[0.925359320734175,51.9233694038733],[0.925344712146282,51.9231449238214],[0.925330103747794,51.922920443756],[0.925693153200023,51.9229114164571],[0.926056202462848,51.9229023880416],[0.926070814443149,51.9231268679104],[0.925707763389419,51.9231358964243],[0.925722373768245,51.9233603763778],[0.926085426612902,51.9233513477657],[0.926448479268128,51.9233423180369],[0.926811531733895,51.9233332871914],[0.926826147674997,51.9235577668364],[0.927189201742225,51.923548734776],[0.927203819663798,51.923773214309],[0.927566875332482,51.9237641810336],[0.927929930811632,51.9237551466414],[0.928292986101226,51.9237461111326],[0.92865604120124,51.9237370745072],[0.928641416115839,51.9235125953676],[0.9290044692353,51.9235035577239],[0.928989842548595,51.9232790786691],[0.928975216051532,51.9230545996007],[0.929338265399548,51.9230455610372],[0.929352893687511,51.9232700400072],[0.929715944636783,51.9232610002286],[0.929701314557925,51.923036521357],[0.930064363526639,51.9230274805602],[0.930049731846596,51.9228030017734],[0.930412778834758,51.9227939599584],[0.930398145553577,51.9225694812565],[0.930035100356259,51.9225785229731],[0.929672054969261,51.9225875635731],[0.929309009392605,51.9225966030564],[0.928945963626317,51.9226056414232],[0.928931337698158,51.922381162314],[0.928568293533092,51.9223901994658],[0.928205249178442,51.9223992355009],[0.928190627021533,51.9221747561814],[0.928553669585371,51.9221657202446],[0.928916711959629,51.9221566831913],[0.929279754144283,51.9221476450213],[0.929294381673618,51.9223721240457],[0.929657425459448,51.9223630846607],[0.929642796139309,51.9221386057347],[0.930005837944687,51.9221295653316],[0.930020469055624,51.9223540441591],[0.930383512462122,51.922345002541],[0.930746555678923,51.9223359598062],[0.931109598705999,51.9223269159548],[0.93147264154333,51.9223178709869],[0.931458003269228,51.9220933925531],[0.931821043186664,51.9220843463186],[0.932184082159975,51.922075298767],[0.932169440529484,51.9218508204966],[0.932154799090582,51.9216263422146],[0.932517834247396,51.9216172936911],[0.932503191187648,51.9213928154709],[0.932866224340452,51.9213837659023],[0.932851579659908,51.921159287744],[0.932836935170987,51.920934809574],[0.933199964507413,51.9209257590337],[0.933185318397763,51.9207012809256],[0.932822290873688,51.9207103313925],[0.932807646768006,51.9204858531994],[0.933170672479753,51.9204768028059],[0.933156026753381,51.9202523246747],[0.933519050461211,51.9202432732361],[0.933882073977406,51.920234220679],[0.933896723328375,51.9204586986633],[0.93391137287103,51.9206831766361],[0.934274399820175,51.9206741228136],[0.934289051366861,51.9208986007013],[0.934652079936654,51.9208895456868],[0.934666733487416,51.9211140234895],[0.935029763677852,51.9211049672829],[0.935392793676543,51.9210959099578],[0.935755823483469,51.9210868515141],[0.936118853098603,51.9210777919519],[0.936133514090612,51.9213022694491],[0.936496545326301,51.9212932086947],[0.936859576370148,51.9212841468219],[0.936844911753406,51.9210596694717],[0.936481882521924,51.9210687312711],[0.936467219909406,51.9208442538358],[0.936830247328546,51.92083519211],[0.93719327455583,51.9208261292656],[0.937178608510536,51.9206016519658],[0.937163942657142,51.9203771746543],[0.937526966067944,51.9203681108385],[0.937889989286848,51.9203590459041],[0.93825301231383,51.9203499798512],[0.93823834121555,51.9201255027488],[0.938601362238332,51.9201164356509],[0.938964383069149,51.9201073674346],[0.938949708538374,51.9198828904677],[0.938935034199608,51.9196584134893],[0.938920360052845,51.9194339364992],[0.93855734465864,51.9194430044949],[0.938542672516036,51.9192185274197],[0.938528000565406,51.9189940503329],[0.93889101233532,51.9189849824843],[0.938876338764552,51.9187605054595],[0.938861665385773,51.918536028423],[0.938846992198982,51.918311551375],[0.939209998340676,51.9183024826287],[0.939195323533834,51.9180780056427],[0.938832319204178,51.9180870743154],[0.938817646401354,51.9178625972442],[0.938454643691753,51.9178716647249],[0.938469314682563,51.9180961418697],[0.938483985865328,51.9183206190029],[0.938498657240056,51.9185450961245],[0.938135648902395,51.9185541627075],[0.938150318656997,51.918778639891],[0.937787308315323,51.9187877054291],[0.937801976449753,51.9190121826746],[0.937816644776107,51.9192366599085],[0.937453630618272,51.9192457244751],[0.937090616268556,51.9192547879234],[0.937105281162499,51.9194792652927],[0.936742264808752,51.919488327696],[0.936379248263165,51.9194973889808],[0.936393909724595,51.9197218664856],[0.936756928082381,51.9197128051273],[0.937119946248327,51.9197037426505],[0.93713461152604,51.9199282199967],[0.937149276995644,51.9201526973313],[0.936786255205235,51.9201617599551],[0.936423233222977,51.9201708214604],[0.936408571377865,51.9199463439788],[0.936045551016033,51.9199554042921],[0.93603089117499,51.9197309267253],[0.935667872433592,51.9197399858466],[0.935653214596573,51.9195155081948],[0.936016231525765,51.919506449147],[0.936001572068351,51.9192819715571],[0.935638556951343,51.9192910305314],[0.9356238994979,51.9190665528564],[0.935986912802748,51.9190574939556],[0.93597225372895,51.9188330163426],[0.936335265029881,51.9188239563968],[0.936320604335777,51.9185994788456],[0.936683613632798,51.9185904178549],[0.936668951318434,51.9183659403656],[0.93703195861155,51.91835687833],[0.937017294676974,51.9181324009026],[0.937002630934261,51.9179079234637],[0.936987967383409,51.9176834460132],[0.936973304024414,51.9174589685511],[0.936958640857273,51.9172344910774],[0.9365956426242,51.9172435527455],[0.936580979085803,51.917019075515],[0.936566314296539,51.9167945984723],[0.936203319643477,51.9168036588524],[0.936188656853649,51.9165791817236],[0.936173994255293,51.9163547045833],[0.935811003026612,51.9163637636964],[0.935448011606487,51.9163728216913],[0.935085019994943,51.9163818785679],[0.935099677169542,51.9166063559312],[0.934736683558677,51.9166154117637],[0.934751339116729,51.9168398891896],[0.934388343506534,51.9168489439781],[0.934025347704984,51.9168579976483],[0.934010695762839,51.9166335200739],[0.933996044012026,51.9164090424878],[0.934359036197689,51.9163999889661],[0.934722028192003,51.9163909343262],[0.934707373016705,51.916166456877],[0.935070363011743,51.916157401193],[0.935433352815389,51.9161483443907],[0.93541869421571,51.9159238670784],[0.935404035807446,51.9156993897544],[0.935041049619528,51.9157084464082],[0.935026393210505,51.9154839689983],[0.934663408639031,51.9154930244595],[0.934300423876197,51.9155020788024],[0.93428577127418,51.9152776012323],[0.934271118863498,51.9150531236506],[0.933908137524934,51.9150621767267],[0.933893487113353,51.9148376990591],[0.933878836893077,51.9146132213798],[0.933864186864103,51.9143887436889],[0.933501210757475,51.914397795424],[0.933138234459575,51.9144068460409],[0.932775257970426,51.9144158955396],[0.932412281290052,51.9144249439201],[0.93242692408811,51.9146494219079],[0.932441567077377,51.9148738998841],[0.932078586590301,51.9148829472948],[0.931715605912042,51.9148919935872],[0.9317009665383,51.9146675154625],[0.931686327355719,51.9144430373263],[0.932049304418474,51.9144339911823],[0.932034663619336,51.9142095131086],[0.932397638683198,51.9142004659205],[0.932382996267547,51.9139759879094],[0.932020023011375,51.9139850350232],[0.932005382594589,51.9137605569262],[0.931990742368973,51.9135360788176],[0.931627772536945,51.9135451246648],[0.931613134267709,51.9133206464489],[0.931598496135928,51.9130961681941],[0.931583858194359,51.9128716899268],[0.931220891205344,51.9128807332207],[0.931206255250067,51.9126562548553],[0.931191619484972,51.9124317764775],[0.931176983910055,51.9122072980871],[0.930814022119048,51.9122163400075],[0.930799388530323,51.9119918615191],[0.931162348525313,51.9119828196841],[0.931147713330743,51.9117583412686],[0.931510671339574,51.9117492984017],[0.931496034539205,51.911524820059],[0.931858988940616,51.9115157753157],[0.931844350626535,51.9112912970906],[0.931481397929026,51.9113003417038],[0.931466761509031,51.9110758633361],[0.931452125279218,51.9108513849557],[0.931437489239585,51.9106269065629],[0.931074540210356,51.9106359490027],[0.931059906156748,51.9104114705119],[0.931045272293289,51.9101869920085],[0.930682326665596,51.9101960331604],[0.930667694788088,51.909971554559],[0.930653063100701,51.9097470759452],[0.930638431603429,51.9095225973187],[0.931001371843771,51.9095135564231],[0.930986738740875,51.9092890778695],[0.931349676995352,51.9092800359421],[0.931335042286878,51.9090555574613],[0.931697977997619,51.909046514199],[0.931683341782292,51.9088220358464],[0.932046273460567,51.9088129904404],[0.932031635444738,51.9085885121795],[0.932394565129214,51.9085794657291],[0.93275749462288,51.9085704181607],[0.932742853191865,51.9083459400357],[0.933105780691718,51.9083368914229],[0.933091137648576,51.90811241336],[0.933454063154622,51.908103363703],[0.933439418499399,51.9078788857022],[0.933424774035045,51.9076544076898],[0.933787695744388,51.9076453570623],[0.933773049668022,51.907420879112],[0.934135969383597,51.9074118274403],[0.934121321695264,51.9071873495522],[0.934484239417078,51.9071782968362],[0.934469590116825,51.9069538190102],[0.934832505844888,51.9069447652501],[0.93481785493276,51.9067202874862],[0.935180768667076,51.9067112326819],[0.935543682210422,51.9067021767596],[0.935529027883697,51.9064776991317],[0.935514373747964,51.9062532214923],[0.935877283494805,51.9062441645996],[0.93586262774734,51.9060196870223],[0.936225535500454,51.9060106290855],[0.936588443062538,51.9060015700308],[0.936573783900697,51.9057770925895],[0.936936689469042,51.9057680324907],[0.936922028695587,51.9055435551116],[0.937284932270196,51.9055344939687],[0.937270269885177,51.9053100166519],[0.937633171466059,51.9053009544649],[0.937618507469521,51.9050764772103],[0.937981407056683,51.9050674139793],[0.937966741448672,51.9048429367869],[0.93832963904212,51.9048338725119],[0.938692536444415,51.904824807119],[0.938677867422427,51.9046003300626],[0.939040762830993,51.9045912636258],[0.939026092197652,51.9043667866317],[0.939388985612498,51.9043577191508],[0.939374313367853,51.904133242219],[0.939737204788985,51.9041241736942],[0.939722530933083,51.9038996968247],[0.940085420360506,51.9038906272559],[0.940070744893392,51.9036661504486],[0.940433632327115,51.903657079836],[0.940418955248837,51.903432603091],[0.940404278361835,51.9032081263344],[0.94004139453293,51.9032171967992],[0.940026719639575,51.9029927199571],[0.940389601666107,51.9029836495661],[0.940752483501372,51.9029745780574],[0.941115365145346,51.9029655054308],[0.941478246598005,51.9029564316865],[0.941841127859326,51.9029473568244],[0.941855811764515,51.9031718332969],[0.942218694636832,51.9031627572431],[0.942581577317761,51.9031536800715],[0.942944459807278,51.903144601782],[0.943307342105361,51.9031355223748],[0.943670224211987,51.9031264418498],[0.944033106127129,51.903117360207],[0.944047801037916,51.9033418362242],[0.944410684563914,51.9033327533896],[0.944773567898381,51.9033236694372],[0.945136451041293,51.9033145843671],[0.945499333992626,51.9033054981792],[0.945862216752356,51.9032964108734],[0.945876920866541,51.9035208865088],[0.946239805237014,51.9035117980113],[0.946602689415834,51.9035027083959],[0.946587981696918,51.9032782329086],[0.946950863881703,51.9032691422496],[0.947313745874792,51.9032600504727],[0.947676627676162,51.9032509575781],[0.947661914741919,51.9030264823014],[0.947647201999417,51.9028020070131],[0.947284323802684,51.9028110997596],[0.947269613054204,51.9025866243855],[0.946906736468046,51.9025957159402],[0.946892027713541,51.9023712404804],[0.946529152737966,51.9023803308432],[0.946514445977389,51.9021558552978],[0.94649973940847,51.9019313797407],[0.946136867845705,51.9019404688377],[0.94612216327064,51.9017159931949],[0.946107458887203,51.9014915175405],[0.945744590737194,51.9015006053717],[0.945729888347539,51.9012761296316],[0.94536702180809,51.901285216271],[0.945352321412169,51.9010607404453],[0.945337621207818,51.9008362646079],[0.944974758081053,51.9008453499816],[0.944960059870363,51.9006208740586],[0.944945362002986,51.9003963981111],[0.944582502272234,51.9004054822213],[0.944567806588904,51.9001810061744],[0.944553111096575,51.899956530116],[0.944538415795245,51.8997320540463],[0.944175561260731,51.8997411368244],[0.944160867946094,51.8995166606718],[0.944146174822426,51.8992921845079],[0.944131481889722,51.8990677083325],[0.944116789147979,51.8988432321457],[0.943753941605169,51.8988523135205],[0.94376863255128,51.8990767897787],[0.943405783021902,51.899085870107],[0.943391093871429,51.8988613937775],[0.943376404911868,51.8986369174365],[0.943013558782835,51.8986459965043],[0.942650712462923,51.8986550744543],[0.942636027285456,51.8984305979592],[0.942273182570285,51.89843967472],[0.942258499379254,51.8982151981422],[0.942243816379054,51.897990721553],[0.942606657503097,51.8979816449348],[0.942591972898197,51.8977571684055],[0.942954812035865,51.8977480907409],[0.94294012582631,51.8975236142715],[0.943302962977612,51.8975145355604],[0.943317650982667,51.8977390119585],[0.943680489738577,51.8977299320583],[0.944043328303571,51.8977208510403],[0.94440616667763,51.8977117689046],[0.944391473286097,51.8974872927206],[0.944754309673707,51.8974782095384],[0.944739614677672,51.8972537334145],[0.945102449078842,51.8972446491859],[0.945087752478354,51.8970201731219],[0.945073056068866,51.8967956970465],[0.945058359850377,51.8965712209596],[0.945421188674318,51.8965621358276],[0.945406490851461,51.8963376598007],[0.945769317689027,51.8963285736223],[0.946132144335558,51.8963194863261],[0.946494970791032,51.8963103979123],[0.946509673999957,51.8965348737249],[0.94614684574913,51.8965439622102],[0.945784017307243,51.8965530495777],[0.9457987171165,51.8967775255218],[0.946161547353769,51.8967684380828],[0.946524377399971,51.8967593495261],[0.946539080991077,51.8969838253159],[0.946901912641588,51.89697473557],[0.946916618219208,51.897199211277],[0.947279451474022,51.8971901203419],[0.947642284537694,51.8971810282891],[0.948005117410204,51.8971719351186],[0.948367950284979,51.8971628407998],[0.948382663254368,51.8973873162055],[0.948397376410477,51.8976117916002],[0.948412089753309,51.897836266984],[0.948774928304053,51.8978271712467],[0.949137766668052,51.8978180743913],[0.949500604845285,51.8978089764178],[0.949485886282178,51.8975845012329],[0.949471167905862,51.8973600260371],[0.949456449716333,51.8971355508302],[0.949441731713589,51.8969110756124],[0.949804562743829,51.8969019767858],[0.949819282486588,51.8971264519374],[0.950182115070042,51.8971173519264],[0.950196836739647,51.8973418270006],[0.950211558596085,51.8975663020638],[0.950574394472804,51.897557200802],[0.95093723016267,51.897548098422],[0.951300065665659,51.8975389949238],[0.951314792929162,51.897763469777],[0.951677629985322,51.8977543650942],[0.952040466854559,51.8977452592933],[0.952025736110921,51.8975207845729],[0.952011005554234,51.8972963098414],[0.952373838756421,51.8972872030551],[0.952388571053148,51.8975116777202],[0.952751405808409,51.8975025697493],[0.95276614003217,51.897727044337],[0.95240330353685,51.8977361523743],[0.952418036207527,51.8979606270173],[0.952432769065185,51.8981851016494],[0.952795609040695,51.8981759934794],[0.953158448829206,51.8981668841911],[0.953521288430696,51.8981577737847],[0.953884127845145,51.8981486622601],[0.95389886785028,51.8983731366155],[0.954261708817778,51.8983640239063],[0.954276450750129,51.8985884981843],[0.953913608042492,51.89859761096],[0.953928348421786,51.8988220852934],[0.953565503786914,51.8988311970173],[0.953580242613105,51.8990556714061],[0.95359498162636,51.8992801457839],[0.95395782974163,51.8992710339272],[0.953972570682185,51.8994955082276],[0.953987311809836,51.899719982517],[0.954350163218505,51.8997108694092],[0.954335420350603,51.8994863951863],[0.954698269831912,51.8994772810266],[0.955061119126093,51.8994681657488],[0.955046372964859,51.8992436916477],[0.955409220331666,51.8992345753181],[0.955394472617395,51.8990101012724],[0.955031626990782,51.8990192175356],[0.955016881203863,51.8987947434125],[0.9553797250903,51.8987856272158],[0.955742568789573,51.8987765099008],[0.955727819709506,51.8985520358996],[0.956090661481447,51.8985429175329],[0.956075910848453,51.8983184435871],[0.955713070816635,51.8983275618873],[0.955698322110955,51.8981030878641],[0.956061160402674,51.8980939696303],[0.956046410144107,51.8978694956625],[0.955683573592464,51.8978786138298],[0.955668825261157,51.8976541397845],[0.955305990262398,51.8976632567672],[0.954943155076489,51.8976723726317],[0.954928410412437,51.8974478984424],[0.954565576779442,51.8974570131223],[0.954550834042541,51.8972325388557],[0.954188001962466,51.897241652351],[0.954173261152671,51.8970171780069],[0.953810430625523,51.8970262903176],[0.953447599911325,51.8970354015101],[0.953432862768571,51.8968109270222],[0.953070033607332,51.8968200370302],[0.952707204259092,51.8968291459201],[0.952692470783298,51.8966046712883],[0.952329642988047,51.8966137789937],[0.952314911439182,51.8963893042845],[0.952300180077275,51.8961648295644],[0.952285448902322,51.8959403548332],[0.952648271477803,51.895931247327],[0.952663004392657,51.8961557219918],[0.953025828521069,51.8961466133011],[0.953388652462488,51.8961375034923],[0.953373916067845,51.8959130289602],[0.95335917986022,51.8956885544172],[0.953722000134869,51.8956794436231],[0.953707262374416,51.8954549691355],[0.953692524800999,51.8952304946368],[0.954055341408956,51.8952213828574],[0.954040602282776,51.8949969084142],[0.954403416963894,51.8949877955831],[0.954388676284995,51.8947633211953],[0.954373935793168,51.8945388467964],[0.954011124591567,51.8945479594947],[0.953996386026532,51.8943234850184],[0.953633576377624,51.8943325965321],[0.953618839739338,51.8941081219784],[0.953604103288068,51.8938836474137],[0.953589367023812,51.8936591728379],[0.953226562406948,51.8936682830344],[0.953211828069343,51.8934438083813],[0.952849025005143,51.8934529173934],[0.952863757603106,51.8936773921129],[0.952500952612307,51.8936865000734],[0.952515683657565,51.8939109748483],[0.952152876740161,51.8939200817572],[0.952167606232669,51.8941445565874],[0.952182335912103,51.8943690314067],[0.951819525328364,51.8943781373302],[0.951834253454983,51.8946026122048],[0.951471440944598,51.8946117170767],[0.951108628247335,51.8946208208305],[0.950745815363215,51.8946299234662],[0.950383002292261,51.8946390249838],[0.950368281124651,51.8944145498438],[0.950731092455848,51.8944054483925],[0.950716369735317,51.8941809733078],[0.951079179139954,51.8941718708048],[0.951441988357738,51.8941627671837],[0.95142726234463,51.8939382922207],[0.951412536518398,51.8937138172467],[0.951775342069931,51.8937047126403],[0.951760614690917,51.8934802377217],[0.951745887498795,51.893255762792],[0.951731160493563,51.8930312878513],[0.951716433675218,51.8928068128996],[0.952079232081387,51.8927977074406],[0.952064503710364,51.8925732325443],[0.952049775526243,51.8923487576369],[0.952035048268954,51.8921242826545],[0.952020324883791,51.8918998073414],[0.952005601676257,51.8916753320178],[0.951990878646347,51.8914508566837],[0.951976155794059,51.8912263813389],[0.951961433119388,51.8910019059836],[0.951598647865156,51.8910110109548],[0.951583926993559,51.890786535528],[0.951569206299553,51.8905620600905],[0.951206424118657,51.8905711638215],[0.951221143187223,51.8907956393199],[0.950858359203346,51.8908047419934],[0.950843641760223,51.890580266434],[0.950828924494643,51.8903557908641],[0.951191705227656,51.8903466883125],[0.951176986514218,51.8901222127929],[0.950814207406604,51.8901313152835],[0.950799490496104,51.8899068396924],[0.950436712836359,51.8899159410038],[0.950421997728753,51.8896914653412],[0.950059221516884,51.8897005654733],[0.950044508212129,51.8894760897392],[0.949681733448138,51.8894851886921],[0.949667021946191,51.8892607128864],[0.949304248630085,51.8892698106601],[0.949289538930902,51.8890453347829],[0.948926767062686,51.8890544313774],[0.948563995017078,51.8890635268536],[0.948549288745902,51.888839050844],[0.94818651916127,51.8888481450554],[0.947823752141334,51.8888572379165],[0.947809049600148,51.8886327617555],[0.947446284133026,51.888641853433],[0.94743158351784,51.8884173771955],[0.947416883089239,51.888192900947],[0.947054120914306,51.8882019913754],[0.946691358552832,51.888211080686],[0.946676661789509,51.8879866042954],[0.946313900980867,51.8879956924226],[0.946299206143405,51.8877712159554],[0.945936446887603,51.8877803028991],[0.945921753975959,51.8875558263554],[0.945558996273002,51.8875649121157],[0.945196238383603,51.8875739967582],[0.945181549137025,51.8873495200725],[0.945166860076878,51.8871250433758],[0.944804105479629,51.8871341267693],[0.944789418345164,51.8869096499961],[0.944426665300778,51.8869187322063],[0.944063912070028,51.8869278132986],[0.944049228600432,51.8867033363835],[0.943686476922576,51.8867124162925],[0.943671795378549,51.8864879393008],[0.943309045253595,51.8864970180265],[0.943294365635093,51.8862725409584],[0.942931617063046,51.8862816185008],[0.942568868304735,51.8862906949254],[0.942554192350888,51.8860662177154],[0.942191445145515,51.8860752929567],[0.942176771117083,51.8858508156703],[0.941814025464655,51.8858598897283],[0.94179935336159,51.8856354123655],[0.941436609262113,51.8856444852403],[0.94142193908437,51.8854200078011],[0.941059196537851,51.8854290794926],[0.941044528285385,51.885204601977],[0.940681787291829,51.8852136724854],[0.940319046112157,51.885222741876],[0.940304381524006,51.8849982642186],[0.93994164189733,51.885007332426],[0.939926979234346,51.8847828546922],[0.939564241160671,51.8847919217165],[0.939549580422807,51.8845674439063],[0.939186843902138,51.8845765097475],[0.939172185089348,51.884352031861],[0.938809450121693,51.884361096519],[0.938794793233933,51.8841366185562],[0.938432059819297,51.8841456820311],[0.93841740485652,51.8839212039919],[0.93805467299491,51.8839302662837],[0.938040022593026,51.8837057878221],[0.937677292044362,51.8837148489594],[0.937662645636855,51.8834903701435],[0.937299916558085,51.8834994301032],[0.937285271977611,51.8832749512176],[0.936922544368737,51.8832840099998],[0.936907901615253,51.8830595310444],[0.936545175476282,51.8830685886491],[0.936182449158818,51.8830776451357],[0.936167809880681,51.8828531660512],[0.93580508503315,51.8828622213603],[0.935790447581894,51.8826377422062],[0.9354277242043,51.8826467963378],[0.935413088579885,51.8824223171139],[0.935775810309116,51.8824132630416],[0.936138531859905,51.8824042078511],[0.93612389311726,51.8821797287353],[0.93648661284125,51.882170672486],[0.936471972628784,51.8819461934191],[0.936834690525984,51.8819371361109],[0.937197408244684,51.8819280776845],[0.937560125784864,51.8819190181401],[0.937545480806051,51.8816945392406],[0.937908196519411,51.8816854786374],[0.937893550070912,51.8814609997868],[0.93753083600581,51.8814700603308],[0.93751619138414,51.8812455814105],[0.937878903801006,51.8812365209259],[0.938241616039319,51.8812274593231],[0.938604328099058,51.8812183966023],[0.938967039980201,51.8812093327634],[0.938952388944259,51.88098485407],[0.938937738086969,51.8807603753662],[0.939300446493113,51.8807513105279],[0.939663154720628,51.8807422445715],[0.939677808874275,51.8809667231566],[0.940040518571309,51.8809576560228],[0.940025862769488,51.8807331774971],[0.94001120714638,51.8805086989609],[0.939996551701984,51.8802842204143],[0.939981896436295,51.8800597418572],[0.939967241349311,51.8798352632897],[0.940329942627034,51.8798261953347],[0.940692643726073,51.8798171262617],[0.941055344646408,51.8798080560706],[0.941070004677633,51.88003253446],[0.941432707067317,51.8800234630915],[0.941795409278253,51.8800143906049],[0.941810072784438,51.880238868865],[0.941447368925409,51.8802479414109],[0.941462030962296,51.88047241972],[0.941099325276397,51.8804814912073],[0.941113985843942,51.8807059695653],[0.941128646590266,51.8809304479128],[0.941491355572467,51.8809213763067],[0.941854064375906,51.8809123035824],[0.942216773000563,51.8809032297401],[0.942579481446416,51.8808941547797],[0.942942189713445,51.8808850787012],[0.942927520726342,51.8806606006508],[0.943290227166378,51.8806515235137],[0.943275556710039,51.8804270455124],[0.94363826132309,51.8804179673167],[0.943652933427551,51.8806424452586],[0.944015639509838,51.8806333658854],[0.944000965757259,51.8804088880029],[0.944363670012525,51.8803998075711],[0.944348994790803,51.8801753297377],[0.944711697219055,51.8801662482474],[0.944726374088866,51.8803907260213],[0.945089077986264,51.8803816433534],[0.945103756683181,51.8806061210573],[0.945118435559119,51.8808305987508],[0.945481142573784,51.8808215148458],[0.945843849409456,51.8808124298227],[0.946206556066115,51.8808033436816],[0.946569262543736,51.8807942564224],[0.946931968842301,51.8807851680452],[0.947294674961789,51.8807760785498],[0.947309363905606,51.8810005558756],[0.947672071494126,51.8809914652027],[0.948034778903524,51.8809823734117],[0.948397487489503,51.8809732803725],[0.948760198883408,51.8809641859277],[0.949122910085597,51.880955090365],[0.949485621096045,51.8809459936842],[0.949848331914728,51.8809368958854],[0.950211042541625,51.8809277969685],[0.95057375297671,51.8809186969336],[0.950936463219962,51.8809095957808],[0.950951170134841,51.8811340724795],[0.9513138819886,51.8811249701485],[0.951299173271355,51.8809004935099],[0.951661883130868,51.8808913901209],[0.952024592798475,51.880882285614],[0.95203930512044,51.8811067621323],[0.952402016398475,51.8810976564472],[0.952387302274156,51.880873179989],[0.952372588341846,51.8806487035204],[0.952735295823246,51.8806395968376],[0.952720580280637,51.8804151204187],[0.953083285767764,51.8804060126781],[0.953068568614902,51.8801815363088],[0.953431272107763,51.8801724275104],[0.953416553344695,51.8799479511908],[0.953779254843296,51.8799388413346],[0.953764534470069,51.8797143650647],[0.954127233974418,51.8797052541507],[0.954489933286715,51.8796961421188],[0.95447520950118,51.8794716659589],[0.954837906819212,51.8794625528692],[0.954823181423639,51.8792380767589],[0.955185876747409,51.8792289626116],[0.955171149741845,51.879004486551],[0.955533843071362,51.878995371346],[0.955896536208744,51.878986255023],[0.955881805791122,51.8787617790724],[0.956244496934239,51.8787526616918],[0.956229764906745,51.878528185791],[0.956592454055601,51.8785190673527],[0.956577720418283,51.8782945915016],[0.956940407572885,51.8782854720057],[0.956925672325789,51.8780609962044],[0.957288357486144,51.8780518756509],[0.957273620629317,51.8778273998994],[0.957636303795433,51.8778182782882],[0.957621565328921,51.8775938025865],[0.957984246500802,51.8775846799178],[0.957969506424653,51.8773602042659],[0.958332185602308,51.8773510805396],[0.958317443916567,51.8771266049374],[0.958302702423181,51.8769021293248],[0.958287961122145,51.8766776537016],[0.958273220013455,51.8764531780679],[0.958258479097109,51.8762287024237],[0.958243738373103,51.876004226769],[0.958606406547283,51.8759951022868],[0.958969074529161,51.8759859766867],[0.958983818856771,51.8762104522208],[0.95934648844812,51.8762013254427],[0.959361234769939,51.8764258009059],[0.959723905970752,51.8764166729496],[0.959709157847117,51.8761921975467],[0.960071827053736,51.8761830685329],[0.960057077320743,51.8759585931799],[0.960042327780204,51.8757341178163],[0.959679662177142,51.8757432467094],[0.959664914630797,51.8755187712749],[0.959302250637113,51.8755278989899],[0.958939586451087,51.875537025587],[0.958576922072741,51.8755461510664],[0.958591664213833,51.8757706266818],[0.958228997841435,51.8757797511037],[0.958214257502099,51.8755552754279],[0.957851592739184,51.8755643986717],[0.95748892778402,51.8755735207977],[0.957503664519832,51.8757979965941],[0.957140997570674,51.8758071176626],[0.956778330429311,51.8758162376133],[0.956763597297038,51.8755917616963],[0.956400931765266,51.8756008804689],[0.956038266041339,51.8756099981237],[0.956023536300508,51.8753855215514],[0.955660872222469,51.8753946380654],[0.955298207951758,51.8754037534626],[0.955283481610352,51.875179276201],[0.954920818955633,51.8751883904087],[0.954906094615541,51.8749639130628],[0.954543433576821,51.8749730260809],[0.954180772345506,51.8749821379823],[0.954166051815282,51.8747576604793],[0.953803392199999,51.8747667711912],[0.953788673670976,51.874542293604],[0.953426015671732,51.8745514031264],[0.953063357479972,51.874560511532],[0.953048642760664,51.8743360337877],[0.952685986184975,51.8743451410039],[0.952323329416821,51.8743542471033],[0.952308618507146,51.8741297692021],[0.951945963355097,51.8741388741121],[0.951583308010631,51.8741479779053],[0.951220652473772,51.8741570805818],[0.951205947182178,51.873932602451],[0.950843293261485,51.8739417039381],[0.95048063914845,51.8739508043085],[0.950117984843095,51.8739599035621],[0.950103285169469,51.8737354252018],[0.94974063248034,51.8737445232661],[0.949377979598944,51.8737536202136],[0.949015326525301,51.8737627160444],[0.948652673259437,51.8737718107585],[0.948637981012172,51.8735473320961],[0.948275329371893,51.8735564256128],[0.947912677884636,51.8735655177133],[0.947550026207377,51.8735746086962],[0.947187374340142,51.8735836985614],[0.947172689452345,51.8733592196197],[0.946810039177217,51.8733683083061],[0.94644738871216,51.8733773958748],[0.946084738057197,51.8733864823259],[0.945722087212352,51.8733955676594],[0.945359436177648,51.8734046518752],[0.944996784953108,51.8734137349734],[0.944982110947612,51.8731892556541],[0.944619461315318,51.8731983375735],[0.944256811493237,51.8732074183753],[0.943894161481391,51.8732164980594],[0.943531511279806,51.8732255766259],[0.943168860888502,51.8732346540747],[0.942806210307503,51.8732437304059],[0.942443559536834,51.8732528056195],[0.942458221067835,51.8734772853664],[0.942095568325432,51.8734863595234],[0.942110228264031,51.8737108393208],[0.94174757354989,51.8737199124212],[0.94176223189604,51.8739443922691],[0.941776890431855,51.8741688721064],[0.941791549157338,51.8743933519331],[0.941806208072492,51.8746178317493],[0.94182086717732,51.8748423115548],[0.941835526471826,51.8750667913498],[0.942198191879115,51.8750577178831],[0.942212853145575,51.8752821976065],[0.942227514672629,51.8755066772588],[0.942242177898415,51.875731155609],[0.942256841303001,51.8759556339488],[0.941894169111454,51.8759647076016],[0.941908831047151,51.8761891859904],[0.94192349316163,51.8764136643687],[0.941938155454897,51.8766381427366],[0.941952817926954,51.876862621094],[0.941967480577804,51.877087099441],[0.94198214340745,51.8773115777775],[0.94161946115066,51.877320650669],[0.941634122511278,51.8775451290544],[0.941648784050675,51.8777696074295],[0.941286098319469,51.8777786793218],[0.941300758389775,51.8780031577458],[0.940938070831972,51.8780122285796],[0.940923412409542,51.8777877500962],[0.940560726320918,51.8777968197527],[0.940198040053618,51.8778058882912],[0.940212695180283,51.8780303668934],[0.939850007086441,51.8780394343733],[0.939864660743897,51.8782639130244],[0.939501970823505,51.8782729794457],[0.939516623011709,51.8784974581458],[0.939153931264762,51.8785065235084],[0.939168581983668,51.8787310022574],[0.93880588841016,51.8787400665615],[0.938443194658065,51.8787491297475],[0.938080500727411,51.8787581918156],[0.937717806618215,51.8787672527657],[0.937355112330498,51.8787763125977],[0.936992417864283,51.8787853713118],[0.936977777033188,51.8785608922068],[0.936615084036475,51.8785699497436],[0.936600445031845,51.8783454705688],[0.936237753504639,51.8783545269283],[0.935875061799002,51.8783635821698],[0.935889697507707,51.878588061463],[0.935904333394855,51.8788125407459],[0.935541638214856,51.8788215949879],[0.935556272632439,51.8790460743196],[0.935570907228448,51.8792705536408],[0.935585542002888,51.8794950329516],[0.935600176955761,51.879719512252],[0.935237475005184,51.879728565613],[0.934874772876222,51.8797376178561],[0.934889404711326,51.8799620972645],[0.934526700755894,51.8799711484487],[0.934541331121265,51.880195627906],[0.934555961665013,51.8804201073528],[0.934918668916723,51.88041105605],[0.934933301287023,51.8806355354271],[0.934947933835726,51.8808600147938],[0.935310644205426,51.8808509622544],[0.93532527858075,51.8810754415514],[0.935339913134507,51.8812999208379],[0.935354547866699,51.881524400114],[0.934991832552294,51.8815334528312],[0.934629117059503,51.8815425044302],[0.934614485623827,51.8813180250356],[0.934599854366544,51.8810935456305],[0.934585223287648,51.880869066215],[0.934222512561213,51.8808781165182],[0.934207883308902,51.880653637033],[0.934193254234951,51.8804291575374],[0.933830546626558,51.880438206604],[0.933815919379121,51.8802137270387],[0.933801292310017,51.879989247463],[0.934163996622117,51.8799801985149],[0.93414936808323,51.879755718988],[0.934512070568897,51.879746668981],[0.93449744056027,51.8795221895029],[0.93448281073001,51.8792977100144],[0.934468181078115,51.8790732305153],[0.934830878441251,51.8790641795681],[0.934816247319697,51.8788397001179],[0.935178942856462,51.8788306481119],[0.935164310265294,51.8786061687105],[0.935527003975696,51.8785971156458],[0.935512369914958,51.8783726362932],[0.935497736032637,51.8781481569303],[0.935483102328731,51.8779236775568],[0.935468468803235,51.8776991981729],[0.93545383545615,51.8774747187786],[0.935091149985377,51.877483771547],[0.935076518464557,51.877259292083],[0.934713834463293,51.8772683436742],[0.934351150283699,51.8772773941475],[0.934365778508791,51.87750187373],[0.934003092503018,51.8775109231445],[0.934017719258559,51.8777354027759],[0.934032346192419,51.8779598823968],[0.934046973304605,51.8781843620072],[0.933684282176794,51.8781934104815],[0.933321590870705,51.8782024578378],[0.932958899386358,51.878211504076],[0.932973521732982,51.8784359838537],[0.93261082842243,51.8784450290332],[0.932596207723775,51.8782205491963],[0.932233515882977,51.8782295931987],[0.931870823863983,51.878238636083],[0.93185620663947,51.8780141561173],[0.93221889701051,51.8780051132922],[0.932204278316259,51.8777806333752],[0.93256696686118,51.8777715894913],[0.932552346697235,51.8775471096231],[0.932915033416043,51.8775380646804],[0.933277719956624,51.8775290186198],[0.93326309667515,51.8773045388596],[0.933625781389607,51.8772954917402],[0.93361115663855,51.8770710120287],[0.93397383952689,51.8770619638506],[0.934336522236944,51.8770529145545],[0.934321894368524,51.8768284349511],[0.934684575252452,51.8768193845963],[0.934669945914561,51.8765949050417],[0.935032624972366,51.8765858536283],[0.935017994165049,51.8763613741225],[0.93538067139674,51.8763523216504],[0.935366039120042,51.8761278421934],[0.935728714525624,51.8761187886626],[0.936091389752828,51.876109734014],[0.936076754359067,51.8758852546651],[0.936062119143734,51.8756607753058],[0.936424790897122,51.8756517196578],[0.936410155369729,51.8754272399219],[0.936395522620021,51.8752027592228],[0.936380890059647,51.8749782785131],[0.936743556526637,51.8749692218732],[0.936728922373317,51.8747447412139],[0.936714288409346,51.8745202605439],[0.936699654634721,51.8742957798634],[0.937062315565665,51.8742867222886],[0.937047680198182,51.8740622416584],[0.937033045020061,51.8738377610176],[0.937395702197315,51.8738287024471],[0.937381065426402,51.8736042218567],[0.937366428844869,51.8733797412557],[0.937729082268516,51.8733706816893],[0.937714444094257,51.8731462011387],[0.937699806109394,51.8729217205775],[0.938062455779516,51.8729126600153],[0.938047816201993,51.8726881795045],[0.937685168313923,51.8726972400057],[0.937670530707843,51.8724727594234],[0.937655893291149,51.8722482788304],[0.938018537615183,51.8722392184512],[0.938003898605889,51.8720147379086],[0.938366540958585,51.8720056764726],[0.938351900356739,51.8717811959805],[0.938337259944315,51.8715567154777],[0.93832261972131,51.8713322349644],[0.937959982714415,51.8713412962175],[0.937597345518177,51.8713503563529],[0.937234708132621,51.8713594153709],[0.936872070557768,51.8713684732712],[0.93688670365311,51.8715929540283],[0.936524064107062,51.871602010872],[0.936538695609784,51.8718264916794],[0.936176054092532,51.8718355474664],[0.936190684002587,51.8720600283242],[0.935828040514126,51.8720690830545],[0.935842668831469,51.8722935639626],[0.935480023371791,51.8723026176362],[0.93511737772292,51.8723116701921],[0.935102752969587,51.8720871891622],[0.934740108913555,51.8720962405397],[0.934725486131426,51.8718717594383],[0.93436284366824,51.8718808096373],[0.934348222857269,51.8716563284645],[0.934333602235462,51.8714318472811],[0.933970963147076,51.8714408962407],[0.933956344496355,51.871216414986],[0.933593707000807,51.8712254627671],[0.933579090321124,51.8710009814409],[0.933216454418422,51.8710100280437],[0.932853818326684,51.8710190735289],[0.932868431442549,51.8712435549768],[0.933231069316197,51.8712345094307],[0.933245684403062,51.8714589908072],[0.933260299679018,51.8716834721731],[0.932897658241481,51.8716925178408],[0.93288304474748,51.8714680364141],[0.932520404902881,51.8714770809033],[0.932157764869285,51.8714861242749],[0.932172374799362,51.8717106058233],[0.932186984918466,51.8719350873611],[0.932549628516011,51.8719260438679],[0.932912271924552,51.871916999257],[0.93327491514407,51.8719079535284],[0.93328953079822,51.8721324348732],[0.933304146641472,51.8723569162074],[0.933318762673829,51.872581397531],[0.932956114108235,51.872590443442],[0.932593465353604,51.8725994882354],[0.932578852885349,51.8723750067901],[0.932216205723762,51.872384050405],[0.932230816409962,51.8726085319111],[0.932245427285202,51.8728330134066],[0.932608078010921,51.8728239696701],[0.932622690857304,51.8730484510942],[0.932637303892754,51.8732729325078],[0.932274649602806,51.873281976366],[0.93191199512386,51.8732910191065],[0.931549340751316,51.8733000607195],[0.931186687414008,51.8733091011744],[0.931172081483896,51.87308461951],[0.930809429677075,51.8730936587823],[0.930794825644314,51.8728691770416],[0.930780221794994,51.8726446952899],[0.930417573232529,51.8726537333143],[0.930402971280489,51.8724292514864],[0.930388369511862,51.8722047696476],[0.930373767926645,51.8719802877978],[0.93001112432228,51.8719893245089],[0.929996524634245,51.8717648425829],[0.929981925129591,51.871540360646],[0.929967325808314,51.8713158786981],[0.929952726670412,51.8710913967393],[0.92993812771588,51.8708669147695],[0.929923528944715,51.8706424327888],[0.929560895439364,51.8706514679909],[0.929546298565209,51.870426985934],[0.929531701874394,51.8702025038661],[0.929169071613022,51.8702115378204],[0.929154476819146,51.8699870556763],[0.928791848088115,51.8699960884481],[0.928777255191134,51.8697716062279],[0.928414627990448,51.8697806378172],[0.928400036990317,51.8695561555207],[0.928385446173444,51.8693316732133],[0.928370855539827,51.869107190895],[0.928356265089462,51.8688827085657],[0.928341674822347,51.8686582262255],[0.928704293455432,51.8686491949625],[0.929066911905295,51.8686401625824],[0.929052318394523,51.8684156803618],[0.929414934947697,51.8684066469298],[0.92940033990679,51.8681821647636],[0.929762954563278,51.8681731302798],[0.92974835799228,51.8679486481679],[0.92973376160461,51.8677241660452],[0.930096372651049,51.8677151305749],[0.930081774733353,51.8674906485064],[0.930444383883146,51.8674816119844],[0.930429784435469,51.8672571299703],[0.930792391688624,51.8672480923965],[0.93077779098612,51.8670236100554],[0.931140396298709,51.867014571415],[0.93112579414492,51.8667900889131],[0.93148839746086,51.8667810492367],[0.931503001420473,51.8670055316587],[0.931865606119288,51.8669964906645],[0.932228210517072,51.8669874484957],[0.932213602978433,51.8667629662295],[0.932576205391908,51.8667539230173],[0.932561596248968,51.8665294408125],[0.932546987296064,51.8663049585962],[0.9321843884712,51.8663140016625],[0.9321697815026,51.8660895193616],[0.932532378533194,51.8660804763683],[0.932517769960353,51.8658559941289],[0.932880365006723,51.8658469500923],[0.932865754829689,51.8656224679143],[0.932503161577539,51.8656315118779],[0.932488553384748,51.8654070296154],[0.932125961736826,51.8654160723897],[0.932111355528233,51.8651915900426],[0.932473945381977,51.8651825473413],[0.932459337569223,51.8649580650557],[0.932821925438851,51.8649490213111],[0.932807316021982,51.8647245390869],[0.932792706795148,51.8645000568511],[0.933155290886566,51.8644910121361],[0.933140680055683,51.8642665299619],[0.933126069414852,51.864042047776],[0.932763488911565,51.864051092345],[0.932778097758343,51.8642755746038],[0.932415515271028,51.8642846181295],[0.932052932593759,51.8642936605388],[0.931690349726562,51.8643027018318],[0.931327766503534,51.8643117417953],[0.931342368363472,51.8645362243505],[0.930979783104489,51.8645452632272],[0.930617197654716,51.8645543009881],[0.930254612014182,51.8645633376333],[0.929892026182902,51.8645723731626],[0.929529440160904,51.8645814075762],[0.929514847328834,51.8643569246212],[0.929500254687507,51.8641324416541],[0.929137672085959,51.8641414747921],[0.928775089293745,51.8641505068143],[0.928412506310889,51.8641595377207],[0.928427093535526,51.8643840209274],[0.928064508556482,51.864393050798],[0.927701923386843,51.8644020795527],[0.927716507190962,51.8646265629071],[0.927353920025147,51.864635590626],[0.926991332668778,51.864644617229],[0.927005913052277,51.8648691007311],[0.926643323699746,51.8648781262981],[0.926657902468178,51.865102609868],[0.926672481427176,51.8653270934257],[0.926687060576742,51.8655515769713],[0.92632446561666,51.8655606016621],[0.926339043151072,51.8657850852754],[0.925976446194764,51.8657941089302],[0.925991022113973,51.8660185926113],[0.925628423161432,51.8660276152301],[0.925642997465392,51.8662520989789],[0.925657571959864,51.8664765827156],[0.925294969205276,51.8664856043782],[0.925309542084433,51.8667100881826],[0.92494693733357,51.8667191088091],[0.924961508597365,51.8669435926813],[0.924598901850223,51.8669526122717],[0.924613471618179,51.8671770961606],[0.924628043469292,51.8674015792294],[0.924265433102802,51.8674105978129],[0.924280003423542,51.867635080936],[0.924294573927265,51.8678595640482],[0.924309144613975,51.8680840471495],[0.923946528924346,51.8680930648114],[0.923961098080599,51.8683175479669],[0.923975667419823,51.8685420311115],[0.923613048120349,51.8685510477865],[0.923250428637966,51.8685600633445],[0.923264994733172,51.8687845466084],[0.923627615929051,51.8687755309854],[0.923990236942018,51.8687665142451],[0.92435285777205,51.8687574963877],[0.924715478419124,51.8687484774132],[0.925078098883218,51.8687394573216],[0.925440719164311,51.8687304361128],[0.92580333926238,51.8687214137868],[0.925817917535082,51.8689458965837],[0.926180539163603,51.8689368730754],[0.926543160609052,51.8689278484499],[0.926557742491883,51.8691523311054],[0.926195119332918,51.8691613557961],[0.925832495990878,51.8691703793696],[0.925469872465786,51.8691794018259],[0.925455295723513,51.8689549189748],[0.925092673728917,51.8689639402488],[0.924730051551317,51.8689729604056],[0.924367429190734,51.8689819794453],[0.924382000792419,51.869206462492],[0.92439657257711,51.8694309455277],[0.924411144544809,51.8696554285525],[0.924048516860593,51.8696644466705],[0.923685888993429,51.8696734636714],[0.923323260943339,51.8696824795551],[0.923337827953231,51.8699069627644],[0.922975198006626,51.869915977596],[0.922989763485832,51.8701404608596],[0.923004329147964,51.8703649441122],[0.923018894993026,51.870589427354],[0.922656259722555,51.8705984412638],[0.922293624269212,51.8706074540564],[0.92193098863302,51.8706164657318],[0.921568352814,51.8706254762899],[0.921582911987156,51.8708499597812],[0.921220274271613,51.8708589692873],[0.920857636373282,51.8708679776761],[0.920494998292187,51.8708769849476],[0.920132360028349,51.870885991102],[0.920146912529373,51.8711104748426],[0.919784272369062,51.8711194799448],[0.919421632026049,51.8711284839297],[0.919058991500357,51.8711374867974],[0.919073539042805,51.8713619707223],[0.918710896620672,51.8713709725377],[0.918348254015898,51.8713799732359],[0.917985611228509,51.8713889728168],[0.917622968258527,51.8713979712805],[0.917260325105971,51.8714069686269],[0.916897681770865,51.871415964856],[0.916535038253231,51.8714249599679],[0.916172394553091,51.8714339539624],[0.916186928567691,51.8716584383965],[0.915824282971236,51.8716674313388],[0.915461637192315,51.8716764231638],[0.915476167961722,51.8719009077169],[0.915490698913605,51.872125392259],[0.915128049524496,51.8721343830966],[0.914765398226001,51.8721433735607],[0.914779925999166,51.8723678581952],[0.91441727108811,51.8723768483504],[0.91443179720512,51.8726013330965],[0.914069140251321,51.8726103222669],[0.914083664712127,51.8728348071246],[0.913721005715578,51.8728437953103],[0.913358346525806,51.8728527823836],[0.912995687142834,51.8728617683446],[0.912633027566687,51.8728707531934],[0.912270367797388,51.8728797369298],[0.912255852584141,51.8726552514346],[0.911893194471236,51.8726642339313],[0.911530536165232,51.8726732153156],[0.91151602484414,51.8724487295496],[0.911153368194565,51.8724577096942],[0.910790711351941,51.8724666887264],[0.910776203922921,51.8722422026896],[0.91041354873676,51.8722511804822],[0.910050893357603,51.8722601571624],[0.910036389820564,51.8720356708549],[0.909673736097905,51.8720446462954],[0.909659234603317,51.8718201598445],[0.909296582537164,51.8718291340453],[0.909282083084977,51.8716046474512],[0.909267583825737,51.8713801608411],[0.909630232193064,51.8713711868951],[0.909992880367455,51.8713622118368],[0.909978377602406,51.8711377254656],[0.909963875030347,51.8709132390785],[0.91032651931306,51.8709042631628],[0.910312015084662,51.8706797768872],[0.910297511049271,51.8704552905957],[0.910283007206883,51.8702308042883],[0.910645645748727,51.8702218276425],[0.910631140250089,51.8699973414466],[0.910616634944472,51.8697728552348],[0.910979269594858,51.8697638777316],[0.910964762633058,51.8695393916313],[0.911327395241243,51.8695304131434],[0.91131288662331,51.8693059271546],[0.911298378198434,51.8690814411498],[0.911283869966613,51.8688569551292],[0.911269361927843,51.8686324690926],[0.9109067367162,51.8686414470708],[0.910892230719552,51.8684169608909],[0.910529607163997,51.8684259376295],[0.910544111311565,51.8686504239368],[0.910181485713961,51.8686593996907],[0.910166983415476,51.868434913256],[0.910152481309963,51.8682104268053],[0.910137979397419,51.8679859403388],[0.910123477677842,51.8677614538563],[0.909760859283494,51.8677704279884],[0.909398240696242,51.8677794010084],[0.909412738717789,51.8680038877457],[0.909427236932253,51.868228374467],[0.909064614454055,51.8682373466297],[0.908701991782991,51.8682463176801],[0.908339368919088,51.8682552876185],[0.907976745862368,51.8682642564446],[0.907614122612857,51.8682732241587],[0.907251499170578,51.8682821907605],[0.906888875535555,51.8682911562502],[0.906526251707812,51.8683001206278],[0.906540735322558,51.868524608352],[0.906178109453026,51.8685335717446],[0.906192591411387,51.8687580595802],[0.905829963500057,51.868767021988],[0.905815483390817,51.8685425340252],[0.905801003474264,51.8683180460463],[0.905786523750394,51.8680935580517],[0.905423901193715,51.8681025189654],[0.90540942351158,51.8678780308275],[0.905046802611337,51.8678869905018],[0.905032326970889,51.8676625022208],[0.905017851523063,51.8674380139238],[0.904655234128279,51.8674469722315],[0.904669707727091,51.8676714606557],[0.904307088290729,51.8676804179784],[0.904292616540933,51.8674559294269],[0.90392999876105,51.8674648855103],[0.903567380788653,51.8674738404815],[0.903204762623767,51.8674827943405],[0.902842144266415,51.8674917470874],[0.902479525716622,51.8675006987222],[0.902116906974413,51.8675096492448],[0.90175428803981,51.8675185986552],[0.901768746846397,51.8677430880972],[0.901783205845394,51.8679675775234],[0.901797665036807,51.8681920669336],[0.901435040362633,51.8682010156135],[0.901449497897349,51.868425505135],[0.901086871181703,51.8684344528299],[0.901101327059672,51.8686589424627],[0.901115783130019,51.8688834320797],[0.900753152523725,51.8688923789167],[0.900767606937258,51.8691168686449],[0.900404974289451,51.8691258144969],[0.900419427046123,51.8693503043365],[0.900433879995134,51.8695747941601],[0.900448333136487,51.8697992839679],[0.900810971332026,51.8697903377345],[0.901173609335235,51.8697813903888],[0.901536247146089,51.8697724419308],[0.901898884764564,51.8697634923606],[0.902261522190638,51.8697545416782],[0.902275984770761,51.8699790308341],[0.902638623853684,51.8699700789122],[0.903001262744153,51.8699611258781],[0.903363901442143,51.8699521717317],[0.90337836976262,51.8701766604901],[0.90339283827564,51.8704011492326],[0.903030195879043,51.8704101036335],[0.902667553289958,51.8704190569221],[0.902682018296841,51.8706435459032],[0.902696483496228,51.8708680348684],[0.903059129784021,51.8708590813253],[0.903073597025302,51.8710835701474],[0.903436244969991,51.8710746153648],[0.903450714253217,51.8712991040437],[0.903813363854796,51.8712901480216],[0.903827835180013,51.8715146365574],[0.904190486438474,51.8715056792957],[0.90420495980573,51.8717301676884],[0.904567612721068,51.8717212091871],[0.904930265443803,51.8717122495735],[0.905292917973914,51.8717032888476],[0.905655570311376,51.8716943270095],[0.905670051269116,51.8719188148771],[0.906032705263365,51.8719098517993],[0.906395359064912,51.8719008876092],[0.906758012673734,51.8718919223067],[0.906772499372628,51.8721164097765],[0.907135154638174,51.8721074432344],[0.907497809710944,51.8720984755801],[0.907860464590913,51.8720895068134],[0.908223119278057,51.8720805369344],[0.908237613567708,51.8723050238788],[0.908600269911489,51.8722960527602],[0.908962926062392,51.8722870805292],[0.908977424243941,51.872511567203],[0.908991922618428,51.8727360538609],[0.908629262768492,51.8727450263467],[0.908643759486368,51.872969513116],[0.908658256397165,51.8731939998695],[0.908672753500884,51.873418486607],[0.908687250797531,51.8736429733287],[0.908324583356348,51.8736519452116],[0.908310087909328,51.8734274583626],[0.907947422124902,51.8734364290058],[0.90796191572229,51.8736609159822],[0.907599247895386,51.8736698856404],[0.907236579875658,51.8736788541862],[0.90725106996661,51.8739033414014],[0.906888399904417,51.8739123089622],[0.906902888338521,51.8741367962888],[0.907265560250402,51.8741278286007],[0.907628231969477,51.8741188598001],[0.907642724295818,51.8743433468562],[0.908005397671766,51.8743343768159],[0.908019892040705,51.8745588637287],[0.90803438660254,51.8747833506255],[0.908397063485107,51.8747743792181],[0.908411560089616,51.8749988659716],[0.90842605688705,51.8752233527093],[0.908788737276292,51.8752143799347],[0.908803236116473,51.8754388665291],[0.908817739767991,51.8756633500813],[0.908832245185598,51.8758878325898],[0.908469559590193,51.8758968054451],[0.908484063400091,51.8761212879935],[0.908846750791883,51.8761123150887],[0.908861256586847,51.8763367975778],[0.909223945586368,51.8763278235048],[0.909586634397183,51.8763188483131],[0.909949323019273,51.8763098720026],[0.910312011452611,51.8763008945735],[0.910674699697176,51.8762919160257],[0.911037387752943,51.8762829363592],[0.911400075619891,51.876273955574],[0.911762763297994,51.8762649736702],[0.91212545078723,51.8762559906477],[0.912488138087576,51.8762470065064],[0.912850825199008,51.8762380212465],[0.913213512121502,51.876229034868],[0.913576198855036,51.8762200473707],[0.913938885399587,51.8762110587548],[0.913924354455231,51.8759865769599],[0.914287039014415,51.8759775872749],[0.914649723384571,51.8759685964713],[0.914664257921645,51.8761930781669],[0.915026942797606,51.8761840866701],[0.915389623026898,51.8761750959786],[0.915752303073256,51.8761661041673],[0.916114982936659,51.8761571112362],[0.91610044167966,51.8759326295994],[0.916463119640533,51.8759236355844],[0.916477662617086,51.8761481171853],[0.916840342114512,51.8761391220146],[0.917203021428918,51.8761301257242],[0.917565700560279,51.876121128314],[0.917551152425085,51.8758966468207],[0.91791382965384,51.8758876483266],[0.91827650669951,51.8758786487128],[0.918639183562073,51.8758696479791],[0.919001860241506,51.8758606461257],[0.919016415254845,51.8760851274753],[0.918653736855879,51.8760941293646],[0.918668290332827,51.8763186107416],[0.918682843992917,51.87654309211],[0.919045525831012,51.8765340901488],[0.919408207485946,51.8765250870678],[0.919770888957698,51.876516082867],[0.919785447959723,51.8767405641191],[0.919422764768378,51.8767495683558],[0.919060081393847,51.8767585714727],[0.918697397836152,51.8767675734698],[0.918334714095315,51.8767765743471],[0.917972030171359,51.8767855741046],[0.917609346064306,51.8767945727423],[0.917246661774177,51.8768035702602],[0.916883977300995,51.8768125666583],[0.916898522729224,51.877037048189],[0.91653583635337,51.8770460435031],[0.916521292644782,51.8768215619365],[0.916158607805561,51.876830556095],[0.915795922783352,51.8768395491336],[0.91543323757818,51.8768485410525],[0.915070552190066,51.8768575318515],[0.914707862667217,51.8768665231955],[0.914693327562964,51.876642041529],[0.914330637803667,51.8766510324816],[0.91396794785533,51.8766600223155],[0.913982479366726,51.8768845040814],[0.913619787432944,51.8768934928463],[0.913257095310168,51.8769024804925],[0.913242567391645,51.8766779986273],[0.912879876876339,51.8766869851051],[0.912517186172089,51.8766959704643],[0.91215449527892,51.8767049547047],[0.912169017808113,51.8769294367188],[0.91218354052621,51.8771539187231],[0.912198063433212,51.8773784007178],[0.911835366961725,51.8773873839884],[0.911472670301355,51.8773963661402],[0.911109973452123,51.8774053471733],[0.910747276414056,51.8774143270877],[0.910384579187176,51.8774233058834],[0.910021881771505,51.8774322835603],[0.910007369643532,51.8772078012681],[0.90964467383561,51.8772167777767],[0.909281977838948,51.8772257531666],[0.909267469492732,51.8770012707657],[0.909252961335231,51.8767767883551],[0.909238453366444,51.8765523059348],[0.908875762570494,51.8765612800573],[0.908890268742829,51.8767857625272],[0.908527575961738,51.8767947355806],[0.90851307158586,51.8765702530612],[0.908498567398645,51.8763457705322],[0.908135878021787,51.8763547423679],[0.907773188456295,51.8763637130848],[0.907787689050634,51.8765881957129],[0.907424997500089,51.8765971653607],[0.907062305760952,51.8766061338897],[0.907076802950973,51.8768306166071],[0.906714109226797,51.876839584067],[0.906351415314074,51.8768485504081],[0.905988721212827,51.8768575156305],[0.905974229412233,51.8766330327647],[0.905959737800139,51.8764085498893],[0.905597047103332,51.8764175138941],[0.905582557476171,51.8761930309595],[0.905568068037479,51.8759685480153],[0.905553578787254,51.8757440650614],[0.905539089725493,51.8755195820978],[0.905524606830896,51.8752950948586],[0.905161924706461,51.8753040576213],[0.905147444557323,51.8750795697375],[0.904784764090038,51.8750885312604],[0.9044220834301,51.8750974916709],[0.904059402577536,51.8751064509689],[0.903696721532368,51.8751154091545],[0.903334040294621,51.8751243662277],[0.902971358864319,51.8751333221884],[0.902956890006767,51.8749088335251],[0.90294242134178,51.8746843448459],[0.902927952869354,51.8744598561508],[0.902913484589487,51.8742353674398],[0.902899016502175,51.8740108787129],[0.902884548607414,51.8737863899702],[0.902521878083167,51.8737953440549],[0.902507412230636,51.8735708551691],[0.902492946570626,51.8733463662673],[0.902478481103134,51.8731218773496],[0.902464015828156,51.8728973884161],[0.90244955074569,51.8726728994666],[0.902086889277137,51.8726818518029],[0.902072426236744,51.8724573627103],[0.902057963388831,51.8722328736019],[0.902043500733395,51.8720083844776],[0.901680844621029,51.8720173353198],[0.901695305426944,51.8722418245713],[0.901332647272643,51.8722507744285],[0.90096998892595,51.8722597231732],[0.900607330386892,51.8722686708056],[0.900592875129556,51.8720441811725],[0.900578420064601,51.8718196915235],[0.900215765032243,51.8718286377892],[0.900201312009149,51.8716041479972],[0.900186859178402,51.8713796581893],[0.900172406539999,51.8711551683655],[0.900157954093939,51.8709306785258],[0.899795306267083,51.8709396231705],[0.899780855862754,51.8707151331878],[0.899766405650737,51.8704906431891],[0.899751955631027,51.8702661531747],[0.899389313160016,51.8702750963256],[0.899026670496764,51.8702840383643],[0.898664027641297,51.8702929792907],[0.898301384593638,51.8703019191049],[0.897938741302141,51.8703108581736],[0.897576097817172,51.8703197961412],[0.897213454140387,51.8703287329961],[0.896850810271808,51.8703376687384],[0.896865245513687,51.8705621597356],[0.896879680947379,51.8707866507174],[0.896894116572889,51.8710111416836],[0.897256765978259,51.8710022055747],[0.897271203641234,51.8712266964033],[0.897285641496056,51.8714511872164],[0.897300079542729,51.871675678014],[0.897662734293296,51.8716667404256],[0.897677174377536,51.8718912310855],[0.897691614653659,51.8721157217299],[0.898054272903833,51.8721067827843],[0.898068715217597,51.872331273291],[0.898431375114186,51.8723223332407],[0.898445819466507,51.8725468236208],[0.898808481008834,51.8725378825354],[0.899171142358936,51.8725289403377],[0.899185590602693,51.8727534304477],[0.899200039038743,51.8729779205418],[0.899562703895801,51.8729689769774],[0.899577154373786,51.8731934669285],[0.899591605044095,51.8734179568637],[0.899954273408169,51.8734090119325],[0.899968726120489,51.8736335017247],[0.899983179025162,51.873857991501],[0.899997632122192,51.8740824812614],[0.900012085411585,51.874306971006],[0.900374760982211,51.8742980244537],[0.900389216313743,51.8745225140552],[0.900403671837665,51.8747470036408],[0.900418127553983,51.8749714932105],[0.9004325834627,51.8751959827644],[0.900447039563817,51.8754204723023],[0.900461500791168,51.8756449579355],[0.900475964703471,51.8758694415904],[0.900490428803911,51.8760939252357],[0.900504893092491,51.8763184088713],[0.900519357569213,51.8765428924973],[0.900533822234083,51.8767673761136],[0.900896517363863,51.8767584277214],[0.900910984013409,51.8769829112787],[0.900925450851132,51.8772073948264],[0.900939917877035,51.8774318783644],[0.90095438509112,51.8776563618927],[0.900968852493391,51.8778808454114],[0.900606148380739,51.8778897940503],[0.900591682775089,51.8776653104823],[0.900577217357601,51.8774408269046],[0.900562752128274,51.8772163433173],[0.90020005321726,51.8772252906894],[0.900185589972643,51.8770008070431],[0.900171126916155,51.8767763233871],[0.899808431410102,51.8767852695419],[0.899793970338251,51.876560785827],[0.899431276440612,51.8765697308137],[0.899068582354898,51.8765786746818],[0.899054125064132,51.8763541908586],[0.899416817353351,51.8763452470399],[0.899402358454165,51.8761207632563],[0.899387899743048,51.8758962794631],[0.899750588251284,51.8758873346242],[0.899736127931813,51.8756628508706],[0.89972166973199,51.8754383655662],[0.899707217330618,51.8752138757739],[0.8996927651216,51.8749893859657],[0.899678313104931,51.8747648961416],[0.89966386128061,51.8745404063017],[0.899649409648633,51.8743159164458],[0.899634958208997,51.8740914265741],[0.899620506961697,51.8738669366865],[0.89925783470594,51.8738758807596],[0.899243385500684,51.873651390729],[0.899228936487734,51.8734269006824],[0.898866267739111,51.8734358433888],[0.898851820768131,51.8732113531993],[0.898489153676937,51.8732202946661],[0.898126486391804,51.8732292351628],[0.898112043310373,51.873004744718],[0.897749377677024,51.8730136841526],[0.897734936633344,51.8727891935702],[0.897372272653971,51.8727981317697],[0.897357833647994,51.8725736410495],[0.896995171322605,51.8725825780141],[0.896980734354284,51.8723580871562],[0.896966297577804,51.8721335962828],[0.896603638752171,51.8721425318901],[0.896589204013272,51.871918040879],[0.896574769466182,51.8716935498524],[0.896560335110898,51.8714690588104],[0.896197681630666,51.8714779929383],[0.896183249312862,51.8712535017586],[0.896168817186834,51.8710290105634],[0.896154385252578,51.8708045193527],[0.896139953510092,51.8705800281265],[0.896502599607763,51.8705710944874],[0.896488166211463,51.870346603368],[0.896125521959371,51.8703555368849],[0.896111090600413,51.8701310456277],[0.896096659433216,51.8699065543551],[0.896459299994217,51.8698976210827],[0.89682194036348,51.8698886866975],[0.896807505697022,51.8696641956538],[0.896444867173265,51.8696731299168],[0.896082228457774,51.8696820630671],[0.896067797674084,51.8694575717635],[0.89570516061237,51.8694665036789],[0.895719589550571,51.8696909951047],[0.895734018680501,51.869915486515],[0.895748448002163,51.8701399779098],[0.895385805212218,51.8701489090791],[0.895371377736095,51.8699244175621],[0.895008736600026,51.8699333474966],[0.894646095272313,51.8699422763184],[0.894631671678941,51.8697177845416],[0.894269032005137,51.8697267121285],[0.893906392139743,51.8697356386028],[0.893543752082782,51.8697445639644],[0.893181111834279,51.8697534882134],[0.892818471394258,51.8697624113496],[0.892804057220087,51.8695379189467],[0.89244141843409,51.8695468408482],[0.892427006296949,51.8693223483076],[0.892412594351315,51.8690978557516],[0.892049959064825,51.8691067762962],[0.892035549156146,51.8688822836026],[0.891672915523673,51.8688912029125],[0.891310281699792,51.8689001211097],[0.890947647684525,51.8689090381942],[0.890585013477899,51.8689179541661],[0.890222379079935,51.8689268690254],[0.890236779761311,51.8691513623293],[0.889874143326565,51.869160276198],[0.889511506700527,51.8691691889539],[0.889148869883221,51.8691781005972],[0.888786232874672,51.8691870111278],[0.888423595674903,51.8691959205458],[0.888060958283938,51.8692048288511],[0.888075348083661,51.8694293228717],[0.88771270865601,51.8694382301863],[0.887350069037209,51.8694471363882],[0.886987429227281,51.8694560414774],[0.886973044964111,51.8692315470908],[0.887335682928518,51.8692226421236],[0.887321297010997,51.8689981478435],[0.887683932938788,51.8689892418856],[0.888046568675434,51.868980334815],[0.888409204220912,51.8689714266317],[0.888771839575196,51.8689625173358],[0.888757446466985,51.8687380235282],[0.889120079784597,51.8687291132417],[0.889134474738266,51.8689536069272],[0.889497109710094,51.8689446954059],[0.889482712910973,51.8687202018424],[0.889845345846087,51.8687112893305],[0.889830947392847,51.8684867958736],[0.890193578291254,51.8684778823711],[0.890556208998354,51.868468967756],[0.890541807045647,51.8682444745277],[0.890904435716026,51.868235558922],[0.890890032109322,51.8680110658004],[0.891252658742985,51.8680021492041],[0.891615285185276,51.8679932314952],[0.891600878079287,51.8677687386022],[0.891238253482333,51.867777656189],[0.890875628694012,51.8677865726632],[0.89086122547009,51.8675620795107],[0.890498602335746,51.8675709947502],[0.890484201148508,51.8673465014601],[0.890121579668148,51.867355415465],[0.890107180687988,51.8671309221292],[0.889744560809912,51.8671398348759],[0.889730164838975,51.8669153419697],[0.889367546575085,51.8669242534988],[0.889353152593987,51.866699760475],[0.88899053594429,51.8667086707864],[0.888976143952984,51.8664841776449],[0.888961752149487,51.8662596844895],[0.888947360533795,51.8660351913201],[0.888584749102148,51.8660441002066],[0.888570359476148,51.8658196069196],[0.888207749658666,51.8658285145885],[0.887845139653485,51.8658374211434],[0.887830753819003,51.8656129276352],[0.887816368172247,51.865388434113],[0.887453761583117,51.8653973393468],[0.887439377925912,51.865172845707],[0.887424994456404,51.8649483520533],[0.887062391283267,51.8649572559659],[0.887048009803238,51.8647327621946],[0.887033628510873,51.8645082684093],[0.886671028753674,51.8645171710008],[0.886656649450714,51.864292677098],[0.886294051307674,51.864301578472],[0.886279673994073,51.8640770844517],[0.885917077465195,51.8640859846082],[0.885902702140905,51.8638614904703],[0.8855401072262,51.8638703894093],[0.885525733891175,51.863645895154],[0.885163140590646,51.8636547928755],[0.884800547102637,51.8636636894832],[0.884786177558494,51.8634391950068],[0.884423585684695,51.863448090397],[0.884409218129704,51.8632235958031],[0.884046627870122,51.8632324899759],[0.884032262304234,51.8630079952646],[0.883669673658875,51.86301688822],[0.88330708482614,51.8630257800615],[0.883292723050916,51.8628012851292],[0.883655310082045,51.8627923933912],[0.884017896925799,51.8627835005393],[0.884003531734814,51.8625590058],[0.883640946692641,51.8625678985485],[0.883626583490659,51.8623434036917],[0.883612220476098,51.862118908821],[0.883249638849652,51.8621278002486],[0.883235277824023,51.8619033052605],[0.883220916985782,51.8616788102584],[0.882858338775006,51.8616877003651],[0.882843979925622,51.8614632052456],[0.882481403329009,51.8614720941351],[0.882495760376918,51.8616965893581],[0.882133181791543,51.8617054772372],[0.881770603018902,51.8617143640024],[0.88175624957395,51.8614898685725],[0.881393672455917,51.8614987545316],[0.881031095173409,51.8615076396069],[0.881016745519995,51.8612831440079],[0.881379321001738,51.8612742590203],[0.881741896316288,51.8612653731287],[0.882104471485992,51.8612564865703],[0.882467046468437,51.8612475988981],[0.882452689795198,51.8610231036472],[0.882815262788934,51.8610142149646],[0.883177835595369,51.8610053251682],[0.883163475506657,51.8607808301102],[0.883526046324368,51.8607719393034],[0.883511684621656,51.8605474443349],[0.883497323106338,51.8603229493524],[0.883859890133988,51.8603140576387],[0.883845527004737,51.8600895627457],[0.884208092043704,51.8600806700217],[0.884193727300566,51.8598561752182],[0.88417936274486,51.8596316804008],[0.88454192399388,51.8596227867699],[0.884556290350857,51.8598472814839],[0.884570656895289,51.8600717761839],[0.884933221559467,51.8600628812323],[0.885295786036217,51.860053985167],[0.885658350325514,51.8600450879878],[0.886020914427336,51.8600361896949],[0.886035288364462,51.8602606839669],[0.886397854080085,51.8602517844566],[0.886760419608181,51.8602428838326],[0.88712298494873,51.8602339820947],[0.887485550101705,51.8602250792431],[0.887471168959394,51.8600005853853],[0.887833732123486,51.8599916815235],[0.888196295099961,51.8599827765479],[0.888181910542769,51.8597582828832],[0.888544471530345,51.8597493768974],[0.888558857888796,51.8599738704585],[0.888921420489968,51.8599649632554],[0.889283982903454,51.8599560549385],[0.889269592942497,51.8597315615846],[0.889632153367024,51.8597226522575],[0.8896177617926,51.8594981589933],[0.889603370405956,51.859273665715],[0.889588979207085,51.8590491724228],[0.889574588189188,51.8588246791678],[0.889560197103648,51.8586001878225],[0.889545806205751,51.8583756964655],[0.889183256595557,51.8583846051516],[0.889168867684834,51.8581601137092],[0.888806319686612,51.8581690212053],[0.888791932763015,51.8579445296774],[0.888429386376773,51.8579534359837],[0.888443771500853,51.8581779275855],[0.888081223127578,51.8581868328495],[0.887718674566811,51.8581957369975],[0.887733056279363,51.8584202287353],[0.888095606639677,51.8584113245135],[0.888109990339323,51.8586358161659],[0.887747438179437,51.8586447204616],[0.887384885832078,51.8586536236412],[0.887370505731578,51.8584291318411],[0.887007954996343,51.8584380338308],[0.886645404073685,51.8584469347045],[0.886631027759795,51.8582224427451],[0.886268478449294,51.8582313424289],[0.886282852963623,51.858455834462],[0.886297227665381,51.8586803264835],[0.886311602463078,51.8589048192362],[0.885949047554911,51.8589137181253],[0.885934674568356,51.8586892251988],[0.885920301666186,51.8584647331035],[0.885905928951419,51.8582402409966],[0.885543379266193,51.8582491384482],[0.885180829393638,51.8582580347838],[0.885195198509266,51.8584825270383],[0.884832646649833,51.8584914223316],[0.884470094603116,51.8585003165088],[0.884107542369136,51.8585092095699],[0.88374498994792,51.858518101515],[0.8837593520525,51.8587425940529],[0.883773714169581,51.8589670880712],[0.883411157949523,51.8589759791641],[0.883425518340544,51.8592004742304],[0.883439878918942,51.8594249692827],[0.883454239684715,51.8596494643211],[0.883091677873638,51.8596583546106],[0.883106037025513,51.8598828497384],[0.882743473225846,51.8598917390176],[0.882380909238893,51.859900627183],[0.882018345064679,51.8599095142346],[0.882032698999985,51.8601340096588],[0.882395264975512,51.8601251225038],[0.88240962089945,51.8603496178106],[0.882047053122585,51.860358505069],[0.882061407432483,51.8605830004653],[0.88169883766701,51.8605918867134],[0.881336267762435,51.8606007724104],[0.880973697682849,51.8606096571344],[0.880611127416139,51.8606185407433],[0.880596780312121,51.8603940450055],[0.880582433395249,51.860169549255],[0.880219866542773,51.8601784315733],[0.879857299503228,51.8601873127765],[0.879494732276636,51.8601961928647],[0.879509073791533,51.8604206888786],[0.879146504577253,51.8604295679395],[0.878783935175971,51.8604384458854],[0.878421365587708,51.8604473227162],[0.87843570188761,51.8606718189807],[0.878073130311694,51.8606806947842],[0.877710558548843,51.8606895694726],[0.877347986599079,51.8606984430459],[0.877362317683819,51.860922939561],[0.876999743746435,51.860931812107],[0.876637169622182,51.8609406835379],[0.876651497292355,51.8611651802157],[0.876288921180496,51.8611740506192],[0.875926344881811,51.8611829199077],[0.875563768396324,51.861191788081],[0.875578090851037,51.8614162850092],[0.875215512377978,51.8614251521551],[0.87485293371816,51.861434018186],[0.874490354871607,51.8614428831016],[0.874504672110694,51.8616673802802],[0.874142091276602,51.8616762441684],[0.874156406901606,51.8619007414219],[0.87379382407997,51.8619096042827],[0.873431241071662,51.8619184660283],[0.873445553281656,51.8621429634444],[0.873082968285817,51.8621518241626],[0.873097278881608,51.8623763216536],[0.872734691898232,51.8623851813442],[0.872749000879773,51.8626096789102],[0.872763310047978,51.8628341764634],[0.872777619402849,51.8630586740039],[0.872415026829986,51.8630675328423],[0.872052434070528,51.8630763905654],[0.872038128317626,51.8628518928496],[0.871675537172587,51.86286074937],[0.871312945841004,51.8628696047752],[0.871327247991925,51.8630941026661],[0.870964654672825,51.8631029570437],[0.870602061167225,51.8631118103061],[0.8705877626183,51.86288731224],[0.870225170727224,51.8628961642996],[0.869862578649699,51.862905015244],[0.869876873596616,51.8631295134853],[0.869514279531655,51.8631383634021],[0.869528572864022,51.8633628617182],[0.869891168730015,51.8633540117139],[0.869905464049902,51.8635785099298],[0.870268061530514,51.8635696587226],[0.870253764409576,51.8633451605943],[0.870616359902678,51.8633363083596],[0.870630658824666,51.8635608064003],[0.870993255932335,51.8635519529627],[0.871007556841926,51.8637764509032],[0.871021857938081,51.8640009488309],[0.8710361592208,51.864225446746],[0.870673556709854,51.8642343004463],[0.870687856378003,51.8644587984362],[0.870702156232701,51.8646832964134],[0.870339549932952,51.8646921491736],[0.870353848173014,51.8649166472257],[0.869991239885596,51.8649254989582],[0.870005536510972,51.8651499970852],[0.86964292623588,51.86515884779],[0.869657221246525,51.8653833459918],[0.869671516443661,51.8656078441809],[0.869685811827292,51.8658323423574],[0.869323195961956,51.8658411922096],[0.868960579910198,51.8658500409465],[0.868597963672041,51.8658588885681],[0.868235347247508,51.8658677350744],[0.867872730636623,51.8658765804653],[0.86751011383941,51.865885424741],[0.867524398601595,51.8661099234299],[0.867161779816741,51.8661187666778],[0.866799160845601,51.8661276088103],[0.866813442191426,51.8663521076615],[0.86645082123266,51.8663609487662],[0.866088200087652,51.8663697887555],[0.866102478017015,51.866594287769],[0.865739854884394,51.8666031267304],[0.865754131198611,51.8668276258187],[0.865391506078371,51.8668364637523],[0.865405780777397,51.8670609629153],[0.86504315366953,51.867069799821],[0.865057426807997,51.8672942994161],[0.864694797723634,51.8673031354721],[0.864709069286657,51.8675276353713],[0.864723341035629,51.8677521352591],[0.864360708171626,51.8677609703985],[0.864374978308102,51.8679854703456],[0.864737612970553,51.8679766351356],[0.86475188509143,51.8682011350007],[0.864766157398266,51.8684256348544],[0.865128795488465,51.8684167984726],[0.865143069783655,51.8686412982482],[0.865505709510316,51.8686324607723],[0.865868349050631,51.8686236221802],[0.86623098840458,51.8686147824719],[0.866245268296388,51.8688392820034],[0.866259548374644,51.869063781523],[0.866622191149041,51.8690549405436],[0.866636473217202,51.869279439974],[0.866273828639349,51.8692882810308],[0.866288109090508,51.8695127805266],[0.865925462522772,51.8695216205446],[0.865562815768655,51.8695304594463],[0.865548538924464,51.8693059597956],[0.865185893787479,51.8693147975036],[0.864823248485252,51.8693236341555],[0.864837521721925,51.8695481339524],[0.864474874469696,51.8695569696571],[0.864460603031633,51.8693324697896],[0.86444633177952,51.8691079699107],[0.864083687938591,51.8691168043573],[0.86372104391179,51.8691256376871],[0.863706776442761,51.8689011376555],[0.863344134028682,51.8689099697978],[0.862981491428783,51.8689188008234],[0.862967227742755,51.8686943006392],[0.862604586755612,51.8687031304774],[0.862241945582697,51.8687119591988],[0.862256205671611,51.8689364595243],[0.861893562514383,51.8689452871996],[0.861530919171428,51.8689541137581],[0.861168275642766,51.8689629391998],[0.861182530521716,51.8691874397257],[0.860819885008776,51.8691962641212],[0.860457239310176,51.8692050874],[0.860094593425935,51.8692139095619],[0.860108843094756,51.8694384102882],[0.859746195226272,51.8694472314039],[0.859383547172193,51.8694560514028],[0.859397793429378,51.8696805522589],[0.859035143391067,51.8696893712115],[0.858672493167206,51.8696981890473],[0.858309842757816,51.8697070057663],[0.858324083804573,51.8699315068227],[0.85833832503689,51.8701560078677],[0.857975670844589,51.8701648236109],[0.857989910463731,51.870389324715],[0.858004150268416,51.8706138258079],[0.85764149229312,51.8706226405753],[0.857278834132355,51.8706314542258],[0.857264597925203,51.8704069529919],[0.85690194137776,51.8704157654551],[0.856916175786141,51.8706402667594],[0.856553517254504,51.8706490781762],[0.856190858537464,51.8706578884761],[0.856205089533723,51.8708823899101],[0.855842428832502,51.8708911991636],[0.855479767945924,51.8709000073003],[0.855465540547275,51.8706755057254],[0.855102881274172,51.8706843126747],[0.85511710687401,51.8709088143201],[0.85513133265921,51.871133315954],[0.855493995529958,51.8711245088638],[0.855508223299381,51.871349010416],[0.855522451254195,51.8715735119568],[0.855885117537336,51.8715647036087],[0.855899347476447,51.8717892050678],[0.85591357760098,51.8720137065154],[0.855927807910937,51.8722382079517],[0.856290479405472,51.8722293982754],[0.856304711699826,51.8724538996298],[0.856667384807925,51.8724450887661],[0.85668161908672,51.8726695900387],[0.857044293808377,51.8726607779875],[0.85740696834458,51.8726519648194],[0.857392730467819,51.8724274636877],[0.857755403019567,51.8724186494732],[0.857741163529376,51.8721941484007],[0.858103834096676,51.8721853331397],[0.858118075385819,51.8724098341417],[0.85848074756655,51.8724010176932],[0.858843419561738,51.8723922001279],[0.858857664634393,51.8726167009774],[0.858871909892668,51.8728412018156],[0.859234585300243,51.8728323829923],[0.859248832543156,51.8730568837485],[0.858886155336568,51.8730657026425],[0.858900400966097,51.873290203458],[0.858537721774896,51.8732990213055],[0.858551965790994,51.8735235221801],[0.85818928461517,51.8735323389812],[0.857826603253811,51.8735411546653],[0.857840843857341,51.8737656556697],[0.857478160511373,51.8737744703073],[0.857492399501351,51.8739989713708],[0.857129714170771,51.874007784962],[0.857143951547152,51.8742322860847],[0.856781264231951,51.8742410986293],[0.856795499994687,51.8744655998111],[0.856809735942931,51.8746901009816],[0.856823972076684,51.8749146021407],[0.856461279178437,51.8749234137798],[0.856475513698459,51.8751479149981],[0.856112818815525,51.8751567255906],[0.856098586094751,51.8749322243019],[0.85573589282565,51.874941033707],[0.855721662089569,51.8747165323364],[0.855358970434306,51.8747253405539],[0.854996278593678,51.8747341476545],[0.854982051641456,51.8745096461316],[0.854619361414701,51.8745184520447],[0.854633586567708,51.8747429536379],[0.854270894356419,51.8747517585044],[0.854285117895557,51.8749762601568],[0.854299341620045,51.8752007617978],[0.85393664562495,51.875209565688],[0.85392242369973,51.8749850639766],[0.853559729318627,51.8749938666794],[0.853197034752272,51.8750026682652],[0.852834340000689,51.8750114687339],[0.852471645063902,51.8750202680856],[0.852457430521015,51.8747957660811],[0.852443216163358,51.8745712640654],[0.852429001990926,51.8743467620383],[0.852066312266666,51.8743555600618],[0.852052100078647,51.874131057953],[0.852037888075827,51.8739065558328],[0.8520236762582,51.8736820537013],[0.852009464625762,51.8734575515585],[0.851995253178512,51.8732330494043],[0.851632572264832,51.8732418459589],[0.851269891166044,51.8732506413965],[0.85090720988217,51.8732594357171],[0.850544528413232,51.8732682289208],[0.850530324347489,51.8730437264738],[0.850167644492601,51.8730525184901],[0.8498049644527,51.8730613093895],[0.849442284227811,51.8730700991719],[0.84942808574436,51.8728455965026],[0.849065407133579,51.8728543850977],[0.848702728337858,51.8728631725758],[0.848340049357222,51.872871958937],[0.848325856455949,51.8726474560455],[0.8479631788041,51.8726562412345],[0.847977369916127,51.8728807441958],[0.847614690251269,51.8728895283397],[0.847600500941022,51.872665025308],[0.847237822892888,51.8726738082645],[0.846875144659721,51.8726825901041],[0.846860959138104,51.8724580869201],[0.846498282521694,51.8724668675723],[0.846135605720303,51.8724756471076],[0.846149787638384,51.8727001504323],[0.84578710885026,51.872708928921],[0.84580128915156,51.8729334323048],[0.845438608376698,51.8729422097469],[0.845452787061167,51.8731667131898],[0.84546696593061,51.8733912166213],[0.845481144985029,51.8736157200414],[0.845495324224428,51.8738402234502],[0.845132636057204,51.8738490000569],[0.845146813679666,51.8740735035248],[0.845160991487089,51.8742980069813],[0.845175169479479,51.8745225104264],[0.845189347656837,51.8747470138602],[0.844826652096876,51.8747557896314],[0.844840828657189,51.8749802931243],[0.844855005402455,51.8752047966058],[0.844492306053533,51.8752135714006],[0.844129606519732,51.8752223450784],[0.843766906801074,51.8752311176392],[0.843781078325086,51.8754556213204],[0.843418376619519,51.8754643928344],[0.843055674729138,51.8754731632314],[0.84306984263565,51.8756976670524],[0.843432546341746,51.8756888965813],[0.843446716220133,51.8759134003177],[0.843809421548897,51.8759046286556],[0.843823593420572,51.876129132306],[0.844186300371998,51.8761203594528],[0.844200474237009,51.8763448630174],[0.844214648287398,51.8765693665703],[0.843851937719984,51.876578139572],[0.843866110147727,51.8768026431875],[0.843503397586972,51.8768114151466],[0.843517568392023,51.8770359188247],[0.843154853837921,51.8770446897412],[0.84314068484093,51.8768201859888],[0.842777971909625,51.8768289557143],[0.842415258793079,51.8768377243229],[0.842401093597486,51.8766132204105],[0.84203838210377,51.876621987828],[0.842052545491317,51.8768464918147],[0.842066709064111,51.8770709957897],[0.841703993769083,51.8770797622388],[0.841689832004362,51.8768552581896],[0.841327118332238,51.8768640234478],[0.840964404474968,51.8768727875891],[0.840950246511576,51.8766482833798],[0.840587534277242,51.8766570463301],[0.840573378307056,51.8764325420351],[0.840210667695664,51.8764413037943],[0.840196513718639,51.8762167994135],[0.839833804730195,51.8762255599818],[0.839819652746282,51.8760010555152],[0.839456945380794,51.8760098148925],[0.839442795389947,51.8757853103401],[0.83908008964742,51.8757940685265],[0.839065941649592,51.8755695638884],[0.838703237530034,51.8755783208838],[0.838689091342979,51.8753538161968],[0.838326388854275,51.8753625720014],[0.838312244546265,51.8751380672546],[0.838674945232873,51.8751293115202],[0.838660799307321,51.8749048068323],[0.838646653566319,51.8746803021331],[0.838283956483835,51.874689057727],[0.837921259216878,51.8746978122039],[0.837558561765471,51.8747065655637],[0.837572702100313,51.8749310704736],[0.837210002662421,51.8749398227866],[0.837195864129639,51.8747153178065],[0.836833166309403,51.8747240689322],[0.836819029763114,51.8744995638706],[0.836456333560542,51.8745083138091],[0.8364421990007,51.874283808666],[0.836079504415796,51.8742925574172],[0.835716809646568,51.8743013050514],[0.835702678875127,51.8740767997567],[0.835339985723601,51.8740855462037],[0.835325856938494,51.8738610408275],[0.834963165404677,51.8738697860873],[0.834977292387799,51.8740942915336],[0.834614598867744,51.8741030357465],[0.83460047368661,51.8738785302301],[0.834237781784317,51.8738872732559],[0.834223658589427,51.873662767658],[0.83420953557879,51.8734382620488],[0.833846847096212,51.8734470038173],[0.833484158429463,51.8734557444687],[0.833470039206925,51.873231238708],[0.833107352157957,51.8732399781724],[0.833093234921524,51.8730154723302],[0.832730549490343,51.8730242106075],[0.832367863875065,51.8730329477678],[0.83235375042658,51.8728084417742],[0.832339637162217,51.8725839357692],[0.832325524081971,51.872359429753],[0.83231141118584,51.8721349237254],[0.83229729847382,51.8719104176866],[0.832283185945908,51.8716859116364],[0.832269073602103,51.8714614055749],[0.831906400415516,51.8714701411277],[0.831892290057542,51.8712456349848],[0.831529618393247,51.8712543693799],[0.831515510016134,51.8710298631565],[0.831152839747259,51.8710385964309],[0.831166946296137,51.8712631027345],[0.831181053031113,51.8714876090259],[0.831543726956482,51.8714788755912],[0.83155783570584,51.8717033817903],[0.831571944641324,51.8719278879774],[0.831934621683704,51.8719191533795],[0.831948732593923,51.8721436594885],[0.831962843688231,51.8723681655861],[0.83197695496663,51.8725926716724],[0.831991066429124,51.8728171777474],[0.832005178075714,51.873041683811],[0.832019289906407,51.8732661898634],[0.832033401921202,51.8734906959044],[0.832396091324411,51.873481959721],[0.832410205325278,51.8737064656806],[0.832424319510278,51.8739309716289],[0.832438433879415,51.8741554775659],[0.832452548432693,51.8743799834916],[0.832466663170114,51.874604489406],[0.832480778091681,51.874828995309],[0.832494893197398,51.8750535012007],[0.832509008487268,51.8752780070811],[0.832871712122737,51.8752692692201],[0.833234415574077,51.8752605302421],[0.833597118841266,51.8752517901469],[0.833959821924279,51.8752430489347],[0.833973944606877,51.8754675545234],[0.833611239721725,51.8754762958057],[0.833625360445845,51.8757008015571],[0.833639481323981,51.8759253073063],[0.833276772624448,51.8759340476237],[0.833290891879246,51.8761585534352],[0.832928181187068,51.8761672927099],[0.83294229881848,51.8763917985838],[0.832579586133651,51.8764005368156],[0.832216873264248,51.8764092739305],[0.831854160210297,51.8764180099286],[0.831491446543314,51.876426744951],[0.831128731997379,51.876435479085],[0.83114284072774,51.876659985326],[0.831156949647789,51.8768844915541],[0.83117105875753,51.8771089977693],[0.83080833839935,51.8771177310618],[0.830822445824532,51.8773422373553],[0.830836553439387,51.8775667436358],[0.831199277546098,51.8775580101606],[0.831562001463161,51.8775492755698],[0.831576113016292,51.8777737816546],[0.831938837329929,51.8777650462591],[0.831952950829275,51.8779895522735],[0.831967064513222,51.8782140582762],[0.831981178381773,51.8784385642674],[0.831995292434932,51.8786630702469],[0.831632561114487,51.8786718058677],[0.83164667354393,51.8788963119095],[0.831283938464731,51.878905047023],[0.831298049281838,51.8791295531213],[0.830935312054513,51.8791382872359],[0.83092120311185,51.8789137810463],[0.830558467569326,51.878922513954],[0.830195731837186,51.8789312457462],[0.830181626833073,51.8787067393608],[0.830167522018606,51.8784822329625],[0.82980478984571,51.8784909634564],[0.829790687095268,51.8782664569538],[0.829776584534441,51.8780419504383],[0.829762482163224,51.8778174439097],[0.830125208713041,51.8778087136898],[0.830111104657122,51.8775842072396],[0.829748379981616,51.8775929373682],[0.82938565511656,51.8776016663813],[0.829371554998846,51.8773771597355],[0.82900883181856,51.8773858875417],[0.828994733764693,51.8771613807916],[0.828632012269182,51.877170107391],[0.828269290584202,51.8771788328748],[0.828255196468385,51.8769543259292],[0.827892476468215,51.8769630502063],[0.827878384416128,51.8767385431564],[0.827515666100775,51.8767472662267],[0.827529756278628,51.8769717733678],[0.827167035899647,51.8769804954138],[0.827181124392688,51.8772050026333],[0.827195213075158,51.8774295098397],[0.826832488758255,51.8774382309527],[0.826846575755844,51.8776627382375],[0.826860662942843,51.8778872455093],[0.826497934687933,51.8778959656892],[0.826512020189982,51.8781204730393],[0.826526105881427,51.8783449803764],[0.826540191762268,51.8785694877005],[0.82655427783251,51.8787939950116],[0.826917013585025,51.8787852744667],[0.826931101719133,51.8790097816737],[0.826945190042672,51.8792342888676],[0.826959278555644,51.8794587960486],[0.826973367258055,51.8796833032166],[0.827336110319179,51.8796745811911],[0.827698853190894,51.8796658580499],[0.828061595873177,51.8796571337931],[0.828424338366004,51.8796484084207],[0.828787080669348,51.8796396819326],[0.829149822783188,51.879630954329],[0.829163922922318,51.8798554609364],[0.828801178933941,51.8798641886313],[0.828438434756054,51.8798729152107],[0.828075690388683,51.8798816406744],[0.828089785093706,51.8801061475427],[0.827727038662303,51.880114871982],[0.827741131682251,51.8803393789286],[0.827378383186808,51.8803481023436],[0.827392474521631,51.8805726093685],[0.827029723962145,51.8805813317591],[0.827043813611793,51.8808058388622],[0.827057903450901,51.8810303459524],[0.827420657759713,51.8810216233793],[0.827434749662982,51.8812461303653],[0.827448841755737,51.8814706373383],[0.827462934037985,51.8816951442984],[0.827477026509727,51.8819196512454],[0.827491119170967,51.8821441581795],[0.82750521202171,51.8823686651006],[0.827142446464337,51.8823773882213],[0.826779680717542,51.8823861102263],[0.826416914781349,51.8823948311155],[0.826054148655783,51.882403550889],[0.825691382340867,51.8824122695468],[0.825328615836625,51.8824209870888],[0.825342697627757,51.8826454945444],[0.825356779608252,51.8828700019871],[0.824994009164958,51.8828787185958],[0.824631238532382,51.8828874340887],[0.824268467710548,51.8828961484658],[0.823905696699481,51.8829048617272],[0.823542925499203,51.8829135738728],[0.823528852893182,51.8826890659742],[0.823166083378626,51.8826977769128],[0.822803313674912,51.8827064867357],[0.822440543782066,51.8827151954429],[0.822077773700113,51.8827239030342],[0.821715003429075,51.8827326095098],[0.821729066660541,51.8829571178643],[0.821743130081132,51.8831816262058],[0.821757193690851,51.8834061345343],[0.821771257489702,51.8836306428499],[0.821785322016029,51.8838551507998],[0.821799390541673,51.8840796562408],[0.82181345925723,51.8843041616683],[0.821827528162703,51.8845286670822],[0.821464742839868,51.8845373730852],[0.821450675819412,51.8843128675724],[0.821436608988848,51.884088362046],[0.821422542348173,51.8838638565061],[0.821059762490475,51.8838725610971],[0.821045701380805,51.8836480531827],[0.82068292304281,51.8836567566755],[0.820320144515817,51.8836654590524],[0.819957365799848,51.8836741603135],[0.819594586894931,51.8836828604588],[0.81958053434609,51.8834583515965],[0.819217757127261,51.8834670505349],[0.818854979719534,51.8834757483575],[0.818492202122936,51.8834844450642],[0.818478155388058,51.8832599359159],[0.818464108842093,51.8830354267545],[0.818101334806619,51.8830441221634],[0.817738560582328,51.8830528164564],[0.817752603378341,51.8832773257999],[0.817766646363217,51.8835018351303],[0.81778068953696,51.8837263444479],[0.81741790949886,51.8837350378982],[0.817431953477489,51.8839595456711],[0.817794735232273,51.8839508522322],[0.818157516797458,51.883942157678],[0.81817156647326,51.8841666641079],[0.818185616338732,51.8843911705242],[0.817822831003517,51.8843998652761],[0.817836879173612,51.8846243717777],[0.818199666393879,51.884615676927],[0.818213716638703,51.8848401833163],[0.818576505554408,51.8848314872515],[0.818590557874008,51.8850559935283],[0.818604610383316,51.8852804997916],[0.818967402879571,51.8852718024138],[0.819330195186136,51.8852631039208],[0.819316138906596,51.8850385978553],[0.819678929138334,51.8850298983459],[0.820041719180334,51.8850211977212],[0.820027659320382,51.8847966918399],[0.820013599650232,51.884572185945],[0.819999540169881,51.8843476800366],[0.820362324366954,51.8843389785933],[0.820725108374249,51.8843302760349],[0.821087892191743,51.8843215723612],[0.821101957327178,51.884546077973],[0.821116022652484,51.8847705835711],[0.820753235064916,51.8847792874426],[0.820767298695024,51.8850037931262],[0.821130088167664,51.8849950891558],[0.821144153872722,51.8852195947268],[0.820781362514985,51.8852282987961],[0.820795426524802,51.8854528044525],[0.821158219767662,51.8854441002843],[0.821172285852485,51.8856686058282],[0.821186352127196,51.8858931113586],[0.821200418591798,51.8861176168754],[0.82083761969343,51.8861263213404],[0.820851684462709,51.8863508269425],[0.82086574942186,51.8865753325311],[0.820879814570888,51.8867998381062],[0.820517009826955,51.8868085417526],[0.820531073280568,51.887033047413],[0.820168266461523,51.887041750043],[0.820182328219675,51.8872662557887],[0.819819519325513,51.8872749574023],[0.819833579388153,51.8874994632334],[0.81984763964061,51.8877239690509],[0.819861700082886,51.8879484748549],[0.819498885342824,51.8879571756498],[0.8195129440895,51.8881816815391],[0.819527003025977,51.8884061874148],[0.819541062152261,51.888630693277],[0.819178241566086,51.8886393932532],[0.819192298996676,51.8888638992007],[0.819206356617057,51.8890884051346],[0.81922041442723,51.889312911055],[0.819583240669983,51.8893042107822],[0.819597300555524,51.8895287165901],[0.819960128494074,51.8895200151029],[0.820322956242819,51.8895113125003],[0.820685783801737,51.8895026087823],[0.820699849533876,51.8897271142799],[0.82033702008937,51.8897358180969],[0.820351084125794,51.8899603236799],[0.820713915455913,51.889951619764],[0.821076746596172,51.8899429147327],[0.821062678788526,51.8897184093476],[0.821425507853295,51.8897097032997],[0.821788336728159,51.8897009961365],[0.822151165413092,51.8896922878578],[0.822137092138634,51.8894677827559],[0.82249991874804,51.8894590734608],[0.822513993908072,51.8896835784637],[0.822876822213072,51.8896748679542],[0.822862745167471,51.8894503630502],[0.823225571396903,51.8894416515242],[0.823211492655802,51.8892171467056],[0.82357431680967,51.8892084341632],[0.823588397436308,51.8894329388828],[0.823602478253034,51.8896574435888],[0.823616559259855,51.8898819482813],[0.823979388880352,51.8898732343265],[0.823993471962874,51.8900977389063],[0.82363064045677,51.8901064529601],[0.823644721843785,51.8903309576254],[0.82400755523552,51.8903222434726],[0.824370388437168,51.8903135282044],[0.824733221448702,51.8903048118207],[0.8250960542701,51.8902960943216],[0.82508196534058,51.8900715900523],[0.825444796086198,51.8900628715368],[0.825807626641632,51.8900541519058],[0.826170457006858,51.8900454311594],[0.826533287181853,51.8900367092976],[0.82689611716659,51.8900279863204],[0.827258946961045,51.8900192622277],[0.827244846908207,51.8897947585392],[0.827607674626782,51.8897860334302],[0.827593572878734,51.8895615298272],[0.827956398521434,51.8895528037019],[0.828319223973785,51.8895440764612],[0.828305118645054,51.8893195730429],[0.827942295078221,51.8893283001845],[0.827928191825389,51.8891037966535],[0.828291013506726,51.8890950696109],[0.828653834997698,51.8890863414531],[0.828667942021517,51.8893108447859],[0.828682049235763,51.8895353481051],[0.828696156640441,51.8897598514108],[0.828710264235555,51.8899843547028],[0.829073093078232,51.8899756250331],[0.829435921730478,51.8899668942479],[0.829450033287196,51.8901913973282],[0.829812863634568,51.8901826653285],[0.830175693791456,51.8901739322133],[0.830538523757837,51.8901651979828],[0.830901353533688,51.8901564626368],[0.830915472823285,51.8903809653068],[0.830552641161844,51.890389700752],[0.830566758756416,51.8906142035076],[0.830580876541558,51.8908387062496],[0.830218040918316,51.8908474407776],[0.829855205104558,51.8908561741902],[0.829492369100307,51.8908649064874],[0.829129532905588,51.8908736376691],[0.828766696520426,51.8908823677353],[0.828403859944847,51.8908910966861],[0.828041023178873,51.8908998245215],[0.828055127954838,51.8911243279439],[0.828417966606499,51.8911156000094],[0.828432073458584,51.8913401033191],[0.828069232921208,51.8913488313527],[0.82808333807799,51.8915733347479],[0.828097443425184,51.8917978381295],[0.828111548962794,51.8920223414976],[0.827748702577749,51.892031068713],[0.827734598925927,51.8918065652459],[0.827371754236314,51.8918152912467],[0.827385856002344,51.892039794813],[0.827399963442746,51.8922642953273],[0.827762811423274,51.8922555693865],[0.828125659217322,51.8922468423295],[0.828488506824862,51.8922381141563],[0.828502626281492,51.892462610884],[0.828865475537745,51.8924538815045],[0.82922832460744,51.8924451510088],[0.829242447921109,51.8926696475432]]],[[[0.855102881274172,51.8706843126747],[0.855088655859693,51.8704598110181],[0.855451313334009,51.8704510041392],[0.855813970622997,51.8704421961434],[0.85579974179635,51.8702176946163],[0.856162397101229,51.8702088855742],[0.856148166661247,51.8699843841062],[0.856510819982025,51.8699755740177],[0.856496587928757,51.8697510726088],[0.856482356060928,51.8695265711886],[0.85611970633754,51.8695353811361],[0.855757056428793,51.8695441899669],[0.85577128469925,51.869768691528],[0.855408632806473,51.8697774993124],[0.855045980728378,51.8697863059799],[0.854683328464988,51.8697951115306],[0.854320676016325,51.8698039159645],[0.854334897277303,51.8700284177961],[0.853972242844666,51.8700372211835],[0.853986462492197,51.8702617230742],[0.854349118723584,51.8702529196163],[0.854363340355171,51.8704774214252],[0.854725998200072,51.8704686167801],[0.854740221815761,51.8706931185072],[0.855102881274172,51.8706843126747]]],[[[0.88374498994792,51.858518101515],[0.883730628030604,51.8582936089654],[0.884093178652238,51.8582847170941],[0.884078815122624,51.8580602246067],[0.883716266300551,51.8580691164043],[0.883701904757756,51.8578446238316],[0.883687543402216,51.8576201312472],[0.883673182233929,51.8573956386513],[0.883658821252892,51.8571711460437],[0.8836444604591,51.8569466534245],[0.88363009985255,51.8567221607937],[0.883267561640155,51.8567310510328],[0.883253203020244,51.8565065583167],[0.883238844587547,51.8562820655889],[0.883224486342058,51.8560575728496],[0.883210128283777,51.8558330800986],[0.883195770412697,51.855608587336],[0.883558299628327,51.8555996974655],[0.883543940145166,51.855375204765],[0.883529580849224,51.855150712053],[0.883167055232135,51.855159601776],[0.883152697922646,51.8549351089786],[0.882790173917653,51.854943997512],[0.88277581859457,51.8547195046292],[0.88276146345865,51.8544950117349],[0.883123983865235,51.8544861233489],[0.883109627117306,51.8542616305167],[0.883095270556557,51.8540371376728],[0.883080914182987,51.8538126448174],[0.88306655799659,51.8535881519503],[0.882704044786542,51.8535970400414],[0.882341531389398,51.8536059270166],[0.881979017805181,51.8536148128759],[0.881616504034314,51.8536236976264],[0.881253990091224,51.8536325815199],[0.88123964308619,51.8534080882574],[0.88087713075362,51.8534169709392],[0.880891475961266,51.8536414642995],[0.880528961644465,51.8536503459651],[0.880514618234208,51.8534258525069],[0.880152105527976,51.8534347329607],[0.88016644714084,51.8536592265168],[0.879803932450418,51.8536681059544],[0.879818272452711,51.8538925995949],[0.880180788940553,51.8538837200594],[0.880543305241593,51.8538748394099],[0.880557649025598,51.854099332841],[0.88057199299648,51.8543238262587],[0.880209473100536,51.8543327071039],[0.879846953017786,51.8543415868352],[0.879484432748249,51.8543504654525],[0.879470094169765,51.8541259717412],[0.879107575510942,51.8541348491466],[0.878745056665383,51.854143725438],[0.878382537633113,51.8541526006154],[0.878396870819167,51.8543770946202],[0.878411204191964,51.8546015886114],[0.878773726819216,51.8545927132383],[0.878788062176285,51.8548172071182],[0.879150586414342,51.8548083305333],[0.879513110465655,51.8547994528344],[0.8798756343302,51.8547905740214],[0.880238158007954,51.8547816940944],[0.880600681498894,51.8547728130534],[0.880615026030433,51.8549973064305],[0.880977551132065,51.8549884241776],[0.881340076046832,51.8549795408107],[0.881354424360365,51.8552040339785],[0.881716950892585,51.8551951495086],[0.882079477258105,51.8551862642494],[0.882442003436551,51.8551773778742],[0.882456357334706,51.8554018708074],[0.882818885125324,51.8553929832426],[0.882833241009916,51.8556174760905],[0.882470711420011,51.8556263637291],[0.882485065692468,51.8558508566391],[0.882499420152081,51.8560753495375],[0.882513774798855,51.8562998424243],[0.882151239623828,51.8563087291679],[0.882165592658378,51.8565332221168],[0.882179945880072,51.8567577150541],[0.882194299288911,51.8569822079798],[0.881831758528558,51.8569910938285],[0.881846110325086,51.8572155868163],[0.881483567594902,51.8572244718796],[0.881497917777991,51.8574489649121],[0.881512268148056,51.8576734579311],[0.881874814479535,51.8576645727569],[0.882237360638335,51.8576556866871],[0.882223006668039,51.8574311937963],[0.882585550840227,51.8574223066841],[0.882948094825288,51.8574134184558],[0.882962452394586,51.8576379111993],[0.882976810151088,51.8578624039311],[0.882991168094801,51.8580868966513],[0.883005526225725,51.8583113893598],[0.883019884543865,51.8585358820568],[0.883382437339487,51.8585269923439],[0.88374498994792,51.858518101515]]],[[[0.936859576370148,51.9212841468219],[0.936874241178778,51.9215086241605],[0.936511208322541,51.9215176861068],[0.936525871510647,51.9217421635074],[0.936162836650152,51.9217512244087],[0.93617749821769,51.9219757018711],[0.936540534890624,51.9219666408963],[0.936903571371709,51.9219575788029],[0.937266607660917,51.9219485155909],[0.937629643758229,51.9219394512603],[0.937992679663618,51.9219303858111],[0.938355715377062,51.9219213192434],[0.938341042934942,51.9216968422221],[0.938326370684808,51.9214723651893],[0.937963338596184,51.9214814316099],[0.937948668350409,51.921256954492],[0.937585637882227,51.9212660197205],[0.937222607222132,51.9212750838305],[0.936859576370148,51.9212841468219]]],[[[0.914874371234167,51.9243041640223],[0.91451130578925,51.9243131579332],[0.914496750260937,51.9240886749668],[0.914133686382809,51.9240976676666],[0.914119132792456,51.923873184593],[0.913756070481124,51.9238821760819],[0.913393007984252,51.9238911664537],[0.913029945301865,51.9239001557085],[0.913015397154107,51.9236756723398],[0.912652336038572,51.9236846603836],[0.912289274737571,51.9236936473103],[0.912303819380637,51.9239181308669],[0.911940756141841,51.9239271167705],[0.91157769271762,51.923936101557],[0.911563151579261,51.9237116178127],[0.911200089721997,51.9237206013883],[0.911214629107998,51.9239450852265],[0.910851565312996,51.923954067779],[0.91086610313201,51.9241785516978],[0.910880641136397,51.9244030356035],[0.910517573651242,51.9244120172266],[0.910532110088575,51.9246365012129],[0.910546646711269,51.924860985186],[0.910909717701312,51.9248520033752],[0.910924256261844,51.9250764872411],[0.911287328818995,51.9250675042193],[0.911650401190751,51.9250585200803],[0.912013473377089,51.9250495348243],[0.912028017380496,51.9252740183954],[0.912391091133882,51.9252650319283],[0.912754164701801,51.9252560443441],[0.913117238084233,51.9252470556428],[0.913480311281151,51.9252380658244],[0.913843384292537,51.9252290748889],[0.914206457118364,51.9252200828363],[0.914569529758613,51.9252110896667],[0.914932602213259,51.9252020953799],[0.914918044190028,51.9249776125603],[0.914903486352439,51.9247531297275],[0.914888928700486,51.9245286468815],[0.914874371234167,51.9243041640223]]],[[[0.908847382673763,51.9210806655365],[0.908484340546114,51.9210896401669],[0.908121298233286,51.9210986136803],[0.90813582137802,51.9213230984279],[0.907772777127925,51.9213320709181],[0.9077872987057,51.9215565557463],[0.907801820468629,51.9217810405613],[0.908164868223016,51.9217720678834],[0.908527915792237,51.9217630940886],[0.908890963176269,51.9217541191767],[0.90887643615688,51.9215296346432],[0.909239481603554,51.9215206587082],[0.909224953017261,51.9212961742553],[0.908861909322712,51.9213051500965],[0.908847382673763,51.9210806655365]]],[[[0.897068028851153,51.9301401823712],[0.897082494923994,51.9303646693818],[0.897096961176382,51.930589156381],[0.89746008056567,51.930580215574],[0.897474548687953,51.9308047024889],[0.897837669588055,51.9307957604902],[0.897823199775433,51.9305712736481],[0.898186318805648,51.9305623306031],[0.898549438583906,51.9305533860172],[0.898534965467541,51.9303288993409],[0.898898083666532,51.9303199535529],[0.898883608970154,51.930095466949],[0.898520492536837,51.930104412652],[0.898506019791789,51.9298799259507],[0.89814290537447,51.9298888702258],[0.897779791415131,51.9298978130526],[0.897794260688974,51.9301222999293],[0.897431144859823,51.9301312417097],[0.897068028851153,51.9301401823712]]],[[[0.894585795558992,51.9254795637882],[0.894222714088049,51.9254884950974],[0.893859632193157,51.9254974252823],[0.893874080977466,51.9257219131164],[0.893510997155908,51.9257308422538],[0.893525444429643,51.9259553301489],[0.893162358738962,51.9259642582401],[0.893176804502077,51.9261887461964],[0.893539891882663,51.9261798180326],[0.893902979084,51.9261708887499],[0.894266066106069,51.9261619583483],[0.89425161527325,51.92593747061],[0.894614700426132,51.9259285391622],[0.89460024808277,51.925704051485],[0.894585795558992,51.9254795637882]]],[[[0.910517573651242,51.9244120172266],[0.910503037399264,51.9241875332271],[0.910488501332637,51.9239630492144],[0.910473965451362,51.9237385651884],[0.910459429755431,51.9235140811492],[0.910096369094451,51.9235230612798],[0.910081835336185,51.9232985771335],[0.909718776242224,51.9233075560532],[0.909733308248166,51.9235320402933],[0.909370247216599,51.9235410181898],[0.909007185999772,51.9235499949693],[0.908644124597709,51.9235589706316],[0.908658651531886,51.9237834551401],[0.908673178651294,51.9240079396353],[0.908310113559273,51.9240169143682],[0.907947048282055,51.9240258879841],[0.90758398281966,51.924034860483],[0.907569460957412,51.9238103757063],[0.907206397062257,51.9238193469943],[0.907191877137541,51.9235948621107],[0.907177357397961,51.9233703772138],[0.906814296822404,51.9233793471972],[0.906799779020283,51.9231548621933],[0.906436720011959,51.9231638309659],[0.906073660818563,51.9231727986213],[0.905710601440118,51.9231817651597],[0.905347541876645,51.9231907305811],[0.905362052669426,51.9234152159599],[0.905376563647224,51.9236397013256],[0.905739626715398,51.9236307357167],[0.905754139630604,51.9238552209754],[0.905391074810044,51.923864186678],[0.905028009804471,51.9238731512635],[0.904664944613906,51.923882114732],[0.904650436955868,51.9236576291921],[0.904287373332732,51.9236665914497],[0.904301879238376,51.9238910770833],[0.903938813677899,51.9239000383176],[0.903953318016078,51.9241245240317],[0.903967822539191,51.9243490097326],[0.903982327247245,51.9245734954204],[0.903619256244504,51.9245824558187],[0.903633759385007,51.9248069415869],[0.903996832140242,51.9247979810949],[0.904359904710542,51.9247890194858],[0.904374411540998,51.9250135050533],[0.904011337218184,51.9250224667562],[0.904025842481076,51.9252469524043],[0.903662766220785,51.9252559130837],[0.903677269916066,51.9254803988123],[0.903314191718291,51.9254893584683],[0.90295111304705,51.9254983170047],[0.90258803415065,51.9255072744229],[0.902224955068432,51.9255162307233],[0.902239443703743,51.9257407167274],[0.901876362670549,51.925749671995],[0.901513281451578,51.9257586261447],[0.901527766742332,51.9259831123063],[0.901542252218894,51.9262075984554],[0.901556737881266,51.926432084592],[0.901193651180848,51.9264410378789],[0.901208135263757,51.926665524088],[0.901222619532458,51.9268900102846],[0.901585709763453,51.9268810568276],[0.901600195983276,51.9271055429267],[0.901614682388921,51.9273300290132],[0.901629168980394,51.9275545150872],[0.901992264321649,51.9275455602573],[0.902006752864341,51.9277700462338],[0.902021241592888,51.9279945321978],[0.902035730507294,51.9282190181493],[0.902398830958977,51.9282100619463],[0.902413321824701,51.9284345478003],[0.902427812876313,51.9286590336417],[0.902442304113818,51.9288835194706],[0.902805409676092,51.9288745618945],[0.902790916673089,51.9286500761507],[0.902776423856001,51.9284255903943],[0.903139525701441,51.9284166318704],[0.903154020284001,51.9286411175417],[0.903517123709027,51.9286321578148],[0.903502627360997,51.9284076722285],[0.903865728834647,51.9283987114687],[0.904228830122366,51.9283897495909],[0.904214330429412,51.9281652641623],[0.904199830922459,51.9279407787212],[0.904185331601503,51.9277162932675],[0.90454842740703,51.927707330527],[0.904533926506702,51.927482845146],[0.904519425792388,51.9272583597524],[0.904882517881245,51.9272493960642],[0.90524560978412,51.9272404312581],[0.905231105725185,51.9270159460222],[0.905594195676744,51.9270069801833],[0.905579690038573,51.92678249502],[0.905565184586476,51.9265580098442],[0.905550679320451,51.9263335246558],[0.905913763790199,51.9263245579544],[0.90627684807391,51.9263155901351],[0.90663993217156,51.926306621198],[0.907003016083127,51.926297651143],[0.90701752841009,51.9265221359908],[0.907380613900777,51.9265131647327],[0.907743699205332,51.9265041923568],[0.907758215248952,51.9267286770218],[0.907772731478785,51.9269531616742],[0.907787247894835,51.9271776463141],[0.908150338309031,51.9271686725648],[0.908164856676611,51.927393157107],[0.908179375230436,51.9276176416367],[0.907816281285591,51.9276266155563],[0.907830798260305,51.9278511001587],[0.907845315421249,51.9280755847485],[0.907859832768423,51.9283000693258],[0.907874350301831,51.9285245538906],[0.907888868021478,51.9287490384428],[0.908251970793345,51.9287400640972],[0.908266490464706,51.9289645485518],[0.908629594815833,51.9289555730031],[0.908992698980724,51.9289465963364],[0.909355802959355,51.9289376185518],[0.909341277991591,51.9287131343528],[0.90970438001848,51.9287041555355],[0.909689853471612,51.9284796714092],[0.909675327111097,51.9282551872705],[0.909312228615061,51.9282641659174],[0.909297704206289,51.9280396816809],[0.908934607289375,51.9280486591247],[0.908920084832298,51.9278241747904],[0.908905562561518,51.9275996904436],[0.909268655947711,51.9275907131703],[0.909631749147643,51.927581734779],[0.909994842161288,51.9275727552698],[0.910357934988624,51.9275637746427],[0.910721027629629,51.9275547928977],[0.910706496718548,51.9273303089645],[0.910343405842855,51.9273392906243],[0.910328876883471,51.9271148065933],[0.910314348110466,51.9268903225498],[0.910299819523838,51.9266658384938],[0.910285291123584,51.9264413544253],[0.9102707629097,51.9262168703442],[0.909907680673914,51.9262258504599],[0.909544598251837,51.9262348294578],[0.909181515643495,51.9262438073378],[0.909196038561767,51.9264682916745],[0.90921056166634,51.9266927759987],[0.908847475341311,51.9267017529313],[0.908861996866933,51.9269262373282],[0.908876518578839,51.9271507217125],[0.90851342853704,51.9271596976976],[0.908498908590417,51.9269352132281],[0.908484388830055,51.926710728746],[0.908469869255952,51.9264862442514],[0.908455349868103,51.9262617597443],[0.908440830666505,51.9260372752246],[0.908426311651158,51.9258127906925],[0.908063232014517,51.9258217650486],[0.907700152191709,51.9258307382868],[0.907337072182755,51.9258397104072],[0.906973991987677,51.9258486814098],[0.906610911606501,51.9258576512945],[0.906247831039247,51.9258666200614],[0.905884750285938,51.9258755877105],[0.905870243812934,51.9256511025697],[0.905507164638765,51.9256600690158],[0.905144085278589,51.925669034344],[0.904781005732432,51.9256779985544],[0.904417926000315,51.9256869616469],[0.904403425756828,51.9254624761489],[0.904766503399768,51.9254535131415],[0.904751994446809,51.925229027694],[0.90473748567885,51.9250045422334],[0.905100559631718,51.9249955782963],[0.90546363339958,51.9249866132421],[0.905826706982412,51.9249776470707],[0.906189780380193,51.9249686797823],[0.9065528535929,51.9249597113767],[0.906567371123477,51.9251841963686],[0.9069304459036,51.9251752267521],[0.9072935204986,51.9251662560186],[0.907656594908454,51.9251572841678],[0.90801966913314,51.9251483112],[0.908382743172634,51.925139337115],[0.908745817026916,51.925130361913],[0.909108890695961,51.9251213855938],[0.909123420679341,51.9253458699158],[0.909486495915641,51.9253368923857],[0.909849570966657,51.9253279137384],[0.909835037478251,51.9251034296041],[0.909820504175162,51.9248789454565],[0.910183575535878,51.9248699658798],[0.910169040665644,51.9246454818128],[0.910154505980747,51.9244209977327],[0.910517573651242,51.9244120172266]]],[[[0.950073886399252,51.8732864684466],[0.950059187302656,51.8730619900517],[0.950044488398396,51.8728375116453],[0.950029789686469,51.8726130332274],[0.949667146039601,51.8726221309284],[0.949304502200479,51.8726312275128],[0.949289807297648,51.872406748938],[0.948927165074687,51.8724158443331],[0.9489124721725,51.8721913656742],[0.949275112587097,51.8721822703517],[0.949260418068823,51.871957791754],[0.948897779462567,51.8719668870038],[0.948883086944884,51.8717424083218],[0.948520449954754,51.8717515023824],[0.948157812822064,51.8717605952506],[0.947795175590594,51.8717696868615],[0.947432538169149,51.8717787773549],[0.947447223508871,51.8720032563096],[0.947084584115575,51.8720123457466],[0.947099267863384,51.8722368247519],[0.947113951801184,51.8724613037466],[0.947476594758348,51.8724522141873],[0.947839237525549,51.8724431235104],[0.947853925217275,51.8726676023722],[0.948216569576451,51.8726585105165],[0.948231259240206,51.8728829893065],[0.948593905423861,51.8728738960399],[0.948579213945574,51.8726494173314],[0.948941858169129,51.8726403229804],[0.948956551455831,51.8728648016163],[0.948971244934796,51.8730892802406],[0.948985938606027,51.8733137588534],[0.949000632469528,51.8735382374547],[0.949363283734665,51.8735291416965],[0.949725934807559,51.8735200448216],[0.949711237327099,51.8732955663656],[0.950073886399252,51.8732864684466]]],[[[0.951040312751393,51.8991194226275],[0.951403160435369,51.8991103186649],[0.951388432050368,51.8988858438778],[0.95137370385229,51.8986613690796],[0.951010859648709,51.8986704729096],[0.950996133377717,51.8984459980341],[0.95098140729362,51.8982215231475],[0.950618566383459,51.8982306257266],[0.950255725286435,51.8982397271874],[0.94989288400257,51.89824882753],[0.949907604866225,51.8984733026155],[0.949922325916706,51.89869777769],[0.950285170680895,51.8986886772147],[0.950299893658403,51.8989131522119],[0.950314616822768,51.8991376271981],[0.950677464880518,51.8991285254719],[0.950692189971981,51.8993530003807],[0.951055039583091,51.89934389747],[0.951040312751393,51.8991194226275]]],[[[0.949877735122105,51.8813858496331],[0.949863033422493,51.8811613727645],[0.949500320801431,51.8811704706234],[0.949137607988601,51.8811795673643],[0.949152306083408,51.8814040443531],[0.949167004370019,51.8816285213315],[0.949181702848438,51.8818529982993],[0.949544421068553,51.8818439013781],[0.949907139096889,51.8818348033388],[0.94989243701357,51.8816103264912],[0.949877735122105,51.8813858496331]]],[[[0.93818341531991,51.9248485869886],[0.938546474596986,51.9248395194646],[0.93890953368205,51.9248304508219],[0.938924210625089,51.9250549276073],[0.939287271330863,51.9250458577723],[0.939301950278733,51.9252703344725],[0.939316629333106,51.9254948111739],[0.939331303271028,51.9257192886586],[0.939694369456898,51.9257102174497],[0.939709045417036,51.9259346948473],[0.940072113238366,51.9259256224445],[0.940086791220767,51.926150099755],[0.940449860677548,51.9261410261581],[0.940464540682261,51.9263655033814],[0.940827611774487,51.9263564285906],[0.940842293801558,51.9265809057268],[0.941205366529222,51.9265718297419],[0.941568439063413,51.9265627526384],[0.941553753378576,51.9263382756531],[0.941916823890393,51.9263291975064],[0.942279894208691,51.9263201182412],[0.942294583551279,51.9265445950756],[0.942657655504907,51.9265355146163],[0.942672346869982,51.9267599913635],[0.942687038428677,51.9269844680991],[0.942323962817236,51.9269935487093],[0.942338652740612,51.9272180255085],[0.942353342857592,51.927442502296],[0.94271642212694,51.9274334215348],[0.942731114266515,51.9276578982351],[0.942745806599723,51.9278823749236],[0.942760499126568,51.9281068516004],[0.943123583689361,51.9280977694942],[0.943138278238904,51.9283222460838],[0.943152972982112,51.9285467226616],[0.943516061009422,51.9285376392858],[0.943530757775402,51.9287621157764],[0.943545454735079,51.9289865922552],[0.943908546226964,51.9289775076097],[0.943923245209486,51.9292019840014],[0.943937944385736,51.9294264603812],[0.943952643755719,51.9296509367493],[0.944315740541422,51.9296418507587],[0.94433044193435,51.9298663270395],[0.944693540355552,51.9298572398546],[0.945056638583016,51.9298481515509],[0.945041933531671,51.9296236754211],[0.945405029736169,51.9296145860742],[0.94539032304945,51.9293901100081],[0.945027228674131,51.9293991992795],[0.945012524010393,51.9291747231262],[0.945375616556558,51.9291656339303],[0.945360910257488,51.9289411578408],[0.945724000780747,51.9289320676018],[0.945709292846391,51.928707591576],[0.946072381346755,51.9286985002938],[0.946057671777161,51.9284740243318],[0.945694585105876,51.9284831155384],[0.945331498240802,51.9284922056264],[0.945346204152237,51.9287166817394],[0.944983115264312,51.9287257707842],[0.944968411181961,51.9285012945956],[0.94460532392938,51.9285103824462],[0.944242236483079,51.9285194691781],[0.943879148843087,51.9285285547913],[0.943864450441727,51.9283040783644],[0.943849752234081,51.9280796019258],[0.943835054220147,51.9278551254755],[0.94382035639992,51.9276306490134],[0.943805658773397,51.9274061725395],[0.943790961340575,51.9271816960539],[0.943776264101452,51.9269572195566],[0.943761567056021,51.9267327430474],[0.943746870204282,51.9265082665266],[0.943732173546231,51.926283789994],[0.943369104002241,51.9262928737337],[0.943006034264639,51.9263019563548],[0.94299134145795,51.9260774796595],[0.942976648844893,51.9258530029524],[0.942613582571366,51.925862084304],[0.942598891980736,51.9256376075098],[0.942584199754759,51.9254131309795],[0.942221137152895,51.9254222110301],[0.942206443510721,51.9251977349305],[0.942191750060823,51.9249732588193],[0.941828690892209,51.9249823376038],[0.941813999447302,51.9247578614074],[0.941450941899182,51.9247669389996],[0.941087884158863,51.9247760154731],[0.940724826226365,51.924785090828],[0.940739512233098,51.9250095672454],[0.940376452295715,51.9250186415551],[0.940013392166199,51.9250277147462],[0.939650331844574,51.9250367868186],[0.939635651276048,51.9248123101804],[0.939620970899626,51.9245878335306],[0.939984027595798,51.9245787616054],[0.940347084099866,51.9245696885616],[0.940332400290165,51.9243452120474],[0.940695454789423,51.9243361379584],[0.941058509096533,51.9243270627508],[0.941421563211473,51.9243179864246],[0.941784617134219,51.9243089089796],[0.942147670864747,51.924299830416],[0.942510724403035,51.9242907507338],[0.942496029909561,51.9240662746498],[0.942481335608371,51.9238417985542],[0.942466641499459,51.9236173224471],[0.942451947582823,51.9233928463283],[0.94243725385846,51.9231683701979],[0.94207420938316,51.9231774495119],[0.941711164715636,51.9231865277073],[0.941348119855911,51.923195604784],[0.941362808142612,51.9234200811353],[0.940999761278149,51.9234291571671],[0.941014447944469,51.9236536335804],[0.94102913480297,51.9238781099822],[0.940666084121153,51.9238871850425],[0.940303033247195,51.9238962589842],[0.939939982181121,51.9239053318073],[0.93992530076046,51.9236808551847],[0.939562251314914,51.9236899268155],[0.9391992016773,51.9236989973276],[0.938836151847645,51.9237080667211],[0.938821476056899,51.9234835898662],[0.938806800458191,51.9232591129997],[0.938443754061707,51.9232681811274],[0.938429080467593,51.9230437041757],[0.938414407065486,51.9228192272124],[0.938399733855383,51.9225947502376],[0.938036692704531,51.922603817026],[0.938051364102117,51.9228282940744],[0.93768832094679,51.9228373598177],[0.937325277599527,51.9228464244425],[0.936962234060354,51.9228554879486],[0.936599190329291,51.9228645503361],[0.936613854668665,51.923089027667],[0.936250808933183,51.9230980890094],[0.936265471651866,51.9233225664023],[0.936280134562418,51.9235470437836],[0.935917085009902,51.9235561041544],[0.935931746299696,51.9237805815976],[0.935946407781344,51.9240050590292],[0.936309460959146,51.9239959985115],[0.936672513945089,51.923986936875],[0.936687179243943,51.9242114141481],[0.937050233850678,51.9242023513194],[0.937064901154134,51.9244268285074],[0.937427957381652,51.9244177644865],[0.937442626689754,51.9246422415893],[0.937079568649521,51.9246513056837],[0.937094236336846,51.9248757828484],[0.937457296189817,51.9248667186805],[0.937471965881842,51.9250911957601],[0.937486635765834,51.9253156728281],[0.937849699052405,51.9253066073944],[0.938212762147003,51.925297540842],[0.938198088637449,51.9250730639211],[0.93818341531991,51.9248485869886]]],[[[0.942760499126568,51.9281068516004],[0.94239741437018,51.9281159325879],[0.942382723672372,51.9278914558357],[0.942019640551456,51.9279005356291],[0.942004951876278,51.9276760587897],[0.941990263394686,51.9274515819385],[0.941627183738245,51.9274606604623],[0.941612497279206,51.927236183524],[0.941597811013724,51.9270117065739],[0.941234734821701,51.9270207838282],[0.941220050578699,51.9267963067909],[0.940856976022126,51.9268053828512],[0.940842293801558,51.9265809057268],[0.940479220880444,51.926589980593],[0.940464540682261,51.9263655033814],[0.940101469396612,51.9263745770537],[0.940116147765904,51.9265990543407],[0.939753074457962,51.9266081269697],[0.939738397917565,51.9263836496073],[0.939375326245143,51.9263927210423],[0.939012254379369,51.9264017913587],[0.939026927261968,51.9266262688718],[0.938663853373963,51.9266353381449],[0.938678524621013,51.9268598157217],[0.93831544871077,51.9268688839516],[0.937952372607241,51.9268779510628],[0.937589296310449,51.9268870170554],[0.937603962263983,51.9271114948464],[0.937618628410808,51.9273359726257],[0.937255548262822,51.9273450376503],[0.937270212773931,51.9275695154932],[0.937633294750928,51.9275604503933],[0.937647961284346,51.9277849281491],[0.937284877478312,51.9277939933244],[0.93692179347905,51.927803057381],[0.936936456547646,51.9280275352757],[0.9369511198095,51.9282520131588],[0.936965783264614,51.92847649103],[0.937328872751137,51.9284674267475],[0.93734353822865,51.9286919045317],[0.937706629351066,51.9286828390551],[0.938069720280217,51.9286737724598],[0.938055051144444,51.9284492948263],[0.938418140051181,51.9284402271876],[0.938781228764609,51.9284311584303],[0.939144317284702,51.9284220885542],[0.939507405611438,51.9284130175594],[0.939492729352619,51.9281885402156],[0.939855815656887,51.9281794681776],[0.940218901767752,51.9281703950208],[0.940581987685193,51.9281613207454],[0.940596669431264,51.928385797863],[0.940959756984333,51.9283767223935],[0.940974440753006,51.928601199424],[0.940989124715207,51.9288256764427],[0.941003808870939,51.9290501534497],[0.941366901717895,51.9290410766352],[0.941381587896331,51.9292655535551],[0.94139627426833,51.9294900304631],[0.941033177763013,51.9294991074285],[0.941047862499359,51.9297235844003],[0.940684763971329,51.9297326603223],[0.940321665249828,51.9297417351256],[0.94033634652123,51.9299662122364],[0.939973245777028,51.9299752859964],[0.939987925412658,51.9301997631709],[0.940351027986133,51.9301906893356],[0.94036570964454,51.9304151664229],[0.940728813853853,51.9304060913934],[0.941091917869684,51.9303970152451],[0.941455021692007,51.9303879379781],[0.9418181253208,51.9303788595922],[0.941803436345237,51.9301543828066],[0.942166537951195,51.9301453033774],[0.942151847339975,51.9299208266554],[0.942514946923105,51.929911746183],[0.942529639363578,51.9301362228295],[0.942544331997699,51.9303606994643],[0.942181228756038,51.9303697800876],[0.942195919754508,51.9305942567861],[0.942210610946607,51.9308187334729],[0.942573717846893,51.9308096526986],[0.942588411061972,51.9310341292981],[0.942951519597994,51.9310250473296],[0.942966214836102,51.9312495238419],[0.943329325007854,51.9312404406791],[0.943692434985942,51.9312313563975],[0.943677736089107,51.9310068800361],[0.943663037386003,51.930782403663],[0.943648338876627,51.9305579272782],[0.944011443173024,51.9305488421043],[0.943996743028085,51.9303243657832],[0.943982043076889,51.9300998894503],[0.943967343319435,51.9298754131057],[0.943604244510829,51.9298844980531],[0.943241145508555,51.9298935818818],[0.943226449603276,51.9296691053745],[0.943589546776329,51.9296600216213],[0.943574849235539,51.9294355451777],[0.943560151888457,51.9292110687223],[0.943197058373772,51.9292201523246],[0.943182363049542,51.928995675782],[0.94316766791899,51.9287711992277],[0.942804577868953,51.9287802815603],[0.942441487625313,51.9287893627742],[0.942426796346647,51.9285648860572],[0.942789884761179,51.9285558049187],[0.942775191847051,51.9283313282655],[0.942760499126568,51.9281068516004]]],[[[0.939012254379369,51.9264017913587],[0.938997581690147,51.9261773138338],[0.938634511459926,51.9261863829562],[0.938271441036407,51.92619545096],[0.93790837041961,51.9262045178452],[0.937893703410341,51.9259800400825],[0.937530634429159,51.9259891057738],[0.937515969442033,51.9257646279241],[0.937152902096473,51.9257736924214],[0.936789834557714,51.9257827558001],[0.936775173421508,51.925558277788],[0.936760508616875,51.9253338003393],[0.936397444754531,51.9253428624169],[0.936382780308905,51.9251183851283],[0.936019718067481,51.9251274460136],[0.935656655634205,51.9251365057802],[0.935641995006021,51.924912028333],[0.935278934193697,51.9249210869073],[0.934915873189574,51.924930144363],[0.934552811993674,51.9249392007],[0.93453815699561,51.9247147230207],[0.934175097420721,51.9247237781655],[0.93418975060602,51.9249482559182],[0.934204403983071,51.9251727336593],[0.934567467183512,51.9251636783676],[0.934582122565129,51.9253881560237],[0.934945187386623,51.9253790995398],[0.93495984197476,51.9256035775261],[0.935322908650309,51.9255945198156],[0.935337562471176,51.9258189981289],[0.935352216485172,51.9260434764305],[0.935366870692302,51.9262679547203],[0.935729942661365,51.9262588956654],[0.935744598890541,51.9264833738682],[0.935759255312879,51.9267078520593],[0.936122330746672,51.9266987917352],[0.936136989191132,51.9269232698392],[0.936500066260735,51.9269142083212],[0.936863143137172,51.9269051456846],[0.936848481034813,51.9266806677312],[0.937211555889114,51.9266716040512],[0.937574630550204,51.9266625392526],[0.937937705018057,51.9266534733353],[0.937923037622181,51.9264289955961],[0.938286110067865,51.9264199286356],[0.938649182320269,51.9264108605565],[0.939012254379369,51.9264017913587]]],[[[0.942684395246821,51.9047250140183],[0.943047290353446,51.9047159352112],[0.943032599701069,51.9044914590419],[0.943017909240148,51.904266982861],[0.942655017738527,51.9042760615202],[0.942640329271527,51.9040515852537],[0.942277439380949,51.9040606627212],[0.942262752907824,51.9038361863691],[0.941899864628296,51.9038452626448],[0.941885180148996,51.9036207862071],[0.941522293480524,51.9036298612911],[0.941507610995006,51.9034053847678],[0.941144725937596,51.90341445866],[0.940781840688866,51.9034235314344],[0.94079651956956,51.9036480081055],[0.940811198641558,51.9038724847649],[0.940825877904862,51.9040969614128],[0.940840557359476,51.904321438049],[0.941203449818002,51.9043123649789],[0.941218131266435,51.9045368415296],[0.941581025336132,51.9045277672677],[0.941566342085193,51.904303290791],[0.941929234161027,51.9042942154852],[0.941943919214465,51.904518691888],[0.941958604459291,51.9047431682792],[0.942321499948761,51.9047340917077],[0.942684395246821,51.9047250140183]]],[[[0.932432738600483,51.870130191756],[0.932447349178299,51.870354673307],[0.932461959945144,51.8705791548474],[0.932824592662136,51.8705701106014],[0.93283920539988,51.8707945920704],[0.933201839709731,51.8707855466461],[0.933187225190124,51.8705610652379],[0.933172610859594,51.8703365838192],[0.933535241416715,51.8703275373989],[0.93389787178479,51.8703184898611],[0.933883254079711,51.8700940085535],[0.933520625493449,51.8701030560304],[0.933506009759277,51.8698785746514],[0.93314338276576,51.8698876209499],[0.933128769002448,51.8696631394995],[0.932766143601684,51.8696721846197],[0.932780755583225,51.869896666131],[0.932418128211694,51.8699057101945],[0.932432738600483,51.870130191756]]],[[[0.93176590891749,51.8710462032789],[0.931751301336365,51.8708217216381],[0.931736693944233,51.8705972399866],[0.931374061132738,51.8706062808086],[0.931359455690387,51.8703817990782],[0.930996824632066,51.8703908386838],[0.930634193390367,51.8703998771721],[0.930648795405449,51.8706243590331],[0.931011428360785,51.8706153204794],[0.931026032272934,51.8708398022642],[0.931388666758544,51.8708307625279],[0.931403272567807,51.8710552442364],[0.93176590891749,51.8710462032789]]],[[[0.920393233305363,51.9252915224905],[0.920030163104236,51.9253005340215],[0.919667092714043,51.9253095444356],[0.919681672960216,51.9255340260132],[0.920044745438075,51.9255250154871],[0.920059321889905,51.9257494972863],[0.920073898534433,51.9259739790731],[0.919710822384539,51.9259829897683],[0.919725397385714,51.9262074716271],[0.919739972579567,51.9264319534734],[0.919754547966103,51.9266564353073],[0.920117629624229,51.9266474243587],[0.920132207039576,51.9268719060956],[0.920495290341171,51.9268628939445],[0.920858373450084,51.9268538806755],[0.920843792362498,51.9266293991076],[0.920480711089702,51.9266384122921],[0.920466132030967,51.9264139306272],[0.920829211467668,51.9264049175273],[0.920814630765591,51.9261804359345],[0.921177708173526,51.9261714218012],[0.921163125828157,51.9259469402804],[0.921148543675559,51.9257224587472],[0.921133961715729,51.9254979772014],[0.921497033364034,51.9254889622077],[0.921482442774121,51.9252644811972],[0.921119373140328,51.9252734960784],[0.920756303317401,51.9252825098428],[0.920393233305363,51.9252915224905]]],[[[0.899988536050805,51.9246719983602],[0.900003021666199,51.9248964850649],[0.90036609626954,51.9248875357442],[0.900380583822177,51.9251120223422],[0.900395071559532,51.9253365089269],[0.900758149483278,51.9253275583019],[0.900743659993354,51.9251030718107],[0.901106735979797,51.9250941201621],[0.901092244922075,51.9248696337514],[0.900729170688174,51.9248785853064],[0.900714681567731,51.9246540987888],[0.900351608901621,51.9246630491331],[0.899988536050805,51.9246719983602]]],[[[0.891209443535267,51.8673286701126],[0.891572064441615,51.8673197527699],[0.891934685156578,51.8673108343147],[0.891920277260348,51.8670863416847],[0.892282896011052,51.8670774222537],[0.892268487426205,51.8668529300732],[0.891905870477478,51.8668618494005],[0.891891463882611,51.8666373571023],[0.891877057475744,51.8664128647901],[0.891514443942957,51.866421782796],[0.891500039525996,51.8661972903662],[0.891137427607202,51.8662062071544],[0.891151830222251,51.8664306996879],[0.890789216313646,51.8664396154658],[0.890426602217167,51.8664485301297],[0.890441001416281,51.8666730228566],[0.8904554008033,51.8668975155695],[0.890469800378228,51.8671220082684],[0.890832419880606,51.8671130932935],[0.891195039195102,51.8671041772046],[0.891209443535267,51.8673286701126]]],[[[0.895006694004293,51.9263685817701],[0.895021148575656,51.9265930693401],[0.895035603326403,51.9268175568986],[0.895398694880333,51.9268086229224],[0.895761786254897,51.9267996878273],[0.896124877450074,51.9267907516134],[0.896110417629469,51.9265662642729],[0.896095957988314,51.926341776921],[0.895732870173014,51.9263507129896],[0.895369782178333,51.9263596479393],[0.895006694004293,51.9263685817701]]],[[[0.886574268653044,51.9139845441072],[0.886937262027675,51.9139756372818],[0.886922842199769,51.9137511492494],[0.886559850561959,51.913760056043],[0.886196858741569,51.9137689617151],[0.885833866738622,51.9137778662655],[0.88547087455314,51.9137867696942],[0.885485287433745,51.9140112578537],[0.885848281356057,51.9140023543931],[0.885862696156011,51.9142268425125],[0.886225691632634,51.9142179378987],[0.886588686926695,51.9142090321631],[0.886574268653044,51.9139845441072]]],[[[0.886588686926695,51.9142090321631],[0.886603105382912,51.9144335202108],[0.886240108351983,51.9144424259781],[0.886254525253881,51.9146669140492],[0.88626894233833,51.914891402112],[0.886283359605334,51.9151158901666],[0.886646361847008,51.9151069843041],[0.886631942843066,51.9148824962813],[0.886994943165207,51.9148735893288],[0.886980522606932,51.9146491013295],[0.886966102231253,51.9144246133218],[0.886951682038168,51.914200125306],[0.886588686926695,51.9142090321631]]],[[[0.868037358226042,51.908367378433],[0.868051688125947,51.9085918635821],[0.868066018204996,51.9088163487243],[0.868428980418214,51.9088074952817],[0.868414648630602,51.9085830101544],[0.868400317022157,51.9083585250202],[0.868763275639056,51.9083496704847],[0.869126234076718,51.9083408148264],[0.869489192335122,51.9083319580455],[0.869852150414244,51.9083231001419],[0.869837812150921,51.9080986150602],[0.869474855780304,51.9081074729489],[0.86911189923041,51.908116329715],[0.86874894250126,51.9081251853583],[0.868385985592876,51.908134039879],[0.868023028505278,51.908142893277],[0.868037358226042,51.908367378433]]],[[[0.844559279310888,51.8992699540026],[0.844573484248042,51.8994944447764],[0.844936382010058,51.8994856630355],[0.845299279583205,51.8994768801817],[0.84528507094437,51.8992523896779],[0.845270862494386,51.8990278991578],[0.845256654233252,51.8988034086212],[0.845619546065075,51.8987946250596],[0.845605336142023,51.8985701346416],[0.845591126407838,51.8983456442072],[0.845576916862517,51.8981211537565],[0.845939802953223,51.8981123694871],[0.845925591746074,51.897887879155],[0.845911380727805,51.8976633888064],[0.845897169898413,51.8974388984414],[0.846260050248215,51.8974301134644],[0.846245837757084,51.897205623218],[0.846231625454848,51.8969811329553],[0.845868748806249,51.8969899176622],[0.845854538543471,51.896765427248],[0.845491663556539,51.8967742107072],[0.84512878838073,51.8967829930535],[0.845142994942367,51.8970074837377],[0.845157201692823,51.8972319744056],[0.844794322626988,51.8972407559092],[0.844431443372318,51.8972495362999],[0.844445646610347,51.8974740272214],[0.844459850037155,51.8976985181265],[0.844096966892391,51.8977072976744],[0.844111168657302,51.897931788698],[0.844125370610975,51.8981562797053],[0.84448825745712,51.8981474998874],[0.844502461450283,51.8983719907432],[0.844139572753413,51.8983807706962],[0.844153775084619,51.8986052616706],[0.844167977604595,51.8988297526287],[0.844182180313346,51.8990542435703],[0.844196383210875,51.8992787344955],[0.844559279310888,51.8992699540026]]],[[[0.845854538543471,51.896765427248],[0.846217413341503,51.8967566426761],[0.846580287950611,51.8967478569914],[0.846566074175617,51.8965233668308],[0.84655186058953,51.8962988766539],[0.846188989681476,51.8963076620685],[0.845826118584504,51.8963164463704],[0.845840328469556,51.8965409368174],[0.845854538543471,51.896765427248]]],[[[0.826666973213261,51.880590053034],[0.826652885627697,51.8803655458266],[0.826638798231558,51.8801410386062],[0.826624711024843,51.8799165313729],[0.826261965710416,51.8799252512584],[0.825899220206652,51.8799339700283],[0.825536474513576,51.8799426876825],[0.825522393119975,51.8797181801625],[0.82515964911218,51.8797268966098],[0.825145569782471,51.8795023889856],[0.824782827459966,51.8795111042262],[0.824420084948228,51.8795198183511],[0.824057342247281,51.8795285313603],[0.824071415953329,51.8797530392581],[0.824085489848625,51.8799775471429],[0.823722743209349,51.8799862592189],[0.823736815419288,51.8802107671819],[0.823750887818457,51.880435275132],[0.823764960406861,51.8806597830691],[0.824127712670034,51.8806510707196],[0.824490464744007,51.8806423572544],[0.824504541271006,51.8808668649961],[0.824867295030429,51.880858150324],[0.825230048600597,51.8808494345363],[0.82559280198149,51.8808407176328],[0.825578719830477,51.8806162101647],[0.825941471147403,51.8806074922368],[0.826304222275006,51.8805987731932],[0.826666973213261,51.880590053034]]]]}}