{"type":"Feature","properties":{"code":"E63004848","name":"Swindon (Swindon)"},"geometry":{"type":"MultiPolygon","coordinates":[[[[-1.8521341893246,51.5449034190228],[-1.8521334546828,51.5451282053161],[-1.85177293758729,51.5451277499736],[-1.85141242050149,51.5451272935234],[-1.85141315876688,51.5449025072987],[-1.85141389702254,51.5446777210652],[-1.85177441048478,51.5446781774467],[-1.85213492395671,51.5446786327207],[-1.85249543743833,51.5446790868871],[-1.85249470461799,51.5449038732235],[-1.8521341893246,51.5449034190228]]],[[[-1.85141242050149,51.5451272935234],[-1.85141168222637,51.5453520797394],[-1.85141094394152,51.5455768659466],[-1.85177146465098,51.5455773224654],[-1.85177072816826,51.5458021086981],[-1.85176999167583,51.5460268949221],[-1.85176925517369,51.5462516811373],[-1.85212978132852,51.5462521366514],[-1.85249030749303,51.5462525910577],[-1.8528508336672,51.5462530443564],[-1.85285010259116,51.5464778306657],[-1.8532106305869,51.5464782828911],[-1.85357115859225,51.5464787340089],[-1.85393168660719,51.5464791840189],[-1.85429221463169,51.5464796329214],[-1.85465274266573,51.5464800807162],[-1.85501327070928,51.5464805274034],[-1.85537379876233,51.5464809729829],[-1.85537451715482,51.546256186434],[-1.8557350434054,51.5462566308717],[-1.85609556966543,51.5462570742017],[-1.85609485489682,51.5464818608191],[-1.8564553829782,51.5464823030757],[-1.85681591106899,51.5464827442247],[-1.85681519991487,51.5467075309016],[-1.85645467001212,51.5467070897185],[-1.85645395703664,51.5469318763525],[-1.85609342533131,51.5469314340275],[-1.85609271053441,51.5471562206186],[-1.85645324405175,51.5471566629777],[-1.85681377757848,51.5471571042292],[-1.8571743111146,51.5471575443731],[-1.85717360174436,51.5473823310579],[-1.85753413710186,51.5473827701282],[-1.85789467246869,51.5473832080908],[-1.8578939667132,51.5476079948352],[-1.85825450390139,51.5476084317243],[-1.85825379994867,51.5478332184941],[-1.85789326094841,51.5478327815708],[-1.85753272195745,51.5478323435399],[-1.85717218297582,51.5478319044013],[-1.85717147357751,51.5480566910598],[-1.85717076416984,51.5482814777097],[-1.85717005475281,51.5485062643507],[-1.85753059917082,51.5485067035918],[-1.8575298915566,51.5487314902582],[-1.85789043779611,51.5487319284258],[-1.85825098404492,51.5487323654856],[-1.85825028004575,51.5489571522115],[-1.85861082811604,51.5489575881977],[-1.85861012591981,51.5491823749491],[-1.8582495760373,51.5491819389288],[-1.85824887201956,51.5494067256372],[-1.85824816799253,51.5496315123369],[-1.8578876144948,51.5496310751406],[-1.85788690864619,51.5498558617974],[-1.85788620278826,51.5500806484454],[-1.85788549692102,51.5503054350847],[-1.85752493799566,51.5503049966781],[-1.85752423012963,51.5505297831623],[-1.85716366941048,51.5505293436213],[-1.85716295912576,51.5507541296925],[-1.85716224883182,51.5509789157549],[-1.8568016845676,51.5509784750979],[-1.85680097248727,51.5512032611477],[-1.85644040645512,51.5512028193787],[-1.85644112031263,51.550978033333],[-1.85608055606693,51.5509775904601],[-1.85607984043224,51.5512023765018],[-1.85571927441865,51.5512019325169],[-1.85571999183051,51.5509771464793],[-1.85572070923306,51.550752360433],[-1.8553601467831,51.5507519153483],[-1.85499958434248,51.5507514691557],[-1.85500030528997,51.550526683109],[-1.85463974463584,51.5505262358125],[-1.85427918399108,51.5505257874082],[-1.8542799080901,51.5503010011681],[-1.8539193492591,51.5503005516835],[-1.85391862335573,51.5505253378959],[-1.85391789707686,51.5507501239303],[-1.85355733467381,51.550749673306],[-1.85355660660835,51.5509744593277],[-1.8531960424376,51.5509740075913],[-1.85319531258552,51.5511987936003],[-1.85283474664707,51.5511983407518],[-1.85247418071811,51.5511978867954],[-1.85247344730216,51.5514226727874],[-1.85211287960553,51.5514222177189],[-1.85211214440284,51.5516470036982],[-1.85175157493853,51.5516465475175],[-1.85175083794906,51.5518713334839],[-1.85139026670887,51.5518708761914],[-1.85138952793211,51.552095662145],[-1.85102895467972,51.5520952037461],[-1.85102821411842,51.5523199896869],[-1.85066763910066,51.5523195301759],[-1.85066689675476,51.5525443161039],[-1.85030631997163,51.5525438554808],[-1.85030557584108,51.552768641396],[-1.84994499729259,51.5527681796607],[-1.84994425137736,51.5529929655631],[-1.84994350545244,51.5532177514569],[-1.84958292336353,51.5532172886051],[-1.84958217565385,51.5534420744861],[-1.84958142793448,51.5536668603584],[-1.84994201357359,51.5536673232185],[-1.84994126761965,51.5538921090863],[-1.85030185504356,51.5538925708425],[-1.85030111085509,51.5541173567059],[-1.85030036665698,51.5543421425607],[-1.85029962244921,51.5545669284068],[-1.85029887823178,51.5547917142442],[-1.84993828370712,51.5547912524714],[-1.8499375377048,51.555016038296],[-1.8499367916928,51.5552408241121],[-1.8495761936273,51.5552403612227],[-1.84957544583033,51.5554651470259],[-1.84957469802366,51.5556899328205],[-1.84921409641725,51.5556894688147],[-1.84921334682555,51.5559142545964],[-1.84921259722412,51.5561390403695],[-1.84921184761297,51.556363826134],[-1.84921109799209,51.5565886118898],[-1.84957170669999,51.5565890759123],[-1.84957095884482,51.5568138616637],[-1.84957021097995,51.5570386474064],[-1.84956946310537,51.5572634331405],[-1.8495687152211,51.5574882188659],[-1.84920809941134,51.5574877548266],[-1.84920734974185,51.5577125405392],[-1.84920660006262,51.5579373262432],[-1.84920585037368,51.5581621119386],[-1.84884522924701,51.5581616467785],[-1.84884447777274,51.5583864324609],[-1.84884372628873,51.5586112181348],[-1.84884297479668,51.5588360038063],[-1.84884222330996,51.5590607895247],[-1.84848159508813,51.5590603232372],[-1.8484808418138,51.5592851089408],[-1.8484800885297,51.5595098946356],[-1.84811945676192,51.5595094272275],[-1.84811870169014,51.5597342129076],[-1.84811794660856,51.5599589985789],[-1.84811719151717,51.5601837842417],[-1.84775655442544,51.5601833157066],[-1.84775579754628,51.5604081013545],[-1.8477550406573,51.5606328869937],[-1.84811568130497,51.5606333555412],[-1.84811492618417,51.560858141178],[-1.84847556861966,51.5608586086233],[-1.84847481526708,51.5610833942577],[-1.84847406190472,51.5613081798834],[-1.84811341591315,51.5613077124256],[-1.84811266076292,51.5615324980364],[-1.84775201300308,51.5615320294641],[-1.84775125606495,51.5617568150601],[-1.84739060653682,51.5617563453732],[-1.84738984781074,51.5619811309543],[-1.84702919651434,51.5619806601528],[-1.84702995701855,51.561755874578],[-1.84703071751288,51.5615310889945],[-1.84703147799733,51.5613063034023],[-1.84703223847191,51.5610815178015],[-1.84703299893662,51.560856732192],[-1.84667235654048,51.5608562603134],[-1.84667159429774,51.5610810459166],[-1.84631095013347,51.5610805729234],[-1.84595030597911,51.5610800988219],[-1.84558966183469,51.5610796236121],[-1.84559042941152,51.5608548380276],[-1.8452297870551,51.5608543617157],[-1.84486914470867,51.5608538842955],[-1.84450850237224,51.560853405767],[-1.84414786004585,51.5608529261302],[-1.84414863472474,51.5606281405622],[-1.84378799418642,51.5606276598234],[-1.84378721772952,51.560852445385],[-1.84342657542326,51.5608519635315],[-1.84342579717825,51.5610767490782],[-1.84306515310406,51.5610762661101],[-1.84270450904001,51.5610757820336],[-1.8423438649861,51.5610752968488],[-1.84198322094236,51.5610748105558],[-1.84162257690882,51.5610743231543],[-1.84126193288549,51.5610738346446],[-1.84090128887241,51.5610733450265],[-1.84054064486959,51.5610728543001],[-1.84018000087705,51.5610723624654],[-1.84018079512433,51.5608475769761],[-1.84018158936129,51.5606227914781],[-1.84018238358793,51.5603980059715],[-1.83982174493973,51.5603975130477],[-1.83982254093402,51.5601727275388],[-1.83982333691798,51.5599479420213],[-1.8398241328916,51.5597231564951],[-1.83946349958753,51.5597226624822],[-1.839462701836,51.559947448002],[-1.83910206676437,51.5599469528744],[-1.83910126722454,51.5601717383791],[-1.83910046767433,51.5603965238751],[-1.83946110630185,51.5603970190156],[-1.83946030851924,51.5606218045094],[-1.83945951072627,51.5608465899945],[-1.83909886854276,51.5608460948413],[-1.83873822636964,51.5608455985797],[-1.83837758420691,51.5608451012098],[-1.83801694205461,51.5608446027316],[-1.83765629991276,51.5608441031451],[-1.83765710659575,51.5606193176922],[-1.83729646624238,51.5606188170038],[-1.83729565778138,51.5608436024502],[-1.8369350156605,51.5608431006471],[-1.83657437355013,51.5608425977356],[-1.8362137314503,51.5608420937159],[-1.83585308936104,51.5608415885878],[-1.83549244728236,51.5608410823514],[-1.83549326463338,51.5606162969374],[-1.83513262434331,51.5606157895992],[-1.83513344346169,51.5603910041832],[-1.83513426256944,51.5601662187585],[-1.83477362584594,51.560165710325],[-1.83477280496024,51.5603904957432],[-1.83477198406388,51.5606152811528],[-1.83477116315686,51.5608400665536],[-1.83441052119564,51.5608395570781],[-1.83404987925413,51.5608390465033],[-1.83404905478062,51.5610638318901],[-1.83368841107179,51.5610633202043],[-1.83332776737368,51.5610628074102],[-1.83332693933337,51.5612875927831],[-1.83296629386797,51.561287078878],[-1.83260564841333,51.5612865638645],[-1.83260481680613,51.5615113492235],[-1.83224416958422,51.561510833099],[-1.83224333618813,51.5617356184467],[-1.83224250278121,51.5619604037857],[-1.83188185201391,51.5619598865475],[-1.83188101681803,51.5621846718752],[-1.83152036428344,51.5621841535259],[-1.83151952729855,51.5624089388423],[-1.8315186903028,51.5626337241501],[-1.83187934639374,51.5626342425048],[-1.83187851116533,51.5628590278066],[-1.83223916904532,51.5628595450555],[-1.8322383355843,51.5630843303514],[-1.83259899525334,51.5630848464946],[-1.83259816355975,51.5633096317845],[-1.83295882501784,51.5633101468219],[-1.83295799509173,51.5635349321059],[-1.83295716515483,51.5637597173812],[-1.83259650014016,51.5637592023384],[-1.83259566841417,51.5639839876024],[-1.83223500163197,51.5639834714485],[-1.83223416811683,51.5642082567012],[-1.83223333459086,51.5644330419453],[-1.83187266426277,51.5644325246776],[-1.83187182894759,51.5646573099104],[-1.83187099362156,51.5648820951345],[-1.83187015828469,51.56510688035],[-1.83186932293697,51.5653316655569],[-1.8318684875784,51.5655564507551],[-1.83222916679869,51.5655569680362],[-1.8325898460298,51.5655574842088],[-1.83258901421741,51.5657822694038],[-1.83258818239421,51.5660070545901],[-1.8325873505602,51.5662318397678],[-1.8325865187154,51.5664566249369],[-1.83258568685979,51.5666814100973],[-1.83294637499448,51.5666819251747],[-1.8329455449067,51.5669067103291],[-1.83294471480813,51.567131495475],[-1.83294388477492,51.5673562806479],[-1.83294305473605,51.5675810658146],[-1.83330374999948,51.5675815797971],[-1.83366444527368,51.5675820926709],[-1.83366527175191,51.5673573074959],[-1.83402596525653,51.5673578192571],[-1.83402678994857,51.5671330340717],[-1.83366609822436,51.5671325223147],[-1.83366692476562,51.5669077371636],[-1.83366775129616,51.5666829520038],[-1.83366857781596,51.5664581668354],[-1.83366940432503,51.5662333816584],[-1.83367023082337,51.5660085964728],[-1.83367105731097,51.5657838112785],[-1.83331037626902,51.5657832984288],[-1.8333112045244,51.5655585132285],[-1.83295052527172,51.5655579992729],[-1.83295135529483,51.5653332140667],[-1.83295218530716,51.5651084288518],[-1.83295301530872,51.5648836436283],[-1.8329538452995,51.5646588583961],[-1.83331451743838,51.5646593723411],[-1.83331534563999,51.5644345870976],[-1.83331617383084,51.5642098018456],[-1.83331700201094,51.5639850165849],[-1.83367766882546,51.5639855294134],[-1.83367849521648,51.5637607441414],[-1.83367932159677,51.5635359588608],[-1.83368014796633,51.5633111735716],[-1.83404080945668,51.5633116852837],[-1.83404163403725,51.5630868999832],[-1.83440229376004,51.5630874105843],[-1.8347629535004,51.5630879200867],[-1.83476377451402,51.5628631347724],[-1.83476459551698,51.5626383494493],[-1.83512525179926,51.5626388579546],[-1.83548590809218,51.5626393653516],[-1.83584656439571,51.5626398716401],[-1.83584738005344,51.5624150862888],[-1.83620803458938,51.5624155914625],[-1.83656868913587,51.5624160955278],[-1.83692934369291,51.5624165984847],[-1.83728999826047,51.5624171003332],[-1.83765065283852,51.5624176010733],[-1.83801130742704,51.5624181007051],[-1.83801050243844,51.5626428860953],[-1.8383711588156,51.5626433846251],[-1.83837035559476,51.5628681700131],[-1.83873101376056,51.562868667441],[-1.83873181520319,51.5626438820466],[-1.83873261663542,51.5624190966435],[-1.83909327125522,51.5624195929501],[-1.83945392588541,51.5624200881484],[-1.83981458052595,51.5624205822383],[-1.84017523517683,51.5624210752198],[-1.84053588983802,51.5624215670929],[-1.84089654450949,51.5624220578577],[-1.84125719919123,51.5624225475141],[-1.84161785388322,51.5624230360621],[-1.84197850858542,51.5624235235017],[-1.84233916329782,51.5624240098329],[-1.84233837964749,51.5626487953],[-1.84269903614825,51.5626492805292],[-1.84269981802039,51.5624244950558],[-1.84306047275311,51.5624249791703],[-1.84306125283692,51.5622001936819],[-1.8434219058016,51.5622006766816],[-1.84378255877638,51.562201158573],[-1.84378333529378,51.5619763730633],[-1.8441439865005,51.56197685384],[-1.84450463771727,51.5619773335084],[-1.84486528894408,51.5619778120684],[-1.84522594018089,51.5619782895201],[-1.84522517077608,51.562203075055],[-1.84558582380103,51.5622035514045],[-1.8455850561644,51.5624283369371],[-1.8455842885178,51.562653122461],[-1.84558352086123,51.5628779079762],[-1.84558275319469,51.5631026934828],[-1.84558198551818,51.5633274789808],[-1.8455812178317,51.5635522644701],[-1.84558045013525,51.5637770499508],[-1.84521978466263,51.5637765735572],[-1.84521901517789,51.564001359023],[-1.84521824568315,51.5642261444801],[-1.84557891471245,51.5642266208861],[-1.8455781469861,51.5644514063408],[-1.84593881780375,51.5644518816447],[-1.84593805184583,51.5646766670971],[-1.84629872445182,51.5646771412988],[-1.84665939706773,51.564677614392],[-1.84665863465671,51.5649023998482],[-1.84665787223579,51.5651271852957],[-1.84665710980496,51.5653519707346],[-1.84665634736423,51.5655767561649],[-1.84629566763449,51.5655762830467],[-1.84593498791466,51.5655758088199],[-1.84593575391237,51.5653510234022],[-1.84557507598099,51.5653505480732],[-1.84521439805956,51.5653500716358],[-1.84521362850487,51.565574857041],[-1.84557430820478,51.5655753334847],[-1.84557354041861,51.5658001188875],[-1.84521285894018,51.5657996424375],[-1.84485217747174,51.565799164879],[-1.84485140611852,51.5660239502606],[-1.84449072288156,51.5660234715872],[-1.84448994973976,51.5662482569539],[-1.84448917658791,51.5664730423119],[-1.84448840342603,51.5666978276613],[-1.84484909199875,51.5666983063535],[-1.84484832060546,51.5669230917005],[-1.84448763025411,51.566922613002],[-1.8441269399128,51.5669221331949],[-1.84412771486336,51.5666973478605],[-1.84412848980384,51.5664725625174],[-1.84412926473427,51.5662477771657],[-1.84413003965463,51.5660229918054],[-1.84376935643776,51.566022510915],[-1.84376857973884,51.566247296269],[-1.8434078947535,51.5662468142638],[-1.84304720977826,51.56624633115],[-1.84304642951209,51.5664711164828],[-1.8426857427684,51.5664706322542],[-1.84268496071348,51.5666954175719],[-1.84232427220134,51.5666949322284],[-1.84232348835764,51.5669197175311],[-1.84196279807704,51.5669192310727],[-1.84160210780664,51.5669187435057],[-1.84124141754647,51.5669182548302],[-1.84088072729654,51.5669177650461],[-1.84052003705688,51.5669172741535],[-1.84015934682751,51.5669167821523],[-1.83979865660845,51.5669162890425],[-1.83943796639974,51.5669157948242],[-1.83907727620138,51.5669152994973],[-1.83907647633964,51.5671400847339],[-1.83943716831664,51.5671405800672],[-1.83943637030657,51.5673653653229],[-1.83943557228805,51.5675901505705],[-1.83907487675409,51.5675896552278],[-1.83871418123052,51.5675891587766],[-1.83871337964481,51.5678139440063],[-1.83835268235324,51.5678134464419],[-1.83835187897869,51.5680382316583],[-1.8387125780487,51.5680387292274],[-1.83871177644218,51.5682635144398],[-1.83871097482525,51.5684882996435],[-1.8387101731979,51.5687130848387],[-1.83870937156015,51.5689378700251],[-1.83870856991199,51.569162655203],[-1.83870776825341,51.5693874403722],[-1.83870696658443,51.5696122255327],[-1.83834625506474,51.5696117279313],[-1.83798554355547,51.5696112292211],[-1.83798473831884,51.5698360143638],[-1.83834545160672,51.5698365130785],[-1.83834464813828,51.5700612982172],[-1.83834384465939,51.5702860833472],[-1.83834304117008,51.5705108684686],[-1.83834223767033,51.5707356535813],[-1.83798151726774,51.5707351548479],[-1.83798071197883,51.5709599399474],[-1.83797990667945,51.5711847250382],[-1.83797910136961,51.5714095101203],[-1.83761837564122,51.5714090102643],[-1.83761756854212,51.5716337953332],[-1.83761676143254,51.5718585803934],[-1.83761595431248,51.572083365445],[-1.83761514718194,51.572308150488],[-1.83761434004092,51.5725329355223],[-1.83761353288941,51.5727577205479],[-1.83725279649833,51.5727572195552],[-1.83689206011775,51.5727567174537],[-1.8365313237477,51.5727562142434],[-1.8361705873882,51.5727557099244],[-1.83580985103927,51.5727552044965],[-1.83544911470093,51.5727546979598],[-1.8354482968653,51.5729794829488],[-1.83544747901904,51.5732042679291],[-1.83544666116217,51.5734290529007],[-1.83544584329467,51.5736538378638],[-1.83544502541656,51.5738786228181],[-1.83544420752782,51.5741034077638],[-1.83580495454014,51.5741039143287],[-1.83580413841986,51.5743286992705],[-1.83580332228897,51.5745534842037],[-1.83616407287007,51.5745539896691],[-1.83616325850771,51.5747787745983],[-1.83580250614749,51.5747782691282],[-1.83544175379786,51.5747777625492],[-1.83508100145885,51.5747772548613],[-1.83472024913181,51.5747767460749],[-1.83471942764226,51.5750015309772],[-1.83435867357246,51.5750010212935],[-1.83399791951335,51.5750005105009],[-1.83399709445091,51.5752252953863],[-1.83399626937775,51.5754500802631],[-1.83363551176713,51.5754495683534],[-1.83327475416726,51.5754490553347],[-1.83327392559393,51.575673840276],[-1.83291316622228,51.5756733261433],[-1.83255240686142,51.5756728109017],[-1.83219164751138,51.5756722945512],[-1.83219248143234,51.5754475096254],[-1.83219331541113,51.5752227247694],[-1.83183255963559,51.5752222073193],[-1.83183339538465,51.5749974224588],[-1.83183423112284,51.5747726375897],[-1.83147347892034,51.5747721190391],[-1.83111272672873,51.5747715993796],[-1.83111356601817,51.5745468145102],[-1.83075281561851,51.5745462937461],[-1.83075197454802,51.5747710786113],[-1.83039122237823,51.5747705567341],[-1.83039206522979,51.5745457718731],[-1.83003131485201,51.5745452488912],[-1.83003215947365,51.5743204640258],[-1.82967141088788,51.5743199399392],[-1.82967225727954,51.5740951550694],[-1.82931151048578,51.5740946298783],[-1.82931235864743,51.573869845004],[-1.82895161364567,51.5738693187083],[-1.82895246357726,51.5736445338297],[-1.82859172036751,51.5736440064293],[-1.82859257206899,51.5734192215463],[-1.8289533134978,51.5734197489424],[-1.82895416340729,51.5731949640465],[-1.82895501330574,51.5729701791419],[-1.82931575118378,51.5729707054207],[-1.82931659929031,51.5727459205032],[-1.82967733539851,51.5727464456689],[-1.8300380715177,51.5727469697259],[-1.83003891605151,51.5725221847913],[-1.82967818171317,51.5725216607386],[-1.82967902801683,51.5722968757997],[-1.82967987430949,51.5720720908521],[-1.82968072059116,51.5718473058959],[-1.82931999160621,51.5718467807471],[-1.82932083965763,51.5716219957864],[-1.82968156686182,51.571622520931],[-1.82968241312149,51.5713977359575],[-1.83004313855594,51.5713982599891],[-1.8300439830239,51.5711734750027],[-1.82968325937015,51.5711729509753],[-1.8293225357274,51.5711724258392],[-1.82896181209567,51.5711718995944],[-1.82896266189471,51.5709471146121],[-1.82896351168271,51.5707223296212],[-1.82896436145966,51.5704975446216],[-1.82860364318096,51.5704970172808],[-1.82860449472748,51.5702722322768],[-1.82860534626293,51.5700474472642],[-1.82860619778732,51.5698226622429],[-1.82824548486146,51.5698221338062],[-1.82788477194668,51.5698216042608],[-1.82788391686115,51.5700463892735],[-1.82788306176451,51.5702711742776],[-1.82752234529969,51.570270643615],[-1.82716162884599,51.5702701118437],[-1.82680091240345,51.5702695789636],[-1.82644019597209,51.5702690449749],[-1.82607947955193,51.5702685098775],[-1.8260786155411,51.5704932948515],[-1.82571789735156,51.570492758641],[-1.82535717917326,51.5704922213219],[-1.82499646100623,51.570491682894],[-1.82499559164226,51.5707164678464],[-1.8246348717059,51.5707159283055],[-1.82427415178084,51.5707153876559],[-1.82391343186714,51.5707148458975],[-1.82355271196479,51.5707143030305],[-1.82319199207383,51.5707137590547],[-1.82283127219429,51.5707132139703],[-1.82247055232617,51.5707126677771],[-1.82210983246952,51.5707121204752],[-1.82174911262434,51.5707115720646],[-1.82138839279066,51.5707110225453],[-1.82138927996099,51.5704862376369],[-1.82139016711978,51.5702614527198],[-1.82139105426705,51.5700366677941],[-1.82139194140279,51.5698118828597],[-1.821392828527,51.5695870979167],[-1.82139371563968,51.5693623129651],[-1.82139460274083,51.5691375280048],[-1.82139548983046,51.5689127430359],[-1.82139637690855,51.5686879580583],[-1.82139726397512,51.5684631730721],[-1.82139815103017,51.5682383880773],[-1.82175885127813,51.5682389375479],[-1.82175973654126,51.5680141525399],[-1.82176062179289,51.5677893675234],[-1.82139992510567,51.5677888180617],[-1.82140081212613,51.5675640330409],[-1.82140169913507,51.5673392480115],[-1.82176239226164,51.5673397974644],[-1.821763277483,51.5671150124208],[-1.82212396884093,51.5671155607609],[-1.82212485229882,51.5668907756989],[-1.82176416271953,51.5668902273617],[-1.82176504794457,51.566665442294],[-1.82176593315812,51.5664406572176],[-1.82176681836017,51.5662158721326],[-1.82176770355073,51.565991087039],[-1.82212838601569,51.5659916353644],[-1.82212926941623,51.5657668502593],[-1.82213015280529,51.5655420651454],[-1.82249083172469,51.5655426123565],[-1.8224917133238,51.5653178272311],[-1.82285239047616,51.5653183733307],[-1.82285327028537,51.5650935881938],[-1.82321394567069,51.5650941331821],[-1.82321482369005,51.5648693480336],[-1.823215701698,51.5646445628765],[-1.82357637353787,51.5646451067504],[-1.82357549730833,51.5648698919104],[-1.82393617093799,51.5648704346788],[-1.82393704538912,51.5646456495159],[-1.8239379198289,51.5644208643444],[-1.82429858991311,51.5644214059985],[-1.82465926000864,51.5644219465441],[-1.82501993011549,51.5644224859813],[-1.82502079920881,51.5641977007925],[-1.82466013088033,51.5641971613582],[-1.82466100174072,51.5639723761637],[-1.82430033520189,51.5639718356238],[-1.82393966867439,51.5639712939755],[-1.82357900215824,51.5639707512187],[-1.82321833565346,51.5639702073534],[-1.82285766916008,51.5639696623797],[-1.82285854890075,51.563744877191],[-1.82285942863,51.5635200919936],[-1.82286030834782,51.5632953067876],[-1.82322096950632,51.5632958517526],[-1.82322184743447,51.5630710665351],[-1.82322272535122,51.5628462813089],[-1.82286206774921,51.5628457363497],[-1.82250141015861,51.5628451902821],[-1.8225005286854,51.5630699755025],[-1.82213986932802,51.5630694283236],[-1.82213898606512,51.5632942135323],[-1.82213810279075,51.5635189987325],[-1.82213721950491,51.563743783924],[-1.82177655482418,51.5637432356279],[-1.82141589015494,51.5637426862233],[-1.82141500330099,51.5639674714003],[-1.82177566974855,51.5639680208079],[-1.82177478466143,51.5641928059792],[-1.82177389956282,51.5644175911419],[-1.82141322955855,51.5644170417285],[-1.82141234267006,51.5646418268796],[-1.82105167089892,51.5646412763548],[-1.82069099913932,51.5646407247214],[-1.82069010868249,51.5648655098581],[-1.82032943515603,51.5648649571133],[-1.82032854290921,51.5650897422383],[-1.8199678676159,51.5650891883821],[-1.81996697357904,51.5653139734954],[-1.81960629651888,51.5653134185278],[-1.81960540069193,51.5655382036295],[-1.81924472186493,51.5655376475503],[-1.81888404304957,51.5655370903626],[-1.81888314365398,51.5657618754497],[-1.8185224630718,51.5657613171505],[-1.81852156188601,51.565986102226],[-1.81816087953701,51.5659855428152],[-1.81815997656097,51.566210327879],[-1.81779929162134,51.5662097674744],[-1.81779838685473,51.5664345525258],[-1.81743769988389,51.5664339910464],[-1.8170770129248,51.5664334284583],[-1.81707610459576,51.5666582134921],[-1.8167154158731,51.566657649791],[-1.81635472716224,51.5666570849814],[-1.8159940384632,51.5666565190632],[-1.81599495211829,51.566431734043],[-1.81563426520644,51.5664311670208],[-1.81563518062502,51.5662063819966],[-1.81527449550036,51.5662058138704],[-1.8149138103876,51.5662052446357],[-1.81491472934491,51.5659804596119],[-1.81455404601936,51.5659798892732],[-1.81455496674003,51.5657551042454],[-1.8141942852017,51.5657545328028],[-1.81419520768569,51.5655297477708],[-1.81383452793457,51.5655291752243],[-1.81347384819543,51.5655286015693],[-1.81347477421793,51.5653038165379],[-1.81311409626603,51.565303241779],[-1.81311502405172,51.5650784567436],[-1.81275434788706,51.5650778808808],[-1.81275527743591,51.5648530958414],[-1.8127562069727,51.5646283107934],[-1.81311687958702,51.5646288866469],[-1.81311780733662,51.5644041015856],[-1.81347847818782,51.5644046763261],[-1.81347940415028,51.5641798912515],[-1.81348033010073,51.5639551061683],[-1.81384099741372,51.5639556797911],[-1.81384192157709,51.5637308946947],[-1.81420258712699,51.5637314672044],[-1.81420350950333,51.5635066820948],[-1.81420443186771,51.5632818969764],[-1.8145650938795,51.5632824683686],[-1.81456601445691,51.563057683237],[-1.8145669350224,51.5628328980968],[-1.81492759349613,51.5628334683714],[-1.81492667470563,51.5630582535162],[-1.81528733496625,51.563058822687],[-1.81528825198177,51.5628340375376],[-1.81528916898541,51.5626092523796],[-1.81492851227472,51.562608683218],[-1.81492943104139,51.562383898056],[-1.81493034979616,51.5621591128853],[-1.81456969664722,51.5621585426244],[-1.81457061716496,51.5619337574496],[-1.81493126853901,51.5619343277059],[-1.81493218726994,51.5617095425179],[-1.81493310598897,51.5614847573213],[-1.81457245816463,51.5614841870742],[-1.81421181035222,51.5614836157187],[-1.81421088808351,51.5617084009062],[-1.81385023850822,51.5617078284377],[-1.8134895889449,51.561707254861],[-1.81349051476329,51.5614824696827],[-1.81312986698682,51.5614818950022],[-1.81313079456802,51.5612571098199],[-1.81277014857839,51.5612565340356],[-1.81277107792236,51.5610317488493],[-1.81241043371957,51.5610311719614],[-1.81241136482626,51.560806386771],[-1.81205072241031,51.5608058087794],[-1.81169008000645,51.5608052296794],[-1.81169101465057,51.5605804444897],[-1.81133037403357,51.5605798642861],[-1.81133131044029,51.5603550790924],[-1.81097067161016,51.5603544977852],[-1.81097160977944,51.5601297125875],[-1.81133224683487,51.5601302938901],[-1.81133318321731,51.5599055086792],[-1.81097254793656,51.5599049273812],[-1.81097348608151,51.5596801421663],[-1.81061285258757,51.5596795597647],[-1.81025221910582,51.5596789762549],[-1.81025127741155,51.5599037614605],[-1.81025033570508,51.5601285466574],[-1.8098896986862,51.5601279620299],[-1.80952906167955,51.5601273762941],[-1.80952811641146,51.560352161473],[-1.80916747764237,51.5603515746242],[-1.8091665305873,51.5605763597898],[-1.80880589005576,51.560575771828],[-1.80880683888554,51.5603509866672],[-1.80880778770303,51.5601262014977],[-1.80916842468515,51.56012678945],[-1.80916937171566,51.5599020042672],[-1.80953000693538,51.5599025911066],[-1.80953095217895,51.5596778059104],[-1.80989158563627,51.5596783916368],[-1.80989252909295,51.5594536064272],[-1.80953189741026,51.5594530207056],[-1.80953284262932,51.5592282354921],[-1.8091722127335,51.5592276486668],[-1.80917126573983,51.5594524338756],[-1.80881063408167,51.5594518459374],[-1.80880968530109,51.5596766311328],[-1.8084490518806,51.5596760420816],[-1.80844810131306,51.5599008272636],[-1.80808746613024,51.5599002370994],[-1.8080865137757,51.5601250222681],[-1.80808556140882,51.5603498074281],[-1.80772492268896,51.5603492161461],[-1.80772587683055,51.5601244309908],[-1.80736523989776,51.5601238386053],[-1.80700460297736,51.5601232451114],[-1.80664396606938,51.5601226505093],[-1.80664492552261,51.5598978653597],[-1.80628429040174,51.5598972696541],[-1.80628332917383,51.5601220547989],[-1.80628236793345,51.5603468399351],[-1.80592172927567,51.5603462431116],[-1.80592269229074,51.5601214579802],[-1.80556205542014,51.5601208600532],[-1.80556109063036,51.5603456451798],[-1.80556012582808,51.5605704302978],[-1.80519948542056,51.5605698312529],[-1.80520045199757,51.5603450461397],[-1.8048398133773,51.5603444459913],[-1.80484078171647,51.5601196608743],[-1.80448014488346,51.5601190596225],[-1.80447917476959,51.5603438447346],[-1.80447820464314,51.5605686298382],[-1.80447723450412,51.560793414933],[-1.80411659235952,51.5607928125584],[-1.80411562043314,51.5610175976398],[-1.80375497652637,51.561016994152],[-1.80375400281261,51.5612417792199],[-1.80411464849417,51.5612423827125],[-1.80411367654259,51.5614671677767],[-1.80411270457841,51.5616919528321],[-1.80447335382222,51.5616925552261],[-1.80447238362029,51.5619173402778],[-1.80483303465153,51.5619179415683],[-1.8048340030786,51.5616931565118],[-1.80519465234753,51.5616937566891],[-1.80519561898721,51.5614689716191],[-1.80555626649384,51.5614695706833],[-1.80555723134616,51.5612447855999],[-1.80555819618598,51.5610200005078],[-1.80591884015551,51.561020598454],[-1.80627948413753,51.5610211952919],[-1.8062785228473,51.5612459803935],[-1.80663916861657,51.5612465761278],[-1.80663820908868,51.5614713612256],[-1.80663724954835,51.5616961463147],[-1.80663628999558,51.5619209313952],[-1.8069969411018,51.5619215260355],[-1.80699598331147,51.5621463111121],[-1.80735663620499,51.5621469046488],[-1.80735759222044,51.5619221195674],[-1.80735854822349,51.5616973344774],[-1.80771919757965,51.5616979268962],[-1.80807984694819,51.5616985182067],[-1.80807889449486,51.5619233033062],[-1.80807794202918,51.5621480883971],[-1.80843859495981,51.5621486786086],[-1.80879924790276,51.5621492677118],[-1.80879829897454,51.5623740528035],[-1.80879735003402,51.5625988378866],[-1.8087964010812,51.562823622961],[-1.80843574281346,51.5628230338436],[-1.80843479207335,51.5630478189047],[-1.80879545211607,51.5630484080268],[-1.80879450313863,51.5632731930839],[-1.80879355414889,51.5634979781324],[-1.80879260514685,51.5637227631722],[-1.80915327052693,51.5637233512001],[-1.80915232328765,51.563948136236],[-1.80951299045508,51.5639487231601],[-1.80951204497861,51.5641735081921],[-1.80951109948988,51.5643982932155],[-1.80915042877223,51.5643977062819],[-1.8091494814961,51.5646224912919],[-1.80951015398888,51.5646230782302],[-1.80950920847563,51.5648478632362],[-1.80950826295011,51.5650726482336],[-1.80986893900549,51.5650732340728],[-1.80986799524292,51.5652980190663],[-1.80986705146812,51.5655228040512],[-1.81022773108617,51.5655233887913],[-1.81022678907438,51.5657481737721],[-1.8105874704799,51.5657487574084],[-1.81058653023117,51.5659735423853],[-1.81022584705037,51.5659729587444],[-1.81022490501415,51.566197743708],[-1.80986422007026,51.5661971589538],[-1.8098632762465,51.5664219439041],[-1.80950258953953,51.5664213580367],[-1.80950164392818,51.5666461429736],[-1.80914095545812,51.566645555993],[-1.80914000805914,51.5668703409165],[-1.80950069830457,51.5668709279019],[-1.80986138856226,51.5668715137787],[-1.81022207883218,51.5668720985469],[-1.81022302090505,51.5666473136093],[-1.81022396296571,51.5664225286629],[-1.81058464969713,51.5664231123133],[-1.81094533644074,51.566423694855],[-1.81130602319651,51.5664242762883],[-1.81166670996443,51.566424856613],[-1.81166764491158,51.5662000716393],[-1.8120283299163,51.5662006508508],[-1.81202739674447,51.5664254358291],[-1.81238808353661,51.5664260139367],[-1.81238715212804,51.566650798911],[-1.8127478407076,51.5666513759147],[-1.81274877034082,51.5664265909358],[-1.81310945715709,51.5664271668263],[-1.81347014398538,51.5664277416083],[-1.81383083082568,51.5664283152818],[-1.81419151767796,51.5664288878467],[-1.81419059514612,51.566653672844],[-1.81455128378571,51.566654244305],[-1.81455036301728,51.5668790292982],[-1.81491105344418,51.5668795996552],[-1.8149101344392,51.5671043846444],[-1.81527082665341,51.5671049538974],[-1.81526990942166,51.5673297388534],[-1.81563060342346,51.5673303070036],[-1.8156315188795,51.5671055220418],[-1.81599221111746,51.5671060890777],[-1.81599129743712,51.5673308740452],[-1.81599038374714,51.5675556589983],[-1.81562968795773,51.5675550919506],[-1.81562877248012,51.5677798768889],[-1.8152680749268,51.5677793087264],[-1.81526715766153,51.5680040936499],[-1.81490645834431,51.5680035243726],[-1.81490553929132,51.5682283092813],[-1.81454483821019,51.5682277388892],[-1.81454391736944,51.5684525237831],[-1.81418321452441,51.5684519522763],[-1.814184137141,51.5682271673886],[-1.81418505974563,51.5680023824923],[-1.814545759039,51.5680029539867],[-1.81454667985586,51.5677781690756],[-1.81418598233829,51.5677775975873],[-1.81418690491898,51.5675528126737],[-1.81382620918915,51.567552240083],[-1.81346551347129,51.5675516663837],[-1.81310481776545,51.5675510915759],[-1.81274412207163,51.5675505156595],[-1.81238342638987,51.5675499386345],[-1.81238249493031,51.5677747235171],[-1.81274319238785,51.5677753005483],[-1.81310388985743,51.5677758764709],[-1.81310296193739,51.5680006613573],[-1.8134636611948,51.5680012361775],[-1.81346273503854,51.5682260210614],[-1.8131020340053,51.5682254462349],[-1.81310110606119,51.568450231104],[-1.81274040326415,51.5684496551627],[-1.81273947353213,51.5686744400169],[-1.81273854378805,51.5688992248624],[-1.81309925013685,51.5688998008162],[-1.81309832215662,51.5691245856593],[-1.81345903029336,51.5691251605106],[-1.81381973844211,51.5691257342533],[-1.81381881400171,51.5693505191002],[-1.81417952393838,51.5693510917405],[-1.81418044660284,51.5691263068874],[-1.81454115477553,51.5691268784128],[-1.81454207565211,51.5689020935449],[-1.81418136925533,51.5689015220257],[-1.81418229189585,51.5686767371553],[-1.81454299651675,51.5686773086683],[-1.81490370114958,51.5686778790728],[-1.81526440579433,51.5686784483686],[-1.81526348848148,51.5689032332575],[-1.81490278206084,51.5689026639555],[-1.81490186296017,51.5691274488296],[-1.81490094384758,51.5693522336951],[-1.81490002472307,51.5695770185519],[-1.81526073647151,51.5695775878724],[-1.81525981911106,51.5698023727267],[-1.81562053264739,51.5698029409447],[-1.81562144823185,51.5695781560842],[-1.81598216000407,51.5695787231874],[-1.81634287178812,51.5695792891819],[-1.81634195975562,51.5698040740547],[-1.81634104771128,51.5700288589189],[-1.81598033237524,51.570028292912],[-1.81597941854305,51.5702530777614],[-1.81561870144282,51.5702525106397],[-1.81561778582273,51.5704772954743],[-1.81525706695833,51.5704767272378],[-1.81489634810582,51.5704761578926],[-1.8148954289217,51.5707009427062],[-1.81453470830504,51.5707003722461],[-1.81417398770032,51.5706998006773],[-1.81417306495209,51.5709245854698],[-1.81381234258324,51.5709240127862],[-1.81381326710757,51.5706992279998],[-1.8138141916199,51.5704744432049],[-1.81345347281521,51.5704738694249],[-1.8134525465268,51.5706986542137],[-1.81309182595805,51.5706980793188],[-1.81273110540133,51.5706975033152],[-1.81237038485666,51.5706969262029],[-1.81236945322795,51.5709217109644],[-1.81200873091927,51.5709211327371],[-1.8116480086227,51.5709205534012],[-1.81164707342968,51.5711453381415],[-1.81164613822452,51.5713701228731],[-1.81164520300724,51.5715949075961],[-1.81164426777782,51.5718196923105],[-1.81164333253628,51.5720444770162],[-1.81164239728261,51.5722692617132],[-1.81128166434111,51.572268681231],[-1.81092093141176,51.57226809964],[-1.81056019849458,51.5722675169403],[-1.81055925790001,51.5724923016098],[-1.81055831729324,51.5727170862708],[-1.81091905376295,51.5727176689831],[-1.81091811492028,51.5729424536417],[-1.81127885317846,51.5729430352515],[-1.81127979024483,51.5727182505866],[-1.81128072729905,51.5724934659131],[-1.8116414620168,51.5724940464016],[-1.81200219674668,51.5724946257813],[-1.81200126324502,51.5727194104674],[-1.81236199976329,51.5727199887446],[-1.81236106802582,51.5729447734281],[-1.81272180633247,51.5729453506028],[-1.81272273629363,51.572720565913],[-1.81308347283604,51.5727211419726],[-1.81308254465118,51.5729459266686],[-1.81308161645428,51.5731707113561],[-1.81344235656135,51.5731712863193],[-1.81344143012876,51.5733960710043],[-1.81380217202419,51.573396644865],[-1.81416291393162,51.5733972176169],[-1.81416199103975,51.5736220023056],[-1.81452273473552,51.5736225739549],[-1.81452365585101,51.57339778926],[-1.81488439778234,51.5733983597942],[-1.81488347844322,51.5736231444954],[-1.81524422216285,51.573623713927],[-1.8152433045882,51.5738484986257],[-1.81524238700165,51.5740732833157],[-1.815603134286,51.5740738516508],[-1.81596388158221,51.5740744188771],[-1.81596296753665,51.5742992035708],[-1.81596205347923,51.5745239882558],[-1.8163228043402,51.5745245543856],[-1.81632189204742,51.5747493390681],[-1.81632097974279,51.574974123742],[-1.81596022532881,51.5749735575999],[-1.81595931123582,51.575198342259],[-1.81595839713098,51.5754231269094],[-1.81595748303793,51.5756479115937],[-1.81595656894074,51.5758726962832],[-1.81631733045917,51.5758732624492],[-1.81631641812566,51.5760980471357],[-1.81667718143147,51.5760986121984],[-1.8166762708617,51.5763233968819],[-1.81703703595487,51.5763239608414],[-1.81739780105983,51.576324523692],[-1.81739689402943,51.5765493083782],[-1.81775766092174,51.5765498701255],[-1.8177567556552,51.5767746548087],[-1.81811752422423,51.5767752154642],[-1.81847829204727,51.5767757750893],[-1.81847739033036,51.5770005597747],[-1.81883815994779,51.5770011182963],[-1.81883726000185,51.5772259029785],[-1.8188363600442,51.577450687652],[-1.81883546007485,51.577675472317],[-1.8188345600938,51.5779002569733],[-1.81883366010104,51.5781250416209],[-1.81883276009658,51.5783498262599],[-1.81883186008041,51.5785746108902],[-1.81883096005254,51.5787993955119],[-1.81919174394389,51.5787999529681],[-1.81919084568719,51.5790247375866],[-1.8195516313731,51.5790252939392],[-1.81955073488762,51.5792500785544],[-1.81954983839049,51.5794748631611],[-1.8195489418817,51.5796996477591],[-1.81990973292804,51.5797002030189],[-1.81990883819057,51.5799249876137],[-1.81990794344145,51.5801497721998],[-1.8199070486807,51.5803745567773],[-1.82026784508767,51.5803751109442],[-1.82026695209832,51.5805998955185],[-1.81990615390831,51.5805993413461],[-1.81954535572992,51.5805987860646],[-1.81954445916283,51.5808235706194],[-1.81918365921304,51.5808230142234],[-1.81882285927493,51.5808224567183],[-1.81846205934852,51.580821898104],[-1.8184611574205,51.5810466826339],[-1.81810035572273,51.5810461229051],[-1.81773955336061,51.581045562147],[-1.81737875095164,51.5810450002867],[-1.81701794855444,51.5810444373173],[-1.81701703950096,51.5812692218163],[-1.81665623533946,51.5812686577321],[-1.81629543118977,51.5812680925388],[-1.81593462705191,51.5812675262363],[-1.81593554143361,51.5810427417544],[-1.81557473908368,51.5810421743485],[-1.81557382292591,51.5812669588248],[-1.81521301881178,51.5812663903041],[-1.81521393674563,51.5810416058335],[-1.81485313441947,51.5810410362095],[-1.81449233210524,51.5810404654763],[-1.81449325357929,51.5808156810085],[-1.81413245305305,51.5808151091719],[-1.81413337629118,51.5805903247012],[-1.81413429951733,51.5803655402219],[-1.81449509649154,51.580366112047],[-1.81449601792974,51.5801413275533],[-1.81413522273152,51.5801407557339],[-1.81413614593373,51.5799159712373],[-1.81413706912398,51.579691186732],[-1.81413799230225,51.5794664022181],[-1.81413891546855,51.5792416176955],[-1.81449970356308,51.579242189492],[-1.81450062494155,51.5790174049551],[-1.81450154630807,51.5787926204095],[-1.81450246766264,51.5785678358553],[-1.81486325044158,51.5785684065255],[-1.81486417000841,51.5783436219569],[-1.81522495102348,51.5783441915125],[-1.81522586880261,51.5781194069295],[-1.81522678656984,51.5778946223379],[-1.81522770432517,51.5776698377377],[-1.81558848002488,51.5776704061671],[-1.8155893959926,51.5774456215525],[-1.81559031194845,51.5772208369293],[-1.81559122789242,51.5769960522974],[-1.81595199827696,51.5769966196008],[-1.81595291243342,51.5767718349545],[-1.81595382657803,51.5765470502997],[-1.81559305974474,51.5765464830077],[-1.81523229292333,51.5765459146068],[-1.81487152611381,51.5765453450969],[-1.81451075931621,51.5765447744781],[-1.81414999253055,51.5765442027504],[-1.81378922575686,51.5765436299138],[-1.81342845899515,51.5765430559682],[-1.81306769224545,51.5765424809136],[-1.81306862058292,51.5763176962959],[-1.81270785562085,51.5763171201382],[-1.81234709067083,51.5763165428716],[-1.81198632573289,51.576315964496],[-1.81162556080705,51.5763153850115],[-1.81126479589334,51.5763148044181],[-1.81126385867793,51.5765395890069],[-1.81126292145037,51.5767643735871],[-1.81126198421065,51.5769891581586],[-1.81090121398226,51.5769885764389],[-1.81090027495473,51.5772133609959],[-1.81089933591503,51.5774381455443],[-1.81053856214747,51.577437562704],[-1.81053762131989,51.5776623472379],[-1.81089839686315,51.5776629300841],[-1.8108974577991,51.5778877146152],[-1.81053668048011,51.5778871317632],[-1.81017590317332,51.5778865478023],[-1.81017684578883,51.5776617632828],[-1.80981607026998,51.5776611782187],[-1.80945529476338,51.5776605920456],[-1.80909451926904,51.5776600047635],[-1.80873374378699,51.5776594163724],[-1.80873469349308,51.5774346318677],[-1.80837391979904,51.5774340423735],[-1.80801314611733,51.5774334517704],[-1.80765237244798,51.5774328600583],[-1.80765141741479,51.5776576445454],[-1.80765046236921,51.5778824290238],[-1.80728968516082,51.5778818361909],[-1.80692890796483,51.577881242249],[-1.80656813078127,51.5778806471982],[-1.80620735361015,51.5778800510384],[-1.80584657645151,51.5778794537695],[-1.80548579930537,51.5778788553917],[-1.80512502217174,51.5778782559049],[-1.80476424505065,51.5778776553091],[-1.80440346794213,51.5778770536044],[-1.8040426908462,51.5778764507906],[-1.80368191376288,51.5778758468679],[-1.8036828883414,51.5776510624548],[-1.80332211304644,51.5776504574291],[-1.80296133776412,51.5776498512944],[-1.80296035963416,51.5778746356954],[-1.8029593814915,51.5780994200879],[-1.80295840333616,51.5783242044716],[-1.8025976227393,51.5783235972099],[-1.80259664279549,51.578548381579],[-1.80223586043554,51.5785477732023],[-1.80187507808832,51.5785471637165],[-1.80187409458017,51.5787719480649],[-1.80151331046988,51.5787713374641],[-1.80115252588353,51.5787707259572],[-1.800791741104,51.5787701134268],[-1.80079272994926,51.5785453290971],[-1.80043194696295,51.5785447154646],[-1.80007116398952,51.5785441007231],[-1.80007215638263,51.5783193163985],[-1.79971137520244,51.5783187005549],[-1.799712369363,51.5780939162285],[-1.79935158997605,51.5780932992828],[-1.79899081060204,51.5780926812281],[-1.79863003124099,51.5780920620644],[-1.79863103072956,51.5778672777501],[-1.79863203020513,51.5776424934273],[-1.79827125441766,51.5776418731684],[-1.79791047864319,51.5776412518006],[-1.79754970288175,51.5776406293238],[-1.79718892713336,51.5776400057381],[-1.797189933717,51.5774152214343],[-1.79682915976194,51.5774145967466],[-1.79646838581999,51.5774139709498],[-1.79610761189115,51.5774133440442],[-1.79610862380243,51.5771885597527],[-1.79574785166697,51.577187931745],[-1.79574886534531,51.5769631474519],[-1.79574987901049,51.5767383631501],[-1.79575089266249,51.5765135788396],[-1.79539012588078,51.576512949744],[-1.79502935911225,51.5765123195395],[-1.79466859235693,51.576511688226],[-1.79466757336442,51.5767364725154],[-1.79430680484217,51.5767358400861],[-1.79394603633318,51.5767352065477],[-1.79358526783747,51.5767345719004],[-1.79322449935506,51.5767339361442],[-1.79286373088598,51.5767332992791],[-1.79286475877933,51.5765085150249],[-1.79250399210377,51.5765078770579],[-1.79214322544158,51.576507237982],[-1.79178245879278,51.5765065977971],[-1.79142169215741,51.5765059565034],[-1.79106092553548,51.5765053141007],[-1.79070015892702,51.576504670589],[-1.79033939233204,51.5765040259685],[-1.78997862575058,51.576503380239],[-1.78961785918265,51.5765027334006],[-1.78925709262828,51.5765020854533],[-1.78889632608749,51.5765014363971],[-1.78889737354904,51.5762766522125],[-1.78889842099698,51.5760518680193],[-1.78889946843132,51.5758270838174],[-1.78890051585205,51.5756022996069],[-1.7889015632712,51.5753775153554],[-1.7889026106915,51.5751527310559],[-1.7889036580982,51.5749279467477],[-1.7889047054913,51.5747031624308],[-1.7889057528708,51.5744783781054],[-1.7889068002367,51.5742535937713],[-1.78926754898463,51.5742542427792],[-1.78926859455841,51.5740294584335],[-1.788907847589,51.5740288094285],[-1.78854710063319,51.5740281593147],[-1.78818635369099,51.574027508092],[-1.78782560676244,51.5740268557605],[-1.78782665943663,51.573802071418],[-1.78782771209715,51.5735772870668],[-1.787828764744,51.573352502707],[-1.78782981737719,51.5731277183386],[-1.78746907757613,51.57312706491],[-1.78747013197406,51.572902280536],[-1.78710939396509,51.5729016260016],[-1.78710833778876,51.5731264103727],[-1.78710728159873,51.5733511947352],[-1.78710622539498,51.573575979089],[-1.78746696873922,51.5735766336323],[-1.78746591430023,51.5738014179805],[-1.78746485984754,51.5740262023201],[-1.78746380538117,51.574250986651],[-1.78746275090111,51.5744757709733],[-1.78746169640736,51.574700555287],[-1.78746064189991,51.5749253395921],[-1.78745958737878,51.5751501238885],[-1.78782034318648,51.5751507773437],[-1.78781929043029,51.5753755616344],[-1.78745853284395,51.5753749081763],[-1.7870977752713,51.5753742536092],[-1.78673701771235,51.5753735979332],[-1.78637626016714,51.5753729411484],[-1.78601550263569,51.5753722832546],[-1.7860144409808,51.5755970674661],[-1.7856536816837,51.5755964084585],[-1.78565474511802,51.5753716242519],[-1.78529398761415,51.5753709641404],[-1.78529505282077,51.5751461798705],[-1.78529611801355,51.5749213955921],[-1.78565687196018,51.5749220556976],[-1.78601762592062,51.5749227146943],[-1.7860186875424,51.5746979304012],[-1.78601974915041,51.5744731460994],[-1.78602081074463,51.5742483617891],[-1.78566006211988,51.5742477028014],[-1.78566112547883,51.5740229184854],[-1.7853003786464,51.5740222583919],[-1.7849396318278,51.5740215971896],[-1.7845788850828,51.5740209348276],[-1.78457995375757,51.5737961505145],[-1.78421920886583,51.5737954869894],[-1.7838584639879,51.5737948223554],[-1.78385953618136,51.5735700380496],[-1.78349879308353,51.5735693723148],[-1.78313804999956,51.5735687054712],[-1.78277730692948,51.5735680375187],[-1.78277622943728,51.5737928218007],[-1.78241548461487,51.5737921527315],[-1.78205473980639,51.5737914825534],[-1.78169399501187,51.5737908112666],[-1.78133325023133,51.573790138871],[-1.78133216566014,51.5740149231123],[-1.78097141912734,51.5740142495998],[-1.78061067260856,51.5740135749785],[-1.78060958449078,51.5742383591951],[-1.78060849635894,51.5744631434031],[-1.78060740821305,51.5746879276024],[-1.7806063200531,51.574912711793],[-1.78024556648308,51.5749120360308],[-1.78024447654269,51.5751368202047],[-1.77988372122036,51.5751361433256],[-1.77952296591212,51.5751354653376],[-1.77916221061801,51.5751347862407],[-1.77880145533804,51.575134106035],[-1.77880035831795,51.5753588901681],[-1.77843960128574,51.5753582088454],[-1.77807884426772,51.5753575264139],[-1.77807774411339,51.5755823104887],[-1.77843850287834,51.5755829929269],[-1.77843740491088,51.5758077769596],[-1.77843630692952,51.5760325609836],[-1.77843520893426,51.576257344999],[-1.77879597286888,51.5762580263447],[-1.77915673681737,51.5762587065815],[-1.77915783137541,51.5760339225551],[-1.77951859361913,51.5760346016775],[-1.77987935587669,51.576035279691],[-1.78024011814805,51.5760359565956],[-1.78060088043319,51.5760366323912],[-1.78059979274961,51.5762614164393],[-1.78096055676713,51.5762620911314],[-1.78095947078843,51.5764868751763],[-1.78095838479598,51.5767116592124],[-1.78131915226454,51.5767123328065],[-1.78131806797702,51.5769371168394],[-1.78131698367579,51.5771619008637],[-1.78131589936083,51.5773866848793],[-1.78167667199922,51.5773873573806],[-1.78167558938929,51.577612141393],[-1.78203636376013,51.5776128127907],[-1.78239713814464,51.5776134830794],[-1.78239605895856,51.5778382670939],[-1.78239497975881,51.5780630510998],[-1.78275575759455,51.5780637202903],[-1.78311653544392,51.5780643883718],[-1.78347731330689,51.5780650553443],[-1.78383809118345,51.5780657212078],[-1.78383916350801,51.5778409371805],[-1.78384023581899,51.5776161531445],[-1.78420101027154,51.5776168178884],[-1.7842020808502,51.5773920338384],[-1.78420315141532,51.5771672497799],[-1.78456392244393,51.5771679134041],[-1.78456499127679,51.5769431293316],[-1.784925760914,51.5769437917739],[-1.78528653086422,51.5769444530428],[-1.78528546555975,51.5771692371293],[-1.78564623730401,51.5771698972965],[-1.78600700906209,51.5771705563548],[-1.78600594730424,51.5773953404471],[-1.7860048855326,51.5776201245308],[-1.78564411021404,51.577619465458],[-1.78564304664832,51.5778442495258],[-1.78600382374716,51.5778449086058],[-1.78636460085979,51.5778455665768],[-1.78636566086495,51.5776207824946],[-1.78672643621106,51.5776214393494],[-1.78708721157093,51.5776220950953],[-1.78708615512632,51.5778468791919],[-1.78744693228018,51.577847533836],[-1.78744798694451,51.5776227497321],[-1.78744904159513,51.5773979656196],[-1.78780981520216,51.5773986191403],[-1.78817058882286,51.5773992715521],[-1.78817163989931,51.5771744874165],[-1.78853241175343,51.5771751387121],[-1.78889318362117,51.5771757888988],[-1.78889213610519,51.5774005730488],[-1.78925290976677,51.5774012221336],[-1.78961368344194,51.5774018701096],[-1.78997445713066,51.5774025169765],[-1.79033523083292,51.5774031627345],[-1.7906960045487,51.5774038073836],[-1.79105677827796,51.5774044509237],[-1.79141755202069,51.5774050933548],[-1.79177832577687,51.577405734677],[-1.79213909954646,51.5774063748902],[-1.79249987332946,51.5774070139945],[-1.79286064712582,51.5774076519898],[-1.79322142093554,51.5774082888761],[-1.79358219475859,51.5774089246535],[-1.79394296859494,51.5774095593219],[-1.79394194598895,51.5776343435626],[-1.79430272161884,51.5776349771291],[-1.79466349726199,51.5776356095866],[-1.79502427291838,51.5776362409352],[-1.79502529018359,51.5774114566733],[-1.79538606407293,51.5774120869059],[-1.79538504858798,51.5776368711747],[-1.79574582427077,51.5776375003054],[-1.79574481055291,51.5778622845725],[-1.79610558802915,51.5778629126012],[-1.79610457607843,51.5780876968667],[-1.79610356411457,51.5783124811236],[-1.79646434516459,51.5783131080572],[-1.79682512622773,51.5783137338818],[-1.79718590730397,51.5783143585974],[-1.79718490066801,51.5785391428666],[-1.79754568353768,51.5785397664801],[-1.79754467866902,51.5787645507476],[-1.79790546333212,51.5787651732591],[-1.79790446023081,51.5789899575249],[-1.79826524668734,51.5789905789343],[-1.79862603315687,51.5789911992348],[-1.79898681963939,51.5789918184262],[-1.79934760613486,51.5789924365085],[-1.79970839264328,51.5789930534819],[-1.8000691791646,51.5789936693462],[-1.8000681867328,51.5792184536448],[-1.80006719428811,51.5794432379348],[-1.80006620183052,51.5796680222161],[-1.80042699370608,51.579668636992],[-1.8004279843832,51.5794438527038],[-1.80078877449116,51.5794444663639],[-1.80114956461196,51.5794450789149],[-1.80151035454135,51.5794456904393],[-1.80150936920628,51.579670474747],[-1.80150838385843,51.5798952590462],[-1.80150739849781,51.5801200433367],[-1.80186819326345,51.5801206539737],[-1.80186917684813,51.5798958696772],[-1.80187016042005,51.579671085372],[-1.80223095164656,51.579671694888],[-1.80223193342982,51.5794469105681],[-1.80259272289316,51.579447518969],[-1.80295351236921,51.5794481262608],[-1.80295449058797,51.5792233419202],[-1.80331527830081,51.579223948097],[-1.80367606602631,51.5792245531647],[-1.80403685376445,51.5792251571233],[-1.8043976415152,51.579225759973],[-1.80475842927853,51.5792263617136],[-1.80511921705444,51.5792269623451],[-1.80548000484288,51.5792275618676],[-1.80548097061794,51.5790027774766],[-1.80584175664304,51.5790033758841],[-1.80620254268065,51.5790039731826],[-1.80656332873072,51.5790045693721],[-1.80692411479325,51.5790051644525],[-1.8072849008682,51.5790057584239],[-1.80764568695556,51.5790063512863],[-1.8080064730553,51.5790069430396],[-1.80800551971127,51.579231727472],[-1.80800456635489,51.5794565118958],[-1.80836535601873,51.5794571025519],[-1.80836630759923,51.5792323181222],[-1.80872709549953,51.5792329076634],[-1.80908788341214,51.5792334960955],[-1.80908693538341,51.5794582805369],[-1.80944772508419,51.5794588678658],[-1.80980851479724,51.5794594540857],[-1.80980757030804,51.5796842385301],[-1.81016836180924,51.5796848236468],[-1.81016741908372,51.5799096080884],[-1.81052821237308,51.5799101921018],[-1.81088900567464,51.5799107750062],[-1.81088806648881,51.5801355594509],[-1.81124886157849,51.5801361412519],[-1.81124792415646,51.5803609256938],[-1.81160872103428,51.5803615063916],[-1.8116077853761,51.5805862908306],[-1.81196858404205,51.5805868704251],[-1.8123293827201,51.5805874489105],[-1.81232845060184,51.5808122333524],[-1.81232751847149,51.5810370177857],[-1.81268832071371,51.5810375951735],[-1.81268739034734,51.5812623796039],[-1.81268645996891,51.5814871640257],[-1.81268552957842,51.5817119484388],[-1.81304633716098,51.5817125247348],[-1.81340714475558,51.5817130999217],[-1.81340807159384,51.5814883154971],[-1.81340899842008,51.5812635310639],[-1.81376980247448,51.5812641051302],[-1.81376887742434,51.5814888895692],[-1.81412968326683,51.5814894625321],[-1.81449048912129,51.5814900343859],[-1.81448956761139,51.5817148188277],[-1.81412875998081,51.5817142469682],[-1.81412783668282,51.5819390313956],[-1.81448864608954,51.5819396032609],[-1.81448772455575,51.5821643876854],[-1.81484853575058,51.5821649584472],[-1.81484761598103,51.5823897428688],[-1.81520842896397,51.5823903125272],[-1.8152075109587,51.5826150969459],[-1.81556832572976,51.5826156655008],[-1.81556740948882,51.5828404499165],[-1.81592822604799,51.5828410173679],[-1.81628904261902,51.5828415837102],[-1.81628812991872,51.5830663681286],[-1.81628721720658,51.5832911525385],[-1.81664803734198,51.5832917177829],[-1.81664712639431,51.5835165021897],[-1.81700794831783,51.5835170663306],[-1.81700703913468,51.5837418507345],[-1.81736786284631,51.5837424137718],[-1.81772868656971,51.5837429756999],[-1.8177277810047,51.5839677600454],[-1.81808860648615,51.5839683208717],[-1.81808770272106,51.5841931051848],[-1.81844852937767,51.5841936649904],[-1.81880935604598,51.5841942236867],[-1.81880845582767,51.5844190080028],[-1.81916928428693,51.5844195655956],[-1.81916838583621,51.5846443499088],[-1.81952921608642,51.5846449063981],[-1.81952831940334,51.5848696907084],[-1.81988915144448,51.5848702460943],[-1.81988825652909,51.5850950304017],[-1.82024909036118,51.585095584684],[-1.82024998349725,51.5848708003709],[-1.82025087662171,51.5846460160491],[-1.82061170690676,51.5846465692107],[-1.82061259824035,51.5844217848746],[-1.82061348956236,51.5841970005297],[-1.82097431630044,51.5841975525706],[-1.82133514305006,51.5841981035023],[-1.82133603080203,51.5839733191374],[-1.82097520583164,51.5839727682115],[-1.82097609537281,51.5837479838192],[-1.82097698495804,51.5835231993552],[-1.8209778745317,51.5832984148825],[-1.82133869415481,51.5832989657922],[-1.82169951378948,51.5832995155928],[-1.82206033343566,51.5833000642841],[-1.82205944921203,51.5835248487729],[-1.82169862778251,51.5835243000762],[-1.82169774176401,51.5837490845511],[-1.82169685578394,51.5839738689541],[-1.82169596981121,51.5841986533247],[-1.82205679658386,51.5841992020379],[-1.82241762336799,51.5841997496418],[-1.82241850578224,51.5839749652598],[-1.82277933079859,51.5839755117489],[-1.82314015582636,51.5839760571286],[-1.82313927697058,51.584200841522],[-1.823500103789,51.5842013857982],[-1.82349922670107,51.5844261701886],[-1.82386005531014,51.5844267133612],[-1.82385917999011,51.5846514977486],[-1.8238583046587,51.5848762821273],[-1.82421913683773,51.584876824202],[-1.82421826327429,51.5851016085777],[-1.82421738969951,51.5853263929448],[-1.82385655396181,51.5853258508588],[-1.8238556785963,51.5855506352116],[-1.82385480321944,51.5857754195558],[-1.82421564251592,51.5857759616531],[-1.82421476890711,51.5860007459942],[-1.82421389528695,51.5862255303267],[-1.82421302165545,51.5864503146506],[-1.82457386630162,51.5864508556555],[-1.82457473815365,51.586226071326],[-1.82457560999436,51.5860012869878],[-1.82493645109292,51.5860018268721],[-1.82529729220278,51.5860023656471],[-1.82529642392096,51.5862271499965],[-1.82493558103166,51.5862266112159],[-1.8249347109591,51.586451395551],[-1.82493384087524,51.5866761798775],[-1.82493297078008,51.5869009641954],[-1.82493210067362,51.5871257485045],[-1.82493123055587,51.5873505328051],[-1.82493036042681,51.587575317097],[-1.82492949028646,51.5878001013803],[-1.8249286201348,51.5880248856549],[-1.82456776302039,51.5880243457199],[-1.82420690591729,51.5880238046756],[-1.82384604882554,51.5880232625219],[-1.82384692431609,51.5877984782642],[-1.82348606901533,51.5877979350067],[-1.82348519174515,51.5880227192587],[-1.82348431446358,51.5882475035021],[-1.82384517332362,51.5882480467709],[-1.82420603219503,51.5882485889303],[-1.82456689107778,51.5882491299803],[-1.82492774997185,51.5882496699209],[-1.8249268797976,51.5884744541782],[-1.82492600961204,51.5886992384269],[-1.82492513941519,51.5889240226669],[-1.82492426920703,51.5891488068983],[-1.82528513523125,51.589149345752],[-1.82564600126674,51.5891498834962],[-1.8256468679154,51.5889250992536],[-1.82600773218239,51.5889256358828],[-1.82600859704007,51.5887008516259],[-1.82636945953857,51.5887013871401],[-1.82636859646061,51.5889261714026],[-1.82672946075004,51.5889267058129],[-1.82709032505065,51.5889272391138],[-1.82708946552098,51.5891520233788],[-1.82745033161249,51.5891525555759],[-1.82745118936241,51.5889277713053],[-1.82781205368531,51.5889283023874],[-1.82781119771514,51.5891530866635],[-1.82781034173385,51.589377870931],[-1.82744947385143,51.5893773398378],[-1.82744861607923,51.589602124091],[-1.82780948574145,51.5896026551898],[-1.82780862973793,51.58982743944],[-1.82816950119107,51.5898279694348],[-1.82816864695628,51.5900527536819],[-1.82816779271039,51.5902775379203],[-1.82780691769754,51.5902770079144],[-1.82780606166067,51.5905017921386],[-1.82780520561268,51.5907265763542],[-1.82780434955358,51.5909513605612],[-1.82816522990616,51.5909518905838],[-1.82816608418533,51.5907271063713],[-1.82852696276907,51.5907276352788],[-1.82888784136388,51.5907281630769],[-1.82888699064457,51.5909529473004],[-1.82888613991422,51.5911777315154],[-1.82888528917282,51.5914025157217],[-1.82888443842038,51.5916272999193],[-1.8292453241461,51.59162782663],[-1.82924447516263,51.5918526108245],[-1.82924362616814,51.5920773950104],[-1.82924277711892,51.592302179242],[-1.82924192804064,51.5925269634874],[-1.82924107895133,51.5927517477241],[-1.82888018432204,51.5927512209914],[-1.82851928970379,51.5927506931491],[-1.82851843704069,51.5929754773703],[-1.82851758436651,51.593200261583],[-1.82851673168125,51.593425045787],[-1.82851587898491,51.5936498299824],[-1.82851502627749,51.5938746141691],[-1.82887592980286,51.5938751420285],[-1.82887678072881,51.5936503578384],[-1.82923768248376,51.5936508845848],[-1.82923683333929,51.5938756687783],[-1.82923598418378,51.5941004529633],[-1.82923513501724,51.5943252371396],[-1.82923428583966,51.5945500213073],[-1.82923343665105,51.5947748054663],[-1.82923258745141,51.5949995896167],[-1.82923173824074,51.5952243737585],[-1.82887082401498,51.5952238469882],[-1.82850990980029,51.5952233191082],[-1.82850905701531,51.5954481032345],[-1.82886997301164,51.5954486311179],[-1.82886912199724,51.595673415239],[-1.82886827097177,51.5958981993515],[-1.8292291905425,51.595898726132],[-1.82923003978628,51.5956739420162],[-1.82959095758635,51.5956744676836],[-1.82995187539744,51.5956749922413],[-1.8303127932195,51.5956755156893],[-1.83031194932077,51.5959002998154],[-1.83031110541107,51.5961250839328],[-1.83067202680748,51.5961256062779],[-1.83067118466854,51.5963503903901],[-1.83067034251866,51.5965751744936],[-1.83103126748949,51.5965756957357],[-1.83103042711044,51.596800479834],[-1.83102958672047,51.5970252639237],[-1.8313905152658,51.5970257840628],[-1.83138967664673,51.5972505681471],[-1.83138883801676,51.5974753522229],[-1.83138799937589,51.59770013629],[-1.83102706548504,51.5976996161408],[-1.83102622505138,51.597924400196],[-1.83066528938955,51.5979238789336],[-1.83066444716307,51.5981486629768],[-1.83030350973027,51.5981481406013],[-1.82994257230843,51.598147617116],[-1.82958163489758,51.5981470925209],[-1.82922069749774,51.598146566816],[-1.82921984813256,51.5983713508369],[-1.82921899875635,51.5985961348491],[-1.82885805780365,51.5985956080276],[-1.82885720663442,51.5988203920278],[-1.82849626391079,51.598819864093],[-1.82813532119825,51.5988193350484],[-1.82777437849681,51.598818804894],[-1.82741343580649,51.5988182736297],[-1.82741257749818,51.5990430576075],[-1.82741171917872,51.5992678415768],[-1.8274108608481,51.5994926255373],[-1.82704991282286,51.5994920931528],[-1.82668896480878,51.5994915596585],[-1.82668810290287,51.5997163436035],[-1.82668724098575,51.5999411275399],[-1.82632628941871,51.5999405929288],[-1.82632542570827,51.600165376853],[-1.82596447237032,51.6001648411285],[-1.82596360686652,51.6003896250406],[-1.82632456198661,51.6003901607686],[-1.82668551711792,51.6003906953867],[-1.82668465591666,51.6006154795186],[-1.82704561285682,51.6006160130365],[-1.82740656980826,51.6006165454445],[-1.82776752677093,51.6006170767427],[-1.82812848374482,51.6006176069311],[-1.82812763019617,51.6008423912367],[-1.82848858898365,51.6008429203272],[-1.82884954778229,51.6008434483078],[-1.82884869782726,51.6010682326288],[-1.82920965843947,51.6010687595116],[-1.8295706190628,51.6010692852846],[-1.82956977270149,51.6012940696209],[-1.82993073513836,51.601294594296],[-1.83029169758631,51.6012951178612],[-1.83065266004531,51.6012956403164],[-1.83065350099931,51.6010708559441],[-1.83029254034275,51.6010703335008],[-1.82993157969724,51.6010698099476],[-1.82993242424503,51.6008450255906],[-1.83029338308812,51.6008455491317],[-1.83029422582244,51.600620764754],[-1.83029506904302,51.6003959805238],[-1.83065602429623,51.6003965029331],[-1.83065686663217,51.6001717189763],[-1.83065770895716,51.5999469350109],[-1.83029675726822,51.5999464126084],[-1.82993580559025,51.5999458890959],[-1.82957485392326,51.5999453644737],[-1.8295757015836,51.5997205805098],[-1.82957654923293,51.5994957965373],[-1.82957739687124,51.5992710125561],[-1.829938343192,51.5992715371682],[-1.83029928952375,51.5992720606705],[-1.83030013358699,51.5990472766739],[-1.83066107814767,51.5990477990629],[-1.8310220227193,51.5990483203421],[-1.83138296730185,51.5990488405114],[-1.8313838060081,51.5988240564961],[-1.83138464470346,51.5985992724722],[-1.83174558573291,51.598599791525],[-1.8317464226354,51.598375007489],[-1.83210736189377,51.5983755254287],[-1.83246830116298,51.5983760422585],[-1.8324674678244,51.5986008263011],[-1.8328284088864,51.5986013420244],[-1.83282757731898,51.5988261260618],[-1.83282674574075,51.5990509100904],[-1.83318769037754,51.5990514247106],[-1.83318686057054,51.599276208734],[-1.83354780700014,51.5992767222476],[-1.83354697896441,51.5995015062656],[-1.83354615091791,51.599726290275],[-1.8339071009224,51.5997268026854],[-1.83390627464725,51.5999515866895],[-1.83426722644457,51.5999520979933],[-1.8342664019408,51.600176881992],[-1.83462735553096,51.6001773921893],[-1.83462653279862,51.6004021761827],[-1.834987488325,51.6004026853023],[-1.83498666849572,51.6006274696674],[-1.83534762590106,51.6006279777045],[-1.83534680840616,51.6008527622582],[-1.8353459909005,51.6010775468032],[-1.83570695192898,51.6010780537648],[-1.8357061362188,51.6013028383183],[-1.83606709906423,51.6013033441873],[-1.83606628514958,51.6015281287493],[-1.83642724981196,51.6015286335256],[-1.83642643769288,51.6017534180961],[-1.83678740417221,51.6017539217797],[-1.83678659384875,51.6019787063587],[-1.83714756214504,51.6019792089496],[-1.83714675361725,51.6022039935371],[-1.83750772373049,51.6022044950352],[-1.83750691699841,51.6024292796311],[-1.8378678889286,51.6024297800365],[-1.83786708399228,51.6026545646409],[-1.83750611025571,51.6026540642184],[-1.83750530350239,51.602878848797],[-1.83786627904536,51.6028793492367],[-1.83822725459891,51.6028798485664],[-1.83822645144782,51.6031046331706],[-1.83858742881835,51.6031051314076],[-1.83858662746314,51.6033299160202],[-1.83822564828617,51.6033294177661],[-1.83822484511394,51.6035542023529],[-1.83822404193114,51.603778986931],[-1.83822323873778,51.6040037715004],[-1.83786225415188,51.6040032720849],[-1.83786144914141,51.6042280566285],[-1.83750046275956,51.6042275560859],[-1.83713947638831,51.6042270544332],[-1.8367784900277,51.6042265516707],[-1.83641750367773,51.6042260477981],[-1.83605651733844,51.6042255428155],[-1.83605570328457,51.6044503272645],[-1.83569471514942,51.6044498211548],[-1.83533372702499,51.6044493139351],[-1.83533454469199,51.6042245295205],[-1.83497355838486,51.604224021208],[-1.8349727389113,51.6044488056053],[-1.83497191942696,51.604673589994],[-1.83497109993184,51.604898374374],[-1.83461010831549,51.6048978649516],[-1.83461092961525,51.6046730805866],[-1.8342499399968,51.6046725701617],[-1.83388895038916,51.6046720586268],[-1.83352796079233,51.6046715459818],[-1.83352713408414,51.6048963303111],[-1.83316614269535,51.6048958165442],[-1.83280515131743,51.6048953016672],[-1.8324441599504,51.6048947856803],[-1.83208316859429,51.6048942685833],[-1.83172217724912,51.6048937503762],[-1.83172301297138,51.6046689661067],[-1.83208400251374,51.6046694843018],[-1.83208483642223,51.6044447000116],[-1.83208567031977,51.6042199157128],[-1.83172468438297,51.6042193975416],[-1.83136369845712,51.6042188782604],[-1.8313645359492,51.6039940939768],[-1.83100355183708,51.6039935735977],[-1.83100271254227,51.6042183578693],[-1.83100187323643,51.6044431421322],[-1.83064088552982,51.6044426206191],[-1.83027989783425,51.6044420979959],[-1.82991891014973,51.6044415742627],[-1.82955792247629,51.6044410494195],[-1.82955876899318,51.6042162652046],[-1.82919778313361,51.6042157392634],[-1.82883679728517,51.6042152122122],[-1.82847581144788,51.604214684051],[-1.82847495952269,51.6044394682298],[-1.82883594716275,51.6044399964031],[-1.82919693481396,51.6044405234663],[-1.82919608648316,51.6046653076606],[-1.82955707594829,51.6046658336258],[-1.82955622940916,51.6048906178234],[-1.8299172206882,51.6048911426906],[-1.83027821197832,51.6048916664478],[-1.83063920327949,51.6048921890949],[-1.83063836213776,51.6051169733199],[-1.83063752098498,51.6053417575361],[-1.83027652607812,51.605341234865],[-1.83027568311141,51.6055660190606],[-1.82991468641272,51.6055654952674],[-1.82955368972512,51.6055649703642],[-1.82919269304861,51.6055644443508],[-1.82919354142396,51.6053396601913],[-1.82919438978816,51.605114876023],[-1.82883339672853,51.6051143489237],[-1.82883254656146,51.6053391330799],[-1.82847155171012,51.6053386048586],[-1.82811055686995,51.6053380755271],[-1.82810970308597,51.6055628596506],[-1.82774870645412,51.605562329197],[-1.8273877098335,51.6055617976334],[-1.8273868524325,51.6057865817241],[-1.82702585402022,51.6057860490384],[-1.8266648556192,51.6057855152426],[-1.82630385722948,51.6057849803368],[-1.82594285885107,51.6057844443208],[-1.82558186048401,51.6057839071949],[-1.82522086212831,51.6057833689588],[-1.8252199938985,51.6060081529682],[-1.82485899375126,51.60600761361],[-1.82449799361543,51.6060070731417],[-1.82413699349103,51.6060065315633],[-1.82377599337809,51.6060059888748],[-1.82341499327663,51.6060054450763],[-1.82305399318668,51.6060049001677],[-1.82305311412779,51.6062296840956],[-1.82269211224642,51.6062291380647],[-1.82233111037659,51.6062285909238],[-1.82197010851834,51.6062280426728],[-1.82160910667169,51.6062274933117],[-1.82124810483666,51.6062269428405],[-1.82088710301327,51.6062263912593],[-1.82052610120156,51.606225838568],[-1.82016509940153,51.6062252847666],[-1.81980409761322,51.6062247298551],[-1.81944309583665,51.6062241738335],[-1.81908209407184,51.6062236167019],[-1.81908119516876,51.6064484004866],[-1.81872019161276,51.6064478422326],[-1.81835918806858,51.6064472828685],[-1.81799818476538,51.6064467224381],[-1.81763718237029,51.6064461610689],[-1.8172761799868,51.6064455985895],[-1.81691517761491,51.606445035],[-1.81655417525467,51.6064444703004],[-1.81619317290608,51.6064439044907],[-1.81619408593214,51.6062191207702],[-1.81619499894652,51.6059943370409],[-1.8161959119492,51.6057695533031],[-1.81583491484928,51.6057689864008],[-1.81583582958589,51.6055442026602],[-1.81547483424328,51.6055436346536],[-1.8151138389124,51.605543065537],[-1.81511292068456,51.6057678492659],[-1.81475192361981,51.6057672790334],[-1.81475100363458,51.6059920627478],[-1.81511200244496,51.6059926329862],[-1.8154730012671,51.6059932021146],[-1.8154720847614,51.6062179858321],[-1.81547116824397,51.6064427695409],[-1.8151101659305,51.6064422004009],[-1.81474916362878,51.6064416301507],[-1.81438816133882,51.6064410587904],[-1.81402715906066,51.60644048632],[-1.81366615679432,51.6064399127394],[-1.81330515453982,51.6064393380488],[-1.81294415229718,51.606438762248],[-1.81258315006643,51.6064381853371],[-1.81222214784758,51.6064376073161],[-1.81186114564067,51.6064370281849],[-1.81186207961491,51.6062122445351],[-1.81150107916563,51.6062116642998],[-1.81150201487357,51.6059868806473],[-1.81114101618192,51.6059862993079],[-1.8111419536235,51.6057615156527],[-1.81078095668949,51.6057609332091],[-1.81078189586468,51.6055361495513],[-1.81042090068829,51.6055355660036],[-1.81005990552395,51.6055349813458],[-1.81005896285753,51.6057597649917],[-1.81041995976749,51.6057603496555],[-1.81041901883463,51.6059851332987],[-1.81005802017904,51.605984548629],[-1.80969702153552,51.6059839628492],[-1.80933602290408,51.6059833759592],[-1.80933696907384,51.605758592334],[-1.80969796595964,51.6057591792179],[-1.80969891037167,51.605534395578],[-1.8096998547716,51.6053096119295],[-1.80933886137699,51.6053090250576],[-1.80933791523148,51.6055338087001],[-1.80897692010339,51.6055332207121],[-1.8089778679945,51.6053084370756],[-1.80861687462414,51.6053078479835],[-1.80825588126593,51.6053072577814],[-1.80825683263602,51.6050824741483],[-1.80789584103556,51.6050818828421],[-1.80753484944729,51.6050812904259],[-1.80717385787125,51.6050806968996],[-1.80717481446578,51.604855913276],[-1.80681382464752,51.6048553186457],[-1.80645283484153,51.6048547229054],[-1.80609184504784,51.604854126055],[-1.80609280686666,51.604629342441],[-1.80609376867315,51.6044045588183],[-1.80573278238278,51.6044039608701],[-1.80537179610475,51.6044033618118],[-1.80501080983907,51.6044027616435],[-1.80501177686965,51.6041779780305],[-1.80465079236183,51.6041773767582],[-1.80464982358577,51.6044021603651],[-1.80428883734488,51.6044015579767],[-1.80428980786641,51.604176774376],[-1.80392882338341,51.6041761708837],[-1.80356783891286,51.6041755662814],[-1.80320685445478,51.6041749605691],[-1.80320783020021,51.6039501769781],[-1.80284684750007,51.6039495701619],[-1.80248586481245,51.6039489622357],[-1.80212488213736,51.6039483531995],[-1.80176389947484,51.6039477430532],[-1.80176488218946,51.6037229594784],[-1.80140390131251,51.6037223482293],[-1.8010429242732,51.6037217360143],[-1.80068194724629,51.6037211226894],[-1.80068293509078,51.6034963391273],[-1.8003219597802,51.6034957247002],[-1.79996098448205,51.6034951091631],[-1.79960000919637,51.603494492516],[-1.79960100214005,51.6032697089689],[-1.79960199507122,51.6030449254131],[-1.79960298798989,51.6028201418487],[-1.79924201782825,51.6028195241153],[-1.79924301243822,51.6025947405501],[-1.7988820439929,51.6025941217146],[-1.79888304029412,51.6023693381486],[-1.79852207356512,51.602368718211],[-1.79816110684866,51.6023680971635],[-1.79816210654486,51.6021433136047],[-1.79816310622846,51.6019185300372],[-1.79780214293208,51.6019179078956],[-1.79780314430681,51.6016931243273],[-1.79744218272674,51.6016925010837],[-1.79708122115929,51.6016918767301],[-1.79672025960448,51.6016912512667],[-1.79672126607767,51.6014664677136],[-1.79672227253818,51.6012416841519],[-1.79708323068562,51.6012423095995],[-1.7970842354298,51.6010175260211],[-1.79744519188624,51.6010181503509],[-1.79744619491413,51.600793366756],[-1.79708524016131,51.6007927424341],[-1.79708624488017,51.6005679588385],[-1.7967252918436,51.6005673334147],[-1.79672629945118,51.6003425499549],[-1.79636534812642,51.6003419234291],[-1.79636635823084,51.6001171400611],[-1.79600540860529,51.6001165124321],[-1.79600439681426,51.6003412957934],[-1.79600338580847,51.6005660792376],[-1.79564243280995,51.6005654504842],[-1.79564142127668,51.600790234048],[-1.79528046658729,51.6007896041768],[-1.79491951191064,51.6007889731956],[-1.79455855724677,51.6007883411046],[-1.79419760259569,51.6007877079038],[-1.79383664795742,51.600787073593],[-1.793475693332,51.6007864381724],[-1.79347671508688,51.6005616546565],[-1.79311576217791,51.6005610181341],[-1.79311473871943,51.6007858016419],[-1.79275378411974,51.6007851640015],[-1.79275480928183,51.6005603805017],[-1.79239385639864,51.6005597417595],[-1.79239488439031,51.6003349583936],[-1.79203393321815,51.6003343185493],[-1.79167298205886,51.6003336775952],[-1.79167401408919,51.6001088943142],[-1.79131306462939,51.600108252257],[-1.79095211518249,51.6001076090899],[-1.79095315057309,51.5998828258138],[-1.79059220282569,51.5998821815437],[-1.79023125509124,51.5998815361636],[-1.78987030736976,51.5998808896737],[-1.78950935966126,51.599880242074],[-1.78951040178517,51.5996554588165],[-1.78914945577624,51.5996548101137],[-1.78878850978035,51.5996541603011],[-1.78842756379751,51.5996535093786],[-1.788428610968,51.5994287261329],[-1.78806766668478,51.5994280741074],[-1.78806871552869,51.5992032908599],[-1.78770777294507,51.5992026377314],[-1.78734683037458,51.5992019834932],[-1.78734788257836,51.5989772002507],[-1.78734893476897,51.5987524169995],[-1.78698799558458,51.5987517616652],[-1.78662705641335,51.598751105221],[-1.7862661172553,51.598750447667],[-1.78590517811046,51.5987497890033],[-1.78590411917396,51.5989745722269],[-1.78554317835587,51.5989739124465],[-1.78518223755104,51.5989732515562],[-1.78482129675947,51.5989725895561],[-1.78482236075537,51.5987478063532],[-1.78446142470929,51.5987471432983],[-1.78446249041278,51.5985223600925],[-1.78410155700791,51.5985216959474],[-1.78410262444377,51.5982969127387],[-1.78374169279867,51.5982962474895],[-1.78374276196686,51.5980714642778],[-1.78338183208152,51.5980707979245],[-1.783382902982,51.5978460147098],[-1.78338397386871,51.5976212314865],[-1.78302304748914,51.5976205640349],[-1.78266212112331,51.5976198954734],[-1.78230119477127,51.5976192258022],[-1.78194026843303,51.5976185550213],[-1.7819413462899,51.5973937718122],[-1.78158042171146,51.5973930999272],[-1.78157934210861,51.5976178831306],[-1.78121841579804,51.5976172101301],[-1.78085748950134,51.5976165360199],[-1.78049656321853,51.5976158607999],[-1.7804954783638,51.5978406439773],[-1.78049439349513,51.5980654271461],[-1.78085532326996,51.5980661023776],[-1.78121625305869,51.5980667764994],[-1.78121517166816,51.5982915596711],[-1.78121409026374,51.5985163428341],[-1.78157502355845,51.5985170158576],[-1.7815761032168,51.5982922326888],[-1.78193703477929,51.5982929045967],[-1.78193595686701,51.5985176877712],[-1.78193487894087,51.5987424709371],[-1.78229581400935,51.5987431417467],[-1.78265674909163,51.5987438114465],[-1.7830176841877,51.5987444800365],[-1.78337861929751,51.5987451475167],[-1.78373955442107,51.598745813887],[-1.78373848521166,51.5989705970728],[-1.78409942209504,51.5989712623391],[-1.78409835461804,51.5991960455219],[-1.78409728712731,51.5994208286961],[-1.78409621962287,51.5996456118616],[-1.78445716175843,51.5996462760351],[-1.78445609598648,51.5998710591977],[-1.78481704064266,51.5998717222813],[-1.78481810469184,51.599646939113],[-1.78517905054295,51.5996476011338],[-1.78553999640733,51.5996482620448],[-1.78590094228496,51.599648921846],[-1.78589988329545,51.599873705035],[-1.78626083087287,51.5998743637332],[-1.78662177846349,51.5998750213216],[-1.78662283407988,51.5996502381188],[-1.78626188817581,51.5996495805373],[-1.78626294546553,51.5994247973327],[-1.78662388968306,51.5994254549073],[-1.78698483391377,51.5994261113721],[-1.78698377999712,51.5996508945904],[-1.78734472592753,51.5996515499522],[-1.78734367368426,51.5998763331688],[-1.78698272606729,51.5998756778001],[-1.78698167212428,51.6001004610012],[-1.78734262142783,51.6001011163767],[-1.78770357074452,51.6001017706424],[-1.78806452007433,51.6001024237982],[-1.78842546941724,51.6001030758442],[-1.78878641877322,51.6001037267803],[-1.78914736814226,51.6001043766065],[-1.78950831752432,51.6001050253229],[-1.78950727537436,51.6003298085632],[-1.78914632430568,51.60032915984],[-1.78914528103426,51.6005539431352],[-1.78914423883618,51.6007787265541],[-1.78914319662495,51.6010035099643],[-1.78878224046478,51.6010028601071],[-1.78842128431777,51.60100220914],[-1.78842023868609,51.6012269925253],[-1.7880592808486,51.6012263404402],[-1.7876983230243,51.6012256872451],[-1.7873373652132,51.6012250329402],[-1.78697640741535,51.6012243775254],[-1.78661544963074,51.6012237210007],[-1.78661650378062,51.6009989376562],[-1.78697745986159,51.6009995941728],[-1.78697851229454,51.6007748108115],[-1.7866175579172,51.6007741543032],[-1.78625660355313,51.6007734966849],[-1.78589564920237,51.6007728379569],[-1.78553469486492,51.6007721781189],[-1.78553575409898,51.6005473947817],[-1.78517480147847,51.6005467338421],[-1.78481384887133,51.6005460717926],[-1.78481491250434,51.6003212885919],[-1.78445396440149,51.6003206254969],[-1.78409301702723,51.6003199613064],[-1.78409194990158,51.6005447444947],[-1.78373100078351,51.6005440791882],[-1.78337005167928,51.6005434127718],[-1.78300910258893,51.6005427452456],[-1.78300803112372,51.6007675285392],[-1.78300695964459,51.6009923118242],[-1.78264600702922,51.6009916431773],[-1.78264708027782,51.6007668598977],[-1.78264815351246,51.6005420766094],[-1.78228720444991,51.6005414068634],[-1.7819262554013,51.6005407360075],[-1.78156530636664,51.6005400640417],[-1.78120435734597,51.600539390966],[-1.78084340833931,51.6005387167804],[-1.78084449127777,51.6003139336478],[-1.78048354404145,51.6003132583585],[-1.78048245934667,51.6005380414849],[-1.78012151036809,51.6005373650796],[-1.78012042474738,51.60076214833],[-1.78011933911256,51.6009869315718],[-1.78048029163004,51.600987607988],[-1.78047920775059,51.6012123912266],[-1.78047812385706,51.6014371744565],[-1.78047703994944,51.6016619576778],[-1.78047595602773,51.6018867408904],[-1.78011499643218,51.6018860644525],[-1.7801139107268,51.6021108476511],[-1.77975294937575,51.6021101700978],[-1.77975186188667,51.6023349532823],[-1.77939089878012,51.6023342746137],[-1.7790299356877,51.602333594835],[-1.77903102671597,51.6021088116614],[-1.77867006540729,51.6021081307783],[-1.77867115819096,51.6018833476015],[-1.77831019866602,51.6018826656139],[-1.77831129320504,51.601657882434],[-1.77795033546384,51.601657199342],[-1.77795143175816,51.6014324161588],[-1.77759047580071,51.6014317319624],[-1.77759157385028,51.6012069487761],[-1.77723061967657,51.6012062634752],[-1.77723171948136,51.6009814802858],[-1.77687076709138,51.6009807938805],[-1.77686966551711,51.6012055770644],[-1.77650871137194,51.6012048895437],[-1.77650981471569,51.6009801063653],[-1.7761488623543,51.6009794177402],[-1.77578791000724,51.6009787280052],[-1.77578901687556,51.6007539448292],[-1.77542806631231,51.6007532539899],[-1.77506711576343,51.6007525620406],[-1.77506822615624,51.6005277788671],[-1.77506933717942,51.6003029958358],[-1.7747083901685,51.6003023027886],[-1.77470950311661,51.6000775197998],[-1.77434855786621,51.6000768256487],[-1.77434744317185,51.6003016086316],[-1.77434632864056,51.60052639165],[-1.77470727739119,51.6005270858135],[-1.77470616522895,51.6007518689814],[-1.77470505305225,51.6009766521407],[-1.77434410076273,51.6009759579661],[-1.77398314848766,51.6009752626816],[-1.77398426420327,51.6007504795335],[-1.77362331371211,51.6007497831446],[-1.77362443118265,51.6005249999934],[-1.77326348247542,51.6005243025003],[-1.77326460226782,51.6002995195013],[-1.77290365532852,51.6002988209048],[-1.77290477700787,51.6000740379457],[-1.77290589867279,51.5998492549778],[-1.77290702032329,51.5996244720014],[-1.77254607863705,51.5996237723129],[-1.7725472020193,51.5993989893337],[-1.77218626209366,51.5993982885414],[-1.77218738720762,51.5991735055596],[-1.77254832538711,51.5991742063459],[-1.77290926358101,51.5991749060225],[-1.77290814195936,51.5993996890163],[-1.77326908191381,51.5994003875889],[-1.77363002188263,51.5994010850518],[-1.77363114001197,51.5991763020461],[-1.77399207824898,51.5991769983932],[-1.77399319461781,51.598952215373],[-1.77435413112302,51.5989529106043],[-1.77471506764252,51.5989536047258],[-1.7750760041763,51.5989542977375],[-1.77543694072433,51.5989549896394],[-1.7757978772866,51.5989556804314],[-1.77615881386308,51.5989563701137],[-1.77615770797105,51.5991811531694],[-1.77651864630786,51.5991818417477],[-1.77651975045375,51.5989570586861],[-1.77688068705858,51.5989577461487],[-1.77724162367755,51.5989584325015],[-1.77724272431702,51.5987336494196],[-1.77688178944416,51.5987329630726],[-1.77652085458544,51.5987322756159],[-1.77615991974089,51.5987315870494],[-1.77579898491052,51.598730897373],[-1.77543805009436,51.5987302065868],[-1.77507711529244,51.5987295146909],[-1.77471618050477,51.5987288216851],[-1.77435524573138,51.5987281275695],[-1.77399431097229,51.5987274323441],[-1.77363337622752,51.5987267360089],[-1.7732724414971,51.5987260385639],[-1.77327356132939,51.5985012555382],[-1.77291262835942,51.5985005569893],[-1.77255169540385,51.5984998573307],[-1.77219076246268,51.5984991565622],[-1.77219188751877,51.5982743735458],[-1.7718309563381,51.5982736716735],[-1.7714700251719,51.5982729686914],[-1.7714711537056,51.5980481856783],[-1.77111022429991,51.5980474815924],[-1.77074929490873,51.5980467763968],[-1.77075042691995,51.5978219933871],[-1.77038949928931,51.5978212870876],[-1.77039063303196,51.5975965040753],[-1.77039176676004,51.5973717210543],[-1.77003084263591,51.5973710136571],[-1.76966991852635,51.5973703051502],[-1.76967105573174,51.5971455221326],[-1.76931013338272,51.597144812522],[-1.76931127231941,51.5969200295018],[-1.76931241124145,51.596695246473],[-1.76895149239887,51.5966945357647],[-1.76895263305214,51.5964697527333],[-1.76859171597008,51.5964690409213],[-1.76859285835454,51.5962442578873],[-1.768231943033,51.5962435449718],[-1.76823308714859,51.5960187619351],[-1.76787217425489,51.5960180478544],[-1.76787332011857,51.5957932648169],[-1.76787446596728,51.5955684817707],[-1.76823537533563,51.5955691958359],[-1.76859628541974,51.5955699087333],[-1.76859742774542,51.5953451256647],[-1.76895833609843,51.5953458374463],[-1.76931924446607,51.5953465481182],[-1.76968015284832,51.5953472576805],[-1.77004106124517,51.595347966133],[-1.77040196965658,51.595348673476],[-1.77076287808254,51.5953493797092],[-1.77112378652302,51.5953500848328],[-1.77112491661381,51.5951253017133],[-1.77112604669007,51.5949005185851],[-1.77112717675179,51.5946757354483],[-1.77148807996961,51.5946764394442],[-1.77148920827112,51.5944516562928],[-1.77149033655813,51.5942268731327],[-1.7718512362991,51.594227576007],[-1.77221213605451,51.5942282777716],[-1.77257303582437,51.5942289784266],[-1.77293393560863,51.594229677972],[-1.77293281430423,51.594454461156],[-1.77329371584853,51.5944551595978],[-1.7736546174072,51.5944558569298],[-1.7740155189802,51.5944565531523],[-1.77401440289842,51.5946813363455],[-1.77437530623142,51.5946820314642],[-1.77473620957872,51.5946827254733],[-1.77509711294029,51.5946834183727],[-1.77545801631611,51.5946841101625],[-1.77581891970616,51.5946848008426],[-1.77617982311041,51.5946854904131],[-1.77618092871812,51.5944607071845],[-1.77654183039088,51.5944613956395],[-1.7769027320778,51.5944620829848],[-1.77690383417998,51.5942372997358],[-1.776904936268,51.5940125164782],[-1.77726583447776,51.5940132027022],[-1.777266934806,51.59378841943],[-1.77726803512009,51.5935636361493],[-1.77690714040153,51.593562949937],[-1.7765462456971,51.5935622626151],[-1.77654514189183,51.5937870458842],[-1.77618424545597,51.5937863574468],[-1.77618535100683,51.5935615741836],[-1.77618645654348,51.5933367909118],[-1.77618756206591,51.5931120076313],[-1.77618866757413,51.5928872243422],[-1.77582777813467,51.5928865348188],[-1.77582888537418,51.5926617515269],[-1.77582999259945,51.5924369682263],[-1.77583109981049,51.5922121849172],[-1.77547021562165,51.5922114943018],[-1.77510933144704,51.5922108025769],[-1.77511044311275,51.5919860192362],[-1.77511155518203,51.5917612358721],[-1.77511266723747,51.5915364524993],[-1.77547354636569,51.5915371442072],[-1.77583442550769,51.5915378348056],[-1.77619530466346,51.5915385242945],[-1.77619641168487,51.591313740896],[-1.77619751869252,51.5910889574889],[-1.77583664288353,51.5910882680114],[-1.7754757670883,51.5910875774243],[-1.77511489130687,51.5910868857278],[-1.77475401553924,51.5910861929217],[-1.77475512922654,51.5908614095287],[-1.7743942551461,51.5908607156188],[-1.77439537049288,51.5906359322228],[-1.77439648582579,51.5904111488182],[-1.77475735655958,51.5904118427167],[-1.77511822730721,51.5904125355057],[-1.77547909806865,51.5904132271852],[-1.77548020836781,51.5901884437548],[-1.77511933927966,51.590187752081],[-1.77475847020533,51.5901870592977],[-1.77475958383721,51.5899622758701],[-1.77476069745525,51.5897374924339],[-1.77512156318307,51.5897381852058],[-1.77512267511403,51.5895134017552],[-1.77512378703116,51.5892886182959],[-1.77512489893445,51.589063834828],[-1.77548575965648,51.5890645264734],[-1.77548686987279,51.5888397429912],[-1.77548798007529,51.5886149595003],[-1.77548909026398,51.5883901760008],[-1.77584994598039,51.5883908665198],[-1.77585105448218,51.5881660830059],[-1.77585216297019,51.5879412994835],[-1.77585327144441,51.5877165159523],[-1.77621412215537,51.5877172053449],[-1.77621522894279,51.5874924217994],[-1.77621633571644,51.5872676382454],[-1.77621744247632,51.5870428546826],[-1.77585659678437,51.5870421653071],[-1.77585770520346,51.5868173817414],[-1.77585881360876,51.586592598167],[-1.77585992200028,51.586367814584],[-1.77586103037801,51.5861430309924],[-1.77586213874196,51.5859182473921],[-1.77586324709213,51.5856934637832],[-1.77586435542852,51.5854686801656],[-1.77586546375112,51.5852438965394],[-1.77586657205994,51.5850191129045],[-1.77550574143759,51.5850184224707],[-1.77550685140539,51.5847936388328],[-1.77514602246957,51.5847929472954],[-1.77478519354756,51.5847922546488],[-1.77442436463938,51.5847915608929],[-1.77406353574504,51.5847908660277],[-1.77406465238998,51.584566082404],[-1.77370382518224,51.5845653864353],[-1.77370494348601,51.5843406028087],[-1.77334411796488,51.5843399057364],[-1.77298329245765,51.584339207555],[-1.77298217080845,51.5845639911701],[-1.77262134364244,51.5845632918737],[-1.77226051649038,51.584562591468],[-1.77226164148501,51.5843378078643],[-1.77190081601964,51.5843371063551],[-1.77190194267296,51.5841123227486],[-1.77226276646564,51.584113024252],[-1.77226389143226,51.5838882406311],[-1.77226501818832,51.5836634570031],[-1.7726258386105,51.5836641573858],[-1.77262696457439,51.5834393737444],[-1.77226614587156,51.5834386733673],[-1.77190532718301,51.5834379718809],[-1.77190419778041,51.5836627555111],[-1.77154337738681,51.5836620529099],[-1.77154224720624,51.5838868365265],[-1.77154111889428,51.5841116201359],[-1.77153999056826,51.5843364037367],[-1.77117916513091,51.584335700009],[-1.77118029512961,51.584110916414],[-1.77081947137898,51.5841102115829],[-1.77082060303628,51.5838854279851],[-1.77045978097238,51.5838847220505],[-1.77046091629203,51.583659938451],[-1.77010009595585,51.583659231413],[-1.76973927563409,51.5836585232657],[-1.7697404153528,51.5834337396695],[-1.76937959676482,51.5834330304187],[-1.7693807381884,51.5832082468196],[-1.76901992133421,51.5832075364653],[-1.76902106446263,51.5829827528632],[-1.76866024934222,51.5829820414054],[-1.76866139417543,51.5827572578003],[-1.7683005807888,51.5827565452391],[-1.76830172732675,51.5825317616311],[-1.76830287385016,51.5823069780145],[-1.76830402035903,51.5820821943892],[-1.76794321425254,51.582081480722],[-1.7679443624441,51.5818566970942],[-1.76794551062117,51.5816319134576],[-1.76794665878373,51.5814071298124],[-1.7679478069318,51.5811823461586],[-1.76794895506537,51.5809575624961],[-1.76795010318445,51.580732778825],[-1.76795125128903,51.5805079951452],[-1.76759046078214,51.5805072803884],[-1.76759161058117,51.5802824967062],[-1.76759276036568,51.5800577130154],[-1.76723197329117,51.580056997162],[-1.76687118623118,51.5800562801995],[-1.76651039918573,51.580055562128],[-1.76614961215484,51.5800548429475],[-1.76578882513854,51.5800541226578],[-1.76542803813686,51.5800534012591],[-1.7650672511498,51.5800526787513],[-1.7647064641774,51.5800519551345],[-1.76434567721967,51.5800512304086],[-1.76398489027664,51.5800505045736],[-1.76362410334833,51.5800497776296],[-1.76326331643477,51.5800490495765],[-1.76290252953596,51.5800483204143],[-1.76290370152171,51.5798235367964],[-1.7625429163466,51.5798228065315],[-1.76218213118629,51.5798220751575],[-1.76218330657499,51.5795972915437],[-1.76218448194884,51.5793725079212],[-1.76218565730783,51.57914772429],[-1.76218683265197,51.5789229406503],[-1.76218800798126,51.5786981570018],[-1.7621891832957,51.5784733733447],[-1.76219035859528,51.578248589679],[-1.76219153388001,51.5780238060046],[-1.76219270914989,51.5777990223215],[-1.76219388440492,51.5775742386298],[-1.76219505964509,51.5773494549295],[-1.76219623487042,51.5771246712204],[-1.76219741008089,51.5768998875028],[-1.76219858527652,51.5766751037765],[-1.76219976045729,51.5764503200415],[-1.76220093562322,51.5762255362979],[-1.76256169344414,51.5762262675703],[-1.76256286688669,51.5760014838117],[-1.76256404031442,51.5757767000444],[-1.76256521372732,51.5755519162685],[-1.76256638841134,51.5753271324889],[-1.76256756370066,51.5751023487031],[-1.76256873897528,51.5748775649086],[-1.76256991423522,51.5746527811055],[-1.76257108948046,51.5744279972937],[-1.76257226471101,51.5742032134732],[-1.76257343992688,51.5739784296441],[-1.76257461512805,51.5737536458064],[-1.76257579031454,51.57352886196],[-1.76257696548633,51.5733040781049],[-1.76257814064344,51.5730792942412],[-1.76257931578586,51.5728545103688],[-1.76258049091359,51.5726297264878],[-1.7629412216721,51.5726304565436],[-1.76294004823183,51.5728552404315],[-1.76330078069245,51.5728559693854],[-1.76330195244527,51.5726311854907],[-1.76366268323306,51.572631913329],[-1.76402341403546,51.5726326400586],[-1.76402458239876,51.5724078561416],[-1.76366385328379,51.5724071294189],[-1.76366502331991,51.5721823455001],[-1.76402575074746,51.572183072216],[-1.76402691908156,51.5719582882818],[-1.7643876448363,51.5719590138822],[-1.76438881146843,51.5717342299325],[-1.76438997808599,51.5715094459742],[-1.76475070048058,51.5715101704523],[-1.76511142288971,51.5715108938217],[-1.76547214531336,51.5715116160824],[-1.76547330685436,51.5712868320951],[-1.76583402760519,51.5712875532403],[-1.76619474837049,51.5712882732767],[-1.76655546915024,51.5712889922045],[-1.76655662561482,51.5710642081883],[-1.7669173447217,51.5710649260006],[-1.76727806384299,51.5710656427042],[-1.76727921691856,51.5708408586659],[-1.76763993436696,51.5708415742541],[-1.76800065182973,51.5708422887336],[-1.7683613723236,51.5708430020588],[-1.7683625202726,51.5706182179903],[-1.76872323980935,51.5706189301865],[-1.76908395936089,51.570619641274],[-1.76908281494376,51.5708444253591],[-1.76944353627603,51.5708451353463],[-1.76944239361007,51.5710699194311],[-1.76980311672305,51.5710706283178],[-1.76980425762305,51.5708458442247],[-1.7701649789848,51.5708465519945],[-1.77016611810412,51.5706217678845],[-1.77016725720872,51.5703969837658],[-1.77052797505332,51.5703976904103],[-1.77088869291262,51.5703983959461],[-1.77088982847072,51.5701736118022],[-1.77125054457878,51.5701743162212],[-1.77124941078658,51.5703991003733],[-1.77161012867518,51.5703998036918],[-1.77161126070149,51.5701750195314],[-1.77197197683882,51.570175721733],[-1.77197310708463,51.5699509375557],[-1.77233382147068,51.5699516386403],[-1.7726945358713,51.5699523386164],[-1.77269566257082,51.5697275544139],[-1.77305637522014,51.5697282532731],[-1.77341708788399,51.5697289510236],[-1.77377780056234,51.5697296476654],[-1.77413851325518,51.5697303431986],[-1.77449922596247,51.5697310376232],[-1.7745003438183,51.5695062533711],[-1.77486105477419,51.5695069466788],[-1.77522176574451,51.5695076388779],[-1.77522288005428,51.5692828546008],[-1.77522399434966,51.569058070315],[-1.77558470180278,51.5690587613892],[-1.775585814318,51.5688339770866],[-1.77594652001972,51.568834667044],[-1.77594540927025,51.5690594513547],[-1.77594429850644,51.5692842356568],[-1.77630500775404,51.5692849245218],[-1.77630389874168,51.5695097088234],[-1.77666460976941,51.5695103965879],[-1.77666571701596,51.5692856122782],[-1.77702642629218,51.569286298926],[-1.77702753175865,51.5690615145996],[-1.77738823928336,51.5690622001306],[-1.77738934296979,51.5688374157873],[-1.77739044664197,51.5686126314355],[-1.77775115064943,51.5686133158417],[-1.77775004874299,51.5688381002017],[-1.77811075453042,51.5688387835074],[-1.77811185467112,51.5686139991393],[-1.77811295479761,51.5683892147625],[-1.77847365706779,51.5683898969435],[-1.77883435935216,51.5683905780158],[-1.7788332627571,51.5686153624087],[-1.77919396682133,51.5686160423805],[-1.77919506165068,51.5683912579795],[-1.77919615646588,51.5681664735699],[-1.77919725126694,51.5679416891516],[-1.77955795004824,51.5679423679906],[-1.77955685701284,51.5681671524169],[-1.77991755757392,51.5681678301554],[-1.78027825814909,51.5681685067853],[-1.78027934765314,51.5679437223429],[-1.78028043714312,51.5677189378918],[-1.78064113420104,51.567719613397],[-1.781001831273,51.5677202877937],[-1.78100291721766,51.5674955033179],[-1.78136361253801,51.567496176598],[-1.78172430787236,51.5674968487695],[-1.78172539027179,51.567272064269],[-1.78208608385452,51.567272735324],[-1.78244677745119,51.5672734052704],[-1.7828074710618,51.5672740741083],[-1.78280854817551,51.5670492895765],[-1.78280962530827,51.5668245050376],[-1.78317031538601,51.5668251727545],[-1.7835310054777,51.5668258393628],[-1.78353207904376,51.5666010548044],[-1.78317139072844,51.5666003882015],[-1.78281070242706,51.5665997204902],[-1.78245001413966,51.5665990516703],[-1.78208932586624,51.5665983817418],[-1.78172863760685,51.5665977107048],[-1.78136794936149,51.5665970385593],[-1.78136686513725,51.5668218230846],[-1.7810061751296,51.566821149825],[-1.78064548513603,51.5668204754568],[-1.78064439734496,51.5670452599624],[-1.78028370558911,51.5670445844801],[-1.78028261608087,51.5672693689636],[-1.77992192256825,51.5672686923659],[-1.77992083134081,51.5674934768263],[-1.77956013607667,51.5674927991119],[-1.77919944082665,51.567492120289],[-1.77919834605387,51.5677169047246],[-1.77883764905235,51.5677162247851],[-1.778476952065,51.567715543737],[-1.77847585374678,51.5679403281478],[-1.77811515500796,51.5679396459831],[-1.77775445628335,51.5679389627097],[-1.77739375757296,51.5679382783278],[-1.77739265394355,51.5681630627057],[-1.77703195348174,51.5681623772071],[-1.77667125303421,51.5681616905999],[-1.77667014585916,51.5683864749529],[-1.77630944366023,51.568385787229],[-1.77594874147562,51.5683850983965],[-1.77558803930535,51.5683844084554],[-1.77558692681886,51.5686091927753],[-1.77522622289724,51.5686085017175],[-1.77486551899001,51.568607809551],[-1.77486440295768,51.568832593846],[-1.77450369729913,51.5688319005628],[-1.77414299165501,51.5688312061709],[-1.77414187207675,51.5690559904408],[-1.77378116468132,51.5690552949322],[-1.77342045730038,51.5690545983149],[-1.77305974993394,51.5690539005891],[-1.77305862504387,51.5692786848257],[-1.77269791592618,51.569277985983],[-1.77233720682303,51.5692772860317],[-1.77233607838683,51.5695020702432],[-1.77197536753245,51.569501369175],[-1.77161465669267,51.5695006669982],[-1.77161352471023,51.5697254511846],[-1.77125281211924,51.5697247478908],[-1.7708920995429,51.5697240434884],[-1.77089096401414,51.5699488276497],[-1.77053024968661,51.5699481221304],[-1.77016953537376,51.5699474155024],[-1.76980882107563,51.5699467077658],[-1.76944810679222,51.5699459989205],[-1.76908739252358,51.5699452889666],[-1.76872667826971,51.569944577904],[-1.76836596403064,51.5699438657328],[-1.7680052504902,51.5699431524403],[-1.76764453977635,51.5699424379877],[-1.76764338844556,51.5701672220673],[-1.7676422371004,51.5703920061382],[-1.7672815230265,51.5703912905634],[-1.76728036997973,51.570616074619],[-1.76691965423298,51.5706153579288],[-1.76655893850064,51.57061464013],[-1.76619822278274,51.5706139212225],[-1.76619706465979,51.5708387052492],[-1.76583634726907,51.5708379852262],[-1.76547562989284,51.5708372640946],[-1.76547446838085,51.5710620480992],[-1.76511374933183,51.571061325852],[-1.76475303029733,51.5710606024962],[-1.76475186539623,51.5712853864786],[-1.76439114468897,51.5712846620073],[-1.76403042399627,51.5712839364272],[-1.76402925570597,51.5715087203874],[-1.76366853334053,51.5715079936918],[-1.76366970331816,51.5712832097384],[-1.76330898265465,51.571282481941],[-1.76330781098969,51.5715072658876],[-1.76330663931009,51.5717320498255],[-1.76294591528654,51.5717313209057],[-1.76258519127764,51.5717305908771],[-1.76222446728342,51.5717298597398],[-1.76222564402506,51.5715050758224],[-1.76186492173287,51.5715043435832],[-1.76186610014713,51.5712795596639],[-1.76186727854666,51.5710547757359],[-1.76186845693145,51.5708299917994],[-1.76186963530152,51.5706052078541],[-1.76150891977321,51.5706044745336],[-1.76151009981579,51.5703796905865],[-1.76151127984361,51.5701549066308],[-1.76115056770449,51.5701541722153],[-1.76115174940475,51.5699293882578],[-1.76115293109023,51.5697046042917],[-1.76079222234023,51.5697038687813],[-1.76079340569809,51.5694790848133],[-1.76079458904115,51.5692543008367],[-1.7604338836802,51.5692535642314],[-1.76043506869557,51.569028780253],[-1.76007436503651,51.5690280425459],[-1.76007555172415,51.5688032585657],[-1.75971484976699,51.5688025197569],[-1.75935414782469,51.5688017798395],[-1.75935533787159,51.5685769958645],[-1.75899463763121,51.5685762548453],[-1.75899582935027,51.5683514708686],[-1.7586351308118,51.5683507287478],[-1.75827443228824,51.5683499855183],[-1.75827562736642,51.5681252015468],[-1.7579149305448,51.5681244572157],[-1.75755423373813,51.568123711776],[-1.75755543217534,51.5678989278097],[-1.75719473707063,51.5678981812683],[-1.75719593717981,51.5676733973003],[-1.75683524377707,51.5676726496574],[-1.75647455038934,51.5676719009058],[-1.75647575385739,51.5674471169431],[-1.75683644555818,51.5674478656876],[-1.75683764732425,51.5672230817092],[-1.75647695731038,51.5672223329717],[-1.75611626731156,51.5672215831256],[-1.75575557732779,51.5672208321709],[-1.7553948873591,51.5672200801076],[-1.75539609716098,51.5669952961256],[-1.75503540892846,51.5669945429619],[-1.75503662107796,51.5667697589688],[-1.75467593458864,51.5667690047054],[-1.75431524811474,51.5667682493334],[-1.75431646370435,51.5665434653493],[-1.75395577897367,51.5665427088777],[-1.75359509425847,51.5665419512976],[-1.75359631328809,51.5663171673224],[-1.75323563031612,51.5663164086426],[-1.75323685105794,51.5660916246677],[-1.75287616982922,51.5660908648882],[-1.75251548861603,51.5660901040003],[-1.75251671279771,51.5658653200344],[-1.75215603332778,51.5658645580468],[-1.75215480741841,51.5660893420038],[-1.75179412623638,51.5660885788989],[-1.75179289858369,51.5663133628384],[-1.75179167091538,51.5665381467692],[-1.7514309862935,51.566537382538],[-1.7514297568818,51.5667621664512],[-1.75106907526021,51.566761401103],[-1.7510678441446,51.5669861849988],[-1.75070716109824,51.5669854185333],[-1.75070592891399,51.5672102024076],[-1.7503452441576,51.5672094348247],[-1.74998455941707,51.5672086661334],[-1.74962387469241,51.5672078963335],[-1.74962511205236,51.5669831124857],[-1.7499857950521,51.5669838822768],[-1.74998703127999,51.5667590984071],[-1.7503477125912,51.5667598670809],[-1.75034894709944,51.5665350831938],[-1.75070962672212,51.5665358507504],[-1.75071085951076,51.5663110668459],[-1.75071209228386,51.5660862829328],[-1.75107276851398,51.5660870493634],[-1.75107399956755,51.5658622654329],[-1.75143467443471,51.5658630307462],[-1.75143590378381,51.5656382467983],[-1.75143713311728,51.5654134628417],[-1.75143836243509,51.5651886788765],[-1.75143959173726,51.5649638949025],[-1.75107892362677,51.5649631296241],[-1.75107769263523,51.5651879135893],[-1.750717023221,51.5651871471935],[-1.75071825591646,51.564962363237],[-1.75071948859639,51.5647375792719],[-1.75035882260548,51.5647368117851],[-1.7499981566301,51.5647360431899],[-1.74999939270225,51.5645112592336],[-1.74963872844629,51.5645104895387],[-1.74927806420592,51.5645097187354],[-1.74927930367018,51.5642849347878],[-1.74891864114926,51.5642841628848],[-1.74855797864395,51.5642833898734],[-1.74819731615429,51.5642826157536],[-1.74819607157849,51.5645073996748],[-1.748194826987,51.5647321835873],[-1.74783416110529,51.5647314083415],[-1.74783291479422,51.5649561922366],[-1.74783166846745,51.565180976123],[-1.74747099919363,51.5651801997511],[-1.74746975114721,51.56540498362],[-1.74746850308507,51.5656297674803],[-1.74710783041906,51.5656289899823],[-1.74710658063721,51.5658537738251],[-1.74674590628295,51.5658529952099],[-1.74674465478134,51.5660777790352],[-1.74674340326396,51.5663025628519],[-1.74638272551743,51.5663017831105],[-1.74638147228022,51.5665265669096],[-1.74602079284543,51.5665257860509],[-1.74601953788835,51.5667505698325],[-1.74601828291546,51.5669753536055],[-1.7456576000883,51.5669745716206],[-1.74565634377584,51.5671993553713],[-1.74565508868508,51.567424139098],[-1.74529440240022,51.5674233559864],[-1.7452931455407,51.5676481396952],[-1.74529188866498,51.5678729233953],[-1.74493119889113,51.5678721391567],[-1.74492994024658,51.5680969228389],[-1.74456924873632,51.5680961374825],[-1.7445679883229,51.5683209211468],[-1.74456672789324,51.5685457048024],[-1.7442060328939,51.568544918319],[-1.74420477069529,51.5687697019567],[-1.74384407395952,51.5687689143554],[-1.7438453379108,51.568544130727],[-1.74348464294397,51.5685433420264],[-1.74312394799344,51.5685425522172],[-1.74312521543375,51.5683177685986],[-1.74276452225218,51.5683169776901],[-1.74240382908695,51.568316185673],[-1.74240510001619,51.5680914020644],[-1.74204440861995,51.568090608948],[-1.7416837172401,51.5680898147231],[-1.74168499165817,51.5678650311244],[-1.74132430204734,51.5678642358002],[-1.74096361245292,51.5678634393674],[-1.74096489035974,51.5676386557787],[-1.74060420253437,51.5676378582467],[-1.74060292287496,51.5678626418261],[-1.74024223331347,51.5678618431763],[-1.74024095188496,51.5680866267377],[-1.74023967043991,51.5683114102904],[-1.74060036350665,51.568312208959],[-1.74096105658986,51.5683130065189],[-1.74132174968951,51.5683138029703],[-1.7416824428056,51.5683145983132],[-1.74204313593809,51.5683153925474],[-1.7420418632398,51.5685401761381],[-1.74240255814133,51.568540969273],[-1.74276325305922,51.5685417612994],[-1.74276198384988,51.5687665449],[-1.74312268053679,51.5687673358271],[-1.74348337724001,51.5687681256455],[-1.74348211151972,51.568992909256],[-1.74384280999193,51.5689936979752],[-1.74384154600805,51.5692184815862],[-1.74420224624926,51.569219269206],[-1.74456294650671,51.5692200557172],[-1.7449236467804,51.5692208411197],[-1.74492238803847,51.5694456247499],[-1.7452830900811,51.569446409053],[-1.74528183307571,51.5696711926838],[-1.7449211292803,51.5696704083714],[-1.7445604255011,51.5696696229504],[-1.74419972173811,51.5696688364207],[-1.74420098400182,51.5694440528177],[-1.74384028200786,51.5694432651887],[-1.74347958003017,51.569442476451],[-1.7434808457831,51.5692176928578],[-1.74312014557445,51.5692169030208],[-1.74275944538212,51.5692161120752],[-1.74276071462418,51.568991328492],[-1.74240001620091,51.568990536447],[-1.742039317794,51.5689897432934],[-1.74204059052511,51.5687649597201],[-1.74167989388728,51.5687641654672],[-1.74131919726586,51.5687633701058],[-1.74095850066086,51.5687625736357],[-1.7409597786336,51.5685377900817],[-1.74059908379773,51.5685369925124],[-1.74023838897834,51.5685361938345],[-1.73987769417544,51.568535394048],[-1.73987641094467,51.568760177574],[-1.73951571440561,51.5687593766696],[-1.73915501788309,51.5687585746565],[-1.73915373113035,51.5689833581552],[-1.7387930328717,51.5689825550242],[-1.73843233462963,51.5689817507846],[-1.73843104435485,51.5692065342557],[-1.73807034437666,51.5692057288981],[-1.73770964441511,51.5692049224319],[-1.7377083506182,51.5694297058756],[-1.73734764892055,51.5694288982913],[-1.73734635335418,51.5696536817169],[-1.73698564992044,51.5696528730146],[-1.73662494650341,51.5696520632037],[-1.73662624557532,51.5694272797969],[-1.73662754463047,51.5692024963815],[-1.73698824454199,51.5692033061736],[-1.73698954182766,51.56897852274],[-1.73662884366886,51.5689777129574],[-1.73626814552678,51.5689769020662],[-1.73626684473567,51.5692016854808],[-1.73590614485761,51.5692008734715],[-1.73590484229697,51.5694256568681],[-1.73554414068294,51.5694248437407],[-1.73554283635273,51.5696496271191],[-1.73518213300273,51.5696488128737],[-1.73482142966953,51.5696479975196],[-1.73482012181692,51.5698727808703],[-1.73481881394743,51.5700975642125],[-1.73445810765446,51.5700967482668],[-1.73445941729509,51.5698719649285],[-1.73409871293233,51.5698711480157],[-1.73373800858664,51.5698703299941],[-1.7337366953881,51.5700951133216],[-1.73337598928056,51.570094294186],[-1.73301528319013,51.5700934739417],[-1.73265457711685,51.5700926525887],[-1.73265325856427,51.5703174358912],[-1.73229255072919,51.5703166134241],[-1.73193184291129,51.5703157898483],[-1.73193052078352,51.5705405731312],[-1.73156981120385,51.5705397484413],[-1.73156848727981,51.5707645317101],[-1.73156716333851,51.5709893149703],[-1.73120645021801,51.5709884891606],[-1.73120512448037,51.5712132724067],[-1.73084440959807,51.5712124454829],[-1.73084308206406,51.5714372287148],[-1.73048236541996,51.5714364006767],[-1.73048103608951,51.5716611838945],[-1.73012031768361,51.5716603547422],[-1.72975959929504,51.5716595244812],[-1.7297609321837,51.5714347412744],[-1.72976226505497,51.5712099580591],[-1.72976359790886,51.570985174835],[-1.72976493074536,51.5707603916024],[-1.72976626356447,51.570535608361],[-1.72940555408856,51.5705347770189],[-1.72940688866928,51.5703099937745],[-1.72940822323259,51.5700852105214],[-1.7294095577785,51.5698604272597],[-1.72904885365687,51.5698595948255],[-1.72905018996428,51.5696348115606],[-1.72868948763897,51.5696339780233],[-1.72869082570786,51.5694091947554],[-1.72833012517886,51.5694083601149],[-1.72833146500917,51.5691835768439],[-1.72797076627649,51.5691827411004],[-1.72797210786818,51.5689579578263],[-1.72761141093182,51.5689571209797],[-1.72761275428483,51.5687323377025],[-1.72725205914479,51.5687314997529],[-1.72689136402226,51.5687306606946],[-1.72689271091536,51.56850587742],[-1.72653201758917,51.5685050372587],[-1.72617132428054,51.5685041959888],[-1.72581063098948,51.5685033536103],[-1.72544993771603,51.5685025101232],[-1.7250892444602,51.5685016655275],[-1.72509060022964,51.5682768822722],[-1.72545129170669,51.5682777268623],[-1.72545264567969,51.5680529435928],[-1.7250919559814,51.5680520990084],[-1.72473126630076,51.5680512533153],[-1.72473262381357,51.5678264700485],[-1.72437193592933,51.5678256232525],[-1.7240112480628,51.5678247753479],[-1.72401260911532,51.5675999920837],[-1.72401397015009,51.5673752088108],[-1.72401533116711,51.5671504255293],[-1.72437601369759,51.5671512734169],[-1.72473669624576,51.567152120196],[-1.72473805370995,51.5669273369347],[-1.72437737293589,51.566926490164],[-1.72437873215686,51.5667017069033],[-1.72401805317436,51.5667008590324],[-1.72365737420953,51.5667000100529],[-1.72365873696057,51.5664752268001],[-1.72329805978732,51.5664743767204],[-1.7229373826318,51.5664735255322],[-1.72257670549403,51.5664726732355],[-1.72257807354889,51.5662478899989],[-1.72257944158595,51.5660231067537],[-1.72221876801363,51.5660222533651],[-1.72222013780669,51.5657974701195],[-1.72222150758192,51.5655726868652],[-1.72186083757498,51.5655718323848],[-1.72150016758587,51.5655709767958],[-1.7211394976146,51.5655701200985],[-1.72114087269328,51.5653453368605],[-1.72114224775406,51.5651205536139],[-1.72078158134815,51.5651196958247],[-1.72078295816475,51.5648949125778],[-1.72114362279695,51.5648957703586],[-1.72150428744701,51.564896627031],[-1.72150566069831,51.5646718437587],[-1.72186632359252,51.5646726993143],[-1.72186769505228,51.564447916025],[-1.72150703393174,51.5644470604777],[-1.72114637282904,51.5644462038221],[-1.7207857117442,51.5644453460579],[-1.72078708850704,51.564220562785],[-1.72042642921373,51.5642197039208],[-1.72042780773228,51.5639949206476],[-1.72006715023049,51.5639940606833],[-1.7200685305047,51.5637692774098],[-1.72042918623288,51.5637701373657],[-1.72043056471555,51.5635453540751],[-1.72006991076094,51.5635444941276],[-1.71970925682425,51.5635436330717],[-1.71971063883608,51.5633188497892],[-1.71971202082992,51.563094066498],[-1.72007267121953,51.5630949275372],[-1.72007405142188,51.562870144229],[-1.71971340280578,51.5628692831982],[-1.71971478476365,51.5626444998897],[-1.71935413793899,51.5626436377589],[-1.71935552165233,51.5624188544501],[-1.71935690534767,51.5621940711327],[-1.71971754862544,51.5621949332467],[-1.71971893052936,51.5619701499122],[-1.71972031241529,51.561745366569],[-1.71935967268432,51.5617445044718],[-1.71936105632564,51.5615197211283],[-1.71936243994895,51.5612949377762],[-1.71900180378266,51.5612940745874],[-1.71900318916129,51.561069291235],[-1.71900457452188,51.560844507874],[-1.71900595986445,51.5606197245042],[-1.71900734518898,51.5603949411258],[-1.71900873049549,51.5601701577388],[-1.71901011578397,51.559945374343],[-1.71901150105442,51.5597205909386],[-1.71901288630685,51.5594958075256],[-1.71865226434448,51.5594949432957],[-1.71829164240012,51.5594940779576],[-1.71829303118079,51.5592692945527],[-1.71829441994339,51.5590445111391],[-1.7186550383415,51.5590453764604],[-1.71901565675761,51.5590462406734],[-1.71901704195596,51.5588214572343],[-1.71937765861698,51.5588223203308],[-1.71937627519172,51.5590471037783],[-1.71937489174847,51.559271887217],[-1.71937350828721,51.5594966706472],[-1.71973413028554,51.5594975326606],[-1.71973551197366,51.559272749222],[-1.7197368936438,51.5590479657749],[-1.71973827529597,51.558823182319],[-1.7200988919929,51.558824043199],[-1.72010027210504,51.5585992596756],[-1.72010165221077,51.5583744761413],[-1.7201030322988,51.5581496925982],[-1.72010441236912,51.5579249090465],[-1.72010579242173,51.5577001254861],[-1.72010717245663,51.5574753419171],[-1.72010855247382,51.5572505583393],[-1.7201099324733,51.5570257747529],[-1.72047053525905,51.5570266344465],[-1.72047191350011,51.5568018508415],[-1.72047329172348,51.5565770672279],[-1.72047466992917,51.5563522836056],[-1.72047604811718,51.5561274999747],[-1.7204774262875,51.5559027163351],[-1.72047880444014,51.5556779326867],[-1.72048018257509,51.5554531490297],[-1.72048156069237,51.5552283653641],[-1.72048293879196,51.5550035816897],[-1.72048431687387,51.5547787980067],[-1.72048569493809,51.554554014315],[-1.72048707298464,51.5543292306146],[-1.72048845101351,51.5541044469055],[-1.72048982902469,51.5538796631877],[-1.7204912070182,51.5536548794613],[-1.72013063034089,51.553654019915],[-1.72013201005709,51.5534292361897],[-1.7201333897556,51.5532044524557],[-1.72049396295217,51.5532053119824],[-1.72049258499402,51.5534300957262],[-1.7208531599486,51.5534309541548],[-1.72085453616639,51.5532061704012],[-1.72085591236652,51.5529813866389],[-1.72085728854899,51.552756602868],[-1.72085866471381,51.5525318190884],[-1.72086004086097,51.5523070353001],[-1.72086141699048,51.552082251503],[-1.72086279310233,51.5518574676974],[-1.72122335589249,51.5518583249494],[-1.72122473024649,51.5516335411253],[-1.72122610458286,51.5514087572925],[-1.72122747890159,51.551183973451],[-1.72122885320269,51.5509591896008],[-1.72123022748616,51.5507344057419],[-1.721231601752,51.5505096218744],[-1.7215921541189,51.5505104779598],[-1.7215935285439,51.5502856939964],[-1.72159490323063,51.5500609100131],[-1.72159627789988,51.5498361260211],[-1.72159765255166,51.5496113420204],[-1.72195819803372,51.549612196963],[-1.72195957094514,51.5493874129448],[-1.72232011472174,51.5493882667708],[-1.72231874353322,51.5496130507977],[-1.72267928905012,51.5496139035246],[-1.72303983458442,51.5496147551436],[-1.72340038013607,51.5496156056548],[-1.72340174615592,51.5493908216016],[-1.72340311215841,51.5491660375397],[-1.72376365428165,51.5491668869256],[-1.72376501854393,51.5489421028463],[-1.72376638278887,51.5487173187583],[-1.72376774701647,51.5484925346617],[-1.72376911122674,51.5482677505564],[-1.72412964647605,51.5482685987995],[-1.72413100894621,51.5480438146767],[-1.72413237139907,51.5478190305454],[-1.7241337338346,51.5475942464053],[-1.72449426393301,51.5475950935144],[-1.72449562462854,51.547370309357],[-1.72485615302153,51.5473711553496],[-1.72521668143177,51.5473720002345],[-1.72557720985924,51.5473728440116],[-1.72593773830391,51.5473736866809],[-1.72593638449914,51.5475984708732],[-1.72593503067717,51.5478232550568],[-1.72629556258443,51.5478240966358],[-1.72665609450886,51.547824937107],[-1.72701662645042,51.5478257764704],[-1.72737715840911,51.5478266147261],[-1.72773769038489,51.547827451874],[-1.72809822237774,51.5478282879141],[-1.72809687887498,51.548053072141],[-1.72845741260763,51.5480539070819],[-1.7288179463573,51.5480547409151],[-1.72881928641458,51.547829956671],[-1.72845875438765,51.5478291228464],[-1.72846009615063,51.5476043386022],[-1.72809956586344,51.5476035036785],[-1.72810090933206,51.5473787194343],[-1.72774038078461,51.5473778834114],[-1.72774172595884,51.5471530991672],[-1.72774307111598,51.5469283149142],[-1.72738254603092,51.5469274778009],[-1.72702202096295,51.5469266395799],[-1.72702336954825,51.5467018553356],[-1.72666284622002,51.5467010160155],[-1.72630232290894,51.5467001755877],[-1.72594179961501,51.5466993340521],[-1.72558127633827,51.5466984914088],[-1.72557992086249,51.5469232756184],[-1.72521939588033,51.5469224318587],[-1.7248588709154,51.5469215869912],[-1.72449834596772,51.546920741016],[-1.72413782103731,51.5469198939331],[-1.7237772961242,51.5469190457424],[-1.7237786602131,51.5466942615764],[-1.72341813703993,51.5466934122868],[-1.72305761388409,51.5466925618894],[-1.72269709074562,51.5466917103843],[-1.72233656762453,51.5466908577714],[-1.72233793858648,51.5464660736318],[-1.7219774172054,51.54646521992],[-1.7219787898725,51.5462404357804],[-1.72198016252215,51.5460156516322],[-1.72198153515435,51.5457908674754],[-1.72162101895835,51.5457900126822],[-1.72162239329561,51.5455652285255],[-1.7216237676154,51.54534044436],[-1.72162514191772,51.5451156601859],[-1.72198565294627,51.5451165149527],[-1.72198428036641,51.5453412991356],[-1.72234479313485,51.5453421528035],[-1.72234616399225,51.5451173686118],[-1.72234753483222,51.5448925844115],[-1.72234890565477,51.5446678002024],[-1.72235027645989,51.5444430159848],[-1.72271078235602,51.5444438685099],[-1.72271215142134,51.5442190842748],[-1.72271352046927,51.543994300031],[-1.7227148894998,51.5437695157785],[-1.72307539024626,51.5437703671697],[-1.72307675753707,51.5435455828998],[-1.72307812481052,51.5433207986212],[-1.72307949206658,51.543096014334],[-1.72308085930527,51.5428712300381],[-1.72308222652658,51.5426464457335],[-1.72308359373052,51.5424216614202],[-1.72308496091708,51.5421968770983],[-1.72344544962523,51.5421977273206],[-1.72344681844087,51.5419729429622],[-1.72344818816061,51.5417481585899],[-1.72344955786272,51.541523374209],[-1.72381004130386,51.5415242233111],[-1.7238114092297,51.5412994389177],[-1.72417189092981,51.5413002869084],[-1.72417325707943,51.5410755025025],[-1.7245337370385,51.5410763493817],[-1.72489421701513,51.5410771951534],[-1.72489285438275,51.5413019795671],[-1.72489149173282,51.5415267639722],[-1.72525197524425,51.5415276086441],[-1.7256124587732,51.5415284522084],[-1.72561109962306,51.5417532366126],[-1.72597158492817,51.5417540790732],[-1.72633207025075,51.5417549204262],[-1.72669255559078,51.5417557606717],[-1.72669120169921,51.5419805450787],[-1.72705168881535,51.5419813842204],[-1.7274121759489,51.5419822222545],[-1.72741082655398,51.5422070066679],[-1.72777131546867,51.5422078435996],[-1.72813180440041,51.5422086794238],[-1.72813046132427,51.5424334638675],[-1.72849095199523,51.5424342985927],[-1.72848961062422,51.5426590830363],[-1.72885010303441,51.5426599166626],[-1.72921059546159,51.5426607491813],[-1.72920925751798,51.5428855336335],[-1.72956975168436,51.5428863650533],[-1.72993024586771,51.5428871953654],[-1.72992891135159,51.5431119798261],[-1.7302894072741,51.5431128090393],[-1.7302880744633,51.5433375934999],[-1.73028674163557,51.5435623779519],[-1.73064724101956,51.5435632060746],[-1.73064590989721,51.5437879905264],[-1.7310064110204,51.5437888175501],[-1.73136691216045,51.5437896434662],[-1.73136558446587,51.5440144279265],[-1.7317260873451,51.5440152527435],[-1.73208659024116,51.5440160764529],[-1.73244709315402,51.5440168990547],[-1.73244577060965,51.5442416835319],[-1.73280627526165,51.5442425050346],[-1.7331667799304,51.5442433254296],[-1.733165460814,51.5444681099152],[-1.73352596722187,51.5444689292111],[-1.73352464981112,51.5446937136966],[-1.73388515795811,51.5446945318933],[-1.73388384225306,51.5449193163786],[-1.73424435213917,51.5449201334762],[-1.73460486204195,51.5449209494661],[-1.73496537471867,51.5449217647777],[-1.73496668525735,51.5446969802707],[-1.73532719796107,51.5446977947418],[-1.73568771068157,51.5446986081052],[-1.73604822341884,51.544699420361],[-1.73640873617284,51.544700231509],[-1.73676924894357,51.5447010415495],[-1.73712976173099,51.5447018504822],[-1.73749027453509,51.5447026583073],[-1.73748897623049,51.5449274428596],[-1.73784949079896,51.5449282495835],[-1.73784819422546,51.5451530341336],[-1.73784689763531,51.5453778186751],[-1.73820741571594,51.5453786243042],[-1.73820612085695,51.5456034088434],[-1.73856664070198,51.5456042133713],[-1.7385653475742,51.5458289979083],[-1.73892586918363,51.5458298013348],[-1.7389245777871,51.5460545858696],[-1.73892328637399,51.5462793703958],[-1.73892199494431,51.5465041549133],[-1.7392825218139,51.5465049572514],[-1.73928123211556,51.5467297417666],[-1.7396417607496,51.5467305430034],[-1.73964047278265,51.5469553275164],[-1.73963918479916,51.5471801120208],[-1.73927865266923,51.5471793107712],[-1.73927736292124,51.5474040952606],[-1.73891682905987,51.5474032928968],[-1.73855629521506,51.5474024894254],[-1.73819576138683,51.5474016848461],[-1.73783522757522,51.5474008791591],[-1.73783393081867,51.547625663614],[-1.73783263404548,51.5478504480603],[-1.73747209675447,51.5478496412526],[-1.73711155948011,51.5478488333371],[-1.73711025919419,51.5480736177618],[-1.73674972018846,51.5480728087321],[-1.73638918119944,51.5480719985945],[-1.73602864222714,51.5480711873491],[-1.73566810327159,51.548070374996],[-1.7356667959767,51.5482951593861],[-1.73602733668032,51.5482959717458],[-1.73602603111674,51.5485207561338],[-1.73566548866503,51.5485199437676],[-1.73566418133658,51.5487447281404],[-1.73566287399135,51.5489695125046],[-1.73530232806016,51.5489686990176],[-1.73530101894999,51.5491934833667],[-1.73529970982302,51.549418267707],[-1.73493916041227,51.5494174530992],[-1.73493784952029,51.5496422374244],[-1.7345773007292,51.5496414220106],[-1.73457598810244,51.5498662063222],[-1.73457467545902,51.550090990625],[-1.73421412593421,51.5500901744401],[-1.73421281155115,51.5503149587258],[-1.73385226032005,51.5503141414245],[-1.7338509449036,51.550538925679],[-1.73349039195176,51.5505381072614],[-1.73312983901676,51.5505372877358],[-1.73312852217394,51.5507620719215],[-1.73312720531424,51.5509868560986],[-1.73312588843766,51.551211640267],[-1.7331245715442,51.5514364244267],[-1.73276401166553,51.5514356037553],[-1.732762693015,51.5516603878968],[-1.73312325463385,51.5516612085778],[-1.73312193770663,51.5518859927202],[-1.73276137434756,51.5518851720297],[-1.73276005566321,51.5521099561539],[-1.73275873696196,51.5523347402694],[-1.73239817013929,51.552333918452],[-1.73239684968085,51.5525587025493],[-1.73239552920549,51.552783486638],[-1.73203495891914,51.5527826636936],[-1.73203363668652,51.5530074477641],[-1.73203231443695,51.5532322318258],[-1.73167174068686,51.5532314077544],[-1.73167041667997,51.553456191798],[-1.7316690926561,51.5536809758329],[-1.7313085154422,51.5536801506344],[-1.73130718966095,51.5539049346511],[-1.73130586386269,51.5541297186591],[-1.73094528318492,51.5541288923336],[-1.7309439556292,51.5543536763234],[-1.73094262805647,51.5545784603045],[-1.73058204391475,51.5545776328518],[-1.73058071458448,51.5548024168147],[-1.73022012871928,51.5548015882444],[-1.73021879763145,51.555026372189],[-1.73057938523718,51.5550272007689],[-1.73093997285993,51.5550280282407],[-1.73130056049967,51.5550288546044],[-1.73129923461641,51.5552536385691],[-1.73129790871616,51.555478422525],[-1.731658499854,51.5554792477998],[-1.73165717567733,51.5557040317566],[-1.73165585148369,51.5559288157048],[-1.73165452727306,51.5561535996443],[-1.73165320304546,51.556378383575],[-1.73165187880088,51.5566031674972],[-1.73165055453931,51.5568279514106],[-1.73164923026077,51.5570527353154],[-1.73164790596525,51.5572775192115],[-1.73200851104543,51.5572783434544],[-1.7320071884737,51.5575031273514],[-1.73164658165274,51.5575023030989],[-1.73164525732326,51.5577270869776],[-1.73200586588501,51.5577279112396],[-1.73200454327937,51.5579526951192],[-1.73200322065676,51.5581774789902],[-1.73236383271712,51.558178302163],[-1.73236251181842,51.5584030860348],[-1.73236119090279,51.5586278698979],[-1.7323598702021,51.5588526537349],[-1.7323585506083,51.5590774374785],[-1.73235723099734,51.5593022212135],[-1.7323559113692,51.5595270049399],[-1.73235459172388,51.5597517886576],[-1.73235327206139,51.5599765723666],[-1.73235195238172,51.5602013560669],[-1.73235063268488,51.5604261397586],[-1.73234931297085,51.5606509234416],[-1.73270994446686,51.5606517455987],[-1.73270862650894,51.5608765292812],[-1.73234799323966,51.560875707116],[-1.73234667349128,51.5611004907816],[-1.73234535372573,51.5613252744387],[-1.73270599054166,51.56132609662],[-1.73270467253228,51.5615508802764],[-1.73270335450576,51.5617756639242],[-1.73306399488554,51.5617764850133],[-1.73306267861525,51.5620012686605],[-1.73306136232784,51.562226052299],[-1.73306004602329,51.5624508359288],[-1.73342069174044,51.5624516559337],[-1.73342200627154,51.5622268722959],[-1.73342332078554,51.5620020886493],[-1.73342463528242,51.5617773049942],[-1.73378527569637,51.5617781238666],[-1.73378658840277,51.5615533401947],[-1.7341472270604,51.5615541579509],[-1.73450786573505,51.5615549745987],[-1.73486850536182,51.5615557903396],[-1.73522914681295,51.5615566053618],[-1.73558978828054,51.5615574192757],[-1.73595042976456,51.5615582320813],[-1.73631107126499,51.5615590437785],[-1.7366717127818,51.5615598543675],[-1.73703235431498,51.5615606638481],[-1.7373929958645,51.5615614722204],[-1.73775363743034,51.5615622794844],[-1.73811427901248,51.5615630856401],[-1.7384749206109,51.5615638906874],[-1.73883556222558,51.5615646946265],[-1.73883685088985,51.5613399108239],[-1.73883813953787,51.5611151270127],[-1.7391987777617,51.5611159298254],[-1.73955941600174,51.5611167315299],[-1.73992005425797,51.561117532126],[-1.74028069253036,51.5611183316138],[-1.74027941069646,51.561343115461],[-1.74064005068852,51.5613439138495],[-1.74100069069672,51.5613447111297],[-1.74100196912357,51.5611199272646],[-1.74136260744433,51.5611207234275],[-1.74136388415155,51.5608959395447],[-1.74172452078489,51.5608967345904],[-1.74172579577252,51.56067195069],[-1.74172707074407,51.560447166781],[-1.74136643751767,51.5604463717532],[-1.74136771417658,51.5602215878444],[-1.7410070826697,51.5602207917173],[-1.74064645117893,51.5602199944819],[-1.74028581970427,51.5602191961383],[-1.74028710145732,51.5599944122477],[-1.73992647170222,51.5599936128048],[-1.73992775514249,51.5597688289146],[-1.73992903856657,51.5595440450157],[-1.73993032197446,51.5593192611081],[-1.73993160536615,51.5590944771918],[-1.7402922283078,51.5590952765988],[-1.74029350998,51.5588704926649],[-1.7406541312345,51.5588712909547],[-1.74101475250511,51.5588720881363],[-1.74101347423952,51.5590968720881],[-1.74137409722954,51.5590976681705],[-1.74137537379182,51.5588728842097],[-1.74137665155221,51.5586481001813],[-1.74137792972632,51.5584233161235],[-1.74137920788436,51.5581985320571],[-1.74138048602632,51.557973747982],[-1.74138176415221,51.5577489638982],[-1.74174237695237,51.5577497588271],[-1.74174365336312,51.5575249747275],[-1.74174492975781,51.5573001906192],[-1.74174620613646,51.5570754065022],[-1.7421068138555,51.5570762003014],[-1.74210808851909,51.5568514161686],[-1.74210936316666,51.5566266320271],[-1.7421106377982,51.556401847877],[-1.74211191241371,51.5561770637182],[-1.74247251335287,51.5561778563804],[-1.74247378625344,51.5559530722058],[-1.74247505913801,51.5557282880225],[-1.74283565669534,51.5557290795623],[-1.74283692786503,51.5555042953632],[-1.74283819901874,51.5552795111554],[-1.74283947015647,51.5550547269389],[-1.74284074127822,51.5548299427138],[-1.74284201238399,51.55460515848],[-1.74320260146314,51.5546059488759],[-1.74320387085418,51.5543811646263],[-1.74320514022925,51.554156380368],[-1.74320640958837,51.5539315961011],[-1.74320767893153,51.5537068118255],[-1.74356826123171,51.5537076010847],[-1.74356952886024,51.5534828167933],[-1.74393010947766,51.5534836049373],[-1.74393137539161,51.5532588206301],[-1.74393264128965,51.5530340363142],[-1.74357206406951,51.5530332481846],[-1.74357333165025,51.5528084638672],[-1.74357459921505,51.5525836795412],[-1.74357586676392,51.5523588952065],[-1.74357713429686,51.5521341108631],[-1.74357840181387,51.5519093265111],[-1.74321783310245,51.5519085373093],[-1.74321910230203,51.5516837529558],[-1.74357966931495,51.5516845421505],[-1.74358093680009,51.5514597577811],[-1.74322037148564,51.5514589685936],[-1.74322164065331,51.5512341842228],[-1.74322290980502,51.5510093998433],[-1.74322417894078,51.5507846154552],[-1.74322544806059,51.5505598310584],[-1.74358600658137,51.5505606202173],[-1.74358727502128,51.550335835784],[-1.74322671823706,51.5503350466316],[-1.74322798896919,51.5501102621848],[-1.74358854400513,51.5501110513309],[-1.74358981297269,51.5498862668691],[-1.74359108192398,51.5496614823987],[-1.74359235085898,51.5494366979196],[-1.74395290066649,51.549437485939],[-1.74395416783703,51.5492127014449],[-1.74395543499131,51.5489879169422],[-1.74431598131871,51.5489887038411],[-1.74431724670859,51.5487639193235],[-1.74431851208224,51.5485391347972],[-1.74467905492961,51.5485399205757],[-1.74468031853892,51.5483151360345],[-1.74468158213203,51.5480903514846],[-1.74504212149943,51.5480911361427],[-1.74504338332827,51.5478663515779],[-1.74504464514092,51.5476415670045],[-1.74540518102842,51.5476423505423],[-1.74540644107688,51.5474175659539],[-1.74540770110918,51.5471927813569],[-1.74540896112531,51.5469679967512],[-1.74576949178501,51.5469687791625],[-1.74577075003704,51.5467439945419],[-1.74613127896494,51.5467447758391],[-1.74649180790894,51.5467455560286],[-1.74685233686904,51.5467463351103],[-1.74721286584519,51.5467471130843],[-1.74757339483739,51.5467478899505],[-1.74793392384562,51.546748665709],[-1.747935171594,51.5465238810424],[-1.7482956988703,51.5465246556869],[-1.74829694485479,51.5462998710055],[-1.7482981908233,51.5460750863154],[-1.7486587146198,51.5460758598398],[-1.74901923843226,51.5460766322565],[-1.74902048088909,51.5458518475454],[-1.74865995882448,51.5458510751349],[-1.7486612030132,51.5456262904214],[-1.74866244718596,51.5454015056991],[-1.74902296575494,51.5454022780973],[-1.74938348433984,51.5454030493878],[-1.74974400294064,51.5454038195705],[-1.7497427640113,51.5456286043112],[-1.75010328437579,51.5456293733924],[-1.75046380475614,51.5456301413659],[-1.75082432515233,51.5456309082317],[-1.75082309145058,51.5458556929822],[-1.75118361361042,51.5458564587464],[-1.75154413625651,51.5458572233786],[-1.75190465971666,51.5458579868617],[-1.75190343127247,51.5460827716216],[-1.75226395652137,51.5460835340028],[-1.75262448178616,51.5460842952763],[-1.7526257066847,51.5458595105047],[-1.75226518319274,51.545858749237],[-1.75226640984821,51.5456339644626],[-1.75190588814494,51.545633202093],[-1.75154536645759,51.5456324386157],[-1.75154659664272,51.5454076538443],[-1.75154782681191,51.5451828690641],[-1.75118730942479,51.5451821044507],[-1.75082679250837,51.5451813387048],[-1.75046627560777,51.5451805718513],[-1.75046751100982,51.544955787081],[-1.75046874639603,51.5447310023021],[-1.75010823300677,51.5447302343531],[-1.74974771963336,51.5447294652965],[-1.74938720627584,51.5447286951322],[-1.74902669293421,51.5447279238602],[-1.74866617960852,51.5447271514806],[-1.74830566629877,51.5447263779933],[-1.747945153005,51.5447256033983],[-1.74794390538463,51.5449503881341],[-1.74758339035912,51.5449496124253],[-1.74758463972722,51.5447248276957],[-1.7475858890793,51.5445000429574],[-1.74758713841536,51.5442752582105],[-1.74758838773539,51.544050473455],[-1.7479488957701,51.544051249139],[-1.7483094038208,51.5440520237155],[-1.74866991188747,51.5440527971842],[-1.74903041997009,51.5440535695453],[-1.74939092806864,51.5440543407988],[-1.74975143618309,51.5440551109446],[-1.74975267500123,51.5438303261433],[-1.74975391380348,51.5436055413334],[-1.75011441843854,51.5436063103593],[-1.75047492308946,51.5436070782775],[-1.75083542775621,51.5436078450881],[-1.75119593243878,51.5436086107911],[-1.75119716423474,51.543383825948],[-1.75155766759145,51.5433845905118],[-1.75191817155202,51.5433853539309],[-1.75227867552852,51.5433861162424],[-1.75227990200911,51.5431613313728],[-1.75264040422894,51.543162092571],[-1.75300090646464,51.5431628526614],[-1.75336140871619,51.5431636116443],[-1.75336018755325,51.5433883965313],[-1.75335896637448,51.5436131814096],[-1.75371947218698,51.5436139392964],[-1.75407997801527,51.5436146960756],[-1.75444048385934,51.5436154517471],[-1.75444169972038,51.5433906668515],[-1.75480220380763,51.5433914214097],[-1.75516270791061,51.5433921748603],[-1.7555232120293,51.5433929272032],[-1.75588371616367,51.5433936784385],[-1.75588250739294,51.543618463357],[-1.75624301331555,51.5436192134904],[-1.75624422031371,51.5433944285662],[-1.75660472447938,51.5433951775862],[-1.75696522866067,51.5433959254987],[-1.75732573285755,51.5433966723035],[-1.75768623707,51.5433974180007],[-1.75804674129799,51.5433981625902],[-1.75804793941774,51.543173377629],[-1.7584084418887,51.5431741211053],[-1.75876894437517,51.5431748634739],[-1.75912944687711,51.543175604735],[-1.75948994939451,51.5431763448884],[-1.75949114040859,51.542951559896],[-1.75985164116888,51.5429522989362],[-1.76021214194459,51.5429530368688],[-1.76057264273568,51.5429537736938],[-1.76057382841679,51.5427289886758],[-1.76093432745073,51.5427297243876],[-1.76093551134399,51.5425049393555],[-1.7609366952219,51.5422801543146],[-1.76093787929432,51.542055369265],[-1.7612983730156,51.5420561038516],[-1.76129955557222,51.5418313187853],[-1.76130073811339,51.5416065337104],[-1.76166122826203,51.5416072671737],[-1.76166240899372,51.5413824820824],[-1.7613019206391,51.5413817486268],[-1.76094143229993,51.5413810140638],[-1.76058094397625,51.5413802783932],[-1.76022045566807,51.5413795416151],[-1.75985996737543,51.5413788037294],[-1.75949947909833,51.5413780647363],[-1.75913899083681,51.5413773246355],[-1.75877850259089,51.5413765834273],[-1.75877730750708,51.5416013684559],[-1.75841681748277,51.5416006261323],[-1.7580563274741,51.5415998827011],[-1.75805752614594,51.5413750976883],[-1.7580587248021,51.5411503126668],[-1.75805992344259,51.5409255276366],[-1.75806112206742,51.5407007425978],[-1.75770063925033,51.5406999980907],[-1.75769943883156,51.5409247831216],[-1.75733895423622,51.5409240374991],[-1.7573377520078,51.5411488225134],[-1.75697726563421,51.5411480757755],[-1.75697606159608,51.5413728607732],[-1.75661557344424,51.5413721129198],[-1.75661436759635,51.541596897901],[-1.75625387766626,51.5415961489321],[-1.75625267000858,51.5418209338967],[-1.75589217830024,51.5418201838123],[-1.75553168660771,51.5418194326204],[-1.75553289785346,51.5415946476718],[-1.75553410908338,51.5413698627144],[-1.75517362099473,51.5413691104309],[-1.7551748340028,51.5411443254729],[-1.75517604699502,51.5409195405062],[-1.75517725997138,51.5406947555308],[-1.75517847293189,51.5404699705468],[-1.75517968587654,51.5402451855541],[-1.75518089880534,51.5400204005528],[-1.75554137613042,51.5400211527885],[-1.75590185347132,51.5400219039168],[-1.75590306279657,51.5397971188908],[-1.75554258724951,51.5397963677705],[-1.75518211171829,51.5397956155428],[-1.75518332461538,51.5395708305241],[-1.75482285089383,51.5395700771969],[-1.75482406556887,51.5393452921775],[-1.754463593657,51.5393445377508],[-1.75446481010994,51.5391197527307],[-1.75446602654698,51.538894967702],[-1.75446724296813,51.5386701826646],[-1.75446845937337,51.5384453976186],[-1.75446967576272,51.5382206125639],[-1.75447089213617,51.5379958275005],[-1.75483135328572,51.5379965818793],[-1.75483256784963,51.5377717967993],[-1.75519302722141,51.5377725500628],[-1.75519423997583,51.5375477649661],[-1.75555469756985,51.5375485171142],[-1.75555590851482,51.5373237320009],[-1.75591636433107,51.5373244830337],[-1.75591757346665,51.5370996979038],[-1.75627802750514,51.5371004478213],[-1.75627923483136,51.5368756626747],[-1.75663968709208,51.5368764114769],[-1.756640892609,51.5366516263138],[-1.75628044214181,51.5366508775196],[-1.7559199916904,51.536650127618],[-1.75592120077856,51.5364253424621],[-1.75556075213646,51.5364245914611],[-1.7555619630023,51.5361998063045],[-1.75520151616949,51.5361990542042],[-1.75520272881296,51.5359742690469],[-1.75520394144058,51.5357494838809],[-1.7555643846865,51.5357502359653],[-1.75556559550487,51.5355254507827],[-1.7559260369732,51.5355262017518],[-1.75592724598236,51.5353014165526],[-1.75628768567311,51.5353021664065],[-1.7562888928731,51.5350773811907],[-1.75664933078627,51.5350781299293],[-1.7570097687152,51.5350788775607],[-1.75737020665985,51.5350796240848],[-1.75773064462021,51.5350803695017],[-1.75809108259626,51.5350811138112],[-1.75845152058797,51.5350818570135],[-1.75845032414816,51.5353066422768],[-1.75881076394886,51.5353073843797],[-1.7588095692868,51.5355321696422],[-1.75917001089651,51.5355329106457],[-1.75916881801224,51.5357576959074],[-1.75916762511237,51.5359824811605],[-1.75952807032452,51.5359832210724],[-1.75952687920252,51.5362080063247],[-1.75952568806494,51.5364327915683],[-1.7595244969118,51.5366575768033],[-1.75952330574308,51.5368823620296],[-1.75916285335697,51.5368816220863],[-1.75916166037913,51.537106407296],[-1.75916046738569,51.5373311924971],[-1.75880001142805,51.5373304514307],[-1.75843955548602,51.5373297092568],[-1.7584383588898,51.5375544944335],[-1.75843716227794,51.5377792796015],[-1.75807670276434,51.5377785363046],[-1.75771624326641,51.5377777919002],[-1.75771504305162,51.5380025770437],[-1.75771384282114,51.5382273621786],[-1.75771264257497,51.5384521473049],[-1.75735217771173,51.5384514017694],[-1.75735097565616,51.538676186879],[-1.75734977358488,51.53890097198],[-1.75734857149789,51.5391257570724],[-1.75734736939518,51.539350542156],[-1.75770784143341,51.5393512877232],[-1.75770664110879,51.5395760728061],[-1.75806711495651,51.5395768172737],[-1.75806591641003,51.5398016023558],[-1.75806471784788,51.5400263874293],[-1.75806351927006,51.5402511724941],[-1.75806232067657,51.5404759575503],[-1.75842280171541,51.540476700942],[-1.75842399851499,51.5402519158779],[-1.75878447777558,51.5402526581543],[-1.75878567276565,51.5400278730737],[-1.75914615024797,51.5400286142346],[-1.7595066277459,51.5400293542881],[-1.75986710525939,51.5400300932341],[-1.76022758278844,51.5400308310727],[-1.76022877058748,51.539806045952],[-1.75986829485229,51.5398053081213],[-1.75950781913264,51.5398045691831],[-1.75914734342857,51.5398038291375],[-1.75878686774009,51.5398030879844],[-1.75878806269892,51.5395783028865],[-1.75878925764212,51.5393535177799],[-1.75914972974297,51.5393542589172],[-1.75915092287677,51.5391294737941],[-1.75951139319943,51.5391302138161],[-1.75951258452387,51.5389054286765],[-1.75987305306834,51.5389061675832],[-1.75987424258348,51.538681382427],[-1.76023470934976,51.5386821202184],[-1.76023589705563,51.5384573350457],[-1.76023708474598,51.5382325498644],[-1.76059754794039,51.5382332865327],[-1.76059873382154,51.5380085013348],[-1.76095919523778,51.538009236888],[-1.76096037930978,51.5377844516736],[-1.76132083894786,51.5377851861115],[-1.76132202121076,51.5375604008806],[-1.76168247907067,51.5375611342033],[-1.76204293694601,51.5375618664186],[-1.76240339483676,51.5375625975265],[-1.76276385274289,51.5375633275271],[-1.76276267765447,51.5377881127891],[-1.76312313736959,51.5377888416901],[-1.76348359710004,51.5377895694836],[-1.76348476860122,51.537564784206],[-1.76384522655336,51.5375655108844],[-1.76384405684581,51.5377902961698],[-1.76420451660687,51.5377910217486],[-1.7642056845208,51.5375662364555],[-1.76420685241946,51.5373414511537],[-1.76456730860856,51.5373421756096],[-1.76492776481291,51.5373428989581],[-1.76492660050145,51.5375676842754],[-1.76492543617477,51.5377924695839],[-1.76528589598157,51.5377931918406],[-1.76564635580356,51.5377939129898],[-1.76564751654299,51.5375691276657],[-1.76600797458654,51.5375698476999],[-1.76600681564073,51.5377946330316],[-1.76600565667976,51.5380194183547],[-1.76600449770364,51.5382442036691],[-1.76636496114328,51.5382449226189],[-1.7663638039457,51.5384697079324],[-1.76600333871237,51.5384689889748],[-1.76600217970593,51.5386937742719],[-1.76600102068435,51.5389185595603],[-1.76564055187871,51.53891783948],[-1.7656393910482,51.539142624752],[-1.76527892046398,51.5391419035565],[-1.76528008308825,51.5389171182922],[-1.76491961431299,51.5389163959969],[-1.76491844989495,51.5391411812536],[-1.76455797934115,51.5391404578432],[-1.7641975088026,51.5391397333253],[-1.76419634078177,51.5393645185578],[-1.7638358684647,51.5393637929247],[-1.76383703827931,51.5391390077],[-1.76347656777132,51.5391382809673],[-1.76347539616292,51.5393630661842],[-1.76311492387646,51.5393623383363],[-1.76311375045893,51.5395871235368],[-1.76311257702606,51.5398119087287],[-1.76347305290016,51.5398126365922],[-1.76383352878957,51.5398133633482],[-1.76419400469428,51.5398140889967],[-1.76455448061426,51.5398148135378],[-1.76491495654949,51.5398155369714],[-1.76527543249994,51.5398162592975],[-1.76527426981486,51.5400410445272],[-1.76563474757437,51.5400417657536],[-1.76599522534905,51.5400424858725],[-1.7663557031389,51.5400432048839],[-1.76671618094387,51.5400439227879],[-1.7667150254191,51.5402687080397],[-1.76671386987921,51.5404934932829],[-1.76671271432422,51.5407182785174],[-1.76707319752601,51.5407189953369],[-1.76707204374985,51.5409437805705],[-1.76671155875411,51.5409430637433],[-1.7667104031689,51.5411678489605],[-1.76707088995861,51.5411685657953],[-1.76706973615227,51.5413933510115],[-1.76743022475107,51.5413940667466],[-1.76779071336493,51.5413947813741],[-1.7681512020127,51.5413954948973],[-1.76851169074667,51.5413962073254],[-1.76887217949554,51.5413969186459],[-1.76923266825929,51.5413976288588],[-1.76923152515387,51.5416224141034],[-1.76959201571157,51.5416231232137],[-1.7699525062841,51.5416238312165],[-1.77031299687143,51.5416245381116],[-1.77067348747355,51.5416252438992],[-1.77067235146979,51.5418500291547],[-1.77067121545126,51.5420748144014],[-1.77067007945186,51.5422995996276],[-1.77103057540406,51.5423003043246],[-1.77102944118238,51.5425250895448],[-1.77102830694598,51.5427498747564],[-1.77138880646452,51.542750578363],[-1.77174930599774,51.542751280862],[-1.7717504366825,51.5425264956333],[-1.77211093445458,51.5425271970162],[-1.7724714322413,51.5425278972915],[-1.77283193004265,51.5425285964592],[-1.77319242785859,51.5425292945194],[-1.77319130427712,51.5427540797822],[-1.77319018068106,51.5429788650363],[-1.77318905707042,51.5432036502817],[-1.7731879334452,51.5434284355185],[-1.77354843837915,51.5434291325052],[-1.77390894332765,51.5434298283842],[-1.77390782323967,51.5436546136293],[-1.77390670313715,51.5438793988657],[-1.7739055830201,51.5441041840935],[-1.77390446288851,51.5443289693126],[-1.77354395083621,51.5443282733996],[-1.77354282891408,51.5445530586016],[-1.77390334274238,51.5445537545231],[-1.77390222258171,51.5447785397249],[-1.77426273820058,51.5447792345472],[-1.77426161980143,51.5450040197488],[-1.77426050138776,51.5452288049418],[-1.77425938295957,51.5454535901261],[-1.77461990392118,51.5454542838662],[-1.7746187872546,51.5456790690503],[-1.77497931000681,51.5456797616912],[-1.77498042489727,51.5454549764986],[-1.77534094588783,51.5454556680234],[-1.77534205898772,51.5452308828137],[-1.77570257821662,51.5452315732224],[-1.77606309745994,51.5452322625233],[-1.77606198791225,51.5454570477499],[-1.77606087835016,51.5456818329678],[-1.77570035555462,51.54568114365],[-1.77569924420198,51.5459059288508],[-1.77605976877367,51.5459066181771],[-1.77642029335976,51.5459073063957],[-1.7764214011601,51.545682521178],[-1.77678192398442,51.5456832082804],[-1.77714244682309,51.5456838942752],[-1.77714134257503,51.5459086795097],[-1.77750186720417,51.5459093644052],[-1.77750296967608,51.5456845791622],[-1.77750407213368,51.5454597939106],[-1.77786459322485,51.5454604776815],[-1.77786569389204,51.5452356924128],[-1.77786679454494,51.5450109071354],[-1.77822731209822,51.5450115897819],[-1.77822841096079,51.5447868044875],[-1.77786789518356,51.5447861218494],[-1.7778689958079,51.5445613365547],[-1.77787009641794,51.5443365512513],[-1.77787119701371,51.5441117659393],[-1.77787229759519,51.5438869806186],[-1.77751178893623,51.5438862969065],[-1.77751289127937,51.5436615115855],[-1.7775139936082,51.5434367262559],[-1.7771534885154,51.5434360414529],[-1.77679298343693,51.5434353555424],[-1.77643247837281,51.5434346685243],[-1.77607197332306,51.5434339803985],[-1.77607308274115,51.5432091950939],[-1.77643358601501,51.5432098832112],[-1.77643469364284,51.5429850978895],[-1.77643580125629,51.5427603125592],[-1.77643690885536,51.5425355272201],[-1.77643801644006,51.5423107418724],[-1.77607752026954,51.5423100537889],[-1.77571702411342,51.5423093645977],[-1.77535652797171,51.542308674299],[-1.77499603184444,51.5423079828927],[-1.77463553573163,51.5423072903789],[-1.77463665218472,51.5420825050717],[-1.77427615786323,51.5420818114577],[-1.77427727609024,51.541857026163],[-1.7742783943027,51.5416322408595],[-1.77463888506591,51.541632934464],[-1.77464000148474,51.5414081491472],[-1.77427951250064,51.5414074555475],[-1.77428063068404,51.5411826702268],[-1.77428174885291,51.5409578848974],[-1.77428286700725,51.5407330995594],[-1.77392238337487,51.5407324048665],[-1.77392350329369,51.5405076195246],[-1.77428398514706,51.5405083142128],[-1.77464446701495,51.5405090077935],[-1.77464558336123,51.5402842224334],[-1.77500606346464,51.5402849149019],[-1.77536654358253,51.5402856062628],[-1.77536765635637,51.5400608208846],[-1.77572813470975,51.5400615111333],[-1.77572924569017,51.5398367257418],[-1.77608972227904,51.5398374148783],[-1.7760908314661,51.5396126294734],[-1.77645130629045,51.5396133174977],[-1.77681178112919,51.5396140044145],[-1.7771722559823,51.5396146902238],[-1.77753273084975,51.5396153749256],[-1.77789320573151,51.53961605852],[-1.77789430600965,51.539391273083],[-1.77789540627349,51.5391664876374],[-1.77789650652303,51.5389417021831],[-1.7775360369779,51.5389410186028],[-1.77753713899197,51.5387162331446],[-1.77753824099172,51.5384914476777],[-1.7778987069792,51.5384921312487],[-1.77825917298098,51.5384928137122],[-1.77825807453886,51.5387175991884],[-1.77861854233372,51.5387182805492],[-1.77897901014283,51.5387189608025],[-1.77897791524409,51.5389437462794],[-1.77897682033112,51.5391685317476],[-1.77897572540393,51.5393933172072],[-1.7789746304625,51.5396181026581],[-1.77897353550684,51.5398428881004],[-1.77897244053695,51.5400676735341],[-1.77897134555283,51.5402924589591],[-1.77897025055447,51.5405172443754],[-1.77896915554189,51.5407420297832],[-1.77896806051507,51.5409668151822],[-1.77860757491658,51.5409661348825],[-1.77860647809647,51.5411909202682],[-1.77824599073316,51.5411902388563],[-1.77824489211971,51.5414150242288],[-1.77824379349197,51.5416398095926],[-1.77860428441347,51.5416404910139],[-1.7786053812621,51.5414157056454],[-1.77896587041874,51.5414163859545],[-1.77896696547402,51.5411916005727],[-1.7793274528658,51.5411922797696],[-1.77932854612779,51.5409674943745],[-1.77968903175471,51.5409681724592],[-1.77969012322344,51.5407433870508],[-1.7800506070855,51.5407440640234],[-1.78005169676103,51.5405192786018],[-1.78041217885823,51.5405199544622],[-1.78077266096957,51.5405206292151],[-1.78113314309502,51.5405213028605],[-1.78149362523455,51.5405219753984],[-1.7814925426751,51.5407467608383],[-1.78113205875655,51.5407460882959],[-1.78113097440398,51.5409708737227],[-1.78149146010158,51.5409715462697],[-1.78149037751399,51.5411963316924],[-1.78185086500473,51.5411970031365],[-1.7822113525095,51.541197673473],[-1.78221027346602,51.5414224588962],[-1.78257076276391,51.5414231281297],[-1.78256968548551,51.5416479135489],[-1.78256860819311,51.5418726989593],[-1.78292910106325,51.5418733670944],[-1.78292802553601,51.5420981525008],[-1.78292694994439,51.5423229379829],[-1.783287446384,51.5423236050227],[-1.78364794283755,51.542324270955],[-1.7836468707689,51.5425490564696],[-1.78364579868635,51.5427738419755],[-1.78364472658987,51.5429986274727],[-1.78400522838482,51.5429992923222],[-1.7840041580503,51.543224077819],[-1.7840030877019,51.5434488633072],[-1.7840020173396,51.5436736487867],[-1.78400094696342,51.5438984342575],[-1.78364043806484,51.5438977693751],[-1.78327992918017,51.543897103385],[-1.78327885523816,51.5441218888307],[-1.78327778128221,51.5443466742677],[-1.78291726885952,51.5443460071535],[-1.78291619311362,51.5445707925736],[-1.78327670731232,51.5445714596961],[-1.78363722152495,51.5445721257109],[-1.78363614931716,51.5447969111389],[-1.78363507709545,51.5450216965581],[-1.78399559487409,51.5450223614818],[-1.78399666531974,51.5447975760543],[-1.78435718133621,51.5447982398621],[-1.78435611266662,51.5450230252979],[-1.78435504398316,51.545247810725],[-1.78435397528582,51.5454725961434],[-1.78435290657462,51.5456973815532],[-1.78471342970933,51.5456980442862],[-1.7850739526178,51.5456987060145],[-1.78543447552022,51.5456993666436],[-1.78543553890182,51.5454745812201],[-1.78579606004169,51.5454752407387],[-1.78615658119533,51.5454758991496],[-1.78651710236272,51.5454765564528],[-1.78687762354384,51.5454772126482],[-1.78723814473867,51.545477867736],[-1.78759866594718,51.545478521716],[-1.78795918716936,51.5454791745882],[-1.78831970840517,51.5454798263528],[-1.78868022965459,51.5454804770096],[-1.78904075091761,51.5454811265587],[-1.7894012721942,51.5454817750001],[-1.78976179348433,51.5454824223337],[-1.78976075141906,51.5457072077891],[-1.79012127449908,51.5457078540176],[-1.79048179759259,51.5457084991384],[-1.79084232069959,51.5457091431514],[-1.79120284382003,51.5457097860567],[-1.79120180884678,51.5459345715138],[-1.79156233375704,51.5459352133139],[-1.79192285868072,51.5459358540063],[-1.79228338361777,51.545936493591],[-1.79264390856819,51.5459371320679],[-1.79300443353195,51.545937769437],[-1.79336495850902,51.5459384056985],[-1.79372548349939,51.5459390408521],[-1.79372446094757,51.5461638263183],[-1.79408498772762,51.5461644603667],[-1.79444551452091,51.5461650933073],[-1.79444449550869,51.5463898787699],[-1.79480502409164,51.5463905106052],[-1.79516555268779,51.5463911413329],[-1.79552608129712,51.5463917709528],[-1.79588660991961,51.5463923994649],[-1.79624713855523,51.5463930268692],[-1.79660766720395,51.5463936531658],[-1.79660665883725,51.5466184386344],[-1.79660565045746,51.5468432240944],[-1.79660464206457,51.5470680095457],[-1.7962441080864,51.5470673832418],[-1.7962430979039,51.5472921686821],[-1.7966036336586,51.5472927949884],[-1.79696416942638,51.5472934201869],[-1.79696316278387,51.5475182056234],[-1.79696215612829,51.5477429910513],[-1.79732269546226,51.5477436151469],[-1.79768323480928,51.5477442381346],[-1.79768223169382,51.5479690235587],[-1.79804277283046,51.547969645441],[-1.79840331398008,51.5479702662155],[-1.79840231440485,51.5481950516358],[-1.79876285734407,51.5481956713048],[-1.7987618595325,51.5484204567188],[-1.79912240426132,51.5484210752824],[-1.79912140821347,51.5486458606902],[-1.79948195473188,51.5486464781483],[-1.79948096044778,51.5488712635497],[-1.79984150875579,51.5488718799024],[-1.7998405162355,51.5490966652975],[-1.8002010663331,51.5490972805447],[-1.80020007557667,51.5493220659336],[-1.80056062746387,51.5493226800751],[-1.8009211793639,51.5493232931088],[-1.80092019214812,51.5495480784938],[-1.80128074583773,51.5495486904219],[-1.80164129925887,51.5495493013531],[-1.80164228292061,51.5493245159615],[-1.80200283442859,51.5493251258379],[-1.80200185254261,51.5495499112357],[-1.80236240583909,51.5495505200104],[-1.80236142571615,51.5497753054057],[-1.80272198080112,51.5497759130787],[-1.80308253589878,51.5497765196439],[-1.80308155931473,51.5500013050429],[-1.80344211620086,51.5500019105063],[-1.80344114137995,51.5502266959028],[-1.80380170005456,51.5502273002645],[-1.80380072699685,51.5504520856585],[-1.80416128745992,51.5504526889184],[-1.80416031611711,51.5506774743996],[-1.80452087836789,51.5506780765569],[-1.80451990878069,51.5509028620473],[-1.8045189391809,51.551127647529],[-1.80451796956854,51.5513524330021],[-1.80415740199209,51.5513518308303],[-1.80415643059188,51.5515766162899],[-1.80415545917907,51.5518014017409],[-1.80415448775366,51.5520261871832],[-1.80451506065599,51.5520267893695],[-1.80451603030608,51.5518020039223],[-1.8045169999436,51.5515772184665],[-1.8048775693079,51.5515778195352],[-1.80487853715757,51.5513530340659],[-1.80523910475915,51.5513536340218],[-1.80524007082102,51.5511288485391],[-1.80560063665988,51.5511294473822],[-1.805601600934,51.550904661886],[-1.8056025651956,51.5506798763812],[-1.80596312749655,51.5506804741068],[-1.80632368980998,51.5506810707244],[-1.80632272909877,51.5509058562388],[-1.80668329319985,51.5509064517534],[-1.8066823342514,51.5511312372639],[-1.80668137529051,51.5513560227658],[-1.80668041631718,51.551580808259],[-1.80631984689036,51.5515802127302],[-1.8063188861293,51.55180499821],[-1.80631792535577,51.5520297836811],[-1.80631696456978,51.5522545691437],[-1.80667753932255,51.5522551646869],[-1.80667658029946,51.5524799501455],[-1.80667562126393,51.5527047355956],[-1.80667466221595,51.552929521037],[-1.80667370315554,51.5531543064697],[-1.80667274408268,51.5533790918938],[-1.80667178499738,51.5536038773092],[-1.8070323704151,51.5536044717731],[-1.80739295584523,51.5536050651289],[-1.80775354128776,51.5536056573766],[-1.80775449504663,51.5533808719469],[-1.80739391137958,51.5533802797039],[-1.80739486690153,51.5531554942703],[-1.80739582241108,51.552930708828],[-1.80703524230731,51.5529301154865],[-1.80703619957988,51.5527053300403],[-1.80703715684003,51.5524805445855],[-1.80703811408776,51.5522557591221],[-1.80703907132307,51.55203097365],[-1.80704002854597,51.5518061881693],[-1.80704098575644,51.5515814026799],[-1.8070419429545,51.5513566171819],[-1.80704290014015,51.5511318316752],[-1.8074034660413,51.5511324249787],[-1.80776403195485,51.5511330171742],[-1.80812459788077,51.5511336082617],[-1.80812364602086,51.5513583937826],[-1.80848421373437,51.551358983767],[-1.80848326363739,51.551583769284],[-1.80848231352808,51.5518085547923],[-1.80884288480447,51.5518091436782],[-1.80920345609316,51.5518097314561],[-1.80956402739413,51.551810318126],[-1.80956308259845,51.5520351036399],[-1.80956213779051,51.5522598891451],[-1.80956119297031,51.5524846746417],[-1.80992176960955,51.5524852602177],[-1.80992082655248,51.5527100457103],[-1.80991988348318,51.5529348311943],[-1.80991894040165,51.5531596166697],[-1.80991799730788,51.5533844021364],[-1.80991705420188,51.5536091875944],[-1.80991611108364,51.5538339730439],[-1.80955552379174,51.5538333874396],[-1.80955457888574,51.5540581728757],[-1.80991516795316,51.5540587584846],[-1.81027575703282,51.5540593429855],[-1.81063634612469,51.5540599263784],[-1.81063728570411,51.5538351409282],[-1.81099787303264,51.5538357232083],[-1.81099881082437,51.5536109377449],[-1.81135939638956,51.5536115189123],[-1.81135846037332,51.5538363043804],[-1.81171904772615,51.5538368844444],[-1.8117181134733,51.5540616699086],[-1.81207870261377,51.5540622488692],[-1.8120796350911,51.5538374634004],[-1.81208056755632,51.553612677923],[-1.81244115315786,51.5536132557663],[-1.81280173877146,51.5536138325015],[-1.81316232439712,51.5536144081288],[-1.81316325152381,51.5533896226288],[-1.813523835386,51.5533901971434],[-1.81352476072521,51.5531654116302],[-1.81388534282395,51.5531659850321],[-1.81424592493466,51.5531665573261],[-1.81460650705734,51.553167128512],[-1.8146055870445,51.553391914039],[-1.81460466701973,51.5536166995573],[-1.81496525270528,51.5536172696443],[-1.81496433444408,51.5538420551586],[-1.81496341617097,51.5540668406642],[-1.81496249788594,51.5542916261612],[-1.81460190687382,51.5542910560604],[-1.81460282693439,51.554066270568],[-1.81424223770975,51.5540656993638],[-1.81424131587363,51.5542904848516],[-1.81388072488539,51.5542899125347],[-1.81387980126173,51.5545146980093],[-1.81387887762609,51.5547394834753],[-1.8142394721655,51.5547400558013],[-1.8142385502935,51.5549648412632],[-1.81387795397847,51.5549642689326],[-1.81387703031887,51.5551890543812],[-1.81387610664728,51.5554138398213],[-1.81423670651361,51.5554144121611],[-1.81423578460573,51.5556391975971],[-1.81423486268589,51.5558639830244],[-1.81423394075408,51.5560887684431],[-1.81459454595951,51.5560893396886],[-1.81495515117686,51.556089909826],[-1.81531575640613,51.5560904788552],[-1.81531667301073,51.5558656934228],[-1.81567727647615,51.5558662613393],[-1.81603787995343,51.5558668281477],[-1.81639848344256,51.555867393848],[-1.8167590869435,51.5558679584402],[-1.81711969045624,51.5558685219242],[-1.81748029398076,51.5558690843001],[-1.81747938803057,51.5560938697597],[-1.81783999334257,51.556094431032],[-1.81784089751702,51.5558696455679],[-1.81820150062329,51.555870205808],[-1.81856210295764,51.5558707650827],[-1.81892270530369,51.5558713232493],[-1.8192833076614,51.5558718803078],[-1.81964391003075,51.5558724362581],[-1.82000451241173,51.5558729911003],[-1.82036511480431,51.5558735448343],[-1.82072571720846,51.5558740974602],[-1.82108631962417,51.555874648978],[-1.82108543145182,51.5560994344696],[-1.82144603565687,51.5560999848822],[-1.8214469220514,51.5558751993876],[-1.82180752449014,51.5558757486892],[-1.82216812694037,51.5558762968825],[-1.82252872940205,51.5558768439678],[-1.82288933187517,51.5558773899449],[-1.82288845259193,51.5561021754512],[-1.82324905685428,51.5561027203231],[-1.82324993435971,51.5558779348139],[-1.82361053685563,51.5558784785747],[-1.82397113936293,51.5558790212274],[-1.82397201330136,51.5556542357037],[-1.82361141257187,51.5556536930539],[-1.82361228827673,51.5554289075244],[-1.82325168933637,51.5554283637694],[-1.82289109040741,51.5554278189063],[-1.822890211147,51.5556526044299],[-1.82252961045168,51.5556520584557],[-1.82253049148986,51.5554272729351],[-1.82216989258375,51.5554267258557],[-1.82180929368909,51.5554261776682],[-1.82144869480592,51.5554256283726],[-1.82108809593426,51.5554250779689],[-1.82072749707413,51.5554245264571],[-1.82036689822554,51.5554239738371],[-1.82036778991879,51.5551991883256],[-1.82000719285953,51.5551986346005],[-1.81964659581187,51.5551980797674],[-1.81928599877584,51.5551975238261],[-1.81892540175144,51.5551969667767],[-1.81856480473872,51.5551964086192],[-1.81856570530902,51.5549716231141],[-1.81820511008571,51.5549710638515],[-1.81820601242202,51.5547462783408],[-1.81784541821332,51.5547457181176],[-1.81784451409752,51.554970503625],[-1.81748391766397,51.5549699423752],[-1.81712332124217,51.5549693800174],[-1.81712422890922,51.554744594519],[-1.81676363427481,51.5547440310576],[-1.8164030396522,51.5547434664881],[-1.8160424450414,51.5547429008105],[-1.81604335802346,51.5545181153171],[-1.8156827652001,51.554517548536],[-1.81568367994589,51.5542927630386],[-1.81568459467982,51.5540679775324],[-1.81568550940187,51.5538431920177],[-1.81568642411207,51.5536184064943],[-1.81568733881039,51.5533936209623],[-1.81568825349685,51.5531688354216],[-1.81604883566711,51.5531694021754],[-1.81604974856626,51.5529446166216],[-1.81641032897293,51.5529451822629],[-1.81641124008483,51.5527203966958],[-1.81677181872789,51.5527209612246],[-1.81677272805258,51.5524961756443],[-1.81677363736548,51.5522713900555],[-1.81677454666658,51.552046604458],[-1.81713511999534,51.5520471678652],[-1.81749569333586,51.5520477301644],[-1.81785626668814,51.5520482913556],[-1.81821683954395,51.5520488515387],[-1.81821774172796,51.5518240659158],[-1.81821864390026,51.5515992802842],[-1.81821954606085,51.5513744946439],[-1.81822044820972,51.5511497089951],[-1.81858101321522,51.551150268206],[-1.81858191357507,51.5509254825455],[-1.81894247681495,51.5509260406454],[-1.81894337538582,51.5507012549732],[-1.81930393686007,51.5507018119622],[-1.81930483364061,51.5504770262792],[-1.81966539334944,51.5504775821571],[-1.81966628826236,51.5502527965072],[-1.82002684620603,51.5502533512726],[-1.82002773933058,51.5500285656095],[-1.82038829550908,51.5500291192624],[-1.82074885169915,51.5500296718074],[-1.82074974125864,51.5498048861264],[-1.82111029568352,51.549805437559],[-1.82111118345475,51.5495806518648],[-1.82147173611444,51.5495812021849],[-1.82147262209746,51.5493564164775],[-1.82183317299196,51.5493569656851],[-1.82183405718682,51.5491321799645],[-1.82219460631613,51.5491327280597],[-1.8225551554569,51.5491332750471],[-1.82291570460909,51.5491338209266],[-1.82327625377269,51.5491343656982],[-1.8232771308495,51.5489095799509],[-1.82363767824784,51.5489101236101],[-1.82363855353664,51.5486853378495],[-1.82399909916972,51.5486858803964],[-1.82399997267056,51.5484610946227],[-1.82436051653838,51.5484616360573],[-1.82436138825131,51.5482368502705],[-1.82472193035387,51.5482373905927],[-1.82508247246772,51.5482379298071],[-1.82544301459283,51.5482384679137],[-1.82544388096479,51.5480136821048],[-1.8258044213246,51.5480142190991],[-1.82580528590878,51.547789433277],[-1.82616582450328,51.5477899691591],[-1.82652636310898,51.5477905039333],[-1.82652550207785,51.5480152897642],[-1.82688604247125,51.5480158234351],[-1.8268851832055,51.5482406092618],[-1.82724572538661,51.5482411418293],[-1.82724486788627,51.5484659276518],[-1.82760541185508,51.5484664591158],[-1.82760455612022,51.5486912449341],[-1.82760370037424,51.5489160307438],[-1.82724315285221,51.5489154992709],[-1.82724229531848,51.5491402850675],[-1.82688174603094,51.5491397524823],[-1.82688088670941,51.5493645382658],[-1.82724143777362,51.5493650708554],[-1.82724058021763,51.5495898566347],[-1.8272397226505,51.5498146424054],[-1.82760027727924,51.549815173896],[-1.82759942147772,51.5500399596624],[-1.8279599778943,51.5500404900495],[-1.82832053432197,51.5500410193287],[-1.82831968206286,51.5502658050953],[-1.82868024027835,51.550266333271],[-1.82904079850488,51.5502668603387],[-1.82904164721047,51.5500420745634],[-1.82940220367126,51.5500426005189],[-1.82976276014303,51.5500431253665],[-1.82976360528413,51.5498183395737],[-1.82976445041426,51.5495935537723],[-1.82940389749594,51.5495930289334],[-1.82940474439179,51.5493682431277],[-1.82940559127664,51.5491434573134],[-1.8294064381505,51.5489186714904],[-1.82904589057318,51.5489181455568],[-1.82904673921267,51.5486933597296],[-1.82940728501337,51.5486938856588],[-1.82940813186524,51.5484690998186],[-1.82940897870612,51.5482443139697],[-1.829409825536,51.5480195281121],[-1.82941067235489,51.547794742246],[-1.82977121106033,51.5477952670499],[-1.82977205609172,51.5475704811707],[-1.82977290111213,51.5473456952829],[-1.83013343627554,51.5473462189703],[-1.83013427950853,51.5471214330695],[-1.83013512273057,51.5468966471601],[-1.82977459112006,51.5468961234813],[-1.82977543610757,51.5466713375676],[-1.83013596594167,51.5466718612419],[-1.8304964957867,51.5466723838085],[-1.83049565435203,51.546897169731],[-1.8308561859844,51.5468976911942],[-1.83121671762767,51.5468982115496],[-1.83157724928181,51.5468987307972],[-1.8319377809468,51.546899248937],[-1.83229831262263,51.5468997659691],[-1.83265884430925,51.5469002818934],[-1.83301937600666,51.5469007967099],[-1.83337990771483,51.5469013104187],[-1.83337908048074,51.5471260963669],[-1.83373961397608,51.5471266089722],[-1.83374043943373,51.5469018230197],[-1.83374126488066,51.5466770370585],[-1.83410179483386,51.5466775485474],[-1.83446232479774,51.5466780589286],[-1.83446314668117,51.5464532729503],[-1.83410261849368,51.5464527625733],[-1.83374209031687,51.5464522510887],[-1.83374291574237,51.5462274651102],[-1.83374374115716,51.5460026791231],[-1.83374456656123,51.5457778931273],[-1.83338404372418,51.5457773805477],[-1.83338321654379,51.5460021665392],[-1.83338238935265,51.546226952522],[-1.83338156215078,51.5464517384962],[-1.83302103399543,51.546451224796],[-1.83266050585083,51.546450709988],[-1.83229997771701,51.5464501940723],[-1.831939449594,51.5464496770489],[-1.83157892148182,51.5464491589176],[-1.83157975756554,51.5462243729649],[-1.83121923124058,51.5462238537303],[-1.83085870492649,51.5462233333879],[-1.83049817862329,51.5462228119377],[-1.8304990200252,51.5459980259893],[-1.83049986141619,51.5457732400323],[-1.83013933867658,51.5457727174831],[-1.82977881594792,51.5457721938262],[-1.82941829323022,51.5457716690615],[-1.82905777052351,51.5457711431891],[-1.82905861900877,51.5455463572409],[-1.82905946748302,51.5453215712841],[-1.82941998663716,51.5453220971477],[-1.82942083332414,51.5450973111778],[-1.82978135071301,51.5450978359294],[-1.83014186811284,51.5450983595733],[-1.83014271123637,51.544873573586],[-1.83050322687091,51.5448740961178],[-1.83050406820728,51.5446493101176],[-1.83086458207654,51.5446498315374],[-1.83122509595669,51.5446503518495],[-1.83158560984771,51.5446508710539],[-1.8315864458446,51.5444260850321],[-1.83194695797029,51.5444266031245],[-1.83230747010679,51.5444271201092],[-1.83266798225411,51.5444276359863],[-1.83266881291166,51.5442028499429],[-1.83302932329359,51.544203364708],[-1.83303015216422,51.5439785786516],[-1.83339066078077,51.5439790923048],[-1.83375116940804,51.5439796048503],[-1.83411167804603,51.5439801162882],[-1.83411250157755,51.5437553302104],[-1.8344730084501,51.5437558405363],[-1.83447383019484,51.5435310544457],[-1.83483433534207,51.5435315636577],[-1.83519484060785,51.5435320717568],[-1.83519402241654,51.5437568578558],[-1.83555452947027,51.5437573648514],[-1.83555534588425,51.5435325787483],[-1.83591585117125,51.5435330846322],[-1.83591666579732,51.5433082985164],[-1.83627716931758,51.5433088032885],[-1.83663767284841,51.543309306953],[-1.83663848390932,51.5430845208205],[-1.83699898567338,51.5430850233733],[-1.83735948744795,51.5430855248185],[-1.83771998923301,51.543086025156],[-1.83808049102853,51.543086524386],[-1.83844099283449,51.5430870225083],[-1.83880149465086,51.5430875195229],[-1.83916199647762,51.54308801543],[-1.83952249831476,51.5430885102295],[-1.83952170147215,51.5433132963942],[-1.8395209046192,51.5435380825503],[-1.83988141002128,51.5435385762501],[-1.83988220509692,51.54331379009],[-1.83988300016224,51.5430890039213],[-1.83988379521723,51.5428642177439],[-1.84024429529776,51.5428647103241],[-1.8406047953886,51.5428652017967],[-1.84096529548971,51.5428656921617],[-1.84096608520264,51.5426409059639],[-1.84060558687877,51.5426404156028],[-1.84060637835867,51.5424156294003],[-1.84096687490532,51.5424161197573],[-1.84096766459774,51.5421913335422],[-1.84060716982828,51.542190843189],[-1.8406079608982,51.5419660565704],[-1.84060875186678,51.5417412698499],[-1.84096924302089,51.5417417601508],[-1.8409700321676,51.5415169733925],[-1.84133052152066,51.5415174625569],[-1.84169101088411,51.5415179506138],[-1.84205150025791,51.5415184375633],[-1.84241198964204,51.5415189234053],[-1.84277247903648,51.5415194081399],[-1.8431329684412,51.541519891767],[-1.84349345785617,51.5415203742866],[-1.8434942343125,51.5412955873165],[-1.84385472192629,51.5412960686997],[-1.8442152095503,51.5412965489754],[-1.84421443671681,51.5415213360035],[-1.84457492616243,51.5415218152008],[-1.8445741551302,51.5417466022492],[-1.8445733840878,51.5419713892888],[-1.84421289101926,51.5419709100336],[-1.84421211798144,51.5421956968787],[-1.8442113442838,51.5424204831291],[-1.84457184093195,51.5424209624101],[-1.84457106900149,51.5426457486557],[-1.844570297061,51.5428705348927],[-1.84456952511048,51.5430953211209],[-1.84456875314994,51.5433201073406],[-1.84420824939277,51.543319628044],[-1.84420747564488,51.5435444142512],[-1.84420670188695,51.5437692004497],[-1.84456720919877,51.543769679754],[-1.84492771652062,51.5437701579506],[-1.84492848672388,51.5435453717444],[-1.84528899227839,51.5435458488295],[-1.84528822385247,51.5437706350396],[-1.8456487311943,51.5437711110209],[-1.84600923854608,51.5437715858946],[-1.8460084736649,51.5439963721037],[-1.84636898280397,51.5439968458735],[-1.84672949195296,51.5439973185357],[-1.84709000111183,51.5439977900902],[-1.84709076066092,51.5437730038697],[-1.84673025327942,51.543772532319],[-1.84673101459599,51.5435477460936],[-1.84709152020016,51.5435482176405],[-1.84745202581419,51.5435486880797],[-1.84781253143806,51.5435491574114],[-1.8478117754535,51.5437739436481],[-1.84817228286453,51.5437744118759],[-1.84853279028535,51.543774878996],[-1.8485320378457,51.5439996652317],[-1.84889254705365,51.5440001312479],[-1.84925305627135,51.5440005961564],[-1.8492523073767,51.5442253823909],[-1.84889179638161,51.5442249174787],[-1.84889104569983,51.5444497037008],[-1.84925155847232,51.5444501686169],[-1.84925080955821,51.5446749548341],[-1.84961132411786,51.5446754186462],[-1.84997183868721,51.5446758813506],[-1.84997109331829,51.5449006675667],[-1.85033160967477,51.5449011291672],[-1.85069212604091,51.54490158966],[-1.85069138421726,51.5451263758749],[-1.85105190237051,51.5451268352636],[-1.85141242050149,51.5451272935234]]],[[[-1.81310110606119,51.568450231104],[-1.81346180887026,51.5684508059367],[-1.81382251169134,51.5684513796608],[-1.81382158728692,51.5686761645336],[-1.81382066287051,51.5689009493978],[-1.81345995649767,51.5689003756613],[-1.81309925013685,51.5688998008162],[-1.81310017810503,51.5686750159644],[-1.81310110606119,51.568450231104]]],[[[-1.7970842354298,51.6010175260211],[-1.796723278986,51.6010169005815],[-1.79636232255486,51.6010162740319],[-1.79600136613641,51.6010156463725],[-1.79564040973066,51.6010150176032],[-1.79564142127668,51.600790234048],[-1.7960023759788,51.6007908628094],[-1.79600338580847,51.6005660792376],[-1.79636433881969,51.6005667068811],[-1.7967252918436,51.6005673334147],[-1.79672428542114,51.6007921170024],[-1.79708524016131,51.6007927424341],[-1.7970842354298,51.6010175260211]]],[[[-1.7714700251719,51.5982729686914],[-1.77146889662369,51.5984977516959],[-1.77146776806096,51.5987225346917],[-1.77182870271932,51.5987232376857],[-1.77182757588818,51.5989480206789],[-1.77146663948372,51.5989473176788],[-1.77110570309374,51.598946613569],[-1.77110683341709,51.5987218305878],[-1.7711079637259,51.598497047598],[-1.77110909402017,51.5982722645996],[-1.7714700251719,51.5982729686914]]],[[[-1.74456672789324,51.5685457048024],[-1.7449274229088,51.5685464901772],[-1.74528811794056,51.5685472744435],[-1.74528686100001,51.5687720581089],[-1.74564755780063,51.5687728412758],[-1.74600825461741,51.568773623334],[-1.74600950805259,51.5685488396502],[-1.74601076147162,51.5683240559577],[-1.74637145479918,51.568324836889],[-1.74673214814286,51.5683256167117],[-1.74709284150262,51.5683263954258],[-1.74709159334158,51.5685511791458],[-1.74745228847006,51.5685519567606],[-1.74745353487844,51.5683271730313],[-1.74745478127074,51.5681023892934],[-1.74781547290997,51.5681031657811],[-1.74781671753358,51.5678783820254],[-1.74781796214115,51.5676535982609],[-1.74817865029118,51.5676543736218],[-1.74817989313014,51.5674295898396],[-1.74854057954359,51.5674303640827],[-1.74854182061397,51.5672055802826],[-1.74890250529084,51.5672063534081],[-1.74890374609963,51.5669815695779],[-1.74926442906819,51.566982341586],[-1.74926318998367,51.5672071254251],[-1.74926195241838,51.5674319092435],[-1.74890126597301,51.5674311372174],[-1.7489000266392,51.5676559210179],[-1.74853933845721,51.5676551478741],[-1.74853809735483,51.5678799316569],[-1.74853685623644,51.568104715431],[-1.74889754792365,51.568105488593],[-1.74889630854191,51.5683302723676],[-1.74853561510206,51.5683294991964],[-1.74853437395167,51.5685542829531],[-1.74817367877513,51.5685535086642],[-1.74817492167818,51.5683287249166],[-1.7478142282703,51.5683279495282],[-1.74781298361459,51.5685527332666],[-1.74781173894283,51.5687775169964],[-1.74781049425502,51.5690023007175],[-1.74780924955116,51.5692270844299],[-1.74744854914851,51.5692263078963],[-1.7470878487619,51.5692255302541],[-1.74708660053649,51.5694503139395],[-1.74708535229498,51.5696750976162],[-1.74672464841891,51.569674318847],[-1.7467233984085,51.5698991025058],[-1.74636269279572,51.5698983226188],[-1.74636144101638,51.5701231062598],[-1.74600073366688,51.5701223252549],[-1.74600198719904,51.5698975416231],[-1.7456412816185,51.5698967595188],[-1.7456425368873,51.5696719758875],[-1.74564379213991,51.5694471922476],[-1.74600449421488,51.5694479743335],[-1.74636519630598,51.5694487553108],[-1.7463664480369,51.5692239716438],[-1.74600574769855,51.5692231906757],[-1.74564504737634,51.569222408599],[-1.74564630259658,51.5689976249417],[-1.74528560404325,51.5689968417656],[-1.74492490550609,51.5689960574809],[-1.74456420698514,51.5689952720876],[-1.74456546744732,51.5687704884493],[-1.74456672789324,51.5685457048024]]],[[[-1.77753824099172,51.5384914476777],[-1.77717777501855,51.5384907629992],[-1.77681730905972,51.5384900772134],[-1.77681841460272,51.5382652917472],[-1.77681952013136,51.5380405062724],[-1.77717998253263,51.5380411920489],[-1.77718108626816,51.5378164065608],[-1.77718218998934,51.537591621064],[-1.7775426488475,51.5375923057237],[-1.77754154690504,51.5378170912252],[-1.77790200755623,51.5378177747822],[-1.77790090737819,51.5380425602796],[-1.77789980718584,51.5382673457685],[-1.77753934297715,51.5382666622022],[-1.77753824099172,51.5384914476777]]],[[[-1.72221328866311,51.5669213862609],[-1.72257396933089,51.5669222396827],[-1.7225726012226,51.5671470228934],[-1.72221191878091,51.5671461694631],[-1.72185123635701,51.5671453149244],[-1.72185260801313,51.5669205317305],[-1.72149192738097,51.5669196760916],[-1.72149330079315,51.5666948928973],[-1.72185397965141,51.5666957485279],[-1.72221465852749,51.5666966030499],[-1.72221328866311,51.5669213862609]]],[[[-1.73217955446301,51.5282811582223],[-1.73253993516144,51.5282819807236],[-1.73253860645677,51.5285067652786],[-1.73217822402443,51.5285059427817],[-1.73217689356897,51.5287307273325],[-1.73181650941961,51.5287299037329],[-1.73181517721329,51.5289546882796],[-1.73181384499007,51.5291794728177],[-1.73145345738971,51.5291786481197],[-1.73145212341557,51.5294034326536],[-1.73109173409818,51.5294026068529],[-1.73109039837307,51.5296273913827],[-1.73073000733864,51.5296265644792],[-1.73072866986253,51.5298513490047],[-1.73072733236943,51.5300761335217],[-1.7303669378839,51.5300753055198],[-1.73036559863973,51.5303000900326],[-1.73000520243713,51.5302992609279],[-1.73000386144184,51.5305240454365],[-1.72964346352218,51.530523215229],[-1.72964212077573,51.5307479997333],[-1.72928172113901,51.5307471684229],[-1.72892132151939,51.5307463360054],[-1.72891997528757,51.5309711205098],[-1.72855957395091,51.5309702869894],[-1.7281991726314,51.5309694523618],[-1.72819782291412,51.5311942368663],[-1.72783741987759,51.5311934011358],[-1.72747701685825,51.5311925642981],[-1.72711661385612,51.5311917263532],[-1.7271152589191,51.531416510862],[-1.7267548542,51.5314156718141],[-1.72675349751154,51.5316404563187],[-1.72711390396486,51.5316412953623],[-1.72711254899342,51.5318660798539],[-1.72747295719822,51.531866917786],[-1.72747160394383,51.5320917022648],[-1.72747025067225,51.5323164867351],[-1.72783066236282,51.5323173235513],[-1.72782931080836,51.5325421080086],[-1.72782795923673,51.5327668924574],[-1.72746754407751,51.5327660556498],[-1.7271071289355,51.5327652177349],[-1.72710577387799,51.5329900021837],[-1.72710441880326,51.533214786624],[-1.72674400020975,51.5332139476104],[-1.72638358163349,51.5332131074895],[-1.72638222307274,51.5334378919297],[-1.72638086449473,51.5336626763614],[-1.72637950702002,51.5338874608757],[-1.72673993082041,51.5338883009874],[-1.72674128653982,51.5336635164737],[-1.72710170860216,51.5336643554787],[-1.72746213068174,51.5336651933765],[-1.72782255277853,51.5336660301669],[-1.72782120232597,51.533890814679],[-1.72781985431774,51.5341155993996],[-1.72781850629217,51.5343403841116],[-1.72781715824925,51.534565168815],[-1.72745672912296,51.5345643320136],[-1.72709630001403,51.534563494105],[-1.72709494843785,51.5347882787921],[-1.72745537930474,51.5347891167045],[-1.72745402946914,51.5350139013868],[-1.72781446211138,51.5350147381957],[-1.72781581018899,51.5347899535097],[-1.72817624109059,51.5347907892075],[-1.7281775873929,51.534566004509],[-1.72817893367789,51.5343412198019],[-1.72818027994555,51.5341164350861],[-1.72854070559067,51.5341172696653],[-1.7289011312531,51.5341181031373],[-1.72889978850127,51.5343428878606],[-1.72889844573215,51.5345676725752],[-1.72889710294576,51.5347924572813],[-1.72925753389927,51.5347932896572],[-1.72961796487004,51.5347941209258],[-1.72997839585805,51.5347949510872],[-1.73033882686327,51.5347957801412],[-1.73033749109152,51.5350205648536],[-1.73033615530258,51.5352453495574],[-1.72997572078138,51.5352445204958],[-1.72961528627739,51.535243690327],[-1.72961394695521,51.5354684750146],[-1.72925351071043,51.5354676437348],[-1.72925485179063,51.5352428590509],[-1.72925619285358,51.5350180743583],[-1.72889576014208,51.5350172419786],[-1.72853532744787,51.5350164084916],[-1.72853398286892,51.5352411931766],[-1.72817354843401,51.5352403585786],[-1.72817220207972,51.5354651432511],[-1.72817085570812,51.5356899279151],[-1.72853129365911,51.5356907625207],[-1.7288917316274,51.535691596019],[-1.72925216961297,51.53569242841],[-1.72925082849825,51.5359172130766],[-1.72961126825916,51.535918044364],[-1.72960992888528,51.5361428290257],[-1.72997037042151,51.5361436592096],[-1.73033081197496,51.536144488286],[-1.73032947610009,51.5363692729466],[-1.73068991942885,51.5363701009194],[-1.73105036277478,51.5363709277848],[-1.731049030399,51.5365957124442],[-1.73140947552022,51.536596538206],[-1.73141080613785,51.5363717535429],[-1.73177124951805,51.5363725781937],[-1.73213169291535,51.536373401737],[-1.732130365814,51.5365981864075],[-1.73249081098652,51.5365990088472],[-1.73285125617609,51.5365998301795],[-1.732849932574,51.5368246148487],[-1.73321037953877,51.5368254350774],[-1.73357082652056,51.5368262541986],[-1.73356950641781,51.5370510388665],[-1.73392995517477,51.537051856884],[-1.73392863681325,51.5372766415468],[-1.73428908734539,51.5372774584606],[-1.7342904039487,51.5370526737941],[-1.73429172053506,51.536827889119],[-1.73465216756774,51.5368287049181],[-1.73501261714767,51.5368295200721],[-1.73537306762514,51.5368303342797],[-1.73537175635911,51.537055118971],[-1.73537044507598,51.5372799036537],[-1.73500999101514,51.5372790894301],[-1.73500867792317,51.5375038740962],[-1.73500736481406,51.5377286587535],[-1.73536782245836,51.537729472993],[-1.73572828011977,51.5377302861252],[-1.73572697057706,51.5379550707899],[-1.73608743004733,51.5379558828226],[-1.73608612227931,51.5381806674866],[-1.73644658355845,51.5381814784199],[-1.73644527756518,51.5384062630832],[-1.73644397155486,51.5386310477379],[-1.73608350669207,51.5386302367886],[-1.73608219887285,51.5388550214266],[-1.73608089103656,51.5390798060559],[-1.73572042260711,51.5390789939833],[-1.73535995419475,51.5390781808032],[-1.73536126561481,51.5388533961898],[-1.73500079901146,51.5388525819103],[-1.73464033350518,51.5388517667161],[-1.73464164846869,51.5386269821064],[-1.73428118736985,51.5386261662783],[-1.73428250407479,51.5384013816636],[-1.73392204475124,51.5384005647317],[-1.73356158544466,51.5383997466923],[-1.73356290564931,51.5381749620762],[-1.73320244811805,51.5381741429331],[-1.73284199060379,51.5381733226825],[-1.73284066688249,51.5383981072912],[-1.73248020762694,51.5383972859295],[-1.73247888213025,51.538622070526],[-1.73247755661651,51.5388468551138],[-1.73283801938878,51.5388476764828],[-1.73319848217808,51.5388484967444],[-1.73319716016407,51.5390732813309],[-1.73355762472878,51.5390741004887],[-1.73355630445618,51.5392988850702],[-1.7339167707963,51.5392997031241],[-1.73391545226515,51.5395244877007],[-1.73427592038068,51.5395253046508],[-1.73463638851315,51.5395261204934],[-1.73463507348197,51.5397509050686],[-1.73499554606088,51.5397517202797],[-1.73535601983189,51.5397525345912],[-1.73535470834337,51.5399773191699],[-1.73571518392348,51.539978132382],[-1.73571387420984,51.54020291696],[-1.73607435159905,51.5402037290725],[-1.73607304366033,51.5404285136499],[-1.73643352285863,51.5404293246629],[-1.73643221669489,51.5406541092396],[-1.73679269770229,51.5406549191531],[-1.73679400207399,51.5404301345685],[-1.73715448130637,51.5404309433666],[-1.73715578386902,51.5402061587653],[-1.73751626132638,51.540206966448],[-1.73751756208003,51.5399821818301],[-1.73787803776238,51.5399829883973],[-1.73823851346168,51.5399837938571],[-1.73859898917792,51.5399845982094],[-1.73859769380027,51.540209382851],[-1.73895817132542,51.5402101861037],[-1.73895687772288,51.5404349707446],[-1.73895558410346,51.5406597553768],[-1.73895429046715,51.5408845400003],[-1.73931477338532,51.5408853421692],[-1.73931348152422,51.541110126792],[-1.73931218964625,51.5413349114061],[-1.73967267616551,51.5413357124833],[-1.73967138606282,51.5415604970966],[-1.73967009594328,51.5417852817013],[-1.73966880580691,51.5420100662973],[-1.7396675166184,51.5422348509255],[-1.74002801031505,51.5422356509266],[-1.74002672442606,51.5424604356191],[-1.74002543852058,51.5426852203029],[-1.74002415259859,51.5429100049781],[-1.74002286666011,51.5431347896446],[-1.74002158070512,51.5433595743025],[-1.74002029473364,51.5435843589518],[-1.74001900874565,51.5438091435923],[-1.73965850281617,51.5438083435465],[-1.73965721506404,51.544033128172],[-1.74001772274116,51.5440339282243],[-1.74001643672018,51.5442587128475],[-1.73965592729539,51.5442579127889],[-1.73929541788712,51.5442571116227],[-1.73893490849539,51.5442563093488],[-1.73857439912022,51.5442555059672],[-1.73857569213185,51.5440307213696],[-1.73893619975936,51.5440315247447],[-1.73893749100677,51.543806740132],[-1.73857698512689,51.5438059367633],[-1.7382164792636,51.5438051322869],[-1.73821777398966,51.5435803476784],[-1.73785726989059,51.5435795421009],[-1.73785597341691,51.543804326703],[-1.73749546758685,51.5438035200114],[-1.73713496177344,51.5438027122121],[-1.73713626174235,51.543577927623],[-1.73677575769322,51.5435771187226],[-1.7367744559767,51.5438019033052],[-1.73641395019666,51.5438010932907],[-1.73605344443333,51.5438002821686],[-1.73605213920484,51.5440250667297],[-1.73569163171061,51.5440242544934],[-1.73533112423315,51.5440234411495],[-1.73497061677248,51.5440226266979],[-1.73497192724388,51.5437978421564],[-1.73461142317633,51.5437970268682],[-1.73461011098277,51.5440218114051],[-1.73424960796957,51.5440209954491],[-1.73425092188547,51.5437962109207],[-1.73389042061127,51.5437953938655],[-1.73352991935376,51.5437945757028],[-1.73316941811296,51.5437937564324],[-1.73317073717912,51.5435689719208],[-1.73281023767737,51.5435681515513],[-1.73281155844908,51.5433433670395],[-1.73245106068638,51.5433425455709],[-1.73209056294045,51.5433417229948],[-1.73173006521133,51.543340899311],[-1.73173139113307,51.5431161148161],[-1.73137089514304,51.5431152900333],[-1.73137222277018,51.5428905055383],[-1.73137355038047,51.5426657210347],[-1.73137487797389,51.5424409365224],[-1.73137620555046,51.5422161520014],[-1.73137753556006,51.5419913675297],[-1.73101704823657,51.5419905416789],[-1.73101838102387,51.5417657572268],[-1.73101971379403,51.541540972766],[-1.73065923000505,51.5415401458151],[-1.7306605645167,51.5413153613494],[-1.73066189901117,51.541090576875],[-1.73066323348848,51.5408657923921],[-1.73066456794861,51.5406410079005],[-1.73066590239157,51.5404162234002],[-1.73030542741276,51.5404153953604],[-1.73030409121125,51.5406401798569],[-1.72994361449109,51.5406393507058],[-1.7299422765138,51.5408641351899],[-1.7299409385193,51.5410889196655],[-1.72958045829919,51.5410880893994],[-1.72957911852885,51.5413128738625],[-1.72993960050759,51.5413137041323],[-1.72993826247865,51.5415384885906],[-1.73029874623325,51.5415393177566],[-1.73029740994576,51.54176410221],[-1.73065789547623,51.5417649302722],[-1.73065656093024,51.5419897147206],[-1.73029607364108,51.5419888866547],[-1.73029473834805,51.5422136711102],[-1.72993424931437,51.5422128419313],[-1.72957376029762,51.5422120116449],[-1.72957509911438,51.5419872272001],[-1.72921461187689,51.5419863958115],[-1.72921327129783,51.542211180251],[-1.72885278231502,51.5422103477495],[-1.72849229334921,51.5422095141404],[-1.72849363745373,51.5419847297114],[-1.72813315026811,51.541983895],[-1.72813449712493,51.5417591105778],[-1.72813584396442,51.541534326147],[-1.72777536031348,51.5415334903356],[-1.72741487667991,51.5415326534167],[-1.72741622701935,51.5413078689848],[-1.72705574516179,51.5413070309621],[-1.72705709724247,51.5410822465254],[-1.72669661716094,51.5410814073989],[-1.72633613709684,51.5410805671649],[-1.72633749267731,51.5408557827272],[-1.72597701438925,51.5408549413895],[-1.72561653611866,51.5408540989442],[-1.72561789519883,51.5406293145056],[-1.7252574187043,51.5406284709566],[-1.72489694222729,51.5406276263002],[-1.72489830480707,51.5404028418606],[-1.72453783010614,51.5404019961004],[-1.72453919442691,51.5401772116561],[-1.72417872150207,51.5401763647923],[-1.72418008756378,51.5399515803432],[-1.72381961641503,51.5399507323758],[-1.72382098421763,51.5397259479219],[-1.72346051484497,51.5397250988509],[-1.72346188438842,51.5395003143923],[-1.72346325391424,51.539275529925],[-1.72346462342244,51.5390507454492],[-1.72346599291301,51.5388259609646],[-1.72346736238596,51.5386011764715],[-1.72346873184128,51.5383763919697],[-1.72347010127897,51.5381516074592],[-1.72347147069904,51.5379268229402],[-1.72347284010148,51.5377020384125],[-1.72311238657173,51.5377011882691],[-1.72311375771479,51.5374764037367],[-1.72311512884021,51.5372516191956],[-1.72311649994799,51.5370268346459],[-1.72311787103811,51.5368020500876],[-1.72311924211059,51.5365772655206],[-1.72312061316543,51.536352480945],[-1.72348105614603,51.536353331065],[-1.72347968684933,51.5365781156445],[-1.72384013160569,51.536578964661],[-1.72420057637965,51.5365798125701],[-1.72420194216008,51.5363550279829],[-1.72420330792293,51.5361302433869],[-1.7242046736682,51.5359054587824],[-1.72420603939589,51.5356806741692],[-1.72420740510601,51.5354558895474],[-1.72420877079855,51.5352311049169],[-1.72421013647352,51.5350063202778],[-1.72421150213091,51.5347815356301],[-1.72421286777072,51.5345567509737],[-1.72421423339296,51.5343319663087],[-1.72421559899763,51.5341071816351],[-1.72421696458472,51.5338823969528],[-1.72421833258788,51.5336576124338],[-1.72457875452895,51.53365845919],[-1.72458012177909,51.5334336747371],[-1.72421970157244,51.5334328279766],[-1.7242210705396,51.533208043511],[-1.72386065208477,51.533207195639],[-1.72385928138321,51.5334319801089],[-1.72349886121142,51.5334311311339],[-1.72350023364738,51.5332063466598],[-1.72350160606591,51.5329815621771],[-1.72350297846699,51.5327567776859],[-1.72386339343565,51.5327576266735],[-1.72422380842174,51.5327584745539],[-1.72422517733672,51.5325336900625],[-1.7242265462343,51.5323089055625],[-1.72458695776916,51.532309752344],[-1.72494736932142,51.5323105980183],[-1.72494873473303,51.5320858135182],[-1.72530914456836,51.5320866580895],[-1.72566955442104,51.5320875015535],[-1.72566819247801,51.5323122860451],[-1.7260286040823,51.5323131283976],[-1.72602996429104,51.5320883439102],[-1.7260313244825,51.5318635594143],[-1.72567091634677,51.5318627170533],[-1.72567227825519,51.5316379325445],[-1.72567364014631,51.5314131480272],[-1.72531323549637,51.5314123045504],[-1.72531187187102,51.531637089072],[-1.72531050822836,51.531861873585],[-1.72495010012729,51.5318610290095],[-1.7249514655042,51.5316362444923],[-1.72459105915475,51.5316353988053],[-1.72459242624853,51.5314106142753],[-1.72459379332494,51.5311858297366],[-1.72459516038399,51.5309610451894],[-1.72495556153085,51.5309618908891],[-1.72495692683837,51.5307371063375],[-1.72495829212854,51.5305123217774],[-1.72495965740137,51.5302875372087],[-1.72496102265685,51.5300627526315],[-1.72496238789499,51.5298379680456],[-1.72532278038867,51.5298388126593],[-1.7253214168846,51.5300635972409],[-1.7256818111297,51.5300644407431],[-1.72568044934239,51.5302892253119],[-1.72604084533889,51.5302900677027],[-1.72604220539211,51.5300652831382],[-1.72604356542806,51.5298404985651],[-1.7256831728997,51.5298396561657],[-1.72568453465241,51.5296148715798],[-1.72532414387542,51.5296140280691],[-1.72532550734485,51.5293892434703],[-1.72568589638782,51.5293900869853],[-1.72568725810593,51.5291653023822],[-1.72568861980673,51.5289405177706],[-1.72532823423173,51.5289396742471],[-1.72532959764919,51.5287148896226],[-1.72496921382548,51.5287140449878],[-1.72460883001913,51.5287131992458],[-1.72461019688712,51.5284884146043],[-1.72461156373774,51.5282636299542],[-1.72461293057099,51.5280388452955],[-1.72461429738689,51.5278140606283],[-1.72461566418541,51.5275892759525],[-1.72497603932235,51.5275901217156],[-1.72533641447666,51.5275909663716],[-1.72533777779019,51.5273661816957],[-1.72569815122802,51.5273670252489],[-1.7256967896483,51.5275918099206],[-1.72605716483726,51.5275926523625],[-1.72641754004351,51.5275934936973],[-1.72677791526704,51.527594333925],[-1.72713829050782,51.5275951730457],[-1.72749866576582,51.5275960110593],[-1.72785904104103,51.5275968479658],[-1.72785768984705,51.5278216326032],[-1.72821806687328,51.5278224683984],[-1.72857844391667,51.5278233030864],[-1.7289388209772,51.5278241366674],[-1.72929919805484,51.5278249691413],[-1.72965957514958,51.5278258005082],[-1.72966091767437,51.5276010158924],[-1.73002129305234,51.5276018461565],[-1.73038166844736,51.5276026753135],[-1.7307420438594,51.5276035033635],[-1.73110241928845,51.5276043303063],[-1.73146279473447,51.5276051561422],[-1.73182317019746,51.5276059808709],[-1.73218354567738,51.5276068044926],[-1.73218221528948,51.5278315890777],[-1.73254259252016,51.5278324115879],[-1.73254126384923,51.52805719616],[-1.73218088488469,51.5280563736543],[-1.73217955446301,51.5282811582223]]],[[[-1.72460883001913,51.5287131992458],[-1.72460746313377,51.5289379838788],[-1.72460609623104,51.5291627685031],[-1.72460472931095,51.5293875531189],[-1.72460336237349,51.5296123377262],[-1.72460199541866,51.5298371223248],[-1.72424160295973,51.5298362754968],[-1.7242429716486,51.529611490894],[-1.72424434032007,51.5293867062825],[-1.7238839513466,51.529385858339],[-1.72352356239056,51.5293850092883],[-1.72352493451264,51.5291602246598],[-1.72352630661728,51.5289354400228],[-1.72352767870448,51.5287106553773],[-1.72352905077425,51.5284858707231],[-1.72388943279445,51.5284867197906],[-1.72424981483208,51.528487567751],[-1.72424844623016,51.5287123523968],[-1.72460883001913,51.5287131992458]]],[[[-1.74141498978488,51.5519045746807],[-1.74141371207677,51.5521293589896],[-1.7417742824068,51.5521301537384],[-1.74177300638116,51.5523549380459],[-1.74177173033949,51.5525797223447],[-1.74213230408264,51.5525805159999],[-1.74249287784179,51.5525813085472],[-1.74249160518123,51.5528060928517],[-1.7421310297235,51.5528053002972],[-1.74212975534834,51.5530300845859],[-1.74249033250468,51.5530308771476],[-1.74248905981213,51.5532556614348],[-1.74248778710357,51.5534804457133],[-1.74212720654996,51.5534796531373],[-1.74176662601234,51.5534788594533],[-1.74176790211819,51.5532540751891],[-1.741769178208,51.5530292909163],[-1.74177045428177,51.5528045066348],[-1.74140987885606,51.5528037118644],[-1.74140860108369,51.5530284961386],[-1.74140732329525,51.5532532804042],[-1.74104674448836,51.5532524845114],[-1.74104546498521,51.5534772687612],[-1.74104418546597,51.5537020530022],[-1.74068360327783,51.553701255987],[-1.74068232204381,51.5539260402122],[-1.74068104079367,51.5541508244287],[-1.74067975952742,51.5543756086366],[-1.74067847824507,51.5546003928358],[-1.74067719694659,51.5548251770264],[-1.74067591563201,51.5550499612083],[-1.74067463430131,51.5552747453815],[-1.7406733529545,51.5554995295461],[-1.74031275719228,51.5554987313649],[-1.74031147413048,51.5557235155136],[-1.74031019105254,51.5559482996537],[-1.73994959190868,51.55594750035],[-1.73994830711569,51.5561722844741],[-1.73958770628905,51.556171484055],[-1.73958641978096,51.5563962681632],[-1.73994702230654,51.5563970685896],[-1.73994573748124,51.5566218526964],[-1.74030634172192,51.5566226520218],[-1.74030505857944,51.5568474361272],[-1.74066566453522,51.5568482343518],[-1.74066438307561,51.5570730184558],[-1.74030377542082,51.557072220224],[-1.74030249224606,51.5572970043121],[-1.73994188290836,51.5572962049649],[-1.73994059801842,51.5575209890371],[-1.74030120905516,51.5575217883915],[-1.74029992584813,51.5577465724623],[-1.74029864262495,51.5579713565244],[-1.73993802819004,51.5579705571555],[-1.73993674325161,51.5581953412017],[-1.73993545829702,51.5584201252392],[-1.73957484047999,51.5584193247476],[-1.73957355381008,51.5586441087693],[-1.73957226751946,51.5588688927607],[-1.73957098244065,51.5590936766766],[-1.73956969734564,51.5593184605839],[-1.7395684122344,51.5595432444825],[-1.73956712710696,51.5597680283724],[-1.73956584196329,51.5599928122537],[-1.73956455680341,51.5602175961262],[-1.73920392537726,51.5602167944578],[-1.73884329396731,51.5602159916811],[-1.73848266257359,51.5602151877962],[-1.73848395284371,51.5599904039506],[-1.73812332316966,51.5599895989665],[-1.73776269351189,51.5599887928741],[-1.73776139983494,51.5602135767015],[-1.73740076849004,51.5602127694918],[-1.73704013716147,51.5602119611738],[-1.73667950584924,51.5602111517476],[-1.73631887455337,51.5602103412131],[-1.73632017504397,51.5599855574218],[-1.73632147551816,51.5597607736219],[-1.73596084764548,51.5597599619973],[-1.73596214980662,51.5595351781978],[-1.73560152365371,51.559534365474],[-1.7356002197892,51.5597591492645],[-1.73559891590824,51.5599839330462],[-1.735238286365,51.559983119196],[-1.73487765683822,51.5599823042376],[-1.7345170293754,51.5599814885404],[-1.73415640311375,51.5599806719488],[-1.73415771391027,51.5597558881995],[-1.73415902468973,51.5595311044416],[-1.73379840199148,51.5595302867577],[-1.73343777931028,51.5595294679656],[-1.73343909361898,51.5593046842151],[-1.73307847272799,51.5593038643228],[-1.73307978879271,51.5590790805717],[-1.7330811048403,51.5588542968119],[-1.73308242203773,51.5586295129572],[-1.73272180646181,51.5586286919817],[-1.73272312563656,51.558403908109],[-1.73308373947158,51.5584047290751],[-1.73308505688854,51.5581799451843],[-1.73308637428861,51.5579551612849],[-1.73308769167179,51.5577303773767],[-1.73344830030115,51.5577311972061],[-1.73380890894734,51.5577320159273],[-1.73381022283203,51.5575072319915],[-1.73344961592663,51.5575064132798],[-1.73308900903808,51.5575055934599],[-1.73309032638748,51.5572808095344],[-1.73272972125657,51.5572799886159],[-1.73273104032983,51.5570552046913],[-1.73237043695656,51.5570543826741],[-1.7320098336002,51.5570535595488],[-1.73201115613801,51.5568287756345],[-1.73201247865887,51.5566039917115],[-1.73237307853379,51.5566048148178],[-1.732374399297,51.5563800308766],[-1.73237572004328,51.5561552469268],[-1.73237704077262,51.5559304629683],[-1.73237836148503,51.555705679001],[-1.73237968218051,51.5554808950252],[-1.73238100285905,51.5552561110406],[-1.7327415923071,51.5552569329817],[-1.73274291122816,51.555032148979],[-1.73310349895255,51.5550329698025],[-1.73310481611617,51.5548081857815],[-1.7331061332629,51.554583401752],[-1.73310745039275,51.5543586177137],[-1.73274686788988,51.5543577969187],[-1.7327481867433,51.5541330128813],[-1.73310876750571,51.5541338336667],[-1.73346934828498,51.5541346533442],[-1.73347066364062,51.5539098692791],[-1.7338312426963,51.5539106878391],[-1.73383255629465,51.5536859037558],[-1.7334719789794,51.5536850852053],[-1.73311140168097,51.5536842655468],[-1.73275082439941,51.5536834447803],[-1.73275214320211,51.5534586607169],[-1.73275346198789,51.5532338766447],[-1.73275478075677,51.5530090925639],[-1.73275609950874,51.5527843084744],[-1.73311666982888,51.5527851292029],[-1.73311798682364,51.5525603450952],[-1.73311930380152,51.5523355609789],[-1.73312062076251,51.5521107768539],[-1.73348118587867,51.5521115964459],[-1.73348250108255,51.5518868123027],[-1.73348381626957,51.5516620281508],[-1.73384437792212,51.5516628466159],[-1.73420493959148,51.5516636639732],[-1.73420625128126,51.5514388797937],[-1.73456681122722,51.5514396960335],[-1.73456812116002,51.5512149118358],[-1.73456943107603,51.5509901276295],[-1.73457074097525,51.5507653434145],[-1.73457205085768,51.5505405591908],[-1.73457336279893,51.5503157749192],[-1.73493391674339,51.5503165903481],[-1.73493522768585,51.5500918060489],[-1.73493653861149,51.549867021741],[-1.73529709151866,51.5498678363618],[-1.73565764444263,51.5498686498748],[-1.73565895185498,51.5496438655453],[-1.73601950304749,51.5496446779439],[-1.73602080869486,51.5494198935992],[-1.73638135815591,51.5494207048835],[-1.73638266203833,51.5491959205236],[-1.73674320976793,51.5491967306936],[-1.73674451188546,51.5489719463186],[-1.73710505788359,51.5489727553742],[-1.73710635823627,51.5487479709841],[-1.73710765857227,51.5485231865853],[-1.73746820109083,51.5485239945202],[-1.73746949966204,51.5482992101063],[-1.73783004044917,51.5483000169269],[-1.73819058125292,51.5483008226397],[-1.73819187631133,51.5480760382043],[-1.73855241538363,51.5480768428029],[-1.73855370867737,51.5478520583524],[-1.7389142460182,51.5478528618367],[-1.7392747833756,51.5478536642132],[-1.7392760731567,51.5476288797412],[-1.73963660878261,51.5476296810036],[-1.73999714442505,51.5476304811581],[-1.73999843069359,51.5474056966646],[-1.74035896460451,51.547406495705],[-1.74071949853191,51.5474072936376],[-1.74071821575938,51.5476320781439],[-1.74071693297039,51.5478568626415],[-1.74107747041028,51.547857659479],[-1.74107618935288,51.5480824439743],[-1.74143672855723,51.5480832397105],[-1.74143544923147,51.5483080242035],[-1.74179599020031,51.5483088188382],[-1.74179471260622,51.5485336033289],[-1.74179343499574,51.5487583878109],[-1.74215397947718,51.5487591813505],[-1.74215270359845,51.5489839658302],[-1.74215142770334,51.5492087503013],[-1.74215015179187,51.5494335347638],[-1.74178960206594,51.5494327412052],[-1.74178832438989,51.5496575256526],[-1.74178704669744,51.5498823100914],[-1.74214759991981,51.5498831036627],[-1.74214632395922,51.5501078880992],[-1.74214504798227,51.550332672527],[-1.74178449126336,51.550331878943],[-1.74178321413705,51.5505566633438],[-1.74178193822371,51.5507814477119],[-1.74178066229433,51.5510062320713],[-1.74177938634891,51.551231016422],[-1.74213994990103,51.5512318100341],[-1.74213867563801,51.5514565943834],[-1.74177811038744,51.5514558007641],[-1.74177683440994,51.5516805850975],[-1.74177555841639,51.5519053694223],[-1.74141498978488,51.5519045746807]]],[[[-1.74030634172192,51.5566226520218],[-1.74030762484827,51.5563978679078],[-1.74030890795847,51.5561730837851],[-1.74031019105254,51.5559482996537],[-1.74067079021253,51.5559490978493],[-1.74067207159157,51.555724313702],[-1.74103266906875,51.5557251107823],[-1.74103138938861,51.5559498949368],[-1.74103010969237,51.5561746790826],[-1.74102882998004,51.5563994632198],[-1.74102755025162,51.5566242473483],[-1.74066694597872,51.5566234502392],[-1.74030634172192,51.5566226520218]]],[[[-1.74212210876092,51.5543787901361],[-1.7421208342736,51.5546035743642],[-1.7417602452424,51.5546027806442],[-1.74139965622723,51.5546019858161],[-1.74140093411207,51.5543772016024],[-1.74104034681171,51.5543764056735],[-1.74104162637922,51.5541516214584],[-1.74140221198084,51.5541524173801],[-1.74176279759851,51.5541532121938],[-1.74176152142848,51.5543779964233],[-1.74212210876092,51.5543787901361]]],[[[-1.77175382870199,51.5418521398866],[-1.77139333627654,51.5418514374169],[-1.77139220381631,51.5420762226733],[-1.77103170962642,51.5420755190912],[-1.77103284386579,51.5418507338396],[-1.77103397809043,51.5416259485793],[-1.77139446872204,51.5416266521518],[-1.77139560115283,51.5414018668781],[-1.77175609002005,51.5414025693382],[-1.77175495936837,51.5416273546167],[-1.77175382870199,51.5418521398866]]],[[[-1.77646459406557,51.5369158919084],[-1.77646348683012,51.5371406774217],[-1.77682394210221,51.5371413642868],[-1.77682283663105,51.5373661497962],[-1.77682173114552,51.5375909352969],[-1.77646127231606,51.5375902484224],[-1.77646237958029,51.5373654629264],[-1.77610192254391,51.5373647749492],[-1.77610303157242,51.5371399894492],[-1.77610414058651,51.5369152039406],[-1.77610524958619,51.5366904184234],[-1.77610635857146,51.5364656328975],[-1.77646680849329,51.5364663208559],[-1.77646570128663,51.5366911063865],[-1.77646459406557,51.5369158919084]]],[[[-1.78120003601213,51.6014385239809],[-1.78120111636666,51.6012137407401],[-1.78120219670713,51.6009889574907],[-1.7815631492667,51.6009896305772],[-1.78192410184026,51.6009903025538],[-1.78228505442777,51.6009909734205],[-1.78228397939574,51.6012157566861],[-1.78192302503875,51.601215085814],[-1.78192194822324,51.6014398690655],[-1.7815609921107,51.6014391970782],[-1.78155991351166,51.6016639803157],[-1.78119895564357,51.601663307213],[-1.78120003601213,51.6014385239809]]],[[[-1.79445366614253,51.5443668092968],[-1.79445468503571,51.5441420237566],[-1.79409417422929,51.5441413908383],[-1.79373366343612,51.5441407568124],[-1.79337315265621,51.5441401216787],[-1.79301264188959,51.5441394854374],[-1.79265213113629,51.5441388480885],[-1.79265315889726,51.5439140625522],[-1.7922926499335,51.5439134240981],[-1.79193214098309,51.5439127845363],[-1.79193317228309,51.5436879989965],[-1.79157266512224,51.5436873583296],[-1.79121215797481,51.5436867165551],[-1.7908516508408,51.5436860736728],[-1.79085061421227,51.543910859205],[-1.79084957757028,51.5441356447285],[-1.79048906689734,51.5441350007335],[-1.79012855623788,51.5441343556308],[-1.78976804559192,51.5441337094205],[-1.78976908756251,51.5439089239047],[-1.78940857870627,51.5439082765893],[-1.78904806986357,51.5439076281662],[-1.78904911537299,51.543682842647],[-1.78868860832004,51.5436821931189],[-1.78832810128067,51.5436815424831],[-1.78832915032883,51.5434567569605],[-1.78796864507924,51.5434561052197],[-1.78760813984328,51.5434554523713],[-1.78760919243008,51.5432306668454],[-1.78796969588991,51.5432313196912],[-1.78797074668694,51.543006534154],[-1.78797179747034,51.5427817486082],[-1.7876112975627,51.5427810957677],[-1.78725079766872,51.5427804418195],[-1.7872518519906,51.5425556562704],[-1.78725290629879,51.5423308707126],[-1.78761340264067,51.5423315246555],[-1.78797389899621,51.5423321774907],[-1.78797494972637,51.5421073919352],[-1.78797600038828,51.5418826064433],[-1.78797705103657,51.5416578209427],[-1.7876165600051,51.5416571681252],[-1.78761550758254,51.5418819536188],[-1.78761445514633,51.5421067391038],[-1.78725396057994,51.5421060851647],[-1.78725501479044,51.5418812996868],[-1.78689452201202,51.5418806446472],[-1.78653402924728,51.5418799885001],[-1.78653508699264,51.5416552030277],[-1.78617459601589,51.5416545457801],[-1.78581410505288,51.5416538874249],[-1.78581516633301,51.541429101958],[-1.78545467715801,51.5414284425024],[-1.78509418799679,51.5414277819392],[-1.7850952528116,51.5412029964778],[-1.78509631761259,51.5409782110077],[-1.7854568032254,51.5409788715567],[-1.78545786623841,51.5407540860709],[-1.78581835009082,51.5407547455052],[-1.78581941131589,51.5405299600037],[-1.7861798934079,51.5405306183234],[-1.78617883395699,51.5407554038321],[-1.78653931783689,51.5407560610514],[-1.78654037551366,51.5405312755357],[-1.78690085763313,51.5405319316405],[-1.78690191352204,51.540307146109],[-1.78690296939726,51.540082360569],[-1.78726344798218,51.5400830155521],[-1.78762392658077,51.5400836694278],[-1.78798440519301,51.540084322196],[-1.78798545573228,51.5398595366261],[-1.78834593258405,51.5398601882798],[-1.78870640944943,51.539860838826],[-1.78870536245833,51.5400856244099],[-1.78834488381887,51.5400849738567],[-1.78834383504008,51.5403097594249],[-1.78834278624769,51.5405345449845],[-1.78870326843539,51.5405351955517],[-1.78906375063666,51.5405358450115],[-1.78906479588079,51.5403110594379],[-1.78906584111136,51.5400862738556],[-1.78942631977794,51.5400869221939],[-1.78978679845806,51.5400875694246],[-1.79014727715168,51.5400882155479],[-1.79014623724344,51.5403130011511],[-1.79050671772466,51.5403136461739],[-1.79086719821933,51.5403142900891],[-1.79122767872745,51.5403149328968],[-1.79158815924898,51.5403155745971],[-1.79158712642378,51.5405403602195],[-1.79194760873283,51.5405410008192],[-1.79230809105526,51.5405416403114],[-1.79266857339103,51.5405422786961],[-1.79302905574012,51.5405429159733],[-1.79338953810252,51.5405435521429],[-1.79338851413471,51.5407683377913],[-1.79374899828454,51.5407689728603],[-1.79410948244762,51.5407696068219],[-1.79446996662394,51.5407702396759],[-1.79483045081346,51.5407708714224],[-1.79482943392909,51.5409956570896],[-1.79518991990598,51.5409962877355],[-1.79518890478263,51.5412210734008],[-1.7951878896461,51.5414458590576],[-1.79554837918459,51.5414464886096],[-1.79554736580915,51.5416712742645],[-1.79554635242056,51.5418960599108],[-1.79554533901883,51.5421208455484],[-1.79590583389328,51.5421214740134],[-1.79590482222678,51.5423462596421],[-1.79626531889008,51.5423468870025],[-1.79626430898292,51.542571672624],[-1.79590381054357,51.5425710452612],[-1.79590279884723,51.5427958308716],[-1.79590178713775,51.5430206164734],[-1.79590077541514,51.5432454020666],[-1.79554027166066,51.5432447735888],[-1.79553925814878,51.5434695591709],[-1.79589976367941,51.5434701876511],[-1.79626026922316,51.5434708150237],[-1.79662077478002,51.5434714412887],[-1.79661976658346,51.5436962268695],[-1.79698027392956,51.5436968520292],[-1.79697926749611,51.5439216376038],[-1.79697826104958,51.5441464231697],[-1.79697725458999,51.5443712087271],[-1.79697624811734,51.5445959942757],[-1.79697524163162,51.5448207798158],[-1.79661472540438,51.544820154644],[-1.79625420919022,51.5448195283644],[-1.79589369298917,51.5448189009772],[-1.79589470480371,51.5445941154444],[-1.79553419039206,51.5445934869519],[-1.79517367599356,51.5445928573517],[-1.79517469134747,51.5443680718153],[-1.7948141787384,51.5443674411099],[-1.79445366614253,51.5443668092968]]],[[[-1.79935059403516,51.5783180836022],[-1.79934959808134,51.578542867913],[-1.79898881514664,51.5785422498444],[-1.7989878173995,51.5787670341396],[-1.79862703269738,51.5787664149551],[-1.79826624800825,51.5787657946616],[-1.79826724931615,51.5785410103803],[-1.79826825061104,51.5783162260903],[-1.79862903173944,51.57831684637],[-1.79898981288082,51.5783174655406],[-1.79935059403516,51.5783180836022]]],[[[-1.81317622995757,51.5502426247966],[-1.81281567096225,51.5502420492402],[-1.81281474230081,51.550466834785],[-1.81245418154168,51.5504662581148],[-1.81209362079463,51.5504656803367],[-1.81209455300778,51.5502408948038],[-1.81209548520883,51.5500161092622],[-1.81173492802555,51.5500155303881],[-1.81137437085439,51.5500149504061],[-1.81101381369537,51.5500143693161],[-1.81065325654851,51.5500137871183],[-1.81065231724414,51.5502385726361],[-1.81029175833364,51.5502379893244],[-1.81029269941384,51.5500132038127],[-1.81029364048182,51.5497884182923],[-1.81029458153759,51.5495636327632],[-1.81029552258115,51.5493388472255],[-1.8102964636125,51.5491140616791],[-1.81029740463164,51.5488892761242],[-1.80993685638797,51.5488886917405],[-1.80993591359312,51.5491134772895],[-1.80993497078603,51.5493382628299],[-1.80993402796671,51.5495630483616],[-1.80957347440807,51.5495624628521],[-1.80921292086167,51.5495618762348],[-1.80885236732756,51.5495612885096],[-1.80849181380574,51.5495606996765],[-1.8084927637281,51.5493359141688],[-1.80813221199436,51.5493353242339],[-1.80777166027298,51.5493347331911],[-1.80741110856396,51.5493341410405],[-1.80705055686733,51.549333547782],[-1.80669000518312,51.5493329534156],[-1.80669096397182,51.5491081679295],[-1.80669192274808,51.5488833824347],[-1.8066928815119,51.5486585969313],[-1.80633233516726,51.5486580014753],[-1.80633329569431,51.5484332159693],[-1.80597275113779,51.5484326194116],[-1.80561220659376,51.548432021746],[-1.80561317065963,51.5482072362435],[-1.80525262790374,51.5482066374762],[-1.80525359373272,51.5479818519712],[-1.80561413471298,51.5479824507324],[-1.80561509875383,51.5477576652126],[-1.80561606278216,51.5475328796842],[-1.80597660022377,51.5475334773254],[-1.80597756246404,51.5473086917822],[-1.80633809814258,51.5473092883096],[-1.80633905859484,51.5470845027517],[-1.80634001903464,51.5468597171851],[-1.80597948690714,51.54685912067],[-1.80561895479211,51.546858523047],[-1.80561991877041,51.546633737484],[-1.80525938844337,51.5466331387594],[-1.80489885812886,51.546632538927],[-1.8045383278269,51.5466319379869],[-1.80453929711907,51.5464071524335],[-1.80489982564557,51.5464077533675],[-1.80490079314972,51.5461829677994],[-1.80490176064132,51.5459581822226],[-1.80526228562953,51.5459587820367],[-1.80526325133318,51.5457339964452],[-1.8052642170243,51.545509210845],[-1.80562473847429,51.5455098095391],[-1.80562570237754,51.5452850239242],[-1.80598622206468,51.5452856215045],[-1.80598718418011,51.5450608358748],[-1.80598814628305,51.5448360502365],[-1.80562763014652,51.5448354526684],[-1.80562859401225,51.5446106670275],[-1.8052680796635,51.5446100683577],[-1.80490756532727,51.5446094685803],[-1.804908532731,51.544384682943],[-1.80454802018257,51.5443840820641],[-1.80454898934897,51.5441592964242],[-1.80418847858834,51.5441586944437],[-1.80418944951736,51.5439339088013],[-1.80382894054453,51.5439333057193],[-1.80346843158431,51.5439327015296],[-1.8034694060511,51.5437079158909],[-1.8031088988787,51.5437073105997],[-1.80274839171897,51.5437067042009],[-1.80274936972343,51.5434819185658],[-1.80310987510801,51.5434825249584],[-1.80311085132464,51.5432577393085],[-1.80347135494675,51.5432583445874],[-1.8034723293756,51.5430335589227],[-1.80383283123524,51.5430341630877],[-1.80383380387636,51.5428093774082],[-1.80383477650487,51.5425845917201],[-1.80419527482697,51.5425851947653],[-1.80419624566781,51.5423604090623],[-1.80419721649648,51.5421356233462],[-1.80455771128116,51.5421362252718],[-1.80455868033041,51.5419114394675],[-1.8045596493671,51.5416866536546],[-1.80456061839122,51.541461867833],[-1.80456158740277,51.5412370820027],[-1.80456255640176,51.5410122961638],[-1.80456352538818,51.5407875103163],[-1.80456449436204,51.5405627244601],[-1.8042040119921,51.5405621225797],[-1.80420498272684,51.5403373367213],[-1.80456546332333,51.5403379385952],[-1.80492594393239,51.5403385393617],[-1.80528642455398,51.5403391390206],[-1.80564690518808,51.5403397375721],[-1.80600738583468,51.540340335016],[-1.80636786649375,51.5403409313525],[-1.80672834716525,51.5403415265814],[-1.80708882784919,51.5403421207029],[-1.80744930854552,51.5403427137168],[-1.80780978925422,51.5403433056232],[-1.80781074224216,51.540118519692],[-1.8081712211898,51.5401191104846],[-1.80853170014976,51.5401197001697],[-1.80889217912204,51.5401202887472],[-1.8092526581066,51.5401208762173],[-1.80925171221235,51.5403456621739],[-1.80925076630585,51.5405704481218],[-1.80889028377442,51.5405698606391],[-1.80888933608218,51.540794646572],[-1.80888838837764,51.5410194324963],[-1.80888744066082,51.5412442184119],[-1.80888649293172,51.5414690043189],[-1.80852600331856,51.5414684157032],[-1.8085250538036,51.5416932015952],[-1.80852410427633,51.5419179874785],[-1.80888459743663,51.5419185761069],[-1.80888554519032,51.5416937902172],[-1.80924603658932,51.5416943777317],[-1.80960652800059,51.5416949641385],[-1.80960558379408,51.5419197500409],[-1.80960463957531,51.5421445359346],[-1.80996513454601,51.5421451212465],[-1.80996419211765,51.5423699070563],[-1.81032468887564,51.5423704912665],[-1.81032374821054,51.5425952770723],[-1.81068424675579,51.5425958601808],[-1.81068330785355,51.542820645984],[-1.81104380818605,51.5428212279909],[-1.81140430853069,51.5428218088903],[-1.81140524388279,51.5425970230752],[-1.8117657424645,51.5425976028609],[-1.81176667602942,51.5423728170312],[-1.81212717284819,51.5423733957035],[-1.81212810462597,51.5421486098592],[-1.81212903642946,51.5419238239215],[-1.81248952971159,51.5419244014742],[-1.81249045972942,51.5416996155215],[-1.81285095125002,51.5417001919604],[-1.81321144278264,51.5417007672917],[-1.81321051631198,51.5419255532568],[-1.81357100963021,51.5419261274868],[-1.8135700849216,51.5421509134486],[-1.81393058002555,51.542151486577],[-1.8139296571229,51.5423762724508],[-1.81392873420826,51.542601058316],[-1.81392781128165,51.5428258441725],[-1.81392688834307,51.5430506300204],[-1.81392596539251,51.5432754158597],[-1.81392504242997,51.5435002016902],[-1.81392411945546,51.5437249875122],[-1.81392319646898,51.5439497733255],[-1.81392227347051,51.5441745591301],[-1.81356176239051,51.5441739859486],[-1.81356083760484,51.5443987717387],[-1.81355991280717,51.5446235575202],[-1.8135589879975,51.544848343293],[-1.81355806317583,51.5450731290571],[-1.81319754500676,51.5450725547444],[-1.81319661839777,51.545297340494],[-1.81319569177675,51.5455221262349],[-1.81283517006903,51.5455215508027],[-1.81283424166062,51.545746336529],[-1.81247371818957,51.5457457599832],[-1.81247278799372,51.545970545695],[-1.8124718577858,51.5461953313982],[-1.81211133077601,51.5461947537327],[-1.81211039878058,51.5464195394213],[-1.81174987000745,51.5464189606422],[-1.81174893622446,51.5466437463162],[-1.81138840568798,51.5466431664234],[-1.8113874701174,51.5468679520827],[-1.81102693781756,51.5468673710762],[-1.81102600045933,51.547092156721],[-1.81066546639615,51.5470915746008],[-1.81066452725023,51.5473163602309],[-1.8103039914237,51.547315776997],[-1.81030305049004,51.5475405626125],[-1.81030210954417,51.5477653482194],[-1.81066264892182,51.5477659314653],[-1.81066170973933,51.5479907170696],[-1.81066077054466,51.5482155026651],[-1.8106598313378,51.5484402882521],[-1.8110203760545,51.5484408704081],[-1.81102131348572,51.5482160848152],[-1.81102225090477,51.5479912992137],[-1.81138279208236,51.54799188025],[-1.81138372771365,51.5477670946338],[-1.81174426712778,51.5477676745564],[-1.81174520097135,51.5475428889256],[-1.81210573862203,51.5475434677344],[-1.81210667067793,51.5473186820891],[-1.81246720656513,51.5473192597842],[-1.81246813683341,51.5470944741243],[-1.81246906708961,51.5468696884557],[-1.81282959943785,51.5468702650312],[-1.8128305279065,51.5466454793481],[-1.8131910584913,51.5466460548099],[-1.81319198517244,51.5464212691122],[-1.81319291184155,51.5461964834058],[-1.81355343888747,51.546197057748],[-1.81355251399379,51.5464218434603],[-1.81391304282715,51.5464224167007],[-1.81427357167247,51.5464229888333],[-1.81427265031772,51.5466477745487],[-1.81463318095046,51.5466483455795],[-1.81463226135924,51.5468731312921],[-1.8149927937794,51.546873701221],[-1.81535332621146,51.5468742700421],[-1.81535241015932,51.5470990557578],[-1.81571294437878,51.547099623477],[-1.81607347861009,51.5471001900884],[-1.81607256609713,51.5473249758071],[-1.81607165357233,51.5475497615172],[-1.81607074103569,51.5477745472186],[-1.81606982848721,51.5479993329114],[-1.81606891592688,51.5482241185955],[-1.81606800335471,51.548448904271],[-1.8160670907707,51.5486736899378],[-1.81570654411018,51.5486731232855],[-1.81570562973863,51.5488979089379],[-1.81570471535522,51.5491226945815],[-1.81534416515515,51.5491221268097],[-1.81534324898413,51.5493469124389],[-1.81534233280122,51.5495716980594],[-1.81498177906153,51.549571129168],[-1.81498086109095,51.549795914774],[-1.81497994310846,51.5500207003714],[-1.81461938582908,51.5500201303604],[-1.81461846605885,51.5502449159432],[-1.81425790701557,51.5502443448184],[-1.81389734798425,51.5502437725857],[-1.81353678896491,51.5502431992451],[-1.81317622995757,51.5502426247966]]],[[[-1.83242256775819,51.6107391936091],[-1.83206152964916,51.6107386762408],[-1.83206235840382,51.6105138899281],[-1.83170132209264,51.6105133714563],[-1.83134028579233,51.6105128518743],[-1.83097924950291,51.610512331182],[-1.8306182132244,51.6105118093794],[-1.83061904911611,51.610287023085],[-1.83025801463552,51.6102865001789],[-1.82989698016588,51.6102859761625],[-1.82953594570722,51.6102854510358],[-1.82917491125957,51.6102849247989],[-1.82881387682295,51.6102843974517],[-1.82845284239738,51.6102838689941],[-1.82809180798288,51.6102833394264],[-1.82773077357948,51.6102828087483],[-1.82736973918719,51.6102822769599],[-1.82700870480606,51.6102817440613],[-1.82700785104452,51.6105065302873],[-1.82664681488756,51.6105059962715],[-1.8262857787418,51.6105054611455],[-1.82592474260725,51.6105049249091],[-1.82556370648394,51.6105043875625],[-1.82520267037189,51.6105038491055],[-1.82484163427112,51.6105033095383],[-1.82448059818165,51.6105027688608],[-1.82411956210352,51.610502227073],[-1.82411869403474,51.6107270132351],[-1.82447973189988,51.6107275550298],[-1.82447886560674,51.6109523411902],[-1.82447799930224,51.611177127342],[-1.82483904075278,51.6111776680403],[-1.82520008221463,51.6111782076283],[-1.82556112368776,51.611178746106],[-1.82592216517216,51.6111792834733],[-1.82592302432846,51.6109544972939],[-1.82628406403705,51.6109550335441],[-1.82628492139505,51.6107302473491],[-1.82664595932782,51.610730782482],[-1.82700699727177,51.6107313165047],[-1.8273680352269,51.6107318494171],[-1.82736718322998,51.6109566356327],[-1.82772822298327,51.6109571674416],[-1.82808926274769,51.6109576981403],[-1.82845030252321,51.6109582277286],[-1.8288113423098,51.6109587562066],[-1.8288104974499,51.6111835424409],[-1.82917153903459,51.6111840698155],[-1.82953258063031,51.6111845960797],[-1.82953173933348,51.6114093823191],[-1.8295308980256,51.6116341685497],[-1.82953005670668,51.6118589547718],[-1.8298911036747,51.6118594799461],[-1.8298919432065,51.6116346937173],[-1.83025298839839,51.6116352177745],[-1.83025382613207,51.6114104315302],[-1.83061486954781,51.6114109544702],[-1.83097591297449,51.6114114763],[-1.83097507881501,51.6116362625578],[-1.8313361240397,51.611636783284],[-1.83133695641208,51.6114119970194],[-1.83169799986056,51.6114125166285],[-1.8320590433199,51.6114130351272],[-1.83242008679009,51.6114135525157],[-1.8327811302711,51.6114140687938],[-1.8331421737629,51.6114145839616],[-1.83350321726548,51.6114150980191],[-1.8335023956157,51.6116398843242],[-1.83350157395513,51.6118646706206],[-1.83314052687833,51.6118641565497],[-1.83313970341983,51.6120889428308],[-1.83313887995051,51.6123137291032],[-1.83313805647039,51.612538515367],[-1.83313723297945,51.6127633016222],[-1.8331364094777,51.6129880878686],[-1.83277535347571,51.6129875726538],[-1.83241429748451,51.6129870563285],[-1.83205324150413,51.6129865388928],[-1.8316921855346,51.6129860203468],[-1.83133112957593,51.6129855006903],[-1.83097007362816,51.6129849799235],[-1.8306090176913,51.6129844580463],[-1.83024796176537,51.6129839350587],[-1.83024879956503,51.6127591488663],[-1.82988774543731,51.6127586247751],[-1.82952669132056,51.6127580995735],[-1.82916563721483,51.6127575732616],[-1.82916479405345,51.6129823594335],[-1.82916395088101,51.6132071455969],[-1.82916310769749,51.6134319317516],[-1.82916226450291,51.6136567178976],[-1.82916142129727,51.613881504035],[-1.82880035826614,51.6138809765786],[-1.82879951326207,51.6141057627005],[-1.82879866824691,51.6143305488137],[-1.82879782322065,51.6145553349184],[-1.82843675483845,51.614554806331],[-1.82843590801368,51.6147795924201],[-1.82807483785513,51.6147790627154],[-1.82771376770768,51.6147785319003],[-1.82771461810729,51.6145537458249],[-1.82735354975839,51.6145532139061],[-1.82699248142064,51.614552680877],[-1.82699162744618,51.6147774669387],[-1.82663055733217,51.6147769327922],[-1.82626948722936,51.6147763975352],[-1.8262686296688,51.6150011835745],[-1.82590755778976,51.6150006472002],[-1.82590669843047,51.6152254332239],[-1.82554562477521,51.6152248957322],[-1.82554476361715,51.6154496817404],[-1.82518368818566,51.6154491431313],[-1.8251845511312,51.6152243571301],[-1.82518541406542,51.6149995711202],[-1.82518627698831,51.6147747851016],[-1.82482520693051,51.6147742454028],[-1.82482434222017,51.6149990314144],[-1.82446327038623,51.6149984905983],[-1.82410219856362,51.6149979486716],[-1.82374112675237,51.6149974056345],[-1.8233800549525,51.6149968614869],[-1.82338092681262,51.6147720755031],[-1.82374199682504,51.6147726196437],[-1.82374286688629,51.6145478336442],[-1.82338179866129,51.6145472895106],[-1.82302073044768,51.6145467442665],[-1.82265966224551,51.614546197912],[-1.82229859405478,51.614545650447],[-1.82193752587552,51.6145451018715],[-1.82157645770776,51.6145445521856],[-1.82121538955152,51.6145440013893],[-1.82085432140682,51.6145434494826],[-1.82049325327368,51.6145428964653],[-1.82013218515214,51.6145423423377],[-1.82013307307594,51.6143175563996],[-1.8197720067534,51.6143170011685],[-1.81941094044249,51.614316444827],[-1.81904987414324,51.6143158873751],[-1.81904898085726,51.614540673292],[-1.8186879127823,51.6145401147226],[-1.81868880785568,51.6143153288127],[-1.81868970291732,51.6140905428942],[-1.81832863842882,51.6140899832285],[-1.81796757481361,51.6140894225649],[-1.81760651333104,51.6140888610681],[-1.81724545185998,51.6140882984609],[-1.81724635392963,51.6138635125508],[-1.81688529420401,51.6138629488357],[-1.81652423448994,51.6138623840101],[-1.81616317478744,51.6138618180741],[-1.81616226751605,51.6140866039764],[-1.81580120609124,51.6140860369274],[-1.81544014467803,51.6140854687679],[-1.81543923392714,51.6143102546563],[-1.81507817079164,51.6143096853837],[-1.8150772582951,51.6145344712609],[-1.8147161934373,51.6145339008752],[-1.81471527919508,51.6147586867411],[-1.81435421261498,51.6147581152423],[-1.8139931460466,51.6147575426331],[-1.81399222832464,51.614982328485],[-1.81363116003398,51.6149817547626],[-1.81363024056622,51.6152065406033],[-1.81326917055329,51.6152059657677],[-1.81326824933969,51.615430751597],[-1.81290717760448,51.6154301756483],[-1.81254610588106,51.615429598589],[-1.8125451811875,51.6156543844043],[-1.81218410774184,51.6156538062319],[-1.81218318130232,51.6158785920359],[-1.81218225485093,51.6161033778313],[-1.81254333176481,51.6161039560091],[-1.81254240703567,51.6163287417986],[-1.81290348569551,51.6163293188687],[-1.81290256268867,51.6165541046522],[-1.81290163966999,51.6167788904271],[-1.8125405575418,51.6167783133516],[-1.81217947542543,51.6167777351656],[-1.81218040191248,51.6165529493961],[-1.81218132838765,51.616328163618],[-1.81182024975147,51.6163275843269],[-1.81182117794889,51.6161027985428],[-1.81146010105872,51.6161022181439],[-1.81145917112716,51.6163270039252],[-1.81145824118367,51.6165517896979],[-1.81109716083709,51.616551208183],[-1.81109622914748,51.6167759939443],[-1.81073514707862,51.6167754113161],[-1.81073421364286,51.617000197066],[-1.81109529744592,51.617000779697],[-1.8114563812609,51.6170013612174],[-1.81145545195678,51.6172261472566],[-1.81109436640029,51.6172255657338],[-1.81073328085575,51.6172249831003],[-1.81073234915734,51.6174497696142],[-1.81037126188345,51.6174491858734],[-1.81037219532316,51.6172243993562],[-1.81001110980256,51.6172238145016],[-1.81001017462155,51.617448601022],[-1.80964908737166,51.6174480150599],[-1.80965002429396,51.6172232285363],[-1.8092889387974,51.6172226414604],[-1.80928987855015,51.6169978554365],[-1.80892879480698,51.6169972672527],[-1.80892973691377,51.6167724815166],[-1.80856865491685,51.616771892225],[-1.80856959874574,51.6165471064831],[-1.80820851849507,51.6165465160838],[-1.80820946404601,51.616321730336],[-1.80821040958482,51.6160969445796],[-1.80784933281454,51.6160963530754],[-1.80785028007533,51.6158715673131],[-1.80748920505127,51.6158709747012],[-1.80749015403399,51.6156461889332],[-1.80749110300454,51.6154214031565],[-1.80785217456043,51.6154219957628],[-1.80821324612844,51.6154225872586],[-1.80857431770854,51.6154231776439],[-1.8089353893007,51.6154237669187],[-1.80893633132288,51.6151989811222],[-1.80929740119304,51.6151995692837],[-1.80965847107522,51.6152001563347],[-1.8100195409694,51.6152007422752],[-1.81002047777742,51.6149759564617],[-1.81038154594955,51.614976541289],[-1.81074261413364,51.6149771250058],[-1.81074354746163,51.6147523391782],[-1.81110461392364,51.6147529217817],[-1.81110554550568,51.6145281359427],[-1.81110647707577,51.6143033500951],[-1.81146754008175,51.6143039315827],[-1.81146846990595,51.6140791457238],[-1.81182953118989,51.6140797260982],[-1.81183045926825,51.6138549402279],[-1.81219151883013,51.6138555194892],[-1.8121924451627,51.6136307336075],[-1.81219337148338,51.6134059477172],[-1.81255442758935,51.6134065258626],[-1.81255535216431,51.613181739961],[-1.81291640654825,51.6131823169933],[-1.81291732937752,51.6129575310804],[-1.81291825219496,51.6127327451588],[-1.81327930312307,51.6127333210753],[-1.81364035406296,51.6127338958814],[-1.81400140501459,51.6127344695772],[-1.81400232261886,51.6125096836389],[-1.81400324021136,51.612284897692],[-1.8140041577921,51.6120601117365],[-1.81400507536107,51.6118353257724],[-1.81400599291827,51.6116105397997],[-1.81436703521296,51.6116111123717],[-1.81436795102473,51.6113863263877],[-1.81436886682476,51.611161540395],[-1.81400782799736,51.6111609678283],[-1.81400874551927,51.6109361818296],[-1.81364770843722,51.6109356081553],[-1.81364862768095,51.6107108221507],[-1.81364954691289,51.6104860361375],[-1.81365046613304,51.6102612501156],[-1.81401149801437,51.610261823782],[-1.81401241548921,51.6100370377488],[-1.81437344564873,51.6100376103022],[-1.81437436137829,51.6098128242578],[-1.81437527709612,51.6095880382047],[-1.8143761928022,51.609363252143],[-1.81473721777297,51.6093638235782],[-1.81473813173387,51.6091390375052],[-1.81473904568305,51.6089142514236],[-1.81473996289288,51.6086894666464],[-1.81474088301949,51.6084646830358],[-1.81474180313431,51.6082398994165],[-1.81474272323736,51.6080151157885],[-1.81474364332862,51.6077903321519],[-1.8147445634081,51.6075655485066],[-1.81510557443858,51.6075661187862],[-1.8154665854808,51.6075666879556],[-1.81582759653476,51.6075672560148],[-1.81618860760042,51.6075678229639],[-1.81654961867777,51.6075683888028],[-1.81691062976677,51.6075689535315],[-1.81727164086741,51.6075695171501],[-1.81763265197967,51.6075700796585],[-1.81763174586675,51.6077948633505],[-1.81799275873642,51.6077954247545],[-1.81835377276583,51.607795985247],[-1.81871478712831,51.6077965446848],[-1.8190758015026,51.6077971030124],[-1.81943681588868,51.60779766023],[-1.81943771305941,51.6075728764851],[-1.81943861021838,51.6073480927315],[-1.81943950736557,51.6071233089693],[-1.81980051635416,51.6071238650399],[-1.81980141168654,51.6068990812567],[-1.82016241888383,51.6068996362049],[-1.82052342609283,51.606900190043],[-1.82052253436652,51.6071249738507],[-1.82052164262851,51.6073497576497],[-1.82016063181341,51.6073492037871],[-1.82015973826062,51.6075739875652],[-1.8201588446961,51.6077987713346],[-1.8205198591174,51.6077993252217],[-1.82088087355039,51.6077998779987],[-1.82124188799505,51.6078004296655],[-1.82160290245135,51.6078009802222],[-1.82196391691928,51.6078015296687],[-1.82232493139881,51.6078020780051],[-1.82232581414467,51.6075772941624],[-1.82268682683267,51.6075778413764],[-1.82268770776386,51.6073530575128],[-1.82268858868349,51.6071282736406],[-1.82304959777689,51.6071288197201],[-1.82305047688192,51.606904035827],[-1.8234114841838,51.6069045807843],[-1.82377249149719,51.6069051246315],[-1.82413349882206,51.6069056673685],[-1.82449450615839,51.6069062089955],[-1.82485551350615,51.6069067495123],[-1.82521652086532,51.6069072889191],[-1.82557752823588,51.6069078272157],[-1.82557666175214,51.6071326111939],[-1.8259376709371,51.6071331483925],[-1.82593680624505,51.6073579323741],[-1.82593594154165,51.607582716347],[-1.8259350768269,51.6078075003112],[-1.8259342121008,51.6080322842668],[-1.82593334736334,51.6082570682137],[-1.82593248261454,51.6084818521519],[-1.82629350262959,51.608482388313],[-1.82629436557521,51.6082576043627],[-1.82629522850951,51.6080328204037],[-1.82665624492953,51.6080333554305],[-1.82665710604936,51.6078085714507],[-1.82665796715789,51.6075837874623],[-1.82701897998296,51.6075843213548],[-1.8270198392771,51.6073595373456],[-1.82702069855995,51.6071347533277],[-1.82738170779014,51.6071352860859],[-1.82774271703158,51.6071358177339],[-1.82810372628424,51.6071363482719],[-1.82810287241058,51.6073611323259],[-1.8284638834775,51.6073616617658],[-1.82846303139573,51.6075864458232],[-1.82846217930276,51.607811229872],[-1.82882319398707,51.6078117582258],[-1.82882404427692,51.607586974165],[-1.82918505716927,51.6075875013966],[-1.82918590564486,51.6073627173151],[-1.82954691674525,51.6073632434246],[-1.82990792785674,51.6073637684239],[-1.83026893897931,51.6073642923132],[-1.83062995011295,51.6073648150922],[-1.83099096125762,51.6073653367612],[-1.8313519724133,51.60736585732],[-1.83135113475625,51.6075906414735],[-1.8313502970882,51.6078154256184],[-1.83171131186108,51.607815945091],[-1.83207232664492,51.6078164634535],[-1.83243334143971,51.6078169807058],[-1.83243250917007,51.6080417648779],[-1.83243167688951,51.6082665490412],[-1.83279269530152,51.6082670652073],[-1.83315371372442,51.6082675802632],[-1.83315288503929,51.6084923644418],[-1.83351390527626,51.6084928783994],[-1.83387492552407,51.6084933912469],[-1.83387410043448,51.6087181754407],[-1.83423512249632,51.6087186871899],[-1.83459614456897,51.6087191978289],[-1.83495716686507,51.6087197075031],[-1.83531818930784,51.60872021616],[-1.83531737465104,51.6089450017406],[-1.83531656204739,51.6091697881698],[-1.83531574943309,51.6093945745904],[-1.83531493680813,51.6096193610024],[-1.83531412417252,51.6098441474057],[-1.83531331152626,51.6100689338003],[-1.83531249886935,51.6102937201864],[-1.8349514639229,51.6102932114897],[-1.83495064947206,51.6105179978629],[-1.83458961288433,51.6105174881422],[-1.83458879663873,51.610742274502],[-1.83422775846514,51.6107417637956],[-1.83422694042179,51.6109665501401],[-1.83386590047187,51.6109660383166],[-1.83350486053267,51.6109655253829],[-1.83314382060423,51.6109650113389],[-1.83314464400867,51.6107402250146],[-1.83278360587803,51.610739709867],[-1.83242256775819,51.6107391936091]]],[[[-1.81290348569551,51.6163293188687],[-1.81290440869051,51.6161045330765],[-1.81254333176481,51.6161039560091],[-1.81254425648209,51.6158791702111],[-1.81290533167367,51.6158797472757],[-1.81326640687705,51.6158803232299],[-1.81362748209221,51.6158808980735],[-1.81362656257728,51.6161056838796],[-1.81362564305056,51.6163304696772],[-1.81326456436715,51.6163298948282],[-1.81290348569551,51.6163293188687]]],[[[-1.81220726486793,51.6100341583275],[-1.81220819099853,51.6098093722991],[-1.8118471626432,51.6098087930867],[-1.8118480904954,51.6095840070524],[-1.8118490183357,51.6093592210096],[-1.81221004322409,51.6093598002166],[-1.81221096931905,51.6091350141623],[-1.81257199248584,51.6091355922563],[-1.81293301566444,51.6091361692401],[-1.81293209303635,51.6093609552998],[-1.81293117039643,51.6095857413508],[-1.81257014375093,51.6095851643616],[-1.81256921936569,51.6098099504013],[-1.81293024774467,51.6098105273931],[-1.81292932508108,51.6100353134269],[-1.81329035520536,51.6100358893111],[-1.81328943426347,51.6102606753389],[-1.81292840240566,51.610260099452],[-1.81256737055965,51.6102595224547],[-1.81220633872545,51.6102589443472],[-1.81220726486793,51.6100341583275]]],[[[-1.815978504699,51.5704778626021],[-1.81633922358713,51.5704784286212],[-1.8163383115073,51.5707032134594],[-1.81633739941565,51.570927998289],[-1.81633648731217,51.5711527831099],[-1.81597576309576,51.5711522170723],[-1.81561503889119,51.571151649926],[-1.81561595454691,51.5709268651174],[-1.81561687019076,51.5707020803002],[-1.81597759084311,51.5707026474341],[-1.815978504699,51.5704778626021]]],[[[-1.822066522679,51.5817265726203],[-1.82206563853588,51.5819513571696],[-1.82206475438126,51.5821761417103],[-1.82242556512256,51.5821766892656],[-1.82242468273967,51.582401473803],[-1.8224238003453,51.5826262583318],[-1.82242291793945,51.5828510428519],[-1.8220621018484,51.5828504952805],[-1.82170128576884,51.5828499465999],[-1.82170039978492,51.5830747311007],[-1.82133958193358,51.5830741813055],[-1.82097876409379,51.5830736304011],[-1.82097965364431,51.5828488459112],[-1.82098054318325,51.5826240614125],[-1.82098143271063,51.5823992769053],[-1.82098232222644,51.5821744923894],[-1.82098321173068,51.5819497078648],[-1.82098410122335,51.5817249233316],[-1.82098499070445,51.5815001387898],[-1.82134579606164,51.5815006896564],[-1.82170660143037,51.581501239414],[-1.82170571551559,51.5817260239666],[-1.822066522679,51.5817265726203]]],[[[-1.84844165938785,51.5709739532074],[-1.84808093692317,51.5709734855137],[-1.84772021446831,51.5709730167112],[-1.84735949202327,51.5709725468],[-1.84699876958809,51.5709720757801],[-1.84699953040863,51.5707472905673],[-1.84663880976206,51.5707468184431],[-1.84663957235143,51.5705220332261],[-1.84664033493089,51.5702972480005],[-1.84664109750045,51.5700724627662],[-1.84628038219986,51.5700719895466],[-1.84628114653816,51.5698472043081],[-1.84592043302613,51.5698467299843],[-1.84591966690919,51.5700715152183],[-1.84591890078229,51.5702963004437],[-1.84555818372291,51.5702958250023],[-1.84519746667349,51.5702953484521],[-1.84519669697926,51.57052013366],[-1.84483597816114,51.5705196559967],[-1.84447525935304,51.5705191772247],[-1.84411454055498,51.5705186973439],[-1.84411376551462,51.5707434825297],[-1.84411299046419,51.5709682677068],[-1.8444737128197,51.5709687475965],[-1.84447293953797,51.5711935327695],[-1.84483366368228,51.571194011555],[-1.84519438783661,51.5711944892317],[-1.8451936181024,51.571419274405],[-1.8455543440455,51.5714197509774],[-1.8455535760801,51.5716445361465],[-1.84555280810473,51.571869321307],[-1.84519207860399,51.5718688447256],[-1.84483134911324,51.5718683670355],[-1.84447061963251,51.5718678882366],[-1.84410989016182,51.5718674083289],[-1.84410911506107,51.5720921934629],[-1.84410833995024,51.5723169785881],[-1.84410756482935,51.5725417637048],[-1.84446829963667,51.5725422436259],[-1.84446752628463,51.5727670287384],[-1.84446675292255,51.5729918138422],[-1.84482749129777,51.5729922926635],[-1.84518822968301,51.572992770376],[-1.84518745986882,51.5732175554802],[-1.84518669004463,51.5734423405757],[-1.84518592021045,51.5736671256626],[-1.84554666394265,51.5736676022797],[-1.84554589587751,51.5738923873624],[-1.84590664139872,51.5738928628751],[-1.84590587510266,51.5741176479536],[-1.84590510879664,51.5743424330235],[-1.84554435971729,51.5743419575019],[-1.84554359162221,51.5745667425587],[-1.84518284077372,51.5745662659238],[-1.84482208993523,51.57456578818],[-1.84446133910675,51.5745653093273],[-1.84446056566431,51.574790094362],[-1.84482131827192,51.5747905732192],[-1.84518207088954,51.5747910509675],[-1.84518130099536,51.5750158360025],[-1.84518053109119,51.5752406210289],[-1.84517976117701,51.5754654060467],[-1.84481900322186,51.575464928285],[-1.84445824527673,51.5754644494144],[-1.84409748734164,51.5754639694349],[-1.84409671208452,51.5756887544391],[-1.84409593681766,51.5759135394352],[-1.84409516154075,51.5761383244227],[-1.84373439828752,51.5761378433308],[-1.84373362122451,51.5763626283085],[-1.84373284415142,51.5765874132777],[-1.84409361095676,51.5765878943718],[-1.84409283564968,51.5768126793334],[-1.84445360424116,51.5768131593197],[-1.84445283070014,51.5770379442738],[-1.84445205714908,51.5772627292192],[-1.84445128358799,51.5774875141561],[-1.84445051001686,51.5777122990843],[-1.8440897343208,51.5777118190937],[-1.8437289586348,51.5777113379941],[-1.84372818150123,51.5779361229115],[-1.84408895896344,51.5779366040122],[-1.84408818359602,51.5781613889221],[-1.84408740821855,51.5783861738233],[-1.84444818924329,51.5783866538172],[-1.84480897027805,51.578387132702],[-1.84480974210303,51.5781623477986],[-1.84444896284451,51.5781618689148],[-1.8444497364357,51.5779370840039],[-1.844810513918,51.5779375628865],[-1.84481128572295,51.5777127779659],[-1.84517206143905,51.5777132557385],[-1.84553283716513,51.5777137324021],[-1.84553360540771,51.5774889474706],[-1.84589437936757,51.5774894230242],[-1.84589361290117,51.5777142079566],[-1.84589284642483,51.5779389928805],[-1.84553206891258,51.5779385173248],[-1.8451712914103,51.5779380406602],[-1.84517052137156,51.5781628255733],[-1.84553130065007,51.578163302239],[-1.84553053237759,51.5783880871446],[-1.84589131344231,51.5783885627023],[-1.84625209451698,51.578389037151],[-1.84661287560155,51.5783895104907],[-1.84697365669602,51.5783899827213],[-1.84697289551867,51.5786147676224],[-1.84697213433145,51.5788395525148],[-1.84697137313436,51.5790643373986],[-1.84697061192739,51.5792891222738],[-1.84660982372768,51.5792886500391],[-1.84624903553787,51.5792881766953],[-1.84588824735798,51.5792877022424],[-1.84552745918803,51.5792872266805],[-1.84516667102804,51.5792867500095],[-1.84480588287803,51.5792862722294],[-1.84444509473804,51.5792857933403],[-1.84444432108664,51.5795105781995],[-1.84408353118031,51.5795100982002],[-1.84372274128403,51.5795096170918],[-1.84372196406982,51.5797344019402],[-1.84372118684553,51.57995918678],[-1.84372040961116,51.5801839716111],[-1.84335961439573,51.5801834893904],[-1.84335883537482,51.5804082742118],[-1.84299803839303,51.5804077908808],[-1.84299725758554,51.5806325756925],[-1.8433580563438,51.5806330590246],[-1.84335727730268,51.5808578438288],[-1.84335649825145,51.5810826286243],[-1.84299569594016,51.58108214529],[-1.84299491510228,51.5813069300758],[-1.84263411102456,51.5813064456312],[-1.84263332839998,51.5815312304073],[-1.84227252255584,51.5815307448524],[-1.84227173814451,51.5817555296187],[-1.84191093053395,51.5817550429536],[-1.84155012293359,51.5817545551793],[-1.84118931534344,51.5817540662958],[-1.84118852559209,51.58197885105],[-1.84118773583049,51.5822036357956],[-1.84118694605864,51.5824284205326],[-1.84154775897871,51.5824289094196],[-1.84154697097331,51.5826536941491],[-1.84154618295768,51.58287847887],[-1.84154539493183,51.5831032635822],[-1.84118457668164,51.5831027746918],[-1.84118378686881,51.5833275593943],[-1.8408229668521,51.5833270693934],[-1.84082217525225,51.5835518540861],[-1.84046135346903,51.5835513629749],[-1.84010053169609,51.5835508707545],[-1.84009973653237,51.5837756554362],[-1.83973891299295,51.5837751621053],[-1.83937808946386,51.5837746676651],[-1.83901726594513,51.5837741721158],[-1.83901806643925,51.5835493874377],[-1.8386572447077,51.5835488907803],[-1.83865804696822,51.5833241060948],[-1.83829722702385,51.5833236083294],[-1.83829642298656,51.5835483930136],[-1.83829561893883,51.5837731776893],[-1.83793479545131,51.5837726788122],[-1.83757397197425,51.5837721788258],[-1.83757477957557,51.5835473941527],[-1.83721395788577,51.5835468930583],[-1.83685313620647,51.5835463908547],[-1.83649231453769,51.5835458875419],[-1.83613149287945,51.5835453831199],[-1.83577067123178,51.5835448775886],[-1.83540984959469,51.5835443709481],[-1.83504902796821,51.5835438631983],[-1.83504984799649,51.5833190785255],[-1.83468902813011,51.5833185696808],[-1.83468984992583,51.583093785001],[-1.83469067171086,51.5828690003125],[-1.83432985524268,51.5828684904535],[-1.83432903167434,51.5830932751369],[-1.83396821343356,51.5830927641637],[-1.8339690387852,51.5828679794854],[-1.83360822233846,51.582867467408],[-1.83360904946265,51.5826426827261],[-1.83324823480995,51.5826421695446],[-1.83324906370663,51.5824173848591],[-1.83288825084797,51.5824168705736],[-1.83252743800011,51.5824163551789],[-1.83216662516307,51.582415838675],[-1.83216745939868,51.5821910539962],[-1.83180664835572,51.5821905363882],[-1.83180748436369,51.5819657517059],[-1.83144667511482,51.5819652329939],[-1.8314475128951,51.5817404483081],[-1.83144835066449,51.5815156636136],[-1.831809156347,51.5815161823153],[-1.83180999232235,51.5812913976071],[-1.83217079623259,51.5812919151945],[-1.83217163041394,51.5810671304725],[-1.83253243255191,51.5810676469457],[-1.83253326493931,51.5808428622099],[-1.83253409731588,51.5806180774655],[-1.83217329874408,51.5806175610025],[-1.83217413289288,51.5803927762546],[-1.83181333611497,51.5803922586876],[-1.83181250018313,51.5806170434304],[-1.83145170163304,51.5806165247492],[-1.83145086390725,51.5808413094783],[-1.83145002617056,51.5810660941987],[-1.8310892240652,51.5810655743981],[-1.83108838453449,51.5812903591048],[-1.83072758065693,51.5812898381899],[-1.83072673933216,51.5815146228828],[-1.83072589799645,51.581739407567],[-1.83036509056352,51.5817388855327],[-1.83000428314155,51.5817383623893],[-1.83000343822852,51.5819631470545],[-1.8300025933045,51.5821879317111],[-1.82964178232712,51.5821874074482],[-1.82964093560887,51.5824121920909],[-1.82928012285927,51.5824116667137],[-1.8289193101207,51.5824111402272],[-1.82891845982493,51.582635924851],[-1.82855764531416,51.5826353972502],[-1.82855679322404,51.5828601818601],[-1.82891760951809,51.5828607094661],[-1.82891675920019,51.5830854940726],[-1.82891590887123,51.5833102786704],[-1.8289150585312,51.5835350632596],[-1.82855423688718,51.5835345356379],[-1.82819341525424,51.5835340069071],[-1.82819426916096,51.5833092223283],[-1.82819512305657,51.5830844377409],[-1.82819597694107,51.5828596531449],[-1.82783516066921,51.5828591233205],[-1.82783430500141,51.5830839079113],[-1.82747348695737,51.5830833769725],[-1.8274726294951,51.5833081615495],[-1.82711180967889,51.5833076294962],[-1.82711095042213,51.5835324140593],[-1.82675012883374,51.5835318808916],[-1.82675098987385,51.5833070963338],[-1.82639017008001,51.5833065620621],[-1.82639103289225,51.5830817775009],[-1.82603021489295,51.5830812421253],[-1.82602935029739,51.5833060266812],[-1.82566853052601,51.5833054901912],[-1.82566939690489,51.5830807056405],[-1.82567026327251,51.5828559210812],[-1.82530944707902,51.5828553834924],[-1.82531031521865,51.5826305989297],[-1.82531118334699,51.5824058143584],[-1.82495037073132,51.5824052756711],[-1.82458955812696,51.5824047358746],[-1.82459042981047,51.5821799513052],[-1.82495124063159,51.5821804910964],[-1.82495211052055,51.5819557065131],[-1.82531291956978,51.5819562451898],[-1.8256737286303,51.5819567827574],[-1.82567459494157,51.5817319981549],[-1.82567546124158,51.5815072135437],[-1.82531465574741,51.5815066759866],[-1.82531552381929,51.5812818913721],[-1.82531639187987,51.5810571067489],[-1.82567719380778,51.5810576442953],[-1.82567806007399,51.5808328596582],[-1.82603886023007,51.5808333960903],[-1.8263996603974,51.5808339314133],[-1.82640052308619,51.580609146757],[-1.82676132148166,51.5806096809656],[-1.82676218237619,51.5803848962954],[-1.82676304325952,51.5801601116165],[-1.82676390413165,51.579935326929],[-1.82712469718924,51.5799358600128],[-1.8271255562672,51.5797110753114],[-1.82676476499258,51.5797105422329],[-1.82676562584232,51.5794857575281],[-1.82676648668086,51.5792609728147],[-1.82712727438959,51.5792615058827],[-1.82712813343402,51.5790367211554],[-1.82712899246729,51.5788119364195],[-1.82712985148937,51.5785871516749],[-1.82713071050029,51.5783623669217],[-1.82713156950003,51.5781375821598],[-1.8271324284886,51.5779127973893],[-1.8274932055114,51.5779133293168],[-1.82749406270602,51.5776885445324],[-1.8274949198895,51.5774637597394],[-1.82785569335792,51.5774642905475],[-1.82785654874753,51.5772395057406],[-1.82785740412601,51.577014720925],[-1.82821817404013,51.5770152506137],[-1.82857894396534,51.5770157791935],[-1.82857979576734,51.5767909943589],[-1.82894056392096,51.5767915218244],[-1.82894141392922,51.576566736976],[-1.82930218031123,51.5765672633274],[-1.82966294670427,51.5765677885699],[-1.83002371310832,51.5765683127035],[-1.83038447952334,51.5765688357281],[-1.83074524594933,51.5765693576438],[-1.83110601238625,51.5765698784505],[-1.83146677883409,51.5765703981483],[-1.83146594130442,51.5767951830329],[-1.83146510376385,51.5770199679089],[-1.83146426621239,51.5772447527763],[-1.83182503801915,51.5772452713805],[-1.83218580983679,51.5772457888758],[-1.83218664382284,51.5770210039982],[-1.83254741386862,51.5770215203794],[-1.83254824606114,51.5767967354881],[-1.83254907824285,51.5765719505881],[-1.8329098447341,51.5765724658501],[-1.83327061123616,51.5765729800032],[-1.83363137774899,51.5765734930473],[-1.83399214427257,51.5765740049825],[-1.83399131922149,51.5767987899029],[-1.83435208753846,51.5767993007342],[-1.83471285586613,51.5767998104566],[-1.83507362418979,51.5768003192624],[-1.83507280446994,51.5770251041853],[-1.83543357457929,51.5770256118971],[-1.83543439252304,51.5768008269728],[-1.83579516086689,51.5768013335743],[-1.83615592922132,51.5768018390669],[-1.83615674360229,51.5765770541314],[-1.83615755797269,51.5763522691873],[-1.83651832278554,51.5763527735683],[-1.83651913536935,51.5761279886143],[-1.8368798984167,51.5761284918851],[-1.83724066147456,51.5761289940469],[-1.83760142454291,51.5761294950998],[-1.83796218762173,51.5761299950438],[-1.83832295071099,51.5761304938788],[-1.83832375440417,51.5759057089099],[-1.83868451572784,51.5759062066347],[-1.83904527706191,51.5759067032506],[-1.83940603840635,51.5759071987576],[-1.83976679976114,51.5759076931556],[-1.84012756112626,51.5759081864447],[-1.84048832250168,51.5759086786249],[-1.84048911552848,51.5756838936401],[-1.8408498751382,51.5756843847102],[-1.84085066638156,51.5754595997188],[-1.84085145764611,51.5752348147553],[-1.84085224890038,51.5750100297832],[-1.84085304014438,51.5747852448024],[-1.84085383137809,51.574560459813],[-1.84121458210511,51.5745609497543],[-1.84121537154945,51.5743361647517],[-1.84157612050761,51.5743366535796],[-1.84157690816262,51.5741118685637],[-1.84193765535193,51.5741123562782],[-1.84229840255144,51.5741128428839],[-1.8422991866381,51.5738880578503],[-1.84265993206873,51.5738885433425],[-1.84302067750952,51.573889027726],[-1.84302145802792,51.5736642426747],[-1.84338220169981,51.5736647259447],[-1.84374294538181,51.573665208106],[-1.84374372233205,51.573440423037],[-1.84338298042906,51.5734399408803],[-1.84302223853619,51.5734394576148],[-1.84266149665345,51.5734389732404],[-1.84230075478086,51.5734384877572],[-1.84229997071457,51.5736632728081],[-1.84193922707315,51.5736627862115],[-1.84157848344194,51.5736622985061],[-1.84121773982095,51.5736618096919],[-1.84085699621021,51.5736613197689],[-1.84049625260974,51.573660828737],[-1.84049545963809,51.5738856137564],[-1.84013471426888,51.5738851216111],[-1.83977396890999,51.573884628357],[-1.83941322356144,51.573884133994],[-1.83905247822326,51.5738836385222],[-1.83905167812508,51.5741084235146],[-1.83869093101823,51.5741079269293],[-1.83833018392179,51.5741074292352],[-1.83833098757808,51.5738826442521],[-1.83869173289546,51.5738831419416],[-1.83869253476228,51.5736583569452],[-1.83869333661869,51.5734335719402],[-1.83869413846468,51.5732087869265],[-1.83869494030026,51.5729840019042],[-1.83869574212543,51.5727592168733],[-1.83869654394018,51.5725344318337],[-1.83869734574452,51.5723096467854],[-1.83869814753845,51.5720848617286],[-1.83869894932196,51.5718600766631],[-1.83869975109506,51.5716352915889],[-1.83870055285775,51.5714105065061],[-1.83906127861744,51.5714110030359],[-1.83906207859094,51.5711862179399],[-1.83906287855405,51.5709614328352],[-1.83906367850676,51.5707366477218],[-1.83906447844909,51.5705118625999],[-1.83942519710419,51.5705123580024],[-1.83942599525744,51.5702875728672],[-1.83978671214421,51.5702880671565],[-1.84014742904132,51.5702885603371],[-1.84014822362688,51.570063775184],[-1.84050893875564,51.5700642672513],[-1.84050973155224,51.569839482085],[-1.84051052433854,51.5696146969101],[-1.84014981276704,51.5696142048519],[-1.83978910120586,51.5696137116851],[-1.83942838965501,51.5696132174097],[-1.83942918776681,51.5693884322399],[-1.83942998586824,51.5691636470615],[-1.83979069386191,51.5691641413277],[-1.83979149017443,51.568939356136],[-1.8397922864766,51.5687145709357],[-1.83979308276844,51.5684897857267],[-1.83979387904993,51.5682650005091],[-1.83979467532108,51.5680402152829],[-1.83979547158189,51.567815430048],[-1.84015616891496,51.567815923178],[-1.84051686625833,51.5678164151995],[-1.840877563612,51.5678169061123],[-1.84123826097594,51.5678173959165],[-1.84123905011276,51.5675926106547],[-1.84159974570853,51.5675930993457],[-1.84196044131452,51.5675935869282],[-1.8423211369307,51.5675940734021],[-1.84268183255707,51.5675945587674],[-1.84304252819358,51.5675950430241],[-1.84340322384022,51.5675955261723],[-1.84376391949697,51.5675960082118],[-1.84376469617482,51.5673712229096],[-1.84412539006327,51.567371703836],[-1.84448608396177,51.5673721836539],[-1.8448467778703,51.5673726623632],[-1.84520747178885,51.5673731399639],[-1.84556816571739,51.567373616456],[-1.8459288596559,51.5673740918395],[-1.84592962565346,51.5671493065018],[-1.84629031782355,51.5671497807723],[-1.84629108211076,51.5669249954091],[-1.84593039171949,51.5669245211448],[-1.84593115777689,51.5666997357789],[-1.84593192382434,51.5664749504044],[-1.84593268986184,51.5662501650213],[-1.84629337491728,51.5662506392668],[-1.84629413916628,51.5660258538687],[-1.84665482245308,51.5660263269995],[-1.84701550574978,51.5660267990217],[-1.84701474505791,51.5662515844323],[-1.84737543014305,51.5662520553522],[-1.84737618905635,51.5660272699354],[-1.84773687237278,51.5660277397405],[-1.84773611523804,51.5662525251636],[-1.84773535809346,51.566477310578],[-1.84809604497687,51.566477779287],[-1.84809528960107,51.566702564699],[-1.84845597827289,51.5667030323057],[-1.8488166669545,51.5667034988039],[-1.84881591512615,51.5669282842196],[-1.84917660559615,51.5669287496155],[-1.84953729607589,51.5669292139028],[-1.84953654779797,51.5671539993211],[-1.84989724006622,51.5671544625059],[-1.84989649363071,51.567379247892],[-1.84989574718551,51.5676040332695],[-1.84989500073062,51.5678288186384],[-1.85025569834374,51.5678292807276],[-1.85061639596653,51.5678297417083],[-1.85061565305882,51.5680545270772],[-1.85025495365759,51.5680540660922],[-1.84989425426603,51.5680536039986],[-1.84989350779175,51.5682783893502],[-1.84953280663142,51.5682779261436],[-1.8491721054808,51.5682774618284],[-1.84917135543985,51.5685022471626],[-1.84881065252049,51.5685017817345],[-1.84880990069129,51.5687265670557],[-1.84844919600318,51.5687261005145],[-1.84844844238569,51.5689508858226],[-1.84808773592883,51.5689504181684],[-1.848086980523,51.5691752034636],[-1.84772627229739,51.5691747346963],[-1.84772551510318,51.5693995199784],[-1.84736480510882,51.5693990500981],[-1.84736404612617,51.5696238353672],[-1.84736328713367,51.5698486206276],[-1.84772400068524,51.5698490905167],[-1.84772324346152,51.5700738757729],[-1.84772248622797,51.5702986610204],[-1.84808320334669,51.5702991298097],[-1.848082447882,51.570523915053],[-1.84844316678922,51.5705243827379],[-1.84844241309342,51.570749167977],[-1.84844165938785,51.5709739532074]]],[[[-1.84844165938785,51.5709739532074],[-1.8488023818623,51.5709744197924],[-1.84916310434653,51.5709748852687],[-1.84916235418868,51.5711996704992],[-1.8495230784614,51.5712001348712],[-1.8495223300726,51.5714249200974],[-1.84916160402109,51.5714244557211],[-1.84916085384376,51.5716492409344],[-1.84880012602319,51.571648775445],[-1.84843939821238,51.5716483088468],[-1.84807867041135,51.5716478411399],[-1.8480794259251,51.5714230559398],[-1.84808018142904,51.5711982707311],[-1.84844090567248,51.5711987384292],[-1.84844165938785,51.5709739532074]]]]}}