{"type":"Feature","properties":{"code":"E63001295","name":"Manchester"},"geometry":{"type":"MultiPolygon","coordinates":[[[[-2.29279639772678,53.4453496354939],[-2.29242000567052,53.4453505587626],[-2.29242154368733,53.4455752703527],[-2.29204514959672,53.4455761924322],[-2.29166875548524,53.4455771133257],[-2.29167028949601,53.445801824901],[-2.29129389335021,53.4458027446053],[-2.29091749718358,53.4458036631235],[-2.2909190271882,53.4460283746841],[-2.29092055721362,53.4462530862362],[-2.29054415699917,53.446254003562],[-2.29054568503183,53.4464787151025],[-2.29054721308524,53.4467034266346],[-2.2901708088229,53.4467043427679],[-2.29017233488348,53.4469290542884],[-2.28979592858678,53.4469299692324],[-2.28979745265446,53.4471546807412],[-2.28942104432342,53.4471555944959],[-2.28904463597169,53.4471565070646],[-2.28866822759929,53.4471574184471],[-2.2886667095725,53.446932706948],[-2.28829030319309,53.4469336171477],[-2.28828878720053,53.4467089056434],[-2.28828727122858,53.4464841941308],[-2.28791086885574,53.446485103151],[-2.28790935491793,53.4462603916331],[-2.28753295453807,53.4462612994705],[-2.28753446646232,53.446486010985],[-2.28715806404835,53.4464869176331],[-2.28678166161384,53.446487823095],[-2.28678015371669,53.4462631115871],[-2.28640375327523,53.4462640158663],[-2.28640525915884,53.4464887273709],[-2.2864067650629,53.4467134388672],[-2.28640827098743,53.446938150355],[-2.28640977693242,53.4471628618344],[-2.28641128289788,53.4473875733053],[-2.28603487236792,53.4473884763819],[-2.28603637634015,53.4476131878411],[-2.28565996377606,53.4476140897282],[-2.28528355119154,53.4476149904293],[-2.28528205124668,53.4473902789767],[-2.28490564065545,53.447391178495],[-2.28490713858662,53.4476158899442],[-2.28490863653815,53.447840601385],[-2.28491013451003,53.4480653128173],[-2.2845337134401,53.4480662091024],[-2.28453520946259,53.4482909205432],[-2.28453670550522,53.4485156319756],[-2.28453820156797,53.4487403433994],[-2.28416177178406,53.4487412372648],[-2.28416326587856,53.4489659486884],[-2.28378683408614,53.4489668413761],[-2.28341040227364,53.4489677328776],[-2.28303397044108,53.4489686231931],[-2.28303545859041,53.4491933346331],[-2.28265902474939,53.4491942237707],[-2.28228259088837,53.4491951117223],[-2.28190615700736,53.4491959984878],[-2.2815297231064,53.4491968840672],[-2.28115328918552,53.4491977684605],[-2.28077685524473,53.4491986516678],[-2.28040042128407,53.4491995336889],[-2.28002398730357,53.449200414524],[-2.27964755330324,53.4492012941729],[-2.27964902357656,53.4494260056783],[-2.27965049386966,53.4496507171752],[-2.27965196418255,53.4498754286635],[-2.27965343451522,53.4501001401434],[-2.27927699254113,53.4501010186389],[-2.27890055054728,53.4501018959484],[-2.27852410853369,53.4501027720717],[-2.27852557292696,53.4503274835385],[-2.27814912890564,53.450328358482],[-2.27777268486465,53.4503292322393],[-2.27777122444739,53.4501045207599],[-2.27814766650038,53.4501036470088],[-2.27814620412184,53.4498789354964],[-2.27814474176297,53.4496542239754],[-2.27814327942379,53.4494295124459],[-2.27776684333631,53.4494303861726],[-2.27776538300525,53.4492056746264],[-2.27776392269384,53.4489809630718],[-2.27776246240207,53.4487562515087],[-2.27738603226022,53.4487571240248],[-2.27738457397647,53.4485324124451],[-2.27738311571235,53.4483077008568],[-2.27700668952758,53.4483085721707],[-2.2770052332714,53.4480838605658],[-2.27700377703481,53.4478591489523],[-2.27700232081782,53.4476344373304],[-2.27662590057833,53.447635307434],[-2.27662735480705,53.447860019064],[-2.27662880905535,53.4480847306855],[-2.27663026332321,53.4483094422985],[-2.27625383709926,53.4483103112403],[-2.27625528939834,53.4485350228529],[-2.27663171761064,53.448534153903],[-2.27663317191763,53.448758865499],[-2.27700960209873,53.448757995355],[-2.27701105841369,53.4489827069344],[-2.27701251474825,53.4492074185052],[-2.27701397110241,53.4494321300676],[-2.27701542747616,53.4496568416214],[-2.27739186559141,53.4496559702589],[-2.27739332397326,53.4498806817961],[-2.27739478237474,53.4501053933248],[-2.27739624080402,53.4503301048104],[-2.27739769927434,53.4505548161969],[-2.27702125320719,53.4505556875847],[-2.27664480712044,53.4505565577864],[-2.27626836101413,53.4505574268018],[-2.27589191488827,53.450558294631],[-2.2755154687429,53.4505591612741],[-2.27513902257804,53.4505600267309],[-2.27476257639372,53.4505608910016],[-2.27438613018997,53.4505617540861],[-2.27400968396681,53.4505626159844],[-2.27363323772427,53.4505634766965],[-2.27325679146238,53.4505643362224],[-2.27288034518115,53.4505651945622],[-2.27250389888063,53.4505660517157],[-2.27212745256083,53.4505669076831],[-2.27175100622179,53.4505677624643],[-2.2717524349079,53.4507924738841],[-2.27137598656271,53.4507933274819],[-2.27137741328107,53.451018038896],[-2.27100096292974,53.4510188913102],[-2.27100238768031,53.4512436027185],[-2.27062593532283,53.4512444539492],[-2.27062735810556,53.4514691653518],[-2.27025090374193,53.451470015399],[-2.27025232455675,53.4516947267958],[-2.26987586818698,53.4516955756594],[-2.26987728703385,53.4519202870504],[-2.26950082865793,53.4519211347304],[-2.26950224553678,53.4521458461156],[-2.26912578515471,53.452146692612],[-2.26912720006551,53.4523714039914],[-2.26875073767729,53.4523722493042],[-2.26875215061997,53.4525969606778],[-2.2683756862256,53.452597804807],[-2.26837709720012,53.4528225161747],[-2.26800063076811,53.4528233591134],[-2.26800203977406,53.4530480704777],[-2.26762557124665,53.4530489122229],[-2.26762697828135,53.4532736235901],[-2.26725050774479,53.4532744641605],[-2.2672519128082,53.4534991755305],[-2.26687544026247,53.4535000149261],[-2.26687684335454,53.453724726299],[-2.26650036879965,53.4537255645197],[-2.26650176992031,53.4539502758955],[-2.26612529335626,53.4539511129412],[-2.26612669250547,53.4541758243199],[-2.26575021393225,53.4541766601908],[-2.26575161110995,53.4544013715723],[-2.26537513052757,53.4544022062682],[-2.26537652573371,53.4546269176526],[-2.26500004314217,53.4546277511736],[-2.26500143637669,53.4548524625607],[-2.26462495177598,53.4548532949068],[-2.26462634303884,53.4550780062968],[-2.26424985642896,53.4550788374679],[-2.2642512457201,53.4553035488606],[-2.26387475710105,53.4553043788568],[-2.26387614442041,53.4555290902523],[-2.2634996537922,53.4555299190734],[-2.26350103913973,53.4557546304717],[-2.26312454650235,53.4557554581178],[-2.263125929878,53.4559801695189],[-2.26274943523145,53.4559809959899],[-2.26275081663516,53.4562057073938],[-2.26237431997944,53.4562065326898],[-2.26237569941116,53.4564312440964],[-2.26199920074627,53.4564320682173],[-2.26200057820595,53.4566567796266],[-2.26162407753189,53.4566576025724],[-2.26162545301947,53.4568823139845],[-2.26124895033624,53.4568831357551],[-2.26125032385167,53.4571078471699],[-2.26087381915926,53.4571086677654],[-2.26087519070249,53.457333379183],[-2.26049868400091,53.4573341986033],[-2.26050005357188,53.4575589100236],[-2.26012354486113,53.4575597282687],[-2.26012491245979,53.4577844396916],[-2.25974840173986,53.4577852567615],[-2.25974976736615,53.4580099681872],[-2.25937325463705,53.4580107840819],[-2.25937461829092,53.4582354955102],[-2.25899810355265,53.4582363102296],[-2.25899946523405,53.4584610216607],[-2.2586229484866,53.4584618352048],[-2.25862430813778,53.4586865466163],[-2.25824778937824,53.4586873589791],[-2.25824914695762,53.4589120703421],[-2.25787262618273,53.458912881514],[-2.25749610538953,53.4589136914994],[-2.25749745899314,53.4591384028455],[-2.25712093618461,53.45913921164],[-2.25674441335783,53.4591400192479],[-2.25674576298556,53.4593647305772],[-2.25636923814347,53.4593655369942],[-2.25599271328319,53.4593663422246],[-2.25599405893493,53.4595910535369],[-2.25561753205937,53.4595918575764],[-2.25524100516567,53.4595926604293],[-2.25524234684131,53.4598173717246],[-2.25486581793236,53.4598181733866],[-2.25448928900531,53.4598189738619],[-2.25411276006019,53.4598197731506],[-2.25373623109704,53.4598205712527],[-2.25373756480216,53.4600452825223],[-2.25373889852529,53.4602699937836],[-2.25374023226643,53.4604947050363],[-2.2533636972937,53.4604955019388],[-2.2533650290556,53.4607202131788],[-2.25336636083548,53.4609449244104],[-2.25336769263333,53.4611696356336],[-2.25299115165082,53.4611704313363],[-2.25299248146934,53.4613951425468],[-2.2529938113058,53.4616198537488],[-2.25299514116022,53.4618445649424],[-2.25337168813477,53.4618437692527],[-2.25337302000455,53.4620684804423],[-2.2533743518923,53.4622931916233],[-2.25337568379803,53.462517902796],[-2.25375223674688,53.4625171059327],[-2.25375357066808,53.4627418171013],[-2.25375490460728,53.4629665282614],[-2.2537562385645,53.4631912394132],[-2.25375757253972,53.4634159505565],[-2.25375890653295,53.4636406616915],[-2.25413546945146,53.463639863663],[-2.25451203235192,53.4636390644477],[-2.25451069436351,53.4634143533041],[-2.25488725524831,53.4634135528977],[-2.25488859523431,53.4636382640456],[-2.25488993523839,53.4638629751851],[-2.2552665001003,53.4638621736005],[-2.25526784212012,53.4640868847358],[-2.25526918415805,53.4643115958627],[-2.25527052621411,53.4645363069813],[-2.25564709705089,53.4645355042227],[-2.25602366786952,53.4645347002774],[-2.25602232181808,53.4643099891503],[-2.25602097578481,53.4640852780148],[-2.25601962976971,53.4638605668709],[-2.25601828377278,53.4636358557186],[-2.25601693779402,53.4634111445578],[-2.25601559183344,53.4631864333887],[-2.25563903300057,53.4631872373597],[-2.25526247414955,53.463188040144],[-2.2552611322022,53.462963328975],[-2.25488457533059,53.4629641305767],[-2.25488323539886,53.4627394194036],[-2.25450668050666,53.4627402198229],[-2.2545053425905,53.4625155086457],[-2.25450400469241,53.46229079746],[-2.25488055558967,53.4622899970321],[-2.25525710646884,53.4622891954174],[-2.25563365732989,53.462288392616],[-2.25601020817278,53.4622875886278],[-2.2563867589975,53.4622867834529],[-2.25676330980401,53.4622859770913],[-2.2571398605923,53.4622851695429],[-2.25714121247256,53.4625098807585],[-2.25751776524004,53.4625090720276],[-2.25789431798923,53.46250826211],[-2.2578956738827,53.4627329733257],[-2.25789702979448,53.4629576845329],[-2.25827358652034,53.462956873437],[-2.25827494444795,53.4631815846401],[-2.25827630239389,53.4634062958347],[-2.25827766035816,53.4636310070209],[-2.25865422305835,53.4636301947508],[-2.25865558303857,53.4638549059329],[-2.25865694303715,53.4640796171065],[-2.25903350971422,53.464078803658],[-2.25903487172882,53.4643035148274],[-2.25903623376181,53.4645282259883],[-2.25941280441585,53.4645274113614],[-2.25941416846494,53.4647521225181],[-2.25941553253244,53.4649768336665],[-2.25979210716352,53.4649760178611],[-2.25979347324721,53.4652007290052],[-2.25979483934935,53.4654254401408],[-2.26017141795755,53.4654246231569],[-2.26017278607595,53.4656493342884],[-2.26054936666349,53.4656485161218],[-2.26055073679821,53.4658732272489],[-2.2609273193651,53.4658724078996],[-2.2609286915162,53.4660971190225],[-2.26093006368582,53.466321830137],[-2.26130665022996,53.466321009609],[-2.26130802441604,53.4665457207192],[-2.26168461293955,53.4665448990085],[-2.26168598914214,53.4667696101144],[-2.26206257964502,53.4667687872209],[-2.26206395692496,53.4669934972916],[-2.26244054945189,53.4669926732683],[-2.26244192632051,53.4672173806847],[-2.26281852094614,53.4672165556242],[-2.2628198999525,53.4674412631841],[-2.2628212789784,53.4676659707367],[-2.26319787782099,53.46766514479],[-2.26357447664401,53.4676643176552],[-2.26395107544745,53.4676634893324],[-2.26432767423126,53.4676626598216],[-2.26432906174985,53.4678873679703],[-2.26395246084775,53.4678881973303],[-2.26357585992603,53.4678890255022],[-2.26357724322765,53.4681137333418],[-2.26320064016802,53.4681145601748],[-2.26320202137089,53.4683392678563],[-2.26357862654886,53.4683384411741],[-2.26395523170724,53.4683376133039],[-2.26395384626768,53.4681129053208],[-2.26433044928809,53.4681120761116],[-2.26470705228886,53.4681112457145],[-2.26508365526994,53.4681104141292],[-2.26508504706452,53.4683351225649],[-2.26508643887882,53.4685598309933],[-2.26508783071282,53.4687845394143],[-2.26508922256654,53.469009247828],[-2.26509061443997,53.4692339562344],[-2.26546722799334,53.4692331242152],[-2.26546862200496,53.4694578327651],[-2.26547001603633,53.4696825413076],[-2.26584663380695,53.469681708402],[-2.2662232515578,53.4696808743082],[-2.26659986928885,53.4696800390263],[-2.26697648700008,53.4696792025562],[-2.26735310469145,53.469678364898],[-2.26772972236294,53.4696775260517],[-2.26810633999155,53.469676685991],[-2.26810493113814,53.4694519764016],[-2.26848154499038,53.4694511331508],[-2.26848013413836,53.4692264235307],[-2.26885674595357,53.4692255790703],[-2.26885533310298,53.4690008694195],[-2.26923194288118,53.4690000237495],[-2.26923335774955,53.4692247334227],[-2.26923477263719,53.4694494430876],[-2.2692361875441,53.4696741527442],[-2.26923760247028,53.4698988623926],[-2.26923901741572,53.4701235720327],[-2.26886239754835,53.4701244175907],[-2.26886381049515,53.4703491272001],[-2.26848718859062,53.4703499715485],[-2.26848859953871,53.4705746811272],[-2.26811197559703,53.4705755242659],[-2.26773534953174,53.4705763637679],[-2.26773675637372,53.4708010731786],[-2.26773816323561,53.471025782582],[-2.26736153285249,53.4710266205237],[-2.26698490244947,53.4710274572771],[-2.26698630509387,53.4712521663717],[-2.26660967255229,53.4712530017861],[-2.2666082720266,53.4710282928424],[-2.26660687152074,53.4708035838914],[-2.26623024319672,53.4708044184192],[-2.2662316415839,53.4710291272194],[-2.26585501112141,53.4710299604083],[-2.26585640740969,53.4712546690504],[-2.26547977480871,53.4712555009002],[-2.26548116899803,53.4714802093841],[-2.26510453425858,53.4714810398948],[-2.26472789949941,53.4714818692174],[-2.26472928947095,53.4717065773922],[-2.26510592634887,53.4717057482206],[-2.26510731845889,53.4719304565389],[-2.26548395743589,53.4719296263299],[-2.26586059639316,53.4719287949326],[-2.26585920004556,53.4717040863125],[-2.26623583686426,53.4717032535761],[-2.26623443841767,53.4714785447979],[-2.26661107309781,53.4714777107225],[-2.26698770775812,53.4714768754589],[-2.26698911044223,53.4717015845387],[-2.26736574720145,53.4717007482377],[-2.26736715202421,53.471925457461],[-2.2669905131462,53.4719262936113],[-2.26661387424834,53.4719271285733],[-2.26661527485335,53.4721518374877],[-2.26623863381684,53.4721526711106],[-2.26624003232283,53.4723773798669],[-2.26586338914768,53.4723782121507],[-2.26548674595275,53.4723790432463],[-2.26548535168445,53.4721543347918],[-2.26510871058862,53.47215516485],[-2.26511010273807,53.4723798731537],[-2.26473345950368,53.4723807018728],[-2.26473484955397,53.4726054100183],[-2.26473623962396,53.4728301181565],[-2.2643595921321,53.4728309453856],[-2.26435820418102,53.4726062373983],[-2.26398155878841,53.47260706359],[-2.26398294462059,53.4728317714265],[-2.26398433047239,53.4730564792556],[-2.26360768082231,53.4730573039572],[-2.26360906457479,53.4732820116281],[-2.26323241278615,53.4732828349906],[-2.26285576097794,53.4732836571648],[-2.26285714051205,53.4735083645265],[-2.26323379443925,53.4735075425032],[-2.26361044834688,53.4735067192916],[-2.26361183213857,53.4737314269478],[-2.26361321594988,53.4739561345966],[-2.26361459978079,53.4741808422381],[-2.26361598363131,53.4744055498723],[-2.26361736750143,53.4746302574991],[-2.26361875139117,53.4748549651186],[-2.263242084769,53.4748557874247],[-2.26324346655916,53.4750804948859],[-2.26324484674115,53.4753052007053],[-2.26324621940612,53.4755298989492],[-2.26324759208985,53.4757545971852],[-2.26324896479234,53.4759792954131],[-2.26287228787469,53.4759801160172],[-2.26287365858788,53.4762048141726],[-2.26287502931981,53.4764295123201],[-2.26287640007048,53.4766542104596],[-2.26249971710984,53.4766550296821],[-2.2625010858711,53.476879727749],[-2.26212440088365,53.4768805457192],[-2.26174771587756,53.4768813625017],[-2.26174908064117,53.4771060604314],[-2.26175044542344,53.4773307583532],[-2.26137375638237,53.4773315738187],[-2.26099706732271,53.4773323880964],[-2.26099842810717,53.4775570858809],[-2.26062173702073,53.4775578989062],[-2.26024504591577,53.4775587107438],[-2.26024640270231,53.477783408391],[-2.2602477595074,53.4780081060303],[-2.25987106436738,53.4780089165507],[-2.2594943692089,53.4780097258834],[-2.25911767403197,53.4780105340282],[-2.25911902483066,53.4782352314655],[-2.25912037564782,53.4784599288948],[-2.25874367643582,53.4784607357225],[-2.25874502526308,53.4786854330791],[-2.25836832402431,53.4786862386543],[-2.25836967086161,53.4789109359382],[-2.25799296759608,53.4789117402609],[-2.25799431244338,53.4791364374721],[-2.25761760715108,53.4791372405422],[-2.25761895000832,53.4793619376807],[-2.25724224268926,53.4793627394983],[-2.25724358355638,53.4795874365641],[-2.25724492444184,53.4798121336219],[-2.2568682130875,53.4798129341221],[-2.25686955198277,53.4800376311072],[-2.25649283860164,53.4800384303548],[-2.25649417550665,53.4802631272672],[-2.25611746009873,53.4802639252621],[-2.25611879501344,53.4804886221017],[-2.25574207757872,53.480489418844],[-2.25574341050307,53.4807141156108],[-2.25536669104156,53.4807149111005],[-2.2549899715619,53.4807157054022],[-2.25499130048719,53.4809404020315],[-2.25461457898076,53.4809411950805],[-2.25461590591556,53.481165891637],[-2.25423918238236,53.4811666834333],[-2.25424050732661,53.481391379917],[-2.25386378176665,53.4813921704606],[-2.25386510472029,53.4816168668714],[-2.25348837713356,53.4816176561622],[-2.25311164952881,53.4816184442651],[-2.25311296848304,53.4818431405383],[-2.25273623885154,53.4818439273884],[-2.25273492190607,53.4816192311801],[-2.25235819426537,53.4816200169071],[-2.25235950920209,53.4818447130506],[-2.2519827795347,53.4818454975248],[-2.25198409248063,53.4820701935954],[-2.25160736078655,53.4820709768168],[-2.25160867174163,53.4822956728145],[-2.25123194727467,53.4822964589182],[-2.2508552306445,53.4822972473443],[-2.25085653798754,53.4825219435203],[-2.25047981962393,53.4825227309182],[-2.25010310124456,53.4825235171297],[-2.2501044051681,53.4827482136124],[-2.2497276850553,53.4827489987956],[-2.24972898727694,53.4829736954269],[-2.24935226543072,53.4829744795818],[-2.24935356595041,53.4831991763617],[-2.24897684237077,53.4831999594882],[-2.24860011877544,53.4832007414284],[-2.2486014158754,53.4834254385149],[-2.24822469054667,53.4834262194267],[-2.24822598834655,53.4836509183103],[-2.24784926127562,53.4836516982036],[-2.24785056481787,53.4838764024103],[-2.24747383583338,53.4838771812172],[-2.24709710683201,53.483877958837],[-2.24709840659778,53.4841026632357],[-2.2470997063804,53.4843273676252],[-2.24672297356878,53.4843281442592],[-2.24634624074034,53.4843289197062],[-2.24634753674632,53.4845536242875],[-2.24597080200434,53.4845543986481],[-2.24597209613035,53.4847791033207],[-2.24559535947483,53.4847798765948],[-2.24559665172081,53.4850045813588],[-2.24559794398354,53.4852292861136],[-2.245599236263,53.4854539908594],[-2.24522249390028,53.4854547632478],[-2.24484575152083,53.4854555344493],[-2.2448470400233,53.4856802393868],[-2.24447029573028,53.4856810095017],[-2.24447158235254,53.4859057145305],[-2.24484832854246,53.4859049443151],[-2.2448496170783,53.4861296492343],[-2.24447286899147,53.4861304195501],[-2.24447415564706,53.4863551245606],[-2.24447544231931,53.486579829562],[-2.24447672900823,53.4868045345543],[-2.24485348278598,53.4868037639371],[-2.24485477138859,53.4870284688198],[-2.24485606000789,53.4872531736933],[-2.24485734864388,53.4874778785577],[-2.24523410809608,53.4874771064522],[-2.24523281756302,53.4872524016882],[-2.24523152704667,53.4870276969152],[-2.24560828268801,53.4870269238235],[-2.24560957510141,53.4872516284961],[-2.24598633262305,53.4872508541169],[-2.24636309012791,53.4872500785506],[-2.24673984761597,53.4872493017972],[-2.24674114573734,53.4874740061593],[-2.24711790510564,53.4874732281183],[-2.24711920514093,53.4876979323707],[-2.24749596638948,53.4876971530422],[-2.24749726833873,53.4879218571849],[-2.24749857030486,53.4881465613185],[-2.24787533533081,53.4881457806019],[-2.24825210033984,53.4881449986981],[-2.24862886533195,53.4881442156073],[-2.24863017300648,53.4883689194301],[-2.2482534061172,53.4883697026215],[-2.24825471191148,53.4885944065357],[-2.24863148069797,53.4885936232438],[-2.2486327884064,53.4888183270483],[-2.24863409613179,53.4890430308437],[-2.24863540387413,53.4892677346299],[-2.24863671163342,53.489492438407],[-2.24863801940967,53.489717142175],[-2.24901479766559,53.4897163571931],[-2.24901610735615,53.4899410608514],[-2.24939288749244,53.4899402745818],[-2.24976966761172,53.4899394871251],[-2.24977098111402,53.490164190573],[-2.25014776311365,53.4901634018285],[-2.25052454509621,53.4901626118969],[-2.25052586241036,53.4903873151344],[-2.25090264627324,53.490386523915],[-2.2509039655019,53.4906112270428],[-2.25090528474767,53.4908359301614],[-2.25090660401055,53.4910606332709],[-2.25090792329054,53.4912853363713],[-2.25090924258764,53.4915100394625],[-2.25091056190185,53.4917347425445],[-2.25053376665398,53.4917355343677],[-2.25053508540823,53.4919602383941],[-2.25053641242754,53.4921849477383],[-2.25091321163296,53.4921841558172],[-2.2509145407408,53.4924088651626],[-2.25091586986696,53.4926335744996],[-2.25129267319453,53.4926327814094],[-2.2512940044093,53.4928574907475],[-2.25167082063305,53.4928567024729],[-2.25167215388446,53.4930814117882],[-2.25204897851861,53.4930806258574],[-2.25242580313556,53.4930798387391],[-2.25242714018457,53.4933045478808],[-2.25280396667456,53.4933037594927],[-2.2531807931473,53.4933029699172],[-2.25318213399401,53.4935276788852],[-2.25318347485794,53.4937523878442],[-2.25318481573909,53.4939770967941],[-2.25280798359546,53.4939778866166],[-2.25280932260348,53.4942025956398],[-2.25281066162868,53.494427304654],[-2.25281200067108,53.4946520136592],[-2.25281333973066,53.4948767226554],[-2.25243650000824,53.4948775116197],[-2.25243783719457,53.4951022206891],[-2.25243917439807,53.4953269297496],[-2.25281601790141,53.4953261406206],[-2.25281735701257,53.4955508495897],[-2.25319420238917,53.4955500591908],[-2.25319554340805,53.4957747680685],[-2.25357239065791,53.4957739763997],[-2.25357373358456,53.4959986851861],[-2.25357507652846,53.4962233939634],[-2.25395192754215,53.4962226009423],[-2.2539532723939,53.4964473096282],[-2.25395461726292,53.4966720183051],[-2.25433147204052,53.4966712239317],[-2.25433281881746,53.4968959325172],[-2.25470967546837,53.4968951368739],[-2.25471102415329,53.4971198453679],[-2.25471237285554,53.4973445538529],[-2.25471372157511,53.4975692623289],[-2.25433685925208,53.4975700582194],[-2.2539599969117,53.4975708529223],[-2.25396134186708,53.497795561554],[-2.25433820609822,53.4977947667687],[-2.25433955296165,53.498019475309],[-2.25434089984239,53.4982441838403],[-2.25471776783777,53.4982433877027],[-2.25471911662664,53.4984680961425],[-2.25472046543283,53.4986928045734],[-2.25509733719253,53.4986920070832],[-2.25509868790694,53.4989167154226],[-2.25472181425635,53.4989175129951],[-2.2547231630972,53.4991422214079],[-2.25472451195537,53.4993669298116],[-2.25434763450555,53.4993677263612],[-2.25434898149008,53.4995924348383],[-2.25435032849192,53.4998171433064],[-2.25435167551105,53.5000418517654],[-2.25472855863384,53.5000410549686],[-2.2547299076032,53.5002657633548],[-2.25473125881615,53.5004904727184],[-2.25473261004668,53.5007151820733],[-2.25435572118442,53.5007159790547],[-2.25435707050467,53.5009406884505],[-2.25398017969691,53.5009414842936],[-2.25398152710682,53.5011661937303],[-2.25398287453427,53.5013909031582],[-2.25360597985307,53.5013916979127],[-2.2536073253701,53.5016164073815],[-2.25360867090465,53.5018411168414],[-2.25323177234993,53.5018419105072],[-2.25323311597398,53.5020666200081],[-2.25323445961552,53.5022913295002],[-2.25285755718721,53.5022921220773],[-2.25285889891817,53.5025168316102],[-2.25248199454428,53.5025176230489],[-2.25248333436462,53.5027423326227],[-2.25248467420239,53.5029670421877],[-2.25210776595479,53.5029678325376],[-2.25210910388186,53.5031925421434],[-2.2524860140576,53.5031917517439],[-2.25248735393024,53.5034164612913],[-2.25211044182634,53.5034172517405],[-2.25211177978822,53.5036419613288],[-2.25173486573866,53.5036427506395],[-2.25135795369816,53.5036435399594],[-2.25135928776384,53.5038682496068],[-2.2509823813925,53.5038690422992],[-2.25098104936744,53.5036443326567],[-2.25060414501854,53.5036451241655],[-2.25022724065148,53.5036459144857],[-2.25022591272574,53.5034212048446],[-2.24984901038115,53.5034219939812],[-2.24947210801846,53.5034227819294],[-2.24909520563769,53.503423568689],[-2.24909388385173,53.5031988590543],[-2.2487169834935,53.5031996446303],[-2.24871566376606,53.5029749349922],[-2.24833876543035,53.5029757193847],[-2.24833744776139,53.5027510097432],[-2.24796055144821,53.5027517929521],[-2.24758365511707,53.5027525749727],[-2.24758234154702,53.5025278653326],[-2.24720544723843,53.5025286461697],[-2.24682855291194,53.5025294258182],[-2.246829862401,53.5027541354482],[-2.24683117190788,53.5029788450698],[-2.24683248143258,53.503203554683],[-2.2468337909751,53.5034282642877],[-2.24683510053543,53.5036529738841],[-2.24645819598832,53.5036537523191],[-2.24645950352584,53.503878461902],[-2.24646081108115,53.5041031714765],[-2.24646211865425,53.5043278810426],[-2.24608520796731,53.5043286582739],[-2.2460865135175,53.5045533678266],[-2.24570960077202,53.5045541438644],[-2.24571090429922,53.5047788534036],[-2.2453339894952,53.5047796282477],[-2.24533529099938,53.5050043377734],[-2.24533659252126,53.5052290472908],[-2.24533789406086,53.5054537567997],[-2.24533919561817,53.5056784663002],[-2.24571611858542,53.5056776914762],[-2.24571742220132,53.5059024009733],[-2.24571872583496,53.506127110462],[-2.24572002948633,53.5063518199423],[-2.24572133315544,53.5065765294142],[-2.24609826426857,53.5065757534218],[-2.24647519536387,53.5065749762407],[-2.24647650313269,53.5067996857143],[-2.24685343625112,53.5067989073496],[-2.24723036935165,53.5067981277962],[-2.24760730243428,53.5067973470542],[-2.24760861634394,53.5070220565344],[-2.24798555144964,53.5070212746087],[-2.24836248653736,53.5070204914943],[-2.2487394216071,53.5070197071913],[-2.24874074165775,53.507244416678],[-2.24874206172637,53.5074691261563],[-2.24874338181294,53.5076938356261],[-2.24836644062001,53.5076946199142],[-2.24798949940909,53.5076954030136],[-2.24799081543138,53.5079201124651],[-2.24799213147158,53.5081448219082],[-2.24836907676478,53.5081440388188],[-2.24837039486406,53.5083687482584],[-2.24837171298128,53.5085934576897],[-2.24837303177001,53.5088181673495],[-2.24837435057818,53.5090428770015],[-2.248375669404,53.509267586645],[-2.2487526247614,53.5092668023584],[-2.24875394560554,53.5094915119876],[-2.24837698824747,53.50949229628],[-2.24800003087167,53.5094930793838],[-2.2480013477321,53.5097177890161],[-2.24800266461015,53.50994249864],[-2.24762570321524,53.5099432805668],[-2.24762701811017,53.510167990188],[-2.24762833302271,53.5103926998008],[-2.2472513676086,53.5103934805504],[-2.24725268053793,53.5106181901606],[-2.24687571310536,53.5106189697273],[-2.24649874565519,53.5106197481054],[-2.24650005460043,53.5108444577186],[-2.24650136356319,53.5110691673234],[-2.24612439209373,53.5110699445243],[-2.24574742060671,53.5110707205364],[-2.24574872558522,53.5112954301443],[-2.24575003058119,53.5115201397437],[-2.24575133559463,53.5117448493346],[-2.24575264062554,53.511969558917],[-2.24537566111727,53.5119703337635],[-2.24537696416466,53.5121950433433],[-2.24537826722949,53.5124197529145],[-2.24537957031176,53.5126444624773],[-2.24575655582309,53.5126436876134],[-2.24575786092388,53.5128683971619],[-2.24575916604214,53.5130931067019],[-2.24613615553812,53.5130923306376],[-2.24613746267498,53.5133170401634],[-2.24613876982934,53.5135417496806],[-2.2461400770012,53.5137664591893],[-2.24651707248308,53.5137656819188],[-2.24651838167365,53.5139903914132],[-2.24651969088174,53.5142151008992],[-2.24689669034848,53.5142143224281],[-2.24689800157537,53.5144390318997],[-2.24727500302575,53.5144382522339],[-2.24727631627148,53.5146629616912],[-2.24765331970551,53.5146621808307],[-2.24765463497013,53.5148868902737],[-2.2480316403878,53.5148861082183],[-2.24803295767138,53.515110817647],[-2.24840996507269,53.5151100343968],[-2.24841128437527,53.5153347438112],[-2.24878829376023,53.5153339593662],[-2.24878961508187,53.5155586687662],[-2.24916662645046,53.5155578831264],[-2.24916794979122,53.515782592512],[-2.24954496314346,53.5157818056774],[-2.24954628850338,53.5160065150486],[-2.24992330383925,53.5160057270191],[-2.2499246312184,53.5162304363759],[-2.25030164853791,53.5162296471515],[-2.25030297793634,53.516454356494],[-2.25067999723948,53.5164535660747],[-2.25105701652474,53.5164527744663],[-2.25105834994402,53.5166774837885],[-2.25143537121288,53.5166766909852],[-2.25181239699389,53.5166758999274],[-2.2518137343743,53.5169006091946],[-2.25219076208311,53.5168998169099],[-2.25256778977445,53.5168990234365],[-2.25256913084172,53.5171237326021],[-2.25294616044824,53.517122937892],[-2.25332319003719,53.5171221419932],[-2.25332453496236,53.5173468510563],[-2.25332587990506,53.5175715601107],[-2.25370291334216,53.5175707629281],[-2.25370156646657,53.5173460539213],[-2.25407859795317,53.5173452555975],[-2.25445562942211,53.5173444560849],[-2.25445698016347,53.5175691649967],[-2.25483401354763,53.5175683642479],[-2.25521104691409,53.5175675623103],[-2.25521240153887,53.5177922711182],[-2.25558943682052,53.5177914679443],[-2.25596647208441,53.5177906635816],[-2.25634350733053,53.5177898580302],[-2.25672054255884,53.51778905129],[-2.25672190493304,53.5180137598989],[-2.256723267325,53.5182384684989],[-2.25672462973473,53.5184631770902],[-2.25634758870753,53.5184639839732],[-2.25634894920201,53.5186886926032],[-2.25672599216222,53.5186878856727],[-2.25672735460749,53.5189125942464],[-2.25672871707052,53.5191373028113],[-2.25673007955132,53.5193620113675],[-2.25673144204989,53.5195867199148],[-2.25673280456623,53.5198114284534],[-2.25635575194055,53.5198122356219],[-2.25635711254149,53.5200369441992],[-2.25635847316017,53.5202616527678],[-2.2563598337966,53.5204863613276],[-2.25598277535352,53.52048716745],[-2.25560571689265,53.5204879723835],[-2.25522865841404,53.5204887761281],[-2.25485159991769,53.5204895786838],[-2.25447454140364,53.5204903800507],[-2.25447589239155,53.5207150888395],[-2.25409883192657,53.520715889065],[-2.25410018099882,53.5209405978926],[-2.25410153008865,53.5211653067114],[-2.25447859442022,53.5211645063908],[-2.25447994546097,53.5213892151533],[-2.25448129651934,53.521613923907],[-2.25410422832109,53.5216147243227],[-2.25410557746369,53.5218394331151],[-2.2537285073144,53.5218402323893],[-2.25335143714748,53.5218410304747],[-2.25335278244085,53.5220657393534],[-2.25335412775175,53.5222904482233],[-2.25335547308019,53.5225151570844],[-2.25297839709536,53.5225159541233],[-2.25297974050785,53.5227406630232],[-2.25298108393785,53.5229653719143],[-2.25298242738536,53.5231900807966],[-2.25298377085038,53.5234147896701],[-2.25298511433291,53.5236394985349],[-2.25336219998546,53.5236387012585],[-2.25336354541913,53.5238634100669],[-2.25336489087033,53.5240881188666],[-2.25336623633908,53.5243128276575],[-2.2529891448856,53.5243136250765],[-2.25298780135052,53.5240889162381],[-2.25261071181313,53.5240897124205],[-2.25223362225819,53.5240905074139],[-2.25185653268573,53.5240913012182],[-2.25147944309576,53.5240920938335],[-2.25148077889613,53.5243168028619],[-2.25148211471392,53.5245415118815],[-2.25148345054911,53.5247662208923],[-2.25148478640171,53.5249909298943],[-2.25148612227173,53.5252156388876],[-2.25148745819178,53.5254403478005],[-2.25186455939081,53.5254395549074],[-2.25186589727834,53.5256642637555],[-2.25148879413707,53.5256650566876],[-2.25111169277619,53.5256658495179],[-2.25073459168056,53.5256666413301],[-2.250733259725,53.5254419324263],[-2.25035616060621,53.5254427230407],[-2.24997906146959,53.5254435124656],[-2.24997773352875,53.525218803523],[-2.24960063636901,53.5252195917511],[-2.24959931047654,53.5249948827334],[-2.24922221529454,53.5249956697673],[-2.2488451200948,53.5249964556119],[-2.24846802487733,53.524997240267],[-2.24846934478324,53.5252219492988],[-2.24847066474544,53.5254466582717],[-2.24847198473288,53.525671367226],[-2.24809488351286,53.5256721507125],[-2.2480962015232,53.5258968596667],[-2.24809751955115,53.5261215686125],[-2.24809883759668,53.5263462775497],[-2.24810015565982,53.5265709864784],[-2.24772304644311,53.5265717688091],[-2.24772436252902,53.5267964777378],[-2.24772567863249,53.5270211866579],[-2.24772699475354,53.5272458955695],[-2.24734987953464,53.5272466767359],[-2.24735119367835,53.5274713856474],[-2.24735250783961,53.5276960945504],[-2.24735382201841,53.5279208034449],[-2.2469767007971,53.527921583447],[-2.24697801299846,53.5281462923414],[-2.24697932521734,53.5283710012272],[-2.24698063745374,53.5285957101046],[-2.24698194970765,53.5288204189734],[-2.24660482048866,53.5288211978195],[-2.246606130765,53.5290459066883],[-2.24660744105883,53.5292706155485],[-2.24660875137016,53.5294953244002],[-2.24623161614823,53.5294961020818],[-2.24623292448188,53.5297208109334],[-2.24623423283299,53.5299455197765],[-2.24623554120157,53.530170228611],[-2.2458583999765,53.5301710051282],[-2.24585970636729,53.5303957139626],[-2.24586101277552,53.5306204227885],[-2.24586231920119,53.5308451316059],[-2.2458636256443,53.5310698404148],[-2.24548647642055,53.5310706157757],[-2.24548778088574,53.5312953245845],[-2.24548908536834,53.5315200333847],[-2.24586623858285,53.5315192580071],[-2.24624339177985,53.5315184814399],[-2.24624470027071,53.5317431902149],[-2.24662185544559,53.5317424124497],[-2.24699901060291,53.5317416334948],[-2.24737616574264,53.5317408533502],[-2.24737748023729,53.5319655620917],[-2.24775463735485,53.5319647807491],[-2.24813179445476,53.5319639982169],[-2.248508951537,53.531963214495],[-2.24888610860154,53.5319624295835],[-2.24926326564835,53.5319616434823],[-2.24964042267742,53.5319608561914],[-2.2500175796887,53.5319600677109],[-2.25001890816919,53.5321847763849],[-2.25002023666742,53.5324094850504],[-2.24964307566518,53.5324102735478],[-2.24926591464515,53.5324110608555],[-2.24888875360737,53.5324118469736],[-2.24888743109562,53.5321871382828],[-2.24851027203561,53.5321879232027],[-2.24813311295791,53.532188706933],[-2.24775595386253,53.5321894894736],[-2.2473787947495,53.5321902708246],[-2.24700163561886,53.5321910509859],[-2.24662447647062,53.5321918299575],[-2.24624731730482,53.5321926077395],[-2.24587015812149,53.5321933843318],[-2.24586885159117,53.5319686755654],[-2.24549169438579,53.5319694509597],[-2.24549299892064,53.5321941597344],[-2.24511583970231,53.5321949339474],[-2.24511714225908,53.5324196427219],[-2.24549430347291,53.5324188685006],[-2.24549560804259,53.5326435772583],[-2.24511844483324,53.532644351488],[-2.24474128160643,53.5326451245279],[-2.2447399810278,53.5324204157535],[-2.24473868046653,53.5321957069707],[-2.24473737992262,53.5319709981793],[-2.24436022266488,53.5319717700046],[-2.24398306538974,53.5319725406402],[-2.24360590809722,53.5319733100863],[-2.24322875078735,53.5319740783426],[-2.24322745824259,53.5317493695095],[-2.24285030291085,53.5317501365679],[-2.24247314756181,53.5317509024367],[-2.24247185902515,53.5315261935786],[-2.24247057050568,53.531301484712],[-2.24246928200342,53.5310767758369],[-2.24284643136628,53.5310760099929],[-2.24284514088587,53.5308513011176],[-2.24284385042269,53.5306265922337],[-2.2432209957776,53.5306258252167],[-2.24359814111519,53.53062505701],[-2.24359684667867,53.5304003481342],[-2.24397399000363,53.5303995787462],[-2.24397269358913,53.5301748698702],[-2.24397139719193,53.5299501609857],[-2.24397010081204,53.5297254520927],[-2.24434723813393,53.5297246815401],[-2.24472437543843,53.5297239097979],[-2.24472307508549,53.5294992009129],[-2.24472177474991,53.5292744920195],[-2.24509890804665,53.5292737191044],[-2.24547604132594,53.5292729449997],[-2.24547473701747,53.5290482361145],[-2.2450976057333,53.5290490102108],[-2.24472047443168,53.5290497831176],[-2.24434334311264,53.5290505548349],[-2.24396621177619,53.5290513253626],[-2.24396491546552,53.5288266164356],[-2.2435877861068,53.5288273857655],[-2.24321065673074,53.5288281539059],[-2.24283352733736,53.5288289208568],[-2.2428322370292,53.5286042118964],[-2.24320936442751,53.5286034449538],[-2.24320807214153,53.5283787359932],[-2.2432067798728,53.5281540270241],[-2.24358390326373,53.5281532589085],[-2.24396102663732,53.5281524896035],[-2.24395973039586,53.5279277806424],[-2.2443368517571,53.5279270101562],[-2.24433555353798,53.527702301195],[-2.24471267288685,53.5277015295275],[-2.24471137269013,53.5274768205661],[-2.24433425533619,53.5274775922252],[-2.24395713796485,53.5274783626948],[-2.2439558417753,53.5272536537083],[-2.24395454560305,53.5270289447133],[-2.2443316589846,53.5270281742602],[-2.24433036083479,53.526803465265],[-2.24432906270232,53.5265787562612],[-2.24432776458717,53.5263540472489],[-2.24470487196684,53.5263532756314],[-2.24470357187425,53.5261285666189],[-2.24470227179901,53.525903857598],[-2.24470097174112,53.5256791485685],[-2.24432387034569,53.5256799201611],[-2.24432257229985,53.5254552111148],[-2.24394547288171,53.5254559815098],[-2.24394676893286,53.5256806905644],[-2.24356966750267,53.5256814597782],[-2.24319256605514,53.5256822278027],[-2.24319127399338,53.5254575187316],[-2.2431899819557,53.5252328096509],[-2.24281288448012,53.5252335764699],[-2.24281159450712,53.5250088673688],[-2.24243449900978,53.5250096329939],[-2.24205740349517,53.5250103974295],[-2.24205868947711,53.5252351065397],[-2.2420599755311,53.5254598156439],[-2.24168287600917,53.5254605789026],[-2.24168416009216,53.5256852880067],[-2.24168544419228,53.5259099971024],[-2.24168672830954,53.5261347061896],[-2.24168801244394,53.5263594152682],[-2.24131090492587,53.5263601773704],[-2.24131218708261,53.5265848864488],[-2.24131346925645,53.5268095955187],[-2.24131475144742,53.5270343045801],[-2.24093763792768,53.5270350655176],[-2.24056052439078,53.5270358252656],[-2.24055924618953,53.5268111161878],[-2.24018213463037,53.5268118747382],[-2.23980502305411,53.5268126320992],[-2.23980374885958,53.5265879229964],[-2.23942663926108,53.5265886791598],[-2.23942536707836,53.5263639700404],[-2.23904825945761,53.5263647250061],[-2.23904698928665,53.52614001587],[-2.23904571913263,53.5259153067255],[-2.23904444899557,53.5256905975724],[-2.23942155063206,53.5256898426312],[-2.23942027851725,53.5254651334777],[-2.23941900642502,53.5252404243182],[-2.23941773441179,53.5250157151766],[-2.23979483004649,53.5250149590666],[-2.24017192566412,53.5250142017672],[-2.24017064967686,53.524789492626],[-2.24054774328188,53.5247887341417],[-2.24092483686977,53.5247879744681],[-2.2409235569086,53.5245632653274],[-2.24092227696451,53.5243385561782],[-2.24129936654432,53.5243377953242],[-2.24167645610695,53.5243370332808],[-2.24205354565236,53.5243362700481],[-2.2420522597391,53.524111560904],[-2.24242934727186,53.5241107964865],[-2.24280643478736,53.5241100308796],[-2.24280772469146,53.5243347400146],[-2.24318481418509,53.5243339732138],[-2.24318610610187,53.5245586823358],[-2.24356319757363,53.5245579143411],[-2.24394028902804,53.524557145157],[-2.24431738046509,53.5245563747836],[-2.24431867838554,53.5247810838834],[-2.24469577180066,53.524780312316],[-2.24469707173394,53.5250050214027],[-2.24507416712714,53.5250042486414],[-2.24545126250288,53.5250034746907],[-2.2454499585786,53.5247787656131],[-2.24582705194137,53.5247779904776],[-2.24582574603902,53.5245532813963],[-2.24620283738881,53.524552505076],[-2.24620152950846,53.5243277959908],[-2.24657861884527,53.5243270184858],[-2.24695570816452,53.5243262397915],[-2.24733279746618,53.5243254599078],[-2.24733411133287,53.5245501689791],[-2.24771120261237,53.5245493879014],[-2.24808829387422,53.5245486056344],[-2.24846538511841,53.524547822178],[-2.24846670498906,53.5247725312267],[-2.24884379821103,53.5247717465763],[-2.24884247634491,53.5245470375322],[-2.24884115449645,53.5243223284796],[-2.2484640652654,53.5243231131207],[-2.24808697601665,53.5243238965724],[-2.24808565817667,53.524099187502],[-2.24770857090568,53.5240999697597],[-2.24770725507869,53.5238752606761],[-2.24733016978544,53.5238760417398],[-2.24695308447459,53.5238768216142],[-2.2469517726559,53.5236521125128],[-2.24657468932282,53.5236528911932],[-2.24657337951699,53.5234281820786],[-2.2461962981617,53.5234289595651],[-2.24581921678887,53.5234297358622],[-2.24581791099115,53.5232050267299],[-2.24544083159613,53.5232058018331],[-2.24543952781113,53.5229810926877],[-2.24506245039392,53.522981866597],[-2.24506114862159,53.5227571574385],[-2.24543822404354,53.5227563835339],[-2.24543692029336,53.5225316743716],[-2.24505984686664,53.5225324482716],[-2.24505854512907,53.5223077390962],[-2.24468147368011,53.5223085118024],[-2.24430440221372,53.5223092833192],[-2.24430569996088,53.5225339925038],[-2.24392862648189,53.522534762836],[-2.24392992225114,53.5227594720167],[-2.24355284675955,53.5227602411642],[-2.24317577125062,53.5227610091224],[-2.24279869572438,53.5227617758914],[-2.24242162018085,53.522762541471],[-2.24242033239253,53.5225378322721],[-2.24204325882697,53.5225385966579],[-2.24166618524417,53.5225393598545],[-2.24128911164418,53.5225401218617],[-2.240912038027,53.5225408826797],[-2.24091331783438,53.5227655918967],[-2.24053624220482,53.5227663515299],[-2.24053752003403,53.5229910607429],[-2.24016044239207,53.5229918191913],[-2.23978336473302,53.5229925764504],[-2.23940628705689,53.5229933325203],[-2.23902920936372,53.5229940874008],[-2.23903047922884,53.5232187966232],[-2.23865339952335,53.5232195503189],[-2.2386546674101,53.5234442595372],[-2.23827758569231,53.523445012048],[-2.23790050395756,53.5234457633695],[-2.23752342220586,53.5234465135017],[-2.23714634043726,53.5234472624445],[-2.23676925865176,53.5234480101981],[-2.23639217684942,53.5234487567623],[-2.23601509503024,53.5234495021372],[-2.23563801319425,53.5234502463228],[-2.23563676127005,53.5232255370692],[-2.23525968141261,53.5232262800611],[-2.23525843150041,53.5230015707947],[-2.2352571816049,53.5227768615198],[-2.23525593172607,53.5225521522365],[-2.23525468186392,53.5223274429446],[-2.23487760997074,53.5223281847298],[-2.23487636212046,53.5221034754252],[-2.2344992922346,53.5221042160679],[-2.23412222234297,53.5221049555407],[-2.2341209785058,53.5218802462163],[-2.23374391059612,53.5218809844939],[-2.23374515243465,53.5221056938243],[-2.23336808250967,53.5221064309187],[-2.23336932236614,53.5223311402466],[-2.23299225042586,53.5223318761577],[-2.23299348830022,53.5225565854832],[-2.23261641434464,53.522557320211],[-2.23261765023682,53.5227820295339],[-2.23224057426594,53.5227827630784],[-2.2318634982785,53.5227834954336],[-2.23186473018971,53.5230082047599],[-2.23224180817589,53.5230074723988],[-2.23261888614551,53.5230067388484],[-2.23299596409855,53.5230060041086],[-2.23337304203498,53.5230052681796],[-2.23375011995477,53.5230045310613],[-2.23374887804985,53.5227798217648],[-2.23412595395423,53.5227790834632],[-2.23450302984192,53.5227783439724],[-2.23488010572127,53.5227776033137],[-2.23488135362151,53.523002312593],[-2.23488260153842,53.5232270218637],[-2.23488384947198,53.523451731126],[-2.23450676759911,53.5234524718004],[-2.23450801355148,53.5236771810595],[-2.23488509742219,53.5236764403798],[-2.23488634538907,53.5239011496251],[-2.2348875933726,53.524125858862],[-2.23488884137279,53.5243505680903],[-2.23526593122385,53.524349826266],[-2.23564302105816,53.5243490832523],[-2.23602011087569,53.5243483390492],[-2.23639720067642,53.5243475936568],[-2.23677429046031,53.5243468470751],[-2.23715138022734,53.5243460993039],[-2.23752846997749,53.5243453503435],[-2.23752973196251,53.5245700595327],[-2.23753099396438,53.5247947687135],[-2.2375322559831,53.5250194778858],[-2.23790935170277,53.5250187277227],[-2.23790808768855,53.5247940185548],[-2.23828518139578,53.5247932672068],[-2.23866227508604,53.5247925146694],[-2.2390393687593,53.5247917609426],[-2.23904063876004,53.5250164700972],[-2.23866354309127,53.5250172238284],[-2.23866481111343,53.525241932979],[-2.23866607921664,53.5254666421544],[-2.23866734734206,53.5256913513242],[-2.23829024567156,53.5256921038866],[-2.23829151181918,53.525916813056],[-2.23829277798369,53.5261415222169],[-2.2382940441651,53.5263662313693],[-2.23791693649338,53.5263669827668],[-2.23791820069688,53.5265916919188],[-2.23791946491725,53.5268164010624],[-2.23754235323896,53.5268171512867],[-2.23754361548134,53.5270418604299],[-2.23716650179128,53.5270426094729],[-2.23716776205562,53.5272673186157],[-2.23679064635378,53.5272680664774],[-2.23641353063509,53.5272688131496],[-2.23603641489957,53.5272695586324],[-2.23603766919599,53.527494267791],[-2.23566055144874,53.5274950120924],[-2.23528343368473,53.5274957552043],[-2.23490631590396,53.5274964971268],[-2.23452919809389,53.5274972378999],[-2.23453044442666,53.5277219470801],[-2.23415332459701,53.5277226866904],[-2.2341545689504,53.5279473958669],[-2.23453169077607,53.5279466562517],[-2.23453293714211,53.5281713654149],[-2.2349100609389,53.5281706246243],[-2.2349113093172,53.5283953337731],[-2.23453418352479,53.5283960745695],[-2.23453542992411,53.5286207837158],[-2.23415830211022,53.5286215233455],[-2.23415954653005,53.528846232488],[-2.23416079096648,53.5290709416221],[-2.23378365914363,53.529071680072],[-2.2337849016005,53.5292963892024],[-2.23416203541954,53.5292956507477],[-2.23453916922189,53.5292949111035],[-2.23454041568776,53.5295196202158],[-2.23454166217027,53.5297443293196],[-2.23454290866942,53.5299690384149],[-2.23416576887836,53.5299697780737],[-2.23378862907061,53.5299705165428],[-2.23341148924621,53.5299712538224],[-2.23341272977313,53.5301959629237],[-2.23341397031661,53.5304206720165],[-2.23303682648297,53.5304214081161],[-2.23303806504667,53.5306461172053],[-2.23266091920009,53.5306468521201],[-2.23266215578394,53.5308715612055],[-2.2326633923843,53.5310962702825],[-2.23228624252838,53.5310970040173],[-2.23228747714882,53.5313217130906],[-2.23228871178573,53.5315464221554],[-2.23228994643913,53.5317711312118],[-2.23191279057731,53.5317718637712],[-2.23191402325068,53.5319965728238],[-2.23229118110901,53.5319958402597],[-2.23229241579537,53.5322205492991],[-2.23266957563369,53.5322198155404],[-2.2326708123331,53.5324445245665],[-2.2330479741514,53.5324437896134],[-2.23342513595311,53.5324430534706],[-2.23380229773818,53.532442316138],[-2.2338010550491,53.5322176071263],[-2.23417821482096,53.5322168686089],[-2.23455537457614,53.5322161289018],[-2.23493253429706,53.5322153880027],[-2.23493128563555,53.5319906789984],[-2.23530844332028,53.5319899369146],[-2.23568560098825,53.5319891936411],[-2.23606275863943,53.5319884491779],[-2.23606150400822,53.5317637401893],[-2.23643865964715,53.5317629945446],[-2.23681581526923,53.5317622477102],[-2.23719297087446,53.5317614996862],[-2.23719171027371,53.5315367907135],[-2.23756886386662,53.5315360415079],[-2.23794601744261,53.5315352911127],[-2.2379472820342,53.5317600000692],[-2.23832443758867,53.5317592484763],[-2.23832570419259,53.5319839574161],[-2.23832697081342,53.5322086663475],[-2.23832823745115,53.5324333752703],[-2.23870539897508,53.5324326224632],[-2.23870666762525,53.5326573313694],[-2.23870793629235,53.5328820402671],[-2.23908510179038,53.532881286254],[-2.23908383112772,53.5326565773645],[-2.23946099461315,53.5326558221699],[-2.23946226727137,53.5328805310512],[-2.23946353994657,53.5331052399241],[-2.23908637246999,53.533105995135],[-2.23908764316657,53.5333307040076],[-2.23908891388011,53.5335554128716],[-2.23946608534794,53.5335546576443],[-2.23946481263876,53.5333299487884],[-2.2398419820939,53.5333291923795],[-2.24021915153196,53.533328434781],[-2.24059632095291,53.5333276759927],[-2.24059504227388,53.5331029671529],[-2.24097220968208,53.5331022071831],[-2.24134937707313,53.5331014460236],[-2.24172654444698,53.5331006836744],[-2.24172525979827,53.5328759748508],[-2.24210242515933,53.5328752113201],[-2.24210371180361,53.5330999201354],[-2.24248087914301,53.5330991554068],[-2.24248216780008,53.5333238642054],[-2.24248345647436,53.5335485729955],[-2.24248474521217,53.5337732815281],[-2.24248603397808,53.5339979899937],[-2.24286320927662,53.5339972240479],[-2.24286450005212,53.5342219324992],[-2.24286579084482,53.534446640942],[-2.24286708165473,53.5346713493764],[-2.24286837248185,53.5348960578022],[-2.24249118921354,53.5348968237709],[-2.24211400592798,53.5348975885498],[-2.24211529278729,53.5351222969786],[-2.24173810749199,53.5351230605734],[-2.24173939237592,53.5353477689994],[-2.24136220507089,53.5353485314101],[-2.24136348797939,53.5355732398334],[-2.24136477090498,53.5357979482481],[-2.24098757959763,53.5357987094804],[-2.24098886054771,53.5360234178923],[-2.2406116672306,53.5360241779404],[-2.24061294620511,53.5362488863496],[-2.24061422519667,53.5364735947503],[-2.2409914224991,53.5364728346908],[-2.24099270350041,53.5366975430773],[-2.24061550420528,53.5366983031425],[-2.24023830489303,53.5366990620177],[-2.24023958192596,53.5369237704071],[-2.2398623806039,53.5369245280981],[-2.2398636556611,53.5371492364847],[-2.2398649307353,53.5373739448627],[-2.23948772541064,53.5373747013752],[-2.23948899850903,53.5375994097504],[-2.23911179117451,53.5376001650786],[-2.23911306229704,53.537824873451],[-2.23911433343651,53.5380495818149],[-2.23873712209929,53.5380503359644],[-2.23873839126282,53.5382750443255],[-2.23873966044326,53.538499752678],[-2.23836244510325,53.5385005056488],[-2.23836371230767,53.5387252139986],[-2.23798649495776,53.538725965785],[-2.23760927759091,53.5387267163815],[-2.23723206020716,53.5387274657881],[-2.23685484280653,53.5387282140046],[-2.23647762538904,53.5387289610312],[-2.2364788826455,53.5389536694004],[-2.23610166321822,53.5389544152426],[-2.23610040795473,53.5387297068679],[-2.23572319050363,53.5387304515145],[-2.23534597303575,53.5387311949712],[-2.23534472177488,53.5385064865769],[-2.2353434705307,53.5382817781741],[-2.23534221930318,53.5380570697628],[-2.23496500779732,53.5380578120129],[-2.23496625703194,53.5382825204298],[-2.23458904344179,53.5382832614381],[-2.2345902906982,53.5385079698502],[-2.23421307501544,53.5385087096097],[-2.23421432029055,53.5387334180145],[-2.23383710259313,53.5387341565851],[-2.23345988487905,53.5387348939657],[-2.23345864359986,53.5385101855588],[-2.23345740233725,53.5382854771434],[-2.23308018860241,53.5382862133319],[-2.23307894935428,53.538061504907],[-2.23270173760074,53.5380622399045],[-2.23270050036703,53.5378375314701],[-2.23232329059478,53.5378382652765],[-2.23194608080597,53.537838997893],[-2.2319448475845,53.537614289448],[-2.23156763977701,53.5376150208735],[-2.23156640856983,53.5373903124191],[-2.23118920274366,53.5373910426536],[-2.23118797355072,53.5371663341897],[-2.23081076970587,53.5371670632333],[-2.23080954252711,53.5369423547599],[-2.23043234066359,53.5369430826125],[-2.23043111549896,53.5367183741297],[-2.23005391561676,53.5367191007914],[-2.23005269246622,53.5364943922992],[-2.22967549456534,53.53649511777],[-2.22967427342882,53.5362704092683],[-2.22967305230859,53.5360457007581],[-2.22967183120467,53.5358209922395],[-2.22967061011705,53.5355962837124],[-2.23004780002731,53.5355955582455],[-2.23042498992117,53.5355948315887],[-2.23042376485468,53.5353701230551],[-2.23080095273453,53.5353693952095],[-2.23079972568683,53.5351446866685],[-2.23117691155268,53.535143957634],[-2.23155409740205,53.5351432274096],[-2.23155286637567,53.5349185188622],[-2.231930050211,53.5349177874491],[-2.23192881720355,53.5346930788942],[-2.23155163536572,53.5346938103063],[-2.23117445351139,53.5346945405286],[-2.23117568252383,53.5349192490855],[-2.23079849865552,53.534919978119],[-2.23042131477075,53.5349207059626],[-2.23042253980454,53.5351454145131],[-2.23004535390582,53.5351461411679],[-2.22966816799071,53.5351468666329],[-2.22966938904573,53.5353715751769],[-2.22929220111669,53.535372299453],[-2.22929342019042,53.5355970079895],[-2.22891623024745,53.5355977310767],[-2.22853904028817,53.5355984529741],[-2.22816185031259,53.5355991736815],[-2.22816063723162,53.5353744651422],[-2.22778344923738,53.5353751846589],[-2.2274062612269,53.5353759029857],[-2.22702907320021,53.5353766201227],[-2.22702786612812,53.5351519115721],[-2.22665068008281,53.5351526275184],[-2.22627349402135,53.5351533422747],[-2.22627229096044,53.5349286337139],[-2.2258951068804,53.5349293472796],[-2.22589630794377,53.5351540558413],[-2.22551912185009,53.535154768218],[-2.22514193574033,53.5351554794049],[-2.22514073867203,53.5349307708414],[-2.22476355454377,53.5349314808376],[-2.22476474961453,53.5351561894019],[-2.22438756347272,53.5351568982091],[-2.22438875656187,53.5353816067658],[-2.2240115684065,53.535382314384],[-2.22401275951398,53.535607022933],[-2.22363556934505,53.5356077293622],[-2.22363675847082,53.5358324379036],[-2.22325956628833,53.5358331431438],[-2.22288237408994,53.535833847194],[-2.22250518187565,53.5358345500543],[-2.22250636502435,53.5360592585898],[-2.22288355923628,53.5360585557286],[-2.22326075343232,53.5360578516776],[-2.22363794761245,53.5360571464366],[-2.22363913676995,53.5362818549612],[-2.22401633293182,53.5362811485296],[-2.22401514177664,53.5360564400058],[-2.22439233592487,53.5360557323852],[-2.2247695300571,53.5360550235746],[-2.22476833492253,53.5358303150441],[-2.2251455270411,53.5358296050445],[-2.22552271914363,53.5358288938551],[-2.22589991123008,53.5358281814757],[-2.22590111235758,53.5360528900036],[-2.22627830642558,53.5360521764335],[-2.22627950956678,53.5362768849521],[-2.22665670561632,53.5362761701912],[-2.22703390164971,53.5362754542405],[-2.22741109766691,53.5362747370998],[-2.2277882936679,53.5362740187693],[-2.22778950481595,53.5364987272758],[-2.22816670279841,53.5364980077544],[-2.22816791596035,53.5367227162515],[-2.22854511592427,53.5367219955393],[-2.22892231587189,53.5367212736372],[-2.22892353304553,53.536945982124],[-2.22930073497458,53.536945259031],[-2.2296779368873,53.5369445347481],[-2.22967915807273,53.5371692432244],[-2.22968037927447,53.5373939516923],[-2.23005758516639,53.5373932262176],[-2.23043479104191,53.5373924995529],[-2.23043601625561,53.5376172080103],[-2.23043724148567,53.5378419164593],[-2.23006003161446,53.537842643126],[-2.23006125486299,53.5380673515676],[-2.2296840429775,53.5380680770453],[-2.22930683107564,53.5380688013331],[-2.22930805034468,53.5382935097681],[-2.22930926963,53.5385182181947],[-2.22931048893159,53.5387429266129],[-2.22893327101957,53.5387436497135],[-2.22855605309123,53.5387443716242],[-2.2281788351466,53.5387450923449],[-2.2281800484705,53.5389698007574],[-2.22780282851161,53.538970520289],[-2.22742560853648,53.5389712386306],[-2.22704838854514,53.5389719557822],[-2.22667116853762,53.5389726717438],[-2.22629394851394,53.5389733865154],[-2.22629515186394,53.5391980949241],[-2.2259179298261,53.5391988085065],[-2.22591913119412,53.5394235169076],[-2.22592033257817,53.5396482253002],[-2.22629755861212,53.539647511716],[-2.22629876201031,53.5398722200993],[-2.22629996542456,53.5400969284741],[-2.22630116885488,53.5403216368405],[-2.22592393682654,53.5403223504274],[-2.22554670478209,53.5403230628242],[-2.22516947272156,53.540323774031],[-2.22479224064499,53.5403244840477],[-2.22479104520729,53.5400997756778],[-2.22441381511285,53.5401004845036],[-2.22441262168924,53.5398757761244],[-2.22441142828156,53.5396510677368],[-2.22403420216735,53.5396517753708],[-2.22403301077368,53.5394270669739],[-2.22403181939591,53.5392023585686],[-2.22440904151399,53.5392016509362],[-2.2244078481541,53.5389769425232],[-2.22440665481014,53.5387522341018],[-2.2244054614821,53.5385275256719],[-2.22440426817,53.5383028172336],[-2.22478148228016,53.5383021084145],[-2.22478028698606,53.5380773999686],[-2.22477909170792,53.5378526915142],[-2.22440188159356,53.5378534003315],[-2.22440068832923,53.5376286918678],[-2.22402348019674,53.5376293994943],[-2.2240246714632,53.5378541079589],[-2.22364746131688,53.5378548143963],[-2.22327025115462,53.5378555196437],[-2.22327143844121,53.5380802281015],[-2.22289422626514,53.5380809321598],[-2.22251701407319,53.5380816350281],[-2.22213980186537,53.5380823367064],[-2.22176258964173,53.5380830371948],[-2.22176141034669,53.5378583287339],[-2.22138420010513,53.5378590280316],[-2.22138537740227,53.5380837364933],[-2.22100816514704,53.5380844346017],[-2.22063095287605,53.5380851315202],[-2.22063212619308,53.5383098399749],[-2.22025491190845,53.5383105357042],[-2.21987769760812,53.5383112302435],[-2.21987886694492,53.5385359386912],[-2.21988003629731,53.5387606471304],[-2.21988120566531,53.5389853555613],[-2.21988237504892,53.5392100639836],[-2.21950515274098,53.5392107573358],[-2.21950632014214,53.5394354657505],[-2.21950748755888,53.5396601741566],[-2.21950865499119,53.5398848825543],[-2.21913142667337,53.5398855747186],[-2.21875419833992,53.5398862656929],[-2.21837696999089,53.5398869554771],[-2.21799974164319,53.5398876440449],[-2.2176225133214,53.5398883313581],[-2.21724528498406,53.5398890174812],[-2.21686805663122,53.5398897024143],[-2.21686690319941,53.5396649940104],[-2.21724412955002,53.5396643090783],[-2.21724297413143,53.5394396006669],[-2.21762019846432,53.5394389145458],[-2.21761904105899,53.539214206127],[-2.21724181872827,53.5392148922471],[-2.21724066334056,53.5389901838188],[-2.21723950796828,53.5387654753821],[-2.21723835261145,53.5385407669369],[-2.21723719727006,53.5383160584832],[-2.21685998293227,53.5383167434093],[-2.2168611362716,53.538541451864],[-2.21686228962633,53.5387661603102],[-2.21686344299648,53.5389908687479],[-2.21648622263692,53.538991552487],[-2.21648737402033,53.5392162609173],[-2.21648852541913,53.5394409693391],[-2.21611130103979,53.5394416518902],[-2.21611245045177,53.5396663603045],[-2.21573522405479,53.5396670416665],[-2.21535799764241,53.5396677218385],[-2.21535685223484,53.5394430134222],[-2.21497962780929,53.5394436924032],[-2.21497848441921,53.5392189839774],[-2.2149773410444,53.5389942755433],[-2.21497619768488,53.5387695671007],[-2.21497505434063,53.5385448586496],[-2.21497391101166,53.5383201501901],[-2.21497276769797,53.5380954417221],[-2.21459555526975,53.5380961195073],[-2.21459441397335,53.53787141103],[-2.21459327269221,53.5376467025441],[-2.21459213142632,53.5374219940498],[-2.21459099017567,53.537197285547],[-2.21421378574004,53.5371979621386],[-2.21383658128912,53.5371986375402],[-2.21345937682293,53.5371993117519],[-2.21346051206776,53.5374240202575],[-2.2130833055844,53.5374246932802],[-2.21270609908583,53.5374253651129],[-2.21232889257208,53.5374260357557],[-2.21195168604317,53.5374267052086],[-2.21157447949913,53.5374273734715],[-2.21119727293999,53.5374280405445],[-2.21119614970679,53.5372033320337],[-2.21081894513451,53.5372039979159],[-2.21082006636578,53.5374287064276],[-2.21044285977651,53.5374293711207],[-2.21044174054719,53.5372046626082],[-2.21044062133282,53.5369799540872],[-2.21081782391823,53.5369792893958],[-2.21081670271693,53.5367545808672],[-2.21081558153061,53.5365298723301],[-2.21043838294894,53.5365305370199],[-2.21043726377943,53.5363058284735],[-2.21006006718458,53.5363064919726],[-2.21006118435226,53.5365312005197],[-2.20968398574058,53.5365318628297],[-2.20968287057473,53.5363071542817],[-2.20968175542379,53.5360824457252],[-2.21005895003183,53.5360817834169],[-2.210057832894,53.5358570748528],[-2.21005671577109,53.5356323662803],[-2.21005559866311,53.5354076576993],[-2.20967841006032,53.5354083200052],[-2.20967729496896,53.5351836114149],[-2.2096761798925,53.5349589028161],[-2.20967506483093,53.5347341942089],[-2.21005224742871,53.5347335319055],[-2.21005113038042,53.5345088232907],[-2.20967394978426,53.5345094855933],[-2.20929676917314,53.5345101467061],[-2.20929565614295,53.5342854380812],[-2.20929454312764,53.5340607294478],[-2.20929343012719,53.533836020806],[-2.20891625550582,53.5338366807265],[-2.20891514452175,53.5336119720754],[-2.20853797188698,53.5336126308054],[-2.20853686292297,53.5333879216303],[-2.20853575397413,53.5331632123943],[-2.20853464504008,53.5329385031498],[-2.20815747838422,53.5329391606844],[-2.20815858532048,53.5331638699314],[-2.20778141665199,53.5331645262787],[-2.20778252160519,53.5333892355197],[-2.20740535092409,53.5333898906797],[-2.2074042479687,53.5331651814363],[-2.20702707927063,53.5331658354042],[-2.20702597832775,53.53294112615],[-2.20664881161272,53.5329417789256],[-2.20627164488297,53.5329424305116],[-2.20589447813852,53.5329430809078],[-2.20589338320362,53.5327183716379],[-2.20551621844226,53.532719020842],[-2.2055173113794,53.5329437301143],[-2.20514014460564,53.5329443781311],[-2.20513905366626,53.5327196688564],[-2.20513796274144,53.5324949595732],[-2.20476079994857,53.5324956063954],[-2.20476188887565,53.532720315681],[-2.20438472407045,53.5327209613159],[-2.2043836371411,53.532496252028],[-2.20438255022625,53.5322715427316],[-2.20400538940194,53.5322721871721],[-2.20400647431908,53.5324968964708],[-2.20362931148251,53.5324975397239],[-2.20325214863144,53.5324981817873],[-2.20325106770973,53.5322734724839],[-2.2028739068419,53.5322741133553],[-2.20287282793229,53.5320494040411],[-2.20249566904768,53.5320500437204],[-2.20249459215012,53.5318253343954],[-2.20211743524875,53.5318259728827],[-2.20174027833298,53.5318266101804],[-2.20136312151325,53.5318272463274],[-2.20136205064228,53.5316025369924],[-2.20098489629258,53.5316031721128],[-2.20060774192809,53.5316038060433],[-2.20060667523183,53.5313790967402],[-2.20022952293257,53.5313797295011],[-2.1998523706186,53.5313803610722],[-2.19947521828993,53.5313809914534],[-2.19947627874624,53.5316057006962],[-2.19909912432292,53.5316063298675],[-2.19910018271383,53.5318310390817],[-2.19872302619586,53.5318316670431],[-2.19834586966328,53.5318322938146],[-2.19796871311612,53.5318329193964],[-2.1975915565544,53.5318335437883],[-2.19721439997816,53.5318341669904],[-2.19721335198731,53.5316094578771],[-2.19683619747659,53.5316100799096],[-2.1964590429514,53.5316107007523],[-2.19646008678222,53.5318354098252],[-2.19608293016257,53.5318360294579],[-2.19570577352851,53.5318366479008],[-2.19532861688007,53.5318372651539],[-2.19532757928929,53.5316125561416],[-2.19570473385772,53.5316119388683],[-2.19570369420124,53.5313872298275],[-2.1953265417128,53.5313878471211],[-2.19494938921,53.5313884632249],[-2.1949504247065,53.5316131722251],[-2.19457327010939,53.5316137871188],[-2.19419611549797,53.5316144008228],[-2.19381896087229,53.5316150133368],[-2.19381793161575,53.5313903043974],[-2.19344077905581,53.531390915742],[-2.19343975189342,53.5311662068144],[-2.19381690237339,53.5311655954495],[-2.19381587314522,53.5309408864934],[-2.19381484393123,53.5307161775289],[-2.19343769761109,53.5307167889343],[-2.19343872474517,53.5309414978786],[-2.19306157633091,53.530942108074],[-2.19306055127673,53.53071739915],[-2.19268340492819,53.530718008176],[-2.19268238196801,53.530493299264],[-2.19230523768519,53.5304939071205],[-2.19230421681896,53.5302691982205],[-2.19192707460186,53.5302698049076],[-2.19192605582952,53.5300450960196],[-2.19192503707123,53.5298203871233],[-2.19154789899964,53.5298209926613],[-2.19154688233516,53.529596283777],[-2.19192401832698,53.5295956782186],[-2.1923011543047,53.5295950714705],[-2.19230217512871,53.5298197803955],[-2.19267931317207,53.5298191724781],[-2.19305645120128,53.5298185633709],[-2.1934335892163,53.529817953074],[-2.19381072721711,53.5298173415873],[-2.19381175637436,53.5300420505852],[-2.19418889644072,53.5300414379291],[-2.19456603649281,53.5300408240833],[-2.19494317653061,53.5300402090478],[-2.19532031655407,53.5300395928225],[-2.19531927907765,53.5298148837436],[-2.19569641700697,53.5298142663083],[-2.19569537746508,53.5295895572008],[-2.19531824161552,53.5295901746562],[-2.19531720416768,53.5293654655606],[-2.19531616673414,53.5291407564566],[-2.19531512931488,53.5289160473443],[-2.1949379996901,53.5289166636708],[-2.19493696436479,53.5286919545704],[-2.19493592905375,53.5284672454616],[-2.19455880357391,53.528467860639],[-2.19455983680533,53.5286925697275],[-2.19418270923157,53.5286931836949],[-2.19380558164355,53.5286937964727],[-2.19342845404129,53.5286944080608],[-2.19305132642481,53.5286950184592],[-2.19267419879415,53.5286956276679],[-2.19229707114934,53.528696235687],[-2.19229605039568,53.5284715267202],[-2.19191892481637,53.52847213357],[-2.19191994349041,53.5286968425164],[-2.19154281581737,53.5286974481561],[-2.19154179922296,53.52847273923],[-2.19154078264256,53.5282480302956],[-2.19153976607618,53.5280233213528],[-2.19116264462787,53.5280239258639],[-2.19116163015505,53.5277992169331],[-2.19116061569621,53.527574507994],[-2.19078349839292,53.5275751113562],[-2.19078248602756,53.5273504024291],[-2.19040537078975,53.527351004622],[-2.19002825553795,53.5273516056253],[-2.19002926374434,53.5275763145116],[-2.1896521463991,53.5275769143049],[-2.18965315253987,53.5278016231626],[-2.19003027196463,53.5278010233897],[-2.19040739137543,53.5278004224271],[-2.19040840168917,53.5280251313172],[-2.19040941201683,53.5282498401989],[-2.19003228844692,53.5282504411207],[-2.19003329670891,53.5284751499736],[-2.18965617104544,53.5284757496854],[-2.18965516486304,53.5282510408528],[-2.18965415869452,53.5280263320119],[-2.18927703717629,53.5280269305747],[-2.18927603310119,53.5278022217459],[-2.18927502903993,53.5275775129086],[-2.18889791166687,53.5275781103227],[-2.18852079427993,53.5275787065471],[-2.18814367687916,53.5275793015819],[-2.18776655946456,53.5275798954271],[-2.18776556373511,53.5273551866632],[-2.18738844838622,53.5273557793392],[-2.18738745474997,53.5271310705874],[-2.18701034146679,53.5271316620943],[-2.18663322816988,53.5271322524115],[-2.1866322387062,53.5269075436923],[-2.18625512747503,53.5269081328404],[-2.18587801623018,53.5269087207989],[-2.18587900153498,53.5271334294772],[-2.18550188819705,53.5271340162257],[-2.18512477484551,53.5271346017846],[-2.18512575600498,53.5273593104135],[-2.184748640705,53.5273598948413],[-2.18474766162788,53.5271351862349],[-2.18437055001321,53.5271357703847],[-2.18437152703115,53.5273604789752],[-2.18399441334388,53.5273610619196],[-2.18361729964321,53.5273616436744],[-2.1836163267436,53.5271369351154],[-2.18323921508872,53.5271375156964],[-2.18324018592917,53.5273622242396],[-2.18324115678291,53.5275869327745],[-2.18286404099633,53.5275875121343],[-2.18248692519643,53.5275880903046],[-2.18248595846108,53.5273633818013],[-2.18210884470709,53.5273639587978],[-2.18210980938324,53.5275886672852],[-2.1817326935568,53.5275892430763],[-2.18135557771712,53.5275898176778],[-2.18097846186424,53.5275903910896],[-2.18060134599818,53.5275909633119],[-2.1806003895588,53.5273662548878],[-2.18022327573879,53.5273668259364],[-2.17984616190566,53.5273673957954],[-2.17946904805944,53.5273679644648],[-2.17909193420015,53.5273685319446],[-2.17871482032783,53.5273690982348],[-2.17833770644249,53.5273696633355],[-2.17833676237124,53.5271449549983],[-2.1787138741974,53.5271443898817],[-2.17871292807994,53.5269196815203],[-2.17871198197544,53.5266949731505],[-2.17908908967034,53.5266944068126],[-2.17908814151973,53.5264696984185],[-2.1790871933821,53.526244990016],[-2.17871008980535,53.5262455563857],[-2.17833298621559,53.526246121566],[-2.17795588261285,53.5262466855567],[-2.17757877899716,53.5262472483578],[-2.17757783910866,53.5260225400106],[-2.17720073753908,53.5260231016382],[-2.17720167536855,53.5262478099694],[-2.17682457172704,53.5262483703915],[-2.17644746807266,53.5262489296241],[-2.17644840179686,53.526473637915],[-2.17607129607059,53.5264741959421],[-2.17607036440544,53.5262494876671],[-2.17606943275307,53.5260247793838],[-2.17606850111348,53.525800071092],[-2.17606756948665,53.5255753627919],[-2.17569047198364,53.5255759196933],[-2.17569140155149,53.5258006279775],[-2.17569233113208,53.5260253362532],[-2.17569326072541,53.5262500445206],[-2.17569419033149,53.5264747527796],[-2.17569511995032,53.5266994610303],[-2.17569604958189,53.5269241692725],[-2.17569697922621,53.5271488775064],[-2.17531986729698,53.5271494331064],[-2.174942755355,53.5271499875168],[-2.17456564340029,53.5271505407377],[-2.17418853143288,53.527151092769],[-2.17381141945279,53.5271516436108],[-2.17343430746006,53.527152193263],[-2.17305719545471,53.5271527417256],[-2.17268008343677,53.5271532889986],[-2.17230297140627,53.5271538350821],[-2.17192585936324,53.527154379976],[-2.17192676842857,53.5273790880412],[-2.17192767750637,53.527603796098],[-2.17192858659665,53.5278285041464],[-2.1715514683635,53.5278290478024],[-2.17117435011788,53.5278295902689],[-2.17079723185981,53.5278301315458],[-2.17042011358931,53.5278306716331],[-2.17041921273596,53.5276059636492],[-2.1700420965123,53.527606502563],[-2.1700411977305,53.5273817945868],[-2.17004029896104,53.5271570866021],[-2.17003940020391,53.5269323786091],[-2.17003850145912,53.5267076706077],[-2.17003760272665,53.526482962598],[-2.17003670400651,53.5262582545798],[-2.17041380787537,53.5262577155692],[-2.17041470865457,53.5264824236035],[-2.17041560944613,53.5267071316294],[-2.17041651025005,53.5269318396469],[-2.17041741106633,53.527156547656],[-2.17041831189496,53.5273812556568],[-2.17079542604703,53.5273807155373],[-2.17117254018667,53.5273801742281],[-2.17117163523968,53.5271554661952],[-2.17079452315921,53.5271560075204],[-2.17079362028379,53.5269312994951],[-2.17079271742075,53.5267065914615],[-2.1707918145701,53.5264818834195],[-2.17079091173184,53.5262571753691],[-2.17079000890596,53.5260324673103],[-2.17078910609247,53.5258077592432],[-2.17078820329136,53.5255830511676],[-2.17078730050264,53.5253583430837],[-2.17078639797978,53.5251336349938],[-2.17078549566611,53.5249089268974],[-2.17078459336455,53.5246842187926],[-2.17078369107508,53.5244595106792],[-2.17116077866278,53.5244589692157],[-2.17115987438665,53.5242342610932],[-2.17115897012265,53.5240095529623],[-2.17078188653244,53.5240100944272],[-2.17078278879771,53.5242348025574],[-2.17040570319665,53.5242353428322],[-2.17040480293011,53.5240106347027],[-2.17040390267565,53.5237859265647],[-2.17002682105992,53.5237864656516],[-2.16964973943211,53.5237870035491],[-2.16964884318708,53.5235622954041],[-2.16927176354591,53.523562832113],[-2.16889468389271,53.5235633676325],[-2.16889379165701,53.5233386594805],[-2.16889289943327,53.52311395132],[-2.16851582376535,53.5231144856517],[-2.16851493355218,53.5228897774835],[-2.1681378598709,53.5228903106267],[-2.16813697166823,53.5226656024508],[-2.16775989779753,53.5226661346287],[-2.16775901161296,53.522441426445],[-2.16775812544033,53.5222167182529],[-2.16738105544538,53.5222172492557],[-2.16738017129703,53.5219925410552],[-2.16700310330246,53.5219930708689],[-2.16700222117832,53.5217683626601],[-2.16662515518413,53.5217688912846],[-2.16662427508415,53.5215441830675],[-2.16624721109034,53.5215447105029],[-2.16624633301447,53.5213200022774],[-2.16624545495044,53.5210952940435],[-2.16586839496923,53.52109582029],[-2.16586751892923,53.5208711120477],[-2.16549046094836,53.5208716371051],[-2.16548958693234,53.5206469288546],[-2.16511253095182,53.5206474527229],[-2.16511165895972,53.5204227444641],[-2.16511078697937,53.5201980361968],[-2.16473373501132,53.5201985588762],[-2.16435668303151,53.5201990803665],[-2.16435755098763,53.5204237886335],[-2.16398049698398,53.5204243089344],[-2.16360344296862,53.5204248280461],[-2.16360430691217,53.5206495363042],[-2.16322725087299,53.5206500542265],[-2.16285019482217,53.5206505709595],[-2.16285105475303,53.5208752792087],[-2.16247399667841,53.5208757947524],[-2.16247485460867,53.5211005029929],[-2.16209779451026,53.5211010173471],[-2.16172073440029,53.5211015305121],[-2.16172158831767,53.5213262387436],[-2.16134452618393,53.5213267507191],[-2.16134537810057,53.5215514589419],[-2.16096831394306,53.5215519697279],[-2.16059124977407,53.5215524793246],[-2.16059209767764,53.5217771875385],[-2.16021503148491,53.5217776959456],[-2.15983796528074,53.5217782031636],[-2.15983880917114,53.5220029113684],[-2.15946174094326,53.5220034173967],[-2.15908467270401,53.5220039222358],[-2.15908383283822,53.5217792140317],[-2.15870676659991,53.5217797176818],[-2.15870592875772,53.5215550094695],[-2.15870509092683,53.5213303012488],[-2.15832802870173,53.5213308037104],[-2.15832719289435,53.5211060954815],[-2.15832635709824,53.5208813872442],[-2.15794929888626,53.5208818885172],[-2.15794846511359,53.5206571802718],[-2.15757140890251,53.520657680356],[-2.15757057715322,53.5204329721024],[-2.15756974541515,53.5202082638404],[-2.15719269321708,53.5202087627361],[-2.15719186350231,53.5199840544661],[-2.15719103379872,53.5197593461875],[-2.15681398561359,53.5197598438948],[-2.15681315793322,53.5195351356082],[-2.15681233026401,53.5193104273131],[-2.15643528609174,53.519310923832],[-2.15643446044567,53.5190862155288],[-2.15643363481073,53.5188615072172],[-2.15605659465123,53.5188620025477],[-2.15605577103934,53.518637294228],[-2.15567873288064,53.5186377883698],[-2.15567791129175,53.5184130800421],[-2.15530087513384,53.5184135729952],[-2.15530005556791,53.5181888646594],[-2.1549230214108,53.5181893564238],[-2.15492220386776,53.51796464808],[-2.15492138633574,53.5177399397277],[-2.15492056881474,53.517515231367],[-2.15491975130476,53.5172905229978],[-2.15491893380581,53.5170658146202],[-2.15529595790396,53.5170653228537],[-2.15529513824027,53.5168406144097],[-2.15529431832982,53.5166159058671],[-2.1556713384135,53.5166154129158],[-2.15567051651742,53.5163907043681],[-2.15566969463234,53.516165995812],[-2.15604671071176,53.5161655016787],[-2.15604588684111,53.5159407931177],[-2.15642290091289,53.5159402977989],[-2.1564237267801,53.5161650063564],[-2.15642455265838,53.5163897149055],[-2.15680157071223,53.5163892183907],[-2.15680074283736,53.5161645098451],[-2.1571777588835,53.5161640121448],[-2.15755477491848,53.5161635132555],[-2.15755394306156,53.5159388047086],[-2.15755311121578,53.5157140961531],[-2.15793012324648,53.5157135960819],[-2.15792928941532,53.5154888875216],[-2.1583062994383,53.515488386265],[-2.15868330945005,53.5154878838194],[-2.15868247163709,53.5152631752577],[-2.15868163383535,53.5150384666875],[-2.1590586398429,53.5150379630601],[-2.15905780005594,53.514813254485],[-2.15943480405577,53.5148127496723],[-2.1598118080443,53.5148122436706],[-2.15981096427578,53.5145875350943],[-2.15981012051856,53.5143628265094],[-2.16018712050296,53.514362319326],[-2.16018627476069,53.5141376107363],[-2.16056327273738,53.5141371023676],[-2.16056242501011,53.513912393773],[-2.16093942097908,53.5139118842191],[-2.16093857126687,53.5136871756196],[-2.16093772156605,53.5134624670118],[-2.16093687187661,53.5132377583954],[-2.16093602219855,53.5130130497705],[-2.16131301017107,53.5130125390422],[-2.16168999813214,53.5130120271251],[-2.16206698608175,53.513011514019],[-2.16244397401987,53.5130109997241],[-2.16282096194646,53.5130104842404],[-2.16319794986151,53.5130099675677],[-2.16319881151688,53.5132346761706],[-2.16357580141656,53.5132341583054],[-2.16357666507972,53.5134588668961],[-2.16357752875444,53.5136835754783],[-2.16395452263504,53.5136830564169],[-2.16395538831764,53.5139077649869],[-2.1643323841829,53.5139072447328],[-2.16433151650401,53.5136825361665],[-2.16470851036132,53.5136820147273],[-2.16508550420695,53.5136814920991],[-2.16508637587844,53.513906200658],[-2.16546337170865,53.5139056768372],[-2.16584036752712,53.5139051518276],[-2.16621736333383,53.513904625629],[-2.16659435912875,53.5139040982415],[-2.16697135491185,53.5139035696652],[-2.16697223657663,53.5141282781967],[-2.16734923434421,53.5141277484277],[-2.16735011801716,53.514352456947],[-2.16772711776921,53.5143519259852],[-2.16810411750936,53.5143513938345],[-2.1681050051869,53.5145761023377],[-2.16848200519288,53.5145755691917],[-2.16885900514298,53.5145750348618],[-2.16885811351397,53.5143503263625],[-2.16923511147465,53.5143497908458],[-2.1696121094234,53.5143492541402],[-2.16961121385123,53.5141245456367],[-2.16961031829097,53.5138998371247],[-2.16960942274263,53.5136751286042],[-2.16998641474698,53.5136745907162],[-2.16998731227278,53.5138992992345],[-2.17036430624262,53.5138987601554],[-2.17074130020047,53.5138982198874],[-2.17074220169317,53.5141229283929],[-2.17111919761647,53.5141223869338],[-2.17111829414628,53.5138976784305],[-2.17111739068812,53.5136729699187],[-2.17111648724197,53.5134482613985],[-2.17111558380784,53.5132235528698],[-2.17149257180932,53.5132230102306],[-2.17186955979872,53.5132224664025],[-2.17186865242186,53.5129977578698],[-2.17224563842178,53.5129972128551],[-2.17262262440957,53.5129966666515],[-2.1729996103852,53.512996119259],[-2.17337659634866,53.5129955706776],[-2.17337751163502,53.5132202792014],[-2.17337842693356,53.5134449877168],[-2.17337934224428,53.5136696962236],[-2.17338025756718,53.513894404722],[-2.17375725142808,53.5138938549428],[-2.17375633412773,53.5136691464466],[-2.17375541683958,53.513444437942],[-2.17375449956363,53.513219729429],[-2.1737535822999,53.5129950209074],[-2.17375266504837,53.5127703123774],[-2.17412964901002,53.5127697614206],[-2.17412872979338,53.5125450528844],[-2.17450571176545,53.5125445007411],[-2.17488269372523,53.5125439474088],[-2.17488177056623,53.5123192388687],[-2.17450479058374,53.5123197921987],[-2.17450386941429,53.5120950836478],[-2.17450294825711,53.5118703750885],[-2.17450202711217,53.5116456665206],[-2.17487900116294,53.5116451131976],[-2.17487807805308,53.5114204046236],[-2.17487715495551,53.5111956960412],[-2.17487623187022,53.5109709874502],[-2.17487530879721,53.5107462788508],[-2.17487438573649,53.510521570243],[-2.17487346268805,53.5102968616266],[-2.17487253965189,53.5100721530019],[-2.1752494998506,53.5100715985061],[-2.17524857484973,53.5098468898751],[-2.17524764986117,53.5096221812357],[-2.17524672488492,53.5093974725878],[-2.17524579992097,53.5091727639314],[-2.1756227521995,53.5091722082561],[-2.17562182527098,53.5089474995935],[-2.17562089835479,53.5087227909225],[-2.17561997136869,53.5084980822286],[-2.17561904428705,53.5082733735073],[-2.17599598863653,53.5082728166571],[-2.17637293297358,53.5082722586182],[-2.17637200193845,53.5080475498995],[-2.17637107091574,53.5078228411722],[-2.17674801127452,53.5078222819558],[-2.17674707828135,53.5075975732257],[-2.17674614530063,53.507372864487],[-2.17712308168122,53.5073723040931],[-2.1775000180493,53.5073717425106],[-2.17787695440486,53.5073711797395],[-2.17787601548812,53.507146471009],[-2.1782529498483,53.5071459070549],[-2.1786298841959,53.5071453419122],[-2.17900681853089,53.5071447755808],[-2.17938375285325,53.5071442080609],[-2.17976068716294,53.5071436393524],[-2.17975973834478,53.5069189306415],[-2.180136670659,53.50691836075],[-2.18051360296049,53.5069177896699],[-2.18089053524925,53.5069172174013],[-2.18089149001578,53.5071419260952],[-2.18126842427456,53.5071413526323],[-2.18126938103664,53.5073660613121],[-2.18164631726544,53.507365486655],[-2.18202325348141,53.5073649108092],[-2.18240018968454,53.5073643337748],[-2.18240115240792,53.507589042429],[-2.18277809058101,53.5075884642003],[-2.1831550287412,53.507587884783],[-2.18315406205214,53.5073631761402],[-2.18353099821655,53.5073625955399],[-2.18353196688845,53.5075873041771],[-2.18353293557328,53.5078120128057],[-2.18315599544316,53.5078125934174],[-2.1827790553001,53.5078131728404],[-2.18278002003206,53.508037881472],[-2.18315696215801,53.5080373020432],[-2.18353390427104,53.5080367214259],[-2.18353487298172,53.5082614300375],[-2.18353584170533,53.5084861386407],[-2.18315889562644,53.5084867192695],[-2.18315986221802,53.5087114278859],[-2.18316082867148,53.5089361365087],[-2.18316179513781,53.5091608451231],[-2.18316276161702,53.5093855537289],[-2.18353971560718,53.5093849730884],[-2.1835406840762,53.5096096816833],[-2.18391764003038,53.5096090998515],[-2.18391861048926,53.5098338084354],[-2.18391958096106,53.5100585170109],[-2.18354262105292,53.5100590988476],[-2.18354358956062,53.5102838074171],[-2.18354455808123,53.5105085159781],[-2.18354552661473,53.5107332245306],[-2.18354649516113,53.5109579330747],[-2.18316952733181,53.5109585137328],[-2.18317049391398,53.5111832222709],[-2.18317146050902,53.5114079308005],[-2.18317242711694,53.5116326393217],[-2.18317339373773,53.5118573478344],[-2.18317436037139,53.5120820563386],[-2.18279738264326,53.5120826358205],[-2.18279834731253,53.5123073443187],[-2.18279931199465,53.5125320528085],[-2.18280027668961,53.5127567612898],[-2.18280124139742,53.5129814697626],[-2.18242425574721,53.5129820480656],[-2.1824252184905,53.5132067565325],[-2.18242618124661,53.5134314649909],[-2.18242714401554,53.5136561734408],[-2.18242810679729,53.5138808818823],[-2.18205111322459,53.5138814590063],[-2.18205207404169,53.5141061674418],[-2.18205303487158,53.5143308758688],[-2.18205399571427,53.5145555842873],[-2.18167699619624,53.5145561602299],[-2.18167795507416,53.5147808686425],[-2.18167891396486,53.5150055770465],[-2.18130191047889,53.5150061518051],[-2.18130286740474,53.5152308602031],[-2.18167987286832,53.5152302854421],[-2.1820568783191,53.5152297094921],[-2.18205783921297,53.5154544178768],[-2.18243484662856,53.5154538407353],[-2.18243580951289,53.515678549109],[-2.1828128188933,53.5156779707761],[-2.18281378376814,53.5159026791388],[-2.18281474865583,53.5161273874931],[-2.18243773532002,53.516127965831],[-2.18243869824282,53.5163526741793],[-2.18243966117844,53.5165773825191],[-2.18206264387427,53.516577959673],[-2.18206360484492,53.5168026680068],[-2.18168658555012,53.5168032439741],[-2.18168754491818,53.5170279523417],[-2.18168850474749,53.51725266075],[-2.18131148145722,53.5172532355293],[-2.18131243930148,53.5174779439287],[-2.1809354140004,53.5174785175185],[-2.18093636985956,53.517703225909],[-2.18093732573154,53.5179279342911],[-2.1805602964217,53.5179285066909],[-2.18055934254769,53.5177037983093],[-2.18055838868648,53.5174790899192],[-2.18018136335973,53.5174796611308],[-2.18018041150923,53.5172549527327],[-2.1798033881676,53.5172555227557],[-2.1794263648132,53.5172560915896],[-2.17942731266786,53.5174807999868],[-2.17905028730279,53.5174813676313],[-2.17905123317221,53.5177060760195],[-2.17942826053523,53.5177055083756],[-2.1798052878855,53.5177049395426],[-2.17980623776355,53.5179296479233],[-2.18018326709902,53.5179290779017],[-2.18018421898782,53.5181537862745],[-2.18056125030849,53.5181532150642],[-2.18056220420809,53.5183779234289],[-2.18018517088938,53.5183784946388],[-2.18018612280371,53.5186032029946],[-2.18018707473081,53.518827911342],[-2.18056411204565,53.518827340133],[-2.18056506598362,53.5190520484724],[-2.18094210528374,53.5190514760747],[-2.18094306123264,53.5192761844061],[-2.18132010251805,53.5192756108197],[-2.18169714379057,53.5192750360442],[-2.18169810374861,53.5194997443679],[-2.18169906371954,53.5197244526832],[-2.1820761089755,53.5197238767193],[-2.18207514700639,53.5194991684036],[-2.18245219025123,53.5194985912502],[-2.18282923348311,53.5194980129076],[-2.18282826753058,53.5192733045826],[-2.18320530875131,53.5192727250505],[-2.1832043408136,53.5190480167167],[-2.18358138002318,53.5190474359951],[-2.18395841921972,53.5190468540842],[-2.18395744729877,53.5188221457413],[-2.18433448448413,53.518821562641],[-2.1847115216564,53.5188209783516],[-2.1850885585348,53.5188203932498],[-2.18508758057823,53.5185956848828],[-2.1854646153164,53.518595098657],[-2.18546363530767,53.5183703902649],[-2.18546265531245,53.5181456818643],[-2.18583968590588,53.5181450944159],[-2.18583870385859,53.5179203859902],[-2.18621573237291,53.5179197973358],[-2.18621474827361,53.517695088885],[-2.18659177470882,53.5176944990248],[-2.18696880113043,53.5176939079753],[-2.18696781291367,53.5174691994827],[-2.18734483725613,53.5174686072274],[-2.18772186158493,53.5174680137829],[-2.18772086925083,53.5172433052484],[-2.18809789150046,53.5172427105981],[-2.18809689711456,53.5170180020386],[-2.18847391728503,53.5170174061824],[-2.18847292169722,53.5167926977589],[-2.18884993981945,53.5167921007072],[-2.18884894279293,53.516567392382],[-2.1892259588814,53.5165667941405],[-2.18960297495632,53.51656619471],[-2.18960197390293,53.5163414863749],[-2.18997898794408,53.5163408857547],[-2.18997798488408,53.5161161774105],[-2.19035499689145,53.5161155756004],[-2.1903539918249,53.5158908672471],[-2.1907310017985,53.5158902642473],[-2.19072999472546,53.5156655558848],[-2.19072898766605,53.5154408475138],[-2.19035198173264,53.515441450515],[-2.19035097670692,53.5152167421363],[-2.1903499716948,53.5149920337491],[-2.19072697358815,53.5149914307465],[-2.19110397546782,53.514990826555],[-2.19148097733381,53.5149902211745],[-2.19147996627532,53.5147655127769],[-2.19147895523051,53.5145408043707],[-2.19185595304281,53.5145401977999],[-2.19185493999176,53.5143154893847],[-2.19185392695442,53.5140907809609],[-2.19147693318198,53.5140913875331],[-2.19147592217824,53.5138666791016],[-2.19109893041196,53.5138672844854],[-2.19109792144178,53.5136425760462],[-2.19072093168167,53.5136431802418],[-2.19071992474498,53.5134184717948],[-2.19034293699104,53.5134190748022],[-2.19034193208779,53.5131943663474],[-2.19034092719815,53.5129696578842],[-2.18996394347016,53.5129702597041],[-2.18996294061387,53.5127455512331],[-2.18996193777116,53.5125208427537],[-2.18996093494203,53.5122961342658],[-2.19033791261085,53.5122955324437],[-2.19033690777562,53.5120708239467],[-2.19071388341113,53.512070220935],[-2.19071287656987,53.5118455124288],[-2.19071186974224,53.5116208039142],[-2.190334898146,53.5116214069272],[-2.19033389335159,53.5113966984048],[-2.1899569237613,53.5113973002297],[-2.18995792653611,53.5116220087514],[-2.18958095491263,53.5116226093868],[-2.18958195568141,53.5118473178993],[-2.18920498202472,53.5118479173451],[-2.18882800835448,53.5118485156021],[-2.18845103467072,53.5118491126703],[-2.18845202939411,53.5120738211721],[-2.18807505367721,53.5120744170507],[-2.18807406097346,53.5118497085495],[-2.18807306828315,53.51162500004],[-2.18769609659203,53.5116255947312],[-2.18731912488747,53.5116261882337],[-2.18731813624979,53.5114014797172],[-2.18694116655141,53.5114020720316],[-2.18694017994667,53.5111773635074],[-2.1869391933553,53.5109526549748],[-2.18656222768263,53.510953246102],[-2.18656124312413,53.5107285375617],[-2.18656025857896,53.510503829013],[-2.18618329693192,53.510504418953],[-2.18618231441953,53.5102797103967],[-2.18580535477862,53.5102802991487],[-2.18580437429897,53.5100555905847],[-2.1858033938326,53.5098308820122],[-2.18542643821721,53.5098314695771],[-2.18542545978349,53.509606760997],[-2.18542448136302,53.5093820524085],[-2.1854235029558,53.5091573438115],[-2.18504655338518,53.5091579301902],[-2.1850455770105,53.5089332215856],[-2.18504460064904,53.5087085129725],[-2.1854215461811,53.5087079265922],[-2.1854205676699,53.5084832179976],[-2.18541958902684,53.5082585094224],[-2.18579653055104,53.5082579218616],[-2.18617347206209,53.5082573331121],[-2.18617248945323,53.5080326245397],[-2.18617150685751,53.5078079159588],[-2.18617052427494,53.5075832073694],[-2.18654745980454,53.5075826174482],[-2.18692439532093,53.5075820263384],[-2.18692538188229,53.5078067349165],[-2.18692636845686,53.5080314434861],[-2.18730330793884,53.5080308511764],[-2.18730231937485,53.5078061426124],[-2.18730133082409,53.50758143404],[-2.187678266314,53.507580840553],[-2.18805520179062,53.5075802458774],[-2.18805420927435,53.5073555373078],[-2.18843114274829,53.5073549414493],[-2.18843014825595,53.507130232877],[-2.18842915377693,53.5069055242962],[-2.18842815931121,53.5066808157069],[-2.1884271648588,53.5064561071091],[-2.18805023934207,53.5064567029449],[-2.1880492468922,53.506231994333],[-2.1876723233514,53.5062325889745],[-2.18767133290402,53.5060078803484],[-2.18804825445562,53.5060072857125],[-2.18804726203231,53.5057825770836],[-2.18804626962228,53.5055578684462],[-2.18842318718223,53.5055572726332],[-2.18842219279635,53.505332563993],[-2.18879910835384,53.5053319669972],[-2.18917602389796,53.5053313688129],[-2.18917502554719,53.5051066601756],[-2.18955193908882,53.5051060608085],[-2.18955293942869,53.50533076944],[-2.18992985494601,53.5053301688787],[-2.1899308572884,53.505554877496],[-2.1903077747814,53.5055542757404],[-2.19030877912635,53.5057789843434],[-2.19030978348475,53.506003692938],[-2.19068670494261,53.5060030899824],[-2.19068569859504,53.5057783813935],[-2.19106261805022,53.5057777772551],[-2.19106362638698,53.5060024858382],[-2.19144054781782,53.5060018805054],[-2.19143953749189,53.5057771719281],[-2.19181645692,53.5057765654126],[-2.19181746923512,53.5060012739841],[-2.19219439063883,53.5060006662742],[-2.19257131202894,53.5060000573758],[-2.19257029573547,53.5057753488159],[-2.1925692794556,53.5055506402475],[-2.19294619685375,53.5055500301722],[-2.19332311423824,53.5055494189083],[-2.19370003160904,53.5055488064559],[-2.19407694896614,53.505548192815],[-2.19407797320262,53.5057729013602],[-2.19370105385637,53.5057735150069],[-2.19370207611738,53.5059982235494],[-2.19332515476824,53.5059988360134],[-2.19332617505373,53.5062235445532],[-2.19332719535287,53.5064482530845],[-2.19295027001161,53.5064488643716],[-2.19295128833515,53.5066735729003],[-2.19295230667232,53.5068982814204],[-2.19332923599212,53.5068976701217],[-2.19333025633223,53.5071223786275],[-2.19370718762766,53.5071217661343],[-2.19370616529824,53.5068970576343],[-2.1937051429825,53.5066723491258],[-2.19408207028562,53.5066717354557],[-2.1940810459943,53.5064470269445],[-2.19370412068044,53.5064476406088],[-2.19370309839207,53.5062229320833],[-2.1940800217167,53.5062223184249],[-2.1940789974528,53.5059976098968],[-2.19445591877449,53.5059969950556],[-2.19483284008241,53.505996379026],[-2.19520976137654,53.5059957618077],[-2.19521079160805,53.5062204703183],[-2.19521182185335,53.5064451788203],[-2.19521285211244,53.5066698873139],[-2.19558977936044,53.5066692688895],[-2.19558874711209,53.5064445604018],[-2.19558771487756,53.5062198519056],[-2.19558668265685,53.505995143401],[-2.19596360392332,53.5059945238057],[-2.19596463813323,53.5062192323044],[-2.19634156137503,53.5062186115147],[-2.19634259758802,53.5064433199991],[-2.19634363381488,53.5066680284749],[-2.19634467005561,53.5068927369423],[-2.19672159925128,53.5068921149463],[-2.19672263749519,53.5071168233993],[-2.19634570631022,53.5071174454013],[-2.19634674257869,53.5073421538517],[-2.19634777886104,53.5075668622936],[-2.19597084368346,53.5075674831188],[-2.195593908492,53.5075681027553],[-2.19559494080944,53.5077928112006],[-2.19521800361475,53.5077934296544],[-2.19521903395658,53.508018138097],[-2.19522006431221,53.5082428465312],[-2.19559700548576,53.5082422280656],[-2.19597394664547,53.5082416084114],[-2.19597498099384,53.5084663168253],[-2.19597601558874,53.5086910253318],[-2.19597705050884,53.5089157339651],[-2.19635399766405,53.5089151131131],[-2.1967309448052,53.5089144910723],[-2.19672990584659,53.5086897824379],[-2.19710685095438,53.508689159208],[-2.19710581035802,53.508464450713],[-2.19710477004124,53.5082397423169],[-2.19710372973839,53.5080150339122],[-2.19710268944947,53.5077903254991],[-2.19747962657465,53.5077897011022],[-2.19747858431026,53.5075649926865],[-2.19785551943208,53.5075643671069],[-2.19785447519227,53.5073396586886],[-2.19785343096645,53.5071149502619],[-2.19823036209556,53.5071143235056],[-2.19822931589441,53.5068896150763],[-2.19822826970726,53.5066649066385],[-2.19860519684374,53.5066642787055],[-2.19860414868134,53.5064395702653],[-2.19860310053297,53.5062148618165],[-2.19860205239864,53.5059901533592],[-2.19897897355337,53.5059895242555],[-2.19935589469402,53.5059888939633],[-2.19973281582055,53.5059882624826],[-2.19973386992249,53.5062129709219],[-2.20011079302409,53.5062123382466],[-2.20011184912937,53.5064370466714],[-2.20048877420602,53.5064364128016],[-2.20086569926848,53.5064357777431],[-2.20124262431672,53.5064351414961],[-2.20124156224376,53.5062104330893],[-2.20161848558995,53.5062097957292],[-2.20161954967008,53.5064345041355],[-2.20199647537139,53.5064338656713],[-2.2023734010582,53.5064332260184],[-2.2027503267305,53.5064325851769],[-2.20275139689609,53.5066572935892],[-2.20312832457751,53.5066566515639],[-2.20312939678133,53.5068813599725],[-2.20350632647186,53.5068807167633],[-2.20350740071396,53.5071054251683],[-2.20388433241362,53.5071047807753],[-2.20426126409865,53.5071041351936],[-2.20426234240284,53.5073288435997],[-2.20463927609696,53.5073281968341],[-2.2050162097764,53.5073275488799],[-2.20539314344111,53.5073268997369],[-2.20577007709109,53.5073262494053],[-2.20576899069189,53.5071015409803],[-2.20614592230334,53.5071008894553],[-2.2061470107263,53.5073255978851],[-2.20614809916402,53.5075503063065],[-2.20614918761651,53.5077750147194],[-2.20577224993372,53.5077756662302],[-2.20577333637714,53.50800037463],[-2.20539639665574,53.5080010249474],[-2.20501945691959,53.5080016740761],[-2.20502053933003,53.508226382458],[-2.20539748109004,53.508225733334],[-2.20539856553906,53.5084504417122],[-2.20577550930821,53.5084497914043],[-2.2061524530626,53.5084491399076],[-2.20615354212918,53.5086738484619],[-2.20653048790494,53.5086731957845],[-2.20653158007943,53.5088979046704],[-2.20690852791211,53.5088972508223],[-2.20690743366559,53.5086725419182],[-2.20690634052694,53.5084478333481],[-2.20690524798237,53.5082231249511],[-2.20690415545261,53.5079984165456],[-2.20690306293768,53.5077737081317],[-2.20690197043757,53.5075489997094],[-2.20727890605208,53.5075483446278],[-2.20765584165172,53.5075476883576],[-2.20765474511887,53.5073229799175],[-2.20803167867981,53.5073223224539],[-2.20840861222582,53.5073216638017],[-2.20878554575687,53.5073210039608],[-2.20878664836105,53.5075457124149],[-2.20840971280623,53.5075463722511],[-2.20841081340157,53.5077710806921],[-2.2087877509802,53.5077704208605],[-2.20916468854384,53.5077697598403],[-2.20954162609247,53.5077690976313],[-2.20954273277424,53.5079938060778],[-2.20991967233165,53.5079931426848],[-2.20991856362605,53.5077684342336],[-2.21029550114456,53.5077677696473],[-2.210296611874,53.5079924781031],[-2.21067355140124,53.5079918123326],[-2.21105049091336,53.5079911453735],[-2.21104937613625,53.5077664369086],[-2.21142631360938,53.5077657687562],[-2.21180325106733,53.5077650994151],[-2.21180213225774,53.5075403909326],[-2.2114251968236,53.5075410602783],[-2.21142408005296,53.5073163517919],[-2.21104714662741,53.5073170199535],[-2.21067021318671,53.5073176869263],[-2.21066910047872,53.5070929784407],[-2.21066798778583,53.5068682699467],[-2.21066687510803,53.5066435614442],[-2.21104380247756,53.5066428944576],[-2.21104268779118,53.5064181859421],[-2.21104157311992,53.5061934774182],[-2.21141849642698,53.5061928092337],[-2.21141737974723,53.5059681006968],[-2.21141626308262,53.5057433921515],[-2.21179318232731,53.5057427227693],[-2.21217010155679,53.5057420521985],[-2.2121689808602,53.5055173436356],[-2.21254589805089,53.5055166718716],[-2.21254477534598,53.5052919632958],[-2.21254365265629,53.5050672547115],[-2.21292056578468,53.5050665817498],[-2.21291944108674,53.5048418731526],[-2.21329635217637,53.5048411989979],[-2.21329522547023,53.5046164903876],[-2.21291831640405,53.5046171645469],[-2.21291719173662,53.5043924559328],[-2.21254028467858,53.504393128908],[-2.2125391620498,53.50416842029],[-2.21253803943624,53.5039437116635],[-2.21291494244752,53.5039430386792],[-2.21291381782584,53.5037183300398],[-2.21329071879849,53.5037176558624],[-2.2132918454435,53.5039423645064],[-2.21366874842418,53.503941689145],[-2.21366761975582,53.5037169804966],[-2.21404452069782,53.5037163039422],[-2.21404339002145,53.5034915952808],[-2.21442028892477,53.5034909175334],[-2.21441915624045,53.5032662088591],[-2.2144180235715,53.5030415001763],[-2.21479491841287,53.5030408212315],[-2.21479378373604,53.5028161125358],[-2.21517067653876,53.5028154323979],[-2.21516953985412,53.5025907236894],[-2.21554643061819,53.5025900423586],[-2.21554529192578,53.5023653336371],[-2.2159221806512,53.5023646511134],[-2.21592103995109,53.502139942379],[-2.21554415324882,53.5021406249072],[-2.21516726653107,53.5021413062469],[-2.21479037979788,53.5021419863982],[-2.21441349304927,53.5021426653611],[-2.21441462565679,53.5023673740775],[-2.21403773686963,53.5023680518474],[-2.21403886746933,53.5025927605509],[-2.21366197664363,53.5025934371279],[-2.21366084806711,53.5023687284289],[-2.21328395924925,53.5023694038219],[-2.21328508580259,53.5025941125164],[-2.21328621237122,53.5028188212024],[-2.21328733895512,53.5030435298801],[-2.21291044405233,53.503044204071],[-2.21291156862825,53.5032689127357],[-2.21291269321942,53.503493621392],[-2.2125357942548,53.5034942943854],[-2.21253467168692,53.5032695857336],[-2.21215777473033,53.5032702575431],[-2.21178087775851,53.503270928164],[-2.21178199627981,53.5034956368067],[-2.2114050972695,53.5034963062345],[-2.21140621378267,53.5037210148642],[-2.21102931273386,53.503721683099],[-2.21065241166991,53.5037223501453],[-2.21027551059084,53.5037230160031],[-2.21027440014762,53.5034983073872],[-2.20989750107677,53.5034989720611],[-2.2098963926719,53.5032742634415],[-2.21027328971947,53.503273598763],[-2.21027217930637,53.5030488901303],[-2.21064907431558,53.5030482242587],[-2.21064796189431,53.5028235156129],[-2.21102485486517,53.5028228485483],[-2.21102374043578,53.5025981398895],[-2.21102262602151,53.5023734312224],[-2.21102151162235,53.5021487225468],[-2.21064462472104,53.5021493896252],[-2.21064351236012,53.5019246809458],[-2.21064240001429,53.5016999722579],[-2.21064128768355,53.5014752635616],[-2.21101816851557,53.5014745964694],[-2.21139504933244,53.5014739281888],[-2.21139393297069,53.5012492194749],[-2.21101705417686,53.5012498877601],[-2.21064017536789,53.5012505548569],[-2.2102632965438,53.5012512207652],[-2.20988641770461,53.5012518854852],[-2.20988530945007,53.5010271767813],[-2.20950843261884,53.5010278403175],[-2.20913155577258,53.5010285026653],[-2.2087546789113,53.5010291638247],[-2.20837780203504,53.5010298237957],[-2.20800092514383,53.5010304825783],[-2.20762404823769,53.5010311401725],[-2.20724717131665,53.5010317965784],[-2.20687029438075,53.5010324517958],[-2.20649341742999,53.5010331058249],[-2.20611654046442,53.5010337586655],[-2.20573966348405,53.5010344103178],[-2.20536278648893,53.5010350607817],[-2.20498590947906,53.5010357100572],[-2.20460903245449,53.5010363581442],[-2.20423215541524,53.5010370050429],[-2.20385527836134,53.5010376507532],[-2.20347840129281,53.5010382952752],[-2.20310152420968,53.5010389386087],[-2.20272464711197,53.5010395807538],[-2.20234776999973,53.5010402217106],[-2.20197089287297,53.5010408614789],[-2.20159401573171,53.5010415000589],[-2.20121713848964,53.50104213739],[-2.20121820023563,53.5012668459921],[-2.2015950794798,53.501266208659],[-2.20197195864408,53.5012655700838],[-2.20234883779386,53.5012649303203],[-2.20272571692913,53.5012642893684],[-2.20272678676081,53.5014889979745],[-2.20310366790458,53.501488355839],[-2.20310473977385,53.5017130644414],[-2.20310581165765,53.5019377730355],[-2.2027289264677,53.5019384151615],[-2.2023520412632,53.501939056099],[-2.20235310911529,53.502163764675],[-2.20235417698187,53.5023884732426],[-2.20273106623266,53.5023878323147],[-2.2031079554689,53.5023871901983],[-2.20310902739634,53.5026118987671],[-2.20348591864119,53.5026112554671],[-2.20386280987145,53.5026106109786],[-2.20386388585986,53.5028353195485],[-2.20386496186286,53.5030600281099],[-2.20348806658616,53.5030606725889],[-2.20311117129485,53.5030613158794],[-2.20311224326592,53.5032860244229],[-2.20273534593677,53.5032866665201],[-2.20273641589909,53.5035113750503],[-2.2023595165321,53.5035120159543],[-2.2019826171506,53.5035126556697],[-2.20160571775459,53.5035132941966],[-2.20160678166147,53.503738002704],[-2.20160784558278,53.503962711203],[-2.20198474902545,53.5039620726857],[-2.20198581498458,53.5041867811811],[-2.20198688095816,53.504411489668],[-2.20236378843312,53.5044108499719],[-2.20236485644461,53.5046355584552],[-2.20236592447058,53.5048602669301],[-2.20236699251105,53.5050849753966],[-2.20199007896572,53.5050856150783],[-2.20161316540589,53.5050862535715],[-2.20123625209224,53.505086890928],[-2.20085933897896,53.5050875271389],[-2.20048242585146,53.5050881621612],[-2.20010551270977,53.505088795995],[-2.20010445668932,53.5048640875192],[-2.19972754552253,53.5048647201586],[-2.1993506343416,53.5048653516094],[-2.19897372314655,53.5048659818717],[-2.19859681193742,53.5048666109456],[-2.19859576388727,53.5046419024374],[-2.19859471585115,53.5044171939207],[-2.19821780860602,53.5044178217941],[-2.19784090134685,53.504418448479],[-2.19746399407369,53.5044190739755],[-2.19746503614277,53.50464378251],[-2.19746607822579,53.5048684910361],[-2.19746712032277,53.5050931995536],[-2.1970902070685,53.5050938238794],[-2.19709124719033,53.5053185323944],[-2.19671433193301,53.5053191555376],[-2.19671329380028,53.5050944470167],[-2.19633638051813,53.5050950689654],[-2.19633534438836,53.5048703604301],[-2.19595843308138,53.5048709811845],[-2.19558152176053,53.5048716007503],[-2.19558048962271,53.5046468921948],[-2.19520358027706,53.5046475105663],[-2.19520255014208,53.5044228019963],[-2.19520152002088,53.5041980934178],[-2.19557842538852,53.5041974750581],[-2.19557739329215,53.5039727664771],[-2.19595429665699,53.5039721469348],[-2.19633120000796,53.503971526204],[-2.19670810334503,53.5039709042848],[-2.19708500666818,53.5039702811771],[-2.19708396662988,53.5037455726112],[-2.19746086795014,53.503744948321],[-2.19745982593685,53.5035202397525],[-2.19745878393752,53.5032955311755],[-2.19708188659504,53.5032961554539],[-2.19708084659851,53.5030714468625],[-2.19707980661589,53.5028467382626],[-2.19670291323715,53.5028473613407],[-2.19632601984448,53.5028479832304],[-2.19632498385339,53.5026232746102],[-2.19632394787616,53.5023985659815],[-2.1963229119128,53.5021738573443],[-2.19594602447256,53.5021744780279],[-2.19556913701846,53.502175097523],[-2.19519224955051,53.5021757158298],[-2.19519327954763,53.5024004244847],[-2.19481639007712,53.502401041609],[-2.19443950059282,53.5024016575449],[-2.19406261109476,53.5024022722924],[-2.19406363513934,53.5026269809563],[-2.19444052662617,53.502626366203],[-2.19444155267326,53.5028510748526],[-2.19406465919762,53.5028516896118],[-2.19368776570825,53.5028523031826],[-2.19368674363877,53.5026275945213],[-2.19368572158296,53.5024028858515],[-2.19330883205746,53.5024034982222],[-2.19330985212449,53.5026282068979],[-2.19331087220517,53.502852915565],[-2.1933118922995,53.5030776242236],[-2.19331291240748,53.5033023328737],[-2.19368980988825,53.5033017204797],[-2.19369083199877,53.5035264291155],[-2.19406773145471,53.5035258155272],[-2.19406875556781,53.5037505241487],[-2.19444565699893,53.5037499093661],[-2.19444668311468,53.5039746179732],[-2.19444770924416,53.5041993265719],[-2.19482461463942,53.5041987105891],[-2.19482564277163,53.5044234191734],[-2.1948266709176,53.5046481277492],[-2.19444976154434,53.5046487437438],[-2.19445078771502,53.5048734523169],[-2.19445181389945,53.5050981608817],[-2.19407490053431,53.5050987756994],[-2.19407592474337,53.5053234842615],[-2.1936990093754,53.5053240978965],[-2.19369798715544,53.5050993893286],[-2.19332107376285,53.5051000017693],[-2.19294416035659,53.5051006130215],[-2.19294517859835,53.5053253216011],[-2.19256826318933,53.5053259316706],[-2.19219134776667,53.5053265405516],[-2.19181443233042,53.5053271482441],[-2.19143751688058,53.505327754748],[-2.1910606014172,53.5053283600635],[-2.19068368594029,53.5053289641904],[-2.19068267963312,53.5051042555761],[-2.19030576613181,53.5051048585087],[-2.18992885261704,53.5051054602529],[-2.18992785030148,53.5048807516186],[-2.18992684799933,53.5046560429758],[-2.19030375753599,53.5046554412431],[-2.19030275325823,53.5044307325976],[-2.1906796607924,53.5044301296822],[-2.19067865453909,53.504205421034],[-2.19105556007077,53.5042048169359],[-2.19105455184196,53.5039801082849],[-2.19143145537115,53.5039795030041],[-2.1914304451669,53.5037547943504],[-2.1918073466936,53.5037541878869],[-2.19218424820673,53.503753580235],[-2.19218323403818,53.5035288715844],[-2.19218221988319,53.5033041629253],[-2.19255911740493,53.5033035540966],[-2.19293601491303,53.5033029440794],[-2.1929349967939,53.5030782354234],[-2.1929339786884,53.5028535267589],[-2.19255708515799,53.5028541367645],[-2.19218019161394,53.5028547455817],[-2.1918032980563,53.5028553532104],[-2.19180431019531,53.5030800618923],[-2.19142741463526,53.5030806683384],[-2.19105051906166,53.5030812735961],[-2.19067362347454,53.5030818776654],[-2.19029672787393,53.5030824805462],[-2.18991983225985,53.5030830822387],[-2.18992083446811,53.5033077909409],[-2.18954393685173,53.5033083914506],[-2.18916703922194,53.5033089907719],[-2.18879014157875,53.5033095889048],[-2.18841324392221,53.5033101858493],[-2.18841423818834,53.5035348945659],[-2.18803733852958,53.5035354903276],[-2.18766043885751,53.5035360849009],[-2.18728353917217,53.5035366782857],[-2.18690663947356,53.5035372704821],[-2.18652973976174,53.5035378614901],[-2.1865307240966,53.5037625702266],[-2.18615382238266,53.5037631600517],[-2.18615480474175,53.5039878687854],[-2.18577790102569,53.5039884574277],[-2.18540099729649,53.5039890448816],[-2.18502409355416,53.503989631147],[-2.18502506995949,53.5042143398891],[-2.18464816331158,53.5042149250379],[-2.18427125494307,53.5042155091234],[-2.18389434656155,53.5042160920204],[-2.18351743816706,53.504216673729],[-2.18351840665802,53.5044413824849],[-2.18389531703498,53.5044408007706],[-2.18427222739896,53.5044402178679],[-2.18464913774993,53.5044396337766],[-2.1846501122013,53.5046643425068],[-2.18465108666566,53.5048890512286],[-2.18502799925387,53.5048884660643],[-2.18502702280934,53.5046637573477],[-2.18502604637789,53.5044390486226],[-2.18540295409818,53.504438462346],[-2.18577986180535,53.5044378748808],[-2.18577888140896,53.5042131661585],[-2.18615578711399,53.5042125775105],[-2.18653269280584,53.5042119876741],[-2.18690959848449,53.5042113966491],[-2.18690861213432,53.5039866879353],[-2.18728551581078,53.5039860957275],[-2.18766241947398,53.5039855023314],[-2.1880393231239,53.5039849077467],[-2.18841622676052,53.5039843119736],[-2.18841722106656,53.5042090206647],[-2.18841821538591,53.5044337293473],[-2.18804130777133,53.5044343251318],[-2.18804230011496,53.5046590338117],[-2.18766539049806,53.5046596284134],[-2.18766638086592,53.5048843370905],[-2.18804329247187,53.5048837424831],[-2.18804428484206,53.5051084511459],[-2.18766737124704,53.505109045759],[-2.1876683616414,53.5053337544191],[-2.18729144604399,53.5053343478493],[-2.18729045763873,53.5051096391836],[-2.18691354401716,53.5051102314197],[-2.18653663038237,53.5051108224672],[-2.18615971673437,53.5051114123263],[-2.18578280307321,53.5051120009968],[-2.18578378352206,53.5053367096852],[-2.18540686785864,53.5053372971728],[-2.18540784633149,53.5055620058583],[-2.18540882481742,53.5057867145353],[-2.18578574445913,53.5057861270364],[-2.18578476398404,53.505561418365],[-2.18616168162344,53.5055608296832],[-2.18653859924966,53.5055602398129],[-2.18653958370307,53.505784948473],[-2.18654056816965,53.5060096571246],[-2.18616364656508,53.5060102470062],[-2.18616462905562,53.506234955655],[-2.18578770544867,53.5062355443537],[-2.18578868596312,53.5064602529997],[-2.18541176035378,53.5064608405155],[-2.18541273889209,53.5066855491585],[-2.18503581128037,53.5066861354914],[-2.18465888284872,53.506686720697],[-2.18465790828032,53.5064620120432],[-2.18428098008595,53.5064625961862],[-2.18428000751326,53.5062378875181],[-2.18427903495355,53.5060131788415],[-2.18390211071156,53.5060137617845],[-2.18352518645658,53.5060143435389],[-2.18352421787516,53.5057896348424],[-2.18314729558988,53.5057902154025],[-2.18277037329168,53.5057907947742],[-2.18277133790779,53.5060155034821],[-2.18239441361403,53.5060160816709],[-2.1820174893074,53.5060166586711],[-2.18201844997102,53.506241367382],[-2.18164152366886,53.5062419431994],[-2.18126459735387,53.5062425178282],[-2.1812655540649,53.506467226542],[-2.18088862575441,53.5064677999879],[-2.18088767102609,53.5062430912685],[-2.18051074468554,53.5062436635202],[-2.18013381833225,53.5062442345833],[-2.17975689196625,53.5062448044579],[-2.17937996558756,53.5062453731439],[-2.17938091238503,53.5064700818859],[-2.17900398401097,53.5064706493889],[-2.1790030391962,53.5062459406413],[-2.17862611279221,53.5062465069502],[-2.17862516997273,53.5060217981885],[-2.17862422716583,53.5057970894183],[-2.17824730471458,53.5057976545275],[-2.17824636390288,53.5055729457432],[-2.17786944342168,53.5055735096582],[-2.17786850460513,53.5053488008599],[-2.17749158609398,53.5053493635808],[-2.17749064927254,53.5051246547684],[-2.17748971246359,53.5048999459475],[-2.17748877566714,53.5046752371181],[-2.17711186309111,53.5046757986338],[-2.17711092828965,53.5044510897904],[-2.17710999350066,53.5042263809384],[-2.17748690211172,53.5042258194339],[-2.17748596535276,53.5040011105791],[-2.17748502860628,53.5037764017157],[-2.17710812396008,53.5037769632092],[-2.17710905872414,53.504001672078],[-2.17673215208302,53.5040022323886],[-2.17673121930138,53.5037775235141],[-2.17635431463021,53.5037780826306],[-2.17635338384341,53.5035533737421],[-2.17597648114218,53.5035539316646],[-2.17597555235015,53.5033292227621],[-2.17597462357051,53.5031045138511],[-2.17559772482157,53.5031050705742],[-2.17559679803662,53.5028803616492],[-2.17559587126404,53.5026556527157],[-2.17597276604839,53.5026550960037],[-2.1759718373059,53.5024303870672],[-2.17634873009558,53.5024298291724],[-2.17634779938325,53.502205120233],[-2.17634686868334,53.5019804112851],[-2.1759699798581,53.5019809691689],[-2.17559309102044,53.5019815258643],[-2.17559401775595,53.5022062348232],[-2.1752171269237,53.5022067903357],[-2.17521805168934,53.5024314992917],[-2.1752189764673,53.5026562082392],[-2.1748420816582,53.5026567625744],[-2.17484300446622,53.5028814715189],[-2.17446610766249,53.5028820246711],[-2.17408921084646,53.5028825766349],[-2.17371231401814,53.5028831274104],[-2.17333541717757,53.5028836769973],[-2.17295852032476,53.5028842253959],[-2.17258162345975,53.5028847726061],[-2.17220472658256,53.5028853186278],[-2.1722056355267,53.5031100276022],[-2.17182873665505,53.5031105724409],[-2.17145183777127,53.5031111160913],[-2.1710749388754,53.5031116585532],[-2.17107584188463,53.5033363675353],[-2.17069894099435,53.5033369088142],[-2.17069803996746,53.5031121998267],[-2.17069713895257,53.5028874908307],[-2.1710740358782,53.5028869495626],[-2.17145093279176,53.5028864071061],[-2.17145002782432,53.5026616981124],[-2.17182692274349,53.5026611544729],[-2.17220381765054,53.502660609645],[-2.17220290873065,53.5024359006537],[-2.17220199982287,53.5022111916539],[-2.17182510888031,53.502211736471],[-2.17182420196685,53.5019870274573],[-2.17144731299437,53.5019875710805],[-2.1710704240098,53.5019881135153],[-2.17106952107279,53.5017634044823],[-2.17069263405833,53.5017639457234],[-2.17031574703183,53.5017644857761],[-2.17031484807117,53.5015397767238],[-2.1699379630148,53.5015403155827],[-2.16956107794644,53.5015408532533],[-2.16956018296202,53.5013161441818],[-2.16918329986383,53.5013166806587],[-2.16918240687343,53.5010919715733],[-2.16880552574541,53.5010925068564],[-2.16842864460547,53.5010930409513],[-2.16842775559113,53.5008683318467],[-2.16842686658864,53.5006436227336],[-2.16880374376445,53.5006430886495],[-2.16880463474899,53.5008677977572],[-2.16918151389494,53.5008672624794],[-2.16918062092836,53.500642553377],[-2.16917972797367,53.5004178442662],[-2.16955660314362,53.5004173078107],[-2.16993347830161,53.500416770167],[-2.17031035344761,53.500416231335],[-2.1706872285816,53.5004156913146],[-2.17068632768826,53.5001909822251],[-2.1706854267591,53.4999662731446],[-2.17068452584196,53.4997415640556],[-2.17068362493685,53.4995168549582],[-2.17106049211739,53.4995163137729],[-2.17105958923838,53.4992916046729],[-2.17105868637143,53.4990668955644],[-2.17143554956807,53.4990663532027],[-2.1714346447273,53.4988416440916],[-2.17181150592595,53.4988411005476],[-2.17181059911141,53.498616391434],[-2.17143373989861,53.4986169349721],[-2.17105688067369,53.4986174773219],[-2.17105778351653,53.4988421864474],[-2.17068092229368,53.4988427276149],[-2.17030406105877,53.4988432675942],[-2.17030316218761,53.4986185584569],[-2.17030226332846,53.4983938493111],[-2.17067912059171,53.4983933093436],[-2.17067821975876,53.4981686001953],[-2.1703013644813,53.4981691401568],[-2.16992450919181,53.4981696789302],[-2.16954765389032,53.4981702165153],[-2.16954675902669,53.4979455073408],[-2.16916990569898,53.4979460437318],[-2.16916901283304,53.4977213345429],[-2.16879216147912,53.4977218697399],[-2.16841531011327,53.4977224037487],[-2.16841442123067,53.4974976945396],[-2.16803757169225,53.4974982274163],[-2.16803668480675,53.4972735181938],[-2.16765983667237,53.4972740501216],[-2.16728298852611,53.4972745808612],[-2.16728210563592,53.4970498716213],[-2.16728122275755,53.4968251623729],[-2.16690437858286,53.4968256919154],[-2.16690349770796,53.496600982654],[-2.16652665551312,53.4966015110039],[-2.16614981330649,53.4966020381656],[-2.1657729710881,53.4966025641392],[-2.16577384598799,53.4968272734139],[-2.16539700176619,53.4968277982037],[-2.16502015753268,53.4968283218054],[-2.16464331328749,53.496828844219],[-2.16426646903064,53.4968293654443],[-2.16388962476216,53.4968298854816],[-2.16388875982061,53.4966051761848],[-2.1635119175322,53.4966056950295],[-2.16351105459386,53.4963809857199],[-2.16351019166707,53.4961562764018],[-2.16350932875182,53.4959315670752],[-2.16350846584811,53.4957068577401],[-2.16388530017012,53.495706338913],[-2.16388443528642,53.4954816295738],[-2.16388357041429,53.4952569202262],[-2.16426040074165,53.4952564002197],[-2.16425953388961,53.495031690868],[-2.16425866704916,53.4948069815078],[-2.16463549338196,53.494806460322],[-2.16463462456168,53.4945817509577],[-2.16463375575303,53.4943570415849],[-2.16463288695599,53.4941323322037],[-2.16500970730293,53.494131809843],[-2.16500883652618,53.4939071004577],[-2.16463201817058,53.4939076228139],[-2.16463114939679,53.4936829134157],[-2.16425433302087,53.4936834345795],[-2.16387751663331,53.4936839545553],[-2.16350070023416,53.493684473343],[-2.16350156303398,53.4939091827544],[-2.16350242584535,53.4941338921573],[-2.16350328866827,53.4943586015517],[-2.16312646628349,53.4943591191645],[-2.16312560545196,53.4941344097657],[-2.16274878504701,53.4941349261861],[-2.16274964388718,53.4943596355893],[-2.16237282147934,53.494360150826],[-2.16199599906,53.4943606648747],[-2.16199685392885,53.494585374278],[-2.16162002950665,53.4945858871429],[-2.16124320507301,53.4945863988198],[-2.16086638062795,53.4945869093086],[-2.16086722953394,53.4948116187165],[-2.16049040308607,53.4948121280215],[-2.16011357662684,53.4948126361385],[-2.16011442156128,53.4950373455465],[-2.15973759309925,53.4950378524796],[-2.15936076462593,53.4950383582247],[-2.1593616055887,53.4952630676328],[-2.1589847751126,53.4952635721941],[-2.15860794462526,53.4952640755672],[-2.15860710764546,53.4950393661507],[-2.15823027913837,53.4950398683315],[-2.15785345062009,53.4950403693243],[-2.15785428361692,53.4952650787493],[-2.15747745309598,53.4952655785582],[-2.15747828411244,53.495490287979],[-2.15710145158884,53.4954907866041],[-2.15672461905412,53.495491284041],[-2.15634778650831,53.4954917802898],[-2.15634696146638,53.4952670708564],[-2.15597013090102,53.4952675659129],[-2.15559330032462,53.4952680597814],[-2.1555924792767,53.4950433503311],[-2.15521565068077,53.4950438430073],[-2.15521483163529,53.4948191335444],[-2.15483800501983,53.4948196250283],[-2.15483718797674,53.4945949155528],[-2.15483637094456,53.4943702060688],[-2.15521319357718,53.4943697145932],[-2.15521237456455,53.4941450051048],[-2.1555891951948,53.4941445124453],[-2.15558837420177,53.4939198029527],[-2.15596519282966,53.4939193091093],[-2.15596601581404,53.4941440185978],[-2.15634283642225,53.4941435235622],[-2.15671965701939,53.4941430273385],[-2.15672048399753,53.4943677368101],[-2.15709730657496,53.4943672393943],[-2.15747412914127,53.4943667407903],[-2.15785095169643,53.4943662409983],[-2.15822777424042,53.4943657400182],[-2.15822693929677,53.4941410305635],[-2.15822610436428,53.4939163211003],[-2.15860292291435,53.4939158189407],[-2.15860208600171,53.4936911094732],[-2.15897890254923,53.4936906061298],[-2.15897806365648,53.4934658966581],[-2.15935487820145,53.493465392131],[-2.15935403732865,53.4932406826551],[-2.15973084987107,53.4932401769442],[-2.15973169273514,53.4934648864158],[-2.16010850725753,53.4934643795126],[-2.16048532176859,53.4934638714214],[-2.16086213626828,53.4934633621422],[-2.1612389507566,53.4934628516749],[-2.1616157652335,53.4934623400196],[-2.16199257969896,53.4934618271764],[-2.16236939415295,53.4934613131451],[-2.16236853735,53.4932366037036],[-2.16274534980124,53.4932360884887],[-2.16274449101851,53.4930113790431],[-2.16312130146699,53.4930108626445],[-2.16312044070453,53.4927861531948],[-2.16349724915025,53.4927856356126],[-2.16387405758439,53.4927851168424],[-2.16387319285108,53.492560407393],[-2.16424999928243,53.4925598874392],[-2.16424913256953,53.4923351779857],[-2.1646259369981,53.4923346568483],[-2.16462506830566,53.4921099473907],[-2.16462419964661,53.4918852379393],[-2.16500100008209,53.4918847156235],[-2.16500012953195,53.4916600062283],[-2.16537692796734,53.4916594827317],[-2.16575372639104,53.4916589580471],[-2.16575460091801,53.4918836674281],[-2.1661314013184,53.4918831415484],[-2.16613227793862,53.4921078509792],[-2.16650908031753,53.4921073239064],[-2.16688588268465,53.4921067956457],[-2.16688676332388,53.4923315050767],[-2.16726356767032,53.4923309756236],[-2.16764037200491,53.4923304449824],[-2.16764125663824,53.492555154396],[-2.16764214128341,53.4927798638011],[-2.16801894958848,53.4927793319631],[-2.16801983623669,53.4930040413552],[-2.16839664607002,53.4930035085744],[-2.16877345574154,53.4930029746886],[-2.16915026540114,53.4930024396148],[-2.1695270750488,53.493001903353],[-2.16990388468448,53.4930013659033],[-2.17028069430816,53.4930008272655],[-2.17065750391982,53.4930002874398],[-2.17103431351942,53.4929997464261],[-2.17141112310693,53.4929992042244],[-2.17141021859227,53.4927744948841],[-2.17178702618253,53.4927739515004],[-2.17216383376066,53.4927734069286],[-2.17216474224563,53.492998116257],[-2.17254155179674,53.4929975704913],[-2.17254064132663,53.4927728611689],[-2.17291744888041,53.4927723142212],[-2.17329425642198,53.4927717660855],[-2.17367106395131,53.4927712167619],[-2.17404787146837,53.4927706662503],[-2.17442467897314,53.4927701145507],[-2.17442559936898,53.4929948238432],[-2.17442651977712,53.4932195331272],[-2.17480333123988,53.4932189802276],[-2.1748042536455,53.4934436894972],[-2.17518106708112,53.4934431354035],[-2.1751801426903,53.49321842614],[-2.17517921831182,53.492993716868],[-2.17555602776469,53.4929931615985],[-2.17555695412834,53.4932178708644],[-2.17555788050436,53.4934425801219],[-2.1759346939152,53.4934420236523],[-2.17631150731361,53.4934414659947],[-2.17631057696719,53.4932167567493],[-2.17668738836795,53.4932161979097],[-2.17706419975622,53.4932156378821],[-2.17706513407304,53.4934403471154],[-2.17706606840233,53.4936650563402],[-2.1770670027441,53.4938897655564],[-2.17744382007554,53.4938892043226],[-2.17782063739444,53.4938886419008],[-2.17819745470078,53.493888078291],[-2.17819651440326,53.4936633690929],[-2.17857332971176,53.4936628043012],[-2.17895014500765,53.4936622383214],[-2.17894920075223,53.4934375291271],[-2.17932601405025,53.4934369619655],[-2.17932506782225,53.4932122527688],[-2.17894825650943,53.4932128199244],[-2.17894731227924,53.4929881107131],[-2.17932412160689,53.4929875435637],[-2.17970093092188,53.4929869752263],[-2.18007774022416,53.4929864057009],[-2.18045454951373,53.4929858349876],[-2.1804555016846,53.4932105441743],[-2.18083231294659,53.4932099722667],[-2.18083135879055,53.4929852630862],[-2.18120816805459,53.4929846899969],[-2.18158497730583,53.4929841157196],[-2.18158401919225,53.492759406543],[-2.18196082644552,53.4927588310838],[-2.18233763368593,53.4927582544368],[-2.18271444091346,53.4927576766017],[-2.18309124812808,53.4927570975787],[-2.18346805532976,53.4927565173677],[-2.18346902336905,53.4929812265133],[-2.18346999142127,53.4932059356503],[-2.1838468025803,53.4932053542388],[-2.18384777263064,53.4934300633612],[-2.18422458576187,53.4934294807555],[-2.18422361372634,53.4932047716394],[-2.18422264170379,53.4929800625148],[-2.18459945085164,53.4929794787336],[-2.18497625860276,53.4929788938087],[-2.18535306509069,53.4929783077359],[-2.18535208713681,53.4927535986165],[-2.18572889162937,53.4927530113587],[-2.18572791170626,53.4925283022339],[-2.18610471420343,53.4925277137912],[-2.18648151668747,53.4925271241605],[-2.18648053281296,53.4923024150335],[-2.18685733330159,53.4923018242179],[-2.18723413377704,53.4923012322143],[-2.18723512161604,53.4925259413352],[-2.18761192406052,53.4925253481406],[-2.18761291389498,53.4927500572499],[-2.18798971830849,53.4927494628641],[-2.18799071013845,53.4929741719617],[-2.18836751652099,53.4929735763849],[-2.18836652270872,53.4927488672904],[-2.18836552890972,53.4925241581874],[-2.18874233131439,53.4925235614288],[-2.18911913370574,53.4925229634822],[-2.18949593608374,53.4925223643477],[-2.18987273844837,53.4925217640252],[-2.1902495407996,53.4925211625147],[-2.19062634313739,53.4925205598162],[-2.19062734883001,53.4927452689002],[-2.19100415313662,53.4927446650105],[-2.19138095742975,53.4927440599329],[-2.19175776170936,53.4927434536673],[-2.19213456597545,53.4927428462136],[-2.19251137022797,53.492742237572],[-2.1928881744669,53.4927416277424],[-2.19288919206671,53.4929663367985],[-2.19326599827432,53.4929657257777],[-2.19364280446829,53.4929651135688],[-2.19401961064859,53.492964500172],[-2.1943964168152,53.4929638855871],[-2.19439744235787,53.4931885946216],[-2.19439846791423,53.4934133036476],[-2.19402165778296,53.4934139182391],[-2.19402268137065,53.4936386272599],[-2.19439949348429,53.4936380126652],[-2.19477630558421,53.4936373968824],[-2.19477733315037,53.4938621058882],[-2.19515414721894,53.4938614889141],[-2.19553096127373,53.493860870752],[-2.19590777531472,53.4938602514018],[-2.19590880884187,53.4940849603891],[-2.19590984238282,53.494309669368],[-2.19628666037486,53.4943090488231],[-2.19628769591209,53.4945337577901],[-2.19666451587274,53.4945331360538],[-2.19704133581952,53.4945325131294],[-2.19704237533559,53.4947572220813],[-2.19666555340631,53.494757845009],[-2.19666659095373,53.4949825539557],[-2.19628976702803,53.4949831756987],[-2.19629080260675,53.4952078846403],[-2.1962918381993,53.4954325935735],[-2.1959150102946,53.4954332141351],[-2.19591604391836,53.4956579230631],[-2.19553921401722,53.4956585424399],[-2.19553818237607,53.4954338335086],[-2.19516135444373,53.495434451694],[-2.19478452649762,53.4954350686913],[-2.19478349883542,53.4952103597448],[-2.19440667285814,53.4952109755507],[-2.19402984686714,53.4952115901685],[-2.19402882318378,53.494986881207],[-2.19365199916164,53.4949874946334],[-2.19327517512582,53.4949881068717],[-2.1932741554212,53.4947633978952],[-2.19289733335428,53.4947640089422],[-2.19252051127374,53.4947646188011],[-2.1921436891796,53.4947652274719],[-2.19214267543612,53.4945405184771],[-2.19176585531093,53.4945411259566],[-2.19138903517221,53.4945417322481],[-2.19101221501997,53.4945423373514],[-2.19101322281593,53.4947670463559],[-2.19101423062535,53.4949917553519],[-2.19139105474262,53.4949911502421],[-2.19139206454805,53.4952158592264],[-2.19176889063438,53.4952152529253],[-2.19176990243588,53.4954399618979],[-2.19214673049126,53.4954393544054],[-2.19214774428889,53.4956640633663],[-2.19214875810005,53.4958887723187],[-2.19252559010712,53.4958881636317],[-2.19252660591448,53.4961128725724],[-2.19214977192474,53.4961134812627],[-2.19215078576297,53.4963381901981],[-2.19177394977697,53.4963387977035],[-2.19139711377742,53.4963394040208],[-2.19139812366375,53.4965641129543],[-2.19102128566797,53.4965647180866],[-2.19102229358502,53.4967894270148],[-2.19064545359301,53.4967900309622],[-2.19026861358754,53.4967906337214],[-2.18989177356863,53.4967912352925],[-2.18951493353632,53.4967918356754],[-2.18951593353572,53.4970165446079],[-2.18913909150725,53.4970171438058],[-2.1891400895372,53.497241852733],[-2.18914108758047,53.4974665616517],[-2.18876424157301,53.4974671596677],[-2.18876523764675,53.4976918685811],[-2.18838838964311,53.4976924654122],[-2.18801154162616,53.497693061055],[-2.18763469359595,53.4976936555096],[-2.18763568373432,53.4979183644239],[-2.18725883370797,53.4979189576934],[-2.18725982187666,53.4981436666024],[-2.18688296985417,53.4981442586868],[-2.1865061178185,53.498144849583],[-2.18650710203449,53.4983695584898],[-2.1861302480027,53.4983701482008],[-2.18613123024887,53.4985948571022],[-2.18575437422097,53.4985954456281],[-2.18575535449725,53.4988201545241],[-2.18537849647325,53.4988207418648],[-2.18500163843617,53.4988213280173],[-2.18500261475949,53.4990460369109],[-2.18462575362801,53.4990466219476],[-2.18462672798714,53.4992713308367],[-2.18424986324449,53.4992719147933],[-2.18387299848882,53.4992724975616],[-2.18387396888914,53.4994972064547],[-2.18349710213456,53.499497788041],[-2.18349807056189,53.4997224969319],[-2.18387493930242,53.4997219153393],[-2.18425180802995,53.4997213325584],[-2.18425278044217,53.4999460414283],[-2.18387590972867,53.4999466242154],[-2.18387688016788,53.500171333083],[-2.18387785049443,53.5003960419682],[-2.18425472517811,53.5003954591687],[-2.18425569741344,53.5006201680575],[-2.18425666966174,53.5008448769378],[-2.18425764192301,53.5010695858095],[-2.1846345225398,53.5010690018046],[-2.18501140147354,53.5010684167282],[-2.18538827936171,53.5010678305358],[-2.18538730115065,53.5008431216806],[-2.1857641770371,53.5008425343055],[-2.18614105291042,53.5008419457421],[-2.18651792877056,53.5008413559903],[-2.18689480461751,53.5008407650502],[-2.18727168045123,53.5008401729218],[-2.1876485562717,53.5008395796051],[-2.1880254320789,53.5008389851001],[-2.18840230787279,53.5008383894067],[-2.18840131376629,53.5006136805883],[-2.18877818755828,53.5006130837123],[-2.18915506133692,53.5006124856479],[-2.18953193510218,53.5006118863953],[-2.18953293517437,53.5008365951966],[-2.18990981091478,53.5008359947499],[-2.18990880885402,53.5006112859544],[-2.18990780680667,53.5003865771503],[-2.19028467855654,53.5003859755268],[-2.19028568259242,53.5006106843251],[-2.19066255631736,53.5006100815076],[-2.19103943002881,53.5006094775017],[-2.19103842201586,53.5003847687149],[-2.19141529372525,53.5003841635265],[-2.19141428367869,53.500159454737],[-2.19179115338815,53.5001588483649],[-2.19179014130293,53.4999341395703],[-2.19178912923122,53.4997094307672],[-2.19216599496086,53.4997088232132],[-2.19254286067694,53.499708214471],[-2.19254184465255,53.4994835056659],[-2.19254082864172,53.4992587968523],[-2.19291769037804,53.4992581869283],[-2.19329455210073,53.499257575816],[-2.19329353213738,53.4990328670004],[-2.19367039186338,53.4990322547031],[-2.19366936993064,53.4988075458824],[-2.19404622765995,53.4988069324002],[-2.19442308537556,53.4988063177297],[-2.19442205949049,53.498581608907],[-2.19479891520938,53.4985809930516],[-2.19479788735504,53.4983562842238],[-2.19517474107721,53.4983556671834],[-2.19555159478561,53.4983550489548],[-2.19555056297913,53.4981303401252],[-2.19592741469078,53.4981297207117],[-2.19592638091517,53.4979050118769],[-2.19630323063008,53.4979043912785],[-2.1963021948854,53.4976796824386],[-2.19667904260356,53.4976790606554],[-2.19705589030784,53.4976784376839],[-2.19705485061129,53.4974537288423],[-2.19705381092862,53.4972290199921],[-2.1974306546533,53.4972283958392],[-2.19780749836405,53.4972277704982],[-2.19780645472967,53.4970030616463],[-2.19818329644364,53.4970024351204],[-2.19818225084043,53.4967777262635],[-2.19855909055764,53.4967770985529],[-2.19855804298564,53.4965523896908],[-2.19893488070609,53.4965517607955],[-2.19893383116537,53.4963270519284],[-2.19931066688905,53.4963264218483],[-2.19968750259866,53.49632579058],[-2.19968644910658,53.4961010817113],[-2.2000632828194,53.4961004492583],[-2.20006222735872,53.4958757403846],[-2.20043905907475,53.495875106747],[-2.20043800164553,53.4956503978682],[-2.20043694423043,53.495425688981],[-2.20006011647965,53.4954263226117],[-2.20005906106126,53.4952016137125],[-2.19968223527893,53.4952022461517],[-2.1993054094825,53.4952028774028],[-2.19930435804333,53.4949781684883],[-2.19930330661819,53.4947534595654],[-2.19892648477278,53.4947540896215],[-2.19854966291332,53.4947547184896],[-2.19817284103985,53.4947553461697],[-2.19817179557627,53.494530637228],[-2.19779497567131,53.4945312637165],[-2.19779393220416,53.494306554763],[-2.19817075012664,53.4943059282778],[-2.19854756803514,53.4943053006046],[-2.19892438592961,53.4943046717433],[-2.19930120381004,53.494304041694],[-2.1996780216764,53.4943034104566],[-2.20005483952866,53.4943027780311],[-2.20005378418075,53.4940780690896],[-2.19967696831094,53.4940787015116],[-2.19967591495955,53.4938539925581],[-2.19967486162222,53.4936292835962],[-2.19929804970313,53.4936299148233],[-2.19929699836225,53.4934052058494],[-2.1992959470354,53.4931804968671],[-2.1992948957226,53.4929557878763],[-2.19929384442384,53.4927310788771],[-2.19891704041999,53.4927317089025],[-2.19854023640211,53.4927323377399],[-2.19854128373629,53.492957046746],[-2.1981644777221,53.4929576743988],[-2.19778767169392,53.4929583008636],[-2.19741086565178,53.4929589261404],[-2.19703405959571,53.4929595502293],[-2.19703509901461,53.4931842592404],[-2.1966582909623,53.4931848821446],[-2.19665725352572,53.4929601731301],[-2.19628044744185,53.4929607948429],[-2.19590364134412,53.4929614153678],[-2.19552683523257,53.4929620347046],[-2.19552580375671,53.4927373256716],[-2.19514899961365,53.4927379438171],[-2.19477219545681,53.4927385607746],[-2.19439539128622,53.4927391765442],[-2.19401858710191,53.4927397911257],[-2.1936417829039,53.4927404045193],[-2.19326497869222,53.4927410167248],[-2.19326395912373,53.4925163076635],[-2.19288715688068,53.4925169186779],[-2.19251035462402,53.4925175285042],[-2.19213355235376,53.4925181371426],[-2.19175675006995,53.492518744593],[-2.19137994777259,53.4925193508554],[-2.19137893812892,53.4922946417694],[-2.1910021378003,53.4922952468406],[-2.1906253374582,53.4922958507238],[-2.19024853710265,53.4922964534191],[-2.18987173673366,53.4922970549264],[-2.18949493635128,53.4922976552457],[-2.18911813595552,53.4922982543771],[-2.18874133554641,53.4922988523205],[-2.18836453512398,53.4922994490759],[-2.18798773468826,53.4923000446433],[-2.18798674289801,53.4920753355203],[-2.18836354135151,53.4920747399559],[-2.18874033979173,53.4920741432037],[-2.18873934407561,53.4918494340625],[-2.18873834841774,53.4916247248846],[-2.18873735277316,53.4914000156983],[-2.18873635714187,53.4911753065035],[-2.18911314764225,53.4911747085712],[-2.18948993812929,53.491174109451],[-2.18986672860295,53.4911735091429],[-2.18986572704039,53.4909487999451],[-2.19024251551915,53.4909481984508],[-2.19061930398448,53.4909475957687],[-2.19099609243636,53.4909469918986],[-2.19137288087476,53.4909463868407],[-2.19174966929966,53.4909457805948],[-2.19212645771103,53.490945173161],[-2.19250324610885,53.4909445645392],[-2.19288003449308,53.4909439547296],[-2.1932568228637,53.490943343732],[-2.19363361122068,53.4909427315465],[-2.194010399564,53.4909421181731],[-2.19438718789363,53.4909415036118],[-2.19476397620955,53.4909408878626],[-2.19476294890101,53.4907161786809],[-2.1951397352217,53.4907155617457],[-2.19514076451172,53.4909402709254],[-2.19551755280012,53.4909396528003],[-2.19551858408539,53.4911643619696],[-2.19589537434151,53.4911637426547],[-2.1962721645838,53.4911631221518],[-2.19627319984592,53.4913878313086],[-2.19664999205591,53.4913872096158],[-2.19702678425201,53.491386586735],[-2.19740357643421,53.4913859626663],[-2.19778036860248,53.4913853374097],[-2.19815716075679,53.4913847109651],[-2.19853395289712,53.4913840833326],[-2.19891074502344,53.4913834545121],[-2.19890969589055,53.4911587453695],[-2.19928648602129,53.4911581153631],[-2.19966327613797,53.4911574841689],[-2.19966222305607,53.4909327750219],[-2.20003901117715,53.4909321426418],[-2.20003795612783,53.4907074334884],[-2.2004147422533,53.4907067999225],[-2.20041368523662,53.4904820907628],[-2.20041262823404,53.4902573815946],[-2.20003584607145,53.4902580151563],[-2.20003479106439,53.4900333059775],[-2.20041157124558,53.4900326724179],[-2.20041051427123,53.4898079632327],[-2.200409457311,53.4895832540391],[-2.20040840036488,53.489358544837],[-2.20040734343288,53.4891338356265],[-2.20040628651499,53.4889091264074],[-2.20002951624041,53.4889097599566],[-2.20002846131787,53.488685050727],[-2.19965169301042,53.4886856830862],[-2.19965064008318,53.4884609738461],[-2.19927387374286,53.4884616050154],[-2.19927282281087,53.4882368957647],[-2.19964958717001,53.4882362645975],[-2.19964853427089,53.4880115553404],[-2.19927177189292,53.4880121865056],[-2.199270720989,53.4877874772379],[-2.1992696700991,53.4875627679618],[-2.19889291166932,53.4875633979351],[-2.19889186277454,53.4873386886485],[-2.19889081389377,53.4871139793534],[-2.19851405941209,53.4871146081347],[-2.1985151063118,53.4873393174319],[-2.19813834983506,53.4873399450276],[-2.1981373049164,53.4871152357284],[-2.19813626001169,53.4868905264207],[-2.19851301252635,53.4868898988291],[-2.19851196565458,53.486665189515],[-2.19813521512093,53.4866658171045],[-2.1977584645733,53.4866664435063],[-2.19775950748306,53.4868911528245],[-2.19776055040674,53.4871158621342],[-2.19738379588312,53.4871164873523],[-2.19738483683967,53.4873411966556],[-2.19700808032107,53.487341820688],[-2.19700704134558,53.4871171113827],[-2.19663028679413,53.4871177342253],[-2.19625353222882,53.4871183558801],[-2.19587677764966,53.4871189763472],[-2.19550002305668,53.4871195956266],[-2.19512326844991,53.4871202137181],[-2.19474651382937,53.487120830622],[-2.19436975919509,53.4871214463381],[-2.1939930045471,53.4871220608664],[-2.19399198143373,53.4868973515368],[-2.19361522875309,53.4868979648755],[-2.19323847605879,53.4868985770264],[-2.19286172335085,53.4868991879895],[-2.19248497062932,53.4868997977649],[-2.1921082178942,53.4869004063526],[-2.1921092311024,53.4871251156917],[-2.19173247637269,53.4871257230935],[-2.19173348761336,53.487350432426],[-2.19173449886752,53.4875751417501],[-2.19135774016214,53.4875757479679],[-2.19135874944868,53.4878004572854],[-2.1913597587487,53.4880251665943],[-2.19136076806218,53.4882498758949],[-2.19098400339988,53.4882504809305],[-2.1906072387241,53.4882510847783],[-2.19060623337295,53.488026375474],[-2.1902294706649,53.4880269781322],[-2.18985270794342,53.4880275796026],[-2.18985170656798,53.4878028702862],[-2.18947494581425,53.4878034705669],[-2.18947594520856,53.4880281798851],[-2.18909918246032,53.4880287789799],[-2.18910017988679,53.4882534882915],[-2.18910117732657,53.4884781975946],[-2.18872441060263,53.4884787955052],[-2.1887254060745,53.4887035048016],[-2.18834863735603,53.4887041015262],[-2.18834963085993,53.488928810816],[-2.18797286014691,53.4889294063545],[-2.18759608942064,53.4889300007052],[-2.18721931868113,53.4889305938681],[-2.18722030625446,53.4891553031547],[-2.18684353352046,53.4891558951315],[-2.18646676077328,53.4891564859205],[-2.18608998801295,53.4891570755216],[-2.18609096965555,53.489381784805],[-2.18571419490078,53.48938237322],[-2.18533742013291,53.4893829604472],[-2.18533644245293,53.4891582511603],[-2.1849596696533,53.4891588371979],[-2.18496064535197,53.4893835464865],[-2.18458386923519,53.4893841313637],[-2.18420709186358,53.4893847150774],[-2.18383031447895,53.4893852976032],[-2.18382934473003,53.4891605883054],[-2.18382837499408,53.4889358789992],[-2.18345160156892,53.4889364603304],[-2.18307482813079,53.4889370404738],[-2.18307579389431,53.4891617497868],[-2.18307675967073,53.4893864590913],[-2.18269998224719,53.4893870380536],[-2.18232320481075,53.489387615828],[-2.18232224300682,53.4891629065168],[-2.18232128121575,53.4889381971972],[-2.18194450773889,53.4889387737771],[-2.18156773424916,53.4889393491692],[-2.18156869206779,53.4891640584955],[-2.18119191657902,53.4891646327031],[-2.18081514107744,53.4891652057228],[-2.18043836556307,53.4891657775547],[-2.18006159003596,53.4891663481988],[-2.1800625399224,53.4893910575298],[-2.17968576239631,53.4893916269893],[-2.17930898485752,53.489392195261],[-2.17893220730606,53.4893927623449],[-2.17893315124637,53.4896174716771],[-2.17855637169599,53.4896180375764],[-2.17855542974196,53.4893933282409],[-2.17817865216524,53.489393892949],[-2.17780187457592,53.4893944564693],[-2.17742509697404,53.4893950188018],[-2.17704831935962,53.4893955799464],[-2.17704925336854,53.4896202892947],[-2.17667247375533,53.4896208492547],[-2.17667340579043,53.4898455585978],[-2.17629662417844,53.4898461173731],[-2.17591984255398,53.4898466749605],[-2.17554306091709,53.4898472313601],[-2.1751662792678,53.4898477865718],[-2.17478949760612,53.4898483405956],[-2.1744127159321,53.4898488934316],[-2.17403593424575,53.4898494450797],[-2.1736591525471,53.4898499955399],[-2.17328237083618,53.4898505448123],[-2.17328145667783,53.4896258354409],[-2.1732805425317,53.489401126061],[-2.17327962839777,53.4891764166727],[-2.17327871427606,53.4889517072759],[-2.17327780016656,53.4887269978705],[-2.17365457194621,53.4887264486137],[-2.1740313437136,53.488725898169],[-2.17440811546869,53.4887253465365],[-2.17478488721145,53.4887247937162],[-2.17516165894186,53.4887242397081],[-2.1755384306599,53.4887236845122],[-2.17591520236553,53.4887231281285],[-2.17629197405873,53.4887225705569],[-2.17629104407207,53.4884978611682],[-2.17591427436504,53.4884984187366],[-2.17553750464558,53.4884989751172],[-2.17516073491372,53.48849953031],[-2.17515981089791,53.4882748209033],[-2.17478304313982,53.4882753749052],[-2.17440627536937,53.4882759277192],[-2.1740295075866,53.4882764793454],[-2.1740285895415,53.4880517699209],[-2.17402767150866,53.4878270604879],[-2.17402675348809,53.4876023510465],[-2.17364999165129,53.4876029014756],[-2.17364907562902,53.4873781920225],[-2.17364815961899,53.487153482561],[-2.1736472436212,53.486928773091],[-2.17327048773017,53.486929322323],[-2.17327140174198,53.4871540317961],[-2.173272315766,53.4873787412607],[-2.17327322980223,53.4876034507169],[-2.17327414385068,53.4878281601646],[-2.17327505791133,53.4880528696038],[-2.17327597198419,53.4882775790345],[-2.17327688606927,53.4885022884568],[-2.17290011626354,53.4885028365227],[-2.1725233464456,53.4885033834008],[-2.17252425657054,53.4887280928208],[-2.17214748475424,53.4887286385142],[-2.17214839290514,53.4889533479288],[-2.17177161909047,53.4889538924374],[-2.17139484526367,53.4889544357582],[-2.17101807142475,53.4889549778912],[-2.17064129757375,53.4889555188364],[-2.1702645237107,53.4889560585938],[-2.1702636254908,53.488731349164],[-2.16988685360191,53.4887318877305],[-2.16988595738019,53.4885071782892],[-2.16950918746547,53.4885077156649],[-2.16913241753879,53.4885082518527],[-2.16913152530132,53.488283542397],[-2.16913063307578,53.4880588329327],[-2.16912974086215,53.48783412346],[-2.16875297688188,53.4878346584511],[-2.16875208666624,53.4876099489669],[-2.16912884866044,53.4876094139788],[-2.16912795647065,53.4873847044891],[-2.16875119646249,53.4873852394743],[-2.16875030627062,53.4871605299731],[-2.16912706429277,53.487159994991],[-2.16950382230297,53.4871594588211],[-2.16950292815102,53.4869347493175],[-2.16950203401102,53.4867100398054],[-2.16950113988295,53.4864853302848],[-2.16950024576683,53.4862606207558],[-2.16949935166265,53.4860359112183],[-2.16912260358212,53.4860364473732],[-2.16912171147573,53.4858117378242],[-2.16912081938126,53.4855870282667],[-2.1691199272987,53.4853623187007],[-2.16949666942176,53.4853617825548],[-2.16987341153284,53.4853612452213],[-2.17025015363192,53.4853607067],[-2.17062689571897,53.4853601669911],[-2.17100363779398,53.4853596260945],[-2.17100273579447,53.4851349165352],[-2.17100183380701,53.4849102069674],[-2.1710009318316,53.4846854973911],[-2.17100002986824,53.4844607878063],[-2.17099912791692,53.4842360782131],[-2.17062239577052,53.4842366190945],[-2.17062149581689,53.4840119094897],[-2.17062059587528,53.4837871998765],[-2.17061969589545,53.4835624902792],[-2.17024296969374,53.4835630299641],[-2.16986624348004,53.4835635684615],[-2.16986534720793,53.4833388589863],[-2.16948862296256,53.4833393962971],[-2.16948772868267,53.4831146868145],[-2.1694868344147,53.4828899773235],[-2.16911011411792,53.4828905134488],[-2.16873339380922,53.4828910483866],[-2.16873428411669,53.4831157578755],[-2.16873517443601,53.4833404673559],[-2.16873606476719,53.4835651768279],[-2.16835933850575,53.4835657105748],[-2.16835845015487,53.483341001104],[-2.16835756181584,53.4831162916246],[-2.16835667348863,53.4828915821368],[-2.16835578517326,53.4826668726405],[-2.16835489686973,53.4824421631358],[-2.16797818030978,53.4824426957636],[-2.16797729399563,53.4822179862514],[-2.16797640769326,53.4819932767308],[-2.16797552140269,53.4817685672017],[-2.1679746351239,53.4815438576642],[-2.16759792612214,53.4815443892157],[-2.16759704183134,53.4813196796694],[-2.1675961575523,53.4810949701147],[-2.16759527328502,53.4808702605515],[-2.1675943890295,53.4806455509798],[-2.16759350478574,53.4804208413997],[-2.16759262055374,53.4801961318111],[-2.16796931769872,53.4801956002611],[-2.16796843150245,53.4799708906643],[-2.1675917363335,53.4799714222141],[-2.16721504115276,53.4799719525763],[-2.16683834596026,53.4799724817511],[-2.1668374657038,53.4797477721451],[-2.16646077247557,53.4797483001323],[-2.1664598942068,53.4795235905176],[-2.16608320294284,53.4795241173171],[-2.16608232666171,53.4792994076937],[-2.16570563736202,53.4792999333055],[-2.16570476306848,53.4790752236735],[-2.16570388878656,53.478850514033],[-2.16570301451626,53.4786258043841],[-2.16607969788823,53.4786252787728],[-2.16608057413441,53.4788499884216],[-2.16645725947057,53.4788494616228],[-2.1664581377043,53.4790741712628],[-2.16683482500466,53.4790736432764],[-2.16721151229328,53.4790731141025],[-2.16721239449055,53.4792978237337],[-2.16758908374334,53.4792972933721],[-2.16796577298433,53.4792967618232],[-2.16834246186261,53.4792962291817],[-2.16871915050272,53.4792956954141],[-2.16871826039685,53.4790709857815],[-2.16871737030285,53.4788462761403],[-2.16909405497149,53.4788457411831],[-2.16947073962821,53.4788452050385],[-2.16984742427299,53.4788446677065],[-2.1702241089058,53.478844129187],[-2.17022321090466,53.4786194195332],[-2.17059989354572,53.4786188798253],[-2.17060079352661,53.4788435894802],[-2.1706016935195,53.4790682991266],[-2.17060259352437,53.4792930087646],[-2.17060349354124,53.4795177183941],[-2.17098018408944,53.4795171775029],[-2.17135687462558,53.4795166354243],[-2.17135777861415,53.4797413450474],[-2.17173447111807,53.4797408017824],[-2.17173356514965,53.4795160921583],[-2.1717326591933,53.4792913825257],[-2.17135597064906,53.4792919257928],[-2.17135506668458,53.4790672161527],[-2.17135416273214,53.4788425065043],[-2.17135325879175,53.4786177968473],[-2.17135235486341,53.478393087182],[-2.1717290354886,53.4783925439109],[-2.17210571610169,53.4783919994524],[-2.17248239670265,53.4783914538065],[-2.17248330657016,53.4786161634749],[-2.17285998913869,53.4786156166426],[-2.17323667169503,53.4786150686229],[-2.17323575786808,53.4783903589526],[-2.17361243843249,53.4783898097445],[-2.17398911898467,53.4783892593491],[-2.17398820121051,53.4781645496683],[-2.17398728344858,53.4779398399791],[-2.17361060685576,53.4779403903765],[-2.17323393025071,53.4779409395865],[-2.17285725363344,53.4779414876091],[-2.17285816545638,53.4781661972954],[-2.17248148684727,53.4781667441296],[-2.172104808226,53.4781672897765],[-2.1717281295926,53.478167834236],[-2.17172722370867,53.4779431245527],[-2.17135054704284,53.4779436678258],[-2.17134964315062,53.477718958135],[-2.17097296845235,53.4777195002218],[-2.17097387036493,53.4779442099115],[-2.17097477228953,53.4781689195928],[-2.17097567422614,53.4783936292657],[-2.17059899357681,53.478394170162],[-2.17022231291547,53.4783947098709],[-2.17022141493825,53.4781700002002],[-2.16984473624461,53.4781705387227],[-2.16946805753899,53.478171076058],[-2.16946716353307,53.4779463663808],[-2.16909048679519,53.4779469025298],[-2.16871381004538,53.4779474374913],[-2.16833713328369,53.4779479712654],[-2.1679604562663,53.4779485039123],[-2.1675837788805,53.4779490354598],[-2.1672071014829,53.4779495658198],[-2.16683042407354,53.4779500949925],[-2.16682954392242,53.4777253853104],[-2.16645286847709,53.4777259132955],[-2.16645199031343,53.4775012036046],[-2.16645111216144,53.4772764939053],[-2.16607444065587,53.4772770207026],[-2.16607531683213,53.4775017304022],[-2.16607619302005,53.4777264400932],[-2.16569951755133,53.4777269657036],[-2.16569864333915,53.4775022560123],[-2.16532196983451,53.4775027804352],[-2.16532109760968,53.4772780707353],[-2.16532022539645,53.4770533610269],[-2.16494355583159,53.477053884262],[-2.16494268560562,53.4768291745449],[-2.16456601800482,53.4768296965926],[-2.16418935039245,53.4768302174529],[-2.16418848412932,53.476605507727],[-2.16381181848104,53.4766060273999],[-2.16343515282123,53.4766065458854],[-2.16305848714992,53.4766070631836],[-2.16305762682515,53.4763823534488],[-2.16268096311798,53.4763828695596],[-2.16230429939937,53.4763833844831],[-2.16230344303722,53.4761586747397],[-2.16192678128278,53.4761591884757],[-2.16192592690756,53.4759344787237],[-2.16192507254371,53.4757097689632],[-2.1619242181912,53.4754850591942],[-2.16192336379665,53.4752603494338],[-2.16154670993773,53.4752608619808],[-2.16154585551759,53.4750361528579],[-2.1615450011088,53.4748114437266],[-2.16116835120356,53.4748119550926],[-2.16079170128695,53.4748124652714],[-2.16041505135898,53.4748129742629],[-2.16041589982017,53.4750376833848],[-2.16003924789834,53.4750381911859],[-2.15966259596522,53.4750386977998],[-2.15966344047256,53.4752634069069],[-2.1592867865456,53.4752639123303],[-2.1589101326074,53.4752644165665],[-2.15853347865797,53.4752649196154],[-2.15815682469735,53.4752654214771],[-2.15778017072557,53.4752659221515],[-2.15740351674092,53.4752664216392],[-2.15702686274257,53.4752669199407],[-2.15665020873316,53.4752674170548],[-2.15627355471274,53.4752679129818],[-2.15589690068133,53.4752684077214],[-2.15589607601835,53.4750436986399],[-2.15551942396269,53.475044192194],[-2.15551860127445,53.4748194831141],[-2.15551777859714,53.4745947740257],[-2.15514113049555,53.4745952663991],[-2.15514030981165,53.4743705573056],[-2.15476366368159,53.4743710484952],[-2.1543870175406,53.4743715384975],[-2.15438620083252,53.4741468294021],[-2.15400955666309,53.4741473182206],[-2.15400874194829,53.4739226091201],[-2.15363209975042,53.4739230967546],[-2.1532554575417,53.473923583202],[-2.15325464680254,53.4736988740997],[-2.1528780065654,53.4736993593632],[-2.15287719781939,53.4734746502558],[-2.15250055955384,53.4734751343355],[-2.15212392127753,53.473475617228],[-2.15212311650695,53.4732509081189],[-2.15174648020225,53.4732513898276],[-2.15174567742469,53.4730266807135],[-2.15136904294002,53.4730271613406],[-2.15099240787984,53.4730276411612],[-2.15061577280899,53.4730281197946],[-2.15061497600124,53.4728034106704],[-2.15061417920411,53.4725787015378],[-2.1502375480996,53.4725791789794],[-2.15023675330154,53.4723544698359],[-2.15023595851406,53.472129760684],[-2.15023516373716,53.4719050515235],[-2.15023436897084,53.4716803423547],[-2.15023357421511,53.4714556331773],[-2.15023277946995,53.4712309239914],[-2.15023198473538,53.4710062147971],[-2.14985536753893,53.4710066910352],[-2.14985457480322,53.47078198183],[-2.14985378207806,53.4705572726164],[-2.14947716884754,53.4705577476628],[-2.14947637812115,53.4703330384383],[-2.14947558740529,53.4701083292054],[-2.14909897814062,53.4701088030601],[-2.14909818942346,53.4698840938164],[-2.14872158213641,53.4698845664817],[-2.14872079541789,53.4696598572273],[-2.14834419010846,53.4696603287033],[-2.14834340538853,53.469435619438],[-2.14834262067905,53.4692109101643],[-2.14796601933534,53.4692113804487],[-2.14796523662436,53.4689866711642],[-2.14796445392381,53.4687619618712],[-2.14758785654573,53.4687624309641],[-2.1475870758436,53.4685377216603],[-2.14758629515186,53.4683130123481],[-2.14758551447052,53.4680883030274],[-2.14720892304595,53.4680887709265],[-2.14720814436293,53.4678640615951],[-2.14720736569027,53.4676393522551],[-2.14720658702797,53.4674146429067],[-2.14720580837604,53.4671899335498],[-2.14758239184904,53.4671894656598],[-2.14758161121965,53.4669647562967],[-2.14795819269439,53.4669642872221],[-2.14795740695669,53.4667395782263],[-2.14833398643057,53.4667391079731],[-2.14871056589396,53.4667386365331],[-2.14870977571657,53.4665139276032],[-2.14908635318725,53.4665134549846],[-2.14908556103813,53.4662887460544],[-2.14908476889949,53.4660640371157],[-2.14946134239531,53.4660635633268],[-2.14946054828502,53.4658388543878],[-2.14945975418523,53.4656141454404],[-2.14945896009594,53.4653894364844],[-2.14983552763492,53.4653889615334],[-2.14983473157409,53.4651642525772],[-2.15021129712044,53.4651637764476],[-2.15021049908812,53.4649390674912],[-2.15020970106636,53.4647143585262],[-2.1505862626381,53.4647138812264],[-2.15058546264493,53.4644891722613],[-2.15058466266233,53.4642644632876],[-2.15058386269032,53.4640397543054],[-2.15096041830562,53.4640392758437],[-2.15133697391025,53.4640387961952],[-2.15133777784607,53.4642635051608],[-2.15171433482493,53.4642630245735],[-2.15171514076926,53.4644877335209],[-2.15171594672435,53.4647124424598],[-2.15209250745816,53.4647119607694],[-2.1524690681811,53.4647114778923],[-2.15246987816096,53.4649361868],[-2.15284644088002,53.4649357027248],[-2.15284562889316,53.4647109938285],[-2.15322218959431,53.4647105085779],[-2.15359875028451,53.4647100221407],[-2.15359793429455,53.4644853132586],[-2.15397449296682,53.464484825646],[-2.15435105162809,53.4644843368467],[-2.15435023163513,53.464259627979],[-2.15472678827844,53.4642591380043],[-2.15472761027835,53.4644838468606],[-2.15472843228924,53.4647085557083],[-2.15510499293542,53.4647080645241],[-2.15510581696429,53.4649327733519],[-2.15510664100416,53.4651574821711],[-2.1554832056533,53.4651569897773],[-2.15548403171123,53.4653816985766],[-2.1554848577802,53.4656064073674],[-2.15586142643237,53.4656059137638],[-2.15586225451949,53.4658306225347],[-2.15586308261766,53.466055331297],[-2.15623965527294,53.4660548364837],[-2.15623882516763,53.4658301277329],[-2.15661539580462,53.4658296317443],[-2.15699196643043,53.4658291345689],[-2.15736853704503,53.4658286362068],[-2.15736770092948,53.4656039274819],[-2.15774426952574,53.4656034279444],[-2.15812083811072,53.4656029272202],[-2.15811999799219,53.4653782185098],[-2.15849656455881,53.4653777166104],[-2.15887313111411,53.4653772135242],[-2.1588722869927,53.4651525048283],[-2.1592488515296,53.4651520005669],[-2.15962541605513,53.4651514951187],[-2.16000198056925,53.4651509884837],[-2.16000283071182,53.4653756971449],[-2.16000368086575,53.4656004057976],[-2.16000453103103,53.4658251144418],[-2.16000538120768,53.4660498230774],[-2.16000623139568,53.4662745317046],[-2.16038280593391,53.466274023825],[-2.16038365814046,53.466498732432],[-2.16076023467442,53.4664982233541],[-2.16075938046068,53.4662735147586],[-2.16075852625836,53.4660488061547],[-2.16038195373875,53.4660493152094],[-2.16038110155497,53.4658246065854],[-2.16038024938258,53.4655998979528],[-2.16037939722158,53.4653751893117],[-2.16037854507196,53.4651504806621],[-2.16037769293372,53.4649257720039],[-2.16037684080687,53.4647010633373],[-2.16037598869141,53.4644763546621],[-2.16037513658733,53.4642516459784],[-2.16037428449463,53.4640269372862],[-2.16075083895103,53.4640264283357],[-2.16074998486283,53.4638017196465],[-2.16074913078604,53.4635770109489],[-2.16074827672066,53.4633523022427],[-2.161124825145,53.4633517921403],[-2.16150137355782,53.4633512808511],[-2.16187792195912,53.4633507683753],[-2.16187706188472,53.4631260596954],[-2.16225360826765,53.4631255460445],[-2.16263015463899,53.463125031207],[-2.16300670099871,53.4631245151828],[-2.1633832473468,53.4631239979719],[-2.16375979368321,53.4631234795744],[-2.16375892358641,53.4628987709442],[-2.16375805350123,53.4626740623055],[-2.16338151117835,53.4626745806797],[-2.16338064311153,53.4624498720208],[-2.1630041027837,53.4624503891967],[-2.16300323673518,53.4622256805177],[-2.16262669840241,53.4622261964953],[-2.16262583437213,53.4620014877961],[-2.16262497035339,53.4617767790884],[-2.16300150467284,53.461776263134],[-2.16300063865903,53.4615515544294],[-2.16337717096022,53.4615510373001],[-2.16337630295138,53.4613263285986],[-2.16337543495415,53.4611016198886],[-2.16337456696851,53.4608769111701],[-2.16375109323834,53.4608763928892],[-2.16412761949648,53.4608758734216],[-2.1645041457429,53.4608753527676],[-2.16488067197757,53.4608748309269],[-2.16488154798935,53.4610995395987],[-2.16525807621878,53.4610990165598],[-2.16525719820046,53.4608743078997],[-2.16563372441156,53.4608737836859],[-2.16563460443641,53.4610984923343],[-2.16563548447303,53.4613232009742],[-2.16563636452141,53.4615479096056],[-2.16601289674036,53.4615473841701],[-2.16601201468539,53.4613226755504],[-2.1663885448859,53.4613221489401],[-2.16638766083616,53.4610974403236],[-2.16601113264222,53.4610979669222],[-2.16601025061082,53.4608732582855],[-2.16600936859122,53.4606485496403],[-2.16563284439846,53.460649075029],[-2.16525632019387,53.4606495992311],[-2.16487979597749,53.4606501222466],[-2.16487891998911,53.4604254135577],[-2.16487804401244,53.4602007048603],[-2.16487716804747,53.4599759961544],[-2.16525368624449,53.459975473174],[-2.16525280828483,53.4597507644713],[-2.16487629209421,53.45975128744],[-2.16487541615265,53.4595265787171],[-2.16449890195663,53.4595271004876],[-2.16412238774887,53.4595276210717],[-2.16374587352938,53.4595281404692],[-2.16374674345182,53.4597528492271],[-2.16374761338588,53.4599775579766],[-2.16374848333156,53.4602022667175],[-2.16337196308117,53.4602027849635],[-2.16337283103202,53.4604274937075],[-2.16337369899447,53.4606522024431],[-2.16299717471948,53.4606527195258],[-2.16299804068701,53.4608774282645],[-2.16262151439387,53.4608779441723],[-2.16262065043285,53.460653235422],[-2.16224412613461,53.4606537501316],[-2.16186760182479,53.4606542636547],[-2.16186674188828,53.4604295548726],[-2.16149021957338,53.4604300671975],[-2.16148936165482,53.4602053583953],[-2.16111284133485,53.460205869522],[-2.16073632100338,53.4602063794622],[-2.16073546710913,53.4599816706283],[-2.16035894877261,53.4599821793704],[-2.16035980066043,53.4602068882159],[-2.15998328030603,53.460207395783],[-2.15998243042465,53.4599826869259],[-2.15998158055462,53.4597579780603],[-2.15998073069595,53.4595332691862],[-2.15997988084863,53.4593085603036],[-2.16035639317746,53.4593080527828],[-2.16073290549485,53.4593075440755],[-2.16073205164624,53.4590828352075],[-2.16110856194583,53.4590823253252],[-2.16110770610232,53.4588576164603],[-2.16148421438412,53.4588571054032],[-2.16148335654578,53.4586323965414],[-2.16110685027025,53.4586329075869],[-2.16110598676067,53.4584082004147],[-2.16072948233356,53.4584087102564],[-2.16035297789579,53.4584092189117],[-2.15997647344739,53.4584097263806],[-2.15997561413913,53.4581850194378],[-2.15959911149257,53.4581855257071],[-2.15959825400721,53.4579608187427],[-2.15997475484135,53.4579603124865],[-2.16035125566489,53.4579598050438],[-2.16072775647779,53.4579592964147],[-2.16072689356572,53.457734589481],[-2.16072603066418,53.4575098825389],[-2.16034953347604,53.4575103911418],[-2.15997303627727,53.4575108985583],[-2.15997217701097,53.4572861915814],[-2.15997131775515,53.457061484596],[-2.15997045850983,53.4568367776021],[-2.15996959927499,53.4566120705996],[-2.15959310931484,53.4566125767775],[-2.15959225190274,53.4563878697534],[-2.1595913945011,53.4561631627209],[-2.15959053710992,53.4559384556798],[-2.15921405257585,53.455938960632],[-2.15921319700731,53.4557142535694],[-2.1592123414492,53.4554895464982],[-2.15883586052889,53.455490050238],[-2.15883500679335,53.4552653431452],[-2.15883415306822,53.4550406360439],[-2.15845767576159,53.4550411385713],[-2.15845682385894,53.4548164314485],[-2.15845597196668,53.4545917243171],[-2.15883244564919,53.4545912218157],[-2.15920891932116,53.4545907181281],[-2.15958539298258,53.4545902132542],[-2.15958453566464,53.4543655061535],[-2.15996100750345,53.4543650001064],[-2.16033747933166,53.454364492873],[-2.16033661840019,53.4541397857899],[-2.16071308840577,53.4541392773833],[-2.1610895584007,53.4541387677905],[-2.16146602838495,53.4541382570114],[-2.1618424983585,53.454137745046],[-2.16184336653795,53.4543624520767],[-2.16184423472801,53.4545871590989],[-2.16184510292869,53.4548118661126],[-2.16184597113998,53.4550365731177],[-2.16184683936187,53.4552612801143],[-2.1614703603281,53.4552617921453],[-2.16147122674849,53.4554864991465],[-2.16147209317947,53.4557112061392],[-2.16147295962103,53.4559359131233],[-2.16147382607319,53.456160620099],[-2.16147469253593,53.4563853270661],[-2.16147555900926,53.4566100340247],[-2.16109906909169,53.456610544948],[-2.16109993376333,53.4568352519111],[-2.16147642549318,53.4568347409747],[-2.16185291721231,53.4568342288519],[-2.16222940892072,53.4568337155428],[-2.16260590061838,53.4568332010472],[-2.16298239230527,53.4568326853653],[-2.16298151857227,53.4566079784678],[-2.16335800843609,53.4566074616127],[-2.16335888398135,53.456832168497],[-2.16373537564661,53.4568316504424],[-2.16411186730102,53.4568311312013],[-2.16448835894456,53.4568306107739],[-2.16448747796249,53.4566059039291],[-2.16486396778287,53.4566053823284],[-2.16486485057721,53.4568300891601],[-2.16486573338236,53.4570547959832],[-2.16524222681637,53.4570542731698],[-2.16524134219893,53.4568295663599],[-2.16524045759233,53.4566048595415],[-2.16523957299656,53.4563801527145],[-2.16523868841163,53.4561554458791],[-2.16523780383754,53.4559307390351],[-2.16523691927428,53.4557060321825],[-2.16561340182398,53.4557055082621],[-2.16561251545942,53.4554808014142],[-2.16561162910572,53.4552560945579],[-2.16598810802018,53.4552555694775],[-2.165988996186,53.4554802763206],[-2.16636547690159,53.4554797500408],[-2.16674195760617,53.4554792225746],[-2.16711843829971,53.4554786939221],[-2.16711933191284,53.4557034007169],[-2.16712022553693,53.4559281075033],[-2.16749670984372,53.4559275776379],[-2.16749581440746,53.4557028708648],[-2.16749491898219,53.4554781640832],[-2.16787139965358,53.4554776330581],[-2.16787050242717,53.4552529262812],[-2.16786960521178,53.4550282194958],[-2.1678687080074,53.4548035127019],[-2.1682451834089,53.4548029805503],[-2.1682442843956,53.4545782737569],[-2.16862075827982,53.4545777404572],[-2.1686198574465,53.4543530336567],[-2.16899632948834,53.4543524991721],[-2.16899542683505,53.4541277923647],[-2.16899452419293,53.4539030855487],[-2.16861805581331,53.4539036200304],[-2.16861715501344,53.4536789132045],[-2.16861625422472,53.4534542063701],[-2.16823978949597,53.4534547396626],[-2.16824068845365,53.4536794464984],[-2.16824158742245,53.4539041533257],[-2.16824248640237,53.4541288601446],[-2.16786601646031,53.454129392269],[-2.16786691363167,53.4543540990885],[-2.16749044202061,53.4543546300473],[-2.16748954666125,53.4541299232145],[-2.1671130768511,53.4541304529738],[-2.16711218331469,53.4539057461192],[-2.16673571530545,53.4539062746789],[-2.16673482359195,53.4536815678026],[-2.16635835738361,53.4536820951628],[-2.16598189116426,53.4536826213369],[-2.16598100308553,53.4534579144255],[-2.16635746749296,53.4534573882648],[-2.16635657761322,53.4532326813581],[-2.16635568774438,53.453007974443],[-2.16635479788646,53.4527832675193],[-2.16635390803945,53.4525585605871],[-2.16673036518844,53.452558033293],[-2.16672947354054,53.4523333263655],[-2.16672858190358,53.4521086194295],[-2.16672769027755,53.451883912485],[-2.16672679866245,53.4516592055319],[-2.16672590705828,53.4514344985703],[-2.16672501546505,53.4512097916002],[-2.16710146173262,53.4512092631995],[-2.16710056833868,53.4509845562341],[-2.16709967495569,53.4507598492602],[-2.16709878158366,53.4505351422777],[-2.16709788822259,53.4503104352867],[-2.16747432723267,53.450309905753],[-2.16747343884195,53.450085196137],[-2.16747255195954,53.4498604859312],[-2.16747166508897,53.4496357757169],[-2.16784809815297,53.449635245037],[-2.16784720929857,53.4494105348301],[-2.16822364039944,53.4494100029271],[-2.16860007159361,53.4494094697128],[-2.16897650277585,53.4494089353125],[-2.16897560796583,53.4491842251479],[-2.16935203714909,53.4491836895785],[-2.16972846632036,53.4491831528232],[-2.17010489547962,53.4491826148817],[-2.17010399472053,53.4489579047597],[-2.17048042188076,53.4489573656493],[-2.17085684902891,53.4489568253528],[-2.17123327616498,53.4489562838704],[-2.17123236945699,53.448731573791],[-2.17160879459397,53.4487310311396],[-2.17160970328892,53.4489557412019],[-2.17161061199596,53.4491804512556],[-2.17198704109475,53.449179907384],[-2.17236347018135,53.4491793623263],[-2.17273989925575,53.4491788160826],[-2.17273898458774,53.4489541060802],[-2.17273806993191,53.4487293960693],[-2.17273715528825,53.4485046860499],[-2.17273624065676,53.4482799760219],[-2.17273532603744,53.4480552659853],[-2.17273441143029,53.4478305559402],[-2.17273349683531,53.4476058458866],[-2.17273258225251,53.4473811358244],[-2.17273166768188,53.4471564257537],[-2.17310807886213,53.4471558784782],[-2.17310716231692,53.446931168416],[-2.17310624578391,53.4467064583453],[-2.17272983857712,53.4467070055866],[-2.17273075312341,53.4469317156744],[-2.17235434391768,53.4469322617468],[-2.1723552564894,53.4471569718432],[-2.17197884528472,53.4471575167469],[-2.17197975588181,53.4473822268518],[-2.17198066649101,53.4476069369483],[-2.17160425130058,53.4476074807001],[-2.17122783609801,53.447608023266],[-2.17085142088331,53.447608564646],[-2.17085232554415,53.4478332747851],[-2.17047590833054,53.4478338149962],[-2.17009949110485,53.4478343540212],[-2.17010039180402,53.448059064186],[-2.16972397257944,53.4480596020421],[-2.16934755334284,53.4480601387123],[-2.16897113409426,53.4480606741964],[-2.16859471483372,53.4480612084945],[-2.16859382208197,53.4478364982615],[-2.16859292934211,53.44761178802],[-2.16896934462896,53.447611253756],[-2.16896844991417,53.4473865435229],[-2.16896755521128,53.4471618332814],[-2.1693439665126,53.4471612978654],[-2.16934306983487,53.4469365876323],[-2.16934217316907,53.4467118773907],[-2.16971858048493,53.4467113408229],[-2.16971768184436,53.4464866305898],[-2.16971678321575,53.4462619203481],[-2.17009318654623,53.4462613826285],[-2.17009228594294,53.4460366723953],[-2.17046868727474,53.4460361335068],[-2.17046778469681,53.4458114232822],[-2.17046688213089,53.445586713049],[-2.17084327947743,53.4455861730088],[-2.17121967681188,53.4455856317827],[-2.17121877028485,53.4453609215751],[-2.17121786376988,53.445136211359],[-2.17159425711911,53.4451356689812],[-2.1715933486297,53.4449109587736],[-2.17196973998028,53.4449104152271],[-2.17196882951647,53.4446857050281],[-2.17234521886841,53.4446851603127],[-2.17234430643026,53.4444604501223],[-2.17272069378354,53.4444599042383],[-2.17271977937111,53.4442351940564],[-2.17309616472575,53.4442346470037],[-2.17309524833909,53.4440099368304],[-2.17309433196462,53.4437852266486],[-2.17347071333423,53.4437846784443],[-2.17347163169507,53.444009388609],[-2.17384801503877,53.4440088392017],[-2.17384893539823,53.4442335493407],[-2.17384985576994,53.4444582594711],[-2.17385077615389,53.4446829695929],[-2.17347438685091,53.4446835190517],[-2.17347530526063,53.4449082291821],[-2.17347622368258,53.445132939304],[-2.17347714211675,53.4453576494174],[-2.17385353737924,53.4453570999072],[-2.17422993262943,53.4453565492112],[-2.1742290102222,53.4451318391321],[-2.17460540347353,53.4451312872673],[-2.17498179671249,53.4451307342167],[-2.17535818993907,53.4451301799802],[-2.1753572615846,53.4449054699442],[-2.17535633324249,53.4446807598996],[-2.17535540491273,53.4444560498464],[-2.17573179216747,53.4444554944757],[-2.17573086186364,53.4442307844311],[-2.17572993157219,53.4440060743781],[-2.17610631484167,53.4440055178559],[-2.17648269809868,53.444004960148],[-2.17648363236292,53.4442296701666],[-2.17686001759384,53.4442291112555],[-2.17686095385694,53.4444538212484],[-2.1764845666396,53.4444543801766],[-2.17610817940976,53.4444549379191],[-2.17610911171242,53.4446796479378],[-2.17573272248368,53.4446802045116],[-2.17573365281227,53.444904914539],[-2.17573458315324,53.4451296245579],[-2.1757355135066,53.4453543345681],[-2.17611190869486,53.4453537779427],[-2.17648830387065,53.4453532201314],[-2.17686469903396,53.4453526611342],[-2.17686376272101,53.4451279511756],[-2.17724015588526,53.4451273910097],[-2.17723921759827,53.4449026810598],[-2.17723827932377,53.4446779711013],[-2.17723734106176,53.4444532611343],[-2.17723640281224,53.4442285511587],[-2.17761278801809,53.444227989876],[-2.17761184779466,53.4440032799091],[-2.17761090758375,53.4437785699337],[-2.17760996738535,53.4435538599497],[-2.17798634661952,53.443553297533],[-2.1783627258411,53.4435527339304],[-2.17873910505005,53.4435521691421],[-2.17911548424635,53.443551603168],[-2.1791145361152,53.4433268932446],[-2.17873815890522,53.4433274592014],[-2.17836178168258,53.4433280239724],[-2.17798540444733,53.4433285875577],[-2.17798446228767,53.4431038775739],[-2.1776080870261,53.4431044399561],[-2.17723171175196,53.4431050011525],[-2.17723077357737,53.4428802911256],[-2.17722983541527,53.4426555810902],[-2.17722889726565,53.4424308710462],[-2.17760526658108,53.4424303099015],[-2.17798163588394,53.4424297475711],[-2.17798069377445,53.442205037553],[-2.17835706107853,53.4422044740541],[-2.17873342836999,53.4422039093695],[-2.1791097956488,53.4422033434991],[-2.17948616291494,53.442202776443],[-2.17986253016837,53.4422022082011],[-2.17986157814064,53.441977498261],[-2.18023794339518,53.4419769288507],[-2.18061430863697,53.4419763582547],[-2.18099067386598,53.441975786473],[-2.18098971674041,53.4417510750963],[-2.18136607995,53.4417505021405],[-2.18174244314663,53.441749927999],[-2.18211880633025,53.4417493526718],[-2.1821178433545,53.4415246410226],[-2.1817414821848,53.4415252163338],[-2.18136512100211,53.4415257904593],[-2.18136416206714,53.4413010787696],[-2.18136320314508,53.4410763670713],[-2.18136224423595,53.4408516553645],[-2.18098588908192,53.4408522282564],[-2.18060953391494,53.4408527999626],[-2.18060857904638,53.4406280882152],[-2.18060762419068,53.4404033764594],[-2.18098397533003,53.4404028047851],[-2.18098493219953,53.440627516525],[-2.18136128533974,53.4406269436491],[-2.18173763846698,53.4406263695876],[-2.18173667756989,53.4404016578796],[-2.18173571668574,53.4401769461632],[-2.18135936758607,53.4401775201928],[-2.18098301847343,53.4401780930367],[-2.18098206162972,53.4399533812798],[-2.1809811047989,53.4397286695142],[-2.18135744988408,53.4397280967022],[-2.1817337949563,53.4397275227046],[-2.18173283411099,53.4395028109625],[-2.18135649105247,53.4395033849441],[-2.18135553223377,53.4392786731775],[-2.18173187327864,53.4392780992118],[-2.18173091245922,53.4390533874526],[-2.18172995165275,53.4388286756849],[-2.18172899085923,53.4386039639086],[-2.18210532585028,53.4386033888052],[-2.1824816608283,53.4386028125163],[-2.18248069602062,53.4383781007634],[-2.18210436305615,53.4383786770364],[-2.18172803007865,53.4383792521237],[-2.18172706931102,53.4381545403304],[-2.18135073833406,53.4381551142161],[-2.18097440734412,53.4381556869164],[-2.18059807634125,53.438156258431],[-2.18059712162706,53.4379315465811],[-2.18022079262477,53.4379321168942],[-2.1798444636096,53.4379326860218],[-2.17984351293521,53.4377079741315],[-2.17946718592065,53.4377085420575],[-2.17909085889326,53.437709108798],[-2.17908991225858,53.4374843968673],[-2.17871358723183,53.4374849624063],[-2.17871264262332,53.4372602504512],[-2.17871169802754,53.4370355384875],[-2.17871075344449,53.4368108265153],[-2.17833443444514,53.4368113908211],[-2.17833349188815,53.4365866788244],[-2.17833254934386,53.4363619668192],[-2.17833160681227,53.4361372548054],[-2.17870791977169,53.4361366905474],[-2.17870697523954,53.435911978541],[-2.17870603072012,53.4356872665261],[-2.17908233964027,53.4356867011144],[-2.17908139312037,53.4354619891068],[-2.17870508621342,53.4354625545026],[-2.17870414171945,53.4352378424706],[-2.17832783681291,53.435238406665],[-2.17795153189361,53.435238969674],[-2.17795059143867,53.4350142576016],[-2.1775742885198,53.4350148194093],[-2.17757335009065,53.4347901073125],[-2.17719704917222,53.4347906679188],[-2.17682074824112,53.4347912273397],[-2.1768198138508,53.4345665152026],[-2.17644351492016,53.4345670734222],[-2.17606721597691,53.4345676304564],[-2.17606814634103,53.4347923426252],[-2.17569184537209,53.4347928984897],[-2.1753155443906,53.4347934531689],[-2.17531461805267,53.4345687409685],[-2.17531369172723,53.4343440287595],[-2.17531276541426,53.434119316542],[-2.17531183911378,53.433894604316],[-2.17493554617198,53.4338951577464],[-2.17493462189697,53.433670445496],[-2.17493369950081,53.4334457322475],[-2.17493277789416,53.4332210185785],[-2.17530906476244,53.4332204652147],[-2.17530998840606,53.4334451788547],[-2.17568627729867,53.4334446242765],[-2.17606256617863,53.4334440685129],[-2.1764388550459,53.4334435115641],[-2.17643792529136,53.4332187980112],[-2.17681421210895,53.4332182399061],[-2.17681328033015,53.4329935263737],[-2.17718956509805,53.4329929671123],[-2.17719049891379,53.4332176806157],[-2.17756678570586,53.43321712014],[-2.1775677215713,53.4334418336056],[-2.17756865813454,53.4336665467004],[-2.17794494897507,53.433665984988],[-2.17832123980288,53.4336654220903],[-2.17832218219479,53.433890134198],[-2.17869847502285,53.433889570099],[-2.17907476783813,53.4338890048146],[-2.17907571426876,53.4341137168819],[-2.17907666071215,53.4343384289408],[-2.17945295754069,53.4343378624391],[-2.17982925435639,53.434337294752],[-2.18020555115924,53.4343367258796],[-2.18020650365458,53.4345614378821],[-2.18020745616276,53.434786149876],[-2.18058375697889,53.4347855797862],[-2.18096005778211,53.434785008511],[-2.18133635857239,53.4347844360503],[-2.18133731713276,53.4350091479879],[-2.18171361992319,53.4350085743258],[-2.18208992270064,53.4350079994783],[-2.18246622546506,53.4350074234453],[-2.18284252821644,53.4350068462269],[-2.18321883095474,53.4350062678231],[-2.18321979959377,53.4352309796721],[-2.18359610433212,53.4352304000668],[-2.18397240905734,53.435229819276],[-2.18397338173576,53.4354545310844],[-2.184349688461,53.4354539490921],[-2.18435066316572,53.4356786608759],[-2.18472697189098,53.4356780776822],[-2.18510328134473,53.4356774930256],[-2.18547959089643,53.435676907142],[-2.1854805716095,53.4359016188964],[-2.18585688313637,53.4359010318262],[-2.18585786585085,53.4361257435711],[-2.18623417935289,53.4361251553143],[-2.18661049284174,53.4361245658719],[-2.18698680631737,53.436123975244],[-2.18698779501004,53.4363486869772],[-2.18736411046079,53.4363480951627],[-2.18736510115504,53.4365728068863],[-2.1877414185809,53.4365722138851],[-2.18774241127678,53.4367969255992],[-2.18774340398591,53.4370216373049],[-2.18811972537532,53.4370210431158],[-2.18849604675141,53.4370204477412],[-2.18849704345071,53.4372451594362],[-2.18849804016331,53.4374698711227],[-2.18887436550301,53.4374692745602],[-2.18887336680192,53.4372445628748],[-2.18887236811415,53.437019851181],[-2.18924868946351,53.4370192534351],[-2.18924969013974,53.4372439651278],[-2.18962601346416,53.4372433661952],[-2.19000233677515,53.437242766077],[-2.19000334144172,53.437467477759],[-2.19037966672774,53.437466876454],[-2.19038067339623,53.4376915881264],[-2.19038168007815,53.4379162997902],[-2.19075800932774,53.4379156972973],[-2.19075901801167,53.4381404089515],[-2.19113534923632,53.4381398052717],[-2.1911363599223,53.4383645169163],[-2.19151269312201,53.4383639120497],[-2.19188902630816,53.4383633059975],[-2.19226535948071,53.4383626987595],[-2.19226637614605,53.4385874103921],[-2.1926427112936,53.4385868019673],[-2.19264372996116,53.4388115135901],[-2.19226739282495,53.4388121220161],[-2.19226840951743,53.4390368336317],[-2.19264474864231,53.4390362252044],[-2.19264576733706,53.4392609368103],[-2.1926467860454,53.4394856484078],[-2.19302312913406,53.4394850387924],[-2.19302210843699,53.4392603271962],[-2.19302108775354,53.4390356155915],[-2.19339742685109,53.4390350047929],[-2.19339640419259,53.438810293181],[-2.19339538154773,53.4385855815607],[-2.19339435891653,53.4383608699318],[-2.19339333629897,53.4381361582945],[-2.19376966742828,53.4381355463152],[-2.1937686428358,53.4379108346707],[-2.19376761825699,53.4376861230177],[-2.19376659369186,53.4374614113562],[-2.1937655691404,53.4372366996863],[-2.19414189230187,53.4372360865263],[-2.19414086577563,53.4370113748492],[-2.19413983926308,53.4367866631636],[-2.19413881276423,53.4365619514695],[-2.19413778627909,53.4363372397669],[-2.19413675980764,53.4361125280559],[-2.19413573334989,53.4358878163364],[-2.19451204456725,53.4358872019984],[-2.1945110161349,53.4356624902717],[-2.19413470690584,53.4356631046084],[-2.19413368047549,53.435438392872],[-2.19450998771627,53.4354377785366],[-2.19450895931137,53.4352130667929],[-2.1945079309202,53.4349883550408],[-2.19488423417073,53.4349877395224],[-2.19488320380509,53.4347630277631],[-2.1948821734532,53.4345383159953],[-2.19488114311506,53.4343136042191],[-2.19488011279067,53.4340888924343],[-2.19487908248003,53.4338641806412],[-2.19525537577606,53.4338635639436],[-2.19525434349111,53.4336388521433],[-2.19563063478525,53.4336382342616],[-2.19562960119463,53.4334135221379],[-2.19562856773805,53.4331888099489],[-2.19525228049623,53.4331894277853],[-2.19525124908417,53.4329647155627],[-2.1956275342955,53.4329640977513],[-2.19562650086699,53.432739385545],[-2.19562546745251,53.4325146733302],[-2.19562443405206,53.4322899611068],[-2.19562340066565,53.4320652488748],[-2.19562236729327,53.4318405366342],[-2.19599864233851,53.4318399177624],[-2.19599760694984,53.4316152055381],[-2.19562133393492,53.431615824385],[-2.1956203005906,53.4313911121272],[-2.1952440295919,53.4313917297638],[-2.19486775857913,53.4313923462151],[-2.19486672930939,53.4311676338988],[-2.19449046031287,53.43116824914],[-2.19411419130235,53.4311688631959],[-2.19373792227786,53.4311694760667],[-2.19373689911281,53.4309447636669],[-2.19336063210462,53.4309453753275],[-2.19298436508251,53.4309459858028],[-2.19260809804651,53.430946595093],[-2.192607080986,53.4307218826099],[-2.1926060639393,53.4304971701181],[-2.19260504690641,53.4302724576178],[-2.19260402988734,53.4300477451089],[-2.19260301288208,53.4298230325913],[-2.19260199589064,53.4295983200652],[-2.19297825074576,53.4295977109245],[-2.19297723173808,53.4293729984147],[-2.19297621274423,53.4291482858963],[-2.19297519376423,53.4289235733693],[-2.19297417479806,53.4286988608337],[-2.19297315584574,53.4284741482895],[-2.19297213690725,53.4282494357367],[-2.1929711179826,53.4280247231753],[-2.19297009907179,53.4278000106053],[-2.19296908017482,53.4275752980267],[-2.19334531674658,53.4275746879251],[-2.19372155330442,53.4275740766384],[-2.19409778984832,53.4275734641666],[-2.19447402637825,53.4275728505097],[-2.1948502628942,53.4275722356678],[-2.19485129194033,53.4277969481217],[-2.19522753047208,53.4277963320697],[-2.19560376898979,53.4277957148327],[-2.19598000749341,53.4277950964105],[-2.1959810426431,53.428019808781],[-2.19635728316248,53.4280191891487],[-2.19673352366772,53.4280185683315],[-2.19710976415881,53.4280179463291],[-2.19710872291955,53.4277932340337],[-2.19748496136659,53.4277926108712],[-2.19748391811164,53.4275678985922],[-2.19786015451464,53.4275672742697],[-2.19785910924404,53.4273425620071],[-2.198235343603,53.4273419365246],[-2.19861157794768,53.427341309857],[-2.19861262727788,53.4275660220695],[-2.19898886363807,53.4275653941918],[-2.19898781227807,53.4273406820044],[-2.19936404659414,53.4273400529667],[-2.19936299321864,53.4271153407957],[-2.19973922549058,53.427114710598],[-2.19973817009962,53.4268899984435],[-2.20011440032744,53.4268893670859],[-2.2001133429211,53.4266646549479],[-2.199737114723,53.4266652862804],[-2.19936088651052,53.426665916428],[-2.19935983317792,53.4264412042312],[-2.19935877985961,53.4262164920258],[-2.19973500401272,53.4262158619284],[-2.19973394867907,53.4259911497395],[-2.19973289335975,53.425766437542],[-2.19973183805475,53.4255417253359],[-2.20010805610466,53.4255410941288],[-2.20010699878443,53.4253163819391],[-2.20010594286626,53.4250916693724],[-2.20048215685379,53.4250910370027],[-2.20048109927385,53.4248663243278],[-2.20048004170825,53.4246416116445],[-2.20085625163807,53.4246409780738],[-2.20085519206517,53.4244162653742],[-2.20123139995896,53.4244156306105],[-2.20123033837883,53.4241909178946],[-2.20160654562748,53.4241902784377],[-2.20160548203257,53.4239655657311],[-2.20160441845206,53.4237408530161],[-2.20198062340515,53.423740207954],[-2.20197955782033,53.4235154952305],[-2.20235576074024,53.4235148489833],[-2.20235469315116,53.4232901362513],[-2.20273089403789,53.423289488819],[-2.20272982444461,53.4230647760786],[-2.20310602329815,53.4230641274614],[-2.20310495170072,53.4228394147125],[-2.20348114852109,53.4228387649102],[-2.20348007491957,53.4226140521529],[-2.20385626970676,53.4226134011657],[-2.20385519410119,53.4223886883999],[-2.2042313868552,53.4223880362278],[-2.20423030924565,53.4221633234536],[-2.20460649996649,53.4221626700965],[-2.20460757959459,53.4223873828706],[-2.20498377231931,53.4223867283285],[-2.20498269067266,53.4221620155544],[-2.20535888136415,53.4221613598273],[-2.20535779771363,53.4219366470449],[-2.20535671407777,53.4217119342539],[-2.20573290071754,53.4217112773421],[-2.20573181507788,53.4214865645427],[-2.20610799968445,53.421485906446],[-2.20610691204105,53.4212611936383],[-2.20648309461441,53.4212605343567],[-2.20648200496732,53.4210358215407],[-2.20685818550748,53.4210351610743],[-2.20685709385676,53.4208104482499],[-2.20685600222081,53.420585735417],[-2.20723217870941,53.4205850737659],[-2.20723108506991,53.4203603609247],[-2.20760725952533,53.4203596980888],[-2.20760616388233,53.4201349852392],[-2.20760506825416,53.4199102723812],[-2.20722889783531,53.4199109352169],[-2.20685272740161,53.4199115968676],[-2.2064765569531,53.4199122573335],[-2.20647764652645,53.4201369701919],[-2.20610147404487,53.420137629473],[-2.20610038648979,53.4199129166145],[-2.20609929894943,53.4196882037476],[-2.20609821142379,53.4194634908722],[-2.20647437785063,53.4194628315914],[-2.20647328832152,53.4192381187077],[-2.20647219880715,53.4190134058154],[-2.20684836118284,53.41901274535],[-2.20722452354371,53.4190120836997],[-2.20760068588973,53.4190114208646],[-2.20797684822089,53.4190107568446],[-2.20835301053714,53.4190100916398],[-2.20872917283846,53.4190094252502],[-2.20872807123001,53.4187847123503],[-2.20910423149824,53.4187840447759],[-2.20910312788659,53.4185593318678],[-2.20910202428986,53.4183346189511],[-2.20947818050692,53.4183339501923],[-2.20947707490708,53.4181092372674],[-2.20985322909108,53.418108567324],[-2.21022938326004,53.4181078961957],[-2.21060553741394,53.4181072238827],[-2.21060664906795,53.418331936807],[-2.21098280522481,53.418331263309],[-2.21135896136656,53.4183305886261],[-2.21173511749317,53.4183299127584],[-2.21173623521647,53.4185546256737],[-2.21211239334598,53.4185539486209],[-2.2124885514603,53.4185532703834],[-2.21286470955939,53.418552590961],[-2.21286583335213,53.418777303867],[-2.21324199345408,53.4187766232595],[-2.21361815354074,53.4187759414672],[-2.21361702571178,53.4185512285618],[-2.21361589789808,53.4183265156479],[-2.21361477009963,53.4181018027255],[-2.21361364231645,53.4178770897947],[-2.21361251454852,53.4176523768554],[-2.21398866452961,53.4176516938798],[-2.21398753475897,53.4174269809323],[-2.21398640500361,53.4172022679764],[-2.21398527526354,53.416977555012],[-2.2139841494744,53.4167528485978],[-2.21398302452312,53.4165281435461],[-2.21398189958656,53.4163034384852],[-2.21398077466473,53.416078733415],[-2.21397964975761,53.4158540283355],[-2.21397852486522,53.4156293232469],[-2.21397739998755,53.4154046181489],[-2.21435353043217,53.4154039349089],[-2.21435240364568,53.4151792299328],[-2.21435127687394,53.4149545249476],[-2.21435015011695,53.4147298199531],[-2.2143490233747,53.4145051149493],[-2.2143478966472,53.4142804099363],[-2.21434676993445,53.4140557049141],[-2.21434564323644,53.4138309998826],[-2.21434451655318,53.4136062948419],[-2.21472063159546,53.4136056114671],[-2.21471950300361,53.4133809065483],[-2.21471837442653,53.4131562016202],[-2.21471724586423,53.4129314966829],[-2.21471611731669,53.4127067917363],[-2.21471498878393,53.4124820867805],[-2.21471386026593,53.4122573818155],[-2.21508996375384,53.4122566980439],[-2.21508883332744,53.4120319932007],[-2.21508770291584,53.4118072883483],[-2.21508657251903,53.4115825834867],[-2.21508544213701,53.4113578786158],[-2.21546153791757,53.4113571941851],[-2.21546267022268,53.4115818989248],[-2.21546380254261,53.4118066036553],[-2.21583990215454,53.4118059177786],[-2.2162160017516,53.4118052307182],[-2.21621486558543,53.41158052625],[-2.21583876791149,53.4115812131793],[-2.21583763368329,53.4113565085707],[-2.21621372943414,53.4113558217726],[-2.2165898251701,53.4113551337909],[-2.21658868711061,53.4111304294354],[-2.21621259329772,53.411131117286],[-2.21621145717617,53.4109064127901],[-2.21621032106949,53.4106817082849],[-2.21620918497769,53.4104570037705],[-2.21658527302153,53.4104563163135],[-2.21658413502164,53.410231611921],[-2.2169602211276,53.4102309234115],[-2.21695908121967,53.4100062191409],[-2.21658299703664,53.4100069075192],[-2.21620691283869,53.4100075947139],[-2.21583082862586,53.410008280725],[-2.21582969450157,53.4097835760516],[-2.21545361219678,53.4097842607479],[-2.21545248001023,53.4095595559342],[-2.21507639961348,53.4095602393157],[-2.21507752987714,53.4097849442606],[-2.2150786601556,53.4100096491962],[-2.21545474439815,53.4100089655524],[-2.21545587661434,53.4102336703476],[-2.21545700884535,53.4104583751336],[-2.21545814109117,53.4106830799104],[-2.21545927335182,53.4109077846778],[-2.21546040562729,53.4111324894361],[-2.21508431176979,53.4111331737356],[-2.21470821789748,53.4111338568515],[-2.21470934634163,53.4113585618628],[-2.21433325053146,53.4113592439261],[-2.21433212401038,53.4111345387837],[-2.21395603010851,53.4111352195322],[-2.2135799361919,53.411135899097],[-2.21357881353165,53.4109111936831],[-2.21320272152337,53.4109118719332],[-2.21320160080081,53.410687166379],[-2.21320048009293,53.4104624608155],[-2.2131993593997,53.4102377552428],[-2.21319823872114,53.4100130496608],[-2.21319711805724,53.4097883440696],[-2.213195997408,53.4095636384692],[-2.21319487677343,53.4093389328595],[-2.21319375615351,53.4091142272406],[-2.21356983277839,53.4091135500393],[-2.21356871025033,53.4088888445422],[-2.21394478493769,53.4088881662884],[-2.21394366050153,53.4086634609132],[-2.21356758773696,53.4086641390359],[-2.21356647166685,53.40843943262],[-2.21356535782422,53.4082147258852],[-2.21318928872161,53.4082154027035],[-2.21318817673365,53.4079906959079],[-2.21318706475987,53.4077659891037],[-2.21281099932406,53.407766664634],[-2.21280988920488,53.407541957769],[-2.21280877909985,53.4073172508952],[-2.21243271733075,53.4073179251376],[-2.21243160908025,53.4070932182031],[-2.21280766900897,53.4070925440127],[-2.21280655893223,53.4068678371214],[-2.21318261700647,53.4068671617989],[-2.21355867506655,53.4068664852924],[-2.2135575613233,53.4066417784962],[-2.21393361752887,53.4066411008578],[-2.21430967372025,53.4066404220353],[-2.21430855631058,53.4064157153343],[-2.21468461064742,53.4064150353799],[-2.21506066497002,53.4064143542415],[-2.21505954389403,53.4061896476358],[-2.21543559636208,53.4061889653655],[-2.21581164881583,53.4061882819112],[-2.21581052407363,53.4059635754007],[-2.2161865746728,53.4059628908145],[-2.21656262525763,53.4059622050444],[-2.21693867582809,53.4059615180903],[-2.21693754557954,53.4057368117272],[-2.21731359429538,53.4057361236413],[-2.2176896429968,53.4057354343714],[-2.21806569168378,53.4057347439177],[-2.21806455592904,53.4055100377019],[-2.21844061003655,53.4055093406935],[-2.21844174781957,53.4057340467298],[-2.21881780480515,53.4057333477152],[-2.21881666499963,53.4055086418526],[-2.21919271994709,53.4055079418285],[-2.21919157813476,53.4052832361301],[-2.2195676310441,53.4052825350965],[-2.21956648722502,53.4050578295623],[-2.21956534342165,53.4048331240185],[-2.21956419963399,53.4046084184652],[-2.21956305586204,53.4043837129024],[-2.2195619121058,53.4041590073301],[-2.21956076836527,53.4039343017482],[-2.21955962464046,53.4037095961568],[-2.21955848093135,53.4034848905559],[-2.21955733723795,53.4032601849455],[-2.21993337193063,53.4032594842921],[-2.21993222623075,53.4030347788458],[-2.2199310805466,53.40281007339],[-2.22030711117922,53.4028093719009],[-2.22030596348867,53.4025846666093],[-2.22068199208341,53.4025839641109],[-2.22105802066239,53.4025832604294],[-2.22105686894337,53.4023585554757],[-2.22143289548445,53.4023578507849],[-2.22143174175917,53.4021331459953],[-2.22180776626234,53.4021324402953],[-2.22180661053085,53.40190773567],[-2.22218263299613,53.4019070289607],[-2.22218379074968,53.4021317334123],[-2.22255981522115,53.4021310253462],[-2.22293583967672,53.4021303160972],[-2.22293467787905,53.4019056119931],[-2.22331070029664,53.4019049017348],[-2.22368672269829,53.4019041902936],[-2.22406274508395,53.4019034776694],[-2.22406157723614,53.4016787740771],[-2.22443759758377,53.4016780604437],[-2.22481361791536,53.4016773456273],[-2.22481478980723,53.4019020488721],[-2.2251908121448,53.4019013326989],[-2.22556683446628,53.4019006153428],[-2.22556801041834,53.4021253182304],[-2.22556918638654,53.4023500211084],[-2.22557036237089,53.4025747239768],[-2.2259463907425,53.4025740049163],[-2.22594521273605,53.4023493022217],[-2.22594403474576,53.4021245995175],[-2.22632005905704,53.4021238796217],[-2.22631887906086,53.4018991770818],[-2.22631769908088,53.4016744745324],[-2.2263165191171,53.4014497719734],[-2.22669253734612,53.4014490514161],[-2.22706855555895,53.4014483296759],[-2.22706737156742,53.4012236274551],[-2.22744338774205,53.4012229047058],[-2.22744220174482,53.4009982026493],[-2.22781821588126,53.400997478891],[-2.22819423000142,53.4009967539497],[-2.22857024410528,53.4009960278256],[-2.22894625819281,53.4009953005186],[-2.22932227226397,53.4009945720287],[-2.22969828631875,53.4009938423558],[-2.23007430035712,53.4009931115001],[-2.23045031437905,53.4009923794615],[-2.23082632838451,53.40099164624],[-2.23120234237347,53.4009909118356],[-2.23157835634591,53.4009901762484],[-2.2319543703018,53.4009894394783],[-2.23233038424111,53.4009887015253],[-2.23270639816382,53.4009879623894],[-2.2330824120699,53.4009872220706],[-2.23308362839628,53.401211921518],[-2.23345964430764,53.4012111798424],[-2.23383566020231,53.4012104369838],[-2.2338368805893,53.4014351360736],[-2.23383810099303,53.4016598351538],[-2.23421412091495,53.4016590907643],[-2.23421534335744,53.4018837896609],[-2.23459136528464,53.4018830439144],[-2.23496738672073,53.4018823012803],[-2.23496861326659,53.4021069999849],[-2.23496983982983,53.4023316986816],[-2.23497106641045,53.4025563973705],[-2.23497229300845,53.4027810960514],[-2.23497351962383,53.4030057947245],[-2.2349747462566,53.4032304933897],[-2.2345987124243,53.4032312360478],[-2.23459993700635,53.4034559347031],[-2.2346011616052,53.4036806333489],[-2.23422512350086,53.4036813804878],[-2.23422634609423,53.403906079298],[-2.23385030595088,53.4039068254279],[-2.23347426579081,53.403907570375],[-2.23347548435637,53.4041322695237],[-2.23385152653873,53.4041315244026],[-2.23385274714331,53.4043562233677],[-2.23385396776464,53.4045809223231],[-2.23347792153761,53.4045816677923],[-2.23310187529389,53.4045824120785],[-2.23310309188721,53.4048071113724],[-2.23272704360446,53.4048078546496],[-2.23272825819206,53.405032554108],[-2.23235220787027,53.4050332963762],[-2.2323534204521,53.405257995999],[-2.23235463305057,53.4054826956123],[-2.23197857866728,53.4054834370455],[-2.23197978925989,53.4057081368232],[-2.23160373283754,53.4057088772473],[-2.23160494142425,53.4059335771895],[-2.23122888296283,53.4059343166045],[-2.23085282448488,53.4059350548365],[-2.23085402904309,53.4061597551171],[-2.2304779685261,53.4061604923399],[-2.23047917107827,53.4063851927849],[-2.23010310852224,53.4063859289986],[-2.23010430906832,53.406610629608],[-2.23010550963088,53.4068353302079],[-2.22972944301318,53.4068360655864],[-2.22935337637906,53.4068367997818],[-2.2293545729128,53.40706150072],[-2.22935576946294,53.4072862016487],[-2.22935696602951,53.4075109025678],[-2.2293581626125,53.4077356034772],[-2.22935935921191,53.4079603043772],[-2.22936055582773,53.4081850052675],[-2.22973663459814,53.4081842700283],[-2.2297378332532,53.4084089707351],[-2.22936175245998,53.4084097061483],[-2.22936294984931,53.4086344072042],[-2.22973903263107,53.4086336716272],[-2.23011511539718,53.4086329348663],[-2.23049119814762,53.4086321969214],[-2.23086728088237,53.4086314577924],[-2.23086849098307,53.4088561599009],[-2.23086970109949,53.4090808620005],[-2.23124578761147,53.4090801215816],[-2.23162187410771,53.4090793799786],[-2.23162308803287,53.4093040819635],[-2.23199917640985,53.4093033391235],[-2.23237526477104,53.4093025950995],[-2.2327513531164,53.4093018498915],[-2.23275257274696,53.4095265517085],[-2.23275379239337,53.4097512535167],[-2.23275501205562,53.409975955316],[-2.23275623173373,53.4102006571066],[-2.23313232764956,53.4101999105024],[-2.23313110607484,53.4099752087649],[-2.23350720007818,53.4099744610297],[-2.23350842354952,53.4101991627142],[-2.23388451943357,53.4101984137419],[-2.23388574481746,53.4104231153645],[-2.23426184258223,53.4104223651551],[-2.23426306987871,53.4106470667158],[-2.23388697021726,53.4106478169783],[-2.23388819563299,53.4108725185833],[-2.23388942106465,53.4110972201795],[-2.23351331759386,53.4110979693641],[-2.23313721410717,53.4110987173645],[-2.23313843576126,53.411323419058],[-2.23313965743122,53.4115481207427],[-2.23351576471143,53.4115473726362],[-2.23351698829406,53.411772074259],[-2.23351821189259,53.4119967758731],[-2.23351943550703,53.4122214774783],[-2.23352065913736,53.4124461790748],[-2.2331445442698,53.4124469273935],[-2.23314576601914,53.4126716290342],[-2.23314698778435,53.4128963306661],[-2.23314820956543,53.4131210322892],[-2.23314943136239,53.4133457339035],[-2.23352555381772,53.4133449853725],[-2.23352677752756,53.4135696869249],[-2.23390290186399,53.4135689371567],[-2.23390412748677,53.4137936386473],[-2.23428025370429,53.4137928876417],[-2.23427902618449,53.4135681862043],[-2.23427779868063,53.413343484758],[-2.23465392108817,53.4133427326744],[-2.23465269170329,53.4131180312724],[-2.23502881409892,53.4131172903862],[-2.23502758278688,53.4128925889069],[-2.23540370407735,53.4128918523896],[-2.23577982535145,53.4128911146875],[-2.23615594660913,53.4128903758006],[-2.23615470945985,53.4126656741961],[-2.2365308287499,53.4126649340855],[-2.23690694802348,53.4126641927901],[-2.23728306728057,53.41266345031],[-2.23765918652114,53.4126627066451],[-2.23803530574517,53.4126619617954],[-2.23841142495263,53.4126612157609],[-2.23841017611278,53.4124365139146],[-2.23840892728953,53.4122118120601],[-2.23878504257809,53.4122110647631],[-2.23878379182032,53.4119863628615],[-2.23878254107917,53.4117616609517],[-2.2391586524489,53.4117609123922],[-2.23953476380199,53.4117601626479],[-2.23953601844531,53.4119848646354],[-2.23953727310531,53.4122095666148],[-2.23953852778198,53.4124342685859],[-2.23916241057555,53.4124350182136],[-2.23878629335248,53.4124357666565],[-2.23878754414349,53.4126604685417],[-2.23878879495113,53.4128851704187],[-2.23879004577539,53.4131098722875],[-2.23841392268211,53.4131106194289],[-2.23841517157175,53.4133353212506],[-2.23879129661627,53.4133345741481],[-2.23879254747378,53.4135592760005],[-2.23879379834791,53.4137839778447],[-2.23916992727838,53.4137832296352],[-2.23917118012047,53.4140079315101],[-2.23954731098561,53.4140071821546],[-2.2395485657957,53.4142318840602],[-2.23992469859552,53.4142311335587],[-2.24030083137864,53.4142303818724],[-2.24067696414503,53.4142296290013],[-2.24067822482593,53.4144543310152],[-2.24105435952694,53.4144535769981],[-2.241055622176,53.4146782790427],[-2.24105688484184,53.4149029810792],[-2.2414330234289,53.4149022259548],[-2.24143428806298,53.4151269280219],[-2.24181042858469,53.4151261717515],[-2.24218656908956,53.4151254142963],[-2.24256270957758,53.4151246556561],[-2.24256398008291,53.4153493578315],[-2.24256525060513,53.4155740599986],[-2.24294139497925,53.4155733002512],[-2.24331753933645,53.4155725393188],[-2.24369368367671,53.4155717772016],[-2.244069828,53.4155710138994],[-2.24406854967175,53.4153463115771],[-2.24444469202655,53.4153455470513],[-2.24482083436433,53.4153447813406],[-2.24519697668506,53.415344014445],[-2.24519569251937,53.4151193119983],[-2.24557183287156,53.415118543879],[-2.24594797320665,53.4151177745749],[-2.24594668515513,53.4148930720425],[-2.24632282352164,53.4148923015148],[-2.24632411352461,53.4151170040859],[-2.24632540354473,53.4153417066487],[-2.24632669358201,53.4155664092034],[-2.24632798363644,53.4157911117499],[-2.24595183746396,53.4157918821228],[-2.24557569127436,53.4157926513108],[-2.24557697744283,53.4160173537716],[-2.2455782636284,53.4162420562243],[-2.24520211351856,53.4162428241499],[-2.24520339776963,53.4164675265556],[-2.24482724569111,53.4164682932576],[-2.24482852800761,53.4166929956164],[-2.24520468203777,53.4166922289532],[-2.24558083605086,53.4166914611051],[-2.24558212228774,53.4169161635332],[-2.24595827823539,53.4169153945388],[-2.24595699004684,53.416690692072],[-2.24633314402571,53.4166899218539],[-2.24633185390266,53.4164652193402],[-2.24670800591273,53.4164644478985],[-2.24670671385523,53.4162397453379],[-2.24708286389652,53.4162389726725],[-2.24708156990462,53.416014270065],[-2.24708027592992,53.4157895674493],[-2.24707898197243,53.4155648648254],[-2.24745512614185,53.4155640908591],[-2.24745383025007,53.4153393881883],[-2.24782997245076,53.4153386129984],[-2.24782867462473,53.4151139102808],[-2.24782737681596,53.414889207555],[-2.24820351509647,53.4148884311028],[-2.2485796533597,53.4148876534658],[-2.24857835166534,53.4146629506545],[-2.24895448795984,53.4146621717939],[-2.24933062423702,53.4146613917484],[-2.24970676049683,53.4146606105181],[-2.24970806804545,53.4148853134453],[-2.24970937561147,53.4151100163643],[-2.24971068319487,53.4153347192752],[-2.25008682529165,53.4153339369758],[-2.25008551575677,53.4151092340264],[-2.25046165588466,53.4151084505035],[-2.25046296737101,53.4153331534915],[-2.25046427887481,53.4155578564714],[-2.25084042288823,53.4155570718408],[-2.250841736361,53.4157817748511],[-2.25084304985124,53.4160064778532],[-2.25084436335895,53.4162311808471],[-2.25046821349087,53.4162319653619],[-2.25046952506444,53.416456668309],[-2.25047083665546,53.4166813712479],[-2.25047214826393,53.4169060741787],[-2.25009599252351,53.4169068573927],[-2.24971983676568,53.4169076394218],[-2.24971852906053,53.4166829365682],[-2.24934237523697,53.416683717451],[-2.24896622139605,53.4166844971487],[-2.24859006753779,53.4166852756615],[-2.24859136938796,53.4169099783991],[-2.24821521356074,53.4169107556882],[-2.24821391366223,53.4166860529893],[-2.24783775976938,53.4166868291321],[-2.24783646183979,53.4164621264637],[-2.24746030988133,53.4164629014602],[-2.24746160585928,53.41668760409],[-2.24708545193195,53.416688377863],[-2.24708674597548,53.4169130804459],[-2.24708804521251,53.4171377945357],[-2.24746420299234,53.4171370207396],[-2.24746550480039,53.4173617362136],[-2.24746680662544,53.417586451679],[-2.2478429682222,53.4175856766495],[-2.24784427198125,53.4178103920819],[-2.24822043547798,53.4178096158434],[-2.24821912980191,53.4175849004354],[-2.24821782414288,53.4173601850189],[-2.24859398378853,53.4173594076445],[-2.24859529136455,53.4175841230367],[-2.24859659895763,53.4178088384202],[-2.24897276242019,53.4178080598124],[-2.24897407194739,53.4180327751628],[-2.24897538149169,53.4182574905046],[-2.24935154877123,53.4182567106633],[-2.24972771603361,53.4182559296373],[-2.25010388327882,53.4182551474266],[-2.25048005050683,53.4182543640313],[-2.2504813677366,53.4184790792667],[-2.2501051985915,53.4184798626865],[-2.25010651392136,53.4187045779377],[-2.24973034284194,53.4187053601973],[-2.24935417174535,53.4187061412722],[-2.2489780006316,53.4187069211625],[-2.2489766910531,53.4184822058379],[-2.24860052183934,53.418482984519],[-2.24860182950073,53.418707699868],[-2.24822565835276,53.4187084773889],[-2.24822696411408,53.4189331927537],[-2.24822826989244,53.4191579081099],[-2.24785209489308,53.4191586844949],[-2.2478533987713,53.4193833998669],[-2.24785470266655,53.4196081152303],[-2.24785600657882,53.419832830585],[-2.24785731050812,53.4200575459311],[-2.24823349317642,53.4200567694484],[-2.24823479904005,53.4202814847615],[-2.24861098360858,53.4202807070696],[-2.24898716816,53.420279928193],[-2.2493633526943,53.4202791481317],[-2.24936466432695,53.4205038633628],[-2.24936597597674,53.4207285785853],[-2.24936728764365,53.4209532937992],[-2.2493685993277,53.4211780090044],[-2.2497447915143,53.4211772276605],[-2.24974610513291,53.4214019428327],[-2.25012229921976,53.4214011602795],[-2.25012098368372,53.4211764451318],[-2.25049717583594,53.4211756614183],[-2.25049849328941,53.4214003765415],[-2.25049981076008,53.4216250916561],[-2.25050112824796,53.4218498067621],[-2.25087732613531,53.4218490217904],[-2.2512535240054,53.4218482356338],[-2.25125484534551,53.4220729506822],[-2.25163104498228,53.422072166552],[-2.25163236826682,53.4222968815439],[-2.25200856970042,53.4222960991097],[-2.25200989494011,53.4225208139814],[-2.25238609829393,53.4225200302521],[-2.25238742548882,53.4227447450037],[-2.25276363076289,53.4227439599792],[-2.25313983601942,53.4227431737705],[-2.25313850494905,53.4225184592408],[-2.25351470825029,53.4225176719588],[-2.25389091153395,53.4225168834926],[-2.2542671148,53.4225160938421],[-2.25464331804842,53.4225153030074],[-2.25464197924473,53.4222905889123],[-2.25464064045868,53.422065874808],[-2.25463930169027,53.4218411606944],[-2.25501549910797,53.4218403690084],[-2.25501415841956,53.4216156549966],[-2.25501281774882,53.4213909409755],[-2.25501147709574,53.4211662269451],[-2.25501013646033,53.4209415129055],[-2.25463394679302,53.4209423041476],[-2.2546326081128,53.4207175899878],[-2.25463126945022,53.4204928758187],[-2.25462993080527,53.4202681616404],[-2.25500611466008,53.4202673707313],[-2.25538229849721,53.4202665786381],[-2.25575848231662,53.4202657853607],[-2.25613466611831,53.4202649908992],[-2.25651084990223,53.4202641952536],[-2.25650950158767,53.420039481621],[-2.25688568341636,53.4200386849023],[-2.25726186522723,53.4200378869995],[-2.25763804702027,53.4200370879126],[-2.25763940114717,53.4202618012121],[-2.25801558485979,53.4202610008301],[-2.25801422879544,53.4200362876417],[-2.25801287274896,53.419811574444],[-2.25838905256883,53.4198107730999],[-2.25838769460282,53.419586060004],[-2.25876387246737,53.419585257587],[-2.2587625125819,53.4193605445929],[-2.25876115271435,53.4191358315895],[-2.25838497872451,53.4191366337845],[-2.25800880471676,53.4191374347953],[-2.25800744874176,53.4189127215606],[-2.25800609278464,53.4186880083167],[-2.25838226291779,53.4186872075279],[-2.25838090504127,53.4184624943857],[-2.25800473684539,53.4184632950635],[-2.25762856863162,53.4184640945571],[-2.25762721464747,53.4182393811836],[-2.258003380924,53.418238581801],[-2.25837954718265,53.4182377812343],[-2.25875571342338,53.4182369794836],[-2.25913187964617,53.4182361765489],[-2.25913051793102,53.4180114636103],[-2.25912915623382,53.4177867506625],[-2.25950531856425,53.417785946766],[-2.25950395494784,53.41756123392],[-2.25988011532312,53.4175604289505],[-2.26025627568039,53.417559622797],[-2.26025764317112,53.4177843354208],[-2.2606338054475,53.4177835279723],[-2.26063517489344,53.4180082404757],[-2.26063654435743,53.4182329529699],[-2.26063791383947,53.4184576654548],[-2.26101408190941,53.4184568564889],[-2.26139024996126,53.418456046339],[-2.26139162333588,53.4186807585925],[-2.26139299672861,53.4189054708366],[-2.26176916863688,53.4189046592804],[-2.26214534052701,53.4189038465402],[-2.26214671781247,53.4191285585528],[-2.26214809511609,53.4193532705561],[-2.26214947243787,53.4195779825502],[-2.26252565012184,53.4195771682925],[-2.2625242708627,53.4193524564096],[-2.26252289162174,53.4191277445174],[-2.26252151239896,53.4189030326159],[-2.26289768425272,53.4189022175076],[-2.2628990654128,53.4191269292979],[-2.26327523918565,53.4191261128944],[-2.26327662230128,53.4193508245643],[-2.2629004465911,53.4193516410789],[-2.26290182778762,53.4195763528507],[-2.26327800543516,53.4195755362248],[-2.26365418306445,53.4195747184149],[-2.26365556815396,53.419799429955],[-2.26403174770237,53.4197986108499],[-2.26440792723246,53.4197977905607],[-2.26478410674423,53.4197969690874],[-2.26478549766425,53.4200216802846],[-2.26478688860262,53.4202463914725],[-2.26516307197089,53.4202455685927],[-2.26516446486507,53.4204702796602],[-2.26554065015242,53.420469455485],[-2.26554204500246,53.420694166432],[-2.2659182322089,53.4206933409615],[-2.26591962901486,53.4209180517879],[-2.26592102583925,53.421142762605],[-2.26629721690231,53.4211419357279],[-2.26629861568269,53.4213666464245],[-2.26630001448153,53.4215913571118],[-2.2666762094013,53.421590528828],[-2.26667761015621,53.4218152393948],[-2.26667901092959,53.4220399499522],[-2.26705520970615,53.4220391202618],[-2.26705661243569,53.4222638306987],[-2.26668041172145,53.4222646605004],[-2.2666818125318,53.4224893710393],[-2.26630560986137,53.4224901997681],[-2.26630700875246,53.422714910409],[-2.266308407662,53.4229396210406],[-2.26668461420791,53.4229387920892],[-2.26668601507369,53.4231635026002],[-2.26668741595795,53.423388213102],[-2.26668881686069,53.4236129235945],[-2.26706502920153,53.423612093125],[-2.26706643206061,53.4238368034969],[-2.2674426463208,53.4238359717319],[-2.26744405113627,53.4240606819833],[-2.26744545597027,53.4242853922253],[-2.26744686082281,53.4245101024581],[-2.26782308087819,53.4245092691749],[-2.26819930064761,53.4245084344198],[-2.26820070943708,53.424733144457],[-2.26857693054458,53.4247323077458],[-2.26895315163216,53.4247314698492],[-2.26932937269978,53.4247306307672],[-2.26933078784661,53.4249553409198],[-2.26933220301342,53.4251800510643],[-2.26895597772079,53.4251808900639],[-2.26895739324777,53.4254056071443],[-2.26933362050966,53.4254047680149],[-2.26933503957877,53.4256294895417],[-2.26971126872072,53.4256286490562],[-2.27008749784425,53.4256278073869],[-2.27046372694932,53.4256269645337],[-2.27046515173228,53.4258516855344],[-2.27084138271737,53.4258508413252],[-2.27121761368395,53.4258499959321],[-2.2712190422824,53.4260747165788],[-2.2708428094173,53.4260755621441],[-2.2708442361357,53.4263002829533],[-2.27084566287257,53.4265250037527],[-2.27122189953479,53.4265241578431],[-2.27122332818874,53.4267488784606],[-2.27122475686119,53.4269735990684],[-2.2716009973021,53.4269727516307],[-2.27160242789169,53.4271974720565],[-2.27160385849981,53.4274221924726],[-2.27198010271949,53.4274213435066],[-2.27198153524484,53.4276460637408],[-2.27198296778874,53.4278707839652],[-2.27235921578725,53.4278699334709],[-2.27236065024846,53.4280946535134],[-2.27273690012712,53.4280938016629],[-2.27273833650568,53.4283185215234],[-2.27311458826448,53.4283176683168],[-2.27311602656045,53.4285423879954],[-2.2734922801994,53.4285415334326],[-2.27349372041283,53.4287662529292],[-2.27386997593191,53.4287653970101],[-2.27387141806285,53.4289901163247],[-2.27424767546207,53.4289892590495],[-2.27424911951058,53.4292139781821],[-2.27462537878994,53.4292131195506],[-2.27462682475606,53.4294378385012],[-2.27462827074091,53.429662557442],[-2.27425200766371,53.429663416418],[-2.27425345176835,53.4298881355213],[-2.27387718677346,53.4298889934855],[-2.27350092175985,53.4298898502657],[-2.27350236208523,53.4301145697037],[-2.27350380242927,53.430339289132],[-2.27388007124087,53.4303384320073],[-2.27388151350261,53.4305631512536],[-2.27388295578303,53.4307878704901],[-2.27425922837401,53.4307870118369],[-2.27463550094624,53.4307861519996],[-2.27501177349971,53.4307852909782],[-2.27501032552211,53.4305605722585],[-2.27538659615773,53.4305597102254],[-2.27576286677454,53.4305588470082],[-2.27576141501764,53.4303341286232],[-2.27538514629986,53.4303349916681],[-2.27538369646078,53.4301102731012],[-2.2753822466405,53.4298855545244],[-2.27575851156028,53.429884691824],[-2.27613477646123,53.4298838279397],[-2.27651104134331,53.4298829628712],[-2.2768873062065,53.4298820966188],[-2.27726357105077,53.4298812291823],[-2.2772621117545,53.4296565114573],[-2.27763837468087,53.4296556430091],[-2.27801463758829,53.429654773377],[-2.2783909004767,53.4296539025608],[-2.27876716334611,53.4296530305607],[-2.27914342619646,53.4296521573765],[-2.27951968902775,53.4296512830084],[-2.27952115971774,53.4298759996993],[-2.2795226304268,53.4301007163804],[-2.27914636379758,53.4301015910933],[-2.2791478326267,53.430326307937],[-2.27952410115492,53.4303254330517],[-2.27990036966405,53.4303245569824],[-2.27989889703692,53.4300998404835],[-2.28027516362793,53.4300989634026],[-2.28065143019979,53.4300980851376],[-2.28102769675248,53.4300972056887],[-2.28102621844751,53.4298724896972],[-2.28140248308203,53.4298716092367],[-2.28177874769733,53.4298707275922],[-2.28215501229338,53.4298698447637],[-2.28253127687016,53.4298689607513],[-2.28253276277103,53.430093676053],[-2.28253424869117,53.430318391345],[-2.28253573463059,53.4305431066271],[-2.2821594643568,53.4305439911569],[-2.28216094841645,53.4307687066017],[-2.28178467622435,53.43076959012],[-2.28140840401299,53.4307704724543],[-2.28140692375145,53.4305457566646],[-2.28140544350911,53.4303210408651],[-2.28102917507661,53.4303219216704],[-2.28103065341993,53.4305466376424],[-2.28103213178242,53.4307713536045],[-2.28065585953265,53.4307722335707],[-2.28065733601524,53.4309969496954],[-2.28028106184721,53.43099782865],[-2.27990478766004,53.4309987064205],[-2.27990331497561,53.4307739899509],[-2.2795270426684,53.430774866365],[-2.2791507703421,53.4307757415951],[-2.27877449799672,53.4307766156411],[-2.27877596498391,53.4310013326278],[-2.27915223922837,53.4310004584094],[-2.27915370813369,53.431225175214],[-2.27915517705806,53.4314498920087],[-2.27915664600147,53.4316746087937],[-2.27953292592425,53.4316737328741],[-2.2795343967859,53.4318984494769],[-2.27953586766663,53.4321231660699],[-2.2799121513687,53.4321222886214],[-2.27991362416774,53.4323470050322],[-2.27991509698588,53.4325717214332],[-2.28029138446733,53.4325708424558],[-2.28066767192963,53.4325699622943],[-2.28104395937276,53.4325690809486],[-2.28142024679668,53.4325681984189],[-2.28142172723107,53.4327929141204],[-2.28179801653505,53.4327920302341],[-2.28217430581979,53.4327911451637],[-2.282175790072,53.4330158605104],[-2.28217727434347,53.4332405758473],[-2.28180098126009,53.4332414612627],[-2.28180246365145,53.4334661767623],[-2.28180394530673,53.4336908908742],[-2.2821802422283,53.4336900051859],[-2.2821817247061,53.4339147171161],[-2.28255802358952,53.4339138302204],[-2.28255950806901,53.4341385421199],[-2.28293580891428,53.4341376540168],[-2.28293729539553,53.4343623658855],[-2.28293878189674,53.4345870777457],[-2.28294026841791,53.4348117895972],[-2.28331657518874,53.4348109002424],[-2.2833150866857,53.434586188413],[-2.28331359820265,53.434361476575],[-2.28368990098977,53.4343605860791],[-2.28368841054489,53.4341358742546],[-2.28368692012002,53.4339111624214],[-2.28368542971517,53.4336864505797],[-2.2840617265369,53.4336855589649],[-2.28406023325826,53.4334608454734],[-2.28443652812496,53.4334599527808],[-2.28481282177708,53.4334590583106],[-2.28481431889766,53.4336837715778],[-2.28481581521598,53.4339084833383],[-2.28481731155477,53.4341331950904],[-2.28519360279666,53.4341322952229],[-2.28519510118503,53.4343570069744],[-2.28557139443553,53.434356105929],[-2.28557289487353,53.4345808176798],[-2.28557439533207,53.4348055294223],[-2.28557589581113,53.4350302411563],[-2.28557739631071,53.435254952882],[-2.2852010949435,53.4352558538964],[-2.28520259343437,53.435480565606],[-2.28482629001741,53.4354814654271],[-2.28444997884749,53.4354823603029],[-2.28445147337642,53.4357070720314],[-2.28407515873792,53.4357079650309],[-2.28407665130492,53.4359326767729],[-2.28370033466436,53.4359335686091],[-2.28370182526937,53.4361582803646],[-2.28332550662676,53.4361591710376],[-2.28294918796416,53.4361600605251],[-2.28295067462507,53.4363847723163],[-2.28332699526974,53.4363838828066],[-2.2833284839327,53.436608594567],[-2.28370480653945,53.4366077038498],[-2.28370629720451,53.4368324155794],[-2.28408262177334,53.4368315236546],[-2.28445894632212,53.4368306305444],[-2.28446044097148,53.4370553422211],[-2.284836765822,53.437054447105],[-2.28521308344445,53.4370535473381],[-2.28558940104638,53.4370526463855],[-2.28596571862778,53.4370517442472],[-2.28596722134158,53.4372764559051],[-2.28634354093188,53.4372755525889],[-2.28634504569573,53.4375002642461],[-2.28672136729492,53.4374993597518],[-2.28709768887349,53.4374984540719],[-2.28709919771696,53.4377231657361],[-2.28747552130439,53.4377222588781],[-2.28747703219804,53.4379469705417],[-2.28785335779434,53.4379460625056],[-2.28822968336994,53.4379451532838],[-2.2882311983434,53.4381698649544],[-2.28823271333758,53.4383945766165],[-2.28823422835248,53.4386192882702],[-2.2882357433881,53.4388439999156],[-2.28861207706141,53.4388430895387],[-2.28861055999614,53.4386183778857],[-2.28898689161903,53.4386174663154],[-2.28936322322114,53.4386165535593],[-2.28936474434571,53.4388412652276],[-2.28974107795665,53.4388403512934],[-2.29011741154675,53.4388394361734],[-2.29011893675148,53.4390641478485],[-2.29049527235039,53.4390632315504],[-2.29049679960568,53.4392879432248],[-2.29049832688187,53.4395126548908],[-2.29012198722353,53.4395135711737],[-2.29012351249084,53.4397382828237],[-2.28974717078187,53.4397391979132],[-2.28974869404026,53.4399639095472],[-2.28975021731948,53.4401886211728],[-2.28975174061954,53.44041333279],[-2.28937539280029,53.4404142466709],[-2.28937691409131,53.4406389582721],[-2.28937843540314,53.4408636698649],[-2.28937995673578,53.4410883814494],[-2.28938147808923,53.4413130930254],[-2.28975783402811,53.4413121791751],[-2.29013418994615,53.4413112641389],[-2.29013571538035,53.4415359757219],[-2.29051207330749,53.4415350595074],[-2.29051360079256,53.4417597710896],[-2.29051512832285,53.4419844826928],[-2.29089149028502,53.4419835653062],[-2.29089301993632,53.4422082770098],[-2.2908945496084,53.4424329887051],[-2.29089607930126,53.4426577003919],[-2.2908976090149,53.4428824120703],[-2.29127397900858,53.4428814935106],[-2.29165034898143,53.4428805737649],[-2.29165188274214,53.4431052854413],[-2.29202825470728,53.4431043645129],[-2.292029790502,53.443329076184],[-2.29240616445943,53.4433281540729],[-2.29278253839597,53.4433272307758],[-2.29278407823793,53.4435519424448],[-2.29316045416673,53.443551017965],[-2.29316199604284,53.4437757296287],[-2.29316353793989,53.444000441284],[-2.29316507985789,53.444225152931],[-2.29278869788935,53.4442260774014],[-2.292790237815,53.4444507890367],[-2.29316662179684,53.4444498645694],[-2.29316816375673,53.4446745761995],[-2.29316970573757,53.4448992878212],[-2.29279331772905,53.4449002122821],[-2.29279485771745,53.4451249238922],[-2.29279639772678,53.4453496354939]]],[[[-2.16721151229328,53.4790731141025],[-2.16721063010774,53.4788484044629],[-2.16683394479503,53.4788489336365],[-2.1668330645971,53.4786242239882],[-2.16720974793393,53.4786236948148],[-2.16720886577186,53.4783989851583],[-2.16758554712108,53.4783984547977],[-2.16758643125901,53.478623164454],[-2.16758731540869,53.4788478741019],[-2.16796400069785,53.4788473425534],[-2.1679648868352,53.4790720521925],[-2.16758819957014,53.4790725837412],[-2.16721151229328,53.4790731141025]]],[[[-2.19738483683967,53.4873411966556],[-2.19776159334434,53.4873405714355],[-2.19776263629587,53.4875652807282],[-2.19813939476768,53.4875646543183],[-2.19814043971424,53.4877893636006],[-2.19814148467475,53.4880140728744],[-2.1977647222407,53.4880146992884],[-2.1973879597927,53.4880153245146],[-2.19738691879445,53.4877906152367],[-2.19738587781011,53.4875659059504],[-2.19738483683967,53.4873411966556]]],[[[-2.18465888284872,53.506686720697],[-2.18465985743013,53.5069114293424],[-2.18466083202454,53.5071361379793],[-2.18428389788189,53.5071367221395],[-2.18390696372622,53.5071373051112],[-2.18390599309739,53.5069125964629],[-2.1839050224815,53.506687887806],[-2.18428195267162,53.5066873048458],[-2.18465888284872,53.506686720697]]],[[[-2.18841821538591,53.5044337293473],[-2.18879512298715,53.5044331323744],[-2.18879412667881,53.5042084236974],[-2.18917103227769,53.5042078255417],[-2.18954793786319,53.5042072261975],[-2.18954693759025,53.5039825175235],[-2.18992384117337,53.5039819169965],[-2.18992283892487,53.5037572083198],[-2.19029974050561,53.5037566066101],[-2.19029873628161,53.5035318979306],[-2.19067563585996,53.5035312950383],[-2.19105253542483,53.5035306909575],[-2.19105354362665,53.5037553996254],[-2.19067664207287,53.503756003712],[-2.19067764829925,53.5039807123772],[-2.19030074474304,53.5039813152811],[-2.19030174899392,53.5042060239436],[-2.18992484343528,53.5042066256648],[-2.1899258457106,53.5044313343245],[-2.18954893814952,53.5044319348629],[-2.18917203057503,53.5044325342129],[-2.18917302888572,53.5046572428756],[-2.18879611930882,53.5046578410428],[-2.18841920971856,53.5046584380215],[-2.18841821538591,53.5044337293473]]],[[[-2.19632601984448,53.5028479832304],[-2.19632705584944,53.5030726918421],[-2.19670395123094,53.5030720699465],[-2.19670498923862,53.5032967785438],[-2.19670602726019,53.5035214871326],[-2.19632912790097,53.50352210904],[-2.19595222852784,53.503522729759],[-2.19595326258549,53.5037474383511],[-2.19557636120959,53.5037480578875],[-2.19557532914085,53.5035233492895],[-2.19557429708592,53.503298640683],[-2.1955732650448,53.503073932068],[-2.1951963696217,53.5030745503983],[-2.19519533958322,53.5028498417689],[-2.19557223301749,53.5028492234445],[-2.19594912643792,53.5028486039316],[-2.19632601984448,53.5028479832304]]],[[[-2.2390393687593,53.5247917609426],[-2.23903809877552,53.5245670517795],[-2.23903682880869,53.524342342608],[-2.239413918474,53.5243415877008],[-2.2394126465287,53.5241168785252],[-2.23978973418154,53.5241161224331],[-2.24016682181731,53.5241153651516],[-2.24016809775346,53.5243400743182],[-2.24016937370664,53.5245647834763],[-2.24017064967686,53.524789492626],[-2.23979355605474,53.5247902499209],[-2.23979228208,53.5245655407668],[-2.23941519043628,53.5245662968678],[-2.23941646241555,53.5247910060264],[-2.2390393687593,53.5247917609426]]],[[[-2.24474128160643,53.5326451245279],[-2.24474258220242,53.5328698332938],[-2.24474388281578,53.5330945420511],[-2.2447451834465,53.5333192508],[-2.24436801421552,53.5333200226752],[-2.24436931286797,53.5335447314239],[-2.24399214162395,53.5335455021176],[-2.24399084496713,53.5333207933607],[-2.24398954832763,53.5330960845952],[-2.24361238105747,53.5330968540826],[-2.24323521376996,53.5330976223804],[-2.24323392113893,53.5328729135898],[-2.24361108643086,53.5328721453004],[-2.24398825170543,53.5328713758212],[-2.24436541696263,53.5328706051523],[-2.24436411836219,53.5326458963782],[-2.24474128160643,53.5326451245279]]],[[[-2.26736574720145,53.4717007482377],[-2.26736434239857,53.471476039007],[-2.26736293761559,53.471251329769],[-2.26773957011742,53.4712504919781],[-2.26773816323561,53.471025782582],[-2.26811479351489,53.4710249433537],[-2.2681162025026,53.4712496528851],[-2.26811761150951,53.4714743624083],[-2.26774097701914,53.4714752013669],[-2.26774238394077,53.4716999107484],[-2.26736574720145,53.4717007482377]]],[[[-2.15623384476864,53.464481875049],[-2.15661040336339,53.4644813791292],[-2.15698696194696,53.4644808820228],[-2.15698779599968,53.4647055908018],[-2.15698863006355,53.4649302995722],[-2.156612067466,53.4649307967016],[-2.15623550485728,53.4649312926443],[-2.15623633491824,53.4651560014292],[-2.15623716499028,53.4653807102056],[-2.15586059835632,53.4653812049845],[-2.15585977029133,53.4651564961966],[-2.1558589422374,53.4649317874002],[-2.1554823796064,53.4649322809694],[-2.15548155357053,53.4647075721531],[-2.1554807275457,53.4644828633282],[-2.1554799015319,53.4642581544948],[-2.15585645814198,53.46425766096],[-2.15623301474095,53.4642571662385],[-2.15623384476864,53.464481875049]]],[[[-2.1596186313789,53.4633538254301],[-2.15961947942377,53.463578534171],[-2.15924292894685,53.4635790395383],[-2.15886637845856,53.4635795437189],[-2.15886722250104,53.4638042524744],[-2.15849066999454,53.4638047554798],[-2.15811411747672,53.4638052572986],[-2.15773756494761,53.4638057579307],[-2.15773672692573,53.4635810491407],[-2.15811327744797,53.4635805485201],[-2.15811243743044,53.4633558397331],[-2.15848898593456,53.4633553379373],[-2.15886553442736,53.4633548349549],[-2.15886469040744,53.4631301261824],[-2.15886384639879,53.4629054174014],[-2.15924039086665,53.4629049132554],[-2.15924123688208,53.4631296220249],[-2.15961778334536,53.4631291166807],[-2.1596186313789,53.4633538254301]]],[[[-2.16149965743412,53.4629018634596],[-2.16112311303488,53.4629023747256],[-2.16112396908422,53.4631270834372],[-2.1607474226667,53.463127593528],[-2.16037087623769,53.4631281024323],[-2.16037172828485,53.4633528111585],[-2.15999517983759,53.4633533188876],[-2.15999432979724,53.4631286101498],[-2.15999347976824,53.4629039014035],[-2.16037002420192,53.4629033936975],[-2.16036917217752,53.4626786849542],[-2.16036832016451,53.4624539762024],[-2.16074486057325,53.4624534673329],[-2.16074571459299,53.4626781760731],[-2.16112225699698,53.4626776660054],[-2.16149879938946,53.4626771547511],[-2.16149965743412,53.4629018634596]]],[[[-2.16613052480302,53.4916584321747],[-2.16612964829936,53.4914337227924],[-2.16650644471121,53.4914331957392],[-2.1665055662309,53.4912084863556],[-2.16688236064262,53.4912079581216],[-2.16725915504254,53.4912074286997],[-2.16726003749956,53.491432138069],[-2.16688324111129,53.491432667498],[-2.16688412159172,53.491657376866],[-2.16650732320326,53.4916579051143],[-2.16613052480302,53.4916584321747]]],[[[-2.17497253358762,53.4428836332996],[-2.17497160734293,53.4426589231609],[-2.17497068111058,53.4424342130136],[-2.17534705050087,53.4424336589834],[-2.17572341987875,53.4424331037675],[-2.1760997892442,53.4424325473658],[-2.17609885706562,53.4422078372615],[-2.17647522443242,53.4422072796913],[-2.17647429028009,53.4419825695958],[-2.17685065564824,53.441982010857],[-2.17685159178673,53.4422067209354],[-2.17685252793767,53.4424314310051],[-2.17647615859718,53.4424319897783],[-2.17647709277438,53.4426566998568],[-2.17610072143519,53.4426572574614],[-2.17572435008353,53.4426578138803],[-2.17572528030069,53.4428825239847],[-2.17534890695036,53.442883079235],[-2.17534983519363,53.443107789348],[-2.17497345984463,53.4431083434298],[-2.17497253358762,53.4428836332996]]],[[[-2.18433351057815,53.5185968542893],[-2.18395647539087,53.5185974373899],[-2.183955503496,53.5183727290301],[-2.18395453161416,53.5181480206618],[-2.18433156280536,53.5181474375604],[-2.18433058893857,53.5179227291833],[-2.18470761811867,53.5179221448926],[-2.18470859398347,53.51814685327],[-2.18508562470548,53.5181462681236],[-2.18508660263512,53.5183709765073],[-2.18470956986136,53.518371561639],[-2.18471054575233,53.5185962699995],[-2.18433351057815,53.5185968542893]]],[[[-2.18572497203769,53.4918541747975],[-2.1853481754737,53.4918547620436],[-2.18534719765022,53.4916300528499],[-2.18572399223261,53.4916294656055],[-2.1857230124406,53.4914047564051],[-2.18609980502831,53.4914041679745],[-2.1864765976029,53.491403578356],[-2.18647758135805,53.491628287553],[-2.18647856512633,53.4918529967415],[-2.18610176858858,53.4918535863635],[-2.18572497203769,53.4918541747975]]],[[[-2.18836155394093,53.4916253216326],[-2.1883625476172,53.4918500308122],[-2.1879857511455,53.491850626374],[-2.18760895466054,53.4918512207478],[-2.18760796494746,53.4916265115646],[-2.18723117043086,53.4916271047487],[-2.18685437590105,53.4916276967448],[-2.18685339016432,53.4914029875496],[-2.18723018271256,53.4914023955552],[-2.1876069752476,53.4914018023729],[-2.18798376776939,53.4914012080026],[-2.18836056027792,53.4914006124444],[-2.18836155394093,53.4916253216326]]],[[[-2.18809193169782,53.5158944602764],[-2.18809093876552,53.5156697519189],[-2.18846794680044,53.5156691560525],[-2.18884495482186,53.515668558997],[-2.18884595179438,53.515893267356],[-2.18884694878039,53.5161179757064],[-2.18884794577991,53.5163426840485],[-2.18847093169809,53.5163432811017],[-2.18846993671873,53.5161185727604],[-2.18809292464357,53.5161191686253],[-2.18809193169782,53.5158944602764]]],[[[-2.19078856042912,53.5286986558665],[-2.19116568813027,53.5286980526062],[-2.19116670265903,53.5289227615035],[-2.19116771720179,53.5291474703926],[-2.19116873175853,53.5293721792733],[-2.19079159781834,53.5293727824726],[-2.19041446386413,53.5293733844822],[-2.19041345346681,53.5291486756422],[-2.19003632157832,53.5291492764825],[-2.18965918967588,53.5291498761331],[-2.18928205775951,53.529150474594],[-2.18928105361517,53.5289257658068],[-2.18965818345186,53.5289251673255],[-2.18965717724171,53.5287004585097],[-2.19003430498481,53.5286998588183],[-2.19041143271396,53.5286992579372],[-2.19078856042912,53.5286986558665]]],[[[-2.19178103314398,53.4979117600372],[-2.19178002119387,53.4976870511578],[-2.19177900925728,53.49746234227],[-2.19215585515716,53.4974617347484],[-2.19253270104348,53.4974611260386],[-2.19253168515473,53.4972364171487],[-2.19215484125125,53.4972370258553],[-2.19215382735887,53.4970123169537],[-2.19215281348004,53.4967876080437],[-2.19215179961474,53.4965628991251],[-2.19252863756989,53.4965622904283],[-2.19290547551146,53.4965616805434],[-2.19290649334226,53.4967863894554],[-2.19328333325295,53.496785778379],[-2.19328435308012,53.4970104872793],[-2.19366119495994,53.4970098750115],[-2.19366221678352,53.4972345839],[-2.19403906063247,53.4972339704408],[-2.19441590446772,53.4972333557933],[-2.1944169302706,53.4974580646668],[-2.19404008445253,53.4974586793176],[-2.19404110828625,53.4976833881858],[-2.19366426047162,53.4976840016517],[-2.19328741264331,53.4976846139293],[-2.19328843252494,53.4979093227957],[-2.19291158270011,53.4979099338884],[-2.19291056480136,53.4976852250187],[-2.19253371694578,53.49768583492],[-2.19215686907661,53.497686443633],[-2.1921578830096,53.4979111525091],[-2.19178103314398,53.4979117600372]]],[[[-2.19742648813043,53.4963295603674],[-2.19742544653449,53.4961048514783],[-2.19704861272354,53.4961054756143],[-2.19704757312417,53.4958807667133],[-2.19742440495246,53.4958801425807],[-2.19780123676682,53.4958795172599],[-2.19780019321606,53.4956548083572],[-2.19817702303381,53.4956541818517],[-2.1981780685672,53.495878890751],[-2.1985549003536,53.495878263054],[-2.19855594788362,53.4961029719414],[-2.19855699542764,53.4963276808204],[-2.19818015967589,53.4963283085242],[-2.19780332391014,53.4963289350399],[-2.19742648813043,53.4963295603674]]],[[[-2.23605397657254,53.5304154860793],[-2.23567683288896,53.5304162304858],[-2.2352996891886,53.5304169737028],[-2.23529843866511,53.5301922646385],[-2.23492129694326,53.5301930066578],[-2.2349200484317,53.529968297577],[-2.23529718815831,53.5299675555658],[-2.23567432786817,53.529966812365],[-2.23567307538284,53.5297421032918],[-2.23605021308071,53.5297413589095],[-2.23605146756125,53.5299660679746],[-2.23605272205853,53.5301907770312],[-2.23605397657254,53.5304154860793]]],[[[-2.23991464497173,53.4124335177735],[-2.23991338834392,53.4122088157635],[-2.23991213173281,53.4119841137453],[-2.24028824500361,53.4119833616703],[-2.24028950356583,53.4122080637274],[-2.24066561877102,53.4122073105066],[-2.24104173395945,53.4122065561011],[-2.24104299644068,53.4124312582276],[-2.24066687930111,53.4124320125944],[-2.24029076214478,53.4124327657763],[-2.23991464497173,53.4124335177735]]],[[[-2.25045772153026,53.4144343414902],[-2.25008158725663,53.4144351251289],[-2.2497054529656,53.4144359075827],[-2.24970414545175,53.4142112046392],[-2.2497028379553,53.4139865016874],[-2.24932670754959,53.4139872830336],[-2.24932540202184,53.4137625801122],[-2.2489492735501,53.4137633603122],[-2.248947969991,53.4135386574213],[-2.24894666644924,53.4133139545223],[-2.24932279101843,53.413313174245],[-2.24969891557027,53.413312392783],[-2.25007504010472,53.4133116101361],[-2.25007373072658,53.413086907113],[-2.25044985329239,53.4130861232426],[-2.25082597584077,53.4130853381875],[-2.25082728912138,53.4133100412879],[-2.25082860241945,53.41353474438],[-2.25045247596858,53.4135355293579],[-2.25045378733284,53.4137602324033],[-2.25007765891324,53.4137610161578],[-2.25007896834362,53.4139857191563],[-2.25008027779142,53.4142104221467],[-2.25045641011367,53.4142096384694],[-2.25045772153026,53.4144343414902]]],[[[-2.2707426506776,53.4696707584611],[-2.27074407367522,53.469895468199],[-2.27036745590299,53.4698963185282],[-2.2699908381114,53.4698971676702],[-2.2699894191495,53.4696724579771],[-2.27036603492323,53.4696716088127],[-2.27036461396282,53.4694468990889],[-2.27036319302175,53.4692221893569],[-2.27073980474049,53.4692213389606],[-2.27074122769936,53.469446048715],[-2.2707426506776,53.4696707584611]]]]}}