{"type":"Feature","properties":{"code":"E63002828","name":"West Bromwich"},"geometry":{"type":"MultiPolygon","coordinates":[[[[-1.96198160900977,52.5440876966962],[-1.9619814088636,52.544312441567],[-1.96161276792919,52.5443123246752],[-1.96161256588568,52.544537069537],[-1.96124392305932,52.5445369514967],[-1.96124371911843,52.5447616963494],[-1.96124351517481,52.5449864411936],[-1.96087486856178,52.5449863220043],[-1.9608746627207,52.5452110668394],[-1.96050601421569,52.5452109465016],[-1.96050580647711,52.5454356913277],[-1.96013715608011,52.5454355698414],[-1.96013694644397,52.5456603146584],[-1.95976829415498,52.5456601920235],[-1.95976808262123,52.5458849368314],[-1.95939942844027,52.5458848130479],[-1.95903077426214,52.5458846881164],[-1.95903055893591,52.5461094329147],[-1.95866190286582,52.5461093068345],[-1.95866168564186,52.5463340516238],[-1.95829302767981,52.546333924395],[-1.95829280855806,52.5465586691751],[-1.95792414870406,52.5465585407977],[-1.95792392768448,52.5467832855687],[-1.95755526593852,52.5467831560426],[-1.95755504302105,52.5470079008045],[-1.95718637938313,52.5470077701297],[-1.95718615456773,52.5472325148824],[-1.95681748903786,52.5472323830589],[-1.95681726232447,52.5474571278026],[-1.95644859490264,52.5474569948303],[-1.95644836629122,52.5476817395648],[-1.95607969697743,52.5476816054438],[-1.95571102766671,52.5476814701747],[-1.95534235835909,52.5476813337575],[-1.95497368905458,52.547681196192],[-1.95497345285999,52.5479059409155],[-1.95460478166361,52.5479058022013],[-1.95460454357081,52.5481305469155],[-1.95423587048255,52.5481304070525],[-1.95423563049149,52.5483551517576],[-1.95386695551134,52.5483550107457],[-1.95349828053442,52.5483548685858],[-1.95312960556073,52.5483547252776],[-1.95312935988117,52.5485794699721],[-1.95276068301565,52.5485793255151],[-1.95276043543767,52.5488040702002],[-1.95239175668033,52.5488039245944],[-1.9523915072039,52.5490286692703],[-1.95239125772413,52.5492534139377],[-1.95202257517978,52.5492532671822],[-1.95202232380148,52.5494780118403],[-1.95165363936527,52.5494778639359],[-1.95165338608839,52.5497026085848],[-1.95128469979776,52.5497024595646],[-1.95128444462269,52.5499272042055],[-1.95091575649757,52.5499270540895],[-1.95091549942477,52.550151798724],[-1.95054680940875,52.550151647462],[-1.95017811939617,52.5501514950518],[-1.95017785853123,52.5503762396822],[-1.95017759648486,52.5506009841554],[-1.94980890269557,52.5506008305996],[-1.94980863875582,52.5508255750643],[-1.94943994308337,52.5508254203606],[-1.94943967725345,52.5510501648171],[-1.94907097969783,52.5510500089656],[-1.94907124741444,52.5508252645087],[-1.94870255174905,52.5508251075086],[-1.94870282134878,52.5506003630428],[-1.94833412757362,52.550600204894],[-1.94796543380205,52.5506000455969],[-1.9475967400341,52.5505998851516],[-1.94722804626979,52.550599723558],[-1.94685935250914,52.5505995608161],[-1.94649065875219,52.550599396926],[-1.94612196499896,52.5505992318876],[-1.94575327124947,52.5505990657009],[-1.94538457750374,52.550598898366],[-1.94501588376181,52.5505987298829],[-1.94464719002369,52.5505985602514],[-1.94464748035793,52.5503738157711],[-1.9446477696382,52.5501490711084],[-1.94427907968418,52.5501489003262],[-1.94391038973404,52.5501487283958],[-1.94391068279911,52.5499239837203],[-1.94427937085492,52.5499241556528],[-1.94427966202178,52.5496994109709],[-1.94464834818716,52.5496995817573],[-1.94501703435639,52.5496997513954],[-1.94538572052944,52.5496999198853],[-1.94538600600958,52.5494751752011],[-1.94575469029215,52.5494753425449],[-1.9461233745785,52.5494755087405],[-1.94649205886859,52.5494756737878],[-1.94649233866217,52.5492509291014],[-1.94649261845202,52.5490261844065],[-1.94686129895735,52.5490263483099],[-1.94686157684927,52.5488016036085],[-1.94686185473749,52.5485768588986],[-1.946862132622,52.5483521141802],[-1.94723080744849,52.5483522769418],[-1.94723108343517,52.5481275322169],[-1.94723135941818,52.5479027874835],[-1.94723163539751,52.5476780427415],[-1.94686296625334,52.5476778799735],[-1.94649429711286,52.5476777160573],[-1.94649457687662,52.5474529713025],[-1.94612590963392,52.547452806236],[-1.94612619128799,52.5472280614706],[-1.9461264729383,52.5470033166966],[-1.94575780948739,52.5470031504777],[-1.94538914604024,52.5470029831108],[-1.94502048259689,52.5470028145957],[-1.94502076992539,52.5467780698068],[-1.94465210837984,52.5467779001416],[-1.94428344683814,52.5467777293282],[-1.94428373795073,52.5465529845266],[-1.94428402905943,52.5463282397164],[-1.94391537130949,52.5463280677508],[-1.94391507830685,52.546552812563],[-1.94354641866688,52.5465526394514],[-1.94317775903082,52.5465524651916],[-1.94317805582132,52.5463277203753],[-1.94280939808314,52.5463275449654],[-1.94280969676358,52.5461028001385],[-1.94244104092328,52.5461026235784],[-1.94244134149363,52.5458778787409],[-1.94207268755121,52.5458777010308],[-1.94207299001141,52.5456529561827],[-1.94207329246758,52.5454282113261],[-1.94170464231686,52.5454280324639],[-1.94170433796686,52.5456527773225],[-1.94133568592636,52.5456525973143],[-1.94096703388993,52.5456524161579],[-1.9405983818576,52.5456522338535],[-1.94059807182199,52.5458769787096],[-1.94022941789993,52.5458767952591],[-1.93986076398202,52.5458766106605],[-1.93986045015452,52.546101355512],[-1.93986013632285,52.5463261003549],[-1.93949147862133,52.5463259146122],[-1.9394917943469,52.5461011697673],[-1.93912313854348,52.5461009828746],[-1.93912282092401,52.5463257277214],[-1.93875416323091,52.5463255396825],[-1.93875384371327,52.5465502845227],[-1.93838518413049,52.5465500953376],[-1.93838486271466,52.5467748401712],[-1.93875352419139,52.5467750293544],[-1.93875320466525,52.5469997741775],[-1.93838454129454,52.5469995849963],[-1.93838421987015,52.5472243298128],[-1.93838389844148,52.5474490746207],[-1.93838357700853,52.5476738194201],[-1.93875224606133,52.5476740085955],[-1.93875192651818,52.5478987533844],[-1.9391205974693,52.5478989414098],[-1.93948926842465,52.5478991282869],[-1.93948958417964,52.5476743835019],[-1.9398582532451,52.5476745692329],[-1.94022692231474,52.5476747538157],[-1.94059559138853,52.5476749372503],[-1.94096426046644,52.5476751195369],[-1.94096395228776,52.547899864314],[-1.94059528131577,52.5478996820295],[-1.94059497123889,52.5481244268001],[-1.94096364410498,52.5481246090826],[-1.94133231697518,52.548124790217],[-1.94133201068242,52.548349534975],[-1.9413317043856,52.5485742797245],[-1.94170038104814,52.5485744597068],[-1.94170007664142,52.5487992044457],[-1.94206875520219,52.5487993832777],[-1.94243743376699,52.5487995609616],[-1.94243713314462,52.5490243056879],[-1.94280581360762,52.5490244822215],[-1.94280551487547,52.5492492269373],[-1.94317419723667,52.5492494023207],[-1.94317390039481,52.5494741470258],[-1.94317360354898,52.5496988917225],[-1.94280491739925,52.5496987163432],[-1.94280461865517,52.5499234610333],[-1.94243593061511,52.5499232845079],[-1.94243562997272,52.5501480291915],[-1.94243532932634,52.5503727738665],[-1.94206663750159,52.5503725961969],[-1.94206633396585,52.55059734068],[-1.94169764025917,52.5505971618625],[-1.94132894655653,52.5505969818967],[-1.94132863922363,52.550821726368],[-1.9409599436384,52.5508215452541],[-1.94059124805726,52.550821362992],[-1.94059093694694,52.5510461074551],[-1.94022223948323,52.5510459240448],[-1.93985354202367,52.5510457394862],[-1.93985322713581,52.5512704839411],[-1.94022192648209,52.5512706684995],[-1.9402216134768,52.5514954129456],[-1.93985291224379,52.5514952283874],[-1.93948421101496,52.5514950426808],[-1.93948389423202,52.5517197871187],[-1.93911519112061,52.551719600264],[-1.9391148724467,52.5519443446934],[-1.93874616745273,52.5519441566905],[-1.93837746246301,52.5519439675393],[-1.93800875747755,52.5519437772398],[-1.9380090818118,52.55171903281],[-1.93764037871742,52.551718841362],[-1.93727167562735,52.5517186487658],[-1.93727134751953,52.5519433931957],[-1.93690264254701,52.5519431994513],[-1.93653393757887,52.5519430045584],[-1.93616523261512,52.5519428085173],[-1.93616489884254,52.5521675529389],[-1.93579619199639,52.5521673557495],[-1.93542748515469,52.5521671574118],[-1.93542782270088,52.5519424129901],[-1.93542816024261,52.5517176685599],[-1.93505945717896,52.5517174690737],[-1.93505911775045,52.551942213504],[-1.93505877831746,52.5521669579257],[-1.93469007093109,52.5521667569875],[-1.93469041224725,52.5519420125646],[-1.93432170462341,52.5519418093139],[-1.93432136144975,52.5521665537483],[-1.9339526519729,52.5521663493608],[-1.93358394250056,52.552166143825],[-1.93321523303275,52.5521659371408],[-1.9328465235695,52.5521657293082],[-1.93284617296129,52.5523904737804],[-1.93247746164511,52.5523902648111],[-1.93247710917477,52.5526150092863],[-1.93210839600565,52.5526147991802],[-1.93173968284117,52.5526145879257],[-1.93137096968135,52.5526143755228],[-1.93100225652621,52.5526141619715],[-1.93063354337578,52.5526139472719],[-1.93026483023008,52.5526137314239],[-1.92989611708914,52.5526135144275],[-1.92989648256228,52.5523887698717],[-1.92952777128366,52.5523885517155],[-1.92915906000984,52.5523883324109],[-1.92879034874085,52.552388111958],[-1.92842163747672,52.5523878903566],[-1.92842201037515,52.5521631457464],[-1.92805330097341,52.5521629229853],[-1.92768459157658,52.5521626990758],[-1.92768496818511,52.5519379544341],[-1.9273162606507,52.5519377293649],[-1.92731663911177,52.5517129847033],[-1.92731701756789,52.5514882400331],[-1.92694831375334,52.5514880137927],[-1.92694869406193,52.5512632691026],[-1.92657999210977,52.5512630417024],[-1.92658037427077,52.5510382969924],[-1.92658075642677,52.5508135522738],[-1.92621205819438,52.5508133237025],[-1.92621244220272,52.550588578964],[-1.92621282617696,52.5503638342045],[-1.92584413166472,52.5503636044619],[-1.92584451704925,52.5501388594857],[-1.9258449024287,52.5499141145009],[-1.92584528780307,52.5496893695076],[-1.92547659891562,52.5496891385847],[-1.92510791003327,52.5496889065134],[-1.92473922115605,52.549688673294],[-1.92437053228398,52.5496884389263],[-1.9240018434171,52.5496882034103],[-1.92363315455541,52.5496879667461],[-1.92326446569896,52.5496877289336],[-1.92289577684776,52.5496874899729],[-1.9228953764877,52.5499122350517],[-1.92252668576857,52.5499119949534],[-1.92252628353,52.5501367400344],[-1.92215759094293,52.5501364987984],[-1.92178889836119,52.5501362564142],[-1.92178930434624,52.549911511312],[-1.92178971032593,52.5496867662012],[-1.92142102149599,52.5496865226474],[-1.9214214293435,52.5494617775175],[-1.92105274239213,52.5494615328049],[-1.92105315210742,52.5492367876558],[-1.92105356181731,52.5490120424982],[-1.92142224502239,52.549012287232],[-1.92179092823285,52.5490125308176],[-1.92215961144866,52.549012773255],[-1.92252829466979,52.5490130145442],[-1.92252869688183,52.5487882694205],[-1.92289737823516,52.5487885095721],[-1.92326605959376,52.5487887485755],[-1.92363474095762,52.5487889864307],[-1.92400342232671,52.5487892231376],[-1.92400381704109,52.5485644780481],[-1.9243724965423,52.5485647136175],[-1.92437288937841,52.5483399685302],[-1.92474156701173,52.5483402029621],[-1.9251102446502,52.5483404362459],[-1.9254789222938,52.5483406683814],[-1.92547930950562,52.5481159233177],[-1.92547969671233,52.5478911782454],[-1.92511102281478,52.5478909460884],[-1.92474234892236,52.5478907127833],[-1.92437367503509,52.54789047833],[-1.92437406785566,52.5476657332171],[-1.92437446067104,52.5474409880956],[-1.92474313081236,52.5474412225703],[-1.92474352174962,52.5472164774511],[-1.92474391268172,52.5469917323233],[-1.92511257908234,52.5469919656712],[-1.92548124548809,52.5469921978711],[-1.92548163266926,52.5467674527562],[-1.92548201984532,52.5465427076327],[-1.92548240701627,52.5463179625008],[-1.92511374622912,52.5463177302688],[-1.92511413526778,52.5460929851176],[-1.92548279418212,52.5460932173603],[-1.92585145310157,52.5460934484549],[-1.92622011202609,52.5460936784013],[-1.92658877095566,52.5460939071997],[-1.92695742989027,52.54609413485],[-1.92732608882988,52.5460943613522],[-1.92769474777447,52.5460945867063],[-1.92806340672402,52.5460948109123],[-1.92843206567849,52.5460950339701],[-1.92880072463787,52.5460952558799],[-1.92916938360213,52.5460954766416],[-1.92953804257125,52.5460956962552],[-1.9299067015452,52.5460959147206],[-1.93027536052396,52.546096132038],[-1.9306440195075,52.5460963482073],[-1.93101267849579,52.5460965632285],[-1.93138133748882,52.5460967771015],[-1.93174999648655,52.5460969898265],[-1.93211865548897,52.5460972014034],[-1.93248731449605,52.5460974118322],[-1.93285597350775,52.5460976211128],[-1.93322463252407,52.5460978292454],[-1.93322498035621,52.5458730843236],[-1.93322532818375,52.5456483393932],[-1.93322567600671,52.5454235944543],[-1.93359432940931,52.5454238014715],[-1.93359467535497,52.545199056535],[-1.93322602382508,52.5451988495069],[-1.93322637163887,52.5449741045509],[-1.93285772198626,52.5449738963638],[-1.93248907233826,52.5449736870286],[-1.9324894238928,52.5447489420423],[-1.9321207761221,52.5447487315481],[-1.93212112954464,52.5445239865424],[-1.93175248365124,52.5445237748894],[-1.93175283894174,52.5442990298642],[-1.93175319422756,52.5440742848305],[-1.93138455208405,52.5440740720077],[-1.93138490923775,52.5438493269546],[-1.93101626897152,52.5438491129729],[-1.93101662799305,52.5436243679004],[-1.93064798960409,52.5436241527599],[-1.9306483504934,52.543399407668],[-1.93027971398172,52.5433991913686],[-1.93028007673877,52.5431744462573],[-1.92991144210436,52.5431742287991],[-1.9299118067291,52.5429494836685],[-1.92991217134902,52.5427247385294],[-1.92991253596413,52.5424999933817],[-1.92991290057444,52.5422752482255],[-1.92991326517994,52.5420505030608],[-1.9299136267106,52.54182575677],[-1.92991398815763,52.5416010104421],[-1.92991434959967,52.5413762641056],[-1.92991471103673,52.5411515177607],[-1.93028332846742,52.5411517353538],[-1.93028368793779,52.5409269890202],[-1.9302840474032,52.5407022426782],[-1.93028440686365,52.5404774963276],[-1.93028476631914,52.5402527499686],[-1.93065337590813,52.5402529664935],[-1.93065373339706,52.5400282201459],[-1.93065409088106,52.5398034737898],[-1.93065444836013,52.5395787274251],[-1.93065480583427,52.5393539810519],[-1.93065516330347,52.5391292346702],[-1.93102376308964,52.5391294501471],[-1.93102411859243,52.5389047037769],[-1.93102447409033,52.5386799573981],[-1.93102482958331,52.5384552110109],[-1.93102518507139,52.5382304646151],[-1.93102554055456,52.5380057182108],[-1.93102589603282,52.537780971798],[-1.93102625150617,52.5375562253767],[-1.93102660697462,52.5373314789468],[-1.93102696243816,52.5371067325085],[-1.9310273178968,52.5368819860616],[-1.93102767335052,52.5366572396063],[-1.93102802879934,52.5364324931424],[-1.93139660505447,52.536432707711],[-1.93176518131446,52.5364329211319],[-1.93176553283605,52.5362081746995],[-1.93139695853722,52.5362079612586],[-1.93102838424326,52.53620774667],[-1.93102873968227,52.535983000189],[-1.93102909511637,52.5357582536996],[-1.93102945054556,52.5355335072017],[-1.93102980596985,52.5353087606952],[-1.93103016138923,52.5350840141803],[-1.93103051680371,52.5348592676568],[-1.93103087221328,52.5346345211248],[-1.93103122761794,52.5344097745843],[-1.9310315830177,52.5341850280352],[-1.93103193841255,52.5339602814777],[-1.9310322938025,52.5337355349116],[-1.93103264117985,52.5335107846587],[-1.93103298763849,52.5332860339775],[-1.93103333409193,52.5330612832878],[-1.93103368054016,52.5328365325896],[-1.93103402698319,52.5326117818828],[-1.93103437342101,52.5323870311675],[-1.9306658333636,52.5323868151799],[-1.93066618191027,52.5321620644516],[-1.93066653045171,52.5319373137148],[-1.93103506628105,52.5319375297112],[-1.93103471985363,52.5321622804436],[-1.93140325780213,52.532162495288],[-1.93140291348356,52.5323872460075],[-1.93177145355122,52.5323874597001],[-1.93213999362396,52.532387672245],[-1.93213965352837,52.5326124229472],[-1.93250819572024,52.5326126343402],[-1.93287673791714,52.5326128445857],[-1.93287640204464,52.5328375952705],[-1.93324494636063,52.532837804364],[-1.93361349068159,52.5328380123098],[-1.93361315903229,52.5330627629772],[-1.93398170547232,52.5330629697711],[-1.93435025191727,52.5330631754175],[-1.93434992449127,52.5332879260674],[-1.93471847305526,52.5332881305617],[-1.93508701762114,52.5332883324353],[-1.93545556158768,52.5332885329389],[-1.93545524019812,52.5335132835193],[-1.93582378611984,52.5335134828445],[-1.9358234654899,52.5337382328998],[-1.93619201336249,52.5337384310435],[-1.93656056123965,52.5337386280395],[-1.93692910912137,52.5337388238879],[-1.93729765700762,52.5337390185887],[-1.93729733518809,52.5339637647895],[-1.93766588507335,52.5339639583188],[-1.93803443496308,52.5339641507004],[-1.93840298485726,52.5339643419344],[-1.93877153475587,52.5339645320208],[-1.93877122090996,52.5341892781173],[-1.9391397728075,52.5341894670321],[-1.9395083247094,52.5341896547992],[-1.93987687661564,52.5341898414187],[-1.93987656874901,52.5344145874347],[-1.94024512265413,52.5344147728826],[-1.94024481677774,52.5346395188661],[-1.94061337268175,52.5346397031423],[-1.94098192859001,52.5346398862709],[-1.94098162669854,52.5348646321978],[-1.94135018460565,52.5348648141547],[-1.94135048450251,52.5346400682518],[-1.94171904041921,52.5346402490851],[-1.94171874251698,52.5348649949639],[-1.94171844461053,52.5350897408342],[-1.94208700452068,52.5350899204717],[-1.94208730043248,52.5348651746255],[-1.9420875963401,52.5346404287707],[-1.94245615226514,52.5346406073087],[-1.94245644617397,52.5344158614694],[-1.94282500010854,52.5344160388838],[-1.94319355404722,52.5344162151506],[-1.94356210798997,52.5344163902697],[-1.94393066193676,52.5344165642412],[-1.94429921588758,52.5344167370651],[-1.94429893195172,52.5346414827839],[-1.94429864801182,52.5348662284941],[-1.94429836406788,52.5350909741959],[-1.94466692400655,52.5350911457998],[-1.94503548394919,52.535091316256],[-1.94540404389577,52.5350914855645],[-1.94577260384627,52.5350916537254],[-1.94614116380065,52.5350918207386],[-1.94614088982604,52.5353165663111],[-1.94614061584752,52.5355413118752],[-1.94650917979514,52.5355414776924],[-1.94650890780744,52.5357662232237],[-1.94687747375362,52.5357663878691],[-1.94687774374659,52.5355416423619],[-1.94724630770185,52.5355418058838],[-1.94761487166089,52.535541968258],[-1.94761513766062,52.5353172227907],[-1.94798369962872,52.5353173840414],[-1.94835226160055,52.5353175441444],[-1.94835199959022,52.5355422895633],[-1.94872056356045,52.5355424484944],[-1.94908912753435,52.5355426062779],[-1.94908938555528,52.5353178609075],[-1.94945794753814,52.5353180175675],[-1.94945820356071,52.5350932722128],[-1.9494584595796,52.5348685268495],[-1.94982701757676,52.5348686824104],[-1.95019557557752,52.5348688368236],[-1.95056413358184,52.5348689900892],[-1.95056388354688,52.5350937353796],[-1.95056363350833,52.5353184806616],[-1.95056338346619,52.535543225935],[-1.95093194745808,52.5355433779801],[-1.95093169940707,52.5357681232207],[-1.95130026539719,52.5357682740938],[-1.95166883171891,52.5357684234348],[-1.95166858764317,52.5359931686321],[-1.95203715612839,52.5359933166093],[-1.95240572461702,52.5359934634388],[-1.95240548449526,52.5362182086204],[-1.95277405496602,52.5362183542987],[-1.95314262544015,52.5362184988293],[-1.95314238927248,52.536443243995],[-1.9535109617287,52.5364433873743],[-1.95351072753643,52.5366681325279],[-1.95387930197475,52.5366682747559],[-1.95387906975794,52.5368930198974],[-1.95387883753778,52.5371177650302],[-1.95424741593705,52.5371179061032],[-1.95424718569243,52.5373426512239],[-1.95424695544449,52.537567396336],[-1.95424672519325,52.5377921414396],[-1.95461530953245,52.537792281354],[-1.95461508125684,52.5380170264454],[-1.95498366757823,52.5380171652083],[-1.9549834412783,52.5382419102875],[-1.95498321497512,52.5384666553581],[-1.95498298866867,52.5386914004202],[-1.95535158093025,52.5386915380244],[-1.95535135659959,52.5389162830742],[-1.9553511322657,52.5391410281155],[-1.95535090792858,52.5393657731483],[-1.95498230972977,52.5393656355551],[-1.95498208341028,52.539590380583],[-1.95535068358822,52.5395905181725],[-1.95571928376933,52.5395906546142],[-1.95571950613057,52.5393659095937],[-1.9560881043357,52.5393660448912],[-1.95608832471463,52.5391412998658],[-1.95645692094379,52.5391414340193],[-1.95645670254397,52.539366179041],[-1.95645648414099,52.5395909240541],[-1.95682508433148,52.5395910570524],[-1.9568248679045,52.5398158020533],[-1.95719347007722,52.5398159339],[-1.95719325562629,52.5400406788886],[-1.95756185978123,52.5400408095838],[-1.9575616473064,52.5402655545602],[-1.95756143482848,52.540490299528],[-1.95793004294488,52.5404904290678],[-1.95792983244315,52.5407151740233],[-1.95792962193836,52.5409399189703],[-1.95792941143052,52.5411646639087],[-1.95792920091962,52.5413894088386],[-1.95792899040567,52.5416141537599],[-1.95792877988866,52.5418388986727],[-1.95792856847583,52.5420636435809],[-1.95792834751528,52.542288388523],[-1.95792812655178,52.5425131334565],[-1.95829675230176,52.5425132618239],[-1.95829697137083,52.5422885168897],[-1.95866559522931,52.5422886441086],[-1.95903421909068,52.5422887701795],[-1.95940284295492,52.5422888951026],[-1.95940305633785,52.5420641501583],[-1.95977167831053,52.5420642739328],[-1.96014030028603,52.5420643965595],[-1.96014009069191,52.5422891415048],[-1.96013988109499,52.5425138864416],[-1.96050850686212,52.5425140079214],[-1.96087713263202,52.5425141282532],[-1.96087733844008,52.5422893833154],[-1.96124596231829,52.5422895024989],[-1.96124616622919,52.542064757552],[-1.96161478821572,52.5420648755871],[-1.96198341020494,52.5420649924742],[-1.96235203219683,52.5420651082134],[-1.96272065419137,52.5420652228047],[-1.96272045785809,52.5422899677534],[-1.96235183396915,52.5422898531616],[-1.96235163573881,52.5425145981013],[-1.96198300995808,52.5425144823612],[-1.96198280983064,52.5427392272919],[-1.96198260970052,52.542963972214],[-1.96235123927018,52.542964087955],[-1.96235104103189,52.543188832869],[-1.96235084279095,52.5434135777745],[-1.96198220943225,52.5434134620325],[-1.96198240956772,52.5431887171275],[-1.96161377810623,52.543188600238],[-1.96161357607622,52.5434133451426],[-1.96161337404352,52.5436380900386],[-1.9619820092941,52.543638206929],[-1.96198180915328,52.5438629518169],[-1.96198160900977,52.5440876966962]]],[[[-1.9391148724467,52.5519443446934],[-1.93948357744489,52.551944531548],[-1.93985228244726,52.5519447172543],[-1.94022098745381,52.5519449018122],[-1.9402206744361,52.5521696462327],[-1.94058938133359,52.5521698296422],[-1.9409580882352,52.5521700119033],[-1.9413267951409,52.5521701930161],[-1.94132648777955,52.5523949374276],[-1.94169519657615,52.5523951173919],[-1.94169489109759,52.5526198617945],[-1.94169458561499,52.5528446061887],[-1.94169428012835,52.5530693505743],[-1.94169397463767,52.5532940949513],[-1.94132525829349,52.5532939149877],[-1.94132495091181,52.5535186593564],[-1.94169366914295,52.5535188393198],[-1.94169336364419,52.5537435836797],[-1.94206208376634,52.5537437624945],[-1.94206178015055,52.5539685068457],[-1.94243050216373,52.5539686845119],[-1.94279922418091,52.5539688610297],[-1.94279892433516,52.5541936053719],[-1.94279862448544,52.5544183497055],[-1.94279832463176,52.5546430940306],[-1.94242959695341,52.5546429175135],[-1.94242929520866,52.5548676618303],[-1.94206056564719,52.5548674841649],[-1.94206026201132,52.5550922284733],[-1.94169153056674,52.5550920496597],[-1.94132279912621,52.5550918696977],[-1.941322491712,52.5553166139979],[-1.94095375838838,52.5553164328876],[-1.94095344908292,52.5555411771795],[-1.94058471387622,52.5555409949208],[-1.94058440267946,52.5557657392044],[-1.94058409147859,52.5559904834793],[-1.9405837802736,52.5562152277457],[-1.9405834690645,52.5564399720035],[-1.94095221182018,52.5564401542615],[-1.94095190249427,52.5566648985106],[-1.94095159316426,52.5568896427512],[-1.94095128383016,52.5571143869832],[-1.94095097449197,52.5573391312067],[-1.94095066514969,52.5575638754216],[-1.94095035580332,52.557788619628],[-1.94095004645285,52.5580133638258],[-1.9405812904855,52.558013181569],[-1.94058097924346,52.5582379257585],[-1.9405806679973,52.5584626699394],[-1.94058035674703,52.5586874141117],[-1.94058004706958,52.558912160016],[-1.94021128350839,52.5589119765675],[-1.94021097205808,52.5591367226047],[-1.94021066060354,52.5593614686333],[-1.93984189316845,52.559361283943],[-1.93984157977059,52.5595860299163],[-1.94021034914476,52.5595862146532],[-1.94057911852317,52.5595863982415],[-1.94057880899929,52.5598111442994],[-1.94094758032101,52.5598113267857],[-1.9413163516469,52.5598115081235],[-1.94131604599712,52.5600362542659],[-1.9416848192663,52.5600364345017],[-1.94205359253961,52.5600366135889],[-1.94205329076402,52.5602613598158],[-1.9424220659806,52.560261537801],[-1.94242176614011,52.5604862840659],[-1.94205298898433,52.5604861060342],[-1.94205268720053,52.5607108522439],[-1.94205238541263,52.5609355984449],[-1.94168360438247,52.5609354191715],[-1.94131482335643,52.5609352387494],[-1.94094604233454,52.5609350571787],[-1.94057726131682,52.5609348744594],[-1.94057695176771,52.5611596204655],[-1.94020816881491,52.561159436551],[-1.94020848030329,52.5609346905914],[-1.94020879178745,52.5607099446233],[-1.9398400127174,52.5607097596534],[-1.9394712336516,52.5607095735348],[-1.93947154900997,52.5604848276513],[-1.93910277188767,52.5604846404308],[-1.93873399476967,52.5604844520616],[-1.93873431400216,52.5602597062628],[-1.93836553882769,52.5602595167917],[-1.93836585999502,52.5600347710308],[-1.93799708676407,52.5600345804578],[-1.9376283135375,52.5600343887363],[-1.93762798849182,52.5602591344038],[-1.93725921333048,52.5602589414869],[-1.93689043817356,52.5602587474215],[-1.93689010924508,52.5604834929871],[-1.93652133215342,52.5604832977264],[-1.93615255506624,52.5604831013171],[-1.93578377798357,52.5604829037592],[-1.93541500090544,52.5604827050527],[-1.93541533759072,52.560257959674],[-1.93504656245634,52.5602577598657],[-1.93467778699418,52.5602575586922],[-1.93430901049509,52.5602573556917],[-1.93394023400053,52.5602571515426],[-1.93394057830068,52.5600324062702],[-1.93357180368802,52.5600322009867],[-1.93357214986096,52.5598074557201],[-1.9332033771302,52.5598072493022],[-1.93283460440403,52.5598070417356],[-1.93283495432701,52.559582296489],[-1.93246618348277,52.5595820877882],[-1.9324665352784,52.5593573425472],[-1.93246688706939,52.5591325972977],[-1.93283565415909,52.5591328059699],[-1.93320442125341,52.5591330134936],[-1.93320476928529,52.5589082682069],[-1.93320511741132,52.5586835230365],[-1.93320546628969,52.5584587788147],[-1.93320581516351,52.5582340345843],[-1.93357457479296,52.558234240956],[-1.93357492180405,52.5580094967286],[-1.93394367957988,52.5580097019633],[-1.93394402472831,52.557784957739],[-1.93431278065052,52.5577851618366],[-1.93431312393632,52.5575604176155],[-1.9346818780049,52.5575606205761],[-1.93468221942814,52.557335876358],[-1.93505097011927,52.5573360772655],[-1.93541972035993,52.5573362767509],[-1.93542005800882,52.5571115325258],[-1.93542039565325,52.5568867882923],[-1.93578914212364,52.5568869866292],[-1.93615788859848,52.5568871838176],[-1.93615822246378,52.5566624395755],[-1.93615855632467,52.5564376953249],[-1.93578981362447,52.5564374981364],[-1.93579014936822,52.5562127538772],[-1.93579048510753,52.5559880096095],[-1.93542174618631,52.5559878112724],[-1.93542208380841,52.5557630669961],[-1.93505334677888,52.5557628675105],[-1.93505300726955,52.5559876117869],[-1.93505266775573,52.5562123560547],[-1.93505232823742,52.5564371003139],[-1.93505198871462,52.5566618445647],[-1.93468324367106,52.5566616436525],[-1.93431449703467,52.5566614406455],[-1.93431484029804,52.5564366963816],[-1.93394609552412,52.5564364922144],[-1.93357735075471,52.5564362868987],[-1.93320860598985,52.5564360804345],[-1.93283986122954,52.5564358728217],[-1.93284021192027,52.556211128503],[-1.93247146902251,52.5562109197302],[-1.9324718215666,52.5559861753914],[-1.93247217410607,52.5557614310441],[-1.93247252664094,52.5555366866883],[-1.93284126396496,52.5555368954958],[-1.93284161463735,52.555312151143],[-1.93321035010809,52.5553123588136],[-1.93321069891806,52.5550876144638],[-1.93357943253553,52.5550878209975],[-1.93394816615753,52.5550880263828],[-1.93431689978405,52.5550882306195],[-1.93431724301601,52.554863486296],[-1.9343175862435,52.554638741964],[-1.93468631615889,52.5546389450755],[-1.93468665752412,52.5544142007465],[-1.93468699888489,52.554189456409],[-1.9346873402412,52.5539647120629],[-1.93468768159305,52.5537399677083],[-1.93468802294044,52.5535152233452],[-1.93468836428336,52.5532904789736],[-1.93505708108513,52.5532906799062],[-1.93542579735677,52.5532908793921],[-1.93542613492528,52.5530661350131],[-1.93579484931446,52.5530663333507],[-1.93616356370808,52.5530665305399],[-1.93616389749831,52.5528417861525],[-1.93653261000944,52.5528419821934],[-1.93690132252496,52.5528421770859],[-1.93727003504485,52.5528423708301],[-1.93727036317003,52.5526176264343],[-1.93763907380737,52.5526178190303],[-1.93800778444904,52.5526180104778],[-1.93800746009762,52.5528427548734],[-1.93837617263045,52.5528429451726],[-1.93874488516756,52.5528431343233],[-1.93874520574521,52.5526183899279],[-1.93874552631863,52.552393645524],[-1.9387458468878,52.5521689011115],[-1.93911455376857,52.5521690891143],[-1.9391148724467,52.5519443446934]]],[[[-1.94170038104814,52.5485744597068],[-1.94170068545082,52.5483497149593],[-1.94170098984944,52.5481249702032],[-1.94133231697518,52.548124790217],[-1.94133262326385,52.5479000454504],[-1.94133292954845,52.5476753006753],[-1.94133323582896,52.5474505558916],[-1.94170190302099,52.5474507358838],[-1.94170159863453,52.5476754806655],[-1.94207026772466,52.5476756595076],[-1.94206996522822,52.5479004042787],[-1.94243863621645,52.5479005819706],[-1.94243833561009,52.5481253267312],[-1.94206966272775,52.5481251490413],[-1.94206936022326,52.5483498937953],[-1.94206905771474,52.5485746385408],[-1.94170038104814,52.5485744597068]]],[[[-1.9321073329942,52.5532890325894],[-1.93173861425695,52.5532888213695],[-1.93136989552435,52.5532886090012],[-1.93137025358137,52.5530638645169],[-1.93173897045635,52.5530640768967],[-1.93173932665109,52.5528393324155],[-1.93210804167314,52.5528395436584],[-1.93247675669982,52.552839753753],[-1.93247640422026,52.5530644982112],[-1.93247605173609,52.5532892426609],[-1.93247569924731,52.553513987102],[-1.93210697864778,52.553513777042],[-1.9321073329942,52.5532890325894]]],[[[-1.93395058169129,52.5535148158578],[-1.9339509267495,52.5532900714629],[-1.93431964551419,52.5532902757925],[-1.93431930231362,52.5535150201757],[-1.93431895910856,52.5537397645504],[-1.93431861589903,52.5539645089166],[-1.93394989156134,52.5539643046219],[-1.93395023662857,52.5537395602441],[-1.93358151415308,52.5537393547893],[-1.93358186107346,52.5535146103914],[-1.93395058169129,52.5535148158578]]],[[[-1.94869850732513,52.5541962734692],[-1.94869823766834,52.5544210177981],[-1.94869796800797,52.5546457621186],[-1.94869769834404,52.5548705064304],[-1.94869742867654,52.5550952507337],[-1.94869715900548,52.5553199950285],[-1.94869688933084,52.5555447393147],[-1.94832815404342,52.5555445811739],[-1.9479594187596,52.5555444218846],[-1.9479596922086,52.5553196775977],[-1.94759095881557,52.5553195171596],[-1.94722222542619,52.555319355573],[-1.94722250264589,52.5550946112768],[-1.94685377114733,52.5550944485415],[-1.94648503965247,52.5550942846577],[-1.94648532064277,52.5548695403524],[-1.94611659103876,52.5548693753198],[-1.94574786143849,52.5548692091388],[-1.94537913184199,52.5548690418094],[-1.94537941848989,52.5546442974946],[-1.94501069078429,52.5546441290165],[-1.94501097931548,52.5544193846929],[-1.94464225350079,52.554419215066],[-1.94464254391522,52.5541944707336],[-1.94427381999142,52.5541942999581],[-1.94427411228904,52.5539695556168],[-1.94390539025614,52.5539693836926],[-1.94353666822714,52.55396921062],[-1.94353696429491,52.5537444662697],[-1.94353726035876,52.5535197219109],[-1.94390597861378,52.5535198949839],[-1.94390627278676,52.5532951506168],[-1.94390656695584,52.5530704062411],[-1.94390686112104,52.5528456618568],[-1.94427557371915,52.5528458337822],[-1.94464428632113,52.5528460045593],[-1.94464457670867,52.552621260167],[-1.94501328742761,52.552621429796],[-1.94501357592445,52.5523966853954],[-1.94501386441748,52.5521719409863],[-1.94538257136654,52.5521721094675],[-1.94538285796894,52.5519473650501],[-1.94538314456755,52.5517226206241],[-1.94575184774682,52.5517227879576],[-1.94612055092985,52.5517229541427],[-1.94612026810481,52.5519476985681],[-1.94648897317837,52.5519478636047],[-1.94648925411663,52.5517231191796],[-1.94648953505117,52.551498374746],[-1.94685823635491,52.5514985386348],[-1.946858515399,52.551273794193],[-1.9472272148197,52.5512739569338],[-1.94759591424406,52.5512741185265],[-1.94759563897343,52.5514988629676],[-1.94796434028817,52.5514990234116],[-1.94796406690066,52.5517237678439],[-1.94833277010577,52.5517239271392],[-1.94870147331447,52.5517240852862],[-1.94870120369691,52.5519488297092],[-1.94906990879597,52.5519489867075],[-1.94906964106165,52.5521737311216],[-1.94943834805106,52.5521738869713],[-1.94943808220003,52.5523986313764],[-1.94980679107979,52.5523987860773],[-1.94980652711211,52.5526235304736],[-1.95017523788222,52.5526236840257],[-1.95017497579793,52.552848428413],[-1.95054368845839,52.5528485808164],[-1.95054342825754,52.5530733251947],[-1.95054316805325,52.5532980695645],[-1.95054290784551,52.5535228139257],[-1.95017418952424,52.5535226615235],[-1.95017392742608,52.5537474058766],[-1.9498052072213,52.5537472523264],[-1.94943648702002,52.5537470976279],[-1.94943622114437,52.5539718419732],[-1.94906749905959,52.5539716861266],[-1.94869877697836,52.5539715291317],[-1.94869850732513,52.5541962734692]]],[[[-2.03238169013174,52.5315032586198],[-2.0323818622201,52.5317280051377],[-2.03238203431051,52.5319527516469],[-2.03238220640295,52.5321774981476],[-2.03275074563999,52.5321773948898],[-2.03275091955588,52.5324021413716],[-2.03275109347383,52.5326268878449],[-2.03275126739385,52.5328516343097],[-2.0323827226925,52.5328517375984],[-2.0323828947931,52.5330764840648],[-2.03201434826816,52.5330765862162],[-2.03201451854928,52.5333013326843],[-2.03238306689572,52.5333012305227],[-2.03238323900039,52.533525976972],[-2.0323834122515,52.5337507231591],[-2.03275196423954,52.5337506198337],[-2.03275214463569,52.5339753648472],[-2.03275232503393,52.5342001098522],[-2.03275250543423,52.5344248548487],[-2.03275268583662,52.5346495998366],[-2.03275286624108,52.534874344816],[-2.0323843050489,52.5348744480901],[-2.03238448361454,52.5350991930506],[-2.03238466218224,52.5353239380027],[-2.03275322705625,52.5353238347491],[-2.03275304664763,52.5350990897868],[-2.03312160967853,52.5350989853753],[-2.03312142743108,52.5348742403943],[-2.03348998861888,52.5348741348249],[-2.03349017270722,52.5350988798162],[-2.0334903567977,52.535323624799],[-2.03312179192808,52.5353237303479],[-2.03312197417973,52.5355484753119],[-2.03312215643348,52.5357732202673],[-2.03275358787972,52.535773324648],[-2.03275376829458,52.5359980695847],[-2.03275394871151,52.5362228145128],[-2.03238537647355,52.5362229177253],[-2.03238555505151,52.5364476626345],[-2.03238573363153,52.5366724075353],[-2.03201715770928,52.5366725095796],[-2.03201733445026,52.5368972544615],[-2.03201751119326,52.5371219993349],[-2.03164893158666,52.5371221002109],[-2.03164910649055,52.5373468450654],[-2.03164928139644,52.5375715899114],[-2.03128069810541,52.5375716896191],[-2.03128087117211,52.5377964344463],[-2.03128104424079,52.5380211792649],[-2.03091245726525,52.5380212778042],[-2.03091262849467,52.538246022604],[-2.03091279972604,52.5384707673952],[-2.03054420906593,52.5384708647662],[-2.03054437845797,52.5386956095385],[-2.03054454785194,52.5389203543023],[-2.03017595350718,52.5389204505049],[-2.03017612106173,52.5391451952498],[-2.0301762886182,52.5393699399862],[-2.02980769058871,52.5393700350203],[-2.02980785630569,52.5395947797379],[-2.02980802202456,52.5398195244468],[-2.0298081877453,52.5400442691472],[-2.02943958418958,52.5400443630025],[-2.02943974807074,52.5402691076841],[-2.02943991195377,52.5404938523571],[-2.02907130471312,52.5404939450438],[-2.02907146675649,52.5407186896979],[-2.02907162880169,52.5409434343434],[-2.02907179084873,52.5411681789804],[-2.02944040361399,52.5411680863247],[-2.02980901637729,52.5411679925212],[-2.03017762913859,52.5411678975697],[-2.03054624189788,52.5411678014704],[-2.03091485465513,52.5411677042232],[-2.03091502591194,52.5413924489034],[-2.03091519717071,52.5416171935749],[-2.03091536843143,52.541841938238],[-2.03091553872183,52.5420666835117],[-2.03054691858086,52.5420667807138],[-2.03054707859401,52.5422915312019],[-2.03017845648132,52.5422916271867],[-2.03017861452685,52.5425163775969],[-2.03017877257439,52.5427411279986],[-2.02981014652029,52.5427412226966],[-2.02981030260014,52.5429659730205],[-2.02944167457428,52.5429660665011],[-2.02944182868638,52.5431908167471],[-2.02907319868878,52.5431909090103],[-2.02907304654641,52.5429661588337],[-2.02870441851655,52.5429662500183],[-2.02833579048473,52.5429663400549],[-2.02833564228372,52.5427415900086],[-2.02796701621967,52.5427416789665],[-2.02759839015371,52.5427417667764],[-2.0275985344153,52.5429665166839],[-2.02759867867873,52.5431912665828],[-2.02723004867144,52.5431913531059],[-2.02723019096694,52.5434161029268],[-2.02723033326424,52.5436408527393],[-2.02686169931555,52.5436409379755],[-2.02686183964484,52.54386568771],[-2.02686197997591,52.544090437436],[-2.02686212030876,52.5443151871536],[-2.02649348044873,52.5443152710332],[-2.02649361881347,52.5445400206728],[-2.02649375717996,52.5447647703039],[-2.02612511337831,52.5447648528965],[-2.02612524977662,52.5449896024496],[-2.02612538617665,52.5452143519942],[-2.02575673843332,52.5452144332998],[-2.02575687286509,52.5454391827664],[-2.02575700729856,52.5456639322245],[-2.02575714173373,52.5458886816741],[-2.02538848807859,52.5458887616232],[-2.02538835561346,52.5456640122431],[-2.02501970392664,52.5456640911135],[-2.02465105223811,52.5456641688358],[-2.0246509237147,52.5454394195862],[-2.02428227399451,52.5454394962299],[-2.02391362427268,52.5454395717254],[-2.02354497454923,52.5454396460729],[-2.02354485193741,52.5452148970234],[-2.02354472932714,52.5449901479654],[-2.02391337511064,52.5449900734788],[-2.02391325053198,52.5447653243428],[-2.02391312595489,52.5445405751982],[-2.0242817677969,52.5445404994245],[-2.0242816412515,52.5443157502019],[-2.02428151470769,52.5440910009708],[-2.02465015260831,52.54409092391],[-2.02465002409626,52.5438661746008],[-2.02464989558583,52.5436414252832],[-2.02501852954513,52.5436413469353],[-2.02501839906654,52.5434165975397],[-2.02501826858961,52.5431918481355],[-2.02538689860765,52.5431917685006],[-2.02538676616263,52.5429670190184],[-2.02501813811432,52.5429670987228],[-2.02464951006431,52.5429671772792],[-2.02464963856986,52.5431919266223],[-2.02428100854844,52.5431920039612],[-2.02391237852537,52.543192080152],[-2.02391250309303,52.5434168293476],[-2.02354387109857,52.5434169043208],[-2.02354399369802,52.5436416534385],[-2.023544116299,52.5438664025475],[-2.02354423890154,52.5440911516481],[-2.02317560099606,52.5440912252647],[-2.02317572163027,52.5443159742873],[-2.02317584226601,52.5445407233013],[-2.02317596290327,52.5447654723068],[-2.02280731908655,52.5447655445667],[-2.02280743775539,52.5449902934941],[-2.02280755642573,52.545215042413],[-2.02243890866755,52.5452151133857],[-2.02243879196719,52.5449903645364],[-2.02207014617746,52.5449904344305],[-2.02170150038625,52.5449905031766],[-2.02133285459357,52.5449905707745],[-2.02133274380449,52.5447658221254],[-2.02096409998032,52.5447658886449],[-2.02059545615473,52.5447659540163],[-2.02022681232775,52.5447660182396],[-2.02022670744981,52.5445412697908],[-2.01985806559139,52.5445413329357],[-2.01948942373164,52.5445413949325],[-2.01948952466974,52.5447661432421],[-2.01912088083877,52.5447662040212],[-2.01875223700651,52.5447662636522],[-2.01838359317299,52.5447663221352],[-2.01801494945085,52.5447663796195],[-2.01764630616301,52.5447664365337],[-2.01727766287397,52.5447664922999],[-2.01727775192962,52.5449912401935],[-2.01690910664048,52.5449912947468],[-2.0165404613502,52.544991348152],[-2.01654054640903,52.5452160959073],[-2.01617189911867,52.5452161480995],[-2.01617198217957,52.5454408957814],[-2.01580333288914,52.5454409467607],[-2.01543468359765,52.5454409965919],[-2.01543476266155,52.5456657441355],[-2.01506611137001,52.5456657927537],[-2.01506618843586,52.5458905402238],[-2.01469753514427,52.545890587629],[-2.0143288818517,52.5458906338861],[-2.01432895492036,52.5461153812179],[-2.01396029962777,52.5461154262619],[-2.01359164433426,52.5461154701579],[-2.01322298903985,52.5461155129057],[-2.01285433374457,52.5461155545054],[-2.01248567844845,52.546115594957],[-2.01211702315152,52.5461156342605],[-2.01211708422649,52.546340381194],[-2.01174842692967,52.5463404192844],[-2.01137976963208,52.5463404562267],[-2.01101111233375,52.5463404920209],[-2.01064245503472,52.5463405266669],[-2.01064240195614,52.5461157799934],[-2.01064234887822,52.5458910333114],[-2.01064229580095,52.5456662866208],[-2.01064224272433,52.5454415399217],[-2.01064218964837,52.5452167932141],[-2.01027354234389,52.5452168270372],[-2.00990489503875,52.5452168597122],[-2.00953624773299,52.5452168912391],[-2.00953629481197,52.5454416377517],[-2.00916764550661,52.5454416680655],[-2.00879899620067,52.5454416972313],[-2.00843034689419,52.545441725249],[-2.00806169758718,52.5454417521186],[-2.00806173667064,52.5456664983623],[-2.00769308536412,52.5456665240188],[-2.00732443405712,52.5456665485272],[-2.00695578274968,52.5456665718875],[-2.00695581583647,52.5458913179273],[-2.00658716252957,52.5458913400745],[-2.00621850922228,52.5458913610735],[-2.00584985591462,52.5458913809245],[-2.00548120260663,52.5458913996273],[-2.00548122769752,52.5461161453981],[-2.00511257239015,52.5461161628878],[-2.00474391708249,52.5461161792293],[-2.00437526177458,52.5461161944228],[-2.00400660646644,52.5461162084682],[-2.00400662356121,52.5463409539697],[-2.00363796625377,52.5463409668018],[-2.00326930894615,52.5463409784858],[-2.00290065163838,52.5463409890217],[-2.00253199433048,52.5463409984096],[-2.00253200342894,52.5465657436417],[-2.00216334412182,52.5465657518162],[-2.00179468481464,52.5465657588426],[-2.00142602550741,52.5465657647209],[-2.00142602860849,52.5467905097489],[-2.00179468991486,52.5467905039358],[-2.00179469501512,52.5470152490204],[-2.00216335832063,52.5470152421245],[-2.00253202162607,52.5470152340805],[-2.00253201252747,52.5467904888654],[-2.00290067383364,52.546790479608],[-2.00326933513968,52.5467904692025],[-2.00363799644558,52.5467904576489],[-2.00363801154173,52.5470152030597],[-2.00363802663803,52.5472399484618],[-2.00400669194213,52.5472399358905],[-2.00437535724603,52.5472399221711],[-2.00437537634095,52.5474646676951],[-2.00437539543608,52.5476894132106],[-2.00474406473824,52.5476893984733],[-2.00511273404014,52.547689382588],[-2.00511275713404,52.5479141282252],[-2.00474408583285,52.5479141440454],[-2.0047441069277,52.548138889609],[-2.00437543362695,52.5481389042159],[-2.00437541453141,52.5479141587175],[-2.00400674322974,52.5479141722413],[-2.00400676032597,52.5481389176745],[-2.00400677742239,52.5483636630992],[-2.00400679451899,52.5485884085152],[-2.00363811721911,52.5485884206954],[-2.00326943991905,52.5485884317273],[-2.00290076261885,52.548588441611],[-2.00253208531852,52.5485884503466],[-2.00253209441775,52.5488131954933],[-2.00216341511794,52.5488132030154],[-2.00216342221784,52.5490379480883],[-2.00216342931779,52.5492626931526],[-2.00179474601906,52.5492626993961],[-2.0017947511196,52.5494874443866],[-2.00179475622016,52.5497121893685],[-2.00179476132075,52.549936934342],[-2.0014260720235,52.5499369392414],[-2.00142607512457,52.550161684141],[-2.00105738465253,52.5501616898651],[-2.0006886941805,52.5501616944408],[-2.0003200037085,52.5501616978684],[-1.99995131323657,52.5501617001477],[-1.99958262276472,52.5501617012787],[-1.99958261640524,52.5503864464335],[-1.99995130878417,52.5503864453109],[-1.99995130574836,52.5506111964732],[-1.99995130271246,52.550835947627],[-1.999582606463,52.5508359486121],[-1.99958260149169,52.5510606996885],[-1.99995129967645,52.5510606987723],[-1.99995129664034,52.551285449909],[-2.00031999676049,52.5512854479132],[-2.00068869688071,52.5512854447691],[-2.00105739700095,52.5512854404767],[-2.00142609712119,52.551285435036],[-2.00142610182638,52.5515101864392],[-2.00142610653158,52.5517349378339],[-2.00142611123678,52.55195968922],[-2.0010574053104,52.5519596944545],[-2.00105740808017,52.5521844457633],[-2.00142611594197,52.5521844405976],[-2.00142612064717,52.5524091919666],[-2.00142612535236,52.5526339433271],[-2.00105741361963,52.5526339483552],[-2.00105741638932,52.5528586996383],[-2.00068870272108,52.5528587034493],[-2.00068870355521,52.5530834546551],[-2.0006887043893,52.5533082058524],[-2.00105742192862,52.553308202179],[-2.00105742469824,52.5535329534365],[-2.00105742746782,52.5537577046854],[-2.00105743023739,52.5539824559257],[-2.00105743300692,52.5542072071576],[-2.00105743577643,52.5544319583808],[-2.00068870855895,52.5544319617104],[-2.00068870939272,52.5546567128563],[-2.00068871022645,52.5548814639937],[-2.00068871106012,52.5551062151225],[-2.00031997803546,52.5551062170972],[-2.00031997913755,52.5548814660372],[-1.9999512480487,52.5548814669322],[-1.99995125108644,52.5546567159324],[-1.9995825219334,52.5546567157478],[-1.99958252690675,52.5544319648083],[-1.99921379968953,52.554431963544],[-1.99921380659843,52.5542072126648],[-1.99884508131702,52.5542072103209],[-1.99847635603576,52.5542072068286],[-1.99847634525549,52.5544319575702],[-1.99810761803874,52.5544319528606],[-1.99773889082219,52.5544319470025],[-1.9977388761703,52.5546566975978],[-1.99737014701827,52.5546566905225],[-1.99700141786651,52.5546566822987],[-1.9970013993429,52.5548814327477],[-1.99663266825568,52.5548814233066],[-1.99626393716877,52.554881412717],[-1.99626391477334,52.5551061630197],[-1.99589518175101,52.5551061512127],[-1.99552644872904,52.5551061382573],[-1.99515771570746,52.5551061241534],[-1.99515768750431,52.5553308742408],[-1.99478895254736,52.5553308589195],[-1.99442021759085,52.5553308424498],[-1.9940514826348,52.5553308248315],[-1.99368274767924,52.5553308060648],[-1.9933140127242,52.5553307861497],[-1.9929452777697,52.555330765086],[-1.99257654281577,52.5553307428739],[-1.99257650106152,52.55555549247],[-1.99220776417237,52.5555554690404],[-1.99183902728383,52.5555554444624],[-1.99147029039595,52.5555554187359],[-1.99110155350873,52.5555553918609],[-1.99073281662221,52.5555553638374],[-1.99036407973641,52.5555553346655],[-1.98999534285135,52.5555553043451],[-1.98999539815628,52.5553305552321],[-1.98962666320781,52.5553305238323],[-1.98962672044772,52.5551057747798],[-1.98962677768683,52.5548810257188],[-1.98999550876376,52.5548810569805],[-1.98999556406631,52.5546563078418],[-1.98999561936808,52.5544315586946],[-1.98999567466906,52.5542068095387],[-1.98962694939926,52.5542067784843],[-1.98925822413025,52.5542067462813],[-1.98888949886207,52.55420671293],[-1.98888943775405,52.5544314618786],[-1.98888937664516,52.5546562108186],[-1.98852064750644,52.5546561761807],[-1.98815191836859,52.5546561403944],[-1.98778318923165,52.5546561034596],[-1.98778325614767,52.5544313547269],[-1.98741452894736,52.5544313167128],[-1.987045801748,52.5544312775503],[-1.98667707454963,52.5544312372394],[-1.98667714727175,52.5542064887054],[-1.98630842201006,52.5542064473152],[-1.98630834735226,52.5544311957801],[-1.98630827269341,52.5546559442363],[-1.98630819803351,52.554880692684],[-1.98630812337258,52.555105441123],[-1.9863080487106,52.5553301895535],[-1.98630797404758,52.5555549379754],[-1.98593923717244,52.5555548950219],[-1.98557050029836,52.55555485092],[-1.98520176342536,52.5555548056696],[-1.98483302655347,52.5555547592707],[-1.98446428985115,52.5555547119895],[-1.98409555319063,52.555554663624],[-1.9840956394569,52.5553299156201],[-1.98372690472697,52.5553298661771],[-1.98372699292143,52.5551051182354],[-1.98335826012208,52.5551050677148],[-1.98335835024467,52.5548803198354],[-1.98298961937591,52.5548802682373],[-1.98262088850841,52.5548802154907],[-1.98262098248842,52.5546554677445],[-1.98262107646714,52.5544307199898],[-1.98262117044456,52.5542059722264],[-1.98262126442068,52.5539812244545],[-1.98262135839552,52.553756476674],[-1.98262145236906,52.5535317288848],[-1.98225273307843,52.5535316754152],[-1.98188401378912,52.5535316207973],[-1.98151529450114,52.553531565031],[-1.98114657521452,52.5535315081163],[-1.98077785592928,52.5535314500533],[-1.98040913664546,52.5535313908419],[-1.98004041736307,52.5535313304822],[-1.97967169808215,52.5535312689741],[-1.97930297880271,52.5535312063176],[-1.97930286746635,52.5537559534683],[-1.97893414625923,52.5537558895925],[-1.97893425952479,52.5535311425128],[-1.97856554024841,52.5535310775597],[-1.97856542505365,52.5537558245684],[-1.97819670384963,52.5537557583959],[-1.97819682097359,52.5535310114582],[-1.97819693809596,52.5533062645119],[-1.97819705521673,52.553081517557],[-1.9781971723359,52.5528567705935],[-1.97819728945347,52.5526320236214],[-1.9778285778968,52.5526319566556],[-1.97745986634175,52.5526318885414],[-1.97745974536597,52.5528566353715],[-1.97709103188346,52.552856566038],[-1.97672231840261,52.5528564955563],[-1.97672219356694,52.5530812422357],[-1.97672206872957,52.5533059889065],[-1.97635335139213,52.5533059171343],[-1.97635322462388,52.5535306637254],[-1.97598450535899,52.5535305907339],[-1.97598437665982,52.5537553372454],[-1.97561565546747,52.5537552630344],[-1.97561552483731,52.5539800094662],[-1.97524680171751,52.5539799340358],[-1.97524693427689,52.553755187675],[-1.97487821308811,52.5537551111673],[-1.9748783475749,52.5535303648691],[-1.97487848205985,52.5533056185622],[-1.97487861654299,52.5530808722467],[-1.97450990114355,52.553080794804],[-1.97414118574597,52.5530807162129],[-1.97377247035026,52.5530806364735],[-1.97340375495645,52.5530805555858],[-1.97303503956456,52.5530804735497],[-1.97303518369149,52.5528557275812],[-1.97340389715425,52.5528558095461],[-1.97377261061894,52.5528558903627],[-1.97414132408553,52.552855970031],[-1.97451003755398,52.552856048551],[-1.97487875102429,52.5528561259226],[-1.97487888550377,52.5526313795899],[-1.97487901998142,52.5524066332486],[-1.97524772959537,52.5524067093298],[-1.97561643921111,52.5524067842627],[-1.97561656982883,52.5521820377707],[-1.97561670044478,52.55195729127],[-1.97524799468711,52.5519572164793],[-1.97524812723028,52.5517324700411],[-1.97561683105895,52.5517325447608],[-1.97561696167135,52.5515077982429],[-1.97561709228197,52.5512830517164],[-1.97598579225449,52.5512831251457],[-1.97635449222875,52.5512831974268],[-1.97635461897975,52.5510584507496],[-1.97672331702681,52.5510585218113],[-1.97709201507556,52.5510585917248],[-1.97709189218241,52.5512833385441],[-1.97746059216175,52.5512834073804],[-1.97746047119587,52.5515081542621],[-1.97746035022835,52.5517329011351],[-1.97746022925917,52.5519576479996],[-1.97782893502708,52.5519577159007],[-1.97782881598528,52.5521824628276],[-1.97819752368382,52.5521825296514],[-1.9781976407966,52.5519577826535],[-1.97819775790778,52.551733035647],[-1.97856646174989,52.5517331011805],[-1.97893516559357,52.5517331655657],[-1.9789352788452,52.5515084184087],[-1.97930398076144,52.5515084815747],[-1.97930409208257,52.551283734338],[-1.97930420340219,52.5510589870928],[-1.97967290146207,52.5510590489685],[-1.97967301085126,52.5508343016437],[-1.98004170698374,52.5508343623003],[-1.98004181444256,52.5506096148959],[-1.98041050864763,52.5506096743333],[-1.98041061417613,52.5503849268494],[-1.98077930645378,52.5503849850676],[-1.98114799873285,52.5503850421376],[-1.9815166910133,52.5503850980594],[-1.981516790738,52.5501603532945],[-1.98188548112205,52.5501604080646],[-1.98188538329511,52.5503851528329],[-1.98225407557825,52.5503852064582],[-1.98225397969399,52.5506099542967],[-1.98262267390729,52.5506100068446],[-1.98299136812187,52.5506100582443],[-1.98299146014844,52.5503853102641],[-1.98336015243544,52.5503853604447],[-1.98336024267115,52.5501606156626],[-1.9833603329115,52.5499358710101],[-1.98372902140541,52.5499359200393],[-1.98409770990051,52.5499359679202],[-1.98446639839678,52.5499360146528],[-1.98446648294658,52.5497112699926],[-1.98483516955444,52.5497113156476],[-1.98520385619093,52.5497113604349],[-1.98557254282852,52.5497114040739],[-1.98594122946718,52.5497114465648],[-1.98594130640081,52.5494867018781],[-1.98630999113493,52.5494867432151],[-1.98667867587006,52.5494867834038],[-1.98704736060619,52.5494868224443],[-1.98704743182208,52.5492620777321],[-1.98741611465361,52.5492621156188],[-1.98778479748609,52.5492621523572],[-1.98815348031949,52.5492621879475],[-1.98852216315378,52.5492622223895],[-1.98889084598893,52.5492622556833],[-1.98889078430086,52.5494870004236],[-1.98889072261193,52.5497117451553],[-1.98925940925908,52.5497117773122],[-1.98925946904242,52.5494870325749],[-1.98925952882493,52.549262287829],[-1.98962821166175,52.5492623188264],[-1.98999689449936,52.5492623486756],[-1.98999695046996,52.54903760391],[-1.98999700643979,52.5488128591359],[-1.99036568546711,52.5488128878258],[-1.99073436449518,52.5488129153675],[-1.99110304352396,52.548812941761],[-1.99110309377655,52.5485881969616],[-1.99147177090053,52.5485882222014],[-1.99184044802518,52.548588246293],[-1.99220912515047,52.5485882692364],[-1.99257780227638,52.5485882910317],[-1.99257784490641,52.5483635462017],[-1.99294652012744,52.5483635668432],[-1.99331519534904,52.5483635863367],[-1.99331523416759,52.5481388414871],[-1.99294656085143,52.5481388219992],[-1.99257788753584,52.5481388013631],[-1.99220921422083,52.5481387795789],[-1.99184054090644,52.5481387566465],[-1.99184049446614,52.548363501474],[-1.99147181924695,52.548363477388],[-1.99110314402843,52.5483634521537],[-1.9911031942796,52.5481387073372],[-1.99073452096721,52.5481386809604],[-1.99073446881059,52.5483634257713],[-1.99073441665325,52.5485881705737],[-1.99036573953067,52.5485881430375],[-1.98999706240884,52.5485881143532],[-1.98962838528777,52.5485880845207],[-1.98925970816749,52.54858805354],[-1.98925964838747,52.5488127983116],[-1.98889096936252,52.5488127661771],[-1.98852229033841,52.5488127328945],[-1.98815361131517,52.5488126984637],[-1.98778493229283,52.5488126628847],[-1.98778486488992,52.5490374076252],[-1.98741618396298,52.5490373708924],[-1.98704750303699,52.5490373330114],[-1.98667882211196,52.5490372939822],[-1.98631014118792,52.5490372538048],[-1.98594146026491,52.5490372124792],[-1.98594138333339,52.5492619571829],[-1.98557270050588,52.5492619147035],[-1.98520401767944,52.5492618710758],[-1.9848353348541,52.5492618262999],[-1.98446665204272,52.5492617806466],[-1.98446656749522,52.5494865253239],[-1.98409788279182,52.5494864785907],[-1.98409779634676,52.5497112232597],[-1.9837291097481,52.5497111753785],[-1.98336042315063,52.5497111263491],[-1.98299173655438,52.5497110761715],[-1.98299164441881,52.5499358208328],[-1.98262295592736,52.5499357695072],[-1.98262304995937,52.5497110248457],[-1.98225436336563,52.5497109723716],[-1.98225426743717,52.5499357170333],[-1.98188557894828,52.5499356634113],[-1.9815168904607,52.549935608641],[-1.98114820197447,52.5499355527224],[-1.9807795134896,52.5499354956556],[-1.98077940997396,52.5501602403096],[-1.98041071959401,52.5501601820948],[-1.98004202921549,52.5501601227317],[-1.9796733388384,52.5501600622204],[-1.97967344804344,52.5499353175659],[-1.9793047595643,52.5499352559062],[-1.97930464846278,52.5501600005608],[-1.97893595808866,52.5501599377531],[-1.97893584508014,52.5503846824943],[-1.97856715280992,52.550384618535],[-1.97819846054127,52.5503845534274],[-1.97819834343969,52.5506093004855],[-1.97782964924378,52.5506092341588],[-1.97746095504949,52.5506091666838],[-1.97746083408856,52.5508339135912],[-1.97709213796704,52.550833844897],[-1.97672344184718,52.5508337750545],[-1.97635474572902,52.5508337040638],[-1.97598604961258,52.5508336319249],[-1.97598592093441,52.5510583785396],[-1.97561722289081,52.5510583051813],[-1.97524852484898,52.5510582306749],[-1.97487982680895,52.5510581550202],[-1.97487969234226,52.5512829014131],[-1.97451099237513,52.551282824539],[-1.97414229240984,52.5512827465168],[-1.97377359244642,52.5512826673462],[-1.97377345219106,52.5515074135173],[-1.9734047503006,52.5515073331274],[-1.97303604841205,52.5515072515892],[-1.97266734652546,52.5515071689028],[-1.97229864464084,52.5515070850682],[-1.97192994275822,52.5515070000853],[-1.97156124087762,52.5515069139542],[-1.97156139270667,52.55128216821],[-1.97156154453367,52.5510574224572],[-1.97119284651299,52.5510573353201],[-1.97119300026683,52.5508325896299],[-1.97119315401858,52.550607843931],[-1.97082445985775,52.5506077557881],[-1.97082461553628,52.5503830101518],[-1.9704559233064,52.5503829209318],[-1.97045607995344,52.5501581762584],[-1.9704562365702,52.5499334316028],[-1.97008754813589,52.5499333412372],[-1.97008770664699,52.5497085965732],[-1.97008786515595,52.5494838519006],[-1.96971918051663,52.549483760387],[-1.96971934091986,52.5492590157059],[-1.96971950132094,52.5490342710163],[-1.96971966171986,52.5488095263182],[-1.96935098277178,52.5488094336566],[-1.96935114506487,52.54858468895],[-1.96898246801528,52.5485845951404],[-1.96898263220249,52.5483598504253],[-1.96898279638749,52.5481351057017],[-1.96898296057029,52.5479103609695],[-1.96861428921169,52.547910266012],[-1.96861445528851,52.5476855212714],[-1.96861462136309,52.5474607765223],[-1.96861478743544,52.5472360317646],[-1.96824612176765,52.5472359356593],[-1.96824628973392,52.5470111908932],[-1.96824645769794,52.5467864461185],[-1.9682466256597,52.5465617013352],[-1.96861528563914,52.5465617974401],[-1.96861545170259,52.5463370526482],[-1.9686156177638,52.5461123078477],[-1.96861578382279,52.5458875630387],[-1.96861594987955,52.5456628182211],[-1.96898460227709,52.5456629131774],[-1.96898476643566,52.5454381683512],[-1.96898493059202,52.5452134235164],[-1.96935357919985,52.5452135173244],[-1.96935341693943,52.5454382621594],[-1.96972206744537,52.5454383548195],[-1.96972190707874,52.5456630996459],[-1.96972174670995,52.5458878444638],[-1.97009040101,52.5458879359761],[-1.97009024253508,52.5461126807855],[-1.97009008405803,52.5463374255864],[-1.97045874215226,52.5463375159507],[-1.97045858556915,52.5465622607431],[-1.97082724556153,52.5465623499594],[-1.97082709087242,52.5467870947434],[-1.97082693618122,52.5470118395187],[-1.97119559996789,52.5470119275871],[-1.97119544717076,52.5472366723539],[-1.97119529437157,52.5474614171122],[-1.97156396195259,52.5474615040326],[-1.97156381104755,52.5476862487824],[-1.97156366014048,52.5479109935236],[-1.97193233151593,52.5479110792959],[-1.97193218250307,52.5481358240287],[-1.97230085577676,52.5481359086528],[-1.97266952905241,52.5481359921288],[-1.97266967427278,52.547911247396],[-1.97303834565414,52.5479113297238],[-1.97303848897634,52.5476865849824],[-1.9726698194912,52.5476865026546],[-1.97266996470767,52.5474617579047],[-1.97303863229661,52.5474618402325],[-1.97340729988748,52.5474619214122],[-1.97377596748023,52.5474620014437],[-1.97377610700624,52.5472372566852],[-1.97377624653037,52.5470125119182],[-1.97414491033269,52.5470125908016],[-1.97414504795883,52.5467878460261],[-1.97377638605263,52.5467877671426],[-1.9734077241483,52.5467876871111],[-1.97303906224586,52.5467876059314],[-1.97303920555842,52.5465628611473],[-1.97303934886906,52.5463381163546],[-1.97340800697933,52.5463381975342],[-1.973408148392,52.546113452733],[-1.97340828980276,52.5458887079232],[-1.97340843121162,52.5456639631049],[-1.97303977878939,52.5456638819252],[-1.97303992209232,52.5454391370983],[-1.97304006539332,52.5452143922629],[-1.97340871402363,52.5452144734425],[-1.97340885542678,52.5449897285985],[-1.97340899682803,52.5447649837459],[-1.97304035198953,52.5447649025663],[-1.97304049528474,52.5445401577052],[-1.97304063857803,52.5443154128355],[-1.97267199753316,52.5443153305079],[-1.97267214272034,52.5440905856297],[-1.97230350357322,52.5440905021541],[-1.97193486442808,52.5440904175305],[-1.97193501340489,52.5438656726438],[-1.9719351623797,52.5436409277485],[-1.9715665270281,52.543640841977],[-1.97156667789665,52.5434160970733],[-1.97156682876317,52.5431913521609],[-1.97156697962767,52.5429666072401],[-1.97119834996525,52.5429665203207],[-1.97119850272338,52.5427417753913],[-1.97119865547946,52.5425170304534],[-1.97119880823349,52.5422922855069],[-1.97083018426004,52.5422921974398],[-1.97083033890761,52.5420674524848],[-1.97046171683182,52.5420673632699],[-1.97046186147221,52.5418426184793],[-1.9704620047428,52.5416178737],[-1.97009338659798,52.5416177833292],[-1.97009353183755,52.5413930385372],[-1.97009367707492,52.5411682937366],[-1.96972506287448,52.5411682022096],[-1.96972521008076,52.5409434573962],[-1.96972535728481,52.5407187125743],[-1.96972550448665,52.5404939677439],[-1.97009411277389,52.5404940592835],[-1.9700942580025,52.5402693144488],[-1.97046286432084,52.5402694048448],[-1.97083147064128,52.5402694940929],[-1.97120007696378,52.5402695821933],[-1.97120021627723,52.5400448373626],[-1.97156882063078,52.5400449243193],[-1.97193742498634,52.5400450101282],[-1.97193756035574,52.5398202652975],[-1.97193769572308,52.5395955204582],[-1.97230629613872,52.5395956051277],[-1.97267489655633,52.5395956886495],[-1.97267502797978,52.5393709438102],[-1.97304362642841,52.5393710261884],[-1.97304375587896,52.5391462813448],[-1.9734123523586,52.5391463625795],[-1.97341247983631,52.5389216177317],[-1.97378107434698,52.5389216978229],[-1.97378119985189,52.5386969529707],[-1.97414979239357,52.5386970319185],[-1.97414991592574,52.5384722870621],[-1.97451850649844,52.5384723648664],[-1.97451862805792,52.5382476200057],[-1.97488721666164,52.5382476966666],[-1.97525580526714,52.5382477721796],[-1.97525592288322,52.5380230273191],[-1.97525604049746,52.53779828245],[-1.97525615810988,52.5375735375724],[-1.97562474080493,52.5375736119508],[-1.9759933235017,52.5375736851814],[-1.97636190620018,52.5375737572643],[-1.97673048890032,52.5375738281994],[-1.97673037917073,52.5377985730596],[-1.97709896384322,52.5377986428427],[-1.97746754851733,52.537798711478],[-1.97783613319303,52.5377987789656],[-1.9778362370105,52.5375740341185],[-1.97783634082633,52.5373492892629],[-1.9778364446405,52.5371245443988],[-1.97783654845301,52.536899799526],[-1.97783665226388,52.5366750546448],[-1.97820522708788,52.5366751210066],[-1.97820532892652,52.5364503761212],[-1.97857390178147,52.5364504413398],[-1.97894247463794,52.5364505054107],[-1.97894257253385,52.5362257605256],[-1.97931114342126,52.5362258234533],[-1.97967971431012,52.5362258852332],[-1.97967962035531,52.5364506301095],[-1.98004819321616,52.5364506907374],[-1.98004828520042,52.5362259458656],[-1.98041685609212,52.5362260053502],[-1.98041694610436,52.5360012604743],[-1.98041703611513,52.5357765155899],[-1.98078560306719,52.5357765739358],[-1.98078569110601,52.5355518290472],[-1.98078577914338,52.5353270841501],[-1.98041721613225,52.5353270257953],[-1.9804173061386,52.5351022808852],[-1.98078586717932,52.5351023392445],[-1.98115442822139,52.5351023964562],[-1.98152298926479,52.5351024525203],[-1.98189155030949,52.5351025074367],[-1.98189146818483,52.5353272523289],[-1.98189138605879,52.5355519972125],[-1.98152282107322,52.5355519423051],[-1.98152273697535,52.5357766871847],[-1.98152265287608,52.5360014320557],[-1.98189122180263,52.5360014869542],[-1.98225979073046,52.536001540705],[-1.98225971057085,52.5362262855584],[-1.98262828147045,52.5362263381571],[-1.98262835965953,52.5360015933081],[-1.9826284378473,52.5357768484506],[-1.98262851603375,52.5355521035845],[-1.98299708102307,52.5355521550491],[-1.98336564601359,52.535552205366],[-1.98336572025783,52.5353274605004],[-1.9833657945008,52.5351027156263],[-1.98373435555162,52.5351027648046],[-1.98373442782293,52.5348780199265],[-1.98336586874251,52.5348779707436],[-1.98299730966326,52.5348779204131],[-1.9826287505852,52.534877868935],[-1.98262882876639,52.5346531240348],[-1.98262890694626,52.5344283791259],[-1.98226035181014,52.5344283264912],[-1.98226027165993,52.5346530714045],[-1.98189171455472,52.5346530176267],[-1.98152315745078,52.5346529627013],[-1.98152324154169,52.5344282177789],[-1.98189179667528,52.5344282727088],[-1.98189187879447,52.5342035277825],[-1.9818919609123,52.5339787828475],[-1.98226051210655,52.5339788366389],[-1.98226059225275,52.5337540916999],[-1.9822606707489,52.533529343969],[-1.98226074886046,52.5333045955825],[-1.98226082697071,52.5330798471875],[-1.98189228343357,52.5330797933618],[-1.98189236343329,52.5328550449482],[-1.98226090507967,52.5328550987839],[-1.98226098318733,52.5326303503718],[-1.98189244343168,52.5326302965261],[-1.98189252342875,52.5324055480954],[-1.98226106129368,52.5324056019511],[-1.98226113939874,52.5321808535218],[-1.9822612175025,52.5319561050841],[-1.98262975158729,52.5319561578123],[-1.98262982779911,52.5317314093759],[-1.98262990400966,52.531506660931],[-1.98262998021894,52.5312819124776],[-1.98226145180599,52.5312818597194],[-1.98226137370613,52.5315066081828],[-1.98226129560497,52.5317313566377],[-1.98189276341202,52.531731302752],[-1.98152423122029,52.5317312477188],[-1.98152431310267,52.531506499244],[-1.98152439498371,52.5312817507605],[-1.98189292339424,52.5312818058137],[-1.98189300338336,52.5310570573317],[-1.98226152990456,52.5310571112474],[-1.98263005642695,52.5310571640156],[-1.98263013263368,52.5308324155451],[-1.98263020883913,52.530607667066],[-1.98263028504332,52.5303829185784],[-1.98299880589535,52.5303829702292],[-1.98299888020779,52.530158221743],[-1.98299895451899,52.5299334732483],[-1.98336747159127,52.5299335237717],[-1.98336754401081,52.5297087752784],[-1.9837360591938,52.5297088246644],[-1.98373612972173,52.5294840761726],[-1.98410464301543,52.5294841244212],[-1.9841047116518,52.5292593759309],[-1.98410478028699,52.5290346274321],[-1.98447328980107,52.5290346745534],[-1.98447335654478,52.5288099260561],[-1.98447342328734,52.5285851775502],[-1.98447349002875,52.5283604290358],[-1.98447355676901,52.5281356805128],[-1.98484205874941,52.5281357265396],[-1.98484212360156,52.5279109780185],[-1.9848421884526,52.5276862294889],[-1.98484225330251,52.5274614809508],[-1.98484231815131,52.5272367324041],[-1.98447382371858,52.5272366863354],[-1.98447375698291,52.5274614348926],[-1.98410526070049,52.527461387701],[-1.98410519207352,52.5276861362596],[-1.98410512344536,52.5279108848097],[-1.98410505481604,52.5281356333513],[-1.98373655286413,52.5281355850425],[-1.98373648234339,52.5283603335855],[-1.98373641182146,52.5285850821201],[-1.98336790609015,52.5285850326839],[-1.98299940035996,52.5285849821005],[-1.98263089463092,52.5285849303696],[-1.98226238890306,52.5285848774913],[-1.98226246698604,52.5283601289168],[-1.98226254506772,52.5281353803336],[-1.9822626231481,52.527910631742],[-1.98226270122719,52.5276858831417],[-1.98226277930498,52.527461134533],[-1.98226285738146,52.5272363859156],[-1.98263135176814,52.5272364388539],[-1.98263142795322,52.527011690238],[-1.98226293545665,52.5270116372898],[-1.98226301353055,52.5267868886553],[-1.98226309160314,52.5265621400124],[-1.98189460288792,52.5265620858968],[-1.98189468284926,52.5263373372353],[-1.98189476280926,52.5261125885652],[-1.98189484276795,52.5258878398866],[-1.98189492272531,52.5256630911994],[-1.98189500268135,52.5254383425037],[-1.98189508528071,52.525213593588],[-1.98152660784893,52.5252135382593],[-1.98115813041837,52.5252134817834],[-1.98078965298906,52.5252134241602],[-1.98078974196094,52.5249886751069],[-1.98078983093146,52.524763926045],[-1.98078991990063,52.5245391769745],[-1.98079000886845,52.5243144278956],[-1.98115847905625,52.5243144855903],[-1.98152694924528,52.5243145421379],[-1.98189541943554,52.5243145975383],[-1.982263889627,52.5243146517914],[-1.98226397135218,52.5240899027756],[-1.98189550297105,52.5240898485045],[-1.98152703459111,52.5240897930862],[-1.98152711993564,52.5238650440259],[-1.98115865336722,52.5238649874425],[-1.98115874052071,52.5236402383558],[-1.9807902757638,52.5236401806073],[-1.98042181100817,52.5236401217117],[-1.98042190178083,52.5234153725806],[-1.98005343883673,52.5234153125199],[-1.98005353141824,52.5231905633624],[-1.97968507028568,52.5231905021366],[-1.97968516467598,52.5229657529527],[-1.97931670535497,52.5229656905619],[-1.97931680155402,52.5227409413516],[-1.97894834404454,52.5227408777958],[-1.97857988653645,52.5227408130929],[-1.97857998635436,52.5225160638383],[-1.97821153065783,52.5225159979704],[-1.97784307496273,52.5225159309553],[-1.9778431783994,52.5222911816566],[-1.97784328183452,52.5220664323493],[-1.97784338526809,52.5218416830334],[-1.97747493500476,52.5218416148178],[-1.97747504024685,52.5216168654755],[-1.97747514548737,52.5213921161248],[-1.97784359213061,52.521392184376],[-1.97784369555955,52.5211674350346],[-1.97784379898695,52.5209426856845],[-1.97747535596369,52.5209426173976],[-1.9774754611995,52.5207178680212],[-1.97747556643374,52.5204931186363],[-1.97710712703185,52.5204930491667],[-1.97710723407443,52.5202682997554],[-1.97673879648396,52.520268229121],[-1.97637035889503,52.5202681573395],[-1.97637046955578,52.5200434078841],[-1.97673890533484,52.5200434796833],[-1.97710734111542,52.5200435503356],[-1.97747577689751,52.5200436198408],[-1.97747567166641,52.5202683692428],[-1.97784410925986,52.5202684375832],[-1.9778440058371,52.5204931869588],[-1.97821244524193,52.5204932541343],[-1.97821234362755,52.5207180034836],[-1.97858078484375,52.5207180694942],[-1.97858068503781,52.5209428188171],[-1.97894912806537,52.5209428836628],[-1.97894903006792,52.5211676329594],[-1.97931747490685,52.5211676966401],[-1.97931737871794,52.5213924459103],[-1.97968582536823,52.5213925084261],[-1.9796857309879,52.5216172576698],[-1.98005417944957,52.5216173190207],[-1.98042262791255,52.5216173792245],[-1.9804225371509,52.5218421284239],[-1.98079098742523,52.5218421874627],[-1.98079089847229,52.5220669366357],[-1.98079080951799,52.5222916858001],[-1.98042235562348,52.5222916267971],[-1.9804222648577,52.5225163759709],[-1.98079072056234,52.522516434956],[-1.98079063160534,52.5227411841034],[-1.98115908912139,52.5227412419235],[-1.98115900197321,52.5229659910444],[-1.98152746130069,52.5229660476994],[-1.98152737596138,52.5231907967938],[-1.98189583710028,52.5231908522838],[-1.98189575356989,52.5234156013518],[-1.98189567003822,52.5236403504112],[-1.98226413479879,52.5236404047182],[-1.98226421652021,52.5234156556767],[-1.9826326794717,52.5234157088544],[-1.98300114242434,52.5234157608849],[-1.98300106432342,52.5236405098905],[-1.98336952908743,52.523640560756],[-1.98336945279557,52.5238653097351],[-1.98373791937096,52.5238653594354],[-1.98373799385255,52.5236406104742],[-1.98373806833298,52.5234158615045],[-1.98410653128892,52.5234159100936],[-1.98410660395797,52.5231911611333],[-1.98410667662588,52.5229664121645],[-1.98447513596245,52.5229664596423],[-1.9848435954229,52.522966505985],[-1.98521205530068,52.5229665512211],[-1.98521212256489,52.5227418022947],[-1.98521218982805,52.5225170533598],[-1.9855806461318,52.5225170974799],[-1.98594910243651,52.5225171404528],[-1.98594916612369,52.5222923915404],[-1.98594922980988,52.5220676426194],[-1.98558077708007,52.5220675996154],[-1.98558084255266,52.5218428506704],[-1.98558090802422,52.5216181017168],[-1.98594935717923,52.5216181447519],[-1.9859494208624,52.5213933958053],[-1.98594948454456,52.5211686468502],[-1.9863179301258,52.5211686887694],[-1.98631799201964,52.5209439398212],[-1.9863180539125,52.5207191908645],[-1.98631811580439,52.5204944418993],[-1.98668655602464,52.5204944827181],[-1.98705499624578,52.5204945223899],[-1.98742343646777,52.5204945609146],[-1.98742349299694,52.5202698119876],[-1.9874235495252,52.520045063052],[-1.98742360605255,52.5198203141079],[-1.98705517119222,52.5198202755364],[-1.98668673633275,52.5198202358179],[-1.98668679643354,52.519595486834],[-1.98631836336211,52.5195954459529],[-1.9863184252491,52.5193706969449],[-1.98594999396572,52.5193706549013],[-1.98595005763885,52.5191459058692],[-1.98558162814353,52.519145862663],[-1.98558169360275,52.5189211136068],[-1.98558175906095,52.5186963645421],[-1.98558182451811,52.5184716154688],[-1.98558188997425,52.5182468663869],[-1.98521346762814,52.5182468219716],[-1.984845045283,52.5182467764092],[-1.98484511431213,52.5180220272878],[-1.98447669455109,52.5180219805617],[-1.98447662371781,52.5182467297005],[-1.98410820238985,52.5182466818451],[-1.9841082750328,52.5180219326882],[-1.98410834767461,52.5177971835228],[-1.98447676538326,52.5177972314143],[-1.98447683621431,52.5175724822583],[-1.98410842031529,52.5175724343489],[-1.98410849295483,52.5173476851664],[-1.98410856559324,52.5171229359753],[-1.98374015331444,52.517122886883],[-1.98374023130178,52.5168981380832],[-1.98337182087497,52.5168980878303],[-1.98337190254194,52.5166733392238],[-1.98337198420769,52.5164485906087],[-1.98374039089448,52.5164486408854],[-1.98374047068904,52.5162238922736],[-1.98374055048242,52.5159991436533],[-1.98410895343042,52.5159991928067],[-1.98410903135268,52.5157744441897],[-1.98447743243187,52.5157744922082],[-1.98447750848307,52.5155497435944],[-1.98484590794892,52.5155497904719],[-1.98484598212755,52.515325041861],[-1.98484605630506,52.5151002932416],[-1.98447766058206,52.5151002463414],[-1.9841092651125,52.5151001982873],[-1.98410918719373,52.51532494693],[-1.98410910927379,52.5155496955641],[-1.98374071006562,52.515549646387],[-1.98374063027461,52.5157743950244],[-1.98337222919768,52.5157743447122],[-1.98337214753556,52.5159990933529],[-1.98300374458986,52.5159990419058],[-1.98300366105658,52.5162237905498],[-1.98263525624211,52.5162237379675],[-1.98263517083762,52.5164484866148],[-1.98226676415439,52.5164484328975],[-1.98226685142885,52.5162236842385],[-1.98189844661682,52.5162236293625],[-1.98189853575995,52.5159988806831],[-1.98189862490176,52.5157741319951],[-1.98153022383087,52.5157740759487],[-1.98153031484127,52.5155493272404],[-1.98116191564156,52.5155492700354],[-1.9811620085205,52.5153245213067],[-1.98116210139808,52.5150997725695],[-1.9807937059394,52.5150997141941],[-1.98079380068544,52.5148749654366],[-1.98042540709792,52.5148749059026],[-1.98042550371238,52.5146501571247],[-1.98005711199601,52.5146500964322],[-1.98005721047884,52.514425347634],[-1.97968882063363,52.5144252857829],[-1.97968892098477,52.5142005369645],[-1.98005730896023,52.5142005988273],[-1.98005740744018,52.5139758500121],[-1.97968902133445,52.5139757881375],[-1.97968912168267,52.513751039302],[-1.97932073744805,52.5137509762688],[-1.97932083966449,52.513526227413],[-1.97895245730097,52.5135261632214],[-1.97895235321486,52.513750912089],[-1.97895224912723,52.513975660948],[-1.97858386302579,52.5139755956331],[-1.97821547692583,52.5139755291714],[-1.97821558475286,52.5137507802889],[-1.97821569257833,52.513526031398],[-1.97821580040224,52.5133012824984],[-1.97784741991281,52.5133012148548],[-1.9778475296048,52.5130764659351],[-1.97747915098653,52.5130763971331],[-1.97747926254653,52.5128516481931],[-1.97711088579942,52.5128515782326],[-1.97711099922739,52.5126268292724],[-1.97674262435143,52.5126267581536],[-1.97674273964732,52.5124020091731],[-1.97637436664252,52.5124019368959],[-1.97637448380628,52.5121771878952],[-1.97637460096836,52.511952438886],[-1.97637471812876,52.5117276898682],[-1.9760063507341,52.5117276164093],[-1.97600646976227,52.5115028673714],[-1.97563810423871,52.5115027927542],[-1.97563822513461,52.511278043696],[-1.97563834602877,52.5110532946293],[-1.97526998424572,52.5110532188422],[-1.97527010700753,52.5108284697553],[-1.97490174709557,52.5108283928098],[-1.97453338718533,52.5108283147178],[-1.97453326068476,52.5110530638279],[-1.9741648989069,52.5110529846008],[-1.97416477053512,52.511277733714],[-1.97379640688962,52.5112776533519],[-1.97379627664658,52.5115024024681],[-1.97416464216151,52.5115024828187],[-1.97416451378607,52.5117272319148],[-1.97379614640169,52.5117271515758],[-1.97379601615494,52.5119519006749],[-1.97416438540879,52.5119519810023],[-1.97453275466443,52.511952060183],[-1.97453262815483,52.5121768092504],[-1.97416425702969,52.5121767300813],[-1.97416412864876,52.5124014791518],[-1.97379575565587,52.5124013988476],[-1.97379562540355,52.5126261479211],[-1.97379549514938,52.5128508969861],[-1.97342711841916,52.5128508155584],[-1.97342698629353,52.5130755646264],[-1.97342685416602,52.5133003136858],[-1.9730584736984,52.5133002311345],[-1.97305860769553,52.5130754820635],[-1.97305874169077,52.5128507329839],[-1.97305887568409,52.5126259838958],[-1.97305900967552,52.5124012347991],[-1.9726906366881,52.5124011510548],[-1.97269077254715,52.512176401938],[-1.97269090840426,52.5119516528127],[-1.97269104425945,52.5117269036788],[-1.97269118011271,52.5115021545364],[-1.97232281460513,52.5115020695991],[-1.97232295232589,52.5112773204366],[-1.97195458868964,52.5112772343411],[-1.97158622505532,52.5112771470989],[-1.9715860835957,52.5115018962846],[-1.9712177180939,52.5115018079073],[-1.97121757476282,52.5117265570959],[-1.97084920739354,52.5117264675834],[-1.97084906219096,52.511951216775],[-1.97121743142972,52.511951306276],[-1.97121728809459,52.5121760554475],[-1.97158565920483,52.5121761437902],[-1.97195403031702,52.5121762309861],[-1.97195389071892,52.5124009801261],[-1.9715855177372,52.5124008929416],[-1.97121714475743,52.5124008046104],[-1.97084877177964,52.5124007151326],[-1.97084891698632,52.5121759659581],[-1.97048054588005,52.512175875322],[-1.97048069295419,52.5119511261274],[-1.97011232371945,52.5119510343331],[-1.96974395448675,52.5119509413921],[-1.96937558525612,52.5119508473044],[-1.96900721602759,52.51195075207],[-1.96863884680119,52.5119506556889],[-1.96827047757692,52.5119505581612],[-1.96827031928577,52.5121753074246],[-1.96790195089316,52.5121752081645],[-1.96790179073686,52.5123999574444],[-1.9675334229548,52.5123998565295],[-1.96753326093478,52.5126246058394],[-1.96716489129347,52.5126245038162],[-1.96679652165439,52.5126244006462],[-1.96642815201757,52.5126242963295],[-1.96605978238303,52.5126241908661],[-1.96569141275081,52.5126240842559],[-1.96532304312092,52.512623976499],[-1.96495467349339,52.5126238675953],[-1.96458630386825,52.5126237575448],[-1.96458648078003,52.5123990079279],[-1.96458665768934,52.5121742583025],[-1.96458683459619,52.5119495086686],[-1.96458701150057,52.5117247590262],[-1.96458718840248,52.5115000093752],[-1.96458736530193,52.5112752597158],[-1.96495572375863,52.5112753699963],[-1.96495589879429,52.5110506203667],[-1.96495607382751,52.5108258707285],[-1.96495624885829,52.5106011210818],[-1.96495642388664,52.5103763714266],[-1.96495659891254,52.5101516217629],[-1.964956773936,52.5099268720907],[-1.96495694895702,52.50970212241],[-1.9649571239756,52.5094773727207],[-1.96495729899174,52.5092526230229],[-1.9653256406998,52.509252732502],[-1.96569398241022,52.5092528408344],[-1.96606232412298,52.5092529480202],[-1.96643066583804,52.5092530540594],[-1.96679900755539,52.509253158952],[-1.96679884184488,52.5094779084579],[-1.96716718542561,52.5094780121655],[-1.96753552900859,52.5094781147265],[-1.96753569099685,52.5092533652973],[-1.96790403272091,52.5092534667501],[-1.9679041928458,52.5090287173509],[-1.96827253515937,52.5090288169587],[-1.96864088008234,52.5090289146354],[-1.96864103647318,52.5088041652638],[-1.96900937952914,52.5088042618054],[-1.96937772258722,52.5088043572005],[-1.9693778763875,52.5085796078046],[-1.9697462175714,52.5085797020612],[-1.97011455875738,52.5085797951713],[-1.97011470956045,52.5083550457528],[-1.9704830488689,52.5083551377222],[-1.97048319779027,52.508130388301],[-1.97085153522117,52.5081304791297],[-1.97121987265408,52.5081305688119],[-1.97122001781425,52.5079058193939],[-1.97158835336959,52.5079059079354],[-1.97158849664819,52.5076811585148],[-1.97195683032596,52.5076812459157],[-1.97195697172304,52.5074564964924],[-1.97232530352324,52.5074565827527],[-1.97269363532536,52.5074566678665],[-1.97269377296147,52.5072319184465],[-1.973062102886,52.5072320024196],[-1.97343043281239,52.5072320852463],[-1.97379876274062,52.5072321669265],[-1.97416709267067,52.5072322474602],[-1.974167222787,52.5070074980554],[-1.97379889473641,52.5070074175157],[-1.97343056668764,52.5070073358296],[-1.97343070056101,52.5067825864043],[-1.97379902673035,52.5067826680964],[-1.97416735290149,52.506782748642],[-1.97416748301415,52.5065579992201],[-1.97453580730768,52.5065580786251],[-1.97453593553911,52.5063333292006],[-1.97490425795502,52.5063334074652],[-1.97490438430528,52.5061086580381],[-1.97527270484357,52.5061087351622],[-1.9752728293127,52.5058839857325],[-1.97564114797337,52.5058840617161],[-1.97600946663573,52.5058841365533],[-1.97600958734448,52.5056593871271],[-1.97637790412919,52.5056594608238],[-1.97674622091555,52.5056595333741],[-1.97711453770353,52.505659604778],[-1.9774828544931,52.5056596750355],[-1.97748296768298,52.5054349256248],[-1.97785128259483,52.5054349947418],[-1.97821959750822,52.5054350627125],[-1.97858791242313,52.5054351295367],[-1.97895622733954,52.5054351952146],[-1.97932454225741,52.505435259746],[-1.97969285717673,52.5054353231309],[-1.98006117209747,52.5054353853695],[-1.98006127213089,52.5052106359927],[-1.98042958517376,52.5052106970909],[-1.980797898218,52.5052107570428],[-1.98116621126358,52.5052108158482],[-1.98153452431048,52.5052108735072],[-1.98153443179412,52.5054356228595],[-1.98190274672158,52.505435679366],[-1.98190265608316,52.5056604287036],[-1.98227097289118,52.5056604840575],[-1.98263928970044,52.505660538265],[-1.98263937658028,52.5054357889397],[-1.98263946345886,52.5052110396058],[-1.9830077765108,52.5052110926792],[-1.98300786150887,52.5049863433429],[-1.98337617268276,52.5049863952761],[-1.98374448385782,52.5049864460628],[-1.98411279503403,52.5049864957032],[-1.98448110621136,52.5049865441971],[-1.98484941756928,52.5049865914916],[-1.98521772947754,52.5049866374774],[-1.98558604138686,52.5049866823168],[-1.9859543532972,52.5049867260098],[-1.98595442323638,52.5047619766894],[-1.98632273326108,52.5047620192345],[-1.98669104328675,52.5047620606332],[-1.98705935331338,52.5047621008855],[-1.98742766334093,52.5047621399914],[-1.98779597336938,52.5047621779509],[-1.98816428339871,52.504762214764],[-1.98816422477937,52.5049869640935],[-1.98853253669619,52.5049869997617],[-1.98890084861383,52.5049870342835],[-1.98926916053228,52.5049870676589],[-1.9896374724515,52.504987099888],[-1.98963742137792,52.5052118492146],[-1.99000573518456,52.5052118802987],[-1.99037404899192,52.5052119102364],[-1.99074236279998,52.5052119390276],[-1.99111067660872,52.5052119666725],[-1.99147899041811,52.505211993171],[-1.99147903205836,52.5049872438372],[-1.99184734398171,52.5049872691879],[-1.99184730422812,52.505212018523],[-1.99221561803874,52.5052120427286],[-1.99258393184993,52.5052120657879],[-1.99295224566167,52.5052120877007],[-1.99332055947394,52.5052121084671],[-1.99332052726647,52.5054368577991],[-1.99368884296593,52.5054368774205],[-1.99405715866587,52.5054368958954],[-1.99405718709996,52.5052121465607],[-1.99442550091366,52.5052121638879],[-1.99479381472779,52.5052121800687],[-1.99516212854231,52.5052121951031],[-1.99553044235722,52.5052122089911],[-1.99589875617247,52.5052122217327],[-1.99626706998805,52.5052122333278],[-1.99663538380394,52.5052122437766],[-1.9970036976201,52.505212253079],[-1.99700368427953,52.5054370024239],[-1.99737199998263,52.5054370105811],[-1.99774031568596,52.5054370175919],[-1.99810863138949,52.5054370234563],[-1.99810862370876,52.5056617727964],[-1.99774030611852,52.5056617669308],[-1.99737198852847,52.5056617599188],[-1.99700367093866,52.5056617517603],[-1.99663535334909,52.5056617424555],[-1.99663533812118,52.5058864917821],[-1.99700365759749,52.5058865010882],[-1.99700364425602,52.5061112504075],[-1.99737196561934,52.5061112585684],[-1.99737197707405,52.5058865092479],[-1.99774029655083,52.5058865162611],[-1.99810861602782,52.505886522128],[-1.99810860834664,52.506111271451],[-1.99847692971057,52.5061112761726],[-1.99884525107465,52.5061112797478],[-1.99921357243886,52.5061112821765],[-1.99921357041783,52.5063360314945],[-1.99958189366893,52.506336032778],[-1.99995021692011,52.506336032915],[-2.00031854017134,52.5063360319056],[-2.00068686342259,52.5063360297497],[-2.00068686894868,52.5065607790639],[-2.00105519408675,52.5065607757627],[-2.0014235192248,52.5065607713151],[-2.00179184476329,52.5065607653732],[-2.0021601703017,52.5065607582848],[-2.00252849584001,52.50656075005],[-2.00252851078485,52.5067854993241],[-2.00289683820475,52.5067854899315],[-2.00326516562451,52.5067854793924],[-2.00363349304409,52.5067854677068],[-2.0036335136342,52.5070102169383],[-2.00326518433289,52.5070102286352],[-2.00326520304139,52.5072349778694],[-2.00363353422447,52.5072349661611],[-2.00400186540735,52.5072349533064],[-2.00437019659,52.5072349393052],[-2.00473852777242,52.5072349241575],[-2.00510685895456,52.5072349078633],[-2.0054751901364,52.5072348904226],[-2.00584352131792,52.5072348718354],[-2.0062118524991,52.5072348521018],[-2.006211886262,52.5074596012364],[-2.00658021932459,52.5074595803448],[-2.00658025496961,52.5076843294594],[-2.00694858991362,52.5076843074099],[-2.00694862744082,52.5079090565046],[-2.00731696426624,52.5079090332971],[-2.00731700367568,52.5081337823717],[-2.00768534238251,52.5081337580063],[-2.00768538367422,52.5083585070609],[-2.00805372426247,52.5083584815375],[-2.00805368108886,52.5081337324944],[-2.00805363791571,52.5079089834427],[-2.00768530109121,52.5079090089431],[-2.00768525980033,52.5076842598714],[-2.0073169248572,52.5076842842139],[-2.00731688544855,52.5074595351222],[-2.00694855238678,52.5074595583067],[-2.00694851486032,52.507234809195],[-2.00694847733423,52.5070100600747],[-2.00731680663246,52.507010036913],[-2.00731684604031,52.5072347860219],[-2.00768517721985,52.5072347617023],[-2.00768521850988,52.5074595107911],[-2.00805355157074,52.5074594853135],[-2.008053594743,52.5076842343824],[-2.00842192968517,52.5076842077469],[-2.00842197473971,52.5079089567957],[-2.00842201979473,52.5081337058359],[-2.00879035850007,52.5081336780309],[-2.00879040543744,52.5083584270511],[-2.0087904523753,52.5085831760628],[-2.00915879484389,52.5085831470883],[-2.00915884404608,52.508807895865],[-2.00915889378178,52.5090326443335],[-2.00952724000709,52.5090326142099],[-2.00952729162072,52.5092573626727],[-2.00952734323489,52.5094821111269],[-2.00989569321444,52.5094820798626],[-2.00989574670661,52.5097068283112],[-2.00989580019934,52.5099315767512],[-2.0102641539332,52.5099315443461],[-2.01026420930401,52.5101562927805],[-2.01063256491471,52.5101562592317],[-2.01100092052475,52.5101562245363],[-2.01100097965121,52.5103809729678],[-2.01136933713807,52.5103809371287],[-2.01136939814272,52.5106056855545],[-2.01173775750641,52.5106056485716],[-2.01210611686936,52.5106056104421],[-2.01210618162983,52.5108303588651],[-2.01247454286958,52.5108303195918],[-2.01284290410853,52.5108302791718],[-2.01284297262492,52.5110550275919],[-2.01321133574065,52.5110549860282],[-2.01321126534666,52.5108302376052],[-2.01357962658394,52.510830194892],[-2.01394798782035,52.5108301510321],[-2.01431634905587,52.5108301060256],[-2.01468471029046,52.5108300598725],[-2.01505307152411,52.5108300125727],[-2.01542143275679,52.5108299641263],[-2.01578979398848,52.5108299145332],[-2.01615815521914,52.5108298637935],[-2.01615824063394,52.5110546122387],[-2.01652660374116,52.5110545603551],[-2.01652669103457,52.5112793087945],[-2.01689505601835,52.511279255767],[-2.01689496684731,52.5110545073249],[-2.01726332995236,52.5110544531481],[-2.01726323890477,52.5108297046947],[-2.0176316001311,52.5108296493685],[-2.01799996135629,52.5108295928956],[-2.01799986655461,52.5106048444283],[-2.01836822664959,52.510604786696],[-2.01873658698042,52.5106047277821],[-2.01910494731002,52.5106046677217],[-2.01947330763837,52.5106046065146],[-2.01947341003255,52.5108293549496],[-2.01984177225899,52.5108292925872],[-2.02021013448414,52.5108292290781],[-2.02057849670795,52.5108291644224],[-2.02094685893041,52.51082909862],[-2.02094696892341,52.5110538470114],[-2.02057860480156,52.5110539128226],[-2.02021024067834,52.5110539774871],[-2.0198418765538,52.5110540410049],[-2.01984198084986,52.5112787894142],[-2.02021034687383,52.5112787258875],[-2.02057871289647,52.5112786612142],[-2.02094707891775,52.5112785953943],[-2.02094718891341,52.5115033437686],[-2.0209472989104,52.5117280921344],[-2.02131566872924,52.5117280251502],[-2.02131555683277,52.5115032767932],[-2.02168392475072,52.5115032086712],[-2.02168381095616,52.5112784603145],[-2.02205217697323,52.5112783910546],[-2.02205229266724,52.5115031394025],[-2.02205240836266,52.5117278877419],[-2.02242077817721,52.5117278173177],[-2.02242066058231,52.5115030689872],[-2.0227890284959,52.5115029974252],[-2.02278914799027,52.5117277457469],[-2.02315751780182,52.5117276730294],[-2.02315739640797,52.5115029247165],[-2.02352576431852,52.5115028508612],[-2.02389413222752,52.5115027758592],[-2.02389400703624,52.5112780275556],[-2.0242623730442,52.5112779514158],[-2.02463073905056,52.5112778741294],[-2.02463061006196,52.5110531258349],[-2.02499897416726,52.5110530474108],[-2.0253673382709,52.51105296784],[-2.02573570237286,52.5110528871225],[-2.02573583705973,52.5112776353903],[-2.02573597174826,52.5115023836496],[-2.02610433964739,52.5115023017677],[-2.02610447623705,52.5117270500094],[-2.02573610643845,52.5117271319003],[-2.02536773663813,52.5117272126444],[-2.02536786943047,52.5119519608954],[-2.02536800222443,52.5121767091379],[-2.02536813502001,52.5124014573718],[-2.02536826781723,52.5126262055971],[-2.02536840061607,52.5128509538139],[-2.02536853341654,52.5130757020221],[-2.02536866621863,52.5133004502217],[-2.02536879902235,52.5135251984128],[-2.02573718401938,52.5135251175974],[-2.02573731872443,52.513749865771],[-2.02610570561945,52.5137497838],[-2.02647409251273,52.5137497006821],[-2.02647423101889,52.5139744488293],[-2.02647436952675,52.514199196968],[-2.02684276021776,52.5141991126855],[-2.02684290062709,52.5144238608067],[-2.02721129321609,52.5144237753686],[-2.02757968580329,52.5144236887836],[-2.02757983001395,52.5146484368783],[-2.0275799742264,52.5148731849644],[-2.02758011844063,52.515097933042],[-2.02794851672547,52.5150978452834],[-2.02794866284134,52.5153225933434],[-2.02794880895903,52.5155473413949],[-2.02831721104178,52.5155472524716],[-2.0283173590612,52.5157720005055],[-2.02831750708244,52.5159967485309],[-2.02868591296319,52.5159966584427],[-2.02868606288623,52.5162214064506],[-2.02905447066506,52.5162213152066],[-2.02905462248996,52.5164460631969],[-2.02905477431673,52.5166708111786],[-2.02905492614539,52.5168955591517],[-2.02905507784245,52.5171203071051],[-2.02942349321031,52.5171202146795],[-2.02942364650988,52.5173449625963],[-2.02942379981133,52.5175697105045],[-2.02905538069996,52.5175698029409],[-2.02868696158667,52.5175698942303],[-2.0283185424715,52.5175699843728],[-2.02831839478536,52.5173452364485],[-2.0279499775401,52.5173453254388],[-2.027581560293,52.5173454132822],[-2.02758141635216,52.5171206653387],[-2.027213000975,52.5171207520298],[-2.02684458559605,52.5171208375741],[-2.02684444524384,52.5168960895742],[-2.02647603175387,52.5168961739639],[-2.02610761826213,52.5168962572067],[-2.02610748163389,52.5166715091619],[-2.02573907004048,52.5166715912489],[-2.02537065844535,52.516671672189],[-2.02537052561884,52.5164469241178],[-2.02500211592207,52.5164470039022],[-2.02463370622363,52.5164470825397],[-2.02463357719875,52.5162223344421],[-2.02426516939869,52.5162224119239],[-2.02389676159702,52.5162224882588],[-2.02389688682189,52.5164472363741],[-2.02426529652356,52.5164471600303],[-2.02426542364999,52.5166719081282],[-2.02463383525008,52.5166718306287],[-2.02463396427811,52.5168965787091],[-2.02500237777663,52.5168965000538],[-2.02537079127349,52.5168964202517],[-2.02537092406289,52.5171211682823],[-2.02573933944874,52.5171210873256],[-2.02573947403084,52.5173458352957],[-2.02610789128674,52.5173457531868],[-2.02610802774225,52.517570501143],[-2.02647644686822,52.5175704178819],[-2.02684486599245,52.5175703334739],[-2.02684500619321,52.517795081411],[-2.02721342718747,52.5177949958507],[-2.02758184817995,52.5177949091436],[-2.02758199212606,52.5180196570615],[-2.02795041498854,52.5180195692021],[-2.0283188378492,52.5180194801958],[-2.02868726070799,52.5180193900425],[-2.02868741027139,52.5182441379358],[-2.02905583500014,52.5182440466303],[-2.02905598643725,52.5184687945096],[-2.02942441303596,52.5184687020518],[-2.02942456634682,52.5186934499173],[-2.02942471965957,52.5189181977741],[-2.02979315000016,52.5189181041586],[-2.02979330518673,52.5191428520015],[-2.0297934603752,52.5193675998359],[-2.02979361556558,52.5195923476617],[-2.02979377075787,52.5198170954789],[-2.03016220858443,52.5198170006949],[-2.03053064640901,52.5198169047639],[-2.03089908423158,52.5198168076858],[-2.03089892342323,52.5195920598848],[-2.03126735937174,52.5195919616651],[-2.03126752205211,52.5198167094608],[-2.03163595987058,52.5198166100887],[-2.031636124425,52.5200413578704],[-2.03163628898144,52.5202661056435],[-2.03163645353992,52.520490853408],[-2.03163661810042,52.520715601164],[-2.03163678266296,52.5209403489114],[-2.03126833548402,52.5209404483106],[-2.03126849817642,52.5211651960548],[-2.03090004912325,52.5211652943124],[-2.03053160006805,52.5211653914228],[-2.03053175901807,52.5213901391694],[-2.03090020994546,52.5213900420535],[-2.03126866087082,52.5213899437906],[-2.03163711179412,52.5213898443806],[-2.03200556271534,52.5213897438235],[-2.03237401363445,52.5213896421193],[-2.03274246455143,52.5213895392681],[-2.03274263473671,52.5216142869735],[-2.03274280492409,52.5218390346704],[-2.03311125958337,52.5218389306612],[-2.03311143164512,52.522063678344],[-2.03311160370901,52.5222884260183],[-2.03311177577502,52.522513173684],[-2.03311194784317,52.5227379213411],[-2.03311211991344,52.5229626689897],[-2.03311229198585,52.5231874166297],[-2.03311246406038,52.5234121642611],[-2.03311263613705,52.523636911884],[-2.03311280821584,52.5238616594984],[-2.03311298029677,52.5240864071041],[-2.03311315237982,52.5243111547014],[-2.033113324465,52.52453590229],[-2.03348180159093,52.5245357970681],[-2.03348197555081,52.5247605446427],[-2.0338504545471,52.5247604382681],[-2.03385063038172,52.5249851858287],[-2.03421911124836,52.5249850783014],[-2.03421928895778,52.5252098258479],[-2.03458777169477,52.5252097171679],[-2.03458795211926,52.5254344644919],[-2.03458813507674,52.5256592111792],[-2.0345883180364,52.525883957858],[-2.03495680533686,52.525883848057],[-2.0349569901679,52.5261085947165],[-2.03458850099824,52.5261087045283],[-2.03458868396226,52.52633345119],[-2.03458886692846,52.5265581978431],[-2.03458904989685,52.5267829444877],[-2.03422055437728,52.5267830532358],[-2.03422073552702,52.5270077998821],[-2.03422091667891,52.5272325465198],[-2.03422109783297,52.527457293149],[-2.0345895988151,52.52745718437],[-2.03495809920221,52.5274570744932],[-2.03495791435743,52.5272323278852],[-2.03495772951495,52.5270075812685],[-2.03495754467475,52.5267828346434],[-2.03532603885064,52.5267827236932],[-2.03532622560109,52.5270074703071],[-2.03532641235385,52.5272322169124],[-2.03532659910892,52.5274569635091],[-2.03569509901325,52.5274568513777],[-2.03606359891516,52.527456738099],[-2.0360637894932,52.5276814846644],[-2.03569528768096,52.5276815979545],[-2.03569547635101,52.5279063445227],[-2.0356956650234,52.5281310910824],[-2.03606417065636,52.5281309777697],[-2.03606436124149,52.5283557243094],[-2.03643286878243,52.528355609838],[-2.03643306128034,52.5285803563579],[-2.03643325378065,52.5288051028691],[-2.03643344628335,52.5290298493719],[-2.03643363878844,52.529254595866],[-2.03680215396876,52.5292544802018],[-2.03680234838677,52.529479226676],[-2.03680254280719,52.5297039731417],[-2.0371710618061,52.5297038563073],[-2.03717125813951,52.5299286027531],[-2.03717145447537,52.5301533491902],[-2.03680293165528,52.5301534660473],[-2.03680312608295,52.5303782124873],[-2.03680332051303,52.5306029589187],[-2.03643479386918,52.5306030746511],[-2.036434986391,52.5308278210853],[-2.03606645783401,52.5308279356816],[-2.03569792927458,52.5308280491305],[-2.03569811797739,52.5310527955789],[-2.03532958750485,52.5310529078916],[-2.03496105702993,52.531053019057],[-2.03459252671075,52.5310531291071],[-2.0342239965913,52.531053238051],[-2.03422417778204,52.5312779845346],[-2.03385564583908,52.5312780923413],[-2.0334871138939,52.5312781990005],[-2.03311858194655,52.5312783045123],[-2.03311840621968,52.5310535579979],[-2.03274987609146,52.5310536623519],[-2.03275004999705,52.5312784088766],[-2.0323815180454,52.5312785120935],[-2.03238169013174,52.5315032586198]]],[[[-1.99810861602782,52.505886522128],[-1.99810862370876,52.5056617727964],[-1.99847694129919,52.5056617775156],[-1.9984769470932,52.5054370281742],[-1.99884526279706,52.5054370317458],[-1.99921357850104,52.5054370341709],[-1.99958189420513,52.5054370354496],[-1.9999502099093,52.5054370355819],[-2.00031852561352,52.5054370345678],[-2.00031852925309,52.5056617839151],[-2.00068684684405,52.5056617817557],[-2.00105516443501,52.5056617784499],[-2.00142348202595,52.5056617739977],[-2.00179180003785,52.505661768101],[-2.00179181121917,52.5058865174319],[-2.00216013111261,52.5058865103775],[-2.00252845100594,52.5058865021766],[-2.00289677089916,52.5058864928294],[-2.00289678772541,52.5061112421177],[-2.00326510950011,52.5061112316127],[-2.00363343127464,52.5061112199612],[-2.00400175304898,52.5061112071632],[-2.0040017755203,52.506335956409],[-2.00363345186431,52.5063359692183],[-2.00326512820812,52.5063359808811],[-2.00289680455176,52.5063359913975],[-2.00252848089525,52.5063360007675],[-2.00252846595056,52.5061112514763],[-2.00216014417559,52.5061112596885],[-2.00179182240052,52.5061112667542],[-2.00142350062538,52.5061112726735],[-2.00105517926093,52.5061112771234],[-2.00068685789646,52.5061112804269],[-2.00068685237028,52.5058865310956],[-2.00031853289258,52.5058865332538],[-1.9999502134149,52.5058865342656],[-1.99958189393728,52.5058865341309],[-1.99921357445974,52.5058865328498],[-1.99884525498229,52.5058865304223],[-1.99847693550498,52.5058865268484],[-1.99810861602782,52.505886522128]]],[[[-1.97968882063363,52.5144252857829],[-1.97968872028102,52.5146500345928],[-1.98005711199601,52.5146500964322],[-1.98005701351175,52.5148748452218],[-1.98005691502605,52.5150995940028],[-1.98005681653892,52.5153243427753],[-1.98042521386477,52.5153244034326],[-1.98079361119197,52.5153244629431],[-1.98079351644315,52.5155492116835],[-1.98116191564156,52.5155492700354],[-1.98116182276125,52.5157740187555],[-1.98116172987959,52.5159987674671],[-1.98079332694136,52.5159987091387],[-1.98079323218839,52.5162234578535],[-1.98042482738154,52.5162233983901],[-1.9804247307572,52.5164481471081],[-1.98005632408174,52.5164480865096],[-1.98005622558599,52.5166728352308],[-1.97968781704191,52.5166727734972],[-1.97968771667471,52.5168975222216],[-1.97968761832396,52.5171222711718],[-1.97931920605965,52.5171222083166],[-1.97931910989681,52.5173469577405],[-1.97895069582429,52.5173468937563],[-1.97858228175316,52.5173468286251],[-1.97858218196968,52.5175715780762],[-1.97821376609037,52.5175715118159],[-1.97784535021249,52.5175714444087],[-1.97747693433606,52.5175713758546],[-1.97747682912222,52.5177961253506],[-1.97710841143766,52.5177960556673],[-1.97673999375461,52.5177959848371],[-1.97674010258769,52.5175712353055],[-1.97637168671578,52.5175711633106],[-1.97600327084543,52.5175710901688],[-1.97563485497665,52.51757101588],[-1.97526643910947,52.5175709404443],[-1.97526655517932,52.517346190833],[-1.97489814112337,52.5173461142326],[-1.97489802324392,52.5175708638616],[-1.97452960738002,52.517570786132],[-1.97416119151778,52.5175707072555],[-1.97379277565724,52.5175706272321],[-1.97379289896548,52.5173458775499],[-1.97342448491625,52.5173457963618],[-1.97305607086877,52.5173457140268],[-1.97268765682306,52.5173456305448],[-1.97231924277913,52.517345545916],[-1.97195082873702,52.5173454601402],[-1.9719509610913,52.517120710361],[-1.97195109834123,52.5168959611293],[-1.97231950872063,52.516896046936],[-1.97231937332384,52.5171207961545],[-1.97268778555819,52.517120880801],[-1.97268791910193,52.5168961315958],[-1.97268805499958,52.5166713826499],[-1.9723196464883,52.5166712979785],[-1.97231978425401,52.5164465490126],[-1.97231992201777,52.5162218000381],[-1.97268832678907,52.5162218847326],[-1.97268819089529,52.5164466336955],[-1.97305659753844,52.5164467172315],[-1.97305673156225,52.5162219682802],[-1.97305686558415,52.5159972193203],[-1.97342526848923,52.5159973017326],[-1.97342540063931,52.5157725527757],[-1.9734255327875,52.5155478038102],[-1.97379393195459,52.5155478850989],[-1.97379406223103,52.5153231361365],[-1.97379419250561,52.5150983871656],[-1.97416258793477,52.5150984673306],[-1.97416271633767,52.5148737183627],[-1.97416284473874,52.5146489693862],[-1.97453123643005,52.5146490484276],[-1.97453136295951,52.5144242994542],[-1.97453148948717,52.5141995504723],[-1.97453161601303,52.5139748014819],[-1.97490000209683,52.5139748794113],[-1.97526838818237,52.513974956194],[-1.97526851096701,52.5137502072182],[-1.97490012675118,52.5137501304239],[-1.97490025140374,52.513525381428],[-1.9752686337499,52.5135254582339],[-1.97526875653103,52.513300709241],[-1.9752688793104,52.5130759602396],[-1.97563725791898,52.513076035922],[-1.97563737882699,52.5128512869237],[-1.97526900208802,52.5128512112296],[-1.97526912486388,52.5126264622111],[-1.97563749973328,52.5126265379168],[-1.97600587460435,52.5126266124758],[-1.97637424947707,52.512626685888],[-1.97637413230995,52.5128514348716],[-1.97637401514114,52.5130761838466],[-1.97674239375467,52.5130762560889],[-1.97674227845381,52.5133010050437],[-1.97674216315129,52.51352575399],[-1.97711054550571,52.5135258250621],[-1.9771104320712,52.5137505739881],[-1.97747881629688,52.5137506439018],[-1.9778472005241,52.5137507126688],[-1.97784709082737,52.5139754615629],[-1.97784698112906,52.5142002104485],[-1.97821536909724,52.5142002780453],[-1.97858375706693,52.5142003444952],[-1.97895214503809,52.5142004097984],[-1.97932053301072,52.5142004739549],[-1.97932043078982,52.514425222785],[-1.97968882063363,52.5144252857829]]],[[[-1.98558162814353,52.519145862663],[-1.98558156268328,52.5193706117106],[-1.98594999396572,52.5193706549013],[-1.98594993029159,52.5195954039248],[-1.98631836336211,52.5195954459529],[-1.98631830147415,52.5198201949523],[-1.98631823958521,52.5200449439432],[-1.98631817769529,52.5202696929255],[-1.98631811580439,52.5204944418993],[-1.98594967558503,52.5204943999335],[-1.9855812353666,52.5204943568205],[-1.98521279514912,52.5204943125606],[-1.98521286240176,52.5202695635402],[-1.9848444239725,52.5202695181176],[-1.9848444930113,52.5200447690731],[-1.98447605701162,52.5200447225038],[-1.98410762120544,52.5200446747921],[-1.98410769385746,52.5198199257037],[-1.98410776650835,52.5195951766066],[-1.98447619869483,52.5195952243543],[-1.98447626953477,52.5193704752667],[-1.98484470012126,52.5193705218883],[-1.98484476915576,52.5191457728096],[-1.98521319864916,52.5191458183098],[-1.98558162814353,52.519145862663]]],[[[-1.98079098742523,52.5218421874627],[-1.98079107637683,52.5216174382812],[-1.98079116532707,52.5213926890911],[-1.98115961198258,52.5213927470186],[-1.98115969912146,52.5211679978379],[-1.98152814396821,52.5211680546362],[-1.98152805863934,52.521392803799],[-1.98152797330916,52.5216175529532],[-1.98189642177716,52.5216176085687],[-1.98189633825573,52.5218423576964],[-1.98226478853499,52.5218424121468],[-1.98263323881543,52.5218424654501],[-1.98263315891287,52.5220672145335],[-1.98263307900909,52.5222919636084],[-1.98226462510848,52.522291910341],[-1.98189617120904,52.5222918559264],[-1.98152771731079,52.5222918003648],[-1.98152780264488,52.5220670512362],[-1.98115935055796,52.5220669945095],[-1.98115943770083,52.5218422453544],[-1.98079098742523,52.5218421874627]]],[[[-1.97303906224586,52.5467876059314],[-1.97303891893137,52.547012350707],[-1.97303877561496,52.547237095474],[-1.97267010992218,52.5472370131463],[-1.97230144423134,52.5472369296704],[-1.97230159134005,52.5470121849034],[-1.97230173844677,52.5467874401278],[-1.97267040034534,52.5467875236037],[-1.97303906224586,52.5467876059314]]],[[[-1.97303503956456,52.5530804735497],[-1.97303489543567,52.5533052195096],[-1.97303475130483,52.5535299654609],[-1.97340347055505,52.5535300476392],[-1.97340332835145,52.5537547936531],[-1.97340318614593,52.5539795396583],[-1.9737719092565,52.5539796208305],[-1.9737717689783,52.5542043668982],[-1.97414049402003,52.5542044469932],[-1.9741403556692,52.5544291931235],[-1.9741402173165,52.5546539392451],[-1.97450894621868,52.5546540183339],[-1.97450880979343,52.5548787645181],[-1.97487754062678,52.5548788425296],[-1.97487740612903,52.5551035887762],[-1.97524613889355,52.5551036657105],[-1.97524600632336,52.5553284120196],[-1.97524587375136,52.5555531583201],[-1.97524574117756,52.555777904612],[-1.9756144797321,52.5557779806111],[-1.97561434908595,52.5560027269655],[-1.97524560860196,52.5560026508953],[-1.97524547602455,52.55622739717],[-1.97524534344535,52.5564521434361],[-1.97487659910416,52.5564520660754],[-1.97487646459362,52.5566768122618],[-1.97487633008125,52.5569015584396],[-1.97487619556706,52.5571263046088],[-1.97450744543902,52.5571262258862],[-1.9745075818828,52.5569014797881],[-1.97450771832473,52.5566767336814],[-1.9745078547648,52.5564519875661],[-1.97450799120302,52.5562272414422],[-1.97450812763939,52.5560024953097],[-1.97413938716086,52.5560024157943],[-1.97413952552483,52.5557776697242],[-1.97413966388692,52.5555529236456],[-1.97377092726915,52.555552843124],[-1.97377106755877,52.5553280971079],[-1.97377120784648,52.5551033510831],[-1.9734024750894,52.5551032695553],[-1.97340261730456,52.5548785235931],[-1.9734027595178,52.5546537776223],[-1.97303403062132,52.5546536950884],[-1.97303417476193,52.5544289491801],[-1.97303431890058,52.5542042032632],[-1.97266559386463,52.5542041197232],[-1.97266573993059,52.5539793738688],[-1.97229701682587,52.5539792892516],[-1.97229716481907,52.5537545434598],[-1.97192844364557,52.5537544577653],[-1.97192859356597,52.5535297120361],[-1.97155987432371,52.5535296252644],[-1.97156002617125,52.5533048795977],[-1.97119130886021,52.553304791749],[-1.97119146263485,52.5530800461448],[-1.97156017801674,52.5530801339224],[-1.97156032986018,52.5528553882385],[-1.97192904331499,52.5528554747966],[-1.97192919322727,52.5526307290329],[-1.97229790475501,52.5526308143716],[-1.97229775677183,52.5528555602065],[-1.97266647023067,52.552855644468],[-1.97266632417461,52.5530803903654],[-1.97303503956456,52.5530804735497]]],[[[-1.97561552483731,52.5539800094662],[-1.97598424795888,52.5539800837483],[-1.97598437665982,52.5537553372454],[-1.97635309785391,52.553755410308],[-1.97635322462388,52.5535306637254],[-1.97672194389049,52.5535307355687],[-1.97672181904971,52.5537554822223],[-1.97709054024722,52.5537555529882],[-1.97709041733397,52.5539802997043],[-1.97672169420724,52.5539802288673],[-1.97672156936306,52.5542049755037],[-1.97672144451719,52.5544297221315],[-1.97635271753362,52.5544296500041],[-1.97635259075674,52.5546543965522],[-1.97598386184559,52.5546543232053],[-1.97561513293618,52.5546542487101],[-1.97561526357167,52.554429502304],[-1.97561539420538,52.5542047558894],[-1.97561552483731,52.5539800094662]]],[[[-1.97450744543902,52.5571262258862],[-1.97450730899339,52.5573509719757],[-1.97450717254591,52.5575757180566],[-1.97413841856048,52.5575756380433],[-1.97413828018149,52.5578003840445],[-1.97413814180061,52.558025130037],[-1.97413800341786,52.558249876021],[-1.97413786503323,52.5584746219963],[-1.97413772664672,52.558699367963],[-1.97413759339309,52.5589241168737],[-1.97413746036234,52.559148865905],[-1.97376869287665,52.5591487843772],[-1.97339992539283,52.5591487017008],[-1.9730311579109,52.5591486178757],[-1.97303101910111,52.5593733668889],[-1.97266224969537,52.559373281912],[-1.97229348029158,52.5593731957865],[-1.97192471088976,52.5593731085123],[-1.97155594148994,52.5593730200895],[-1.97118717209214,52.5593729305181],[-1.97081840269638,52.559372839798],[-1.9704496333027,52.5593727479292],[-1.97008086391112,52.5593726549118],[-1.96971209452166,52.5593725607458],[-1.96934332513434,52.5593724654311],[-1.96897455574921,52.5593723689677],[-1.96860578636627,52.5593722713557],[-1.96823701698556,52.5593721725951],[-1.96786824838028,52.5593720738672],[-1.9674994802529,52.5593719747173],[-1.96749931252501,52.559596723625],[-1.9671305424554,52.5595966232929],[-1.96713037278057,52.5598213721584],[-1.96713020310338,52.5600461210152],[-1.9671300334238,52.5602708698635],[-1.96712986374185,52.5604956187032],[-1.96712969405753,52.5607203675343],[-1.96712952437083,52.5609451163568],[-1.96712935468176,52.5611698651708],[-1.96676057100185,52.5611697634545],[-1.96676039936564,52.5613945122262],[-1.96676022772703,52.5616192609894],[-1.96676005608601,52.5618440097439],[-1.96675988444259,52.5620687584899],[-1.96675971279677,52.5622935072272],[-1.96712850620075,52.5622936091118],[-1.96712833649742,52.5625183578742],[-1.96712816679172,52.562743106628],[-1.96712799708364,52.5629678553733],[-1.96675919784491,52.5629677533879],[-1.96675902618948,52.5631925020909],[-1.96639022500816,52.563192398923],[-1.96639005140534,52.5634171475838],[-1.96602124828142,52.5634170432335],[-1.96565244515993,52.5634169377343],[-1.96565226766465,52.5636416863192],[-1.96528346260059,52.5636415796376],[-1.964914657539,52.5636414718072],[-1.96491447615115,52.5638662203161],[-1.96454566914702,52.5638661113032],[-1.96454585247992,52.5636413628281],[-1.96417704742336,52.5636412527001],[-1.96380824236936,52.5636411414234],[-1.96343943731794,52.5636410289978],[-1.96343962648334,52.5634162806153],[-1.96307082337954,52.5634161670747],[-1.96270202027838,52.5634160523853],[-1.96270221333113,52.5631913040617],[-1.96233341217762,52.5631911882573],[-1.96196461102679,52.5631910713042],[-1.96196480796679,52.5629663230395],[-1.96159600876364,52.5629662049714],[-1.96159620764585,52.5627414567318],[-1.96122741039037,52.5627413375488],[-1.96085861313765,52.5627412172169],[-1.96085881590694,52.5625164690364],[-1.96049002060192,52.5625163475896],[-1.96012122529972,52.5625162249941],[-1.96012143195598,52.5622914768726],[-1.9597526386015,52.5622913531622],[-1.95938384524989,52.5622912283031],[-1.95901505190117,52.5622911022952],[-1.95864625855537,52.5622909751387],[-1.95827746521251,52.5622908468334],[-1.95790867187261,52.5622907173793],[-1.95753987853571,52.5622905867766],[-1.95754009880316,52.5620658388835],[-1.95717130741414,52.5620657071659],[-1.95717152962339,52.5618409592981],[-1.95717175182957,52.5616162114217],[-1.95717197403269,52.5613914635367],[-1.95717219623274,52.5611667156431],[-1.95717241842973,52.5609419677409],[-1.9568036367677,52.5609418350441],[-1.95643485510873,52.5609417011987],[-1.95606607345287,52.5609415662046],[-1.95606584542167,52.561166314005],[-1.95606561738732,52.5613910617969],[-1.95606538934984,52.5616158095801],[-1.95606516130922,52.5618405573548],[-1.95606493326545,52.5620653051209],[-1.95606470521854,52.5622900528784],[-1.95643349854321,52.562290188076],[-1.95643327243805,52.5625149358588],[-1.95606447716849,52.5625148006273],[-1.95569568190205,52.562514664247],[-1.95569591189699,52.562289916532],[-1.95532711857859,52.5622897790369],[-1.95495832526336,52.5622896403931],[-1.95495809137864,52.5625143880402],[-1.95458929612173,52.5625142482137],[-1.95422050086803,52.5625141072385],[-1.95422073864253,52.5622893596594],[-1.95385194533698,52.5622892175694],[-1.95348315203471,52.5622890743308],[-1.95348339369567,52.562064326811],[-1.95311460234156,52.5620641824576],[-1.95311484594404,52.5618394349632],[-1.9527460565381,52.5618392894951],[-1.95274630208204,52.5616145420261],[-1.95237751462427,52.5616143954433],[-1.95237776210963,52.5613896479997],[-1.95237800959159,52.5611649005476],[-1.95237825707016,52.5609401530868],[-1.95274703869364,52.5609402995676],[-1.9527472842241,52.5607155520642],[-1.95237850454532,52.5607154056174],[-1.95237875201709,52.5604906581395],[-1.95237899948547,52.5602659106529],[-1.95237924695044,52.5600411631578],[-1.95237949441202,52.559816415654],[-1.95237974187021,52.5595916681416],[-1.95274851182581,52.5595918144183],[-1.95274875733604,52.5593670668634],[-1.95237998932499,52.5593669206207],[-1.95238023677638,52.5591421730911],[-1.9527490028429,52.5591423192998],[-1.95274924834638,52.5589175717277],[-1.95274949409528,52.5586928243915],[-1.95274974302509,52.5584680801773],[-1.95274999195159,52.5582433359545],[-1.95275024087479,52.5580185917231],[-1.95275048979468,52.5577938474832],[-1.95275073871127,52.5575691032347],[-1.95311949141079,52.5575692481545],[-1.95311973842765,52.5573445038831],[-1.95311998544123,52.5571197596032],[-1.95312023245152,52.5568950153147],[-1.95312047945854,52.5566702710176],[-1.95312072646227,52.5564455267119],[-1.95312097346273,52.5562207823977],[-1.9531212204599,52.5559960380749],[-1.95312146745379,52.5557712937436],[-1.95312171444441,52.5555465494036],[-1.95312196143174,52.5553218050551],[-1.95312220841579,52.555097060698],[-1.95312245539656,52.5548723163324],[-1.95349118534396,52.5548724599323],[-1.95349143042533,52.5546477155438],[-1.95386015847986,52.554647857981],[-1.95422888653762,52.5546479992697],[-1.9542286452485,52.5548727436868],[-1.95459737520558,52.5548728838414],[-1.95496610516585,52.5548730228476],[-1.95496586766582,52.5550977672845],[-1.95533459952539,52.5550979051565],[-1.95533436391837,52.5553226495992],[-1.95570309767724,52.555322786337],[-1.95570333138809,52.5550980418801],[-1.9560720632539,52.5550981774553],[-1.95607229506549,52.5548734329756],[-1.95607252687401,52.5546486884874],[-1.95644125495063,52.5546488228857],[-1.9568099830303,52.5546489561356],[-1.95680975501403,52.5548737006523],[-1.95717848499285,52.5548738327679],[-1.95754721497468,52.5548739637352],[-1.95791594495949,52.554874093554],[-1.95791572262863,52.5550988381046],[-1.95828445451254,52.5550989667891],[-1.95865318639938,52.5550990943253],[-1.95865296785791,52.5553238388956],[-1.95902170164383,52.5553239652974],[-1.95939043543263,52.5553240905508],[-1.95975916922428,52.5553242146558],[-1.96012790301876,52.5553243376123],[-1.96012769205918,52.5555490822306],[-1.96049642775266,52.5555492040528],[-1.96086516344892,52.5555493247265],[-1.96123389914794,52.5555494442518],[-1.96123369387422,52.5557741889037],[-1.96123348859777,52.5559989335472],[-1.96086474910628,52.5559988139937],[-1.96086454193083,52.5562235586145],[-1.96086433475262,52.5564483032267],[-1.96123307803668,52.5564484228083],[-1.96160182132346,52.5564485412414],[-1.96160161793515,52.5566732858732],[-1.96197036312096,52.5566734031719],[-1.96197056461296,52.5564486585261],[-1.96197076610227,52.5562239138716],[-1.9619709675889,52.5559991692087],[-1.96197116907285,52.5557744245371],[-1.96197137055413,52.555549679857],[-1.96197157203272,52.5553249351683],[-1.96197177350864,52.555100190471],[-1.96234050542339,52.5551003065228],[-1.9627092373408,52.5551004214262],[-1.96270943502174,52.5548756766922],[-1.96270963270006,52.5546509319497],[-1.96307836082782,52.5546510456766],[-1.96307855660741,52.5544263009115],[-1.96307875238439,52.5542015561378],[-1.96307894815876,52.5539768113556],[-1.96307914393053,52.5537520665648],[-1.96344786447666,52.5537521790871],[-1.96381658502537,52.553752290461],[-1.96381677700254,52.5535275456336],[-1.96344805834983,52.5535274342737],[-1.9630793396997,52.5535273217654],[-1.96307953546627,52.5533025769574],[-1.96271081871471,52.5533024633148],[-1.96271062105218,52.5535272081087],[-1.96234190240728,52.5535270933037],[-1.96234170284611,52.553751838075],[-1.9623415032823,52.5539765828377],[-1.96197278084803,52.5539764668562],[-1.96197257938551,52.5542012115963],[-1.96160385505787,52.5542010944523],[-1.9616036516966,52.5544258391698],[-1.9612349254756,52.5544257208633],[-1.96086619925732,52.5544256014085],[-1.9604974730418,52.5544254808052],[-1.96049768209129,52.55420073613],[-1.96012895777462,52.5542006143925],[-1.96012874682905,52.5544253590536],[-1.95976002061911,52.5544252361535],[-1.95976023346075,52.5542004915065],[-1.95939150914971,52.5542003674722],[-1.95939172388456,52.5539756228307],[-1.95902300147243,52.5539754976621],[-1.95865427906317,52.5539753713451],[-1.95828555665681,52.5539752438798],[-1.95828577707688,52.5537504992722],[-1.95828599749402,52.553525754656],[-1.95828621790822,52.5533010100313],[-1.95865493462659,52.5533011374542],[-1.95865515314192,52.5530763928068],[-1.9582864383195,52.553076265398],[-1.95791772350001,52.5530761368409],[-1.95791794580429,52.5528513922132],[-1.9579181681056,52.5526266475769],[-1.95791839040397,52.5524019029321],[-1.95791861269937,52.5521771582787],[-1.95828731993532,52.5521772867792],[-1.9586560271742,52.5521774141313],[-1.95902473441598,52.5521775403352],[-1.95939344166064,52.5521776653908],[-1.95976214890815,52.552177789298],[-1.96013085615849,52.5521779120569],[-1.96049956341164,52.5521780336676],[-1.96086827066756,52.5521781541299],[-1.96123697792624,52.5521782734439],[-1.96160568518764,52.5521783916096],[-1.9616054818507,52.5524031364042],[-1.96197419101066,52.5524032534356],[-1.96234290017329,52.5524033693187],[-1.96271160933858,52.5524034840535],[-1.96308031850649,52.55240359764],[-1.96344902767701,52.5524037100781],[-1.9638177368501,52.5524038213679],[-1.96381754488569,52.5526285662382],[-1.96418625595721,52.5526286763937],[-1.96455496703126,52.5526287854009],[-1.96492367810781,52.5526288932597],[-1.96529238918683,52.5526289999702],[-1.96566110026831,52.5526291055324],[-1.96602981135222,52.5526292099463],[-1.96602963076065,52.5528539548919],[-1.96639834374285,52.5528540581713],[-1.96676705672743,52.5528541603025],[-1.96713576971437,52.5528542612852],[-1.96750448270363,52.5528543611197],[-1.96787319569519,52.5528544598058],[-1.96824190886223,52.552854557542],[-1.96861062229766,52.5528546544348],[-1.96897933573535,52.5528547501793],[-1.96897917038804,52.5530794953647],[-1.96934788575708,52.5530795900322],[-1.96971660112832,52.5530796835513],[-1.96971643963708,52.5533044288707],[-1.97008515693966,52.5533045213127],[-1.97008499737541,52.5535292666946],[-1.97045371660932,52.5535293580596],[-1.97082243584535,52.5535294482762],[-1.97082228013735,52.5537541937919],[-1.97119100130469,52.5537542829314],[-1.9711908475238,52.5539790285097],[-1.97155957062245,52.553979116572],[-1.97155941876874,52.5542038622128],[-1.97192814379868,52.554203949198],[-1.97192799387219,52.5544286949014],[-1.97229672083345,52.5544287808093],[-1.97229657283423,52.5546535265753],[-1.97266530172679,52.554653611406],[-1.97266515565489,52.5548783572345],[-1.97303388647875,52.554878440988],[-1.97303374233423,52.5551031868791],[-1.97303359818776,52.5553279327615],[-1.9734023328723,52.5553280155089],[-1.97340219065328,52.5555527614539],[-1.97377092726915,52.555552843124],[-1.97377078697763,52.5557775891314],[-1.9737706466842,52.5560023351303],[-1.97377050638888,52.5562270811206],[-1.97377036609164,52.5564518271023],[-1.97413911042729,52.5564519079084],[-1.97413897205768,52.5566766539526],[-1.9741388336862,52.5569013999882],[-1.97377008549147,52.5569013190398],[-1.97376994518852,52.5571260649957],[-1.97413869531284,52.5571261460152],[-1.97450744543902,52.5571262258862]]],[[[-1.9645626429978,52.543414248119],[-1.96456245612154,52.5436389930185],[-1.9641938208528,52.5436388841639],[-1.96382518558657,52.5436387741614],[-1.96345655032289,52.5436386630109],[-1.96345674288282,52.5434139181126],[-1.96382537625194,52.5434140292627],[-1.96419400962361,52.5434141392649],[-1.9641941983919,52.5431893943572],[-1.96419438715767,52.5429646494411],[-1.9641945759209,52.5427399045163],[-1.96456320361157,52.5427400133693],[-1.96456301674282,52.5429647582944],[-1.96456282987156,52.543189503211],[-1.9645626429978,52.543414248119]]],[[[-1.9641945759209,52.5427399045163],[-1.96382594823275,52.5427397945154],[-1.96345732054714,52.5427396833666],[-1.96345751309676,52.5425149384341],[-1.9634577056438,52.5422901934931],[-1.96308908174965,52.5422900811972],[-1.96308927618852,52.5420653362481],[-1.96345789818827,52.5420654485436],[-1.96382652019059,52.5420655596911],[-1.96382670015525,52.5418408148371],[-1.96382687900206,52.5416160699853],[-1.96419549706232,52.5416161799923],[-1.96456411512513,52.5416162888514],[-1.96456394023709,52.5418410336953],[-1.9649325602818,52.5418411414026],[-1.96493238621271,52.5420658862464],[-1.96493220124586,52.5422906311976],[-1.96456357734158,52.5422905234934],[-1.96456339047783,52.5425152684356],[-1.96419476468161,52.542515159583],[-1.9641945759209,52.5427399045163]]],[[[-1.97156486734027,52.546113035354],[-1.97119621113588,52.546112948434],[-1.97119605834696,52.5463376932351],[-1.97082740024857,52.5463376051669],[-1.97082755493354,52.5461128603659],[-1.97045889873326,52.5461127711498],[-1.97045905531216,52.5458880263402],[-1.97082770961642,52.5458881155564],[-1.97082786429723,52.5456633707382],[-1.97119651670756,52.5456634588062],[-1.97119636392275,52.5458882036244],[-1.97156501823112,52.5458882905444],[-1.97156486734027,52.546113035354]]],[[[-1.98078665282959,52.5330796249992],[-1.98078673850159,52.5328548765557],[-1.98078682417219,52.5326301281036],[-1.98115536392409,52.532630185392],[-1.98152390367726,52.5326302415328],[-1.98152382178813,52.5328549899649],[-1.98152373989766,52.5330797383885],[-1.98115519636299,52.5330796822676],[-1.98078665282959,52.5330796249992]]],[[[-1.98888876550865,52.5569036997474],[-1.98888882662619,52.5566789508931],[-1.98888888774287,52.5564542020302],[-1.98888894885869,52.5562294531588],[-1.98888900997363,52.5560047042788],[-1.98888907108772,52.5557799553902],[-1.98925780990621,52.5557799892251],[-1.98962654872553,52.5557800219115],[-1.98962649148317,52.5560047709383],[-1.98999523223914,52.5560048025453],[-1.99036397299589,52.5560048330038],[-1.99073271375339,52.5560048623138],[-1.99073266231787,52.5562296115391],[-1.99073261088162,52.5564543607559],[-1.99073255944462,52.5566791099641],[-1.99073250800689,52.5569038591636],[-1.99073245656842,52.5571286083547],[-1.99036370613124,52.5571285786994],[-1.9899949556948,52.5571285478956],[-1.98962620525914,52.5571285159433],[-1.98925745482428,52.5571284828424],[-1.9892575140067,52.5569037339277],[-1.98888876550865,52.5569036997474]]]]}}