{"type":"Feature","properties":{"code":"E63001069","name":"Rochdale"},"geometry":{"type":"MultiPolygon","coordinates":[[[[-2.21833206909582,53.6043780958702],[-2.21870986701258,53.6043774045332],[-2.21871102846481,53.6046021092696],[-2.21908882837061,53.6046014167336],[-2.21908999184308,53.6048261214554],[-2.21946779373792,53.6048254277204],[-2.21946895923069,53.6050501324276],[-2.21984676311455,53.6050494374936],[-2.21984793062768,53.6052741421861],[-2.21984909815647,53.6054988468701],[-2.21985026570091,53.6057235515456],[-2.21947245580278,53.6057242464981],[-2.21947362135806,53.6059489511713],[-2.21909580943944,53.6059496449371],[-2.21871799750518,53.60595033751],[-2.2183401855553,53.6059510288901],[-2.21796237362531,53.6059517190846],[-2.21758456173405,53.6059524080976],[-2.21758340620378,53.6057277033937],[-2.217582250689,53.6055029986814],[-2.21720444279276,53.6055036864893],[-2.21720328929872,53.6052789817624],[-2.21682548339222,53.6052796683714],[-2.21682433191887,53.6050549636299],[-2.21720213582015,53.605054277027],[-2.21720098235705,53.6048295722831],[-2.21719982890941,53.6046048675308],[-2.21719867547723,53.60438016277],[-2.21757647334752,53.6043794749925],[-2.21795427120227,53.6043787860223],[-2.21833206909582,53.6043780958702]]],[[[-2.21682548339222,53.6052796683714],[-2.21682663488102,53.6055043731043],[-2.21644882695379,53.6055050585266],[-2.21644997645275,53.6057297632571],[-2.2160721665048,53.6057304474926],[-2.2156943565414,53.6057311305351],[-2.21569550204519,53.6059558352693],[-2.21531769006109,53.6059565171251],[-2.21531883357491,53.6061812218569],[-2.21494101957011,53.6061819025258],[-2.21494216109391,53.6064066072551],[-2.21494330263301,53.606631311976],[-2.21494444418742,53.6068560166884],[-2.21532226420836,53.6068553360013],[-2.21570008421392,53.6068546541214],[-2.2157012297945,53.6070793588132],[-2.21570237539045,53.6073040634966],[-2.21532455137399,53.6073047453886],[-2.21532569497981,53.6075294500695],[-2.21494786894249,53.6075301307746],[-2.21457004288981,53.6075308102868],[-2.21419221682181,53.6075314886061],[-2.21419335442641,53.6077561932966],[-2.21419449204627,53.6079808979786],[-2.21457232212533,53.6079802196473],[-2.21457346176602,53.6082049243148],[-2.21495129383532,53.6082042447846],[-2.21532912588928,53.6082035640613],[-2.21570695792785,53.6082028821451],[-2.21570810360061,53.608427586786],[-2.21608593762937,53.6084269036708],[-2.2164637716427,53.6084262193626],[-2.21684160564057,53.6084255338615],[-2.21684275752023,53.6086502385021],[-2.21646492151404,53.6086509240087],[-2.21608708549229,53.6086516083224],[-2.21608823375474,53.6088763130228],[-2.21608938203267,53.6091010177148],[-2.21609053032607,53.6093257223982],[-2.21571268822755,53.609326405529],[-2.21533484611352,53.6093270874667],[-2.21533599038146,53.6095517921485],[-2.21495814623149,53.6095524728965],[-2.21458030206607,53.6095531524515],[-2.21420245788523,53.6095538308135],[-2.21382461368901,53.6095545079825],[-2.21344676947741,53.6095551839584],[-2.21344790365828,53.6097798886483],[-2.21382574989037,53.609779212669],[-2.2142035961071,53.6097785354968],[-2.21420473434431,53.6100032401716],[-2.21420587259687,53.6102279448379],[-2.21382802233905,53.6102286220168],[-2.21345017206587,53.6102292980026],[-2.21307232177736,53.6102299727953],[-2.21269447147353,53.610230646395],[-2.2126933413032,53.6100059417155],[-2.21231549300465,53.6100066141189],[-2.21231662115443,53.6102313188016],[-2.21193877082006,53.6102319900152],[-2.21193989696446,53.6104566946928],[-2.21156204459428,53.6104573647165],[-2.21156316873325,53.6106820693889],[-2.21118531432726,53.6106827382228],[-2.21118643646074,53.61090744289],[-2.21118755860935,53.6111321475487],[-2.21080970014689,53.611132815196],[-2.21081082028993,53.6113575198494],[-2.21043295979162,53.6113581863068],[-2.21043407792904,53.6115828909551],[-2.21005621539489,53.6115835562226],[-2.21005733152663,53.6118082608656],[-2.21005844767343,53.6120329655001],[-2.21005956383527,53.6122576701261],[-2.21043743243175,53.612257004849],[-2.21043855062947,53.6124817094634],[-2.21043966884227,53.6127064140693],[-2.21081754146532,53.6127057475925],[-2.21081642123166,53.6124810429898],[-2.21119429181871,53.6124803753232],[-2.21157216239058,53.6124797064633],[-2.21195003294724,53.6124790364103],[-2.21232790348868,53.6124783651641],[-2.21270577401485,53.6124776927247],[-2.21270690435279,53.6127023973111],[-2.21270803470597,53.6129271018891],[-2.21233016013805,53.612927774335],[-2.21232903180576,53.6127030697538],[-2.21195115924347,53.6127037410032],[-2.21195228555488,53.6129284455877],[-2.21157441095647,53.6129291156472],[-2.21119653634286,53.6129297845136],[-2.21081866171407,53.6129304521868],[-2.21081978197793,53.6131551567725],[-2.21082090225689,53.6133798613499],[-2.21044302357111,53.6133805278363],[-2.21006514487019,53.6133811931295],[-2.21006626112232,53.6136058977048],[-2.2104441418442,53.6136052324084],[-2.21044526013238,53.613829936972],[-2.2100673773895,53.6138306022716],[-2.20968949463154,53.6138312663781],[-2.20969060889274,53.6140559709396],[-2.21006849367173,53.61405530683],[-2.21006960996901,53.6142800113799],[-2.21007072628134,53.6145047159213],[-2.21044861508736,53.614504050612],[-2.21082650387826,53.6145033841094],[-2.21120439265401,53.6145027164136],[-2.2112055150447,53.6147274209369],[-2.21120663745052,53.6149521254518],[-2.21082874463254,53.614952793154],[-2.21082986503234,53.6151774976636],[-2.21083098544724,53.6154022021648],[-2.21045308857176,53.6154028686803],[-2.21007519168116,53.6154035340024],[-2.20969729477547,53.6154041981313],[-2.20969618042412,53.6151794936205],[-2.20931828552454,53.6151801565529],[-2.20931717320938,53.6149554520305],[-2.20931606090921,53.6147307474996],[-2.20931494862404,53.6145060429602],[-2.20893705977281,53.6145067046897],[-2.20855917090657,53.614507365226],[-2.20855806267855,53.6142826606718],[-2.2081801758184,53.6142833200117],[-2.20818128202534,53.6145080245691],[-2.20780339312915,53.6145086827189],[-2.2078044973299,53.614733387271],[-2.20780560154554,53.6149580918146],[-2.20742770859218,53.6149587487774],[-2.20742881080154,53.6151834533157],[-2.20780670577606,53.6151827963497],[-2.20818460073565,53.6151821381904],[-2.20818570700225,53.615406842714],[-2.20856360396806,53.6154061833582],[-2.20894150091889,53.6154055228092],[-2.20894261124283,53.615630227318],[-2.20894372158174,53.6158549318182],[-2.20894483193563,53.61607963631],[-2.20894594230448,53.6163043407933],[-2.20856803726864,53.616305001355],[-2.20856914563114,53.6165297058331],[-2.20857025400858,53.6167544103026],[-2.20857136320678,53.6169791148902],[-2.20857247445535,53.6172038197884],[-2.20895038762793,53.6172031592232],[-2.2093283007852,53.6172024974645],[-2.20970621392713,53.6172018345124],[-2.21008412705371,53.6172011703668],[-2.2104620401649,53.6172005050279],[-2.21046316176833,53.6174252099426],[-2.21084107693203,53.6174245434152],[-2.21083995326067,53.6171998384955],[-2.211217866341,53.6171991707697],[-2.21121899208029,53.6174238756943],[-2.21159690721307,53.6174232067801],[-2.21197482233035,53.6174225366723],[-2.21197595222096,53.6176472415984],[-2.21197708212703,53.617871946516],[-2.21235500136472,53.6178712752247],[-2.21273292058685,53.6178706027399],[-2.21273405464441,53.6180953076589],[-2.21311197591897,53.6180946339855],[-2.21348989717791,53.6180939591187],[-2.21386781842121,53.6180932830585],[-2.21424573964884,53.6180926058047],[-2.21424688199406,53.6183173107348],[-2.21462480527403,53.6183166322925],[-2.21462594970295,53.618541337219],[-2.21500387503525,53.618540657588],[-2.2153818003518,53.6185399767636],[-2.21575972565257,53.6185392947456],[-2.21576087630142,53.6187639996782],[-2.21613880365447,53.6187633164716],[-2.21651673099167,53.6187626320715],[-2.216894658313,53.6187619464779],[-2.21689581518196,53.6189866514165],[-2.21689697206674,53.6192113563467],[-2.21651904060914,53.6192120419307],[-2.21652019544158,53.6194367468476],[-2.21689812896735,53.6194360612684],[-2.21689928588379,53.6196607661817],[-2.21727722146187,53.6196600794138],[-2.21765515702402,53.6196593914523],[-2.21765631809275,53.6198840963668],[-2.21803425570717,53.6198834072165],[-2.21803541886004,53.6201081121273],[-2.21841335972159,53.6201074219818],[-2.21879130087222,53.620106730692],[-2.21879246819483,53.6203314356098],[-2.21879363553345,53.6205561405192],[-2.21841569023211,53.6205568317937],[-2.21841685551135,53.6207815366871],[-2.21841802080658,53.6210062415721],[-2.21804007163063,53.6210069316865],[-2.21766212367465,53.6210076208129],[-2.2176609625265,53.6207829159405],[-2.21728301662293,53.6207836038782],[-2.21728417570272,53.6210083087458],[-2.21728533479836,53.621233013605],[-2.21766328483869,53.6212323256769],[-2.21766444601862,53.6214570305325],[-2.21804239811141,53.6214563414155],[-2.21804356137567,53.6216810462675],[-2.21804472465585,53.621905751111],[-2.21804588795194,53.6221304559461],[-2.21804705126395,53.6223551607728],[-2.21804821459188,53.622579865591],[-2.21767025215655,53.6225805546842],[-2.2176714134318,53.6228052594893],[-2.21767257472294,53.623029964286],[-2.21767373602997,53.6232546690742],[-2.21805170467114,53.6232539799954],[-2.21805286806273,53.62347868478],[-2.21805403147024,53.6237033895562],[-2.21805519489366,53.623928094324],[-2.21767722004639,53.6239287833886],[-2.21767838141698,53.6241534881432],[-2.21730040448499,53.6241541760093],[-2.21730156380268,53.6243788807507],[-2.21692358478598,53.6243795674183],[-2.21692474205073,53.6246042721465],[-2.21654676094931,53.6246049576156],[-2.21616877983202,53.6246056418909],[-2.21616993297492,53.6248303466011],[-2.21579194977294,53.6248310296779],[-2.21579310086275,53.6250557343749],[-2.21541511557608,53.6250564162531],[-2.21503713027362,53.6250570969375],[-2.2146591449554,53.6250577764282],[-2.21466029061624,53.6252824812177],[-2.2142823032273,53.6252831595105],[-2.2139043158226,53.6252838366094],[-2.21352632840216,53.6252845125145],[-2.21352747201309,53.6255092178821],[-2.21314948250291,53.625509892579],[-2.21277149297705,53.6255105660821],[-2.21239350343555,53.6255112383913],[-2.21239236604671,53.6252865330669],[-2.21201437856361,53.6252872041967],[-2.21201324728882,53.6250624994374],[-2.2116352618455,53.625063169378],[-2.21125727638667,53.6250638381248],[-2.21125840355065,53.6252885428747],[-2.21088041602085,53.625289210423],[-2.21087929091236,53.6250645056778],[-2.21050130542259,53.6250651720371],[-2.2101233199174,53.6250658372026],[-2.20974533439681,53.6250665011744],[-2.2097464533385,53.6252912059049],[-2.20936846574682,53.6252918686778],[-2.20936958654341,53.6255165738866],[-2.2089915968623,53.6255172354513],[-2.20861360716583,53.6255178958221],[-2.20823561745401,53.625518554999],[-2.20785762772688,53.6255192129821],[-2.20747963798446,53.6255198697714],[-2.20747852755805,53.6252951646352],[-2.20710053987441,53.6252958202452],[-2.20672255217554,53.6252964746613],[-2.20634456446147,53.6252971278837],[-2.20596657673223,53.6252977799122],[-2.20596767886251,53.6255224849901],[-2.20558968904409,53.6255231358102],[-2.20559078911536,53.6257478408653],[-2.20559188920167,53.625972545912],[-2.20596988316824,53.625971895121],[-2.2059709853437,53.6261966001739],[-2.20634898136925,53.6261959482037],[-2.20672697737962,53.6261952950397],[-2.20710497337479,53.6261946406817],[-2.20710608178775,53.62641934577],[-2.20710719021585,53.6266440508499],[-2.20748519034411,53.6266433953271],[-2.20748407984184,53.6264186902327],[-2.20786207788067,53.6264180335016],[-2.20786096531942,53.6261933283842],[-2.20823896126882,53.6261926704447],[-2.2086169572029,53.6261920113113],[-2.20899495312165,53.626191350984],[-2.20937294902502,53.6261906894629],[-2.20975094491299,53.6261900267478],[-2.20974982199636,53.6259653215496],[-2.21012781579479,53.6259646576263],[-2.21050580957776,53.6259639925091],[-2.21050693664262,53.6261886977362],[-2.21088493248423,53.6261880314396],[-2.21088380334525,53.625963326198],[-2.21126179709723,53.625962658693],[-2.21163979083367,53.6259619899942],[-2.21163865756194,53.6257372847154],[-2.21201664920873,53.6257366148083],[-2.21239464083992,53.6257359437073],[-2.21277263245548,53.6257352714125],[-2.21315062405539,53.6257345979239],[-2.21315176562347,53.6259593032604],[-2.21352975928179,53.6259586285923],[-2.21353090293956,53.6261833339348],[-2.21390889865628,53.6261826580872],[-2.21428689435727,53.6261819810457],[-2.21428804217894,53.6264066864087],[-2.2146660399383,53.6264060081877],[-2.21466718984982,53.6266307135566],[-2.21504518966755,53.6266300341561],[-2.21504634166897,53.626854739531],[-2.21504749368611,53.6270794448976],[-2.21504864571898,53.6273041502558],[-2.21542665174357,53.6273034697044],[-2.21542549763644,53.6270787643319],[-2.21580350157092,53.6270780825722],[-2.21580234540533,53.626853377177],[-2.21618034724971,53.6268526942091],[-2.21655834907818,53.6268520100473],[-2.21693635089071,53.6268513246917],[-2.21693518851833,53.6266266192452],[-2.2173131882407,53.6266259326813],[-2.21731202381002,53.6264012272121],[-2.21769002144224,53.6264005394401],[-2.21806801905844,53.6263998504741],[-2.21806685049538,53.6261751449681],[-2.21844484727029,53.6261744550086],[-2.21844367669575,53.6259497494929],[-2.21806568194827,53.6259504394536],[-2.2180645134171,53.6257257339308],[-2.21768652202323,53.6257264229396],[-2.21730853061334,53.6257271107545],[-2.21693053918746,53.6257277973755],[-2.21693170149638,53.6259525028554],[-2.21655370798045,53.6259531882683],[-2.21655486823112,53.6261778937256],[-2.21617687262515,53.6261785779303],[-2.21617803081753,53.6264032833649],[-2.21580003312151,53.6264039663614],[-2.21542203540962,53.6264046481641],[-2.21542088136552,53.6261799427581],[-2.21541972733718,53.6259552373438],[-2.21579772090083,53.6259545555125],[-2.21579656481416,53.6257298500755],[-2.21579540874328,53.6255051446301],[-2.21617339814291,53.6255044615763],[-2.21617224001378,53.6252797561083],[-2.21655022732348,53.6252790718463],[-2.2165490713886,53.6250543670373],[-2.21654791616105,53.6248296623306],[-2.21692589933131,53.6248289768664],[-2.21730388248566,53.6248282902084],[-2.21768186562408,53.6248276023566],[-2.21805984874654,53.6248269133111],[-2.21843783327129,53.6248262233328],[-2.21843666770429,53.6246015185905],[-2.21843550215327,53.6243768138398],[-2.2188134827401,53.6243761226948],[-2.21881465036698,53.6246008274531],[-2.21881581800989,53.624825532203],[-2.21919380273239,53.6248248398795],[-2.21919497246723,53.6250495446286],[-2.21957295924954,53.6250488511189],[-2.21957413162305,53.6252735559594],[-2.21995212044388,53.62527286126],[-2.21995329903467,53.6254975667955],[-2.22033128985545,53.625496870901],[-2.22033010924888,53.6252721653669],[-2.2203289327657,53.6250474605182],[-2.22032775680309,53.6248227557463],[-2.22070574146096,53.6248220586477],[-2.22070456343859,53.6245973538599],[-2.22070338543237,53.6243726490636],[-2.22108136592225,53.6243719507561],[-2.22145934639588,53.6243712512549],[-2.22183732685322,53.6243705505599],[-2.22183614263565,53.6241458457326],[-2.22221412100084,53.6241451438363],[-2.22221530729425,53.6243698486711],[-2.22259328771894,53.6243691455886],[-2.22259447610449,53.6245938504226],[-2.22297245858867,53.6245931461539],[-2.22335044105646,53.6245924406914],[-2.22335163361008,53.6248171455319],[-2.22335282618006,53.6250418503641],[-2.22297483956046,53.6250425558116],[-2.2229736490664,53.6248178509869],[-2.22259566450633,53.6248185552482],[-2.22259685292446,53.6250432600653],[-2.22259804174498,53.62526796494],[-2.22222005303552,53.6252686679955],[-2.22222124372098,53.6254933735223],[-2.22259923444622,53.6254926704653],[-2.22297722515544,53.6254919662146],[-2.22297841988841,53.62571667173],[-2.22260042716339,53.6257173759822],[-2.22260161989648,53.6259420814906],[-2.2222236251396,53.6259427845506],[-2.22184563036673,53.6259434864168],[-2.2214676355779,53.6259441870892],[-2.22108964077312,53.6259448865678],[-2.22071164595244,53.6259455848527],[-2.22033365111587,53.6259462819438],[-2.22033483176972,53.6261709874526],[-2.21995683490144,53.6261716833513],[-2.21957883801733,53.6261723780563],[-2.2195776613952,53.6259476725447],[-2.21919966651115,53.6259483660546],[-2.21919849192056,53.6257236605331],[-2.21882049903657,53.6257243528478],[-2.21882167161132,53.6259490583706],[-2.21882284420172,53.6261737638849],[-2.21882401680778,53.6263984693909],[-2.21920201573935,53.626397777072],[-2.21920319037698,53.6266224825681],[-2.21920436503028,53.6268471880557],[-2.21920553969926,53.6270718935349],[-2.21958354466289,53.6270712000181],[-2.21996154961072,53.6270705053074],[-2.2199603709098,53.6268457998311],[-2.22033837382583,53.626845103928],[-2.2203371931247,53.6266203984447],[-2.22071519400893,53.6266197013493],[-2.22109319487728,53.6266190030601],[-2.22147119572972,53.626618303577],[-2.22184919656622,53.6266176029002],[-2.22184800781718,53.6263928974142],[-2.2222260066218,53.6263921955451],[-2.22222481587275,53.6261674900521],[-2.22260281264549,53.6261667869906],[-2.22298080940221,53.6261660827354],[-2.22298200418303,53.6263907882255],[-2.22336000293958,53.626390082775],[-2.22336119975227,53.6266147882551],[-2.22373920050867,53.6266140816093],[-2.22374039935327,53.6268387870794],[-2.22374159821389,53.6270634925411],[-2.22411960298609,53.6270627846985],[-2.2241208038787,53.6272874901502],[-2.22412200478735,53.6275121955934],[-2.22450001357544,53.6275114865539],[-2.22487802234737,53.6275107763206],[-2.22525603110311,53.6275100648934],[-2.22525723807594,53.6277347703236],[-2.22525844506488,53.6279594757453],[-2.22525965206994,53.6281841811586],[-2.2256376668577,53.6281834685329],[-2.22563887589501,53.6284081739362],[-2.22564008494846,53.6286328793311],[-2.22601810375226,53.6286321655084],[-2.22639612253979,53.6286314504918],[-2.22639733564176,53.628856155875],[-2.22639854875992,53.6290808612498],[-2.22639976189428,53.6293055666161],[-2.22677778671415,53.6293048504009],[-2.22677657156355,53.6290801450362],[-2.22677535642918,53.628855439663],[-2.22715337720027,53.628854722257],[-2.22715459435086,53.6290794276286],[-2.2271558115177,53.6293041329918],[-2.22715702870079,53.6295288383465],[-2.22715824590013,53.6297535436927],[-2.22678021706403,53.6297542611051],[-2.22640218821161,53.6297549773235],[-2.22640340139457,53.6299796826645],[-2.22640461459373,53.630204387997],[-2.22602658169234,53.6302051030247],[-2.22564854877468,53.6302058168583],[-2.22527051584078,53.6302065294981],[-2.22489248289066,53.6302072409438],[-2.22451444992435,53.6302079511957],[-2.22451324680693,53.6299832458553],[-2.22451204370556,53.6297585405065],[-2.22413401475576,53.6297592495613],[-2.22413281368676,53.6295345442026],[-2.22375478673712,53.6295352520619],[-2.22337675977137,53.6295359587274],[-2.22337795680779,53.6297606640892],[-2.22337915386019,53.6299853694425],[-2.22300112284575,53.629986074917],[-2.22262309181525,53.6299867791976],[-2.2226218987955,53.6297620738412],[-2.2222438697653,53.6297627769264],[-2.22186584071911,53.6297634788176],[-2.22186702970622,53.6299881841769],[-2.22148899862773,53.6299888848756],[-2.2211109675333,53.6299895843804],[-2.22073293642296,53.6299902826912],[-2.22073411937689,53.6302149880464],[-2.2203560862343,53.6302156851648],[-2.21997805307586,53.6302163810891],[-2.21997923201282,53.6304410864387],[-2.21960119682217,53.6304417811706],[-2.2192231616157,53.6304424747084],[-2.21884512639345,53.6304431670523],[-2.21884395350562,53.6302184616985],[-2.21846592028401,53.6302191528471],[-2.21846474942819,53.6299944474834],[-2.21884278063345,53.6299937563363],[-2.21922081182297,53.6299930639951],[-2.21921963695013,53.6297683586258],[-2.21921846209297,53.6295436532481],[-2.2192172872515,53.6293189478618],[-2.21959531237634,53.629318254331],[-2.2195941355343,53.6290935489377],[-2.21959295870798,53.628868843536],[-2.21997097978456,53.6288681488141],[-2.21996980095775,53.6286434434053],[-2.21959178189736,53.6286441381258],[-2.21959060510246,53.6284194327072],[-2.21921258804243,53.6284201262325],[-2.21883457096662,53.6284208185638],[-2.21883339821969,53.628196113134],[-2.21845538314426,53.6281968042701],[-2.21807736813724,53.628197494222],[-2.21769935392694,53.6281981830737],[-2.21732133970061,53.6281988707315],[-2.21732250425848,53.6284235761339],[-2.21770052055919,53.6284228884904],[-2.21807853684388,53.6284221996529],[-2.21845655387506,53.6284215097013],[-2.21845772462148,53.6286462151241],[-2.2188357437292,53.6286455239852],[-2.21883691650744,53.6288702293982],[-2.21883808930133,53.6290949348027],[-2.2184600661612,53.6290956259444],[-2.21846123695451,53.6293203313418],[-2.21883926211088,53.6293196401988],[-2.21884043493608,53.6295443455864],[-2.21884160777694,53.6297690509655],[-2.218463578588,53.6297697421113],[-2.21808554941878,53.6297704320628],[-2.21808438061641,53.629545726682],[-2.21770635395936,53.6295464154481],[-2.21732832728629,53.6295471030202],[-2.21732716264892,53.6293223976596],[-2.21694913803438,53.629323084052],[-2.21657111340388,53.6293237692503],[-2.21656995293141,53.62909906391],[-2.21619193035947,53.6290997479287],[-2.21619077197733,53.6288750425943],[-2.2165687924748,53.6288743585614],[-2.21694681295633,53.6288736733344],[-2.21694565044111,53.6286489679631],[-2.21656763203402,53.6286496532043],[-2.2165664716091,53.628424947839],[-2.21618845526048,53.6284256319005],[-2.21581043889596,53.6284263147682],[-2.21543242251556,53.6284269964418],[-2.21543357671724,53.6286517017642],[-2.21543473093468,53.6288764070783],[-2.21505671038956,53.6288770875293],[-2.21505786254829,53.6291017928206],[-2.21505901472274,53.6293264981036],[-2.21506016691293,53.6295512033783],[-2.21506131911885,53.6297759086446],[-2.21468329025985,53.6297765878442],[-2.21468444040692,53.6300012930878],[-2.21430640945753,53.630001971079],[-2.21430755754569,53.6302266762998],[-2.21430870564953,53.6304513815124],[-2.21468674074818,53.6304507035499],[-2.2146855905697,53.630225998323],[-2.2150636235779,53.6302253191521],[-2.21544165657028,53.6302246387872],[-2.2158196895468,53.6302239572282],[-2.21619772250744,53.6302232744751],[-2.21619888098448,53.6304479797594],[-2.2158208459492,53.6304486624981],[-2.2158220023674,53.6306733677596],[-2.21582315880139,53.6308980730128],[-2.21620119798603,53.6308973903028],[-2.21657923715476,53.6308967063986],[-2.21657807657138,53.6306720011168],[-2.21695611364948,53.6306713160042],[-2.2173341507116,53.6306706296977],[-2.21771218775773,53.630669942197],[-2.21771335456519,53.6308946475217],[-2.21809139366999,53.6308939588412],[-2.21809256256811,53.6311186641719],[-2.21809373148218,53.6313433694942],[-2.21771568822791,53.6313440581461],[-2.21771685508316,53.6315687634457],[-2.21733880973809,53.6315694508892],[-2.21696076437701,53.6315701371387],[-2.21696192709858,53.6317948424014],[-2.21658387964673,53.6317955274424],[-2.21658504030935,53.6320202326824],[-2.21620699076672,53.632020916515],[-2.21620583217894,53.6317962112893],[-2.21620467360699,53.6315715060552],[-2.21582662819809,53.6315721887223],[-2.21582547171673,53.6313474834941],[-2.21582431525116,53.6311227782577],[-2.21544627397591,53.6311234597593],[-2.21544511960086,53.6308987545288],[-2.21544396524157,53.6306740492899],[-2.21506592809988,53.6306747296262],[-2.21506708038448,53.6308994348507],[-2.21468904115226,53.6309001139786],[-2.21469019137787,53.6311248191804],[-2.21431215005513,53.6311254970998],[-2.21431329822169,53.6313502022789],[-2.21431444640393,53.6315749074496],[-2.21431559460185,53.631799612612],[-2.213937547039,53.6318002892942],[-2.2135594994604,53.6318009647822],[-2.21318145186609,53.6318016390762],[-2.21318259385518,53.6320263441871],[-2.21318373585986,53.6322510492896],[-2.21318487788015,53.6324757543837],[-2.21280682404555,53.6324764274404],[-2.21280796400651,53.6327011325118],[-2.21242990808134,53.6327018043599],[-2.21243104598292,53.6329265094085],[-2.21205298796716,53.632927180048],[-2.21167492993579,53.6329278494933],[-2.21167379618411,53.6327031444736],[-2.21129574021212,53.6327038127392],[-2.21129460855085,53.6324791077255],[-2.21129347690504,53.6322544027034],[-2.21167152872721,53.6322537344089],[-2.21167039502199,53.6320290293641],[-2.21129234527468,53.632029697673],[-2.21129121365978,53.6318049926343],[-2.21091316597177,53.6318056597635],[-2.21091203644714,53.6315809547309],[-2.21091090693794,53.6313562496898],[-2.210532863384,53.6313569156539],[-2.21053173596498,53.631132210619],[-2.21053060856137,53.6309075055757],[-2.21015256914142,53.6309081703746],[-2.20977452970602,53.6309088339795],[-2.20939649025518,53.6309094963903],[-2.20901845078893,53.630910157607],[-2.20864041130731,53.6309108176296],[-2.20826237181034,53.6309114764582],[-2.20826125687033,53.6306867714935],[-2.20788321943274,53.6306874291425],[-2.20788210658264,53.630462724184],[-2.20788099374775,53.6302380192171],[-2.20750296044419,53.6302386757012],[-2.20750184969912,53.6300139707405],[-2.20712381845491,53.630014626045],[-2.20674578719547,53.6300152801555],[-2.20674468061476,53.6297905752155],[-2.20636665141471,53.6297912281466],[-2.20636554692368,53.6295665232128],[-2.20598751978301,53.6295671749644],[-2.20598641738162,53.6293424700369],[-2.20560839230034,53.6293431206091],[-2.20560729198851,53.6291184156878],[-2.20522926896662,53.6291190650805],[-2.20522817074431,53.6288943601654],[-2.20485014978181,53.6288950083788],[-2.20484905364896,53.62867030347],[-2.20447103474585,53.628670950504],[-2.20446994070241,53.6284462456014],[-2.20409192385869,53.6284468914561],[-2.20371390699996,53.6284475361167],[-2.20371499689454,53.62867224099],[-2.20333697794641,53.6286728844421],[-2.20333806578144,53.6288975892924],[-2.20333915363134,53.6291222941343],[-2.2033402414961,53.6293469989679],[-2.20296221630957,53.629347641182],[-2.20296113051931,53.6291229363631],[-2.20258310739237,53.6291235773979],[-2.20220508425052,53.6291242172387],[-2.20182706109382,53.6291248558855],[-2.20144903792227,53.6291254933383],[-2.20107101460079,53.6291261294274],[-2.2006929912643,53.6291267643221],[-2.20031496791307,53.6291273980227],[-2.20031389664772,53.6289026933569],[-2.19993587535263,53.6289033258978],[-2.19993480617271,53.6286786212583],[-2.1999337370074,53.6284539166104],[-2.19955571983922,53.6284545480262],[-2.19955465275926,53.6282298434046],[-2.1991766376472,53.6282304736607],[-2.19917557265254,53.6280057690653],[-2.19879755959658,53.6280063981618],[-2.19841954652603,53.6280070260643],[-2.19841848568731,53.6277823215296],[-2.19841742486308,53.6275576169866],[-2.19803941591934,53.627558243764],[-2.19803835718024,53.6273335392473],[-2.19766035029261,53.6273341648652],[-2.19728234339048,53.627334789289],[-2.19690433647387,53.6273354125189],[-2.19652632954281,53.6273360345547],[-2.19614832259733,53.6273366553965],[-2.19614727422578,53.6271119510441],[-2.19576926933652,53.6271125707264],[-2.19577031563745,53.6273372750443],[-2.19539230866321,53.627337893498],[-2.19539335290778,53.6275625977731],[-2.19501534384855,53.6275632149983],[-2.1950163860367,53.6277879192305],[-2.1950174282391,53.6280126234544],[-2.19463941502418,53.6280132394165],[-2.19464045517007,53.6282379435976],[-2.19426243987014,53.628238558331],[-2.19388442455595,53.6282391718703],[-2.19388546057454,53.628463875974],[-2.19350744317536,53.6284644882846],[-2.19312942576199,53.6284650994012],[-2.19313045765315,53.6286898034274],[-2.19275243815482,53.6286904133153],[-2.19237441864234,53.6286910220092],[-2.19237544640597,53.6289157259579],[-2.19199742480856,53.628916333423],[-2.19161940319707,53.628916939694],[-2.19162042683305,53.6291416435651],[-2.19162145048301,53.629366347428],[-2.19162247414697,53.6295910512826],[-2.19162349782491,53.6298157551289],[-2.19162452151683,53.630040458967],[-2.19162554522275,53.6302651627968],[-2.19200357925973,53.6302645567337],[-2.19200460505064,53.6304892605899],[-2.19200563085557,53.6307139644379],[-2.19200665667452,53.6309386682776],[-2.19238469691053,53.6309380611243],[-2.19276273713242,53.6309374527768],[-2.19276376710758,53.6311621566775],[-2.1927647970968,53.63138686057],[-2.1927658271001,53.6316115644542],[-2.19276685711748,53.6318362683302],[-2.19238880861104,53.631836876539],[-2.19201076009048,53.6318374835537],[-2.19201178597951,53.6320621873521],[-2.19201281188256,53.6322868911423],[-2.19239086454556,53.6322862841969],[-2.19239189253389,53.6325109880134],[-2.19239292053627,53.6327356918217],[-2.1923939485527,53.6329603956217],[-2.19239497658317,53.6331850994134],[-2.19201691563496,53.6331857062202],[-2.19163885467265,53.6331863118327],[-2.19163987857442,53.6334110155469],[-2.19126181552668,53.6334116199305],[-2.1912628383254,53.6336363232479],[-2.19126386401614,53.6338610254901],[-2.19126488972062,53.634085727724],[-2.1908868205482,53.6340863307845],[-2.19088784423643,53.6343110329662],[-2.19088886793838,53.6345357351397],[-2.19051079469213,53.6345363369177],[-2.19051181637775,53.6347610390389],[-2.19013374108767,53.6347616395785],[-2.1901327214321,53.6345369375013],[-2.18975464815832,53.6345375368905],[-2.18975566578384,53.6347622389236],[-2.18937759046628,53.6347628370745],[-2.18937860607535,53.6349875390553],[-2.18900052871402,53.6349881359677],[-2.1890015423066,53.6352128378962],[-2.18862346290149,53.6352134335701],[-2.18862447447752,53.6354381354464],[-2.18824639302864,53.6354387298817],[-2.18786831156614,53.6354393231227],[-2.18749023009005,53.6354399151693],[-2.18711214860039,53.6354405060215],[-2.18673406709721,53.6354410956793],[-2.18673306567184,53.6352163940237],[-2.18635498618529,53.6352169825312],[-2.18635398680344,53.6349922809115],[-2.18635298743499,53.6347675792836],[-2.18673106286136,53.6347669906878],[-2.18673006147625,53.6345422890075],[-2.18672906010454,53.634317587319],[-2.18635098873824,53.6343181760031],[-2.18634998940995,53.6340934743506],[-2.18597192006017,53.6340940618846],[-2.18597092277524,53.633869360268],[-2.18559285544198,53.6338699466518],[-2.18559186020035,53.6336452450711],[-2.18521379488361,53.6336458303048],[-2.18521280487319,53.6334211276467],[-2.18483474159068,53.6334217117277],[-2.18483375497367,53.6331970086391],[-2.1844556951493,53.6331975919652],[-2.18445471055628,53.6329728888914],[-2.18445372597635,53.6327481858093],[-2.18445274140949,53.6325234827188],[-2.18445175685571,53.63229877962],[-2.18482980864056,53.6322981962022],[-2.18520786156645,53.632297611947],[-2.18520687294566,53.6320729087823],[-2.184828822091,53.6320734930723],[-2.18445077231501,53.6320740765128],[-2.18407272267312,53.6320746588056],[-2.18407174014207,53.6318499557101],[-2.18407075762408,53.6316252526061],[-2.18406977511913,53.6314005494938],[-2.18369173145376,53.6314011306523],[-2.1833136877753,53.6314017106167],[-2.18331270927639,53.6311770075359],[-2.18293466758136,53.6311775863261],[-2.18293369109192,53.6309528832569],[-2.18255565138032,53.630953460873],[-2.18255467690028,53.6307287578155],[-2.18217663917212,53.6307293342574],[-2.18217566670144,53.6305046312115],[-2.18217469424367,53.6302799281572],[-2.18179666049532,53.630280503445],[-2.18179569004683,53.6300558004024],[-2.18141765828189,53.6300563745161],[-2.18141668984261,53.6298316714851],[-2.18141572141619,53.6296069684457],[-2.18141475300263,53.629382265398],[-2.18103672721369,53.6293828383777],[-2.18103576080924,53.6291581353416],[-2.18103479441762,53.6289334322972],[-2.18103382803883,53.6287087292445],[-2.18103286167288,53.6284840261833],[-2.18103189531975,53.6282593231139],[-2.18103092897946,53.6280346200361],[-2.18065291515472,53.6280351919418],[-2.18065195082335,53.6278104888756],[-2.18065098650478,53.6275857858011],[-2.18027297665932,53.6275863565529],[-2.17989496680103,53.6275869261107],[-2.17951695692992,53.6275874944746],[-2.17951599861226,53.6273627914518],[-2.17951504030732,53.6271380884207],[-2.17989304618639,53.6271375200167],[-2.17989208589819,53.6269128169572],[-2.17989112562274,53.6266881138894],[-2.17951312373561,53.6266886823334],[-2.17951216546884,53.6264639792772],[-2.17951120721478,53.6262392762127],[-2.1791332093067,53.6262398435029],[-2.17875521138586,53.6262404095992],[-2.17875425713627,53.6260157065664],[-2.17837626119857,53.6260162714889],[-2.17799826524817,53.6260168352175],[-2.17799731500295,53.6257921322165],[-2.17761932103571,53.6257926947713],[-2.17724132705582,53.6257932561323],[-2.1768633330633,53.6257938162995],[-2.17686427732098,53.6260185192402],[-2.17724227330934,53.6260179590932],[-2.17724321957542,53.6262426620457],[-2.17724416585406,53.6264673649898],[-2.17762216582158,53.6264668036891],[-2.17762311410871,53.626691506645],[-2.17762406240842,53.6269162095925],[-2.17724605844902,53.6269167708531],[-2.17724700476533,53.6271414737722],[-2.17724795109421,53.627366176683],[-2.17724889743564,53.6275908795854],[-2.17724984378964,53.6278155824795],[-2.1772507901562,53.6280402853652],[-2.17725173653531,53.6282649882426],[-2.17762975247102,53.6282644271025],[-2.17763070085885,53.6284891299916],[-2.17800871877805,53.6284885676777],[-2.17800966917463,53.6287132705786],[-2.17801061958383,53.6289379734711],[-2.17838864148272,53.6289374100033],[-2.17876666336891,53.6289368453415],[-2.17876761778317,53.6291615482658],[-2.17876857221011,53.6293862511817],[-2.17876952664971,53.6296109540893],[-2.17839149877477,53.6296115186909],[-2.17839054633144,53.6293868158034],[-2.17801252044007,53.629387379231],[-2.17763449453602,53.6293879414646],[-2.17763544298678,53.629612644312],[-2.17763639145013,53.629837347151],[-2.17763733992607,53.6300620499817],[-2.17801537181905,53.6300614878083],[-2.17801632230395,53.6302861906507],[-2.17801727280146,53.6305108934848],[-2.17801822331158,53.6307355963105],[-2.17801917383433,53.6309602991279],[-2.17839721370023,53.6309597358407],[-2.17839816623206,53.6311844386698],[-2.17877620808172,53.6311838742087],[-2.1787771626227,53.6314085770494],[-2.17877811717634,53.6316332798819],[-2.17915616300628,53.6316327142668],[-2.17915711956915,53.6318574171109],[-2.17953516738288,53.6318568503217],[-2.17953612595502,53.6320815531776],[-2.17915807614472,53.6320821199467],[-2.17915903273298,53.6323068227742],[-2.17953708453989,53.6323062560251],[-2.17991513633401,53.6323056880818],[-2.17991609692823,53.632530390941],[-2.18029415070616,53.6325298218236],[-2.18067220447124,53.6325292515121],[-2.18067316907153,53.632753954403],[-2.18067413368464,53.6329786572855],[-2.18105219143018,53.6329780858199],[-2.18105315805281,53.6332027887141],[-2.18105412468827,53.6334274915999],[-2.18143218641436,53.6334269189801],[-2.18143315639776,53.6336516213805],[-2.18143412928335,53.6338763226993],[-2.18181219502622,53.6338757489276],[-2.18181316995733,53.6341004502569],[-2.18181414490151,53.6343251515779],[-2.18181511985877,53.6345498528905],[-2.18143704801839,53.6345504266058],[-2.18105897616488,53.634550999127],[-2.18068090429826,53.6345515704539],[-2.18030283241857,53.6345521405867],[-2.18030379925867,53.6347768418158],[-2.17992572533336,53.6347774107355],[-2.17992669015383,53.6350021119374],[-2.17992765498724,53.635226813131],[-2.17992861983358,53.6354515143162],[-2.17992958469286,53.6356762154931],[-2.18030766674867,53.6356756466486],[-2.18030863365358,53.635900347836],[-2.17993054956508,53.6359009166616],[-2.17955246546355,53.635901484293],[-2.17955342831598,53.6361261854344],[-2.17955439118131,53.6363508865674],[-2.17955535405956,53.636575587692],[-2.17955631695072,53.6368002888083],[-2.1799344091833,53.6367997212523],[-2.1799353741202,53.637024422379],[-2.17993633907004,53.6372491234974],[-2.17993730403281,53.6374738246075],[-2.17993826900853,53.6376985257092],[-2.17956016864444,53.6376990931901],[-2.17956113160015,53.6379237942646],[-2.17956209456877,53.6381484953308],[-2.17994019899876,53.6381479278876],[-2.17994116401329,53.6383726289643],[-2.17994212904076,53.6385973300326],[-2.18032023752375,53.6385967614327],[-2.18031927046326,53.6383720603456],[-2.18069737690017,53.6383714905325],[-2.181075483324,53.638370919525],[-2.18107645445054,53.6385956206497],[-2.1810774255901,53.6388203217661],[-2.18107839674268,53.6390450228741],[-2.18107936790828,53.6392697239738],[-2.18108033908691,53.6394944250651],[-2.18070222249769,53.6394949959786],[-2.18070319165617,53.6397196970428],[-2.18032507302071,53.6397202667431],[-2.17994695437218,53.6397208352489],[-2.17994598928002,53.6394961342224],[-2.17994502420079,53.6392714331875],[-2.17956690960554,53.6392720005365],[-2.17956594657236,53.6390472995121],[-2.17918783399721,53.6390478656855],[-2.17880972140909,53.6390484306646],[-2.17843160880802,53.6390489944492],[-2.17805349619404,53.6390495570395],[-2.17767538356716,53.6390501184353],[-2.1776744307123,53.6388254174967],[-2.17729632010564,53.638825977717],[-2.1772953692966,53.638601276789],[-2.17691726071017,53.6386018358338],[-2.17653915211092,53.6386023936842],[-2.17653820538069,53.6383776927856],[-2.17616009880169,53.6383782494606],[-2.17615915411714,53.6381535485725],[-2.17615820944526,53.6379288476762],[-2.17578010691948,53.6379294031945],[-2.17540200438098,53.6379299575185],[-2.17540294498692,53.6381546583771],[-2.17578104955839,53.638154104072],[-2.17578199220994,53.6383788049411],[-2.17540388560547,53.6383793592272],[-2.17502577898829,53.638379912319],[-2.17502671758642,53.6386046131418],[-2.17502765619713,53.6388293139564],[-2.17464954550121,53.6388298658159],[-2.17465048209142,53.6390545666031],[-2.17427236934978,53.6390551172492],[-2.17427330391943,53.6392798180091],[-2.17465141869419,53.6392792673819],[-2.1750295334563,53.6392787155604],[-2.17540764820575,53.6392781625443],[-2.1757857629425,53.6392776083339],[-2.17578670565723,53.6395023091612],[-2.17540858888735,53.6395028633527],[-2.17503047210477,53.6395034163498],[-2.17465235530951,53.6395039681524],[-2.17427423850162,53.6395045187607],[-2.17427517309633,53.6397292195039],[-2.17427610770358,53.6399539202387],[-2.17389798681671,53.6399544696145],[-2.17389891940326,53.640179170322],[-2.17427704232335,53.6401786209652],[-2.17465516523082,53.6401780704138],[-2.17465610189637,53.6404027711509],[-2.17465703857448,53.6406274718797],[-2.17503516553583,53.6406269201718],[-2.17503610425979,53.6408516209111],[-2.17503704299635,53.6410763216421],[-2.17465891196837,53.6410768733121],[-2.17465797526514,53.6408521726001],[-2.17427984625785,53.6408527230945],[-2.17428078092774,53.6410774237876],[-2.1739026498745,53.6410779730686],[-2.17352451880867,53.6410785211551],[-2.17352358820544,53.6408538205],[-2.17352265761468,53.6406291198365],[-2.1735217270364,53.6404044191647],[-2.17352079647059,53.6401797184845],[-2.17351986591725,53.6399550177959],[-2.17314174500524,53.6399555647829],[-2.17276362408069,53.6399561105754],[-2.17276269760622,53.6397314099165],[-2.17238457870236,53.6397319545336],[-2.17238365427347,53.6395072538853],[-2.17238272985698,53.6392825532287],[-2.17200461500694,53.6392830966894],[-2.17162650014446,53.6392836389556],[-2.17162557980658,53.6390589383287],[-2.17124746696479,53.6390594794196],[-2.17124654867233,53.6388347788033],[-2.17086843785122,53.6388353187188],[-2.17049032701775,53.63883585744],[-2.17048941280372,53.6386111568535],[-2.17011130399097,53.6386116943993],[-2.17011039182222,53.6383869938235],[-2.16973228503018,53.638387530194],[-2.16973137490666,53.6381628296289],[-2.16935327013535,53.6381633648241],[-2.16897516535178,53.6381638988249],[-2.16859706055599,53.6381644316314],[-2.16859615654359,53.6379397311152],[-2.16859525254331,53.6377150305907],[-2.16859434855515,53.6374903300579],[-2.168216249846,53.6374908617273],[-2.16821534790285,53.6372661612052],[-2.16783725186993,53.6372666921301],[-2.16783635195745,53.6370419916036],[-2.16745825814556,53.6370425214773],[-2.16745736025607,53.6368178209393],[-2.16783545205693,53.6368172910686],[-2.16783455216836,53.6365925905252],[-2.16783365229176,53.6363678899733],[-2.16783275242711,53.6361431894129],[-2.16745466665919,53.6361437192748],[-2.16745556451289,53.6363684198381],[-2.167077476722,53.6363689485087],[-2.16707658087926,53.6361442479425],[-2.16669849508734,53.636144775416],[-2.16669938891913,53.6363694759852],[-2.1663213011043,53.6363700022674],[-2.16632040928346,53.6361453016954],[-2.16594232346765,53.6361458267805],[-2.16594143366959,53.6359211261971],[-2.1655633498528,53.6359216500852],[-2.16518526602414,53.6359221727791],[-2.16480718218362,53.6359226942789],[-2.16480629843008,53.6356979936783],[-2.16480541468829,53.6354732930693],[-2.16442733485772,53.6354738133692],[-2.16404925501535,53.6354743324749],[-2.16367117516122,53.6354748503865],[-2.16367205287039,53.6356995510041],[-2.16329397099364,53.6357000677244],[-2.16329484670357,53.6359247683363],[-2.1629167628042,53.6359252838653],[-2.16291763651483,53.6361499844717],[-2.16253955059284,53.6361504988093],[-2.1621614646592,53.6361510119527],[-2.16216233435952,53.6363757125562],[-2.16216320407139,53.6366004131513],[-2.16178511410417,53.6366009251061],[-2.16178598181658,53.6368256256955],[-2.16178684954052,53.6370503262764],[-2.16178771727598,53.6372750268489],[-2.16178858502296,53.6374997274129],[-2.16141048699992,53.6375002381847],[-2.16141135274731,53.637724938743],[-2.16103325270157,53.6377254483234],[-2.16103411644931,53.637950148876],[-2.16065601438087,53.6379506572649],[-2.1606568761289,53.6381753578119],[-2.16027877203775,53.6381758650093],[-2.16027963178603,53.6384005655505],[-2.15990152567218,53.6384010715564],[-2.15990238342064,53.638625772092],[-2.15952427528409,53.6386262769063],[-2.1591461671361,53.6386267805264],[-2.15914702087343,53.6388514810589],[-2.15876891070276,53.6388519834874],[-2.1583908005207,53.6388524847216],[-2.15801269032728,53.6388529847616],[-2.15763458012251,53.6388534836072],[-2.15725646990644,53.6388539812585],[-2.15687835967908,53.6388544777156],[-2.15687920136004,53.6390791782559],[-2.15650108911014,53.6390796735213],[-2.15650192879096,53.6393043740557],[-2.15612381451852,53.6393048681295],[-2.15612465219914,53.6395295686582],[-2.15612548989088,53.6397542691784],[-2.15574737158453,53.6397547620631],[-2.155369253267,53.6397552537535],[-2.15499113493833,53.6397557442496],[-2.15499030328069,53.6395310437215],[-2.15498947163409,53.6393063431849],[-2.15461135731701,53.6393068324814],[-2.15423324298883,53.6393073205836],[-2.15385512864959,53.6393078074915],[-2.15385430304797,53.6390831069387],[-2.153476190709,53.6390835926497],[-2.15309807835902,53.6390840771664],[-2.15309725679093,53.6388593765999],[-2.15271914644125,53.6388598599197],[-2.15234103608062,53.6388603420453],[-2.15234021854595,53.6386356414652],[-2.15271832689532,53.6386351593423],[-2.15309643523374,53.638634676025],[-2.15347454356117,53.6386341915135],[-2.15385265187759,53.6386337058076],[-2.15423076018297,53.6386332189075],[-2.15423158777394,53.6388579194747],[-2.15460969807952,53.6388574313777],[-2.154987808374,53.6388569420864],[-2.15498863999853,53.6390816426399],[-2.15536675229318,53.6390811521517],[-2.15536591865737,53.6388564516008],[-2.15536508503262,53.6386317510415],[-2.15498697676051,53.6386322415245],[-2.15498614515806,53.6384075409541],[-2.15460803888607,53.6384080302401],[-2.15422993260298,53.6384085183319],[-2.15422910503397,53.6381838177478],[-2.15422827747595,53.6379591171553],[-2.1542274499289,53.6377344165543],[-2.15422662239283,53.6375097159448],[-2.15460472063126,53.6375092278634],[-2.15460555017845,53.6377339284703],[-2.15498365041691,53.6377334391921],[-2.15498448198625,53.6379581397879],[-2.15498531356664,53.6381828403752],[-2.15536341781631,53.6381823498975],[-2.15536258422474,53.6379576493128],[-2.15536175064425,53.6377329487196],[-2.15573985086044,53.6377324570529],[-2.15573901527988,53.6375077564539],[-2.15536091707481,53.637508248118],[-2.15536008351643,53.6372835475079],[-2.15535924996912,53.6370588468894],[-2.15535841643287,53.6368341462624],[-2.15535758290768,53.6366094456269],[-2.15535674939355,53.636384744983],[-2.15497866123254,53.6363852354397],[-2.15497782974043,53.6361605347847],[-2.15497699825936,53.6359358341212],[-2.15497616678932,53.6357111334493],[-2.15497533533031,53.6354864327689],[-2.15497450388233,53.6352617320801],[-2.15497367244539,53.6350370313828],[-2.15459559633862,53.6350375206296],[-2.15459642576474,53.6352622213295],[-2.15459725520186,53.635486922021],[-2.15459808464999,53.635711622704],[-2.15459891410913,53.6359363233785],[-2.15422082994781,53.6359368114417],[-2.15384274577543,53.6359372983107],[-2.1538435712237,53.636161998982],[-2.15346548502935,53.6361624846594],[-2.15308739882399,53.6361629691426],[-2.15308657739758,53.6359382684662],[-2.15308575598208,53.6357135677813],[-2.15308493457747,53.6354888670879],[-2.15270685439385,53.6354893503693],[-2.15270603501099,53.6352646496649],[-2.15270521563899,53.6350399489521],[-2.15308329180094,53.6350394656758],[-2.1534613679519,53.6350389812055],[-2.15346054456918,53.6348142804893],[-2.15345972119738,53.6345895797647],[-2.15383779331577,53.6345890941054],[-2.15383861869833,53.6348137948274],[-2.15421669281645,53.6348133079714],[-2.15459476692351,53.6348128199212],[-2.1545939375194,53.6345881192044],[-2.15421586542311,53.6345886072519],[-2.15421503804075,53.634363906524],[-2.15383696794415,53.6343643933749],[-2.15383614258348,53.6341396926359],[-2.15383531723377,53.6339149918885],[-2.15345725114754,53.6339154775401],[-2.15345642781943,53.6336907767816],[-2.1534556052657,53.633466075517],[-2.15345478345394,53.6332413737674],[-2.15345396165294,53.6330166720094],[-2.1534531398627,53.632791970243],[-2.15345231808322,53.6325672684681],[-2.15307426387464,53.6325677529766],[-2.15307344407834,53.632343051205],[-2.15307262429276,53.6321183494251],[-2.15307180451792,53.6318936476368],[-2.15307098475381,53.63166894584],[-2.15269293842392,53.6316694292012],[-2.15269212064285,53.6314447274078],[-2.15269130287248,53.6312200256059],[-2.15269048511282,53.6309953237957],[-2.15231244468899,53.6309958059979],[-2.15231162891226,53.630771104191],[-2.15231081314621,53.6305464023757],[-2.15193277665605,53.6305468834073],[-2.15193196287285,53.6303221815953],[-2.1519311491003,53.6300974797749],[-2.15155311654374,53.630097959636],[-2.15155230475396,53.6298732578189],[-2.1515514929748,53.6296485559934],[-2.15155068120626,53.6294238541595],[-2.15117265464808,53.6294243328126],[-2.15079462811081,53.6294248102549],[-2.15041660156286,53.6294252865032],[-2.15041579574025,53.6292005847049],[-2.15003777116059,53.6292010597743],[-2.1496597465703,53.6292015336497],[-2.14965894471607,53.628976831873],[-2.14965814287235,53.6287521300879],[-2.14928012222924,53.6287526027994],[-2.14890210157557,53.628753074317],[-2.14852408091135,53.6287535446406],[-2.14852487681844,53.6289782463806],[-2.14852567273597,53.6292029481122],[-2.14890369735796,53.6292024778187],[-2.14890449526485,53.6294271795569],[-2.14890529318221,53.6296518812868],[-2.14928332175154,53.6296514098293],[-2.14928412165834,53.6298761115659],[-2.14966215219609,53.6298756389294],[-2.15004018272325,53.629875165099],[-2.15004098659856,53.6300998668572],[-2.1504190190941,53.6300993918478],[-2.15079705157899,53.6300989156444],[-2.15079785942292,53.6303236174242],[-2.15117589387617,53.6303231400418],[-2.15117670370975,53.6305478418281],[-2.15155474015518,53.6305473632449],[-2.15155555197683,53.6307720650368],[-2.1515563638091,53.6309967668203],[-2.15193440425441,53.6309962870061],[-2.15193521806957,53.6312209887929],[-2.15193603189537,53.6314456905713],[-2.15193684573183,53.6316703923413],[-2.15231489208325,53.6316699113683],[-2.15231570790269,53.6318946131416],[-2.15231652373281,53.6321193149065],[-2.15231733957361,53.6323440166631],[-2.15231815542509,53.6325687184112],[-2.15231897128724,53.6327934201509],[-2.15231978716008,53.6330181218822],[-2.15232060304359,53.6332428236051],[-2.15232141893778,53.6334675253197],[-2.15232223552679,53.6336922265641],[-2.1523230528229,53.6339169273303],[-2.15232387012986,53.634141628088],[-2.15270193825972,53.6341411460161],[-2.15270275758824,53.6343658467628],[-2.15232468744766,53.6343663288372],[-2.1523255047763,53.634591029578],[-2.15194743261405,53.6345915104609],[-2.15194661729615,53.6343668097176],[-2.15156854713375,53.6343672894038],[-2.15156773383739,53.6341425886495],[-2.15118966567671,53.6341430670592],[-2.15118885440023,53.6339183662903],[-2.15156692055181,53.6339178878867],[-2.15156610727703,53.6336931871155],[-2.15156529466535,53.6334684858842],[-2.1515644827162,53.6332437841931],[-2.15156367077768,53.6330190824936],[-2.15156285884978,53.6327943807857],[-2.15194091507388,53.6327939010654],[-2.15194010118416,53.6325691993374],[-2.15156204693251,53.6325696790694],[-2.15156123502587,53.6323449773448],[-2.15156042312984,53.6321202756117],[-2.15118237284238,53.6321207540976],[-2.15118156293441,53.63189605237],[-2.15155961124445,53.6318955738702],[-2.15155879936968,53.6316708721203],[-2.15155798750553,53.6314461703621],[-2.15117994315035,53.6314466488896],[-2.15117913327426,53.6312219471368],[-2.1508010909046,53.6312224244593],[-2.15080028301828,53.6309977227131],[-2.15042224261709,53.6309981988565],[-2.15042143672048,53.6307734971169],[-2.15042063083445,53.6305487953689],[-2.15004259438081,53.6305492703483],[-2.14966455791655,53.6305497441337],[-2.14966375599921,53.6303250424073],[-2.14928572150342,53.6303255150137],[-2.14890768699706,53.6303259864261],[-2.14890688904831,53.6301012847214],[-2.14852885651044,53.6301017549548],[-2.14852806055117,53.6298770532568],[-2.14815002998179,53.6298775223112],[-2.14814923601194,53.6296528206198],[-2.14777120741105,53.6296532884954],[-2.14777041543057,53.6294285868107],[-2.14739238879818,53.6294290535073],[-2.147391598807,53.6292043518292],[-2.14701357414311,53.629204817347],[-2.14663554946881,53.6292052816708],[-2.14663633550213,53.6294299833187],[-2.14663712154574,53.6296546849582],[-2.14663790759967,53.6298793865894],[-2.14663869366389,53.6301040882121],[-2.14626066106333,53.6301045512816],[-2.14626144515882,53.6303292528809],[-2.14626222926458,53.6305539544718],[-2.14626301338063,53.6307786560542],[-2.14588497483251,53.6307791178844],[-2.14588575697972,53.6310038194434],[-2.14550771644216,53.6310042800645],[-2.14550849662046,53.6312289816],[-2.14588653913717,53.631228520994],[-2.14626458164354,53.631228059194],[-2.14626536579042,53.6314527607514],[-2.14626614994757,53.6316774623003],[-2.14588810348283,53.6316779240701],[-2.14588888567103,53.6319026255955],[-2.14551083721673,53.6319030861561],[-2.14551161743593,53.632127787658],[-2.14513356699208,53.6321282470094],[-2.14513434524222,53.6323529484879],[-2.14513512350257,53.6325776499579],[-2.14475706908985,53.6325781080849],[-2.14475784538106,53.6328028095315],[-2.14513590177312,53.6328023514195],[-2.14513668005386,53.6330270528728],[-2.14551473841499,53.6330265935819],[-2.14589279676582,53.6330261330968],[-2.14589357901554,53.6332508345719],[-2.1458943612755,53.6334755360386],[-2.14551629896587,53.6334759964934],[-2.14551707970358,53.6337006976439],[-2.14589514400631,53.6337002371936],[-2.1458959271545,53.6339249380719],[-2.14627399345517,53.6339244764203],[-2.14627477862214,53.634149177283],[-2.14627556379952,53.6343738781372],[-2.14665363410658,53.6343734152773],[-2.14665442130283,53.6345981161159],[-2.14703249360787,53.6345976520547],[-2.14703328282305,53.6348223528776],[-2.14703407204868,53.6350470536921],[-2.14741214836022,53.6350465884224],[-2.14741293960486,53.6352712892212],[-2.14741373085999,53.6354959900116],[-2.14741452212559,53.6357206907934],[-2.14741531340167,53.6359453915668],[-2.14741610468824,53.6361700923317],[-2.14741689598529,53.6363947930881],[-2.14741768729281,53.636619493836],[-2.14779577765427,53.6366190273219],[-2.14779657098103,53.6368437280542],[-2.14741847861082,53.6368441945755],[-2.14741926993931,53.6370688953064],[-2.14704117554976,53.6370693606407],[-2.14666308114967,53.6370698247808],[-2.14628498673907,53.6370702877266],[-2.14590689231798,53.6370707494783],[-2.14552879788644,53.6370712100358],[-2.14515070344447,53.637071669399],[-2.1447726089921,53.6370721275681],[-2.14439451452935,53.637072584543],[-2.14439373927108,53.6368478837549],[-2.14401564680676,53.6368483395285],[-2.14401487356751,53.6366236387247],[-2.14401410033849,53.6363989379126],[-2.14401332711971,53.6361742370919],[-2.14363524067124,53.63617469165],[-2.14363446947137,53.6359499908138],[-2.1436336982817,53.6357252899691],[-2.14363292710225,53.6355005891159],[-2.143632155933,53.6352758882542],[-2.14325407750876,53.6352763415898],[-2.14325330835828,53.6350516407126],[-2.14325253921798,53.6348269398269],[-2.14325177008786,53.6346022389327],[-2.14325100096793,53.63437753803],[-2.14325023185817,53.6341528371189],[-2.1432494627586,53.6339281361993],[-2.1432486936692,53.6337034352712],[-2.14287062929405,53.6337038873632],[-2.14286986251141,53.6334791862413],[-2.14286909608676,53.6332544848958],[-2.14324715648855,53.6332540327847],[-2.14324638809454,53.6330293314156],[-2.1436244465068,53.6330288780953],[-2.1436236761435,53.6328041767026],[-2.1432456197106,53.6328046300382],[-2.14324485133673,53.6325799286523],[-2.14286679687302,53.6325803808089],[-2.14286756326756,53.6328050821796],[-2.1424895068144,53.6328055331269],[-2.14249027123962,53.633030234474],[-2.14211221279701,53.633030684212],[-2.14211297525285,53.6332553855355],[-2.14211373771867,53.6334800868506],[-2.14173567530719,53.6334805353641],[-2.14135761288568,53.6334809826834],[-2.14097955045415,53.6334814288086],[-2.14097879392657,53.6332567275392],[-2.14097803740889,53.6330320262613],[-2.14097728090112,53.6328073249751],[-2.14059922439778,53.6328077699519],[-2.14022116788447,53.6328082137346],[-2.14022192043352,53.6330329149903],[-2.14059997892619,53.6330324712229],[-2.14060073346447,53.6332571724855],[-2.14060148801263,53.6334818737397],[-2.14060224282915,53.6337065748402],[-2.14098030726531,53.6337061299125],[-2.14098106430431,53.6339308308829],[-2.14060299785976,53.6339312758176],[-2.14060375290035,53.6341559767866],[-2.14022568443728,53.6341564205342],[-2.14022643747941,53.6343811215016],[-2.1402271905315,53.6346058224606],[-2.13984911804146,53.6346062650282],[-2.139849869095,53.6348309659857],[-2.13985062015848,53.6350556669347],[-2.14022869666557,53.6350552243531],[-2.14022944974755,53.6352799252866],[-2.1402302028395,53.6355046262117],[-2.14060828335369,53.635504182422],[-2.14098636385781,53.6355037374382],[-2.14098712097695,53.6357284383407],[-2.14098787810611,53.6359531392348],[-2.14136596261739,53.6359526930428],[-2.14136672176524,53.6361773939214],[-2.14136748092314,53.6364020947915],[-2.14136824009108,53.6366267956531],[-2.14136899926907,53.6368514965063],[-2.14136975845711,53.6370761973509],[-2.1413705176552,53.6373008981871],[-2.14137127686333,53.6375255990148],[-2.14099317829078,53.637526045256],[-2.1409939355001,53.6377507460822],[-2.14061583490859,53.6377511911362],[-2.14061659011904,53.637975891961],[-2.14023848750856,53.6379763358277],[-2.14023924072009,53.638201036651],[-2.13986113609065,53.6382014793305],[-2.1398618873032,53.6384261801523],[-2.13986263852569,53.6386508809656],[-2.13948452986831,53.6386513224648],[-2.13948527909174,53.6388760232767],[-2.13910716841536,53.6388764635886],[-2.13872905772902,53.6388769027062],[-2.13872831252358,53.6386522018804],[-2.13872756732801,53.6384275010462],[-2.13834946064969,53.6384279389556],[-2.13797135396146,53.6384283756708],[-2.13759324726334,53.6384288111917],[-2.137593986432,53.6386535120468],[-2.13759472561044,53.6388782128934],[-2.13759546479866,53.6391029137316],[-2.13759620399665,53.6393276145613],[-2.13721808925262,53.6393280489157],[-2.13721882645131,53.6395527497438],[-2.13684070968837,53.6395531829108],[-2.13646259291562,53.6395536148835],[-2.13608447613309,53.6395540456618],[-2.1360852073142,53.6397787465022],[-2.13646332610584,53.6397783157169],[-2.1368414448877,53.6397778837373],[-2.13721956365975,53.6397774505634],[-2.13722030087795,53.6400021513746],[-2.13722103810589,53.6402268521773],[-2.13722177534358,53.6404515529715],[-2.13722251259102,53.6406762537573],[-2.13760063938994,53.6406758193614],[-2.13760137865638,53.6409005201317],[-2.1376021179326,53.6411252208936],[-2.13760285721859,53.641349921647],[-2.13760359651437,53.6415746223919],[-2.13760433581992,53.6417993231283],[-2.13760507516108,53.6420240238006],[-2.13760581453862,53.6422487244071],[-2.13760655392593,53.6424734250052],[-2.1372284110516,53.6424738594491],[-2.13722914843891,53.6426985600427],[-2.13722988583597,53.6429232606279],[-2.1368517389322,53.6429236938855],[-2.13685247432918,53.6431483944662],[-2.13685320973588,53.6433730950385],[-2.13685394515232,53.6435977956023],[-2.13647579220914,53.6435982276775],[-2.13647652562537,53.6438229282369],[-2.13609837066249,53.6438233591216],[-2.13609910207848,53.6440480596765],[-2.13572094509589,53.6440484893708],[-2.13572167451157,53.6442731899213],[-2.13534351550927,53.644273618425],[-2.13534424292461,53.644498318971],[-2.1349660819026,53.6444987462842],[-2.13458792069209,53.6444991724548],[-2.13458719729667,53.6442744718997],[-2.1342090379335,53.6442748969142],[-2.1342083165586,53.6440501963443],[-2.13383015919676,53.644050620158],[-2.13382943984232,53.6438259195733],[-2.1334512844818,53.6438263421862],[-2.13345056714777,53.6436016415867],[-2.13382872049739,53.6436012189802],[-2.13420687383741,53.6436007951792],[-2.1345850271678,53.6436003701837],[-2.13458430381065,53.6433756695947],[-2.13496245497187,53.6433752434495],[-2.1349617296145,53.6431505428572],[-2.13496100426672,53.6429258422564],[-2.13533915121928,53.6429254149712],[-2.13533842387128,53.6427007143659],[-2.1353376965329,53.6424760137522],[-2.13571583945615,53.6424755852805],[-2.13571511011763,53.6422508846623],[-2.13609325102139,53.6422504550001],[-2.1364713919154,53.6422500241435],[-2.13684953279963,53.6422495920925],[-2.13684879744155,53.6420248914779],[-2.13684806211927,53.641800190795],[-2.13646992525422,53.6418006228368],[-2.13646919197672,53.6415759220796],[-2.13646845870892,53.6413512213139],[-2.1368465915553,53.641350789286],[-2.1368458562879,53.6411260885188],[-2.13646772545082,53.6411265205398],[-2.13646699220241,53.6409018197572],[-2.13646625896371,53.6406771189661],[-2.1364655257347,53.6404524181665],[-2.13646479251538,53.6402277173585],[-2.13608666970545,53.6402281481575],[-2.13608593850499,53.6400034473341],[-2.13570781769446,53.6400038769319],[-2.13532969687421,53.6400043053354],[-2.13532896970169,53.6397796044898],[-2.13495085088088,53.6397800316921],[-2.13457273183521,53.6397804577755],[-2.13457200868669,53.6395557569116],[-2.13457128554771,53.6393310560392],[-2.13457056241826,53.6391063551584],[-2.13456983929836,53.6388816542692],[-2.13494795032323,53.6388812281972],[-2.13494722520779,53.6386565273023],[-2.13532533398333,53.6386561001343],[-2.1353246068685,53.6384313992378],[-2.13494650010193,53.6384318263989],[-2.13494577500566,53.638207125487],[-2.13456766999588,53.6382075515507],[-2.13456694691413,53.6379828506276],[-2.13456622384192,53.6377581496961],[-2.13456550077925,53.6375334487562],[-2.13456477772611,53.6373087478077],[-2.13494287471643,53.6373083217548],[-2.13494214966809,53.6370836208005],[-2.13532024438139,53.6370831936806],[-2.13532097143855,53.637307894628],[-2.13569906815097,53.637307466307],[-2.13607716485366,53.6373070367918],[-2.13607643377889,53.6370823358582],[-2.13569833908501,53.6370827653665],[-2.13569761002868,53.6368580644175],[-2.13531951733386,53.6368584927248],[-2.13494142462933,53.6368589198378],[-2.13456333164846,53.6368593458855],[-2.13456260862394,53.6366346449118],[-2.13494069960016,53.6366342188666],[-2.13493997458057,53.6364095178869],[-2.13493924957057,53.6361848168988],[-2.13493852457015,53.6359601159021],[-2.13493779957932,53.635735414897],[-2.13493707459807,53.6355107138834],[-2.13493634962641,53.6352860128614],[-2.13531442827021,53.6352855857964],[-2.13531370129957,53.6350608847727],[-2.13493562466433,53.6350613118308],[-2.13493489971183,53.6348366107918],[-2.13493417476892,53.6346119097443],[-2.13455610183243,53.6346123357674],[-2.13455682477112,53.6348370368172],[-2.13417874963259,53.6348374617526],[-2.13380067448448,53.6348378854939],[-2.13380139342648,53.6350625865361],[-2.13380211237796,53.6352872875699],[-2.13342403321403,53.6352877101178],[-2.13304595404055,53.6352881314715],[-2.13304666899519,53.6355128324976],[-2.13304738395925,53.6357375335152],[-2.13304809893274,53.6359622345244],[-2.13304881391566,53.6361869355251],[-2.13342690110196,53.6361865141698],[-2.13380498827872,53.6361860916203],[-2.13418307544591,53.6361856678767],[-2.13418379644808,53.6364103688678],[-2.13380570727762,53.6364107926118],[-2.13342761809758,53.6364112151617],[-2.133049528908,53.6364116365173],[-2.13305024390978,53.6366363375011],[-2.13305095892099,53.6368610384764],[-2.13305167394162,53.6370857394433],[-2.13305238897168,53.6373104404018],[-2.13305310401118,53.6375351413517],[-2.13267500479531,53.6375355615151],[-2.13267571784079,53.6377602624569],[-2.1330538190601,53.6377598422933],[-2.1334319202699,53.6377594209354],[-2.13343263733171,53.6379841218681],[-2.13343335440299,53.6382088227923],[-2.13343407148372,53.6384335237081],[-2.13343478857391,53.6386582246155],[-2.1330566793501,53.6386586459749],[-2.13305739444617,53.6388833468741],[-2.13267928320927,53.6388837670396],[-2.13230117196288,53.6388841860108],[-2.13192306070703,53.6388846037877],[-2.13154494944175,53.6388850203703],[-2.13116683816706,53.6388854357586],[-2.13078872688299,53.6388858499525],[-2.13078942996689,53.6391105508454],[-2.13079013306006,53.6393352517298],[-2.13041201775941,53.6393356647301],[-2.1304127188582,53.6395603656064],[-2.13041341996622,53.6397850664742],[-2.13003530064891,53.6397854782808],[-2.13003599976247,53.6400101791404],[-2.12965787843214,53.6400105897529],[-2.12965857555118,53.6402352906044],[-2.1296592726794,53.6404599914475],[-2.12965996981681,53.6406846922821],[-2.12966066696342,53.6409093931082],[-2.13003879630885,53.6409089824946],[-2.13003949546849,53.641133683312],[-2.13004019463734,53.6413583841209],[-2.1300408938154,53.6415830849214],[-2.13041902916316,53.6415826731125],[-2.13041973035436,53.6418073739042],[-2.13042043154016,53.6420320746527],[-2.13004229218091,53.6420324864653],[-2.13004299135217,53.6422571871805],[-2.13004369053267,53.6424818878871],[-2.13004438972241,53.6427065885854],[-2.1300450889214,53.6429312892751],[-2.13004578812962,53.6431559899564],[-2.12966763870723,53.6431564006056],[-2.12928948927555,53.6431568100604],[-2.12929018447132,53.6433815107456],[-2.12891203301952,53.6433819190121],[-2.12853388155848,53.6433823260841],[-2.1285345727417,53.6436070267732],[-2.12815641926056,53.6436074326569],[-2.12815573008821,53.6433827319617],[-2.12777757860876,53.6433831366447],[-2.12777826577024,53.6436078373462],[-2.12777895294079,53.6438325380392],[-2.12777964012042,53.6440572387237],[-2.12740148259911,53.6440576422308],[-2.12740216777687,53.644282342913],[-2.12702400823546,53.6442827452317],[-2.12702469141129,53.6445074459116],[-2.12702537459615,53.644732146583],[-2.12664721102364,53.6447325477194],[-2.12626904744206,53.6447329476614],[-2.12626836827922,53.6445082469777],[-2.12589020669959,53.644508645719],[-2.1258895295567,53.6442839450207],[-2.12551136997902,53.6442843425613],[-2.12551069485604,53.6440596418485],[-2.12513253728031,53.6440600381885],[-2.12513186417717,53.6438353374611],[-2.12513119108292,53.6436106367252],[-2.12475303752005,53.6436110318585],[-2.12475236644555,53.643386331108],[-2.12437421488461,53.6433867250408],[-2.12437354582983,53.6431620242758],[-2.12399539627082,53.643162417008],[-2.12361724670292,53.6431628085458],[-2.12323909712615,53.6431631988891],[-2.12286094754055,53.6431635880379],[-2.12248279794613,53.6431639759922],[-2.12210464834294,53.6431643627521],[-2.12172649873099,53.6431647483175],[-2.12172584376078,53.6429400475017],[-2.12134769615092,53.6429404318667],[-2.12134704320015,53.6427157310364],[-2.12096889759239,53.6427161142009],[-2.12096824666099,53.6424914133562],[-2.12096759573819,53.642266712503],[-2.12058945414326,53.6422670944611],[-2.12059010305532,53.6424917953202],[-2.12059075197595,53.6427164961709],[-2.12021260635087,53.6427168769465],[-2.11983446071717,53.6427172565277],[-2.11945631507487,53.6427176349143],[-2.11945567218655,53.6424929340458],[-2.11907752854646,53.6424933112321],[-2.11869938489784,53.6424936872239],[-2.11870002376462,53.6427183881044],[-2.11832187809672,53.6427187629077],[-2.1179437311545,53.6427191371649],[-2.11794309630562,53.6424944362715],[-2.11794246146513,53.6422697353696],[-2.117941826633,53.6420450344592],[-2.11794119170908,53.6418203335906],[-2.1183193306218,53.6418199593629],[-2.11869746824921,53.641819584581],[-2.1186968291798,53.6415948837846],[-2.11869619011879,53.6413701829796],[-2.11869555106618,53.6411454821663],[-2.11907368267339,53.6411451061899],[-2.11907304162534,53.6409204053681],[-2.11907240058571,53.6406957045379],[-2.11907175955452,53.6404710036991],[-2.11907111853175,53.640246302852],[-2.11944924211521,53.6402459256813],[-2.11982736569012,53.6402455473163],[-2.11982672066831,53.6400208464607],[-2.12020484223091,53.6400204669013],[-2.12020419521386,53.6397957660373],[-2.12020354820532,53.6395710651649],[-2.12020290120529,53.639346364284],[-2.11982478565374,53.6393467438432],[-2.11982414066586,53.6391220429538],[-2.11944602710938,53.6391224213187],[-2.11944538413358,53.6388977204209],[-2.11944474116623,53.6386730195145],[-2.1190666316084,53.6386733966851],[-2.11906599065306,53.6384486957703],[-2.11906534970615,53.638223994847],[-2.11868724414687,53.6382243708233],[-2.11868660521189,53.6379996698916],[-2.11830850164763,53.6380000446736],[-2.11830786472451,53.6377753437334],[-2.11830722780977,53.6375506427848],[-2.1179291270673,53.6375510168147],[-2.11792849217022,53.6373263158464],[-2.11792785728155,53.6371016148696],[-2.11754975949177,53.6371019880638],[-2.11754912663319,53.6368772870543],[-2.11717103085664,53.6368776590302],[-2.1171704000281,53.6366529579882],[-2.11716976920791,53.6364282569376],[-2.11679167746622,53.6364286276712],[-2.116791048676,53.636203926588],[-2.11641295894751,53.6362042961034],[-2.11641233218719,53.6359795949876],[-2.11641170543516,53.6357548938632],[-2.11678979112052,53.635754524396],[-2.11678916235526,53.6355298232872],[-2.11716724601068,53.63552945265],[-2.11754532965766,53.6355290808186],[-2.11754469685773,53.6353043797495],[-2.11792277847475,53.6353040067482],[-2.11792341329619,53.6355287077933],[-2.11830149595387,53.6355283338671],[-2.11867957748144,53.635527959085],[-2.11868021632403,53.6357526601097],[-2.11905829984632,53.6357522841335],[-2.11905894070054,53.6359769851497],[-2.11943702621754,53.6359766079794],[-2.11943766908343,53.6362013089871],[-2.11981575659515,53.6362009306225],[-2.12019384409831,53.6362005510638],[-2.12019319722591,53.6359758500561],[-2.12057128271721,53.6359754693032],[-2.1209493681999,53.6359750873561],[-2.12095001907881,53.6361997883637],[-2.1213281065561,53.6361994052224],[-2.12132745367394,53.6359747042148],[-2.12170553913931,53.6359743198794],[-2.12208362459597,53.6359739343498],[-2.12208296771595,53.635749233334],[-2.12246105116066,53.6357488466103],[-2.12283913459662,53.6357484586924],[-2.12283847371884,53.6355237576683],[-2.12321655514282,53.6355233685564],[-2.12359463655799,53.6355229782504],[-2.12359397168257,53.6352982772181],[-2.12397205108573,53.635297885718],[-2.12435013048003,53.6352974930237],[-2.12434946160708,53.6350727919832],[-2.12472753898934,53.635072398095],[-2.12472686812208,53.6348476970462],[-2.12510494349231,53.634847301964],[-2.12510427063078,53.634622600907],[-2.12548234398899,53.6346222046308],[-2.12548166913326,53.6343975035654],[-2.12585974047943,53.6343971060953],[-2.12585906362955,53.6341724050217],[-2.12585838678859,53.6339477039397],[-2.12548031944846,53.6339481014094],[-2.12547964461939,53.6337234003187],[-2.12510157927327,53.6337237965942],[-2.1251009065028,53.6334990954772],[-2.12510023382237,53.6332743943213],[-2.12472217247882,53.6332747893955],[-2.12472150181446,53.6330500882258],[-2.12472083115894,53.6328253870477],[-2.12509888848813,53.6328249919839],[-2.12547694580836,53.6328245957262],[-2.12547627114741,53.6325998945501],[-2.12585432645151,53.6325994971036],[-2.12623238174661,53.632599098463],[-2.12623306042184,53.6328237996286],[-2.12661111771504,53.6328233997888],[-2.12698917499917,53.6328229987549],[-2.12736723227421,53.6328225965271],[-2.12736654757756,53.6325978953774],[-2.12698849230966,53.6325982975999],[-2.12698780962916,53.6323735964365],[-2.12698712695767,53.6321488952645],[-2.12698644429518,53.6319241940841],[-2.12698576164171,53.6316994928952],[-2.12736380888133,53.6316990906939],[-2.12736449354183,53.6319237918775],[-2.12774254277936,53.6319233884769],[-2.12774185611183,53.6316986872986],[-2.12811990333318,53.6316982827093],[-2.12849795054536,53.631697876926],[-2.12849725987288,53.63147317575],[-2.12849656920951,53.6312484745654],[-2.12849587855526,53.6310237733724],[-2.12849518791013,53.6307990721709],[-2.12849449727411,53.630574370961],[-2.1284938066472,53.6303496697425],[-2.12887184180858,53.6303492627974],[-2.12887114918394,53.6301245615758],[-2.12924918232925,53.6301241534421],[-2.12962721546531,53.6301237441144],[-2.12962791210362,53.6303484453253],[-2.13000594723724,53.6303480347983],[-2.13038398236155,53.6303476230775],[-2.13038468302278,53.6305723242691],[-2.13076272014462,53.630571911349],[-2.13076342282201,53.6307966125267],[-2.13114146194138,53.6307961984073],[-2.13114216663496,53.6310208995712],[-2.13152020775186,53.6310204842524],[-2.13151950105136,53.6307957830939],[-2.13151879436019,53.630571081927],[-2.1311407572571,53.6305714972349],[-2.13114005258214,53.6303467960541],[-2.13113934791647,53.6301220948648],[-2.13113864326011,53.6298973936671],[-2.13113793861305,53.6296726924608],[-2.13151596768884,53.6296722771745],[-2.13189399675522,53.6296718606943],[-2.13189328810395,53.6294471594904],[-2.13189257946205,53.6292224582781],[-2.13227060450549,53.6292220406148],[-2.13226989386624,53.6289973393994],[-2.13264791689352,53.6289969205478],[-2.13264862953947,53.6292216217577],[-2.13302665456395,53.6292212017067],[-2.1330259399113,53.6289965005022],[-2.13340396291955,53.6289960792629],[-2.13340324626966,53.6287713780553],[-2.13378126726169,53.6287709556276],[-2.13415928824415,53.628770532006],[-2.13416000890739,53.6289952332025],[-2.13453803188691,53.6289948083816],[-2.134537309217,53.6287701071905],[-2.13491533020418,53.6287696811351],[-2.13491460554619,53.6285449799345],[-2.13529262459327,53.6285445525768],[-2.13567064363077,53.6285441240253],[-2.13604866265866,53.6285436942798],[-2.13642668167692,53.6285432633404],[-2.13642594911308,53.6283185620699],[-2.13642521655883,53.6280938607909],[-2.1368032316098,53.6280934286269],[-2.13680249708635,53.6278687273243],[-2.1368017625725,53.6276440260132],[-2.13717977365626,53.6276435926246],[-2.1371790371733,53.6274188912898],[-2.13717830069997,53.6271941899466],[-2.1375563078166,53.6271937553336],[-2.13755556937423,53.6269690539667],[-2.13793357450246,53.6269686181444],[-2.13793283409111,53.6267439167538],[-2.13793209368945,53.6265192153548],[-2.13755409251847,53.6265196512077],[-2.13755335410507,53.6262949498156],[-2.13717535490294,53.62629538449],[-2.13717461847776,53.6260706831048],[-2.13755261570133,53.6260702484151],[-2.13793061291516,53.6260698125316],[-2.13792987254255,53.6258451111074],[-2.13792913217961,53.6256204096748],[-2.13792839182636,53.6253957082338],[-2.13830638309491,53.6253952711106],[-2.13830564205301,53.6251705689303],[-2.13830490341677,53.6249458654024],[-2.13792691610468,53.6249463025497],[-2.13792617946151,53.6247215990208],[-2.13792544282804,53.6244968954835],[-2.13792470620427,53.6242721919378],[-2.1379239695902,53.6240474883836],[-2.13792323298583,53.6238227848211],[-2.13830121038149,53.6238223476363],[-2.13867918776735,53.6238219092579],[-2.13867844720627,53.623597205672],[-2.13905642259912,53.6235967660924],[-2.13905568006461,53.6233720624906],[-2.13867770665495,53.6233725020776],[-2.13867696611338,53.6231477984748],[-2.13829899467705,53.6231482368756],[-2.13792102323093,53.6231486740828],[-2.1379217598062,53.6233733776706],[-2.13754378636716,53.6233738136766],[-2.13754452096895,53.6235985172486],[-2.13716654553701,53.6235989520534],[-2.13678857009535,53.6235993856645],[-2.1367893007404,53.623824089213],[-2.13641132330585,53.623824521623],[-2.13641205197729,53.6240492251555],[-2.13603407254986,53.6240496563642],[-2.13603479924763,53.6242743598808],[-2.1356568178273,53.6242747898882],[-2.13527883639737,53.624275218702],[-2.13527955913814,53.624499922195],[-2.13565754255135,53.6244994933888],[-2.13565826728494,53.624724196881],[-2.13603625267187,53.6247237668886],[-2.13603697939834,53.6249484703799],[-2.13565899202807,53.6249489003648],[-2.1352810046482,53.6249493291559],[-2.1352817274175,53.6251740326236],[-2.13565971678074,53.6251736038401],[-2.13603770613438,53.6251731738628],[-2.13603843533765,53.6253978759434],[-2.13603916579851,53.6256225773077],[-2.13566117249329,53.6256230072529],[-2.13566190098519,53.6258477085934],[-2.13528390569186,53.6258481373295],[-2.13490591038894,53.6258485648717],[-2.1349066349333,53.6260732661731],[-2.13452863792267,53.6260736922369],[-2.13415064102779,53.6260741169865],[-2.13377264412331,53.6260745405423],[-2.13377336266597,53.626299241846],[-2.13339536374557,53.6262996642136],[-2.13301736481562,53.6263000853875],[-2.13301807935502,53.6265247866936],[-2.13301879390386,53.6267494879913],[-2.1326407909516,53.6267499079824],[-2.13226278798986,53.6267503267796],[-2.13226349853527,53.6269750280797],[-2.13188549355763,53.6269754456887],[-2.13188620210596,53.6272001469857],[-2.13150819511242,53.6272005634063],[-2.13150748857054,53.6269758621038],[-2.13112948357405,53.6269762773252],[-2.13112877904793,53.6267515760089],[-2.131506782038,53.6267511607929],[-2.13150607551478,53.6265264594734],[-2.13150536900089,53.6263017581455],[-2.13150466249632,53.6260770568092],[-2.13112666552539,53.6260774720089],[-2.13112596103648,53.6258527706587],[-2.13074796606249,53.6258531846593],[-2.13074726358917,53.6256284832952],[-2.13074656112513,53.6254037819226],[-2.13074585976155,53.6251790799355],[-2.13074516082654,53.6249543765966],[-2.13074446190074,53.6247296732492],[-2.13074376298413,53.6245049698934],[-2.13112174599263,53.6245045558665],[-2.13112104509887,53.6242798524911],[-2.13112034421433,53.6240551491072],[-2.13074236517853,53.6240555631567],[-2.13074166628953,53.6238308597756],[-2.13036368923078,53.6238312726426],[-2.13036299233726,53.6236065692645],[-2.13036229545292,53.6233818658779],[-2.12998432235748,53.6233822775737],[-2.12998362746854,53.6231575741899],[-2.12960565635011,53.6231579847034],[-2.1292276852225,53.6231583940231],[-2.12884971408572,53.6231588021491],[-2.12884902516455,53.6229340987909],[-2.12847105600485,53.6229345057345],[-2.12847036907891,53.6227098023792],[-2.12809240189629,53.6227102081405],[-2.12809171696554,53.622485504788],[-2.12809103204381,53.6222608014271],[-2.12846899525416,53.6222603956432],[-2.12846830835535,53.6220356922625],[-2.12846762146557,53.6218109888735],[-2.12884558069465,53.6218105818733],[-2.12884489182786,53.6215858784645],[-2.12884420297014,53.6213611750474],[-2.12922215821803,53.621360766831],[-2.12922146738338,53.6211360633941],[-2.12959942063613,53.6211356539728],[-2.12959872782461,53.6209109505162],[-2.12922077655783,53.6209113599488],[-2.12884282528189,53.6209117681878],[-2.12884213645136,53.6206870647454],[-2.12846418715223,53.6206874718022],[-2.12846350031668,53.6204627683626],[-2.12846281349016,53.6202380649147],[-2.12808486815372,53.6202384708005],[-2.1277069228082,53.6202388754928],[-2.12770760566295,53.6204635789181],[-2.1273296583225,53.6204639824055],[-2.12695171097303,53.6204643846993],[-2.12695103209004,53.6202396812967],[-2.12695035321598,53.6200149778857],[-2.12694967435085,53.6197902744662],[-2.12694899549465,53.6195655710384],[-2.12657105607955,53.6195659721841],[-2.12619311665548,53.6195663721363],[-2.12581517722247,53.6195667708949],[-2.12543723778055,53.6195671684601],[-2.12543656687638,53.6193424650693],[-2.12543589598103,53.6191177616701],[-2.1254352250945,53.6188930582625],[-2.12543455421679,53.6186683548464],[-2.1254338833479,53.618443651422],[-2.12543321248783,53.6182189479891],[-2.12543254163659,53.6179942445479],[-2.12505461608564,53.6179946409992],[-2.1250539472288,53.617769937561],[-2.12543187079416,53.6177695410982],[-2.12543119996055,53.6175448376401],[-2.12580912153146,53.6175444399725],[-2.12580844872114,53.6173197364946],[-2.12618636829761,53.6173193376222],[-2.12656428786513,53.6173189375564],[-2.12694220742369,53.6173185362972],[-2.12694288619061,53.6175432398092],[-2.12732080772571,53.6175428373679],[-2.12732012697325,53.6173181338446],[-2.12731944622975,53.6170934303128],[-2.12769736378479,53.6170930266555],[-2.12769668143801,53.6168683227544],[-2.12731876585675,53.6168687264248],[-2.12731808682529,53.6166440212457],[-2.12731740780264,53.6164193160583],[-2.1273167287888,53.6161946108624],[-2.12731604978377,53.6159699056581],[-2.12731537078755,53.6157452004453],[-2.12731469180014,53.6155204952241],[-2.12731401282154,53.6152957899945],[-2.12731333385175,53.6150710847564],[-2.12731265489077,53.61484637951],[-2.1273119759386,53.614621674255],[-2.12731129699523,53.6143969689917],[-2.12731061806068,53.6141722637199],[-2.12768851030331,53.614171859985],[-2.12768782943286,53.6139471546994],[-2.12768714857123,53.6137224494053],[-2.12768646771845,53.6134977441028],[-2.12806435411813,53.6134973391586],[-2.12806367132954,53.6132726338423],[-2.12844155577567,53.6132722276995],[-2.12844087105133,53.6130475223694],[-2.12881875354391,53.613047115028],[-2.12881806688389,53.6128224096841],[-2.12881738023277,53.6125977043318],[-2.12919525882725,53.6125972957865],[-2.12919457024052,53.6123725904205],[-2.12957244688147,53.6123721806766],[-2.1299503235134,53.6123717697396],[-2.12994963104661,53.6121470643545],[-2.12994893858881,53.6119223589609],[-2.13032681132272,53.61192194682],[-2.13032611692947,53.6116972414127],[-2.13070398770985,53.6116968280734],[-2.1307032913812,53.6114721226523],[-2.13108116020806,53.6114717081145],[-2.13108046194406,53.6112470026798],[-2.13107976368913,53.6110222972365],[-2.13070189875102,53.6110227117849],[-2.13032403380382,53.6110231251401],[-2.13032333944665,53.610798419699],[-2.13032264509849,53.6105737142495],[-2.12994478403087,53.6105741264222],[-2.12956692295421,53.6105745374018],[-2.12956623250364,53.6103498319545],[-2.12918837336225,53.6103502417463],[-2.12881051421186,53.610350650345],[-2.12843265505251,53.6103510577505],[-2.1284319704437,53.6101263523108],[-2.12880982765879,53.6101259448999],[-2.12918768486491,53.6101255362958],[-2.12918699637652,53.609900830837],[-2.12956485162941,53.6099004210345],[-2.12956416120574,53.6096757155619],[-2.1299420145054,53.6096753045611],[-2.13031986779602,53.6096748923672],[-2.13031917349295,53.6094501868755],[-2.12994132214651,53.6094505990747],[-2.12956347079103,53.6094510100809],[-2.12918561942653,53.609451419894],[-2.12880776805304,53.609451828514],[-2.12880708153561,53.6092271230352],[-2.12842923209731,53.6092275304675],[-2.12805138265007,53.6092279367068],[-2.12767353319391,53.609228341753],[-2.12767285251778,53.6090036362818],[-2.12767217185049,53.6087789308022],[-2.12729432627368,53.6087793346661],[-2.12729364736713,53.6085546290914],[-2.12767149099544,53.6085542252228],[-2.12767080887786,53.6083295190441],[-2.12729296720746,53.6083299229042],[-2.12729228705664,53.6081052167085],[-2.12691444733519,53.6081056193671],[-2.12691376915107,53.6078809131544],[-2.12653593137858,53.6078813146115],[-2.12653525516111,53.6076566083818],[-2.12615741933757,53.6076570086375],[-2.1261567450867,53.6074323023908],[-2.12577891121212,53.607432701445],[-2.12577823892779,53.6072079951813],[-2.12540040700217,53.6072083930342],[-2.12539973668432,53.6069836867535],[-2.12502190670766,53.606984083405],[-2.12502123835625,53.6067593771074],[-2.12464341032854,53.6067597725574],[-2.12464274394351,53.6065350662428],[-2.12426491786476,53.6065354604916],[-2.12388709177731,53.6065358535474],[-2.12350926568117,53.6065362454103],[-2.1235086051778,53.6063115390619],[-2.12388642931627,53.6063111472074],[-2.12388576686385,53.606086440859],[-2.124263589036,53.6060860478201],[-2.12426292463458,53.6058613414716],[-2.1242622602418,53.6056366351146],[-2.12464007849006,53.6056362408997],[-2.12501789672958,53.605635845492],[-2.12501722843033,53.6054111391434],[-2.12539504470354,53.6054107425513],[-2.12539437445544,53.6051860362028],[-2.12539370421607,53.6049613298458],[-2.12501589185789,53.6049617264209],[-2.12463807949096,53.6049621218033],[-2.12463874581533,53.6051868281773],[-2.12426093148216,53.6051872223752],[-2.12426026711529,53.6049625159928],[-2.12388245473092,53.6049629089895],[-2.12350464233787,53.6049633007934],[-2.1235039818946,53.6047385943856],[-2.12350332145992,53.6045138879694],[-2.12350266103382,53.6042891815446],[-2.1235020006163,53.6040644751114],[-2.12312419604435,53.6040648656887],[-2.12312353759279,53.6038401592386],[-2.12312287914979,53.60361545278],[-2.12274507848392,53.6036158421477],[-2.12236727780946,53.6036162303227],[-2.12236662328965,53.6033915238388],[-2.12198882456394,53.6033919108126],[-2.12161102582968,53.6033922965936],[-2.12123322708689,53.6033926811819],[-2.12123387573475,53.603617387691],[-2.12085607502615,53.6036177710949],[-2.12047827430909,53.603618153306],[-2.12010047358358,53.6036185343244],[-2.12009983080769,53.6033938277902],[-2.12009918804014,53.6031691212476],[-2.12009854528094,53.6029444146964],[-2.12009790253008,53.6027197081368],[-2.11972010962528,53.6027200879291],[-2.11971946883998,53.6024953813527],[-2.11971882806299,53.6022706747678],[-2.11971818729433,53.6020459681744],[-2.12009597432757,53.6020455884071],[-2.12009533161009,53.6018208818136],[-2.12009468890095,53.6015961752116],[-2.12047247201154,53.6015957942683],[-2.12047182735366,53.6013710876662],[-2.12009404620016,53.6013714686011],[-2.11971626503823,53.6013718483433],[-2.11933848386793,53.6013722268928],[-2.11896070268926,53.6013726042497],[-2.11896006586797,53.6011478976058],[-2.11895942905495,53.6009231909533],[-2.11933720631953,53.6009228136131],[-2.11933656755777,53.6006981069604],[-2.119714342857,53.6006977284359],[-2.12009211814784,53.6006973487187],[-2.12009147548042,53.6004726420742],[-2.12009083281709,53.6002479354176],[-2.12009018993449,53.6000232285563],[-2.12046795929745,53.6000228476628],[-2.12046731441917,53.5997981407933],[-2.12046666954942,53.5995734339152],[-2.1204660246882,53.5993487270288],[-2.1204653798355,53.5991240201338],[-2.12046473499133,53.5988993132304],[-2.12084249432506,53.5988989311455],[-2.12084184748537,53.5986742242338],[-2.12084120065423,53.5984495173138],[-2.12046344532857,53.5984498993982],[-2.12046280050998,53.5982251924695],[-2.12046215569992,53.5980004855323],[-2.12083990701762,53.5980001034482],[-2.12083926021215,53.5977753965028],[-2.12121700951729,53.5977750132264],[-2.12159475881378,53.5977746287575],[-2.12197250810159,53.597774243096],[-2.12197316091888,53.5979989500408],[-2.12235091220192,53.5979985631865],[-2.12272866347624,53.5979981751397],[-2.12310641474179,53.5979977859003],[-2.12348416599855,53.5979973954684],[-2.12348350516552,53.5977726885248],[-2.12386125440953,53.5977722969007],[-2.12423900364471,53.5977719040839],[-2.12461675287101,53.5977715100747],[-2.12499450208842,53.5977711148729],[-2.12499517093721,53.5979958218152],[-2.12537292214964,53.5979954254205],[-2.12537225129691,53.5977707184786],[-2.12575000049646,53.5977703208917],[-2.12612774968702,53.5977699221122],[-2.12612842454761,53.5979946290535],[-2.12650617573311,53.5979942290811],[-2.12688392690958,53.5979938279162],[-2.12688460578703,53.5982185348483],[-2.1272623589584,53.5982181324904],[-2.12726303984883,53.5984428394136],[-2.12764079501511,53.5984424358628],[-2.12764147791856,53.5986671427771],[-2.12801923507975,53.5986667380333],[-2.12801855017228,53.5984420311194],[-2.12801786527387,53.5982173241971],[-2.12764011212069,53.59821772894],[-2.12763942923532,53.5979930220088],[-2.12726167807699,53.5979934255588],[-2.12726099720459,53.5977687186187],[-2.12688324804112,53.5977691209757],[-2.12688256918164,53.5975444140268],[-2.12688189033115,53.5973197070694],[-2.12650414516641,53.5973201082331],[-2.12650346832875,53.5970954012669],[-2.12612572515884,53.5970958012377],[-2.12612639999263,53.5973205082044],[-2.12612707483536,53.5975452151625],[-2.1257493276487,53.5975456139416],[-2.12537158045307,53.5975460115281],[-2.12537090961811,53.5973213045692],[-2.12537023879202,53.5970965976019],[-2.12536956797481,53.5968718906261],[-2.12536889716648,53.5966471836419],[-2.12574663634674,53.5966467860568],[-2.12574596354351,53.5964220790644],[-2.12574529074919,53.5961973720636],[-2.12612302591296,53.5961969732867],[-2.12650076106773,53.5961965733173],[-2.12650143786955,53.5964212803174],[-2.12687917501904,53.5964208791552],[-2.12687849621347,53.5961961721555],[-2.12687781741689,53.5959714651474],[-2.12725555054986,53.5959710627934],[-2.12725486975857,53.5957463557772],[-2.12763260087877,53.5957459522312],[-2.12763191809283,53.595521245207],[-2.12800964720025,53.595520840469],[-2.12838737629853,53.5955204345385],[-2.12838668951435,53.5952957275066],[-2.12876441659983,53.5952953203841],[-2.12914214367613,53.5952949120692],[-2.12914145289382,53.5950702050297],[-2.12951917795729,53.5950697955228],[-2.12951848518055,53.5948450884753],[-2.12989620823118,53.5948446777764],[-2.13027393127255,53.5948442658851],[-2.13027323449788,53.5946195588301],[-2.13065095552639,53.5946191457469],[-2.13065165430462,53.5948438528014],[-2.13102937732736,53.5948434385253],[-2.13102867654557,53.5946187314713],[-2.13102797577307,53.5943940244088],[-2.13140569477938,53.5943936089413],[-2.1317834137763,53.5943931922813],[-2.13216113276383,53.594392774429],[-2.1321604259901,53.5941680673596],[-2.13215971922574,53.5939433602817],[-2.13215901247074,53.5937186531953],[-2.13178129949364,53.5937190710461],[-2.13178059475142,53.5934943639508],[-2.1321583057251,53.5934939461005],[-2.13215759898883,53.5932692389973],[-2.13253530794969,53.5932688199552],[-2.13291301690109,53.5932683997208],[-2.133290725843,53.593267978294],[-2.13329143858945,53.5934926853956],[-2.13366914952524,53.5934922627759],[-2.13404686045149,53.5934918389639],[-2.13442457136817,53.5934914139595],[-2.13442385261154,53.5932667068595],[-2.1348015615206,53.5932662806825],[-2.13517927056581,53.5932658538328],[-2.13555697960158,53.5932654257908],[-2.13593468862789,53.5932649965566],[-2.13593396203676,53.5930402894984],[-2.13631166910615,53.5930398590886],[-2.13668937616603,53.5930394274865],[-2.13668864568953,53.5928147204533],[-2.13706635079247,53.5928142876757],[-2.13744405588585,53.5928138537058],[-2.13782176096962,53.5928134185436],[-2.13819946604378,53.5928129821892],[-2.13820020430985,53.5930376891554],[-2.13857791132175,53.5930372515919],[-2.13857717110828,53.5928125446425],[-2.13895487616312,53.5928121059035],[-2.13895413401189,53.5925873989624],[-2.13933183710966,53.5925869590479],[-2.13970954019771,53.5925865179413],[-2.13970879416143,53.5923618110252],[-2.14008649529238,53.5923613687431],[-2.14008574731849,53.5921366618354],[-2.14046344649234,53.5921362183778],[-2.1408411456564,53.5921357737281],[-2.14121884481063,53.5921353278861],[-2.14121809097665,53.5919106210154],[-2.14121733646108,53.591685914013],[-2.14159503165,53.5916854669985],[-2.14159427514006,53.5914607599913],[-2.14121658195552,53.5914612070022],[-2.14121582745998,53.5912364999829],[-2.14159351864016,53.5912360529757],[-2.14197120981022,53.5912356047762],[-2.14234890097014,53.5912351553845],[-2.14234966147877,53.5914598623928],[-2.14272735463289,53.5914594118051],[-2.14310504777682,53.5914589600252],[-2.14348274091053,53.591458507053],[-2.14348350744241,53.5916832140419],[-2.14386120257026,53.5916827598737],[-2.14386197111673,53.5919074668503],[-2.14386273861277,53.5921321736095],[-2.14424043768741,53.5921317182296],[-2.14424120708174,53.5923564249517],[-2.14424197648608,53.5925811316652],[-2.14461967944531,53.5925806750592],[-2.14462045080701,53.5928053817473],[-2.14462122217874,53.5930300884269],[-2.1446219935605,53.5932547950979],[-2.1449997023518,53.5932543372489],[-2.14500047569103,53.5934790438944],[-2.14537818641966,53.5934785848361],[-2.14537741113299,53.5932538782075],[-2.14537663585639,53.5930291715704],[-2.14499892902263,53.5930296305948],[-2.1449981557035,53.5928049239321],[-2.14499738239444,53.592580217261],[-2.14499660909543,53.5923555105814],[-2.14461890809363,53.5923559683626],[-2.14461813675199,53.5921312616575],[-2.1446173653504,53.5919065549299],[-2.14461659279511,53.5916818479606],[-2.14461582025007,53.591457140983],[-2.14461504771529,53.5912324339968],[-2.14499273880349,53.5912319762594],[-2.14499196427463,53.5910072692685],[-2.14536965334815,53.5910068103425],[-2.14574734241128,53.5910063502243],[-2.1457465638841,53.5907816432324],[-2.14612425093252,53.5907811819257],[-2.14650193797051,53.5907807194268],[-2.14687962499804,53.5907802557357],[-2.14725731201507,53.5907797908523],[-2.14725652548112,53.5905550838671],[-2.14763421048336,53.5905546177952],[-2.14763342195561,53.5903299108053],[-2.14763263343833,53.590105203807],[-2.14725495244456,53.5901056698712],[-2.14725416594194,53.5898809628605],[-2.14763184493152,53.5898804968001],[-2.14800952391055,53.5898800295475],[-2.14800873341005,53.589655322536],[-2.14763105643518,53.5896557897848],[-2.14763026794932,53.589431082761],[-2.14725259296806,53.5894315488138],[-2.14725180649678,53.5892068417778],[-2.14762947947393,53.5892063757288],[-2.14800715244054,53.5892059084876],[-2.14800636197154,53.5889812014507],[-2.14762869100902,53.5889816686881],[-2.14725102003595,53.5889821347333],[-2.14725023358557,53.5887574276803],[-2.14762790255457,53.5887569616389],[-2.14800557151303,53.5887564944053],[-2.14800478106503,53.5885317873515],[-2.14838244800889,53.5885313189296],[-2.14838324046093,53.5887560259796],[-2.14876090939822,53.5887555563618],[-2.14876011494215,53.5885308493156],[-2.14913778186479,53.5885303785094],[-2.14913857832489,53.5887550855518],[-2.14913937479558,53.5889797925857],[-2.14914017127684,53.5892044996111],[-2.14914096776869,53.5894292066281],[-2.14951864269697,53.5894287346144],[-2.14989631761457,53.5894282614086],[-2.15027399252147,53.5894277870106],[-2.15027319001729,53.5892030800052],[-2.15065086290934,53.5892026044189],[-2.15102853579064,53.5892021276405],[-2.15102772928894,53.5889774206344],[-2.15140540015537,53.5889769426676],[-2.15178306931235,53.5889764632246],[-2.15178387976643,53.589201170212],[-2.15216155061474,53.5892006895205],[-2.15253922145243,53.589200207637],[-2.15253840710806,53.5889755006809],[-2.15291607598996,53.5889750176209],[-2.1532937448612,53.5889745333688],[-2.15329456309585,53.5891992402936],[-2.15329538134113,53.5894239472099],[-2.15367305409198,53.5894234617344],[-2.15367387429308,53.5896481686266],[-2.15367469450484,53.5898728755102],[-2.15405237113538,53.5898723888112],[-2.15405319330303,53.5900970956707],[-2.15405401548136,53.5903218025216],[-2.15405483767038,53.590546509364],[-2.15443252012599,53.5905460214259],[-2.15481020257083,53.5905455322956],[-2.15518788500486,53.5905450419731],[-2.15556556742807,53.5905445504585],[-2.15594324984043,53.5905440577517],[-2.1563209322419,53.5905435638528],[-2.15669861463248,53.5905430687617],[-2.15707629701211,53.5905425724784],[-2.1574539793808,53.590542075003],[-2.15745481908842,53.5907667816954],[-2.15783250339144,53.5907662830121],[-2.15821018768345,53.5907657831365],[-2.15821103129269,53.5909904897889],[-2.15858871751901,53.5909899887055],[-2.1585895630846,53.5912146953336],[-2.15896725124524,53.5912141930421],[-2.15896809876723,53.5914388996459],[-2.15934578886218,53.5914383961464],[-2.15972347894602,53.5914378914548],[-2.15972433036989,53.5916625980184],[-2.16010202238801,53.5916620921188],[-2.16047971439497,53.5916615850269],[-2.16048056972083,53.5918862915503],[-2.16085826366204,53.5918857832504],[-2.16085911956182,53.5921104894682],[-2.16123681546294,53.5921099799662],[-2.16123767310504,53.592334686117],[-2.16123853075844,53.5925593922593],[-2.16086083091446,53.5925599017804],[-2.1608616866077,53.5927846079238],[-2.16086254231221,53.5930093140587],[-2.16086339802799,53.5932340201851],[-2.16086425375505,53.593458726303],[-2.16086510949339,53.5936834324125],[-2.160865965243,53.5939081385134],[-2.16086682100389,53.5941328446058],[-2.16086767677606,53.5943575506897],[-2.1608685325595,53.5945822567651],[-2.16086938835422,53.5948069628321],[-2.16124710791408,53.5948064532151],[-2.16124796569181,53.5950311592639],[-2.16162568721204,53.595030648445],[-2.16200340872089,53.5950301364336],[-2.16238113021833,53.5950296232299],[-2.16275885170433,53.5950291088338],[-2.16275971738041,53.5952538148357],[-2.16276058306789,53.5954785208291],[-2.16313830848598,53.5954780052214],[-2.16313917615669,53.5957027111967],[-2.16314004383884,53.5959274171634],[-2.16314091153243,53.5961521231217],[-2.16351864285455,53.5961516062926],[-2.16351951253147,53.5963763122328],[-2.16352038221985,53.5966010181644],[-2.1635212519197,53.5968257240876],[-2.16352212163102,53.5970504300023],[-2.1635229913538,53.5972751359084],[-2.16314525017195,53.5972756527857],[-2.16276750897861,53.5972761684706],[-2.1623897677738,53.5972766829629],[-2.16238890396702,53.5970519770279],[-2.16238804017162,53.5968272710843],[-2.16201030289935,53.596827784365],[-2.16201116472277,53.5970524903181],[-2.16163342546712,53.5970530024159],[-2.16125568620007,53.5970535133213],[-2.16087794692167,53.5970540230341],[-2.16050020763194,53.5970545315545],[-2.1601224683309,53.5970550388825],[-2.16012332030567,53.5972797448751],[-2.16012417229167,53.5975044508592],[-2.16050191553674,53.5975039435122],[-2.1608796587705,53.5975034349726],[-2.16125740199293,53.5975029252406],[-2.16163514520401,53.597502414316],[-2.16163600508945,53.5977271202533],[-2.16201375026119,53.5977266081267],[-2.16201461213005,53.5979513140459],[-2.16239235926246,53.5979508007172],[-2.16277010638343,53.5979502861959],[-2.16314785349294,53.5979497704822],[-2.16352560059095,53.5979492535759],[-2.16390334767745,53.5979487354772],[-2.16428109475239,53.5979482161859],[-2.16428022105105,53.5977235103245],[-2.16465796614235,53.5977229898504],[-2.16465709048047,53.5974982839902],[-2.16465621483014,53.5972735781216],[-2.16503395596576,53.5972730564743],[-2.16541169708976,53.5972725336346],[-2.16541081750697,53.5970478277768],[-2.16578855664732,53.5970473037544],[-2.16616629577598,53.5970467785394],[-2.16616717930276,53.5972714843778],[-2.1661680628412,53.5974961902076],[-2.16654580590218,53.5974956637808],[-2.16654492039173,53.5972709579606],[-2.16654403489295,53.597046252132],[-2.16692177399818,53.5970457245321],[-2.16692088653911,53.5968210187047],[-2.16654314940585,53.5968215462948],[-2.16616541226086,53.5968220726925],[-2.16616452875738,53.5965973668372],[-2.16616364526556,53.5963726609733],[-2.1661627617854,53.596147955101],[-2.16578503054446,53.5961484802771],[-2.16578414904781,53.5959237743865],[-2.16578326756278,53.5956990684875],[-2.16578238608938,53.5954743625799],[-2.1661601114148,53.5954738374329],[-2.16615922798124,53.5952491315266],[-2.16615834455934,53.5950244256118],[-2.16615746114908,53.5947997196885],[-2.16577974173893,53.5948002448063],[-2.16577886031203,53.5945755388647],[-2.16577797889675,53.5943508329147],[-2.16540026341831,53.5943513568207],[-2.16539938398631,53.5941266508525],[-2.16539850456591,53.5939019448758],[-2.1653976251571,53.5936772388905],[-2.16501991558189,53.5936777615751],[-2.16464220599505,53.5936782830674],[-2.16426449639662,53.5936788033674],[-2.16426362291413,53.5934540973446],[-2.16426274944315,53.5932293913133],[-2.16388504377627,53.5932299104016],[-2.16388417228833,53.5930052043522],[-2.16388330081187,53.5927804982942],[-2.16350559907646,53.5927810161709],[-2.16350472958296,53.5925563100949],[-2.16350386010092,53.5923316040103],[-2.16388155789343,53.5923310861529],[-2.16388068645144,53.5921063800695],[-2.16425838226099,53.5921058610295],[-2.16425750862496,53.5918811549011],[-2.16387981478566,53.591881673931],[-2.16387894195072,53.5916569675504],[-2.16387806912715,53.5914322611614],[-2.16350037916731,53.5914327789672],[-2.16349950830051,53.5912080725537],[-2.16387719631495,53.5912075547637],[-2.16387632351412,53.5909828483576],[-2.16425400957177,53.5909823293914],[-2.16463169561796,53.590981809233],[-2.16500938165267,53.5909812878825],[-2.16538706767587,53.5909807653397],[-2.16538618710502,53.5907560589888],[-2.16576387117135,53.5907555352699],[-2.16614155522611,53.5907550103588],[-2.16651923926929,53.5907544842555],[-2.16651835287396,53.590529777944],[-2.16689603496021,53.5905292506646],[-2.16727371703483,53.5905287221929],[-2.16765139909778,53.5905281925292],[-2.16765229132906,53.5907528987927],[-2.16765318357198,53.5909776050476],[-2.16765407582654,53.5912023112941],[-2.16727638792755,53.5912028410059],[-2.16727727824834,53.5914275472598],[-2.16727816858074,53.5916522535052],[-2.16765586037055,53.5916517237614],[-2.16765675266,53.5918764299822],[-2.16803444638357,53.5918758990301],[-2.16803533971596,53.5921006050557],[-2.16765764402327,53.5921011360182],[-2.16765853517937,53.5923258420045],[-2.16728083750346,53.5923263717846],[-2.16690313981578,53.5923269003723],[-2.1669022526025,53.5921021943665],[-2.16690136517782,53.5918774883097],[-2.16652367141926,53.5918780156851],[-2.16652455687447,53.5921027217523],[-2.16652544211634,53.5923274277678],[-2.16614774440517,53.5923279539711],[-2.16614862768728,53.5925526599878],[-2.16652632736988,53.5925521337749],[-2.1665272126351,53.5927768397735],[-2.166528097912,53.5930015457635],[-2.16652898320057,53.5932262517451],[-2.16690668878592,53.5932257243107],[-2.16690757605771,53.5934504302741],[-2.16690846334121,53.5936751362289],[-2.16690935063641,53.5938998421753],[-2.16728706212471,53.5938993135193],[-2.16766477360124,53.593898783671],[-2.16766388236284,53.5936740777442],[-2.16804159185597,53.5936735467133],[-2.16841930077275,53.5936730142661],[-2.1684201959735,53.5938977201756],[-2.16879790673363,53.5938971864733],[-2.16917561748174,53.5938966515786],[-2.16917471828583,53.5936719456815],[-2.1687970095353,53.59367248057],[-2.16879611234893,53.5934477746582],[-2.16841840558394,53.593448308348],[-2.16841751040706,53.5932236024215],[-2.16803980547133,53.5932241348536],[-2.16803891229669,53.592999428911],[-2.16803801913384,53.5927747229599],[-2.16803712598276,53.5925500170004],[-2.168414824948,53.5925494845912],[-2.16841392981884,53.5923247786308],[-2.16879162659646,53.5923242449719],[-2.16879072948184,53.5920995390093],[-2.16878983216469,53.5918748329985],[-2.1691675249366,53.5918742981603],[-2.16916662477396,53.5916495919902],[-2.16954431555478,53.5916490559708],[-2.16954341342494,53.5914243498032],[-2.16954251130703,53.591199643627],[-2.16916482448437,53.5912001796245],[-2.16878713764975,53.5912007144298],[-2.16878623950185,53.5909760082232],[-2.16878534136581,53.5907513020082],[-2.16840765847733,53.5907518355993],[-2.16802997532564,53.5907523679207],[-2.16802908114904,53.5905276616733],[-2.16802818698409,53.5903029554173],[-2.16802729283081,53.5900782491528],[-2.16840497007734,53.5900777168702],[-2.1684040739677,53.5898530106101],[-2.16878174894039,53.5898524770628],[-2.1687808508637,53.5896277708052],[-2.16877995279889,53.5894030645391],[-2.16915762380192,53.5894025298215],[-2.16915672377015,53.5891778235579],[-2.16915582375027,53.5889531172857],[-2.16953349078372,53.5889525813979],[-2.16953258879697,53.5887278751283],[-2.16953168682214,53.5885031688501],[-2.16990934988608,53.5885026317922],[-2.16990844594445,53.5882779255165],[-2.16953078485923,53.5882784625634],[-2.16952988290824,53.5880537562682],[-2.16952898096918,53.5878290499645],[-2.16952807904203,53.5876043436523],[-2.16952717712681,53.5873796373316],[-2.16952627522351,53.5871549310024],[-2.16952537333213,53.5869302246647],[-2.1699030225456,53.5869296876837],[-2.17028067174706,53.5869291495106],[-2.17027976591053,53.5867044431864],[-2.17065741312144,53.5867039038323],[-2.17103506032028,53.5867033632862],[-2.17103597011387,53.5869280695885],[-2.17141361927917,53.5869275278394],[-2.17141453106334,53.587152234122],[-2.17179218219509,53.5871516911699],[-2.1721698333147,53.5871511470257],[-2.17216891757341,53.5869264407651],[-2.17254656670229,53.5869258954399],[-2.17292421581899,53.5869253489227],[-2.17330186492348,53.5869248012134],[-2.17367951401572,53.5869242523122],[-2.17367859037241,53.5866995460873],[-2.17367766674131,53.5864748398539],[-2.17405531186425,53.5864742897828],[-2.17405438626689,53.5862495835521],[-2.17405346068178,53.5860248773128],[-2.17443110183549,53.5860243260719],[-2.1744301742842,53.5857996198352],[-2.17480781344717,53.5857990674134],[-2.17518545259779,53.5857985137996],[-2.17556309173604,53.5857979589939],[-2.17594073086189,53.5857974029962],[-2.17593979540927,53.5855726967955],[-2.1763174325443,53.585572139617],[-2.17669506966686,53.5855715812465],[-2.17707270677695,53.5855710216841],[-2.17745034387453,53.5855704609297],[-2.17745128724072,53.5857951670858],[-2.17782892630416,53.5857946051282],[-2.17782987166126,53.5860193112646],[-2.1774522306194,53.5860198732333],[-2.17745317401055,53.5862445793724],[-2.17745411741419,53.5864692855029],[-2.17783176241297,53.5864687235118],[-2.17820940739919,53.5864681603287],[-2.17821035477232,53.5866928664284],[-2.17821130215798,53.5869175725195],[-2.17821224955618,53.5871422786022],[-2.17821319696691,53.5873669846763],[-2.17821414439018,53.5875916907419],[-2.17821509182599,53.5878163967991],[-2.17821603927434,53.5880411028477],[-2.17821698673522,53.5882658088878],[-2.17821793420864,53.5884905149194],[-2.1782188816946,53.5887152209425],[-2.17784121692217,53.5887157842376],[-2.17746355213716,53.5887163463405],[-2.17746449567812,53.5889410523775],[-2.1778421624419,53.5889404902634],[-2.17784310797414,53.5891651962807],[-2.17784405351889,53.5893899022894],[-2.17784499907616,53.5896146082897],[-2.17822267176384,53.5896140449498],[-2.17822361931249,53.5898387509304],[-2.17822456687369,53.5900634569025],[-2.17784689022823,53.5900640202647],[-2.17784783582304,53.5902887262395],[-2.17822551444742,53.590288162866],[-2.17860319305922,53.5902875983004],[-2.17860414262445,53.5905123042442],[-2.1782264620337,53.5905128688211],[-2.17784878143036,53.5905134322057],[-2.17784972705019,53.5907381381635],[-2.17785067268254,53.5909628441127],[-2.17822835724388,53.5909622807056],[-2.17822740963252,53.5907375747676],[-2.17860509220225,53.5907370101796],[-2.17860604179262,53.5909617161064],[-2.17860699139555,53.5911864220247],[-2.17860794101106,53.5914111279345],[-2.17898562950528,53.5914105621207],[-2.17898467791071,53.591185856222],[-2.17898372632874,53.590961150315],[-2.17898277475936,53.5907364443993],[-2.17936045730383,53.5907358774269],[-2.17935950376806,53.590511171514],[-2.17973718432088,53.5905106033607],[-2.17973622881877,53.5902858974505],[-2.18011390737993,53.5902853281162],[-2.18011294991155,53.5900606222088],[-2.18011199245584,53.5898359162929],[-2.18048966704644,53.589835345789],[-2.18048870762453,53.5896106398758],[-2.18086638022351,53.589610068191],[-2.18086541883545,53.5893853622806],[-2.1812430894428,53.5893847894149],[-2.18124212608864,53.5891600835072],[-2.18161979470437,53.5891595094607],[-2.18161882938417,53.5889348035559],[-2.18199649600827,53.5889342283285],[-2.18199552872209,53.5887095224265],[-2.18237319335457,53.5887089460183],[-2.18275085797415,53.5887083684181],[-2.1827498867433,53.5884836625301],[-2.18312754937124,53.5884830837491],[-2.18350521198624,53.5884825037761],[-2.18350618717457,53.5887072096414],[-2.18388385175535,53.5887066284649],[-2.18388482893536,53.5889313343103],[-2.18426249548191,53.5889307519304],[-2.18464016201544,53.5889301683583],[-2.18464114316597,53.5891548741726],[-2.18501881056814,53.589154289359],[-2.18501979371443,53.5893789951579],[-2.18539746244256,53.5893784091255],[-2.18539844759422,53.589603114912],[-2.18577611830146,53.5896025276836],[-2.1861537889955,53.5896019392631],[-2.18615477814487,53.5898266450332],[-2.18615576730742,53.590051350795],[-2.18653344197287,53.5900507611743],[-2.18691111662507,53.5900501703615],[-2.18728879126399,53.5900495783565],[-2.18728779612446,53.5898248726066],[-2.18766546875775,53.5898242794134],[-2.18804314137771,53.589823685028],[-2.1880441405019,53.5900483907699],[-2.18804513963938,53.5902730965033],[-2.18842281623067,53.5902725009177],[-2.18842381737384,53.5904972066387],[-2.18842481853035,53.5907219123512],[-2.18880249909304,53.5907213155654],[-2.18918017964232,53.5907207175874],[-2.18955786017816,53.5907201184171],[-2.1895588673253,53.5909448241091],[-2.18918118479703,53.5909454232834],[-2.18880350225532,53.5909460212654],[-2.18880450543096,53.5911707269569],[-2.18918218996513,53.5911701289709],[-2.18918319514662,53.59139483465],[-2.1891842003415,53.5916195403206],[-2.18918520554977,53.5918442459827],[-2.18880751503805,53.5918448439808],[-2.18880851801933,53.5920695496224],[-2.18880952089281,53.5922942552477],[-2.18918721538323,53.592293657238],[-2.18956490986023,53.5922930580361],[-2.18956591672339,53.5925177636405],[-2.18918822025822,53.5925183628487],[-2.18881052377964,53.5925189608646],[-2.18843282728766,53.5925195576882],[-2.18843182638901,53.5922948520652],[-2.18805413187184,53.5922954476903],[-2.18805313297464,53.5920707420526],[-2.18767544043229,53.5920713364793],[-2.18767444342255,53.5918466308214],[-2.18767344618445,53.5916219251433],[-2.18729575761179,53.5916225183683],[-2.18729675285735,53.5918472240503],[-2.18691906227885,53.5918478160871],[-2.18692005530769,53.5920725217559],[-2.1865423627255,53.5920731126058],[-2.18654335367012,53.5922978182681],[-2.18692104824046,53.5922972274121],[-2.18729874279754,53.5922966353638],[-2.18767643734135,53.5922960421232],[-2.18767743426366,53.5925207477586],[-2.18767843119924,53.5927454533855],[-2.18730073267907,53.5927460466385],[-2.18730172763968,53.5929707522631],[-2.18767942814808,53.592970159004],[-2.18768042511017,53.5931948646139],[-2.18768142208553,53.5934195702154],[-2.1873037176006,53.5934201634869],[-2.18730471260091,53.5936448690861],[-2.18730570761446,53.5938695746768],[-2.18730670264124,53.594094280259],[-2.18768441309116,53.594093686969],[-2.18806212352777,53.5940930924867],[-2.18806312254455,53.5943177980481],[-2.18844083495621,53.5943172023672],[-2.1888185473545,53.594316605494],[-2.1888195503614,53.5945413110345],[-2.18882055338164,53.5947660165666],[-2.18882155641522,53.5949907220901],[-2.18882255946214,53.5952154276052],[-2.18844483911004,53.5952160245032],[-2.18844584018178,53.595440730016],[-2.18844684126685,53.5956654355203],[-2.18844784236523,53.5958901410161],[-2.18807011603412,53.5958907367403],[-2.18769238968968,53.5958913312721],[-2.18731466333193,53.5958919246114],[-2.18731565847783,53.5961166301173],[-2.18693793011819,53.5961172222703],[-2.1869389232887,53.5963419277739],[-2.18731665363696,53.5963413356147],[-2.18731764880933,53.5965660411036],[-2.18731864399494,53.596790746584],[-2.18769637830725,53.59679015322],[-2.18769538113296,53.5965654477458],[-2.18807311344329,53.5965648531955],[-2.18807411260626,53.5967895586636],[-2.18807511178252,53.5970142641232],[-2.18845284805689,53.597013668368],[-2.18845384923517,53.597238373813],[-2.18845485042678,53.5974630792494],[-2.1884558516317,53.5976877846774],[-2.18883359385899,53.5976871877112],[-2.18883459706605,53.5979118931245],[-2.18921234126876,53.5979112949595],[-2.189213346478,53.5981360003581],[-2.18959109265614,53.5981354009944],[-2.18959209986762,53.5983601063784],[-2.18996984802118,53.5983595058159],[-2.18997085723496,53.5985842111851],[-2.19034860736393,53.5985836094239],[-2.1907263574794,53.5985830064701],[-2.19072737068445,53.5988077118183],[-2.19110512277532,53.5988071076658],[-2.19148287485263,53.5988065023206],[-2.19148389204906,53.5990312076478],[-2.19186164610174,53.5990306011039],[-2.1922394001408,53.5990299933673],[-2.19224042132872,53.5992546986735],[-2.19261817734312,53.5992540897381],[-2.19261920053362,53.5994787950295],[-2.19299695852337,53.5994781848952],[-2.19299593334386,53.5992534796101],[-2.192994908178,53.5990287743166],[-2.19337266217608,53.5990281630024],[-2.19375041616044,53.5990275504956],[-2.19412817013106,53.5990269367962],[-2.19412920126384,53.5992516420708],[-2.19450695720966,53.5992510271725],[-2.19450799034517,53.5994757324322],[-2.19450902349442,53.5997004376835],[-2.19488678340447,53.5996998215799],[-2.1952645433007,53.5996992042838],[-2.19564230318307,53.599698585795],[-2.19564334231323,53.5999232910187],[-2.19602110417078,53.599922671331],[-2.19639886601442,53.5999220504506],[-2.19639990913658,53.600146755653],[-2.19677767295537,53.6001461335737],[-2.19677871803794,53.6003708387942],[-2.19715648383398,53.6003702155156],[-2.19715753088601,53.6005949207497],[-2.19677976309726,53.600595544035],[-2.19640199529454,53.6005961661276],[-2.19640303837508,53.6008208713665],[-2.19678080817053,53.6008202492673],[-2.19678185325772,53.6010449544911],[-2.19678289835885,53.6012696597065],[-2.19640512457788,53.6012702818189],[-2.19602735078296,53.6012709027387],[-2.19564957697411,53.6012715224657],[-2.19565061611077,53.6014962276924],[-2.19527284029521,53.6014968462334],[-2.19527180315136,53.6012721410002],[-2.19527076602134,53.6010474357585],[-2.1948929941775,53.6010480530937],[-2.19489195905405,53.600823347837],[-2.19526972890514,53.6008227305083],[-2.19526869180277,53.6005980252497],[-2.19489092394441,53.6005986425718],[-2.19451315607219,53.6005992587012],[-2.19413538818616,53.6005998736381],[-2.19375762028634,53.6006004873823],[-2.19337985237276,53.6006010999338],[-2.19300208444544,53.6006017112927],[-2.19300105931307,53.6003770059864],[-2.19300003414374,53.6001523006995],[-2.19262227018683,53.6001529108527],[-2.19262329336474,53.6003776161462],[-2.19262431650441,53.600602321459],[-2.19224654854969,53.6006029304327],[-2.19224756971027,53.6008276357435],[-2.19262533965771,53.6008270267634],[-2.19262636282465,53.6010517320593],[-2.19262738600522,53.6012764373467],[-2.19262840919944,53.6015011426256],[-2.19262943240729,53.601725847896],[-2.19263045562878,53.601950553158],[-2.19225267571731,53.6019511621706],[-2.19225165448868,53.6017264569021],[-2.19187387655641,53.6017270647156],[-2.19187489579219,53.6019517699905],[-2.19149711585343,53.6019523766177],[-2.1914981331099,53.6021770818906],[-2.19112035116465,53.6021776873316],[-2.19074256920582,53.6021782915799],[-2.19074358249002,53.6024029968573],[-2.19036579852472,53.6024035999193],[-2.18998801454591,53.6024042017886],[-2.18998902385772,53.6026289070704],[-2.18961123787247,53.6026295077534],[-2.18923345187374,53.6026301072437],[-2.18885566586157,53.6026307055413],[-2.18847787983599,53.6026313026462],[-2.18847888118938,53.6028560079451],[-2.18847988255611,53.6030807132355],[-2.18810209253117,53.6030813091604],[-2.18772430249286,53.6030819038926],[-2.18772529988689,53.6033066091873],[-2.18734750784222,53.6033072027331],[-2.18734850325648,53.6035319080256],[-2.1877262972942,53.6035313144735],[-2.18772729471481,53.6037560197512],[-2.1877282921487,53.6039807250204],[-2.18810609015927,53.6039801302628],[-2.18848388815647,53.6039795343123],[-2.18848488958992,53.6042042395603],[-2.18886268956686,53.6042036424107],[-2.18886369300682,53.6044283476438],[-2.1892414949635,53.604427749295],[-2.18924250041001,53.6046524545132],[-2.18962030434644,53.6046518549652],[-2.18999810826939,53.6046512542243],[-2.18999911771572,53.6048759594212],[-2.19000012717551,53.6051006646097],[-2.19000113664876,53.6053253697897],[-2.19037894653792,53.6053247678367],[-2.19037995801791,53.6055494730017],[-2.19038096951138,53.6057741781583],[-2.1900031556356,53.6057747801241],[-2.19000214613545,53.6055500749611],[-2.18962433423949,53.6055506757277],[-2.18924652233005,53.6055512753014],[-2.18924551682994,53.6053265701171],[-2.18924451134324,53.6051018649243],[-2.18924350586992,53.604877159723],[-2.18886569992684,53.6048777580846],[-2.18886469646015,53.6046530528685],[-2.18848689249686,53.6046536500309],[-2.18848589103672,53.6044289447999],[-2.18810808905322,53.6044295407631],[-2.18810708959959,53.6042048355172],[-2.18772928959589,53.6042054302812],[-2.18735148957885,53.6042060238525],[-2.18697368954851,53.6042066162309],[-2.18697468302266,53.604431321496],[-2.18659688098587,53.604431912688],[-2.18621907893582,53.6044325026872],[-2.18622006843684,53.6046572079564],[-2.18659787248008,53.6046566179509],[-2.1865988639875,53.6048813232052],[-2.18697667001069,53.6048807320005],[-2.18697766352456,53.6051054372401],[-2.18697865705166,53.6053301424712],[-2.18697965059201,53.6055548476938],[-2.18735746258172,53.6055542552772],[-2.18735845812862,53.6057789604849],[-2.18773627209834,53.6057783668691],[-2.18773726965186,53.606003072062],[-2.18773826721867,53.6062277772465],[-2.18811608516178,53.606227182425],[-2.18811708473528,53.6064518875946],[-2.18811808432211,53.6066765927557],[-2.18774026239217,53.6066771875899],[-2.18774125999886,53.6069018927489],[-2.18736343606213,53.6069024863965],[-2.18736443168863,53.6071271915534],[-2.1869866057451,53.6071277840145],[-2.18660877978829,53.6071283752827],[-2.18660977144103,53.6073530804438],[-2.18623194347745,53.6073536705254],[-2.18623095381821,53.607128965358],[-2.18585312783491,53.6071295542403],[-2.18547530183839,53.6071301419298],[-2.18547431617931,53.6069054367412],[-2.18547333053336,53.6066807315442],[-2.18509550851061,53.6066813180281],[-2.18509452487122,53.6064566128162],[-2.18509354124494,53.6062319075959],[-2.18471572283311,53.6062324928664],[-2.18471474120884,53.6060077876319],[-2.18471375959766,53.6057830823888],[-2.18471277799958,53.6055583771373],[-2.18433496388623,53.6055589611703],[-2.18395714975977,53.6055595440103],[-2.18357933562021,53.6055601256575],[-2.18358031122516,53.6057848309171],[-2.18320249507483,53.6057854113741],[-2.18282467891146,53.6057859906383],[-2.18244686273508,53.6057865687095],[-2.18206904654571,53.6057871455879],[-2.18169123034339,53.6057877212734],[-2.18169219597268,53.6060124265378],[-2.18131437775969,53.6060130010331],[-2.18131341412813,53.605788295766],[-2.18131245050943,53.6055635904904],[-2.18131148690358,53.6053388852064],[-2.18168929912344,53.605338310719],[-2.18168833353279,53.6051136054292],[-2.18206614374207,53.6051130297516],[-2.18206517616668,53.6048883244559],[-2.18206420860419,53.6046636191518],[-2.18206324105462,53.6044389138392],[-2.18206227351795,53.6042142085182],[-2.18168447129902,53.6042147841851],[-2.18168350577278,53.6039900788529],[-2.18130570553844,53.6039906533245],[-2.18130666906716,53.6042153586593],[-2.18130763260873,53.6044400639856],[-2.18130859616316,53.6046647693035],[-2.18093078992328,53.6046653425901],[-2.18093175149296,53.6048900479021],[-2.18093271307547,53.6051147532057],[-2.18093367467081,53.6053394585009],[-2.18093463627897,53.6055641637875],[-2.18055682203565,53.6055647358918],[-2.18055778165893,53.6057894411726],[-2.18055874129502,53.6060141464449],[-2.1801809230434,53.6060147173615],[-2.17980310477895,53.6060152870852],[-2.17980214913834,53.6057905818077],[-2.17980119351047,53.6055658765216],[-2.17942337922868,53.6055664450473],[-2.17904556493411,53.60556701238],[-2.17904651656656,53.6057917176712],[-2.1790474682117,53.6060164229539],[-2.17904841986953,53.6062411282282],[-2.17867059956901,53.6062416943758],[-2.17867154924175,53.6064663996442],[-2.17829372693073,53.6064669646014],[-2.17829467461831,53.6066916698639],[-2.17791685029678,53.6066922336308],[-2.17791779599916,53.6069169388874],[-2.17753996966711,53.6069175014639],[-2.17716214332244,53.6069180628475],[-2.17678431696515,53.6069186230381],[-2.17678525668652,53.6071433282938],[-2.17716308504168,53.6071427681007],[-2.17754091338423,53.6071422067145],[-2.17791874171415,53.6071416441355],[-2.17791968744176,53.6073663493751],[-2.17829751775692,53.6073657856005],[-2.17867534805938,53.607365220633],[-2.17905317834913,53.6073646544726],[-2.17905413008313,53.6075893596961],[-2.17905508182983,53.6078140649111],[-2.17943291610272,53.6078134975526],[-2.1794338698601,53.6080382027566],[-2.17981170611819,53.6080376342025],[-2.1798126618863,53.6082623393954],[-2.1801905001296,53.6082617696457],[-2.1801914579085,53.6084864748276],[-2.18056929813701,53.6084859038824],[-2.18057025793784,53.608710609015],[-2.18019241571123,53.6087111799638],[-2.18019337353514,53.6089358850633],[-2.18019433137184,53.6091605901543],[-2.18019528922131,53.6093852952369],[-2.18019624708356,53.6096100003109],[-2.17981839685096,53.6096105700853],[-2.17981935272763,53.6098352751556],[-2.17982030861706,53.6100599802173],[-2.17982126451924,53.6102846852706],[-2.17982222043418,53.6105093903154],[-2.17982317636187,53.6107340953518],[-2.1794453161244,53.6107346639562],[-2.17944627006635,53.6109593689887],[-2.17906840781761,53.6109599364048],[-2.17906935977377,53.6111846414334],[-2.17869149551376,53.6111852076609],[-2.17831363124103,53.6111857726954],[-2.17831457921279,53.6114104777247],[-2.17793671292882,53.6114110415706],[-2.17755884663218,53.6114116042234],[-2.17755979061944,53.6116363092535],[-2.17718192231158,53.6116368707177],[-2.17680405399111,53.6116374309889],[-2.17642618565806,53.6116379900669],[-2.17604831731244,53.6116385479518],[-2.17567044895429,53.6116391046436],[-2.17529258058363,53.6116396601422],[-2.1749147122005,53.6116402144477],[-2.17453684380491,53.6116407675601],[-2.1741589753969,53.6116413194794],[-2.17378110697649,53.6116418702055],[-2.1737820309903,53.6118665752724],[-2.17340416055891,53.6118671248098],[-2.17302629011518,53.6118676731542],[-2.17302721014404,53.6120923782215],[-2.17302813018518,53.6123170832803],[-2.17302905023858,53.6125417883306],[-2.17265117378655,53.6125423354951],[-2.17265209185351,53.6127670405414],[-2.17265300993271,53.6129917455793],[-2.17227512947093,53.6129922915596],[-2.17227604556361,53.6132169965934],[-2.1722769616685,53.6134417016187],[-2.1718990771969,53.6134422464146],[-2.17152119271306,53.6134427900174],[-2.17152210483252,53.6136674950431],[-2.17152301696414,53.6138922000603],[-2.17190090544566,53.6138916564487],[-2.17189999131518,53.6136669514359],[-2.17227787778561,53.6136664066355],[-2.17265576424377,53.6136658606419],[-2.17265668237194,53.6138905656458],[-2.17303457081666,53.6138900184546],[-2.17341245924906,53.6138894700701],[-2.17379034766911,53.6138889204924],[-2.17378942354439,53.6136642155018],[-2.17378849943199,53.6134395105028],[-2.174166383842,53.6134389597408],[-2.17416545774314,53.6132142547377],[-2.17416453165662,53.6129895497263],[-2.17378665124418,53.6129901004793],[-2.17378572716875,53.6127653954548],[-2.17378480310565,53.6125406904219],[-2.17416267952065,53.6125401396779],[-2.17454055592324,53.6125395877406],[-2.17491843231341,53.6125390346102],[-2.17529630869112,53.6125384802867],[-2.17529537664561,53.6123137752633],[-2.17529444461252,53.6120890702314],[-2.17567231698041,53.6120885147237],[-2.17605018933579,53.6120879580229],[-2.17642806167864,53.6120874001289],[-2.17680593400893,53.6120868410418],[-2.17718380632664,53.6120862807616],[-2.17756167863173,53.6120857192882],[-2.17756262265676,53.6123104242928],[-2.17794049694786,53.6123098616217],[-2.1783183712263,53.6123092977575],[-2.17869624549204,53.6123087327],[-2.17907411974506,53.6123081664495],[-2.1790731677254,53.6120834614632],[-2.17945103996701,53.6120828940241],[-2.17982891219584,53.6120823253919],[-2.17982795619163,53.6118576204064],[-2.17982700020017,53.6116329154124],[-2.18020486841897,53.6116323455963],[-2.18020391044169,53.6114076405985],[-2.18020295247719,53.6111829355922],[-2.18058081668604,53.6111823645922],[-2.18058177664908,53.6114070695939],[-2.18095964284362,53.6114064973962],[-2.18095868088203,53.6111817923992],[-2.18095771893327,53.6109570873937],[-2.18133558111786,53.6109565140122],[-2.18133461718345,53.610731809003],[-2.1813336532619,53.6105071039852],[-2.18171151143662,53.61050652942],[-2.18208936959841,53.6105059536617],[-2.18246722774723,53.6105053767103],[-2.18284508588306,53.6105047985658],[-2.18322294400587,53.6105042192283],[-2.18322197010499,53.6102795142256],[-2.18359982621633,53.6102789336997],[-2.18397768231459,53.6102783519808],[-2.18435553839975,53.6102777690688],[-2.18473339447179,53.6102771849637],[-2.18511124867885,53.6102765995945],[-2.18548910259339,53.6102760130216],[-2.18549008846923,53.6105007179957],[-2.18586794436359,53.6105001302249],[-2.18624580024475,53.6104995412611],[-2.18662365611268,53.6104989511041],[-2.18662266425785,53.6102742461444],[-2.18700051811953,53.6102736547992],[-2.18737837196791,53.610273062261],[-2.18737936780874,53.6104977672111],[-2.18775722363681,53.610497173475],[-2.18813507945154,53.6104965785458],[-2.1885129352529,53.6104959824235],[-2.18851393708606,53.6107206873507],[-2.18813607929167,53.6107212834778],[-2.18813707914513,53.6109459884013],[-2.1881380790119,53.6111706933164],[-2.18776021721802,53.6111712882601],[-2.18776121510501,53.6113959931715],[-2.188139078892,53.611395398223],[-2.18851694266562,53.6113948020814],[-2.18851594079242,53.6111700971796],[-2.18851493893257,53.6109453922694],[-2.18889279870661,53.6109447949443],[-2.18927065846723,53.6109441964262],[-2.18926965263463,53.6107194915172],[-2.18964751038876,53.6107188918109],[-2.18964650257653,53.6104941868982],[-2.19002435832416,53.6104935860037],[-2.19040221405829,53.6104929839161],[-2.1904012022735,53.6102682790047],[-2.19040019050219,53.6100435740849],[-2.19077804223683,53.610042970814],[-2.19115589395792,53.6100423663501],[-2.19115487821421,53.6098176614316],[-2.19153272792877,53.6098170557795],[-2.19191057762972,53.6098164489344],[-2.19228842731705,53.6098158408962],[-2.1926662769907,53.609815231665],[-2.19304412665067,53.6098146212408],[-2.19304310095594,53.6095899163385],[-2.19342094860928,53.6095893047262],[-2.19379879624888,53.6095886919208],[-2.19379776658204,53.60936398702],[-2.19417561221499,53.6093633730266],[-2.19455345783414,53.6093627578402],[-2.19493130343947,53.6093621414607],[-2.19530914903095,53.6093615238883],[-2.19568699460855,53.6093609051228],[-2.19568803423981,53.6095856099986],[-2.19606588179639,53.609584990035],[-2.19606692343442,53.6098096948973],[-2.19606796508634,53.6100343997511],[-2.19644581661484,53.6100337785844],[-2.1964468602736,53.6102584834247],[-2.19682471378111,53.61025786106],[-2.19720256727463,53.6102572375021],[-2.19720361493329,53.6104819423238],[-2.19758147040579,53.6104813175679],[-2.19758252007143,53.610706022376],[-2.19796037752291,53.6107053964219],[-2.19796142919559,53.6109301012165],[-2.19758356975107,53.6109307271757],[-2.1975846194447,53.6111554319669],[-2.19796248088229,53.6111548060026],[-2.19796353258302,53.6113795107803],[-2.19796458429776,53.6116042155494],[-2.19834244970751,53.6116035883819],[-2.19834139599964,53.6113788836178],[-2.19834034230582,53.6111541788453],[-2.19833928862605,53.6109294740642],[-2.19833823496033,53.6107047692747],[-2.19833718130865,53.6104800644768],[-2.19833612767102,53.6102553596703],[-2.19795827421961,53.6102559868073],[-2.197957222589,53.6100312819873],[-2.19757937111649,53.6100319079262],[-2.19720151962994,53.610032532672],[-2.19720047199921,53.6098078278333],[-2.19682262249159,53.609808451381],[-2.19682157686774,53.6095837465288],[-2.19682053125783,53.6093590416682],[-2.19644268572202,53.6093596640128],[-2.1964416421189,53.6091349591386],[-2.1964405985297,53.6089102542559],[-2.19606275696561,53.6089108753974],[-2.19606171538312,53.6086861705012],[-2.19643955495441,53.6086855493648],[-2.19643851138973,53.6084608444421],[-2.19681634895378,53.6084602221185],[-2.19719418650383,53.6084595986019],[-2.19757202403988,53.6084589738924],[-2.19757097450544,53.6082342689617],[-2.19794881003381,53.6082336430658],[-2.19794775851976,53.6080089381333],[-2.19756992498501,53.6080095640226],[-2.19719209143621,53.6080101887189],[-2.19719313896304,53.6082348936646],[-2.19681530340662,53.6082355171746],[-2.1968142578734,53.6080108122222],[-2.19643642429661,53.6080114345326],[-2.19643538077092,53.6077867295652],[-2.19681321235413,53.6077861072614],[-2.19719104392335,53.6077854837646],[-2.19718999642446,53.6075607788019],[-2.19756782598612,53.6075601541188],[-2.19756677650767,53.6073354491542],[-2.19794460406175,53.6073348232849],[-2.19832243160176,53.6073341962226],[-2.1983213781503,53.6071094912627],[-2.19869920368271,53.6071088630142],[-2.19907702920101,53.6071082335727],[-2.19907597177665,53.6068835286177],[-2.19907491436638,53.6066588236542],[-2.19945273588361,53.6066581930332],[-2.19983055738666,53.6066575612192],[-2.20020837887551,53.6066569282124],[-2.20058620035013,53.6066562940126],[-2.20058513498028,53.6064315890674],[-2.20096295444723,53.6064309536815],[-2.2013407738999,53.6064303171027],[-2.2017185912612,53.6064296793602],[-2.20171966261181,53.6066543842861],[-2.2020974811485,53.6066537453565],[-2.20247529967077,53.606653105234],[-2.20285311817857,53.6066524639186],[-2.2028520408118,53.6064277590098],[-2.20322985729973,53.6064271165072],[-2.20322877794203,53.6062024115956],[-2.20360659241009,53.6062017679059],[-2.20360551106152,53.6059770629916],[-2.20398332350971,53.6059764181147],[-2.20398224017032,53.6057517131977],[-2.20398115684546,53.6055270082721],[-2.2043589652685,53.6055263622139],[-2.2043578799529,53.6053016572857],[-2.20473568635609,53.6053010100403],[-2.20473677367694,53.6055257149628],[-2.20511458207077,53.6055250665189],[-2.20511567141147,53.6057497714271],[-2.20549348179593,53.6057491217846],[-2.20549457315654,53.6059738266786],[-2.20587238553163,53.6059731758374],[-2.20625019789203,53.6059725238033],[-2.20625129327793,53.6061972286772],[-2.20625238867852,53.6064219335427],[-2.20663020503488,53.6064212803041],[-2.20663130245554,53.6066459851552],[-2.20663239989091,53.6068706899979],[-2.20663349734099,53.6070953948321],[-2.20701131969883,53.6070947403832],[-2.20701241916909,53.6073194452031],[-2.20739024351762,53.6073187895554],[-2.2073891420419,53.6070940847413],[-2.20738804058094,53.6068693799188],[-2.20738693913474,53.6066446750878],[-2.20776475745214,53.6066440182647],[-2.20814257575471,53.6066433602487],[-2.20814368121173,53.6068680650681],[-2.20852150150484,53.6068674058534],[-2.20889932178307,53.6068667454457],[-2.20890043126579,53.6070914502448],[-2.20927825353453,53.6070907886384],[-2.20965607578833,53.6070901258391],[-2.21003389802716,53.6070894618468],[-2.21041172025099,53.6070887966617],[-2.21041060274651,53.6068640918861],[-2.21078842294988,53.606863425514],[-2.21116624313819,53.6068627579489],[-2.21116512163787,53.6066380531767],[-2.21116400015259,53.606413348396],[-2.21078618397508,53.6064140159492],[-2.21078506451019,53.6061893111542],[-2.21040725032298,53.6061899775086],[-2.21040613287843,53.6059652726991],[-2.21040501544886,53.6057405678812],[-2.21040389803427,53.6055158630547],[-2.21040278063466,53.6052911582199],[-2.21078058680071,53.6052904918891],[-2.21115839295172,53.6052898243655],[-2.21153619908764,53.6052891556491],[-2.21153507568735,53.6050644508235],[-2.21191287980295,53.6050637809202],[-2.21191175441252,53.6048390760921],[-2.2122895565078,53.6048384050019],[-2.21228842912729,53.6046137001712],[-2.21266622920224,53.6046130278942],[-2.21304402926201,53.6046123544243],[-2.21342182930656,53.6046116797617],[-2.21342069592575,53.6043869749405],[-2.21379849394993,53.604386299091],[-2.21379962933587,53.6046110039062],[-2.21380076473704,53.604835708713],[-2.21380190015343,53.6050604135112],[-2.21380303558504,53.605285118301],[-2.21342522954015,53.6052857941745],[-2.21304742348002,53.6052864688551],[-2.21304855491637,53.6055111736483],[-2.21267074683578,53.6055118471421],[-2.21267187628202,53.6057365519329],[-2.2126730057434,53.6059612567152],[-2.21229519363705,53.605961929028],[-2.21229632110824,53.6061866338078],[-2.21267413521992,53.606185961489],[-2.21267526471159,53.6064106662543],[-2.21305308081344,53.6064099927367],[-2.21343089690007,53.6064093180261],[-2.21380871297146,53.6064086421227],[-2.21380757746373,53.6061839373753],[-2.2141853915145,53.606183260285],[-2.21456320554997,53.6061825820019],[-2.2145620660468,53.605957877258],[-2.21493987806162,53.605957197788],[-2.21493873656844,53.6057324930417],[-2.21493759509056,53.6055077882869],[-2.21531540307946,53.6055071076361],[-2.21531425961164,53.6052824028789],[-2.21569206557992,53.6052817210413],[-2.21606987153279,53.6052810380108],[-2.21644767747024,53.6052803537875],[-2.21682548339222,53.6052796683714]]],[[[-2.12809103204381,53.6222608014271],[-2.12771306882438,53.6222612060175],[-2.12771238589776,53.6220365026595],[-2.12733442465538,53.6220369060675],[-2.12695646340398,53.622037308282],[-2.1269571423584,53.6222620116173],[-2.1265791791119,53.6222624126267],[-2.12657985608914,53.6224871159422],[-2.12658053307527,53.6227118192493],[-2.12620256584753,53.6227122190424],[-2.12620324085639,53.6229369223298],[-2.12582527163352,53.6229373209178],[-2.12582594466506,53.6231620241854],[-2.12544797344706,53.6231624215684],[-2.12507000222018,53.6231628177577],[-2.12506933316106,53.622938114513],[-2.12469136391152,53.62293850952],[-2.12431339465314,53.6229389033335],[-2.12431272957517,53.6227142001031],[-2.12393476229416,53.6227145927343],[-2.12355679500437,53.6227149841718],[-2.12355613390746,53.6224902809559],[-2.12355547281923,53.6222655777315],[-2.12355481173969,53.6220408744988],[-2.12355415066884,53.6218161712576],[-2.12393211001418,53.6218157797743],[-2.12393144696597,53.6215910765133],[-2.12430940431648,53.621590683825],[-2.12468736165818,53.6215902899431],[-2.12468669464665,53.6213655866509],[-2.1250646499935,53.621365191564],[-2.12544260533149,53.6213647952835],[-2.12544327631505,53.6215894985985],[-2.12582123363017,53.6215891011358],[-2.12582056066059,53.6213643978094],[-2.12619851598077,53.6213639991417],[-2.12619784103404,53.6211392957955],[-2.12619716609619,53.6209145924408],[-2.12619649116722,53.6206898890778],[-2.12657444052057,53.6206894891824],[-2.12695238986494,53.6206890880935],[-2.12695306876579,53.6209137914793],[-2.12695374767557,53.6211384948566],[-2.12733170098285,53.6211380925968],[-2.12770965428111,53.6211376891434],[-2.1277103371718,53.6213623925351],[-2.128088292447,53.6213619878994],[-2.12808897733268,53.621586691294],[-2.12846693458483,53.6215862854761],[-2.12846762146557,53.6218109888735],[-2.12808966222738,53.6218113946801],[-2.12809034713109,53.6220360980578],[-2.12809103204381,53.6222608014271]]],[[[-2.13419677611358,53.640454985262],[-2.13381865087954,53.6404554090131],[-2.13381793170992,53.6402307081738],[-2.13381721254979,53.640006007326],[-2.13419533377633,53.6400055835756],[-2.13457345499328,53.6400051586309],[-2.13457417816088,53.6402298594779],[-2.13495230121722,53.6402294333887],[-2.13495302639978,53.6404541342243],[-2.13457490133803,53.6404545603164],[-2.13457562452471,53.6406792611465],[-2.13419749729648,53.6406796860925],[-2.13419677611358,53.640454985262]]],[[[-2.15346960237992,53.6372859879018],[-2.15346877888796,53.6370612872702],[-2.15346795540692,53.6368365866302],[-2.15384604763424,53.636836100945],[-2.15422413985052,53.6368356140657],[-2.15422496735364,53.6370603147005],[-2.15422579486775,53.6372850153269],[-2.15384769862936,53.6372855022114],[-2.15346960237992,53.6372859879018]]],[[[-2.16973865623641,53.6399604339154],[-2.16973956645753,53.6401851344136],[-2.16974047669085,53.6404098349035],[-2.16936235158827,53.6404103699078],[-2.16898422647343,53.6404109037177],[-2.16860610134636,53.6404114363331],[-2.16822797620709,53.640411967754],[-2.16784985190042,53.6404124986131],[-2.1678507519923,53.6406371990127],[-2.1682288783195,53.6406366681591],[-2.168229780444,53.6408613685558],[-2.16823068258059,53.6410860689442],[-2.16823158472927,53.6413107693242],[-2.16785345233972,53.6413113001607],[-2.167475320313,53.6413118300903],[-2.16747442219678,53.6410871297132],[-2.16709629216959,53.6410876584454],[-2.16709539607683,53.6408629580569],[-2.16709449999598,53.6406382576598],[-2.16671637397982,53.6406387851919],[-2.16633824795169,53.6406393115295],[-2.16633914000955,53.6408640119324],[-2.16634003207925,53.6410887123268],[-2.16634092416082,53.6413134127127],[-2.16596279208617,53.6413139378647],[-2.16558465999962,53.6413144618223],[-2.16558554806988,53.6415391622056],[-2.16596368216801,53.6415386382451],[-2.16634181625423,53.6415381130902],[-2.16671995032851,53.6415375867409],[-2.16672084444539,53.641762287107],[-2.16672173862987,53.641986987505],[-2.16634360053188,53.6419875138594],[-2.16596546242194,53.6419880390193],[-2.16596635270309,53.6422127394904],[-2.16558821256696,53.6422132634555],[-2.16521007241894,53.6422137862263],[-2.16520918616631,53.6419890857558],[-2.16483104802067,53.6419896073324],[-2.16483016389684,53.641764906924],[-2.16520830003031,53.6417643853494],[-2.16520741395987,53.6415396849717],[-2.16520652790119,53.6413149845855],[-2.1648283957909,53.6413155061544],[-2.16482751175555,53.6410908057568],[-2.16482662773194,53.6408661053509],[-2.16482574372008,53.6406414049364],[-2.16520386979579,53.6406408833763],[-2.16520298378421,53.6404161829563],[-2.16482485971996,53.6404167045135],[-2.16482397573159,53.6401920040822],[-2.16482309175496,53.6399673036424],[-2.16520121179634,53.6399667820908],[-2.16557933182587,53.6399662593449],[-2.16558021982533,53.640190959779],[-2.16595834185439,53.6401904358359],[-2.16633646387154,53.6401899106984],[-2.16671458587675,53.6401893843666],[-2.16709270787,53.6401888568404],[-2.16747082985126,53.6401883281199],[-2.1678489518205,53.640187798205],[-2.16784805175254,53.6399630977885],[-2.16822617201855,53.6399625669188],[-2.16822707410678,53.6401872673406],[-2.1686051972128,53.6401867359005],[-2.16860429309135,53.6399620354596],[-2.16898241415194,53.639961502806],[-2.16898150800942,53.6397368023376],[-2.16935962702458,53.6397362684704],[-2.1697377460275,53.6397357334088],[-2.16973865623641,53.6399604339154]]],[[[-2.17011768951458,53.6401845981958],[-2.17011677726024,53.6399598976785],[-2.17011586501812,53.6397351971528],[-2.17049398399644,53.6397346597024],[-2.17049306973338,53.6395099591493],[-2.17087118666619,53.6395094204854],[-2.17124930358663,53.639508880627],[-2.17162742049468,53.6395083395742],[-2.17162834085723,53.6397330401844],[-2.17162926123212,53.6399577407863],[-2.17125114025771,53.639958281801],[-2.17087301927091,53.6399588216212],[-2.17049489827174,53.6399593602471],[-2.17049581255931,53.6401840607834],[-2.17011768951458,53.6401845981958]]],[[[-2.21054526652361,53.6338286690036],[-2.2101672002351,53.6338293336184],[-2.21016607416361,53.6336046300235],[-2.20978800984173,53.6336052934514],[-2.20978688634579,53.6333805886775],[-2.20978576293817,53.6331558837467],[-2.21016382312211,53.6331552202867],[-2.21054188329059,53.6331545556325],[-2.21091994344358,53.6331538897841],[-2.21092107307622,53.6333785947582],[-2.21129913528869,53.6333779277301],[-2.21167719748562,53.6333772595078],[-2.21167833130168,53.6336019643701],[-2.21130026703963,53.6336026325747],[-2.21130139905576,53.6338273361915],[-2.21092333279717,53.6338280031946],[-2.21054526652361,53.6338286690036]]],[[[-2.21606528177342,53.6043822189455],[-2.21606642919018,53.6046069237245],[-2.21606757662233,53.6048316284951],[-2.21606872406987,53.6050563332572],[-2.21569092012221,53.6050570162816],[-2.21531311615915,53.6050576981132],[-2.215311972722,53.604832993339],[-2.21531082930018,53.6046082885563],[-2.21530968589368,53.6043835837652],[-2.21493188793074,53.6043842643858],[-2.21455408995245,53.6043849438137],[-2.2145529505715,53.604160239002],[-2.21493074654469,53.6041595595802],[-2.21530854250252,53.6041588789656],[-2.21568633844498,53.6041581971582],[-2.21568748384125,53.6043829019517],[-2.21606528177342,53.6043822189455]]],[[[-2.22489368804053,53.6304319462742],[-2.22527172300702,53.6304312348269],[-2.22527293018938,53.6306559401472],[-2.22527413738786,53.6308806454591],[-2.22527534460247,53.6311053507625],[-2.22489730358668,53.6311060622145],[-2.22489609838854,53.6308813569095],[-2.22451805937302,53.630882067166],[-2.2245168562074,53.630657361851],[-2.22451565305784,53.6304326565275],[-2.22489368804053,53.6304319462742]]],[[[-2.22829722546647,53.6306502055732],[-2.22791918861407,53.6306509265738],[-2.22754115174526,53.6306516463805],[-2.22754237104231,53.6308763516829],[-2.2271643321407,53.6308770702972],[-2.22716311486007,53.6306523649932],[-2.22716189759571,53.6304276596808],[-2.22716068034759,53.6302029543599],[-2.22715946311574,53.6299782490305],[-2.2275374939518,53.6299775304226],[-2.22791552477149,53.6299768106208],[-2.22791430352325,53.6297521052862],[-2.22829233231022,53.6297513842921],[-2.22829355557478,53.629976089625],[-2.22867158636163,53.6299753674353],[-2.22904961713201,53.6299746440517],[-2.22904838983482,53.629749938722],[-2.2294264185724,53.6297492141461],[-2.22980444729347,53.6297484883762],[-2.23018247599799,53.6297477614123],[-2.23018370934414,53.629972466737],[-2.23018494270675,53.6301971720532],[-2.23056297542737,53.6301964438921],[-2.23094100813138,53.630195714537],[-2.23094224554321,53.6304204198414],[-2.23094348297157,53.6306451251373],[-2.23094472041646,53.6308698304248],[-2.23056668166325,53.630870559785],[-2.23056791710822,53.6310952650657],[-2.23018987632196,53.6310959932336],[-2.22981183551912,53.6310967202074],[-2.22943379469975,53.6310974459873],[-2.22943256530414,53.6308727407016],[-2.22943133592495,53.6306480354074],[-2.22943010656219,53.6304233301047],[-2.22905207177557,53.6304240546856],[-2.22867403697247,53.6304247780726],[-2.22867281165886,53.6302000727582],[-2.22829477885567,53.6302007949495],[-2.2282960021529,53.6304255002656],[-2.22829722546647,53.6306502055732]]]]}}