{"type":"Feature","properties":{"code":"E63005781","name":"Dover"},"geometry":{"type":"MultiPolygon","coordinates":[[[[1.32832898497661,51.123577295459],[1.32834512966921,51.1238017213678],[1.3283612745682,51.1240261472632],[1.32800466137684,51.1240363042585],[1.32802080477299,51.1242607302338],[1.32766418966606,51.1242708862372],[1.32768033155933,51.1244953122923],[1.32769647365896,51.1247197383339],[1.32733985492717,51.1247298934388],[1.32735599552386,51.1249543195602],[1.32737213632688,51.1251787456682],[1.32738827733625,51.1254031717628],[1.32703165327018,51.1254133260623],[1.32704779274003,51.125637752185],[1.32669116674738,51.1256479054791],[1.32633454054724,51.1256580576869],[1.32631840451919,51.1254336314059],[1.32596177983433,51.1254437824501],[1.32560515494324,51.1254539324091],[1.32524852984596,51.1254640812831],[1.32523239909276,51.1252396546293],[1.32487577549868,51.125249802325],[1.3248919045425,51.1254742290719],[1.32453527903289,51.1254843757757],[1.32417865331714,51.1254945213943],[1.32416252769208,51.1252700944611],[1.32414640227316,51.1250456675144],[1.32378977977006,51.1250558118617],[1.32380590347961,51.1252802389015],[1.32344927906105,51.1252903822567],[1.32309265443643,51.1253005245269],[1.32310877493333,51.1255249517396],[1.3231248954119,51.1257493786763],[1.32348152347858,51.1257392362447],[1.32383815133796,51.1257290927268],[1.32385427538696,51.1259535193929],[1.32421090476208,51.1259433747081],[1.32422703074154,51.1261678012812],[1.32424315692839,51.126392227842],[1.32459978954236,51.1263820819095],[1.32495642194894,51.1263719348908],[1.32497255178945,51.1265963612779],[1.32532918571175,51.1265862130922],[1.32568581942662,51.1265760638202],[1.32570195292088,51.1268004900336],[1.32605858815143,51.1267903395946],[1.32641522317451,51.1267801880693],[1.32643136032258,51.127004614109],[1.3264474976782,51.1272290401363],[1.3268041359401,51.1272188873633],[1.32716077399449,51.1272087335039],[1.32717691500404,51.1274331593575],[1.32753355457406,51.127423004331],[1.3278901939365,51.1274128482183],[1.32824683309135,51.1274026910193],[1.32826297947813,51.1276271166182],[1.32861962014856,51.1276169582521],[1.32863576846623,51.1278413837579],[1.32899241065223,51.1278312242247],[1.32900856090083,51.1280556496374],[1.3293652046024,51.1280454889371],[1.32972184809628,51.1280353271504],[1.32973800199912,51.1282597523892],[1.33009464700853,51.1282495894354],[1.33011080284241,51.128474014581],[1.33046744936735,51.12846385046],[1.33048360713231,51.1286882755126],[1.33049976510509,51.1289127005528],[1.33014311513355,51.1289228648355],[1.33015927159081,51.1291472899443],[1.32980261968817,51.1291574532215],[1.32981877462988,51.1293818783988],[1.33017542825588,51.1293717150408],[1.33019158512875,51.129596140125],[1.33054824027038,51.1295859755998],[1.33056439907447,51.1298104005908],[1.33092105573171,51.1298002348984],[1.33090489520422,51.1295758099882],[1.33126154993025,51.1295656432902],[1.33124538788724,51.1293412184486],[1.33160204068207,51.1293310507451],[1.33158587712359,51.129106625972],[1.33122922605211,51.1291167935946],[1.33121306442484,51.1288923687284],[1.33085641486887,51.1289025351838],[1.33084025517277,51.1286781102244],[1.33119690300543,51.1286679438499],[1.33155355063028,51.128657776389],[1.33156971377299,51.1288822011867],[1.3319263626934,51.1288720325546],[1.33228301137845,51.1288618628357],[1.3322991781621,51.1290862874585],[1.33265582836147,51.1290761165722],[1.33301247835304,51.1290659445994],[1.33302864878875,51.1292903690475],[1.3333853002946,51.1292801959072],[1.33374195159261,51.1292700216807],[1.33375812568046,51.129494445954],[1.33411477849272,51.1294842705598],[1.33447143109709,51.1294740940793],[1.33448760883714,51.1296985181778],[1.33484426295573,51.1296883405298],[1.33520091686638,51.1296781617953],[1.33521709825873,51.129902585719],[1.33557375368356,51.1298924058169],[1.33593040890041,51.1298822248286],[1.33594659394512,51.1301066485773],[1.33630325067613,51.1300964664213],[1.33665990719909,51.130086283179],[1.337016563514,51.1300760988503],[1.33703275393334,51.1303005223428],[1.33738941176235,51.1302903368464],[1.33774606938324,51.1302801502637],[1.33810272679601,51.1302699625946],[1.33811892259009,51.1304943858308],[1.3384755815169,51.130484196994],[1.33883224023553,51.1304740070709],[1.33918889874596,51.1304638160614],[1.33920509991488,51.1306882390412],[1.33956175993929,51.1306780468639],[1.33991841975546,51.1306678536004],[1.34027507936336,51.1306576592504],[1.34063173876296,51.1306474638141],[1.34064794702904,51.130871886456],[1.34100460794255,51.130861689852],[1.34136126864772,51.1308514921615],[1.34171792914453,51.1308412933847],[1.34207458943295,51.1308310935216],[1.34209080479631,51.1310555158254],[1.34244746659855,51.1310453147945],[1.34246368389261,51.1312697370046],[1.34282034720866,51.1312595348058],[1.34317701031626,51.1312493315206],[1.34319323126331,51.1314737535554],[1.34354989588469,51.1314635491024],[1.34390656029755,51.131453343563],[1.34389033590599,51.1312289216912],[1.34353367321537,51.1312391271491],[1.3435174507546,51.1310147051834],[1.34316078957772,51.1310249094735],[1.3431445690477,51.130800487414],[1.3431283487262,51.1305760653421],[1.34277169078525,51.1305862683829],[1.34275547239443,51.1303618462172],[1.3427392542121,51.1301374240392],[1.34272303623825,51.1299130018488],[1.34270681847288,51.1296885796461],[1.34269060091599,51.129464157431],[1.34267438356757,51.1292397352036],[1.34303103117582,51.1292295326516],[1.34301481231383,51.1290051104933],[1.34299859366033,51.1287806883226],[1.34298237521531,51.1285562661396],[1.34296615697877,51.1283318439442],[1.3429499389507,51.1281074217365],[1.34293372113111,51.1278829995164],[1.34291750352,51.127658577284],[1.34290128611734,51.1274341550392],[1.34288506892315,51.1272097327821],[1.34324170082544,51.1271995298769],[1.34322548211787,51.1269751076888],[1.34320926361878,51.1267506854885],[1.34319304532816,51.1265262632757],[1.34317682724602,51.1263018410507],[1.34316060937234,51.1260774188132],[1.34314439170712,51.1258529965635],[1.34312817425037,51.1256285743013],[1.34311195703647,51.1254041519683],[1.34309574003902,51.1251797296092],[1.34345235624051,51.1251695263471],[1.34343613773057,51.1249451040568],[1.34341991942902,51.1247206817542],[1.34340370133588,51.1244962594393],[1.34338748345112,51.1242718371121],[1.34337126577475,51.1240474147725],[1.34335504830677,51.1238229924207],[1.34333883104717,51.1235985700565],[1.34332261399594,51.1233741476799],[1.34330639715309,51.1231497252911],[1.34366299765919,51.1231395216732],[1.34364677930403,51.1229150993532],[1.34363056115727,51.1226906770208],[1.34361434321889,51.1224662546761],[1.3435981254889,51.1222418323191],[1.34358190796728,51.1220174099498],[1.34356569065403,51.1217929875682],[1.34354947354916,51.1215685651742],[1.34319288508731,51.1215787682241],[1.34320910047164,51.1218031906992],[1.34285251008094,51.1218133927442],[1.34286872395306,51.1220378152881],[1.3428849380335,51.1222622378197],[1.34290115232229,51.122486660339],[1.3429173668194,51.1227110828459],[1.34293358152486,51.1229355053406],[1.34294979643867,51.1231599278229],[1.34296601156082,51.1233843502929],[1.34298222689133,51.1236087727506],[1.34299844243019,51.1238331951959],[1.34301465817741,51.1240576176289],[1.34265805037175,51.1240678193992],[1.34267426460654,51.1242922419011],[1.34269047904968,51.1245166643906],[1.34270669370117,51.1247410868678],[1.342722908561,51.1249655093326],[1.34273912362919,51.1251899317852],[1.34275533890574,51.1254143542254],[1.34277155440048,51.1256387766364],[1.34278777013553,51.12586319898],[1.34280398607901,51.1260876213112],[1.34244736257729,51.126097822723],[1.34246357700747,51.1263222451233],[1.34210695157562,51.1263324455303],[1.34212316449244,51.1265568679997],[1.34247979164607,51.1265466675113],[1.3424960064931,51.1267710898869],[1.34213937761767,51.1267812904568],[1.34178274853388,51.1267914899405],[1.34142611924174,51.126801688338],[1.34106948974129,51.1268118856493],[1.34071286003254,51.1268220818744],[1.34035623011551,51.1268322770132],[1.34034002559933,51.1266078541491],[1.33998339719588,51.1266180481204],[1.33962676858419,51.1266282410055],[1.33927013976429,51.1266384328043],[1.339286339115,51.1268628559125],[1.33892970836509,51.1268730467066],[1.33857307740701,51.1268832364143],[1.33855688149997,51.1266588131434],[1.33891351073621,51.126648623517],[1.33889731331555,51.126424200315],[1.33888111610309,51.1261997771008],[1.33923774168757,51.1261895865508],[1.33922154296155,51.1259651634056],[1.33920534444374,51.125740740248],[1.3391891461447,51.1255163170567],[1.3395457663576,51.1255061256614],[1.3395295665693,51.1252817024913],[1.33951336698916,51.1250572793088],[1.33949716761718,51.1248328561141],[1.33914055256701,51.1248430472662],[1.3391567502181,51.125067470542],[1.33917294807733,51.1252918938055],[1.33881632937727,51.1253020840335],[1.3388325257237,51.1255265073658],[1.33884872230276,51.1257509306352],[1.33849209995364,51.1257611199363],[1.33850829502796,51.1259855432566],[1.33852449031045,51.1262099665645],[1.33854068580112,51.1264343898601],[1.33818405807856,51.126444578319],[1.33820025205559,51.1266690016836],[1.3378436224031,51.1266791891377],[1.33785981486645,51.1269036125713],[1.33750318328401,51.1269137990204],[1.33714655149349,51.1269239843833],[1.33713036247383,51.126699560787],[1.33711417366227,51.1264751371785],[1.33747080200911,51.1264649519782],[1.33745461168384,51.1262405284386],[1.33743842156667,51.1260161048866],[1.33779504626186,51.1260059187628],[1.33777885463105,51.1257814952798],[1.33776266321233,51.1255570717759],[1.33774647202874,51.1253326482005],[1.33810309135295,51.1253224612311],[1.33808689865648,51.1250980377244],[1.33807070616808,51.1248736142055],[1.3377140902857,51.1248838010129],[1.33773028105319,51.1251082246129],[1.33737366324191,51.1251184104152],[1.33738985249652,51.1253428340838],[1.33740604195916,51.1255672577401],[1.33704942049801,51.1255774426183],[1.33706560847612,51.1258018662787],[1.33708179666342,51.1260262899243],[1.3370979850588,51.1262507135575],[1.33674135822572,51.1262608975903],[1.33672517155212,51.1260364738758],[1.33636854623281,51.126046656741],[1.33635236148905,51.1258222329328],[1.33633617695332,51.1255978091123],[1.33669279882912,51.1255876264096],[1.33667661280816,51.1253632025918],[1.33666042699542,51.1251387787612],[1.33701704522264,51.1251285951313],[1.33700085789696,51.1249041713693],[1.33698467077928,51.124679747595],[1.3369684838696,51.1244553238084],[1.33661187080505,51.1244655071954],[1.33662805599386,51.1246899310629],[1.33664424139065,51.1249143549182],[1.33628762467641,51.1249245373809],[1.33630380856026,51.1251489613049],[1.33631999265206,51.1253733852165],[1.33596337228804,51.125383566755],[1.33597955486953,51.1256079907288],[1.33599573768351,51.1258324146306],[1.33563911366999,51.1258425952422],[1.33528248944853,51.1258527747676],[1.33529866902697,51.1260771988196],[1.3349420428758,51.1260873773401],[1.33495822094041,51.1263118014611],[1.33460159285952,51.1263219789766],[1.33424496457074,51.1263321554059],[1.33422878994975,51.1261077311225],[1.33421261553667,51.1258833068267],[1.33419644133149,51.1256588825186],[1.33418026734996,51.1254344581546],[1.33453688875323,51.1254242820471],[1.33452071326618,51.1251998577306],[1.33487733274069,51.1251896806179],[1.33486115574055,51.12496525637],[1.33521777328631,51.124955078252],[1.33520159477312,51.1247306540729],[1.33555821039013,51.1247204749496],[1.33554203036394,51.1244960508391],[1.3358986440522,51.1244858707107],[1.33588246251307,51.1242614466688],[1.33623907427259,51.1242512655352],[1.33622289122054,51.124026841562],[1.33620670837643,51.1238024175766],[1.33619052574026,51.1235779935788],[1.33583391914318,51.1235881744695],[1.33585010005856,51.1238125985482],[1.33549349153281,51.1238227784338],[1.33550967093529,51.1240472025812],[1.33515306048088,51.1240573814616],[1.33516923837042,51.1242818056776],[1.33481262598733,51.1242919835528],[1.33482880236387,51.1245164078375],[1.33447218805211,51.1245265847074],[1.33448836291562,51.1247510090608],[1.33413174667516,51.1247611849255],[1.3341479200256,51.1249856093475],[1.33379130185645,51.1249957842069],[1.33377513022693,51.124771359704],[1.33341851357094,51.1247815333964],[1.33340234387013,51.1245571088002],[1.33304572872731,51.1245672813255],[1.33302956095515,51.1243428566361],[1.33338617437708,51.1243326841918],[1.3333700050918,51.1241082595711],[1.33301339339073,51.1241184319345],[1.33299722603406,51.1238940072205],[1.33335383601428,51.123883834938],[1.33333766714453,51.1236594102927],[1.33369427519622,51.1236492370049],[1.33367810481344,51.1234248124282],[1.33403471093661,51.1234146381352],[1.33401853904083,51.1231902136271],[1.33437514323548,51.1231800383289],[1.33435896982676,51.1229556138894],[1.3347155720929,51.122945437586],[1.33469939717127,51.1227210132152],[1.33505599750891,51.1227108359067],[1.33503982107443,51.1224864116044],[1.33502364484779,51.1222619872899],[1.33466704795151,51.1222721644366],[1.33431045084745,51.1222823404971],[1.33432662363275,51.1225067649735],[1.33397002460025,51.1225169400289],[1.33398619587265,51.1227413645739],[1.33362959491172,51.1227515386242],[1.33364576467119,51.1229759632378],[1.3332891617818,51.1229861362828],[1.33330533002829,51.1232105609651],[1.33294872521045,51.1232207330049],[1.33296489194392,51.1234451577558],[1.33260828519762,51.1234553287903],[1.33262445041802,51.1236797536098],[1.33226784174325,51.1236899236391],[1.33191123286084,51.1237000925823],[1.3319273948473,51.1239245175512],[1.331570784002,51.1239346854791],[1.33121417266859,51.1239448522397],[1.33119801409603,51.1237204270905],[1.33084140426528,51.1237305926728],[1.33048479422802,51.12374075717],[1.33046863928036,51.1235163318208],[1.3301120307458,51.1235264951397],[1.32975542200478,51.1235366573736],[1.32973927068193,51.1233122318244],[1.32938266344364,51.12332239288],[1.3293665140364,51.1230979672241],[1.32900990830083,51.1231081271014],[1.32865330235889,51.1231182858937],[1.32866944834785,51.1233427117362],[1.32868559454322,51.1235671375652],[1.32832898497661,51.123577295459]]],[[[1.26223764857922,51.1542250307159],[1.26188077141339,51.1542349855805],[1.26152389404416,51.1542449393574],[1.26153972675114,51.1544693743746],[1.26118284745621,51.1544793271418],[1.26119867864431,51.1547037622249],[1.26084179742367,51.1547137139823],[1.26048491599967,51.1547236646521],[1.26050074394649,51.1549480998789],[1.2601438605968,51.1549580495389],[1.26015968702463,51.1551824848316],[1.25980280174923,51.1551924334818],[1.25981862665803,51.1554168688403],[1.25946173945692,51.1554268164807],[1.25910485205254,51.1554367630334],[1.25912067371981,51.1556611985356],[1.25876378438973,51.1556711440784],[1.25877960453786,51.1558955796464],[1.25842271328207,51.1559055241794],[1.25806582182307,51.1559154676247],[1.2580816387295,51.1561399033363],[1.2580974558392,51.1563643390359],[1.25845435074323,51.156354395435],[1.25881124544404,51.1563444507464],[1.25879542488929,51.1561200152024],[1.25915231766434,51.1561100695039],[1.25950921023613,51.1561001227176],[1.25986610260464,51.1560901748437],[1.25988192832693,51.1563146101541],[1.25952503423591,51.1563245581059],[1.25954085843904,51.1565489934821],[1.25955668284554,51.1567734288463],[1.25991358038164,51.1567634807388],[1.25992940671408,51.1569879160131],[1.26028630576944,51.15697796674],[1.26064320462146,51.1569680163791],[1.26065903460247,51.1571924514856],[1.26101593497372,51.1571824999591],[1.26103176688078,51.1574069349758],[1.26138866877125,51.1573969822836],[1.2614045026044,51.1576214172103],[1.26142033664104,51.157845852125],[1.26143617088117,51.1580702870276],[1.26179307773617,51.1580603330139],[1.26180891390249,51.1582847678266],[1.26182475027233,51.1585092026273],[1.26218166036928,51.15849924737],[1.26216582227673,51.1582748126473],[1.26214998438772,51.1580503779125],[1.2625068908358,51.1580404217233],[1.26249105142767,51.1578159870544],[1.2624752122231,51.1575915523735],[1.26245937322208,51.1573671176806],[1.26281627429877,51.1573571606374],[1.26280043377871,51.1571327260103],[1.26278459346222,51.1569082913712],[1.2627687533493,51.1566838567201],[1.26312564905478,51.156673898823],[1.2631098074229,51.1564494642378],[1.26309396599461,51.1562250296406],[1.26307812476989,51.1560005950313],[1.26272123423191,51.1560105526946],[1.26270539493322,51.1557861179953],[1.26234850591422,51.155796074493],[1.26199161669177,51.155806029903],[1.26163472726588,51.1558159842253],[1.26127783763659,51.1558259374599],[1.26126200543122,51.1556015024369],[1.26124617342932,51.155377067402],[1.26160305961374,51.1553671143232],[1.26158722609288,51.1551426793541],[1.2619441103515,51.1551327252655],[1.26192827531174,51.1549082903623],[1.26228515764456,51.154898335264],[1.26226932108594,51.1546739004267],[1.26262620149296,51.1546639443186],[1.26261036341552,51.1544395095472],[1.26296724189677,51.1544295524294],[1.26295140230055,51.1542051177239],[1.26259452554161,51.1542150747637],[1.26223764857922,51.1542250307159]]],[[[1.26295140230055,51.1542051177239],[1.26330827885602,51.1541951595965],[1.26329243774108,51.1539707249568],[1.26364931237077,51.1539607658197],[1.26363346973714,51.153736331246],[1.26399034244107,51.1537263710992],[1.26434721494147,51.1537164098648],[1.26470408723831,51.1537064475428],[1.26506095911211,51.1536964841866],[1.26541783030029,51.1536865198599],[1.26577470128502,51.1536765544455],[1.26613157206627,51.1536665879433],[1.26648844264403,51.1536566203533],[1.26684531301827,51.1536466516756],[1.26720218318898,51.1536366819101],[1.26755905315612,51.1536267110569],[1.26757491468905,51.1538511447939],[1.26759077642564,51.1540755785191],[1.26794764962982,51.1540656064257],[1.26830452263038,51.1540556332446],[1.26866139542731,51.1540456589757],[1.26901826802059,51.154035683619],[1.26937514041018,51.1540257071745],[1.26935927007201,51.1538012738303],[1.26971614053761,51.1537912963743],[1.26970026868292,51.1535668630945],[1.27005713722451,51.153556884627],[1.27007301079948,51.1537813178305],[1.27042988085761,51.153771338199],[1.27044575635668,51.1539957713145],[1.27046163205959,51.1542202044181],[1.27047750796635,51.1544446375098],[1.27083438298167,51.1544346565618],[1.27085026081264,51.1546590895654],[1.27086613884748,51.1548835225571],[1.27088201708619,51.1551079555369],[1.27123889705885,51.1550979732723],[1.27125477722187,51.1553224061639],[1.27127065758879,51.1555468390437],[1.27162754079849,51.1555368555387],[1.27164342308979,51.1557612883304],[1.27165930558502,51.1559857211101],[1.2720161920318,51.1559757363648],[1.27203207645147,51.1562001690563],[1.27204796107511,51.156424601736],[1.27240485075903,51.1564146157502],[1.27276174023903,51.1564046286766],[1.27311862951511,51.1563946405151],[1.27310273972991,51.1561702080643],[1.27345962708151,51.1561602188913],[1.27381651422913,51.1561502286305],[1.27417340117275,51.1561402372818],[1.27415750643012,51.1559158050481],[1.27451439144924,51.1559058126879],[1.27487127626432,51.1558958192399],[1.27522816087534,51.1558858247041],[1.27558504528228,51.1558758290804],[1.27556914386192,51.1556513971403],[1.2759260263443,51.1556414005052],[1.27628290862257,51.1556314027823],[1.27626700396554,51.1554069709831],[1.27662388431924,51.1553969722487],[1.27660797814604,51.155172540514],[1.27696485657518,51.1551625407682],[1.27732173480014,51.1551525399347],[1.27730582539044,51.1549281083409],[1.27728991618502,51.1547036767352],[1.27693304140077,51.1547136774159],[1.27657616641235,51.1547236770088],[1.27656026085185,51.1544992452383],[1.2762033873796,51.1545092436671],[1.27618748374362,51.1542848118084],[1.27583061178755,51.1542948090729],[1.27581471007607,51.1540703771259],[1.27579880856876,51.153845945167],[1.27544193984914,51.1538559411911],[1.27542604026625,51.153631509144],[1.27506917306281,51.1536415040039],[1.27505327540429,51.1534170718685],[1.2754101408875,51.1534070770849],[1.27576700616665,51.1533970812136],[1.27575110527184,51.153172649219],[1.27610796862669,51.1531626523363],[1.27609206621587,51.1529382204062],[1.27607616400922,51.1527137884642],[1.2757193040947,51.1527237851942],[1.27536244397609,51.1527337808364],[1.27534654541389,51.1525093487298],[1.27498968681137,51.1525193432079],[1.27497379017342,51.1522949110131],[1.27461693308699,51.1523049043272],[1.27460103837323,51.1520804720441],[1.2742441828029,51.1520904641941],[1.2742282900133,51.1518660318228],[1.27387143595908,51.1518760228089],[1.27385554509359,51.1516515903493],[1.27349869255547,51.1516615801714],[1.27348280361406,51.1514371476236],[1.27346691487665,51.1512127150639],[1.2738237639747,51.1512027253945],[1.27418061286881,51.1511927346374],[1.27453746155895,51.1511827427927],[1.27455335545642,51.1514071751234],[1.27491020566258,51.1513971821146],[1.2748943100451,51.1511727498603],[1.27525115832724,51.1511627558403],[1.27560800640535,51.1511527607326],[1.27559210755199,51.1509283286191],[1.27594895370606,51.1509183325002],[1.27593305333687,51.1506939004512],[1.27628989756691,51.150683903321],[1.27664674159286,51.1506739051032],[1.2770035854147,51.1506639057978],[1.27701949094375,51.1508883376176],[1.277035396677,51.1511127694256],[1.27739224373461,51.1511027688798],[1.27774909058806,51.1510927672463],[1.27810593723732,51.1510827645252],[1.27809002634417,51.1508583329465],[1.27807411565531,51.1506339013558],[1.27771727244595,51.1506439039241],[1.27770136367335,51.1504194722946],[1.27734452197623,51.1504294736955],[1.27732861511839,51.1502050419963],[1.27768545510148,51.1501950406723],[1.27804229488092,51.1501850382607],[1.27805820516681,51.1504094698061],[1.2784150464566,51.1503994662301],[1.27839913445669,51.1501750347615],[1.27875597382877,51.1501650301747],[1.27874006031864,51.149940598771],[1.2787241470123,51.1497161673554],[1.27836731106818,51.1497261717884],[1.27801047492039,51.1497361751339],[1.27799456524572,51.1495117435526],[1.27835139967957,51.149501740284],[1.27833548849471,51.1492773087676],[1.27869232101095,51.1492673044883],[1.27867640831594,51.1490428730368],[1.2786604958247,51.1488184415734],[1.27901732470946,51.1488084363603],[1.27900141070813,51.1485840049618],[1.27935823767531,51.1485739987381],[1.27971506443877,51.1485639914269],[1.28007189099846,51.1485539830282],[1.28008781014134,51.148778414196],[1.28044463821111,51.1487684046329],[1.28046055927171,51.1489928357119],[1.28081738885153,51.1489828249845],[1.28117421822752,51.1489728131695],[1.28119014291977,51.1491972440827],[1.28154697380579,51.1491872311033],[1.28190380428475,51.1491772172357],[1.28188787617027,51.1489527864665],[1.28187194826041,51.1487283556852],[1.28151512119749,51.1487383694187],[1.28149919519925,51.1485139385585],[1.2811423694548,51.1485239513072],[1.28112644537431,51.1482995203581],[1.28076962113983,51.1483095319424],[1.28041279670153,51.1483195424391],[1.28039687625255,51.1480951113243],[1.28004005332425,51.1481051206567],[1.28002413479292,51.1478806894531],[1.27966731337463,51.1478906976211],[1.2793104917526,51.1479007047017],[1.27895366992684,51.1479107106948],[1.27893775674064,51.1476862792486],[1.27929457685263,51.1476762733323],[1.27927866215645,51.1474518419511],[1.27926274766406,51.1472274105578],[1.27924683337547,51.1470029791527],[1.27923091929065,51.1467785477356],[1.27887410603351,51.1467885533444],[1.27851729257268,51.1467985578657],[1.27816047890819,51.1468085612996],[1.27780366504006,51.1468185636461],[1.27778775801368,51.1465941319097],[1.27814457016814,51.14658412964],[1.2781286616318,51.1463596979685],[1.27848547186898,51.1463496946883],[1.27884228190251,51.1463396903206],[1.27882637014264,51.1461152587908],[1.27918317825888,51.1461052534126],[1.27953998617142,51.1460952469471],[1.27952407118812,51.1458708155591],[1.27988087718336,51.145860808083],[1.27986496069029,51.1456363767599],[1.28022176476823,51.1456263682733],[1.28057856864242,51.1456163586994],[1.28056264892609,51.1453919275182],[1.28091945088297,51.1453819169337],[1.28127625263606,51.1453719052619],[1.28126032969656,51.1451474742226],[1.28161712952973,51.1451374615422],[1.28197392877742,51.1451274480446],[1.28195800262489,51.1449030171365],[1.2823147999472,51.1448930026301],[1.28267159706496,51.1448829870365],[1.28265566767534,51.144658556273],[1.28301246286771,51.1446485396706],[1.28299653196191,51.1444241089735],[1.28335332522889,51.1444140913623],[1.28333739280695,51.1441896607315],[1.28369418414855,51.1441796421116],[1.28367825021052,51.1439552115471],[1.28403503962674,51.1439451919184],[1.28401910417266,51.1437207614203],[1.28437589166351,51.1437107407828],[1.28435995469342,51.143486310351],[1.28471674025892,51.1434762887049],[1.28507352561974,51.1434662659716],[1.285057585413,51.1432418356846],[1.28541436884845,51.1432318119426],[1.28539842712583,51.143007381722],[1.28575520863591,51.1429973569713],[1.28573926539744,51.1427729268171],[1.28609604498216,51.1427629010578],[1.28645282436213,51.1427528742113],[1.28646877104186,51.1429773042086],[1.28648471792644,51.1432017341937],[1.28684150054291,51.1431917061032],[1.28685744935301,51.1434161359978],[1.28687339836798,51.1436405658803],[1.28688934758784,51.1438649957507],[1.28724613516156,51.1438549663375],[1.28726208630703,51.1440793961174],[1.28761887539664,51.1440693655385],[1.28763482846776,51.1442937952278],[1.28799161907326,51.1442837634833],[1.28834840947388,51.1442737306515],[1.28870519966959,51.1442636967327],[1.28906198966037,51.1442536617266],[1.2894187794462,51.1442436256334],[1.28977556902707,51.1442335884531],[1.29013235840293,51.1442235501855],[1.29048914757379,51.1442135108308],[1.29047318073681,51.14398908177],[1.29082996798191,51.1439790414067],[1.29118675502195,51.1439689999563],[1.29154354185692,51.1439589574188],[1.29155951385603,51.1441833862438],[1.2919163022066,51.1441733425405],[1.29193227613162,51.1443977712748],[1.29228906599779,51.1443877264057],[1.29264585565881,51.1443776804495],[1.29300264511465,51.144367633406],[1.2933594343653,51.1443575852754],[1.29371622341074,51.1443475360577],[1.29370024088214,51.1441231077165],[1.29368425855885,51.1438986793633],[1.29404104395765,51.1438886292158],[1.29405702800163,51.1441130574903],[1.29407301225093,51.1443374857528],[1.29442980088587,51.1443274343607],[1.29444578706123,51.1445518625324],[1.29480257721161,51.1445418099745],[1.29515936715667,51.1445317563295],[1.29517535697888,51.1447561843317],[1.29481856531308,51.1447662380555],[1.29483455361994,51.1449906661243],[1.29447776002806,51.1450007188395],[1.29449374681952,51.1452251469749],[1.29450973381635,51.1454495750982],[1.29452572101856,51.1456740032095],[1.29454170842615,51.1458984313085],[1.29489850890131,51.1458883782785],[1.29491449823516,51.1461128062868],[1.29493048777441,51.1463372342831],[1.29494647751907,51.1465616622672],[1.29496246746915,51.1467860902392],[1.29497845762465,51.1470105181991],[1.29533526649907,51.1470004636884],[1.29569207516811,51.1469904080904],[1.2956760815707,51.1467659802879],[1.2960328883134,51.1467559236813],[1.29638969485069,51.1467458659876],[1.29674650118256,51.1467358072066],[1.29673050262782,51.1465113796282],[1.29708730703331,51.1465013198387],[1.29744411123333,51.1464912589619],[1.29780091522785,51.146481196998],[1.29815771901686,51.1464711339468],[1.29851452162616,51.1464610691741],[1.29853052876986,51.1466854963505],[1.29888733245672,51.1466754301294],[1.2989033416055,51.1468998572691],[1.29891935096643,51.1471242844012],[1.29927615802715,51.1471142170301],[1.29929216939322,51.1473386441254],[1.29893536053951,51.1473487115256],[1.29895137032474,51.1475731386424],[1.29896738032213,51.1477975657516],[1.29932419276191,51.1477874982932],[1.29968100498958,51.1477774297431],[1.30003781700512,51.1477673601013],[1.3003946288085,51.1477572893677],[1.30075144039971,51.1477472175423],[1.30073542143713,51.1475227905788],[1.30109223102311,51.1475127176908],[1.3010762104798,51.1472882907488],[1.30106019014879,51.1470638637991],[1.30141699593657,51.1470537898777],[1.30140097402488,51.1468293629495],[1.30138495232551,51.1466049360137],[1.30136893083843,51.1463805090703],[1.30101213042945,51.1463905829042],[1.30099611094756,51.1461661559239],[1.30098009167794,51.145941728936],[1.30062329464251,51.14595180162],[1.300607277378,51.1457273745953],[1.30059126032574,51.145502947563],[1.30057524348572,51.145278520523],[1.30021845161659,51.1452885920279],[1.30020243678158,51.1450641649512],[1.29984564649309,51.1450742353353],[1.29982963366305,51.1448498082218],[1.29947284495522,51.1448598774851],[1.2994888559925,51.1450843046277],[1.29913206527981,51.1450943728285],[1.29914807473646,51.1453187999926],[1.29879128201891,51.1453288671308],[1.29843448908931,51.1453389331774],[1.29807769490899,51.1453489974483],[1.29772089972421,51.1453590601056],[1.29770489724021,51.1451346326908],[1.29768889496179,51.1449102052639],[1.29767289288893,51.1446857778249],[1.29765689102164,51.1444613503738],[1.29801367932344,51.1444512880315],[1.29837046687764,51.1444412242427],[1.29872725263618,51.1444311583124],[1.29908403818269,51.1444210912905],[1.29906802957458,51.144196664096],[1.2990520211786,51.1439722368937],[1.29940880292768,51.1439621688384],[1.29976558446468,51.1439520996916],[1.29974957269552,51.1437276725399],[1.29973356113852,51.1435032453806],[1.29971754979369,51.1432788182137],[1.30007432574072,51.1432687480626],[1.30009033887816,51.1434931752004],[1.30010635222779,51.1437176023306],[1.30012236578959,51.1439420294531],[1.3001383795636,51.144166456568],[1.30015439354979,51.1443908836752],[1.30051117824794,51.1443808122869],[1.30086796273394,51.144370739807],[1.30085194516237,51.144146312758],[1.30083592780304,51.1439218857014],[1.30081991065595,51.1436974586371],[1.3011766895518,51.143687385153],[1.30119270849153,51.1439118121881],[1.30154948896783,51.1439017375832],[1.30190626923193,51.1438916618868],[1.30189024670694,51.14366723491],[1.30224702496617,51.1436571581512],[1.30260380301316,51.1436470803007],[1.3026198291234,51.1438715072191],[1.30263585544598,51.1440959341299],[1.30265188198092,51.1443203610331],[1.30300866519355,51.1443102820035],[1.30302469373354,51.1445347088698],[1.3030407224859,51.1447591357285],[1.30305675145065,51.1449835625795],[1.30341353982909,51.1449734823707],[1.30342957079899,51.1451979091849],[1.3034456019813,51.1454223359915],[1.30346163337603,51.1456467627904],[1.30347766498318,51.1458711895817],[1.30349369680277,51.1460956163654],[1.30313689946035,51.1461056967202],[1.3031529296995,51.1463301235254],[1.30279613035188,51.1463402028178],[1.30281215901055,51.1465646296445],[1.30282818788162,51.1467890564636],[1.30318499081504,51.1467789771129],[1.30320102169144,51.1470034038952],[1.30321705278026,51.1472278306699],[1.30286024626094,51.147237910079],[1.30287627576921,51.1474623368752],[1.30289230548988,51.1476867636638],[1.30290833542296,51.1479111904447],[1.3032651473213,51.147901110948],[1.30328117925985,51.1481255376921],[1.30363799273886,51.1481154570744],[1.30399480600548,51.148105375365],[1.30397877048084,51.1478809486793],[1.304335581742,51.1478708659073],[1.30469239279073,51.1478607820437],[1.30467635389255,51.1476363554088],[1.30466031520689,51.1474119287663],[1.30501712245716,51.1474018438693],[1.30500108219106,51.1471774172484],[1.3053578874359,51.147167331289],[1.30571469246825,51.1471572442378],[1.30569864882882,51.1469328176678],[1.30605545185572,51.1469227295542],[1.30603940663596,51.1466983030057],[1.30639620765742,51.1466882138297],[1.30638016085739,51.1464637873029],[1.30673695987341,51.1464536970645],[1.30672091149314,51.1462292705593],[1.30707770850374,51.1462191792585],[1.30706165854329,51.145994752775],[1.30704560879549,51.1457703262838],[1.30668881537052,51.1457804175261],[1.30667276762816,51.145555990998],[1.30665672009843,51.1453315644623],[1.30664067278132,51.145107137919],[1.30662462567684,51.144882711368],[1.30660857878497,51.1446582848094],[1.30625179411114,51.1446683748136],[1.30623574922456,51.144443948218],[1.30621970455056,51.1442195216148],[1.30586292324954,51.1442296104689],[1.30584688058076,51.1440051838287],[1.30583083812454,51.143780757181],[1.30581479588088,51.1435563305256],[1.3054580197452,51.1435664182002],[1.30544197950665,51.1433419915079],[1.30542593948062,51.143117564808],[1.30540989966712,51.1428931381004],[1.30539386006613,51.1426687113852],[1.30503709088813,51.1426787978513],[1.30502105329214,51.1424543710992],[1.30500501569762,51.1422299441847],[1.30464824999863,51.1422400295788],[1.30429148408529,51.14225011388],[1.30430751788387,51.1424745406982],[1.30395074986117,51.1424846238604],[1.30393471785505,51.142260197013],[1.30391868382418,51.1420357685191],[1.30390264989935,51.1418113399397],[1.30388661618744,51.141586911353],[1.30387058268844,51.1413624827592],[1.30351382354299,51.1413725647784],[1.3034977920549,51.1411481361526],[1.30348176077969,51.1409237075194],[1.3031250050174,51.1409337883973],[1.30314103449463,51.1411582170552],[1.30278427672156,51.1411682968659],[1.3027682490423,51.1409438681833],[1.30275222157589,51.1407194394935],[1.30239546718598,51.1407295181628],[1.30237944173033,51.140505089441],[1.3027361943223,51.1404950107964],[1.3030929467015,51.1404849310599],[1.30307691786282,51.1402605023803],[1.30343366823132,51.1402504215767],[1.30341763780761,51.1400259929146],[1.30377438616541,51.1400159110439],[1.3037583541567,51.1397914823993],[1.30340160759676,51.1398015642453],[1.30338557759877,51.1395771355687],[1.30336954781364,51.1393527068849],[1.30301280463655,51.1393627875896],[1.30299677686206,51.1391383588738],[1.30298074930041,51.1389139301508],[1.30296472195158,51.1386895014206],[1.30260798395505,51.1386995809592],[1.30225124574578,51.138709659406],[1.3022672694991,51.1389340881857],[1.30191052927935,51.1389441655654],[1.30155378884691,51.1389542418533],[1.30119704820179,51.1389643170495],[1.30084030734403,51.1389743911537],[1.30048356627364,51.1389844641662],[1.30012682499065,51.1389945360869],[1.30011081202395,51.138770107159],[1.30046755150916,51.138760035263],[1.30082429078178,51.1387499622752],[1.30080827443221,51.1385255333894],[1.30116501169445,51.1385154593345],[1.30114899375983,51.1382910304662],[1.30150572901171,51.1382809553442],[1.30186246405093,51.1382708791304],[1.30184644273361,51.1380464503043],[1.30220317576245,51.1380363730234],[1.30218715286021,51.1378119442147],[1.30254388387868,51.1378018658668],[1.30290061468443,51.1377917864272],[1.30288458839966,51.1375673576607],[1.30324131719503,51.137557277154],[1.30359804577763,51.1375471955556],[1.30358201611044,51.1373227668314],[1.30393874268265,51.137312684166],[1.30429546904204,51.1373026004088],[1.3046521951886,51.1372925155599],[1.30500892112231,51.1372824296192],[1.30536564684314,51.1372723425868],[1.30538168549832,51.1374967711871],[1.30573841280384,51.1374866830381],[1.30609513989643,51.1374765937974],[1.30607909764607,51.1372521652468],[1.30643582272813,51.1372420749391],[1.30641977889323,51.137017646406],[1.30640373527134,51.1367932178657],[1.30676045654535,51.136783126516],[1.30677650196476,51.1370075550315],[1.3071332248233,51.1369974625652],[1.30714927225331,51.1372218910487],[1.30750599669639,51.1372117974658],[1.30752204613704,51.1374362259171],[1.3075380957908,51.1376606543612],[1.30755414565765,51.1378850827981],[1.30791087528045,51.1378749880489],[1.30792692715805,51.1380994164537],[1.30757019573761,51.1381095112277],[1.30721346410411,51.13811960491],[1.30722951259952,51.1383440333572],[1.30687277895533,51.1383541259725],[1.30651604509813,51.138364217496],[1.30615931102794,51.1383743079277],[1.30580257674479,51.1383843972677],[1.30581861826251,51.138608825807],[1.30617535434336,51.1385987364422],[1.30653209021125,51.1385886459856],[1.30654813553741,51.1388130744681],[1.30656418107663,51.1390375029432],[1.3065802268289,51.1392619314111],[1.306936967877,51.1392518397883],[1.30729370871208,51.1392417470736],[1.30730975827297,51.1394661754846],[1.30732580804697,51.1396906038884],[1.30768255226457,51.1396805100322],[1.30803929626908,51.1396704150842],[1.30802324289949,51.1394459867301],[1.30800718974306,51.1392215583688],[1.3076504493341,51.1392316532671],[1.30763439818856,51.1390072248737],[1.30799113679977,51.1389971300003],[1.30797508406963,51.1387727016245],[1.30833182067002,51.1387626056841],[1.3086885570573,51.1387525086519],[1.30867250094491,51.1385280803186],[1.3086564450457,51.1383036519781],[1.30901317762448,51.1382935539039],[1.30902923532136,51.1385179822195],[1.30938596948466,51.1385078830287],[1.30940202919243,51.1387323113122],[1.30975876494024,51.1387222110046],[1.30977482665895,51.1389466392559],[1.31013156399126,51.1389365378317],[1.31048830111034,51.1389264353156],[1.31047223579622,51.1387020071141],[1.31082897090435,51.1386919035311],[1.31081290400586,51.1384674753473],[1.31079683732069,51.1382430471562],[1.31044010580789,51.1382531506893],[1.31042404113366,51.138028722466],[1.31040797667273,51.1378042942355],[1.31039191242509,51.1375798659978],[1.31074863854507,51.1375697625394],[1.3111053644518,51.1375596579894],[1.31146209014525,51.1375495523476],[1.31144602071823,51.1373251241774],[1.31142995150455,51.137100696],[1.31107322940617,51.1371108015919],[1.31071650709453,51.1371209060921],[1.31035978456964,51.1371310095005],[1.31034372096184,51.136906581241],[1.31032765756731,51.1366821529743],[1.30997093842421,51.1366922552412],[1.30995487704042,51.1364678269423],[1.3095981594816,51.1364779280926],[1.30958210010851,51.1362534997616],[1.30922538413398,51.1362635997952],[1.30920932677154,51.136039171432],[1.30885261238131,51.1360492703491],[1.30883655702947,51.1358248419538],[1.30847984422354,51.1358349397543],[1.30846379088227,51.1356105113268],[1.30810707966065,51.1356206080108],[1.30809102832989,51.1353961795512],[1.30807497721224,51.1351717510844],[1.3077182693723,51.135181846627],[1.30770222026509,51.1349574181281],[1.30768617137096,51.1347329896219],[1.30804287561625,51.1347228941291],[1.30802682513791,51.1344984656405],[1.30838352737287,51.134488369081],[1.30874022939476,51.1344782714298],[1.30872417553499,51.1342538429837],[1.30908087554654,51.1342437442658],[1.30943757534498,51.1342336444562],[1.30945363279925,51.1344580728524],[1.30946969046672,51.1346825012414],[1.30982639364655,51.1346724002904],[1.30984245332449,51.1348968286473],[1.30985851321566,51.1351212569969],[1.31021521977693,51.1351111549044],[1.31023128167865,51.1353355832218],[1.31058798982406,51.1353254800128],[1.31094469775625,51.1353153757121],[1.31092863225987,51.1350909474445],[1.31057192612501,51.1351010517203],[1.31055586263922,51.1348766234205],[1.31053979936669,51.1346521951135],[1.31089650190697,51.1346420908876],[1.31088043705044,51.1344176625983],[1.31052373630743,51.1344277667992],[1.31050767346142,51.1342033384778],[1.31015097430244,51.1342134415622],[1.31016703535121,51.1344378699086],[1.30981033418181,51.1344479719263],[1.30979427493029,51.134223543555],[1.30977821589197,51.1339991151764],[1.3101349134669,51.1339890132085],[1.31011885188652,51.1337645841388],[1.31047554743222,51.1337544810919],[1.31083224277023,51.1337443769578],[1.31081617747965,51.1335199476916],[1.31117287087374,51.1335098425425],[1.3115295640601,51.1334997363061],[1.31151349550492,51.1332753071732],[1.31187018674735,51.1332651999219],[1.31185411666381,51.1330407708498],[1.31221080596232,51.1330306625836],[1.31219473435048,51.1328062335724],[1.31255142170507,51.1327961242913],[1.31290810885185,51.1327860139229],[1.31289203397565,51.132561585045],[1.3132487191785,51.1325514736618],[1.3136054041735,51.1325413611913],[1.31358932603305,51.1323169324468],[1.3139460090841,51.1323068189615],[1.31430269192726,51.1322967043889],[1.31465937456251,51.1322865887291],[1.31501605680457,51.1322764718261],[1.31499997197166,51.1320520433963],[1.31535665154005,51.1320419248624],[1.3153405651903,51.1318174965008],[1.3156972428281,51.1318073769609],[1.31568115496156,51.1315829486675],[1.31603783066877,51.1315728281215],[1.31605392025901,51.1317972563344],[1.316410597483,51.1317871346214],[1.31676727450007,51.1317770118219],[1.31712395131018,51.1317668879359],[1.31748062791331,51.1317567629634],[1.31746453142829,51.1315323350726],[1.31782120610074,51.1315222090942],[1.3178051080991,51.1312977812717],[1.31816178084087,51.1312876542873],[1.31817788056617,51.1315120820292],[1.31819398049855,51.131736509759],[1.31821008063801,51.1319609374764],[1.31822618098457,51.1321853651815],[1.31824228153823,51.1324097928744],[1.31825838229898,51.132634220555],[1.31861506517598,51.1326240920008],[1.31863116786762,51.1328485195885],[1.31827448326684,51.1328586482233],[1.3182905844418,51.1330830758794],[1.31793389791014,51.1330932035082],[1.31791779845899,51.1328687757716],[1.31756111344411,51.1328789022333],[1.31720442822221,51.1328890276085],[1.31722052422572,51.1331134555062],[1.316863837073,51.1331235798753],[1.31687993155971,51.1333480078413],[1.31652324247616,51.1333581312044],[1.31653933544602,51.1335825592387],[1.31618264443165,51.1335926815958],[1.31619873588462,51.1338171096982],[1.31621482724266,51.1340415375878],[1.31585813254375,51.1340516589975],[1.31587422213112,51.1342760867836],[1.31623091856244,51.1342659653023],[1.31624701008998,51.1344903930054],[1.31626310182529,51.134714820697],[1.31661980151376,51.1347046979852],[1.31697650099449,51.134694574186],[1.31699259640249,51.134919001723],[1.3170086920183,51.1351434292486],[1.31736539475621,51.1351333042187],[1.31738149231235,51.1353577316613],[1.31739759007632,51.1355821590923],[1.31775429607146,51.1355720328319],[1.31777039577583,51.1357964601799],[1.31812710329569,51.1357863327604],[1.31814320494049,51.1360107600254],[1.31849991398506,51.1360006314468],[1.31851601757034,51.1362250586287],[1.31887272813961,51.136214928891],[1.31885662282175,51.1359905017807],[1.31921333145055,51.1359803710272],[1.31919722460808,51.1357559439771],[1.31918111797357,51.1355315169155],[1.31916501154702,51.1353070898425],[1.31914890532842,51.135082662758],[1.31950560681924,51.1350725312036],[1.31948949907613,51.1348481041793],[1.31984619862657,51.134837971609],[1.31986230810213,51.1350623985617],[1.31987841778569,51.1352868255029],[1.32023512059311,51.135276691702],[1.32025123221717,51.1355011185601],[1.31989452767725,51.1355112524327],[1.31953782292938,51.1355213852178],[1.31955393129641,51.1357458122078],[1.31957003987143,51.1359702391862],[1.31992674808438,51.1359601062578],[1.31991063777681,51.135735679351],[1.32026734404925,51.1357255454067],[1.3206240501137,51.135715410375],[1.32098075597016,51.1357052742558],[1.32096464067305,51.1354808475525],[1.32094852558401,51.1352564208377],[1.32130522776745,51.1352462837745],[1.32132134458897,51.1354707104176],[1.32167804829685,51.1354605721952],[1.32203475179666,51.1354504328853],[1.32201863151017,51.1352260063856],[1.32237533306942,51.1352158660601],[1.3223592112586,51.1349914396206],[1.32271591087729,51.1349812982793],[1.3226997875422,51.1347568719001],[1.32305648522034,51.1347467295431],[1.32304036036102,51.1345223032241],[1.32339705609861,51.1345121598515],[1.32338092971509,51.1342877335927],[1.32302423570988,51.1342978768937],[1.32300811126692,51.1340734505518],[1.32265141878592,51.1340835926936],[1.32229472609682,51.1340937337481],[1.32227860523916,51.1338693072054],[1.3226352961799,51.1338591662154],[1.32261917348994,51.1336347395758],[1.32226248427307,51.1336448804851],[1.32224636351433,51.1334204537525],[1.32223024296295,51.1331960270077],[1.32187355698642,51.1332061666691],[1.3215168708026,51.133216305244],[1.32150075390617,51.1329918783256],[1.32114406923888,51.1330020157333],[1.32078738436436,51.1330121520544],[1.32077127112281,51.1327877249625],[1.32041458776485,51.1327978601165],[1.32039847645432,51.1325734329317],[1.32004179461295,51.1325835669185],[1.3196851125644,51.1325936998189],[1.31932843030871,51.1326038316327],[1.31897174784589,51.13261396236],[1.31895564363761,51.1323895348405],[1.31859896269146,51.1323996644007],[1.31858286041406,51.1321752367884],[1.31856675834378,51.1319508091638],[1.31855065648061,51.1317263815269],[1.31853455482455,51.1315019538778],[1.3185184533756,51.1312775262164],[1.31887512570328,51.1312673970591],[1.3188590227378,51.131042969466],[1.31850235213376,51.1310530985427],[1.31848625109901,51.1308286708568],[1.31884291997944,51.1308185418606],[1.31882681742821,51.130594114243],[1.31881071508408,51.130369686613],[1.31879461294707,51.1301452589709],[1.31843794923732,51.1301553877254],[1.31808128532054,51.1301655153935],[1.31809738401046,51.1303899431968],[1.31774071816311,51.130400069859],[1.31772462119673,51.1301756419751],[1.31770852443739,51.129951214079],[1.31806518683767,51.1299410875779],[1.31804908856187,51.1297166597501],[1.31840574903163,51.1297065322431],[1.31838964923941,51.1294821044835],[1.31803299049312,51.1294922319099],[1.31801689263143,51.1292678040576],[1.31800079497678,51.1290433761929],[1.31764413947039,51.1290535023719],[1.31762804374621,51.1288290744144],[1.31761194822905,51.1286046464447],[1.31796860028863,51.1285945204268],[1.31795250325511,51.1283700925254],[1.31830915338433,51.1283599655017],[1.31832525214122,51.1285843933226],[1.31868190378679,51.128574265132],[1.31866580330654,51.1283498373916],[1.31902245302171,51.1283397081952],[1.3190063510252,51.1281152805232],[1.31936299880998,51.128105150321],[1.31971964638768,51.1280950190324],[1.31970354115164,51.1278705915093],[1.31968743612274,51.1276461639738],[1.31967133130098,51.1274217364261],[1.31931468889314,51.1274318674729],[1.31929858600175,51.1272074398324],[1.31965522668635,51.1271973088661],[1.31963912227884,51.1269728812939],[1.31999576103313,51.1269627493219],[1.31997965510955,51.126738321818],[1.31996354939312,51.1265138943017],[1.31994744388382,51.1262894667733],[1.31993133858166,51.1260650392325],[1.31957470672003,51.1260751708821],[1.31959081029906,51.1262995985035],[1.31923417650722,51.1263097291474],[1.31887754250834,51.126319858705],[1.31886144237559,51.1260954309225],[1.3188453424499,51.1258710031278],[1.31848871169025,51.125881131438],[1.31847261369472,51.1256567035504],[1.31811598445118,51.1256668306939],[1.31809988806737,51.1254424023725],[1.31845651557458,51.125432275294],[1.31844041750589,51.1252078468581],[1.31879704309793,51.1251977187874],[1.31881314287603,51.1254221471303],[1.3191697699717,51.1254120178815],[1.31952639686158,51.1254018875476],[1.3195425001833,51.1256263156026],[1.31989912859874,51.1256161841142],[1.32025575680709,51.1256060515394],[1.32061238480835,51.1255959178785],[1.32096901260247,51.1255857831312],[1.32132564017304,51.1255756472793],[1.32168226753706,51.1255655103416],[1.32203889469512,51.1255553723188],[1.32202277932642,51.1253309448268],[1.32200666416373,51.1251065173214],[1.32236328769703,51.1250963783997],[1.322347171031,51.124871950974],[1.32199054920706,51.1248820898027],[1.32163392717716,51.1248922275462],[1.32161781413584,51.1246677999209],[1.32126119360933,51.1246779364863],[1.3212773049413,51.1249023642047],[1.32092068249953,51.1249124997781],[1.3209045728769,51.1246880719666],[1.32054795193857,51.1246982063618],[1.32019133079436,51.124708339672],[1.32017522479633,51.124483911661],[1.32015911900421,51.1242594836367],[1.31980250107279,51.1242696156756],[1.31981860515561,51.124494043793],[1.31946198530904,51.1245041748399],[1.31944588293555,51.1242797466295],[1.3190892645925,51.1242898764982],[1.31910536525667,51.1245143048017],[1.31912146612668,51.1247387330917],[1.31876484415917,51.1247488620615],[1.31874874499851,51.1245244336784],[1.31839212453459,51.12453456147],[1.31837602728907,51.1243101329806],[1.31835993024933,51.1240857044777],[1.31834383341536,51.1238612759614],[1.31832773678717,51.1236368474317],[1.3179711229547,51.1236469737663],[1.31761450891652,51.1236570990158],[1.31725789467265,51.1236672231802],[1.31690128022312,51.1236773462595],[1.31654466556794,51.1236874682538],[1.31652857769178,51.1234630392458],[1.31617196454025,51.1234731600621],[1.31581535118312,51.1234832797933],[1.31545873762041,51.1234933984394],[1.31544265507764,51.1232689691392],[1.31542657274045,51.1230445398257],[1.31578318288468,51.1230344213654],[1.31576709904388,51.1228099921314],[1.31612370727335,51.122799872679],[1.31610762192897,51.1225754435245],[1.31609153679022,51.1223510143567],[1.31573493197908,51.1223611336232],[1.31537832696239,51.1223712518046],[1.31536224544752,51.1221468224375],[1.31534616413823,51.121922393057],[1.31498956233426,51.1219325099676],[1.31497348293964,51.1217080804808],[1.31461688188868,51.1217181955654],[1.31460080435768,51.1214937659314],[1.3142442047324,51.1215038797737],[1.31422812909995,51.1212794500232],[1.31421205367165,51.1210550202585],[1.31385545723095,51.1210651328121],[1.31383938370114,51.1208407029308],[1.31382331037547,51.1206162730353],[1.31380723725392,51.1203918431256],[1.31379116433651,51.1201674132016],[1.31343457446887,51.1201775242619],[1.31307798439717,51.1201876342382],[1.31306191507236,51.1199632040954],[1.31341850344982,51.1199530942214],[1.31377509162322,51.1199429832633],[1.31375901911405,51.1197185533109],[1.313742946809,51.1194941233442],[1.31372687470806,51.1192696933633],[1.31408345759481,51.119259581628],[1.31406738400384,51.1190351517351],[1.31442396499236,51.119025039018],[1.3144078899114,51.1188006092132],[1.31476446900169,51.1187904955144],[1.31474839243078,51.1185660657977],[1.31510496916518,51.1185559507427],[1.31546154512953,51.1185458341409],[1.31544546540016,51.1183214046391],[1.31580203945025,51.1183112870454],[1.31615861329483,51.1183011683668],[1.31614253035352,51.1180767390375],[1.31649910228383,51.118066619367],[1.31685567400858,51.1180564986117],[1.31683958785543,51.1178320694548],[1.3171961576659,51.1178219477076],[1.31755272727078,51.1178118248755],[1.31790929667003,51.1178017009586],[1.31789320559647,51.1175772720672],[1.31824977308141,51.1175671471584],[1.3186063403607,51.1175570211648],[1.31896290743431,51.1175468940864],[1.31897900363388,51.1177713226988],[1.31933557221045,51.1177611944425],[1.31969214058129,51.1177510651015],[1.31970824040397,51.1179754935144],[1.32006481027774,51.1179653629955],[1.32042137994573,51.1179552313917],[1.3204374833916,51.1181796596052],[1.32079405456249,51.1181695268235],[1.32081015992291,51.1183939549306],[1.32116673259668,51.118383820971],[1.32152330506461,51.1183736859266],[1.32187987732668,51.1183635497974],[1.32189598801914,51.1185879776119],[1.32225256178404,51.1185778403047],[1.32226867439118,51.1188022680127],[1.32228478720429,51.1190266957072],[1.32264136418076,51.1190165571291],[1.3226252496589,51.1187921295276],[1.32298182472067,51.1187819899576],[1.32296570869605,51.1185575624358],[1.32260913534301,51.1185677019127],[1.32259302123311,51.1183432742844],[1.32223644938285,51.1183534125833],[1.32222033718761,51.1181289848486],[1.32186376684014,51.1181391219695],[1.32150719628678,51.1181492580057],[1.32149108771485,51.1179248300714],[1.32113451866431,51.1179349649297],[1.32077794940793,51.1179450987031],[1.32076184445924,51.1177206705692],[1.32040527670571,51.1177308031648],[1.32038917367152,51.1175063749245],[1.32037307084315,51.1172819466708],[1.32072963517941,51.1172718142614],[1.32071352991804,51.117047385352],[1.32107009231246,51.1170372519301],[1.32105398548018,51.1168128230475],[1.32103787885203,51.11658839415],[1.32139443766362,51.1165782598635],[1.32137832955026,51.1163538310604],[1.32173488646842,51.1163436957999],[1.32171877686989,51.1161192670913],[1.32170266747552,51.1158948383678],[1.32205922081096,51.1158847022427],[1.32204310993148,51.1156602736137],[1.32239966137353,51.1156501365146],[1.32238354900899,51.11542570798],[1.32236743684864,51.1152012794306],[1.32272398470809,51.1151911414669],[1.32270787106273,51.1149667130119],[1.32235132489248,51.1149768508663],[1.3223352131405,51.1147524222871],[1.32269175762159,51.1147422845421],[1.32267564438464,51.1145178560574],[1.32303218697242,51.1145077173385],[1.32301607225056,51.1142832889483],[1.32337261294504,51.1142731492555],[1.3233564967383,51.1140487209598],[1.32299995773292,51.1140588605431],[1.32264341852336,51.1140689990433],[1.3226595313519,51.1142934275578],[1.32230299024909,51.1143035650841],[1.3223191015927,51.114527993693],[1.32196255859662,51.1145381302454],[1.32197866845527,51.1147625589488],[1.32162212356591,51.1147726945274],[1.32163823193954,51.1149971233252],[1.32128168515691,51.1150072579298],[1.3209251381702,51.1150173914511],[1.32094124336956,51.1152418204528],[1.32058469448958,51.1152519530002],[1.32022814540556,51.1152620844643],[1.32024424743056,51.1154865136696],[1.31988769645328,51.1154966441598],[1.31990379699309,51.1157210734596],[1.31954724412255,51.1157312029757],[1.31956334317712,51.1159556323699],[1.3192067884133,51.1159657609121],[1.31885023344552,51.1159758883709],[1.3188663293255,51.1162003179688],[1.31850977246445,51.1162104444536],[1.31849367827379,51.1159860147465],[1.31813712289814,51.1159961400388],[1.31812103060073,51.1157717102076],[1.31776447671047,51.1157818343074],[1.31774838630628,51.1155574043521],[1.31773229610599,51.1153329743819],[1.3173757453904,51.1153430971799],[1.31735965708326,51.1151186670857],[1.31700310785306,51.1151287886912],[1.31698702143902,51.1149043584729],[1.31697093522884,51.1146799282397],[1.31661438917324,51.1146900485435],[1.31659830485609,51.1144656181862],[1.31624176028588,51.1144757372976],[1.3158852155119,51.1144858553257],[1.31590129645068,51.1147102859014],[1.31554474978376,51.1147204029554],[1.31552867053417,51.1144959722706],[1.31551259148834,51.1142715415709],[1.31515604799606,51.1142816573234],[1.31513997084314,51.1140572264996],[1.31549651264627,51.1140471108564],[1.31548043400796,51.1138226801269],[1.31583697391825,51.1138125635096],[1.31582089379459,51.1135881328745],[1.31617743181204,51.1135780152831],[1.31616135020307,51.1133535847424],[1.31651788632768,51.113343466177],[1.31687442224853,51.1133333465284],[1.31685833746524,51.1131089161911],[1.31721487149324,51.1130987955685],[1.31719878522476,51.1128743653256],[1.31755531735993,51.1128642437291],[1.31791184929126,51.1128541210493],[1.31789575984863,51.11262969101],[1.31825228988712,51.1126195673563],[1.3182361989594,51.1123951374113],[1.31859272710505,51.1123850127837],[1.31894925504681,51.1123748870729],[1.31893316094511,51.1121504573316],[1.31928968699401,51.1121403306469],[1.31964621283899,51.1121302028791],[1.32000273848001,51.1121200740281],[1.32035926391706,51.112109944094],[1.32071578915012,51.1120998130767],[1.32107231417916,51.1120896809763],[1.32142883900416,51.1120795477928],[1.3217853636251,51.1120694135261],[1.32214188804196,51.1120592781763],[1.32249841225472,51.1120491417434],[1.32285493626336,51.1120390042273],[1.32321146006785,51.1120288656281],[1.32356798366817,51.1120187259458],[1.3239245070643,51.1120085851804],[1.32428103025623,51.1119984433319],[1.32426491102508,51.1117740152154],[1.3242487919982,51.111549587084],[1.32460531160818,51.1115394443711],[1.32496183101392,51.1115293005751],[1.32531835021539,51.111519155696],[1.32567486921257,51.1115090097338],[1.32569099499481,51.1117334374276],[1.32604751547651,51.1117232902729],[1.32640403575387,51.1117131420351],[1.32676055582688,51.1117029927141],[1.32711707569551,51.1116928423101],[1.32747359535973,51.111682690823],[1.32783011481954,51.1116725382528],[1.3281866340749,51.1116623845995],[1.32817049647092,51.1114379576718],[1.32815435907145,51.1112135307292],[1.32779784319368,51.1112236841636],[1.32744132711148,51.1112338365149],[1.32708481082486,51.1112439877831],[1.32672829433385,51.1112541379682],[1.32637177763847,51.1112642870702],[1.32601526073874,51.1112744350892],[1.32565874363468,51.1112845820251],[1.32530222632631,51.1112947278779],[1.32494570881366,51.1113048726476],[1.32458919109674,51.1113150163342],[1.32423267317558,51.1113251589377],[1.32387615505019,51.1113353004582],[1.32351963672061,51.1113454408955],[1.32316311818685,51.1113555802498],[1.32280659944894,51.1113657185209],[1.32245008050688,51.1113758557089],[1.32209356136072,51.1113859918139],[1.32173704201046,51.1113961268357],[1.32138052245613,51.1114062607744],[1.32102400269776,51.1114163936301],[1.32066748273535,51.1114265254026],[1.32031096256894,51.111436656092],[1.31995444219855,51.1114467856983],[1.31959792162419,51.1114569142214],[1.31924140084589,51.1114670416615],[1.31888487986367,51.1114771680184],[1.31852835867756,51.1114872932922],[1.31817183728757,51.1114974174829],[1.31781531569372,51.1115075405905],[1.31745879389604,51.1115176626149],[1.31747488063038,51.1117420928377],[1.31711835693999,51.1117522138883],[1.31676183304581,51.1117623338556],[1.31677791660618,51.111986764282],[1.31642139081931,51.1119968832755],[1.31606486482868,51.1120070011857],[1.31608094521497,51.1122314318157],[1.31572441733167,51.112241548752],[1.31536788924465,51.1122516646051],[1.31538396645677,51.1124760954385],[1.31502743647707,51.1124862103176],[1.31467090560084,51.1124963235933],[1.31468697967211,51.1127207546533],[1.31433044668612,51.1127308667889],[1.31434651926312,51.1129552979339],[1.31398998437375,51.1129654090844],[1.31400605545642,51.1131898403144],[1.31364951866366,51.1131999504797],[1.31366558825197,51.1134243817948],[1.31330904955581,51.1134344909749],[1.31332511764971,51.113658922375],[1.31334118594812,51.1138833537611],[1.31298464364959,51.113893462055],[1.31300071045353,51.1141178935261],[1.31264416625157,51.1141280008348],[1.312660231561,51.114352432391],[1.3126762970749,51.1145768639332],[1.31231974927046,51.1145869703555],[1.31233581328978,51.1148114019827],[1.31197926358187,51.1148215074199],[1.31196320126159,51.1145970756937],[1.31194713914576,51.1143726439537],[1.31159059263153,51.1143827481088],[1.31123404591293,51.1143928511797],[1.31087749898998,51.1144029531664],[1.31086144217563,51.1141785211157],[1.31050489674737,51.1141886219194],[1.3101483511148,51.1141987216388],[1.30979180527795,51.1142088202741],[1.30977575376499,51.1139843879129],[1.30941920942289,51.1139944853651],[1.30906266487656,51.1140045817332],[1.30870612012601,51.1140146770171],[1.30834957517126,51.1140247712168],[1.30833353065858,51.1138003384463],[1.30797698719867,51.113810431463],[1.30762044353461,51.1138205233955],[1.30726389966642,51.1138306142439],[1.30690735559413,51.1138407040081],[1.30655081131776,51.1138507926881],[1.30619426683733,51.1138608802839],[1.30621030115592,51.1140853136473],[1.30622633567859,51.1143097469967],[1.30624237040533,51.1145341803322],[1.30625840533616,51.1147586136538],[1.30627444047107,51.1149830469615],[1.30629047581007,51.1152074802553],[1.30593392093111,51.1152175673596],[1.30591788729124,51.1149931339671],[1.30556133390739,51.1150032198883],[1.30554530217071,51.1147787863831],[1.30518875028195,51.1147888711214],[1.30517272044842,51.1145644375035],[1.30481617005478,51.1145745210588],[1.30483219818922,51.1147989547755],[1.30447564589251,51.1148090373453],[1.30445961945718,51.1145846035299],[1.30410306865564,51.1145946849168],[1.30408704412338,51.1143702509888],[1.30373049481701,51.1143803311927],[1.30337394530675,51.1143904103125],[1.30335792437657,51.1141659761731],[1.30300137636151,51.1141760541099],[1.30264482814261,51.1141861309625],[1.30266084567463,51.1144105652993],[1.30301739559261,51.114400488348],[1.3030334150276,51.1146249225722],[1.30304943466647,51.1148493567824],[1.30306545450922,51.1150737909788],[1.30308147455588,51.1152982251613],[1.30343803106653,51.1152881467309],[1.30345405301626,51.1155125808008],[1.30381061102222,51.1155025011874],[1.30416716882426,51.1154924204899],[1.30452372642237,51.1154823387081],[1.30453975367362,51.1157067724678],[1.30489631276697,51.115696689503],[1.30491234192143,51.1159211231501],[1.30455578112886,51.1159312062137],[1.30419922013234,51.115941288193],[1.30421524609234,51.1161657220236],[1.3045718087881,51.1161556399456],[1.30458783665133,51.1163800736636],[1.30494440084239,51.1163699904026],[1.3049283712799,51.1161455567833],[1.30528493356771,51.1161354725367],[1.30530096482946,51.1163599060572],[1.30531699629525,51.1165843395639],[1.30533302796509,51.1168087730566],[1.30497646057945,51.1168188575994],[1.30461989298981,51.116828941058],[1.30463592146505,51.1170533747343],[1.30427935197211,51.1170634572073],[1.3039227822752,51.117073538596],[1.30393880731994,51.1172979722602],[1.30395483164198,51.1175224051418],[1.30397085616751,51.1177468380091],[1.30432743100328,51.1177367563604],[1.30434345742639,51.1179611891115],[1.30470003375277,51.1179511062768],[1.3047160620735,51.1181755389116],[1.30473209059779,51.1183999715322],[1.30508867010888,51.1183898874093],[1.30544524941644,51.1183798022023],[1.30542921750391,51.1181553697858],[1.3057857949138,51.1181452835968],[1.30614237212011,51.1181351963238],[1.30649894912282,51.1181251079667],[1.30651498611769,51.1183495400769],[1.30615840742086,51.1183596285361],[1.30617444292525,51.1185840607342],[1.30653102331621,51.1185739721729],[1.30688760350354,51.1185638825276],[1.30690364259987,51.1187883145072],[1.30691968189989,51.1190127464727],[1.30727626527189,51.119002655539],[1.30729230646979,51.1192270873881],[1.3076488913323,51.1192169952683],[1.30766493442812,51.119441427001],[1.30802152078113,51.1194313336949],[1.3080054759911,51.1192069020643],[1.30798943140484,51.1189824704195],[1.30834601416574,51.1189723762337],[1.30836206044619,51.1191968077763],[1.30837810693042,51.1194212393048],[1.30839415361844,51.119645670819],[1.30803756577493,51.1196557653114],[1.30805361097249,51.1198801969135],[1.30841020051024,51.1198701023191],[1.30842624760583,51.1200945338049],[1.30844229490523,51.1203189652764],[1.30879888762777,51.1203088693935],[1.30881493682527,51.1205333007487],[1.30883098622659,51.1207577320897],[1.30918758213398,51.1207476349184],[1.30920363343347,51.1209720661429],[1.30921968493682,51.1211964973533],[1.3095762840291,51.1211863988934],[1.30959233743069,51.1214108299874],[1.30994893801352,51.1214007303412],[1.3099649933134,51.1216251613187],[1.30998104881718,51.121849592282],[1.31033765258497,51.1218394913473],[1.3103537099871,51.1220639221942],[1.31036976759317,51.1222883530268],[1.31072637454597,51.1222782508034],[1.31108298129486,51.1222681474959],[1.31109904249383,51.1224925781099],[1.31111510389679,51.1227170087096],[1.31113116550374,51.1229414392952],[1.31114722731468,51.1231658698665],[1.31079061378774,51.1231759735829],[1.31080667410811,51.1234004042422],[1.31082273463246,51.1236248348873],[1.31083879536079,51.1238492655182],[1.31048217654614,51.1238593684571],[1.31049823578381,51.1240837991759],[1.31051429522546,51.1243082298805],[1.31053035487107,51.1245326605709],[1.31017373076851,51.1245427627322],[1.31018978892339,51.1247671935106],[1.30983316292221,51.1247772946899],[1.30947653671714,51.1247873947848],[1.3091199103082,51.1247974937955],[1.3087632836954,51.1248075917218],[1.30877933527529,51.1250320228948],[1.30842270676393,51.1250421198391],[1.30843875685292,51.1252665511],[1.30808212644298,51.1252766470621],[1.30806607804875,51.125052215699],[1.30805002985835,51.1248277843217],[1.30769340263414,51.1248378789952],[1.30767735634229,51.1246134475015],[1.30732073060904,51.1246235409886],[1.30696410467206,51.1246336333913],[1.30698014757444,51.1248580650893],[1.306623519739,51.1248681565099],[1.30660747853136,51.1246437247098],[1.30659143752746,51.1244192928955],[1.30657539672728,51.124194861067],[1.30655935613084,51.1239704292243],[1.30620273487054,51.1239805191521],[1.30618669617247,51.123756087193],[1.30583007640317,51.1237661759344],[1.30581403960344,51.123541743859],[1.3061706576781,51.1235316552197],[1.30615461938743,51.1233072232322],[1.30613858130045,51.1230827912305],[1.30578196661499,51.1230928796656],[1.30542535172591,51.1231029670165],[1.30506873663322,51.1231130532831],[1.30471212133695,51.1231231384655],[1.30435550583711,51.1231332225637],[1.30433947642671,51.1229087900373],[1.30469609023196,51.1228987060412],[1.30468005933058,51.1226742736027],[1.30432344721989,51.1226843574967],[1.30396683490567,51.1226944403065],[1.30361022238793,51.122704522032],[1.30362624820561,51.1229289547767],[1.30326963378981,51.1229390355201],[1.30325360966671,51.1227146026734],[1.30289699674201,51.1227246822304],[1.30288097451696,51.1225002492675],[1.30252436308338,51.1225103276383],[1.30216775144637,51.1225204049249],[1.30215173281388,51.1222959717437],[1.30179512266802,51.122306047844],[1.30143851231877,51.1223161228602],[1.30142249727878,51.1220916894607],[1.30106588842071,51.1221017632906],[1.3010498752786,51.121877329775],[1.30069326791172,51.1218874024187],[1.30067725666747,51.1216629687869],[1.30032065079177,51.1216730402445],[1.29996404471279,51.1216831106178],[1.29994803706083,51.1214586767678],[1.29959143247307,51.121468745955],[1.29957542671885,51.1212443119889],[1.29921882362232,51.12125437999],[1.2992028197658,51.1210299459077],[1.29918681611253,51.1208055118113],[1.29883021620165,51.1208155785243],[1.29847361608759,51.1208256441531],[1.29811701505976,51.1208357082277],[1.29810101664816,51.1206112737778],[1.2977444163201,51.1206213361355],[1.29738781578453,51.1206313974069],[1.29740381070947,51.1208558320115],[1.29704720822308,51.1208658922738],[1.29669060552922,51.1208759514497],[1.29667461409095,51.1206515166905],[1.29631801293298,51.1206615747027],[1.29596141156759,51.1206716316286],[1.2956048099948,51.120681687468],[1.29524820821463,51.1206917422211],[1.29526419267951,51.1209161772894],[1.29490758894863,51.1209262310333],[1.29489160622711,51.1207017958877],[1.29453500403226,51.120711848468],[1.29451902326145,51.1204874132331],[1.29416242260262,51.1204974646497],[1.29414644378247,51.1202730293257],[1.29378984465969,51.1202830795787],[1.29377386779015,51.1200586441654],[1.29375789112791,51.1198342087401],[1.29340129528445,51.1198442577523],[1.29338532057276,51.1196198222379],[1.29302872626534,51.1196298700864],[1.29301275350414,51.1194054344828],[1.29299678095019,51.1191809988672],[1.29264018992203,51.119191045475],[1.29262421931851,51.1189666097702],[1.2926082489222,51.1187421740535],[1.29259227873308,51.1185177383248],[1.29223569272729,51.1185277836147],[1.29221972448852,51.1183033477968],[1.29186314001873,51.1183133919232],[1.29184717373025,51.1180889560161],[1.29149059079646,51.118098998979],[1.29147462645823,51.1178745629828],[1.29111804506046,51.1178846047822],[1.29110208267243,51.1176601686969],[1.29074550281068,51.1176702093329],[1.29072954237281,51.1174457731585],[1.29037296404709,51.117455812631],[1.29035700541714,51.1172313762744],[1.29000042869559,51.1172414146285],[1.289984470592,51.1170169772604],[1.28962789538741,51.1170270144471],[1.28961193921102,51.1168025769851],[1.28925536552339,51.1168126130043],[1.28923941127415,51.1165881754483],[1.28888283910351,51.1165982103002],[1.28886688678137,51.1163737726502],[1.28851031612771,51.1163838063346],[1.28815374526904,51.1163938389332],[1.28816969414712,51.1166182767462],[1.28781312136143,51.1166283083404],[1.28782906872249,51.1168527462226],[1.28747249400977,51.1168627768125],[1.28748843985376,51.1170872147638],[1.28750438544746,51.1173116524245],[1.2871478070025,51.1173216820434],[1.28716374980271,51.1175461190009],[1.28680716940787,51.1175561476105],[1.28682311067182,51.1177805846331],[1.28646652832709,51.1177906122335],[1.28610994577559,51.1178006387476],[1.28575336301734,51.1178106641754],[1.2857374269827,51.1175862269217],[1.28538084576084,51.1175962511861],[1.28536491167606,51.1173718138434],[1.2850083319906,51.1173818369446],[1.28465175209846,51.1173918589594],[1.28466768269704,51.1176162964561],[1.28468361350232,51.1178407339409],[1.2843270299173,51.1178507550234],[1.28434295918613,51.1180751925733],[1.28469954451429,51.1180651714137],[1.2850561296358,51.1180551491679],[1.28507206259764,51.1182795865517],[1.28542864925562,51.1182695631425],[1.28544458416738,51.1184940004374],[1.28580117236183,51.1184839758648],[1.28581710922354,51.1187084130708],[1.28617369895446,51.1186983873348],[1.28653028847861,51.1186883605125],[1.28654622903354,51.1189127975524],[1.28690282009413,51.1189027695667],[1.28691876259912,51.1191272065176],[1.28727535519613,51.1191171773685],[1.28729129965123,51.1193416142303],[1.28764789378466,51.1193315839178],[1.28800448771123,51.1193215525189],[1.28802043585975,51.1195459892146],[1.2883770313227,51.1195359566522],[1.28839298142144,51.1197603932589],[1.28874957842077,51.1197503595331],[1.28876553046977,51.1199747960507],[1.28878148272574,51.1201992325563],[1.2887974351887,51.12042366905],[1.28915403721107,51.1204136340064],[1.28916999162438,51.120638070411],[1.2891859462447,51.1208625068036],[1.28882934073557,51.1208725420014],[1.28884529381948,51.1210969784592],[1.28848868635997,51.1211070126476],[1.28813207869352,51.1211170457496],[1.28814802849755,51.1213414823497],[1.28816397850852,51.1215659189377],[1.28852058966189,51.1215558856815],[1.28853654162331,51.1217803221805],[1.28889315431322,51.1217702877607],[1.28890910822513,51.1219947241707],[1.28926572245158,51.1219846885873],[1.28928167831403,51.1222091249082],[1.28929763438352,51.1224335612171],[1.28965425189004,51.122423524393],[1.28967020991013,51.1226479606128],[1.2900268289532,51.1226379226251],[1.29004278892394,51.1228623587558],[1.28968616813729,51.1228723968206],[1.28932954714361,51.122882433799],[1.28931359066004,51.122657997514],[1.28895697120295,51.1226680333287],[1.28860035153887,51.1226780680569],[1.28824373166784,51.1226881016987],[1.28822778062204,51.1224636651704],[1.28787116228765,51.1224736976486],[1.28785521319239,51.1222492610312],[1.28749859639465,51.1222592923458],[1.28714197939003,51.1222693225739],[1.28715792499817,51.1224937593454],[1.28680130604312,51.1225037885641],[1.28644468688122,51.1225138166963],[1.2860880675125,51.122523843742],[1.28610400809675,51.1227482807327],[1.28574738677763,51.122758306769],[1.28539076525173,51.1227683317188],[1.28540670255557,51.1229927688516],[1.28505007907928,51.1230027927919],[1.28469345539625,51.1230128156457],[1.28467752157968,51.1227883783588],[1.28432089943358,51.1227984000491],[1.2843368315065,51.123022837413],[1.28398020741006,51.1230328580937],[1.28362358310695,51.123042877688],[1.28363951189928,51.1232673151939],[1.28328288564584,51.1232773337786],[1.28292625918578,51.1232873512768],[1.2825696325191,51.1232973676884],[1.28221300564584,51.1233073830135],[1.28185637856602,51.1233173972521],[1.28149975053729,51.1233274102465],[1.28114312076439,51.1233374218271],[1.28078649078087,51.1233474323191],[1.28042986058675,51.1233574417225],[1.28007323018207,51.1233674500373],[1.28008914164858,51.1235918882243],[1.27973250924358,51.1236018955045],[1.27974841913089,51.1238263337356],[1.27976432922878,51.1240507719569],[1.27978023953724,51.1242752101682],[1.27979615005629,51.1244996483696],[1.27981206078591,51.1247240865611],[1.28016870214007,51.1247140790109],[1.28018461487018,51.1249385171385],[1.28054125780367,51.1249285084456],[1.28089790052655,51.1249184986641],[1.28091381704712,51.1251429366738],[1.2812704613493,51.1251329257496],[1.28162710535799,51.1251229137159],[1.28164302554739,51.1253473515761],[1.28199966852796,51.1253373377315],[1.28201559066786,51.1255617755028],[1.28237223518578,51.1255517604947],[1.28272887949709,51.1255417443999],[1.28308552360178,51.1255317272186],[1.28344216749983,51.1255217089506],[1.28345809400303,51.125746143979],[1.28347401962231,51.1259705780582],[1.28348994545129,51.1261950121282],[1.28384659463868,51.1261849927777],[1.28386252245472,51.1264094267934],[1.2842191732098,51.126399406308],[1.28457582375519,51.1263893847332],[1.28493247409086,51.126379362069],[1.28528912421678,51.1263693383152],[1.28564577413295,51.126359313472],[1.28562983743015,51.1261348796832],[1.28598648535918,51.1261248537959],[1.28634313307841,51.1261148268192],[1.28669978058781,51.126104798753],[1.28705642788736,51.1260947695974],[1.28741307497703,51.1260847393524],[1.28776972185681,51.1260747080178],[1.28812636852666,51.1260646755939],[1.28848301498658,51.1260546420805],[1.28883966123652,51.1260446074776],[1.28885561393525,51.1262690408577],[1.288498965908,51.126279075506],[1.28814231767077,51.1262891090648],[1.28815826702488,51.1265135425267],[1.28780161680036,51.1265235750415],[1.28781756458711,51.1267480085397],[1.2874609123753,51.1267580400105],[1.28747685859464,51.126982473545],[1.28749280502395,51.1272069070703],[1.28784946079057,51.1271968755087],[1.28786540920728,51.1274213089795],[1.287881357834,51.1276457424412],[1.28823801694556,51.1276357096992],[1.28825396755975,51.1278601431063],[1.28789730667071,51.1278701758938],[1.28754064557173,51.1278802075917],[1.28755659284094,51.1281046410806],[1.28757254032014,51.1283290745604],[1.28792920497416,51.1283190427716],[1.28828586941821,51.1283090098932],[1.2883018206625,51.128533443273],[1.28865848667412,51.1285234092596],[1.288674439906,51.1287478425848],[1.28903110748517,51.1287378074365],[1.28938777485431,51.1287277711986],[1.28940373185142,51.1289522044238],[1.28976040078808,51.1289421670509],[1.2897763597729,51.1291666002214],[1.29013303027708,51.1291565617135],[1.29048970057114,51.129146522116],[1.29050566332133,51.1293709551864],[1.29086233518288,51.1293609144538],[1.29087829992088,51.1295853474697],[1.2912349733499,51.129575305602],[1.29125094007577,51.1297997385632],[1.29160761507225,51.1297896955604],[1.29196428985853,51.1297796514681],[1.29232096443457,51.1297696062862],[1.29233693670368,51.1299940391016],[1.29198026034997,51.1300040843291],[1.2919962310517,51.130228517181],[1.29201220196372,51.1304529500238],[1.29236888187282,51.1304429047052],[1.29272556157165,51.130432858297],[1.29274153624943,51.1306572910396],[1.2930982175157,51.1306472434963],[1.29345489857165,51.1306371948633],[1.29347087701525,51.1308616275056],[1.29382755963861,51.1308515777375],[1.29381157941727,51.1306271451408],[1.29379559940633,51.1304027125349],[1.29415227826388,51.1303926617683],[1.29450895691104,51.1303826099121],[1.2945249404774,51.1306070424268],[1.29488162069186,51.1305969894354],[1.2948976062464,51.1308214218953],[1.29525428802816,51.1308113677687],[1.29561096959947,51.1308013125525],[1.2959676509603,51.1307912562466],[1.29632433211063,51.1307811988512],[1.29668101305043,51.1307711403661],[1.29703769377969,51.1307610807914],[1.29739437429838,51.130751020127],[1.29775105460647,51.1307409583731],[1.29773505483024,51.1305165262783],[1.29809173315002,51.1305064634804],[1.29810773470395,51.1307308955296],[1.29846441276339,51.1307208304871],[1.29882108890109,51.1307107633165],[1.29880508401215,51.1304863314941],[1.29916175820694,51.1304762633083],[1.29951843219478,51.1304661940353],[1.29987510597566,51.1304561236751],[1.29989111607254,51.1306805552812],[1.3002477913824,51.1306704837616],[1.30026380342233,51.1308949152842],[1.30062048026115,51.1308848426052],[1.30097715689293,51.1308747688391],[1.30133383331764,51.1308646939857],[1.30134985077268,51.1310891252803],[1.3017065287263,51.1310790492676],[1.3017225481245,51.1313034804785],[1.30207922760704,51.1312934033064],[1.30243590688243,51.131283325047],[1.30245192995988,51.1315077561021],[1.30246795324455,51.1317321871457],[1.30211127049705,51.1317422655495],[1.30212729225284,51.1319666966537],[1.30177060756211,51.1319767740424],[1.30178662778899,51.1322012052073],[1.30142994115501,51.1322112815808],[1.30107325431391,51.132221356867],[1.30071656726574,51.1322314310659],[1.30073258249137,51.1324558624357],[1.30037589349998,51.1324659356195],[1.30001920430154,51.132476007716],[1.30003521626195,51.1327004392185],[1.29967852512031,51.1327105102998],[1.29966251489607,51.1324860787251],[1.2993058252836,51.132496148647],[1.29894913546415,51.1325062174815],[1.29896514221602,51.1327306492004],[1.2989811491749,51.1329550809077],[1.2986244556761,51.1329651487991],[1.29860845045343,51.1327407170197],[1.29825175817059,51.1327507835608],[1.29789506207283,51.1327608468155],[1.29787906040051,51.1325364148028],[1.29752236587,51.1325464769222],[1.29716567112888,51.1325565379518],[1.29714967322301,51.1323321058387],[1.29679298004917,51.132342165733],[1.29643628666476,51.1323522245376],[1.29642029252527,51.1321277923241],[1.29606360070818,51.1321378499934],[1.29570690868058,51.132147906573],[1.29535021644247,51.132157962063],[1.29533422784712,51.1319335297034],[1.2949775371764,51.1319435840581],[1.29496155056941,51.1317191516438],[1.29460486146608,51.1317292048632],[1.29424817215233,51.131739256993],[1.29389148262817,51.1317493080331],[1.29387550156514,51.1315248754729],[1.29351881360844,51.1315349253777],[1.29316212544138,51.131544974193],[1.2931461481444,51.1313205415325],[1.29278946154482,51.1313305892125],[1.29243277473494,51.1313406358028],[1.29241680120392,51.1311162030421],[1.29206011596156,51.1311262484973],[1.29207608771479,51.1313506813036],[1.29171940048437,51.1313607257146],[1.29170343050895,51.1311362928628],[1.29134674484611,51.1311463361387],[1.29099005897306,51.131156378325],[1.29100602539286,51.1313808112678],[1.29064933753182,51.13139085241],[1.29063337288982,51.1311664194216],[1.29027668659642,51.1311764594286],[1.29026072394244,51.1309520263856],[1.2899040392167,51.1309620652575],[1.28954735428085,51.1309721030397],[1.2891906691349,51.1309821397323],[1.28883398377889,51.1309921753352],[1.28881802844622,51.1307677421012],[1.28880207332364,51.1305433088581],[1.2891587551241,51.1305332733461],[1.28914279843387,51.1303088401393],[1.28912684195375,51.1300844069234],[1.28877016370875,51.1300944423445],[1.28875420921643,51.129870009074],[1.28839753253909,51.1298800433601],[1.28838158003453,51.129655610035],[1.28802490492487,51.129665643186],[1.28766822960524,51.1296756752475],[1.28768417855443,51.1299001086634],[1.28732750124715,51.1299101396806],[1.28731155407564,51.1296857062193],[1.28729560711412,51.1294612727488],[1.28693893315226,51.1294713025856],[1.2865822589805,51.1294813313329],[1.28622558459886,51.1294913589905],[1.28586891000735,51.1295013855586],[1.28588484985818,51.1297258192107],[1.28552817327916,51.1297358447346],[1.28517149649031,51.1297458691689],[1.28481481949168,51.1297558925136],[1.28445814228327,51.1297659147687],[1.28410146486511,51.1297759359342],[1.28408553390273,51.1295515020553],[1.28406960315013,51.1293270681672],[1.28371292907762,51.1293370881525],[1.28335625479542,51.1293471070481],[1.28337218199266,51.1295715410268],[1.2830155057231,51.1295815588782],[1.28265882924389,51.12959157564],[1.28230215255504,51.1296015913122],[1.28194547565659,51.1296116058948],[1.28196139595272,51.1298360400456],[1.28160471698952,51.1298460535559],[1.28124803537807,51.1298560650925],[1.28089135355814,51.1298660755386],[1.28090726886652,51.1300905098362],[1.28055058507216,51.1301005192267],[1.28019390106936,51.1301105275266],[1.27983721685814,51.1301205347359],[1.27985312707711,51.1303449691301],[1.27949644089149,51.1303549752837],[1.2791397544975,51.1303649803469],[1.27878306789515,51.1303749843194],[1.27842638108446,51.1303849872014],[1.27806969406545,51.1303949889929],[1.2780855956628,51.1306194235531],[1.27772890666948,51.1306294242888],[1.27771300683816,51.1304049896938],[1.27735631940259,51.1304149893041],[1.27699963175878,51.1304249878239],[1.27664294390675,51.1304349852531],[1.27665883843996,51.1306594199526],[1.27630214861369,51.130669416326],[1.27631804158911,51.1308938510521],[1.27633393477277,51.1311182857699],[1.2766906281312,51.1311082893269],[1.27670652328923,51.1313327240018],[1.27634982816469,51.1313427204796],[1.27599313283197,51.1313527158668],[1.276009024666,51.1315771506031],[1.27565232735897,51.1315871449345],[1.27566821763508,51.1318115796974],[1.27531151835373,51.131821572973],[1.27532740707187,51.1320460077625],[1.27568410811941,51.1320360144522],[1.27569999881196,51.1322604491987],[1.27534329599822,51.1322704425438],[1.27535918513276,51.1324948773169],[1.27500248034464,51.1325048696061],[1.2746457753484,51.1325148608047],[1.27466166115863,51.1327392956391],[1.27467754717702,51.1329637304654],[1.27469343340358,51.1331881652835],[1.27505014369868,51.1331781739807],[1.27540685378564,51.1331681815872],[1.27542274375302,51.1333926163276],[1.27577945539816,51.1333826228087],[1.27613616683511,51.1333726281991],[1.27649287806386,51.1333626324989],[1.27647698279752,51.1331381978628],[1.27683369205174,51.1331282011066],[1.27684958908439,51.133352635708],[1.27686548632535,51.1335770703011],[1.27722219890396,51.1335670723847],[1.2775789112743,51.1335570733776],[1.27759481225628,51.1337815078929],[1.27761071261224,51.1340059414769],[1.27796742838185,51.1339959413976],[1.27795152618467,51.1337715077603],[1.27830823990473,51.133761506537],[1.27866495341646,51.133751504223],[1.27864904713546,51.1335270698122],[1.27900575867248,51.1335170664424],[1.27936247000111,51.1335070619819],[1.27934656039591,51.1332826276326],[1.27970326974983,51.1332726221163],[1.27968735858682,51.1330481877936],[1.27967144763229,51.1328237534628],[1.28002815324525,51.1328137469256],[1.28038485864976,51.1328037392977],[1.28074156384581,51.1327937305791],[1.28109826883337,51.13278372077],[1.2810823510224,51.1325592865705],[1.28143905403523,51.1325492757056],[1.28142313466664,51.1323248415328],[1.28177983460559,51.1323148291397],[1.28179575563975,51.1325392632265],[1.28215245585993,51.1325292491447],[1.28250915587047,51.1325192339732],[1.28252508067033,51.1327436679603],[1.28288178224923,51.1327336516538],[1.28289770903683,51.1329580855864],[1.28325441218407,51.1329480681449],[1.28327034095947,51.1331725020231],[1.28362704567505,51.1331624834465],[1.28398375018089,51.1331524637802],[1.28434045447698,51.1331424430241],[1.28469715856329,51.1331324211784],[1.2850538624398,51.1331223982429],[1.28541056610648,51.1331123742177],[1.28576726956331,51.1331023491027],[1.28612397281027,51.133092322898],[1.28610802981061,51.1328678893827],[1.28646473106966,51.1328578621337],[1.2868214321188,51.132847833795],[1.28683737867449,51.1330722672195],[1.2871940812917,51.1330622377457],[1.287178132958,51.1328378043666],[1.28716218483431,51.1326133709783],[1.28751888368557,51.1326033405056],[1.28753483358724,51.1328277738485],[1.28755078369895,51.1330522071822],[1.28790748589621,51.1330421755289],[1.28792343799598,51.133266608808],[1.28828014176126,51.1332565760196],[1.28829609584914,51.1334810092442],[1.28865280118242,51.1334709753206],[1.28866875725846,51.1336954084906],[1.28902546415974,51.1336853734318],[1.28904142222398,51.1339098065472],[1.28939813069325,51.1338997703532],[1.28941408794095,51.1341242009035],[1.28977079810041,51.1341141636997],[1.2897867570849,51.1343385939902],[1.29014346879798,51.134328555655],[1.29015942975362,51.1345529858953],[1.29051614302033,51.1345429464287],[1.29053210594716,51.1347673766189],[1.29088882076749,51.1347573360208],[1.29090478566555,51.134981766161],[1.29126150203949,51.1349717244313],[1.29124553537903,51.1347472943324],[1.29160224978176,51.134737251554],[1.29161821820461,51.1349616816114],[1.2919749341609,51.1349516377015],[1.29199090455507,51.1351760677088],[1.29200687515817,51.1354004977074],[1.29202284597021,51.1356249276972],[1.29237956700494,51.1356148825729],[1.29239553978839,51.1358393125126],[1.2924115127808,51.1360637424436],[1.2920547882211,51.1360737876506],[1.29169806345252,51.1360838317675],[1.29171403312886,51.1363082617724],[1.29173000301412,51.1365326917686],[1.2913732745116,51.136542734878],[1.29138924284322,51.1367671649069],[1.29103251236928,51.1367772069674],[1.29104847914721,51.1370016370289],[1.29069174670185,51.1370116780406],[1.29070771192605,51.1372361081346],[1.29035097750926,51.1372461480974],[1.29036694117967,51.1374705782241],[1.29001020479145,51.137480617138],[1.28965346819446,51.1374906549617],[1.28966942854837,51.1377150851622],[1.28931268997996,51.137725121937],[1.28895595120283,51.1377351576215],[1.288599212217,51.1377451922157],[1.28824247302249,51.1377552257197],[1.28822651971934,51.1375307953539],[1.28786978207888,51.1375408277263],[1.28751304422979,51.1375508590085],[1.2871563061721,51.1375608892004],[1.28679956790582,51.1375709183021],[1.28644282943099,51.1375809463135],[1.28642688514998,51.1373565157326],[1.2860701482293,51.1373665426126],[1.28605420591957,51.1371421119817],[1.28569747055305,51.1371521377301],[1.28568153021455,51.1369277070493],[1.28532479640221,51.1369377316663],[1.28496806238141,51.136947755193],[1.28461132815218,51.1369577776295],[1.2846272632027,51.137182208434],[1.28427052700239,51.1371922298215],[1.28428646049871,51.1374166606584],[1.28392972232731,51.1374266809969],[1.28394565426938,51.1376511118663],[1.28358891412688,51.1376611311556],[1.28360484451467,51.1378855620575],[1.28324810240107,51.1378955802977],[1.28326403123452,51.138120011232],[1.28290728714981,51.1381300284231],[1.28292321442888,51.1383544593898],[1.28256646837306,51.1383644755319],[1.28255054285679,51.138140044524],[1.28219379835547,51.1381500595346],[1.28217787481035,51.1379256284769],[1.28182113186354,51.137935642356],[1.28180521028952,51.1377112112484],[1.28144846821015,51.1377212237787],[1.28143254851638,51.1374967925813],[1.28107580716289,51.1375068036976],[1.28109172514291,51.1377312349736],[1.28073498187186,51.1377412450814],[1.28075089834201,51.1379656764238],[1.2803941531534,51.1379756855233],[1.28037823839703,51.1377512541024],[1.28002149471842,51.1377612620364],[1.28000558187964,51.137536830525],[1.27998966924467,51.1373123990015],[1.27963292878981,51.1373224056917],[1.27961701807237,51.1370979740776],[1.2792602791275,51.1371079796024],[1.27924437032754,51.1368835478979],[1.27888763289268,51.1368935522573],[1.27887172601015,51.1366691204622],[1.27885581933136,51.136444688655],[1.27849908512017,51.1364546917706],[1.27848318035875,51.1362302598729],[1.27812644765755,51.1362402618233],[1.27811054481345,51.1360158298351],[1.27775381362226,51.1360258306201],[1.27739708222749,51.1360358303183],[1.27738118301427,51.1358113981612],[1.27736528400468,51.135586965992],[1.27700855583353,51.1355969644465],[1.27665182745883,51.1356069618141],[1.27663593208,51.1353825294761],[1.27627920521536,51.1353925256785],[1.27626331175366,51.1351680932499],[1.27624741849552,51.1349436608093],[1.27589069485447,51.1349536557682],[1.27587480351338,51.1347292232371],[1.27551808138238,51.1347392170307],[1.27516135904793,51.1347492097375],[1.27517724696199,51.1349736424253],[1.27482052271062,51.1349836341236],[1.27483640911463,51.1352080668777],[1.27485229572212,51.1354324996197],[1.27486818253308,51.1356569323496],[1.27522491192513,51.1356469404162],[1.27524080065317,51.1358713730557],[1.27525668958471,51.1360958056831],[1.27561342220055,51.1360858125062],[1.27562931304925,51.1363102450431],[1.27598604717527,51.136300250701],[1.27600193994116,51.1365246831475],[1.2760178329106,51.136749115582],[1.27637457026049,51.1367391199961],[1.27639046514719,51.1369635523401],[1.27674720400727,51.136953555589],[1.27676310081128,51.1371779878426],[1.27711984118153,51.1371679899261],[1.2771357399029,51.1373924220892],[1.2767789978189,51.1374024200841],[1.27679489503014,51.1376268523135],[1.27643815102884,51.1376368492998],[1.27645404672992,51.1378612815955],[1.2760973008113,51.1378712775732],[1.27574055468918,51.137881272464],[1.27575644716623,51.1381057049044],[1.27539969912681,51.1381156987867],[1.27504295088392,51.1381256915819],[1.27502706183452,51.1379012589848],[1.27467031510201,51.1379112506148],[1.27468620243759,51.1381356832902],[1.27432945378784,51.1381456739116],[1.27434533961306,51.1383701066533],[1.27398858904606,51.1383800962661],[1.27400447336087,51.1386045290741],[1.27364772087661,51.1386145176782],[1.27366360368098,51.1388389505524],[1.27330684927945,51.1388489381479],[1.27329096818898,51.1386245051953],[1.27293421529801,51.1386344916254],[1.27291833612484,51.1384100585824],[1.27256158474444,51.1384200438473],[1.27220483316075,51.1384300280251],[1.27184808137378,51.138440011116],[1.27186395540527,51.1386644443939],[1.27150720170116,51.1386744264761],[1.27115044779382,51.1386844074713],[1.27079369368326,51.1386943873795],[1.2708095627763,51.13891882088],[1.27082543207259,51.1391432543685],[1.27118218961103,51.1391332743038],[1.27119806082457,51.139357707702],[1.27155481987375,51.139347726472],[1.27157069300457,51.1395721597799],[1.27121393224139,51.1395821410881],[1.27122980386152,51.1398065744622],[1.2708730411811,51.1398165547617],[1.27088891129048,51.140040988202],[1.27090478160314,51.1402654216302],[1.27092065211909,51.1404898550463],[1.27127741994169,51.140479874512],[1.27163418756106,51.1404698928907],[1.27165006170849,51.1406943261382],[1.2720068308387,51.1406843433515],[1.27202270690359,51.1409087765087],[1.27237947754463,51.1408987925567],[1.27239535552702,51.1411232256235],[1.27275212767888,51.1411132405061],[1.27276800757881,51.1413376734826],[1.27312478124149,51.1413276871998],[1.27314066305901,51.1415521200859],[1.27278388768215,51.141562106447],[1.27242711210195,51.141572091721],[1.27207033631843,51.1415820759079],[1.27205445964345,51.1413576427869],[1.27169768537082,51.1413676258084],[1.27134091089492,51.1413776077429],[1.27098413621576,51.1413875885902],[1.27062736133338,51.1413975683505],[1.27027058624779,51.1414075470236],[1.26991381095902,51.1414175246097],[1.26955703546708,51.1414275011086],[1.269200259772,51.1414374765205],[1.2692161227334,51.1416619102675],[1.26923198589798,51.1418863440025],[1.26887520657134,51.1418963184836],[1.26851842704159,51.1419062918777],[1.26853428698086,51.142130725757],[1.26817750553376,51.1421406981422],[1.26819336384614,51.1423651321063],[1.26783658047233,51.1423751034832],[1.26747979689556,51.1423850737728],[1.26749565187704,51.1426095078955],[1.26751150706152,51.1428339420062],[1.26786829406496,51.1428239715635],[1.26788415116583,51.1430484055858],[1.26790000846974,51.1432728395961],[1.26825679869696,51.1432628679129],[1.26827265791732,51.1434873018347],[1.26862944965496,51.1434773289875],[1.26864531079181,51.1437017628209],[1.26900210403986,51.1436917888097],[1.26935889708487,51.1436818137113],[1.2693747618517,51.1439062473795],[1.26973155640708,51.1438962711171],[1.26974742309051,51.1441207046967],[1.27010421915626,51.1441107272703],[1.27046101501889,51.1441007487566],[1.27047688533244,51.144325182171],[1.2704927558492,51.1445496155735],[1.27013595655959,51.1445595942406],[1.27015182556605,51.1447840277078],[1.27016769477571,51.1450084611631],[1.27052449749238,51.1449984823428],[1.2705403686188,51.1452229157095],[1.27055623994844,51.1454473490644],[1.27057211148132,51.1456717824073],[1.27092891913558,51.1456618022696],[1.27094479258532,51.145886235524],[1.27096066623831,51.1461106687664],[1.27131747711666,51.1461006873879],[1.2716742877918,51.1460907049221],[1.2720310982637,51.1460807213688],[1.27201521946979,51.1458562883564],[1.2723720280248,51.1458463037924],[1.27272883637655,51.145836318141],[1.27271295435873,51.1456118852701],[1.27306976079358,51.145601898608],[1.27342656702511,51.1455919108586],[1.27341068178349,51.1453674781292],[1.27376748609811,51.145357489369],[1.27412429020938,51.1453474995215],[1.27448109411726,51.1453375085866],[1.27449698449959,51.1455619410858],[1.27414017887813,51.1455719320974],[1.27415606775035,51.1457963646614],[1.27379926021192,51.1458063546624],[1.27344245247012,51.145816343576],[1.27345833811856,51.1460407762816],[1.2731015284598,51.1460507641845],[1.27274471859773,51.146060751],[1.27276060102228,51.146285183847],[1.27240378924325,51.1462951696519],[1.27204697726095,51.1463051543693],[1.27206285646152,51.1465295873578],[1.27170604256227,51.1465395710644],[1.27172192025248,51.1467640041177],[1.271737798146,51.1469884371591],[1.27175367624284,51.1472128701886],[1.27211049528327,51.1472028862518],[1.2721263752972,51.1474273191927],[1.27248319584812,51.1474173340918],[1.27249907777919,51.147641766944],[1.27251495991363,51.1478661997843],[1.27253084225145,51.1480906326127],[1.2721740165591,51.1481006179437],[1.27181719066347,51.1481106021872],[1.27146036456458,51.1481205853432],[1.27144448736826,51.1478961522847],[1.27180131175332,51.1478861692054],[1.2717854330465,51.1476617362117],[1.27142861037526,51.1476717192144],[1.27141273358556,51.1474472861321],[1.27105591242489,51.1474572679705],[1.27107178750078,51.1476817011295],[1.2707149644231,51.1476916819572],[1.27073083798846,51.1479161151809],[1.27108766277997,51.1479061342766],[1.27110353826244,51.1481305674117],[1.27074671175708,51.1481405483927],[1.27038988504853,51.1481505282862],[1.2700330581368,51.1481605070922],[1.26967623102191,51.1481704848108],[1.26966036239484,51.147946051369],[1.26964449397097,51.1477216179153],[1.2696286257503,51.1474971844497],[1.2692718035738,51.1475071608508],[1.26891498119419,51.1475171361645],[1.26893084598722,51.1477415697833],[1.26857402169072,51.1477515440861],[1.26821719719115,51.1477615173014],[1.26820133582576,51.1475370835293],[1.26784451283698,51.1475470555805],[1.26782865338851,51.1473226217199],[1.26747183191053,51.147332592607],[1.2674876896452,51.1475570265442],[1.26713086625042,51.1475669964204],[1.26714672247431,51.1477914304222],[1.26716257890125,51.1480158644121],[1.2668057518758,51.148025833354],[1.26678989716272,51.1478013992875],[1.26643307164819,51.1478113670653],[1.26607624593072,51.1478213337556],[1.26571942001035,51.1478312993584],[1.26573526958182,51.1480557336546],[1.26537844174469,51.1480656982464],[1.26536259388709,51.1478412638737],[1.26500576756097,51.1478512273015],[1.26498992162017,51.1476267928403],[1.26463309627903,51.147636755204],[1.26427627066777,51.147646716493],[1.26391944485316,51.1476566766948],[1.26393528566093,51.1478811113874],[1.26357845792287,51.1478910705808],[1.2632216299815,51.1479010286869],[1.26323746755238,51.1481254635253],[1.2635942972139,51.1481155053403],[1.26361013670832,51.1483399400876],[1.2639669678867,51.1483299807363],[1.26432379886174,51.1483200202977],[1.26433964199992,51.148544454875],[1.26469647449178,51.1485344932702],[1.26505330660088,51.1485245306135],[1.26503746005132,51.1483000961881],[1.26539428980522,51.1482901326072],[1.2654101380687,51.1485145669561],[1.26576696933364,51.1485046022112],[1.26578281951401,51.1487290364716],[1.26613965229,51.1487190705626],[1.26649648486307,51.1487091035661],[1.26651233867431,51.1489335376616],[1.26652819268858,51.1491579717451],[1.26688502848663,51.1491480035079],[1.26686917275839,51.1489235695009],[1.2672260066395,51.1489136002528],[1.26758284031763,51.1489036299171],[1.26756698136453,51.1486791960514],[1.26755112261452,51.1484547621737],[1.26790795266177,51.1484447909037],[1.26789209240093,51.1482203570907],[1.26824892053126,51.1482103848098],[1.26826478250599,51.1484348185461],[1.26862161214717,51.148424845101],[1.26863747603893,51.1486492787488],[1.26865334013384,51.1488737123847],[1.2686692044319,51.1490981460087],[1.26868506893311,51.1493225796207],[1.26870093363748,51.1495470132209],[1.26871679854501,51.1497714468091],[1.26835995862003,51.1497814207139],[1.26800311849197,51.1497913935311],[1.26764627816087,51.1498013652607],[1.26728943762675,51.1498113359028],[1.26730529588124,51.1500357697855],[1.2673211543388,51.1502602036563],[1.26733701299945,51.1504846375152],[1.26735287175956,51.1507090713944],[1.26736873064522,51.1509335052858],[1.26738458973449,51.1511579391654],[1.26702773868925,51.1511679091808],[1.26667088744047,51.1511778781085],[1.26668674329324,51.1514023121285],[1.26632989012089,51.1514122800447],[1.26597303674507,51.1514222468732],[1.26598888936122,51.1516466810337],[1.26563203406184,51.1516566468506],[1.26564788516141,51.1518810810753],[1.26529102793846,51.1518910458808],[1.26493417048271,51.1519010096051],[1.26495001837489,51.1521254439635],[1.26459315833781,51.152135406827],[1.26423629809604,51.1521453686032],[1.26425214274883,51.1523698031053],[1.26389528058144,51.1523797638719],[1.26353841821053,51.152389723551],[1.2635542596227,51.1526141581969],[1.26319739532618,51.1526241168663],[1.26321323521978,51.1528485515782],[1.26285636899765,51.152858509238],[1.26287220737263,51.1530829440157],[1.26251533922487,51.1530929006659],[1.26253117608119,51.1533173355095],[1.2621743060078,51.15332729115],[1.26219014134541,51.1535517260595],[1.26183326934638,51.1535616806904],[1.26184910316524,51.1537861156658],[1.26220597688651,51.153776160957],[1.26222181263112,51.1540005958425],[1.26257868787122,51.1539906399682],[1.26293556290789,51.1539806830063],[1.26295140230055,51.1542051177239]]],[[[1.31895564363761,51.1323895348405],[1.31931232437667,51.1323794041938],[1.31966900490861,51.1323692724606],[1.3200256852334,51.1323591396408],[1.32038236535103,51.1323490057346],[1.32073904526147,51.1323388707418],[1.32072293264169,51.132114443613],[1.32107961062121,51.1321043076143],[1.32106349648497,51.1318798805539],[1.32070682022915,51.131890016472],[1.32069070802386,51.1316655893187],[1.32033403328452,51.1316757240696],[1.319977358338,51.131685857734],[1.31999346709593,51.1319102850486],[1.31963679021857,51.1319204177071],[1.31928011313408,51.1319305492792],[1.31929621865179,51.1321549767426],[1.31893953963648,51.1321651073088],[1.31895564363761,51.1323895348405]]],[[[1.32098075597016,51.1357052742558],[1.32099687147534,51.1359297009476],[1.32101298718859,51.136154127628],[1.32065627786705,51.1361642638905],[1.32064016388635,51.1359398371385],[1.32028345608936,51.1359499722419],[1.32029956833749,51.1361743990656],[1.32031568079366,51.1363988258778],[1.32033179345787,51.1366232526786],[1.31997508025514,51.1366333869095],[1.31961836684443,51.1366435200529],[1.31960225764544,51.1364190931088],[1.31995896932353,51.1364089600371],[1.31994285859995,51.1361845331532],[1.31958614865444,51.1361946661533],[1.31922943850099,51.1362047980659],[1.31924554575939,51.1364292250931],[1.31926165322577,51.1366536521088],[1.31927776090011,51.1368780791131],[1.31963447625141,51.1368679469855],[1.31999119139476,51.1368578137705],[1.32034790633012,51.1368476794679],[1.32036401941042,51.1370721062458],[1.32038013269876,51.1372965330122],[1.32073685089145,51.1372863974788],[1.32109356887611,51.1372762608579],[1.32110968583789,51.1375006874695],[1.32146640534719,51.1374905496894],[1.32148252424978,51.1377149762179],[1.3218392452837,51.1377048372786],[1.32182312464841,51.1374804108218],[1.32180700422126,51.1372559843536],[1.32145028665272,51.1372661231495],[1.32143416816638,51.1370416965982],[1.32141804988815,51.1368172700353],[1.32177476399139,51.1368071313828],[1.32213147788654,51.1367969916428],[1.32211535635119,51.1365725652119],[1.32247206830563,51.1365624244561],[1.32282878005194,51.1365522826128],[1.32281265525957,51.1363278563138],[1.3227965306754,51.1361034300034],[1.32243982239423,51.1361135717033],[1.32245594524584,51.1363379980854],[1.322099235024,51.1363481387695],[1.32208311390495,51.1361237123157],[1.32206699299404,51.1358992858504],[1.32242369975079,51.1358891453097],[1.32278040629941,51.1358790036816],[1.32276428213161,51.1356545773482],[1.3224075773155,51.1356647189046],[1.32205087229128,51.1356748593736],[1.32169416705897,51.1356849987551],[1.32133746161859,51.1356951370492],[1.32098075597016,51.1357052742558]]],[[[1.30538168549832,51.1374967711871],[1.3050249579799,51.1375068582443],[1.30466823024859,51.1375169442097],[1.30431150230443,51.1375270290835],[1.30395477414744,51.1375371128654],[1.30359804577763,51.1375471955556],[1.30361407565766,51.1377716242725],[1.30363010575054,51.1379960529823],[1.30398683771563,51.1379859702425],[1.30434356946791,51.137975886411],[1.30470030100733,51.1379658014878],[1.30505703233389,51.1379557154728],[1.30541376344757,51.137945628366],[1.30539772436646,51.1377211997802],[1.30538168549832,51.1374967711871]]],[[[1.277035396677,51.1511127694256],[1.27667854941525,51.1511227688838],[1.27632170194938,51.1511327672544],[1.2759648542794,51.1511427645373],[1.2759807550569,51.1513671965626],[1.27633760444687,51.1513571992032],[1.27635350714853,51.1515816311402],[1.27636941005438,51.1518060630653],[1.2767262626803,51.1517960644655],[1.2770831151021,51.1517860647781],[1.27706720875618,51.1515616330058],[1.27705130261448,51.1513372012217],[1.277035396677,51.1511127694256]]],[[[1.26364931237077,51.1539607658197],[1.26366515520799,51.1541852003814],[1.2636809982488,51.154409634931],[1.26403787611954,51.1543996745504],[1.26402203135644,51.1541752400787],[1.26437890730135,51.1541652786884],[1.26473578304269,51.1541553162104],[1.26471993503868,51.1539308818826],[1.26436306101959,51.1539408442826],[1.26400618679695,51.153950805595],[1.26364931237077,51.1539607658197]]],[[[1.32359438411458,51.1273102232139],[1.32323774398592,51.1273203662103],[1.32325386604016,51.1275447929517],[1.32326998830175,51.1277692196809],[1.3232861107707,51.1279936463977],[1.32292946526497,51.1280037885498],[1.32294558621799,51.128228215335],[1.32258893878166,51.1282383564813],[1.32260505821869,51.128462783335],[1.32224840885176,51.1284729234756],[1.32223229113805,51.1282484965413],[1.32187564328718,51.128258635515],[1.32189175927756,51.1284830625299],[1.32153510949613,51.1284932004978],[1.32155122397044,51.1287176275811],[1.32156733865201,51.1289420546522],[1.32192399188017,51.128931916523],[1.3222806449011,51.1289217773074],[1.32263729771475,51.1289116370055],[1.32299395032112,51.1289014956171],[1.32335060272018,51.1288913531425],[1.32333447942175,51.1286669264747],[1.32369112989012,51.1286567829943],[1.32404778015113,51.1286466384276],[1.32403165361341,51.1284222119089],[1.3240155272831,51.1281977853779],[1.3239994011602,51.1279733588347],[1.32435604604391,51.1279632134237],[1.3243721738901,51.1281876398862],[1.32438830194372,51.1284120663365],[1.32474495006664,51.1284019196777],[1.32476108005103,51.128626346035],[1.32511772968986,51.1286161982092],[1.32510159798215,51.1283917719326],[1.32508546648192,51.1281673456438],[1.32506933518917,51.1279429193427],[1.32542597945066,51.1279327706726],[1.32540984664213,51.1277083444399],[1.32539371404108,51.127483918195],[1.32503707322608,51.1274940667035],[1.32502094255573,51.1272696403656],[1.32466430325652,51.1272797877071],[1.32430766374991,51.1272899339624],[1.32429153673341,51.1270655074507],[1.32393489874262,51.1270756525389],[1.32391877365672,51.1268512259343],[1.32356213718177,51.1268613698556],[1.32357826054449,51.1270857965409],[1.32359438411458,51.1273102232139]]],[[[1.28681301971442,51.1126084813436],[1.28682895994266,51.1128329196113],[1.28718550386667,51.1128228915746],[1.2872014460215,51.1130473297484],[1.2875579914623,51.1130373005445],[1.28757393554375,51.1132617386244],[1.28793048250134,51.1132517082532],[1.28794642850946,51.1134761462393],[1.28830297698381,51.1134661147008],[1.2886595252532,51.1134560820766],[1.28864357580165,51.1132316442537],[1.28900012214434,51.1132216106253],[1.28935666828202,51.1132115759112],[1.28937262117699,51.113436013571],[1.28972916883135,51.1134259776896],[1.2897451236531,51.1136504152555],[1.29010167282413,51.1136403782068],[1.29045822179007,51.1136303400723],[1.29047418026039,51.1138547774627],[1.29083073074297,51.1138447381609],[1.29084669114019,51.1140691754573],[1.29120324313939,51.1140591349881],[1.29155979493344,51.1140490934332],[1.29157575897937,51.114273530554],[1.29193231229001,51.1142634878317],[1.29228886539545,51.1142534440237],[1.29230483309018,51.1144778809688],[1.29266138771218,51.1144678359934],[1.29267735733397,51.1146922728445],[1.29303391347252,51.1146822267016],[1.29304988502142,51.1149066634588],[1.29340644267652,51.1148966161485],[1.29342241615257,51.1151210528115],[1.29377897532421,51.1151110043338],[1.29413553429054,51.1151009547702],[1.29449209305151,51.1150909041209],[1.29484865160712,51.1150808523858],[1.29486463217592,51.1153052887097],[1.29522119224799,51.1152952358071],[1.29557775211463,51.1152851818187],[1.29556176810213,51.1150607456582],[1.2959183260415,51.1150506906657],[1.2962748837754,51.1150406345875],[1.29625889652473,51.1148161985781],[1.29661545233135,51.1148061414958],[1.29697200793246,51.1147960833277],[1.29732856332806,51.114786024074],[1.29731257111753,51.1145615882974],[1.29766912458581,51.1145515280396],[1.29802567784853,51.114541466696],[1.29800968240005,51.1143170310706],[1.29836623362354,51.1143069686251],[1.29872278428692,51.1142969047831],[1.29907933474672,51.1142868398569],[1.29909533528775,51.1145112751801],[1.29945188724305,51.1145012090711],[1.29980843899472,51.1144911418778],[1.30016499054273,51.1144810736003],[1.30018099638481,51.1147055086138],[1.30053754942827,51.1146954391534],[1.30089410226802,51.1146853686088],[1.3009101117121,51.1149098034111],[1.30126666604727,51.1148997316836],[1.3016232201787,51.1148896588718],[1.30163923322485,51.1151140934629],[1.30199578885166,51.1151040194683],[1.30235234427467,51.1150939443894],[1.30233632783021,51.1148695099956],[1.30269288135025,51.1148594339311],[1.30267686341051,51.1146349996222],[1.30232031158959,51.1146450755879],[1.30196375956486,51.1146551504695],[1.30194774522719,51.1144307159493],[1.30193173109334,51.1142062814151],[1.3019157171633,51.1139818468671],[1.30155917003205,51.1139919203684],[1.30120262269705,51.1140019927855],[1.30084607515831,51.1140120641184],[1.30083006652922,51.1137876292605],[1.30047352048583,51.1137976994105],[1.30011697423874,51.1138077684764],[1.29976042778799,51.113817836458],[1.29974442445976,51.1135934012903],[1.29938787950441,51.1136034680891],[1.29903133434543,51.1136135338037],[1.29867478898286,51.1136235984341],[1.29869078721394,51.1138480338977],[1.29833423994873,51.1138580975425],[1.29797769211992,51.1138681597827],[1.29796169728826,51.1136437241201],[1.29831824341671,51.1136336619804],[1.29830224708827,51.1134092264043],[1.29794570266219,51.1134192884452],[1.29758915800803,51.1134293493798],[1.29757316530921,51.1132049136108],[1.29721662217115,51.1132149733779],[1.29686007882758,51.1132250320594],[1.2968760680831,51.1134494679921],[1.29651952281238,51.1134595256696],[1.29650353527851,51.1132350896552],[1.29614699152397,51.1132451461653],[1.29613100591724,51.1130207100569],[1.29611502051599,51.112796273936],[1.29575847999926,51.1128063291969],[1.29577446367889,51.1130307653995],[1.29541792123511,51.1130408196565],[1.29506137858593,51.1130508728277],[1.29504539834954,51.1128264364617],[1.29468885721661,51.1128364884656],[1.29433231587831,51.1128465393837],[1.29434829267144,51.1130709759131],[1.29436426966993,51.1132954124301],[1.29400772468301,51.113305462426],[1.29399174940617,51.1130810258273],[1.29397577433469,51.1128565892162],[1.29395979946854,51.1126321525927],[1.29360325944122,51.1126422012578],[1.29324671920861,51.1126522488372],[1.29289017877074,51.1126622953309],[1.29287420927472,51.1124378584501],[1.29251767035321,51.1124479037764],[1.29216113122648,51.1124579480171],[1.29214516537891,51.1122335109606],[1.29212919973656,51.1120090738918],[1.2917726638478,51.1120191168835],[1.29141612775386,51.1120291587895],[1.29105959145479,51.1120391996099],[1.29104363118231,51.1118147622838],[1.29068709639966,51.1118248019369],[1.29067113805387,51.1116003645169],[1.29031460478767,51.1116104030027],[1.29029864836851,51.1113859654887],[1.28994211661875,51.1113960028073],[1.28992616212619,51.1111715651993],[1.2899102078387,51.110947127579],[1.28955367932688,51.1109571636488],[1.28919715061004,51.110967198633],[1.28884062168821,51.1109772325315],[1.28882467277017,51.1107527946541],[1.28846814536484,51.1107628273854],[1.28811161775455,51.1107728590311],[1.28775508993934,51.1107828895911],[1.28773914639065,51.1105584514568],[1.28738262009199,51.1105684808497],[1.28702609358846,51.1105785091569],[1.28701015368757,51.1103540708472],[1.28665362870061,51.1103640979873],[1.28629710350883,51.1103741240418],[1.28594057811224,51.1103841490107],[1.2859565128488,51.1106085875649],[1.28597244779018,51.1108330261067],[1.28598838293638,51.1110574646362],[1.28600431828741,51.1112819031534],[1.28602025384327,51.1115063416582],[1.28603618960396,51.1117307801506],[1.28605212556949,51.1119552186307],[1.28606806173986,51.1121796570984],[1.28608399811508,51.1124040955538],[1.28644053900549,51.1123940698516],[1.2864564773072,51.1126185082131],[1.28681301971442,51.1126084813436]]],[[[1.26669477314762,51.1464547946383],[1.26671062664261,51.1466792287763],[1.26635380969707,51.1466891961713],[1.26599699254861,51.1466991624788],[1.26598114248109,51.1464747281877],[1.26596529261653,51.1462502938847],[1.26594944295491,51.1460258595698],[1.26559263074472,51.1460358245602],[1.26560847869264,51.1462602589517],[1.26525166456589,51.1462702229312],[1.26526751100302,51.1464946573873],[1.26528335764306,51.1467190918315],[1.26529920448602,51.1469435262637],[1.26565602375399,51.1469335620546],[1.2660128428191,51.146923596758],[1.26602869329255,51.1471480310252],[1.26638551386854,51.1471380645646],[1.26674233424162,51.1471280970165],[1.26709915441175,51.1471181283809],[1.26745597437893,51.1471081586579],[1.26744011705038,51.1468837246969],[1.26742425992488,51.1466592907239],[1.26740840300243,51.1464348567391],[1.2670515881765,51.1464448262324],[1.26669477314762,51.1464547946383]]],[[[1.26405449663502,51.1445046306284],[1.26369769489979,51.144514589725],[1.26371353286027,51.1447390245874],[1.26372937102411,51.1449634594376],[1.26374520939131,51.1451878942757],[1.26410201628604,51.1451779349423],[1.26411785657648,51.1454023696893],[1.26447466498777,51.1453924091898],[1.26483147319573,51.145382447603],[1.26484731712935,51.14560688218],[1.26520412647196,51.1455969194915],[1.26556093545768,51.1455869557416],[1.26591774424054,51.1455769909042],[1.26593359349625,51.145801425243],[1.26629040378989,51.1457914592416],[1.26664721388064,51.1457814921529],[1.26663136119763,51.1455570579673],[1.26698816937182,51.1455470898677],[1.26697231517818,51.1453226557467],[1.26695646118755,51.1450982216138],[1.26694060739992,51.144873787469],[1.26658380436653,51.1448837553389],[1.26656795249546,51.1446593211057],[1.26621115097272,51.1446692878116],[1.2658543492471,51.1446792534302],[1.26583850100607,51.1444548190319],[1.26548170079114,51.1444647834866],[1.26512490037337,51.1444747468539],[1.26510905576232,51.1442503122906],[1.26509321135414,51.1440258777155],[1.26473641386596,51.1440358398863],[1.26437961597691,51.1440458009993],[1.26402281788454,51.1440557610252],[1.26403865715809,51.1442801958329],[1.26405449663502,51.1445046306284]]],[[[1.263174118489,51.1472277240991],[1.26353094127006,51.1472177662298],[1.26388776384781,51.1472078072731],[1.26424458622225,51.1471978472293],[1.26460140839334,51.1471878860981],[1.26458556475565,51.146963451527],[1.26422874430461,51.1469734125792],[1.26421290259038,51.146748977917],[1.26385608365603,51.146758937803],[1.26384024386523,51.1465345030498],[1.26348342644758,51.1465444617696],[1.26312660882665,51.1465544194022],[1.26314244517742,51.1467788543133],[1.2627856256332,51.1467888109375],[1.26280146046727,51.1470132459154],[1.26244463899975,51.1470232015313],[1.262087817329,51.1470331560599],[1.26210364892626,51.1472575911835],[1.26174682533222,51.1472675447038],[1.26176265541267,51.1474919798941],[1.26177848569637,51.1477164150724],[1.26213531273062,51.1477064613943],[1.26249213956165,51.147696506629],[1.26284896618945,51.1476865507763],[1.26320579261398,51.1476765938365],[1.26318995544981,51.1474521589738],[1.263174118489,51.1472277240991]]],[[[1.26269062089837,51.1454422008156],[1.26233381147071,51.1454521558792],[1.26197700183985,51.1454621098555],[1.26199283201422,51.1456865450639],[1.26163602046026,51.145696498032],[1.26165184911794,51.1459209333072],[1.26166767797887,51.1461453685702],[1.26202449297274,51.1461354154444],[1.2620403237569,51.1463598506165],[1.26239714026756,51.1463498963245],[1.26275395657501,51.1463399409453],[1.26311077267921,51.1463299844789],[1.26346758858015,51.1463200269253],[1.26345175091608,51.1460955920689],[1.26343591345536,51.1458711572003],[1.26342007619799,51.1456467223196],[1.26306326545691,51.1456566796365],[1.26270645451257,51.1456666358662],[1.26269062089837,51.1454422008156]]]]}}