{"type":"Feature","properties":{"code":"E63004790","name":"Redbridge"},"geometry":{"type":"MultiPolygon","coordinates":[[[[0.137642677291039,51.6064607044321],[0.137653232565887,51.6066853339735],[0.137292484402621,51.6066918990031],[0.137303038046355,51.6069165285983],[0.136942287979109,51.6069230925853],[0.136952839991681,51.6071477222344],[0.136963392140672,51.6073723518726],[0.137324145743137,51.6073657877563],[0.13733469979619,51.6075904173189],[0.137695455029886,51.6075838520305],[0.137706010987049,51.6078084815175],[0.138066767851971,51.607801915057],[0.13807732571329,51.6080265444685],[0.138087883711101,51.6082511738691],[0.138448643974953,51.6082446061717],[0.138809404102314,51.6082380373669],[0.138798842569093,51.6080134080958],[0.139159600792242,51.6080068382485],[0.139149037627882,51.6077822090313],[0.139509793946823,51.6077756381414],[0.139520358878859,51.6080002672938],[0.139530923947481,51.6082248964353],[0.139170164093165,51.6082314674548],[0.139180727530655,51.6084560966503],[0.139191291104713,51.6086807258349],[0.139201854645328,51.6089053549243],[0.139562619824285,51.6088987837212],[0.13992338486566,51.6088922114102],[0.139933951712582,51.6091168401786],[0.139944518697145,51.6093414689366],[0.140305287171268,51.6093348954062],[0.140315856078684,51.6095595240982],[0.140676626200381,51.6095529494041],[0.140687197030697,51.6097775780299],[0.141047968799965,51.6097710021722],[0.141058541553226,51.6099956307319],[0.141419314970062,51.6099890537104],[0.141429889646315,51.6102136822041],[0.141440464460312,51.6104383106874],[0.141801241310001,51.6104317324464],[0.142162018021953,51.6104251530974],[0.142172596544329,51.6106497814588],[0.142533374903834,51.610643200946],[0.142543955349339,51.6108678292413],[0.142554535932667,51.6110924575262],[0.142915317725073,51.6110858757939],[0.143276099379667,51.6110792929535],[0.143286683671572,51.6113039211165],[0.143647466973703,51.6112973371123],[0.143658053188877,51.6115219652091],[0.143668639541949,51.6117465932955],[0.14402942627703,51.6117400080717],[0.144040014553444,51.611964636092],[0.144400802936074,51.6119580497042],[0.144411393135873,51.6121826776583],[0.144772183166047,51.6121760901067],[0.14478277528928,51.6124007179946],[0.145143566966992,51.6123941292791],[0.145504358506739,51.6123875394555],[0.145865149908497,51.6123809485239],[0.146225941172244,51.6123743564843],[0.146215341907106,51.6121497288199],[0.146576131247346,51.612143135728],[0.146936920449531,51.6121365415282],[0.147297709513636,51.6121299462203],[0.147287105030232,51.6119053187133],[0.147276500684962,51.6116806911959],[0.146915715191718,51.611687286392],[0.146905112769975,51.6114626588083],[0.146544328924055,51.6114692528405],[0.146533728425793,51.6112446251906],[0.146172946227201,51.6112512180588],[0.146162347652375,51.6110265903427],[0.145801567101117,51.611033182047],[0.145790970449678,51.6108085542646],[0.145780373936269,51.6105839264719],[0.145419596817663,51.6105905169565],[0.145409002227571,51.6103658890976],[0.145048226756287,51.6103724784183],[0.145037634089466,51.6101478504932],[0.144676860265509,51.6101544386501],[0.144666269521912,51.6099298106587],[0.144305497345287,51.6099363976519],[0.144294908524869,51.6097117695943],[0.14393413799558,51.6097183554236],[0.143923551098295,51.6094937272999],[0.143562782216348,51.6095003119655],[0.143552197242148,51.6092756837756],[0.143191430007546,51.6092822672774],[0.143180846956386,51.6090576390213],[0.142820081369136,51.6090642213594],[0.14280950024097,51.6088395930371],[0.142448736301075,51.6088461742115],[0.142438156694602,51.6086215456278],[0.142427577210925,51.6083969170265],[0.142066816682005,51.6084034969698],[0.142056239102806,51.6081788682928],[0.141695480204872,51.6081854470638],[0.141684904530105,51.607960818311],[0.141324147263161,51.6079673959099],[0.14131357349278,51.6077427670814],[0.140952817856832,51.6077493435081],[0.140942245990791,51.607524714604],[0.140931674261425,51.607300085689],[0.140570922024096,51.6073066608787],[0.140560352198999,51.607082031888],[0.140199601592654,51.6070886059056],[0.14018903367178,51.6068639768393],[0.139828284696423,51.6068705496848],[0.139817718679728,51.6066459205428],[0.139807152799626,51.6064212913899],[0.140167898239893,51.606414718674],[0.140157330728874,51.606190089575],[0.140146763354471,51.6059654604652],[0.140136196116677,51.6057408313445],[0.140125629015493,51.6055162022129],[0.139764890645133,51.6055227746697],[0.139754325447975,51.6052981454624],[0.139743760387399,51.6050735162443],[0.139383025415306,51.6050800874643],[0.13902229030669,51.605086657577],[0.139011728917447,51.6048620282185],[0.138650995439709,51.6048685971592],[0.138640435954354,51.6046439677251],[0.138279704107499,51.6046505354938],[0.138269146525986,51.6044259059841],[0.137908416310021,51.6044324725809],[0.137547685957628,51.6044390380704],[0.137558240004459,51.6046636677096],[0.137568794187727,51.604888297338],[0.13720806016422,51.6048948618498],[0.137218612716538,51.605119491532],[0.137229165405275,51.6053441212033],[0.137239718230433,51.6055687508637],[0.137600457556178,51.6055621861578],[0.137961196745508,51.6055556203446],[0.137971753242004,51.6057802498648],[0.137982309874972,51.606004879374],[0.138343052462794,51.6059983123241],[0.138353610999736,51.6062229417578],[0.137992866644413,51.6062295088725],[0.13800342355033,51.60645413836],[0.137642677291039,51.6064607044321]]],[[[0.12682021716647,51.6066571639103],[0.126809714531582,51.6064325315407],[0.127170463792895,51.6064259993658],[0.127180968158388,51.6066506316076],[0.127541719016698,51.6066440982013],[0.127902469741381,51.6066375636914],[0.127891961914687,51.6064129317052],[0.128252710775122,51.6064063962194],[0.128242201351531,51.6061817643465],[0.128602948347722,51.6061752278849],[0.128592437327278,51.6059505961252],[0.128953182459231,51.6059440586878],[0.128942669841979,51.6057194270415],[0.129303413109699,51.6057128886283],[0.129664156243686,51.6057063491116],[0.129674672321982,51.6059309805023],[0.130035417052734,51.6059244397541],[0.130045934995355,51.6061490710023],[0.130406681322868,51.6061425290226],[0.130417201129859,51.6063671601285],[0.130777949054128,51.6063606169173],[0.130788470725536,51.6065852478807],[0.131149220246557,51.606578703438],[0.131509969633727,51.6065721578917],[0.131870718604213,51.6065656109922],[0.131860191746536,51.6063409804054],[0.132220938418311,51.6063344321148],[0.132210409929181,51.6061098015818],[0.132571154697339,51.6061032522485],[0.132560624576803,51.6058786217692],[0.132550094592394,51.605653991279],[0.132910835689453,51.6056474409677],[0.13292136744135,51.6058720713933],[0.133282110169777,51.60586551991],[0.133292643825334,51.6060901502601],[0.133653388185125,51.6060835976049],[0.134014132408749,51.6060770438425],[0.134374876496181,51.6060704889727],[0.134735620447399,51.6060639329956],[0.134746161309239,51.6062885630763],[0.135106906891741,51.6062820059273],[0.135096364262381,51.6060573759113],[0.135457107941104,51.6060508177196],[0.135446563680538,51.6058261877574],[0.135436019556284,51.6056015577844],[0.13507527941253,51.6056081158467],[0.135064737192035,51.6053834857981],[0.135054195107823,51.6051588557386],[0.135414931716701,51.6051522978056],[0.135775668189306,51.6051457387654],[0.13576512270657,51.6049211088244],[0.13575457736016,51.6046964788726],[0.135393844422335,51.6047030377834],[0.135383300979601,51.6044784077561],[0.135372757673165,51.6042537777178],[0.135012028133765,51.6042603353921],[0.135001486730935,51.6040357052783],[0.134640758822609,51.6040422617808],[0.134630219323341,51.6038176315915],[0.134269493046092,51.6038241869221],[0.133908766632653,51.6038307411454],[0.133898230804173,51.603606110816],[0.133537506021842,51.6036126638675],[0.133526972096811,51.6033880334626],[0.133166248945593,51.6033945853423],[0.133155716923964,51.6031699548619],[0.132794995403862,51.6031765055698],[0.132434273747669,51.6031830551705],[0.132423745396612,51.6029584245501],[0.132063025371566,51.602964972979],[0.1320524989238,51.6027403422831],[0.131691780425907,51.602746889407],[0.131331060589308,51.6027534338827],[0.131320537732772,51.6025288029276],[0.130959819492532,51.6025353461719],[0.13094929850003,51.6023107150744],[0.130588581856151,51.6023172570874],[0.130227865078487,51.6023237979969],[0.129867148167059,51.6023303378029],[0.129877663969035,51.602554969284],[0.129516945193686,51.6025615081144],[0.129527459399233,51.6027861397088],[0.129166738759958,51.6027926775636],[0.12917725136903,51.6030173092713],[0.128816528865824,51.6030238461504],[0.128827039878377,51.6032484779713],[0.128837551024643,51.6034731097777],[0.128476824927225,51.603479645809],[0.128487334476905,51.6037042777286],[0.128126606515521,51.6037108127842],[0.128137114468572,51.6039354448171],[0.127776384643218,51.603941978897],[0.127786890999594,51.6041666110432],[0.127426159310265,51.6041731441473],[0.127436664069921,51.6043977764067],[0.127075930516612,51.6044043085351],[0.127086433679503,51.6046289409078],[0.12672569826221,51.6046354720603],[0.12673619982829,51.6048601045463],[0.126375462547008,51.604866634723],[0.126385962516232,51.6050912673222],[0.126025223370956,51.6050977965232],[0.12603572174328,51.6053224292356],[0.125674980734005,51.6053289574607],[0.125685477509384,51.6055535902863],[0.125324734636105,51.6055601175356],[0.125335229814492,51.6057847504745],[0.124974485077205,51.6057912767479],[0.124984978658557,51.6060159097999],[0.125345725126392,51.6060093833988],[0.125356220571806,51.6062340163086],[0.1249954723734,51.6062405428375],[0.125005966221738,51.6064651758604],[0.12464521615927,51.6064717014135],[0.124655708410486,51.6066963345496],[0.125016460203571,51.6066898088689],[0.125026954318903,51.6069144418628],[0.125387707709154,51.6069079149507],[0.125748460965909,51.6069013869348],[0.125758958676061,51.6071260196587],[0.126119713529952,51.6071194904114],[0.1264804682503,51.6071129600605],[0.126469967078839,51.6068883275922],[0.126459466040969,51.6066636951093],[0.12682021716647,51.6066571639103]]],[[[0.0486521688759304,51.6026513964352],[0.0486622804935045,51.6028760367896],[0.0486723922423934,51.6031006771341],[0.0490331335404828,51.6030943817235],[0.0490230200141963,51.6028697414288],[0.0493837594035954,51.60286344496],[0.0493938747072791,51.6030880852049],[0.0494039901423269,51.6033127254397],[0.0490432471981111,51.6033190220082],[0.0490533609870817,51.6035436622828],[0.0490634749073974,51.6037683025475],[0.0490735889590604,51.6039929428022],[0.0490837031420724,51.6042175830468],[0.0494444531961949,51.6042112862793],[0.0494343372356716,51.6039866460844],[0.0497950853809573,51.6039803482585],[0.0498052031189898,51.6042049884036],[0.0498153209884207,51.6044296285387],[0.0501760725573945,51.6044233295051],[0.050186192335777,51.6046479695803],[0.0501963122455864,51.6048726096456],[0.0502064322868226,51.6050972497009],[0.0502165524594874,51.6053218897462],[0.0502266727635854,51.6055465297815],[0.0502367931991175,51.6057711698068],[0.0498760309644808,51.6057774691393],[0.0495152685984768,51.6057837673635],[0.0495253856100611,51.6060084074784],[0.0491646213350188,51.6060147046443],[0.0491747367002767,51.606239344799],[0.0491848521969067,51.6064639849437],[0.0491949678249111,51.6066886250784],[0.0488341980853135,51.6066949212854],[0.0488443120669045,51.6069195614599],[0.0488544261798509,51.6071442016244],[0.0488645404241557,51.6073688417789],[0.0492253154971917,51.6073625454225],[0.0492354316507149,51.6075871855172],[0.0492455479356241,51.607811825602],[0.0496063264330604,51.6078055280377],[0.0496164446272602,51.6080301680627],[0.0496265629528727,51.6082548080776],[0.0496366814099005,51.6084794480825],[0.0496467999983465,51.6087040880775],[0.0500075854761599,51.6086977892057],[0.050368370822577,51.6086914892257],[0.0503784926761751,51.6089161296268],[0.050739279704518,51.6089098284479],[0.0507291560375756,51.6086851881374],[0.0510899411211318,51.6086788859408],[0.0514507260732236,51.6086725826359],[0.0514405985949524,51.6084479428901],[0.0514304712482131,51.6082233031343],[0.0517912525129227,51.6082169988208],[0.052152033646126,51.608210693399],[0.0521621645487332,51.6084353330551],[0.0521722955829192,51.6086599727013],[0.0521824264998436,51.608884612649],[0.0521925566402418,51.6091092537243],[0.0525533447935484,51.6091029469537],[0.0525634768500015,51.6093275879688],[0.0525736090384086,51.6095522289739],[0.0529344006280871,51.6095459209947],[0.0529445347326209,51.6097705619396],[0.0529546689691361,51.6099952028744],[0.0533154639952458,51.6099888936864],[0.0533256001479582,51.6102135345611],[0.0533357364326816,51.6104381754257],[0.0536965348952824,51.610431865029],[0.053706673096275,51.6106565058334],[0.0540674732111494,51.6106501942781],[0.0540776133284572,51.6108748350223],[0.0540877535778273,51.6110994757564],[0.0544485571292692,51.6110931629923],[0.0548093605486762,51.6110868491198],[0.0547992167307096,51.6108622084861],[0.0551600182337623,51.6108558935554],[0.0551498727636328,51.610631252962],[0.0555106723503366,51.6106249369732],[0.0558714718049417,51.6106186198761],[0.0558613228984503,51.6103939793731],[0.0562221204366893,51.6103876612179],[0.0562119698781529,51.6101630207552],[0.056572765500032,51.610156701542],[0.0565626132894965,51.6099320611195],[0.0569234069950191,51.6099257408482],[0.0572842005683551,51.6099194194686],[0.0572740449217011,51.6096947791366],[0.0572638894073067,51.6094701387947],[0.0576246792801299,51.6094638164074],[0.0576145221138738,51.6092391761057],[0.0579753100703548,51.6092328526604],[0.0583360978945878,51.6092265281067],[0.0583259372924272,51.6090018878957],[0.0586867232003016,51.6089955622841],[0.0586765606409428,51.6087709225344],[0.0590373446048861,51.6087645959055],[0.0593981284368549,51.6087582681683],[0.0593879617119779,51.6085336295312],[0.0597487436340182,51.6085273007358],[0.0601095254240406,51.6085209708321],[0.0604703070820222,51.6085146398201],[0.0604601351554684,51.6082900013232],[0.0604499633610223,51.6080653628162],[0.060810741331159,51.6080590307961],[0.0608005678909636,51.6078343923293],[0.0611613439511659,51.607828059251],[0.0611511688652656,51.6076034208242],[0.0615119430155362,51.6075970866877],[0.0615017662839792,51.607372448301],[0.0618625385243221,51.6073661131064],[0.0622233106325211,51.6073597768036],[0.0622131304775755,51.6071351385071],[0.0622029504548418,51.6069105002005],[0.0625637188753447,51.6069041628897],[0.0629244871636621,51.6068978244707],[0.0632852553197705,51.6068914849435],[0.0636460233436465,51.6068851443081],[0.0636562104773768,51.6071097824141],[0.064016980146741,51.6071034406204],[0.0640067912352677,51.6068788025645],[0.0639966024561196,51.6066541644986],[0.0643573684377444,51.6066478216969],[0.0643471780132244,51.6064231836711],[0.0639864138092941,51.6064295264226],[0.0636256494730916,51.606435868066],[0.0636358363422194,51.606660506192],[0.0632750700960653,51.6066668467773],[0.062914303717682,51.6066731862544],[0.0625535372070921,51.6066795246233],[0.0625433556710701,51.6064548863468],[0.0621825908060018,51.6064612235574],[0.0621724111798913,51.6062365852208],[0.0618116479603507,51.6062429212731],[0.0618014702441059,51.6060182828764],[0.0617912926600391,51.6057936444697],[0.0617811152081481,51.6055690060529],[0.0617709378884295,51.6053443676262],[0.0621316939974588,51.6053380317743],[0.0621215150323402,51.6051133933876],[0.0621113361994152,51.604888754991],[0.061750583645505,51.6048950907426],[0.0613898309594744,51.6049014253862],[0.0610290781413477,51.6049077589216],[0.0610189047731914,51.6046831203647],[0.0606581536005227,51.6046894527419],[0.0606479821419929,51.6044648141249],[0.0602872326147863,51.6044711453439],[0.0602770630658377,51.6042465066668],[0.0602668936489559,51.6040218679796],[0.0599061475446825,51.6040281979905],[0.0598959800373099,51.6038035592433],[0.0595352355784862,51.603809888096],[0.0591744909876931,51.6038162158406],[0.0588137462649532,51.6038225424771],[0.0588239084399812,51.6040471813744],[0.0588340707469825,51.6042718202617],[0.0584733223373886,51.6042781458902],[0.0584834829988671,51.6045027848175],[0.0584936437922995,51.6047274237348],[0.0581328916957758,51.6047337483551],[0.0577721394673658,51.6047400718674],[0.0574113871070902,51.6047463942715],[0.0574012316462365,51.6045217552042],[0.0573910763172683,51.6042971161269],[0.0573809211201837,51.6040724770396],[0.0573707660549803,51.6038478379422],[0.0570100206728495,51.6038541590383],[0.0569998675169634,51.603629519881],[0.0566391237804647,51.603635839819],[0.0566289725338506,51.6034112006017],[0.0566188214190647,51.6031865613744],[0.0562580811055997,51.6031928801044],[0.0558973406603783,51.6031991977263],[0.0555366000834232,51.6032055142401],[0.0555264544325933,51.6029808748529],[0.0555163089135178,51.6027562354558],[0.0555061635261947,51.6025315960486],[0.055496018270622,51.6023069566314],[0.0554858731467969,51.6020823172042],[0.0554757281547179,51.601857677767],[0.0551149981099938,51.6018639928732],[0.055104855026901,51.601639353376],[0.0550947120755268,51.6014147138689],[0.0554554385657884,51.6014083988626],[0.0558161649243581,51.6014020827483],[0.0561768911512126,51.601395765526],[0.0561667429999708,51.6011711261587],[0.0561565949805116,51.6009464867813],[0.0561464470928325,51.600721847394],[0.0557857261974856,51.6007281644665],[0.0557755802184666,51.6005035250191],[0.0557654342466038,51.6002788855252],[0.0554047167786465,51.6002852013912],[0.0553945727170818,51.6000605618377],[0.0553844287873209,51.5998359222743],[0.0550237147445238,51.5998422369331],[0.0546630005699948,51.599848550484],[0.0543022862637565,51.5998548629269],[0.0543124248581634,51.6000795026391],[0.0539517086417831,51.6000858140236],[0.053590992293738,51.6000921243001],[0.05323027581405,51.6000984334687],[0.0532404092047494,51.6003230733195],[0.0528796908149567,51.6003293814296],[0.0525189722935662,51.6003356884317],[0.0521582536405996,51.6003419943259],[0.0521481255853633,51.6001173543265],[0.0517874085793366,51.6001236590632],[0.0517772824341658,51.5998990190043],[0.0514165670750838,51.5999053225835],[0.0514266914417832,51.6001299626919],[0.051436815940033,51.6003546027902],[0.0510760968924784,51.6003609053604],[0.0507153777134407,51.6003672068226],[0.0507254987449138,51.6005918469975],[0.0503647776535151,51.6005981474005],[0.0500040564307571,51.6006044466954],[0.0496433350766599,51.6006107448824],[0.0496534508439977,51.6008353851775],[0.0492927275814225,51.6008416823063],[0.0489320041875532,51.6008479783271],[0.0485712806624131,51.6008542732399],[0.048581391229547,51.6010789136743],[0.048220665798527,51.6010852074966],[0.0482307747200192,51.6013098479736],[0.0485915019279782,51.6013035540987],[0.0486016127577087,51.6015281945131],[0.0482408837727357,51.6015344884405],[0.0482509929566787,51.6017591288972],[0.0482611022718504,51.6019837693439],[0.0482712117182526,51.6022084097804],[0.0486319460347195,51.6022021156963],[0.0486218348110763,51.6019774753119],[0.0489825672224039,51.6019711801503],[0.0489926802233528,51.6021958204849],[0.0490027933556321,51.6024204608095],[0.0486420573896695,51.6024267560708],[0.0486521688759304,51.6026513964352]]],[[[0.0636256494730916,51.606435868066],[0.0636154627362607,51.6062112299299],[0.0636052761317263,51.6059865917837],[0.0639660369126038,51.6059802502407],[0.0639558486627338,51.6057556121347],[0.0639456605451769,51.6055309740187],[0.0639354725599325,51.6053063358927],[0.0642962278757325,51.605299993392],[0.0642860382452407,51.6050753553061],[0.0642758487470775,51.6048507172102],[0.063915096986368,51.6048570596107],[0.063554345093401,51.604863400903],[0.0635645310364935,51.6050880390992],[0.0635747171118706,51.6053126772853],[0.0632139615315687,51.6053190175698],[0.0632241459616463,51.6055436557961],[0.0632343305239906,51.6057682940124],[0.0632445152186017,51.6059929322186],[0.0628837541732553,51.6059992715453],[0.0628939372224802,51.6062239097917],[0.062904120403956,51.606448548028],[0.0632648850046368,51.6064422086011],[0.0636256494730916,51.606435868066]]],[[[0.063554345093401,51.604863400903],[0.0635441592825902,51.6046387626967],[0.063904909398044,51.6046324214546],[0.0642656593812431,51.6046260791043],[0.0646264092321632,51.6046197356459],[0.0646162182211684,51.6043950975802],[0.0649769661623039,51.6043887530638],[0.0653377137638665,51.6043824072518],[0.0653275193285136,51.6041577692739],[0.0653173250262725,51.6039331312867],[0.0656780688516258,51.6039267843841],[0.0656882649440427,51.6041514223338],[0.0656984611695937,51.6043760602741],[0.0660592084422309,51.6043697121876],[0.0664199555817547,51.6043633629923],[0.0664301555208792,51.6045880008482],[0.0664403555931889,51.6048126386948],[0.066450555798687,51.6050372765322],[0.0668113081757878,51.6050309261153],[0.0668215103047595,51.6052555639058],[0.0671822643389774,51.6052492123425],[0.0675430182400016,51.6052428596704],[0.0675532240827973,51.6054674973764],[0.0675634300588566,51.6056921350731],[0.0675736361681823,51.6059167727604],[0.0672128768961795,51.6059231255453],[0.0672230813484012,51.6061477632609],[0.0675838424107763,51.6061414104385],[0.0679446033399276,51.6061350565072],[0.0679343953069637,51.6059104188667],[0.0682951543124989,51.6059040638641],[0.0686559131847666,51.6058977077526],[0.0686457017044075,51.6056730701781],[0.0690064586530426,51.6056667129954],[0.0693672154683665,51.6056603547038],[0.0693570005407113,51.6054357171952],[0.0697177554323865,51.6054293578324],[0.0700785101907044,51.6054229973607],[0.0700682918158532,51.6051983599181],[0.0704290446505067,51.6051919983752],[0.0707897973517601,51.6051856357236],[0.0711505499195893,51.605179271963],[0.0711403263073838,51.6049546346241],[0.0715010769515109,51.6049482697924],[0.0718618274621702,51.6049419038519],[0.0722225778393376,51.6049355368026],[0.0722123489899366,51.6047108995674],[0.0725730974433653,51.604704531447],[0.0729338457632576,51.6046981622177],[0.0729440781931059,51.6049227993774],[0.0733048281696588,51.6049164290016],[0.0736655780126293,51.604910057517],[0.073675814156568,51.6051346945919],[0.0740365656561688,51.6051283219607],[0.0743973170221364,51.6051219482207],[0.074407556880251,51.6053465852108],[0.0747683099028196,51.6053402103242],[0.0747785516849181,51.6055648472673],[0.0751393063640837,51.605558471234],[0.0755000609095412,51.6055520940919],[0.075510306405969,51.6057767309501],[0.0758710626079926,51.6057703526614],[0.0758813100285173,51.6059949894725],[0.0762420678871033,51.6059886100371],[0.0762523172317722,51.6062132468011],[0.0766130767469138,51.606206866219],[0.0766233280157723,51.6064315029359],[0.076984089187467,51.6064251212071],[0.0773448502253285,51.6064187383695],[0.0773551052088041,51.6066433750014],[0.077715867903187,51.606636991017],[0.0780766304636896,51.6066306059238],[0.078086889161866,51.6068552424707],[0.078447653378861,51.6068488562307],[0.0784579140014078,51.6070734927304],[0.0788186798748896,51.6070671053437],[0.0791794456144154,51.607060716848],[0.0795402112199629,51.6070543272435],[0.0799009766915082,51.60704793653],[0.0802617420290293,51.6070415447077],[0.0806225072325012,51.6070351517764],[0.0809832723019016,51.6070287577363],[0.0809729991464844,51.6068041215018],[0.0813337622913895,51.6067977263907],[0.0816945253021793,51.6067913301707],[0.0820552871363548,51.6067849325642],[0.0820450087120449,51.6065602963756],[0.0824057684462591,51.6065538975919],[0.0827665280421383,51.6065474976949],[0.0831272874996552,51.6065410966847],[0.0834880468187875,51.6065346945613],[0.0838488059995109,51.6065282913247],[0.0842095650417995,51.6065218869749],[0.0841992755772786,51.6062972505533],[0.0845600326180228,51.6062908450523],[0.0849207895202881,51.6062844384381],[0.084910496468142,51.6060598019357],[0.0852712513688452,51.6060533941703],[0.0852609565922081,51.605828757625],[0.0856217094913539,51.6058223487085],[0.0856114129902736,51.6055977121203],[0.0859721638878664,51.6055913020527],[0.0859618656623904,51.6053666654215],[0.0859515675755202,51.6051420287854],[0.0863123146086105,51.6051356175288],[0.0863020147974145,51.6049109808498],[0.0866627598289861,51.6049045684421],[0.086652458293511,51.6046799317202],[0.0870132013235693,51.6046735181615],[0.0870028980638636,51.6044488813967],[0.0873636390924128,51.604442466687],[0.0877243799823061,51.6044360508641],[0.0877346869677618,51.6046606877047],[0.088095429581847,51.6046542708065],[0.0884561720572264,51.6046478527952],[0.0884664829071886,51.6048724897065],[0.0888272271067284,51.6048660706199],[0.0888375399583727,51.605090707564],[0.0888478529488129,51.6053153445032],[0.0892086007354429,51.6053089243791],[0.0895693483832861,51.6053025031418],[0.0895796652384404,51.6055271401517],[0.0899404146104291,51.605520717839],[0.0903011638435792,51.6055142944132],[0.0903114845635358,51.6057389314937],[0.0906722355207988,51.6057325069925],[0.0910329863391733,51.6057260813781],[0.0910433109240203,51.6059507185293],[0.0914040634664755,51.6059442918395],[0.0917648158699922,51.6059378640365],[0.091775144319817,51.6061625012582],[0.0921358984473821,51.6061560723797],[0.0924966524359569,51.6061496423881],[0.0925069847508495,51.6063742796803],[0.092517317204789,51.6065989169676],[0.092156559490125,51.6066053468838],[0.0921668902200349,51.6068299841283],[0.0921772210889738,51.6070546213679],[0.0918164595091239,51.6070610500952],[0.0918267886539637,51.6072856872921],[0.0918371179378138,51.6075103244839],[0.0918474473606751,51.6077349616708],[0.0918577769225529,51.6079595988527],[0.0918681066234474,51.6081842360297],[0.0918784364633609,51.6084088732016],[0.092239209222355,51.6084024447009],[0.0922495410645655,51.6086270819056],[0.0926103155478178,51.6086206523294],[0.0926206492521443,51.6088452895039],[0.092630979341947,51.6090699249854],[0.0929917574467372,51.609063494335],[0.0930020894575308,51.6092881297585],[0.0933628692140176,51.6092816979515],[0.093352535416896,51.6090570625761],[0.0933422016683135,51.6088324271499],[0.0937029775976594,51.6088259942714],[0.0937133132523992,51.6090506297088],[0.0940740909532255,51.6090441957332],[0.0940637533878886,51.6088195602796],[0.0940534120901761,51.6085949228911],[0.0940430709316305,51.6083702854976],[0.094032729912251,51.6081456480991],[0.0940223890320339,51.6079210106957],[0.0936616206948048,51.6079274448384],[0.093651281816939,51.6077028074677],[0.0936409430782071,51.6074781700921],[0.0932801783282347,51.607484603197],[0.0929194134391846,51.6074910351887],[0.0929090785658772,51.6072663978835],[0.0928987438316514,51.6070417605734],[0.0928884092365047,51.6068171232583],[0.0932491685361834,51.6068106911534],[0.0936099276967925,51.6068042579353],[0.0935995895145729,51.6065796205398],[0.0935892514714752,51.6063549831393],[0.0935789135674978,51.6061303457338],[0.0935685758026387,51.6059057083234],[0.093929327372011,51.6058992738411],[0.0939189878832896,51.605674636388],[0.0939086485337054,51.6054499989298],[0.0938983093232554,51.6052253614668],[0.0935375633427391,51.6052317960622],[0.0931768172231453,51.6052382295444],[0.0928160709644978,51.6052446619134],[0.0928057374818994,51.6050200245586],[0.0927954041383582,51.6047953871987],[0.0927850709338726,51.6045707498339],[0.0931458116038644,51.6045643173516],[0.0935065521348097,51.6045578837562],[0.0934962153437041,51.6043332463109],[0.0931354766755935,51.6043396799441],[0.09277473786844,51.6043461124641],[0.0927644049420572,51.6041214750893],[0.0931251418863982,51.6041150425316],[0.0934858786916972,51.6041086088607],[0.0934755421787862,51.6038839714055],[0.0938362769822349,51.6038775365838],[0.0938466153579311,51.6041021740767],[0.0938569538727471,51.6043268115647],[0.0938672925266849,51.6045514490476],[0.0938776313197478,51.6047760865257],[0.0938879702519368,51.6050007239987],[0.0942487142304494,51.6049942882524],[0.0942590551646702,51.6052189257582],[0.0942693962380462,51.605443563259],[0.0942797374505804,51.6056682007548],[0.0942900788022748,51.6058928382457],[0.0943004202931307,51.6061174757316],[0.0943107619231538,51.6063421132125],[0.0946715169402967,51.6063356765792],[0.0946818605725292,51.6065603140929],[0.094692204343955,51.6067849516015],[0.0947025482545769,51.6070095891053],[0.0947128923043973,51.607234226604],[0.0947232364934189,51.6074588640978],[0.094733580821644,51.6076835015865],[0.0947439252890739,51.6079081390704],[0.0951046932088382,51.6079017015878],[0.095115039678684,51.6081263391043],[0.0951253862877638,51.6083509766159],[0.0951357330360818,51.6085756141225],[0.0951460799236381,51.6088002516242],[0.0951564232474064,51.6090248871559],[0.0951667659761382,51.6092495222906],[0.0955275449243366,51.6092430838332],[0.0955378895742307,51.6094677189099],[0.0955482343589732,51.6096923539766],[0.0951874518380753,51.6096987925303],[0.0951977949712839,51.6099234276354],[0.0952081382393233,51.6101480627305],[0.0952184816421939,51.6103726978157],[0.0948576936272891,51.6103791354055],[0.0948680353785393,51.6106037705289],[0.094507245442415,51.6106102070584],[0.0945175855419972,51.6108348422201],[0.094527925776372,51.6110594773719],[0.0941671321325178,51.6110659128892],[0.0941774707151577,51.6112905480793],[0.0941878094325737,51.6115151832594],[0.0938270120809091,51.6115216177645],[0.0938373491465224,51.6117462529829],[0.0938476863468927,51.6119708881914],[0.0934868852873396,51.6119773216842],[0.093497220835841,51.6122019569309],[0.0935075565190798,51.6124265921677],[0.0931467517515601,51.6124330246483],[0.0931570857828637,51.6126576599233],[0.0931674199488862,51.6128822951884],[0.0928066114733212,51.6128887266566],[0.0928169439873403,51.61311336196],[0.0924561335904011,51.6131197923678],[0.0924664644523722,51.6133444277093],[0.0921056521340542,51.6133508570566],[0.0921159813439301,51.6135754924363],[0.0921263106884645,51.6138001278062],[0.0924871265803559,51.6137936983627],[0.0924974578463727,51.6140183336745],[0.0928582753904496,51.6140119030744],[0.0932190927998664,51.6140054713656],[0.0935799100746016,51.6139990385483],[0.0935695734481341,51.6137744033807],[0.0939303888013515,51.6137679695029],[0.0939407272146308,51.6139926046223],[0.0943015442199317,51.6139861695878],[0.0942912040198426,51.6137615345165],[0.0942808639545535,51.6135368994353],[0.0946416772515111,51.6135304633885],[0.0946520191035841,51.6137550984215],[0.0946623610904803,51.6139797334446],[0.0946727032122022,51.6142043684578],[0.0946830454687529,51.6144290034612],[0.0950438657782059,51.6144225661131],[0.0954046859528574,51.6144161276565],[0.0954150319179839,51.6146407625536],[0.0957758537446793,51.6146343229402],[0.0957862016315772,51.6148589577792],[0.0961470251103112,51.614852517009],[0.0965078484541683,51.6148460751302],[0.0965182000497967,51.6150707098629],[0.0968790250456636,51.6150642668273],[0.0972398499066039,51.615057822683],[0.0972502052110467,51.6152824573094],[0.0972605606504905,51.6155070919259],[0.0976213889503609,51.6155006465766],[0.0979822171152552,51.6154942001186],[0.0983430451451495,51.615487752552],[0.0983326843448601,51.6152631180801],[0.0986935107324313,51.6152566709569],[0.0986831482406672,51.6150320364688],[0.0986727858861231,51.614807401971],[0.0990336085419608,51.6148009541131],[0.099023244500759,51.61457631965],[0.0990128805967971,51.6143516851772],[0.0993736994677188,51.6143452362992],[0.0993633338771668,51.6141206018611],[0.0993529684238737,51.6138959674133],[0.0997137835099588,51.6138895175152],[0.099703416370144,51.613664883102],[0.0996930493676061,51.6134402486792],[0.100053860668934,51.613433797761],[0.100043491979942,51.6132091633729],[0.100033123428247,51.6129845289751],[0.100393930944899,51.6129780770369],[0.100754738324282,51.6129716239899],[0.101115545566374,51.6129651698342],[0.10147635267115,51.6129587145697],[0.101486728517641,51.6131833487899],[0.101847537308771,51.6131768923723],[0.102208345962536,51.6131704348458],[0.102569154478912,51.6131639762106],[0.102579535933934,51.6133886102879],[0.102940346136606,51.6133821504995],[0.10330115620184,51.6133756896023],[0.103311541441787,51.6136003235811],[0.103672353193287,51.6135938615306],[0.104033164807298,51.6135873983714],[0.104043553832257,51.6138120322516],[0.104404367132503,51.6138055679391],[0.104765180295209,51.6137991025179],[0.104775573105268,51.6140237362993],[0.105136387954179,51.6140172697248],[0.105146782725636,51.6142419034521],[0.10515717763473,51.6144665371697],[0.10551799599365,51.6144600693974],[0.105507599260746,51.6142354357243],[0.105868415658241,51.6142289668876],[0.105858017239212,51.6140043332493],[0.105847618957865,51.6137796996014],[0.105486806207915,51.613786168349],[0.105476409887983,51.6135615346468],[0.105115598824163,51.6135680022411],[0.10475478762276,51.6135744687267],[0.104744395087915,51.6133498349258],[0.104734002690674,51.6131252011153],[0.104373194999129,51.6131316664031],[0.104012387170053,51.6131381305821],[0.104022775919897,51.6133627644816],[0.103661966129611,51.6133692275964],[0.103651579203469,51.6131445936524],[0.103641192414858,51.6129199596987],[0.103630805763774,51.6126953257354],[0.103991610083025,51.6126888627541],[0.104352414264772,51.612682398664],[0.104713218308993,51.6126759334651],[0.104723610431034,51.612900567295],[0.105084416161353,51.612894100943],[0.105445221754096,51.6128876334821],[0.105455617661076,51.6131122672134],[0.105816424939885,51.6131057985993],[0.106177232081069,51.6130993288765],[0.106538039084603,51.6130928580449],[0.106548440600295,51.6133174916329],[0.106909249289839,51.613311019648],[0.106898845950464,51.6130863861045],[0.106888442748831,51.6128617525513],[0.107249247653337,51.6128552795468],[0.107610052420125,51.6128488054334],[0.107620459269071,51.6130734388975],[0.107630866255804,51.6132980723519],[0.107641273380329,51.6135227057965],[0.108002083480403,51.6135162304408],[0.108012492566446,51.6137408638312],[0.108373304352466,51.6137343873221],[0.10873411600069,51.6137279097042],[0.108744528872036,51.6139525429958],[0.109105342206175,51.6139460642245],[0.109466155402465,51.6139395843445],[0.109826968460883,51.6139331033557],[0.10983738694138,51.6141577365037],[0.110198201685657,51.6141512543615],[0.110208622127874,51.6143758874553],[0.110569438558006,51.6143694041596],[0.11057986096199,51.6145940371991],[0.110940679077971,51.61458755275],[0.111301497055979,51.6145810671921],[0.111311923245596,51.6148057001325],[0.111672742909422,51.6147992134212],[0.111683171060923,51.6150238463073],[0.112043992410562,51.6150173584425],[0.112404813622149,51.6150108694688],[0.112415245559439,51.6152355022559],[0.11277606845681,51.6152290121287],[0.112786502356096,51.6154536448614],[0.113147326939244,51.6154471535807],[0.113157762800576,51.615671786259],[0.113518589069496,51.6156652938248],[0.113879415200264,51.6156588002817],[0.113889854847606,51.6158834328609],[0.114250682664116,51.6158769381643],[0.114611510342423,51.6158704423588],[0.114621953775863,51.6160950748388],[0.114982783139881,51.6160885778797],[0.114993228535549,51.6163132103053],[0.115354059199642,51.6163067125418],[0.115364506522552,51.6165313449143],[0.115725338768685,51.6165248460575],[0.115735788027352,51.6167494783622],[0.116096621935528,51.6167429783399],[0.116457455706831,51.6167364772093],[0.116467908700212,51.6169611093888],[0.116478361630683,51.6171857416019],[0.116839198947331,51.6171792392297],[0.116828744133527,51.6169546070927],[0.116818289341238,51.6167299749707],[0.117179122838725,51.6167234716238],[0.117168666384511,51.6164988395489],[0.117529497946175,51.6164923351513],[0.117519039830082,51.6162677031233],[0.117879869455926,51.6162611976751],[0.117869409678003,51.6160365656942],[0.118230237368032,51.6160300591953],[0.118219775928324,51.6158054272614],[0.118580601682544,51.6157989197118],[0.118570138581097,51.6155742878249],[0.118930962399511,51.6155677792248],[0.118920497636372,51.6153431473849],[0.118910033010318,51.6151185155346],[0.119270853094202,51.6151120059413],[0.119260386806521,51.6148873741381],[0.119621204954635,51.6148808634942],[0.119610737005377,51.614656231738],[0.119971553217724,51.6146497200436],[0.119961083606935,51.6144250883344],[0.119600269193244,51.6144315999714],[0.119589801518231,51.6142069681943],[0.11995061413329,51.6142004566149],[0.119940144796788,51.6139758248849],[0.120300955476137,51.6139693122549],[0.120290484478191,51.6137446805719],[0.120651293221835,51.6137381668915],[0.120640820562492,51.6135135352556],[0.121001627370435,51.6135070205247],[0.121012101828334,51.613731652103],[0.121372910297663,51.6137251362065],[0.121362434041211,51.6135005046857],[0.121723240574798,51.6134939877387],[0.121712762657047,51.613269356265],[0.122073567254895,51.6132628382676],[0.122063087675892,51.613038206841],[0.122423890338007,51.6130316877931],[0.122413409097796,51.6128070564137],[0.122774209824182,51.6128005363153],[0.122763726922812,51.612575904983],[0.123124525713473,51.6125693838343],[0.123114041150989,51.6123447525491],[0.123103556725837,51.6121201212534],[0.12346435178238,51.6121135991119],[0.123453865696183,51.6118889678634],[0.123814658817035,51.6118824446716],[0.123804171069838,51.6116578134702],[0.124164962255005,51.611651289228],[0.124175451800551,51.6118759203718],[0.124536244646707,51.611869394964],[0.124525753302816,51.6116447638779],[0.124886544213245,51.6116382374198],[0.124876051208451,51.6114136063808],[0.125236840183158,51.6114070788725],[0.125597629020439,51.6114005502562],[0.125587132556498,51.611175919322],[0.125947919458041,51.6111693896555],[0.125937421333316,51.6109447587685],[0.126298206299124,51.6109382280517],[0.126287706513663,51.6107135972119],[0.126648489543743,51.6107070654449],[0.12663798809759,51.6104824346523],[0.126998769191945,51.6104759018351],[0.126988266085148,51.6102512710897],[0.126977763115918,51.6100266403339],[0.127338540476388,51.6100201065241],[0.127328035846581,51.6097954758156],[0.127688811271362,51.6097889409556],[0.127678304981024,51.6095643102943],[0.12803907847012,51.6095577743842],[0.128028570519299,51.6093331437701],[0.127667798828292,51.6093396796225],[0.12730702699972,51.6093462143671],[0.127296522782661,51.6091215836272],[0.126935752614616,51.6091281172062],[0.126574982309052,51.6091346496775],[0.126564481825669,51.6089100188118],[0.126203713180664,51.6089165501175],[0.126193213355712,51.6086919181771],[0.125832446386596,51.6086984483187],[0.12582194774156,51.6084738156966],[0.125461182369723,51.6084803446068],[0.125100416864374,51.6084868724133],[0.125089921814489,51.6082622395211],[0.124729157906447,51.6082687660961],[0.124718664720853,51.6080441330616],[0.124357902410123,51.6080506584051],[0.123997139965952,51.6080571826449],[0.12398665037536,51.6078325493404],[0.123625889528531,51.6078390723488],[0.123615401802118,51.6076144389021],[0.123254642552634,51.607620960679],[0.123244156690355,51.60739632709],[0.123604914209123,51.6073898054408],[0.123594426749542,51.607165171965],[0.12323367096147,51.6071716934865],[0.123223185365974,51.6069470598685],[0.123583939423375,51.6069405384747],[0.123573452230618,51.6067159049699],[0.12356296517127,51.6064912714505],[0.123202214575145,51.6064977925889],[0.122841463845662,51.6065043126236],[0.12283098038093,51.6062796788343],[0.122820497049555,51.6060550450305],[0.123181244317848,51.6060485252512],[0.123170759389269,51.6058238915605],[0.122810013851538,51.6058304112122],[0.122799530786875,51.6056057773793],[0.122438786846356,51.6056122957996],[0.122428305645563,51.6053876618245],[0.12206756330226,51.6053941790135],[0.121706820825677,51.6054006950989],[0.121696343219209,51.6051760608539],[0.121335602339871,51.605182575708],[0.121325126597163,51.6049579413209],[0.120964387315075,51.6049644549438],[0.120953913436081,51.6047398204145],[0.120593175751248,51.6047463328061],[0.120603647899778,51.604970967463],[0.120242908351296,51.6049774788786],[0.120253378902549,51.6052021136486],[0.119892637490413,51.6052086240882],[0.119903106444343,51.6054332589714],[0.119542363168549,51.605439768435],[0.119552830525112,51.6056644034312],[0.119563298014823,51.6058890384129],[0.119202551144805,51.6058955470281],[0.119213017037084,51.6061201821229],[0.118852268303373,51.606126689762],[0.118491519436576,51.6061331962975],[0.118501982000765,51.6063578316329],[0.118512444698041,51.6065824669539],[0.118522907528408,51.6068071022604],[0.118162153336639,51.6068136080749],[0.118172614569417,51.6070382434944],[0.117811858513917,51.6070447483328],[0.117822318149061,51.6072693838654],[0.117461560229825,51.6072758877277],[0.117472018267289,51.6075005233733],[0.117111258484312,51.6075070262594],[0.117121714924052,51.6077316620181],[0.117132171496803,51.6079562977623],[0.1167714081193,51.6079627997998],[0.116410644608826,51.6079693007335],[0.116400191497638,51.6077446647342],[0.116039429585001,51.6077511644367],[0.116028978337541,51.6075265282953],[0.115668218022747,51.6075330267665],[0.11565776863897,51.6073083904831],[0.115297009922022,51.607314887723],[0.115286562401883,51.6070902512976],[0.11492580560753,51.6070967478753],[0.114915360003906,51.6068721113909],[0.115276115014638,51.6068656148577],[0.11526566776028,51.6066409784033],[0.114904914537139,51.6066474748975],[0.114894469207225,51.6064228383952],[0.114884024014163,51.6061982018839],[0.114523274861117,51.6062046982408],[0.114162525571264,51.6062111934885],[0.113801776144629,51.6062176876269],[0.113791336486691,51.6059930510109],[0.113430588722725,51.6059995440082],[0.113441026581234,51.6062241806561],[0.113080276881104,51.6062306725761],[0.113069840822026,51.6060060358962],[0.112709092784616,51.6060125266751],[0.112698658661681,51.6057878899543],[0.112337912286997,51.6057943795921],[0.111977165775653,51.6058008681206],[0.111616419127669,51.6058073555399],[0.111605990539616,51.6055827187145],[0.111245245554415,51.6055892049927],[0.110884500432626,51.6055956901617],[0.11052375517427,51.6056021742215],[0.110513332120978,51.6053775372916],[0.110152588525461,51.6053840202103],[0.109791844793428,51.6053905020198],[0.109781425475413,51.6051658650173],[0.109420683406249,51.6051723456858],[0.109059941200617,51.6051788252452],[0.109049525617795,51.6049541881701],[0.108688785075064,51.6049606665884],[0.108678371428026,51.6047360294725],[0.108667957917425,51.6045113923477],[0.108657544543261,51.604286755214],[0.10864713130553,51.6040621180713],[0.108286397823531,51.6040685952532],[0.107925664205146,51.604075071326],[0.107915254702307,51.6038504341108],[0.107554522746794,51.6038569090426],[0.107193790654945,51.6038633828654],[0.106833058426782,51.6038698555789],[0.106843462531909,51.6040944928895],[0.106482728368214,51.6041009645256],[0.106493130810392,51.6043256018589],[0.106503533388862,51.6045502391833],[0.10614279549034,51.6045567097738],[0.105782057455568,51.6045631792551],[0.105771658475681,51.6043385418673],[0.105410922103976,51.6043450102077],[0.105400525059607,51.6041203727792],[0.105039790350976,51.6041268399787],[0.104679055506169,51.6041333060691],[0.104318320525209,51.6041397710503],[0.104307929014821,51.6039151335177],[0.103947195696991,51.6039215973581],[0.103586462243056,51.6039280600893],[0.103576074467291,51.6037034224844],[0.103565686827626,51.6034787848705],[0.10392641668311,51.6034723222027],[0.103916027380353,51.6032476846116],[0.103905638213716,51.6030230470115],[0.103895249183195,51.6027984094025],[0.103534524725214,51.6028048719754],[0.10352413762993,51.6025802343257],[0.103163414835003,51.6025866957578],[0.103173800131165,51.6028113334391],[0.10281307540107,51.6028177937937],[0.102802691904035,51.6025931560807],[0.102792308543041,51.6023685183588],[0.102431587275158,51.602374977541],[0.102070865871281,51.6023814356141],[0.101710144331434,51.6023878925782],[0.101349422655639,51.6023943484331],[0.101359798820199,51.6026189862815],[0.101720522295105,51.602612530395],[0.10173090039475,51.6028371682029],[0.102091625532839,51.6028307111756],[0.102102005567615,51.6030553489429],[0.102462732368883,51.6030488907749],[0.102823459034151,51.6030424314977],[0.102833842803278,51.6032670691927],[0.102473114338837,51.6032735285015],[0.102483496444817,51.6034981662193],[0.102122766045173,51.6035046244506],[0.101762035509545,51.6035110815728],[0.101401304837959,51.6035175375858],[0.101390928129586,51.6032928997731],[0.101030199121273,51.6032993546454],[0.100669469977049,51.6033058084086],[0.100659097003002,51.6030811705238],[0.10029836952208,51.6030876231462],[0.0999376419052982,51.6030940746595],[0.0999480112809654,51.6033187126075],[0.099958380792496,51.6035433505465],[0.0999687504398933,51.6037679884766],[0.0996080172896246,51.6037744389755],[0.0996183852736268,51.6039990769282],[0.0996287533934773,51.604223714872],[0.0996391216491773,51.6044483528068],[0.0996494900407302,51.6046729907327],[0.0992887495574409,51.6046794402488],[0.0992991162854885,51.6049040781973],[0.0989383738670318,51.6049105266357],[0.0985776313127882,51.6049169739649],[0.0982168888065885,51.6049234215736],[0.0982065275200228,51.6046987836486],[0.0981961663728702,51.6044741457186],[0.098556905189922,51.6044676979327],[0.0985465423321637,51.6042430599031],[0.0985361796101851,51.6040184218647],[0.0985258170239857,51.6037937838173],[0.0988865505816474,51.6037873366458],[0.0988761863319766,51.603562698621],[0.0988658222181012,51.6033380605873],[0.0992265520415232,51.6033316123698],[0.0992161862642451,51.6031069743587],[0.0992058206227814,51.6028823363386],[0.0988450943977317,51.6028887844929],[0.0988347306912323,51.6026641464323],[0.0984740061295713,51.602670593446],[0.0981132822142317,51.6026770421001],[0.0977525583948557,51.6026834904675],[0.0977422003649259,51.6024588525304],[0.0973814782688229,51.6024652998222],[0.097020756033404,51.602471746001],[0.0966600336586935,51.6024781910668],[0.0966496813559105,51.6022535532376],[0.0962889607045323,51.6022599972279],[0.0959282399139134,51.6022664401051],[0.0959178914755734,51.6020418023463],[0.0955571724083182,51.6020482441481],[0.0951964532018732,51.6020546848368],[0.095186108627889,51.6018300471484],[0.0948253911448397,51.6018364867617],[0.0944646735226517,51.6018429252621],[0.0941039557613494,51.6018493626494],[0.0940936169141742,51.601624725069],[0.093732900876327,51.6016311613809],[0.0933721846994145,51.6016375965798],[0.0930114683834647,51.6016440306657],[0.0930218016430009,51.6018686681329],[0.0930321350415855,51.6020933055952],[0.0930424685792193,51.6023179430524],[0.093052802255907,51.6025425805047],[0.0930631360716496,51.6027672179521],[0.0927024103036902,51.6027736507362],[0.092692078350594,51.6025490133266],[0.0926817465365294,51.6023243759121],[0.0923210243548413,51.6023308076586],[0.0923106945424073,51.6021061702768],[0.092300364868976,51.6018815328901],[0.0922900353345445,51.6016568954983],[0.0926507519284995,51.6016504636385],[0.0926404206705366,51.601425826204],[0.0922797059391111,51.6014322581016],[0.0922693766826734,51.6012076206999],[0.0919086636747925,51.6012140515221],[0.0915479505279746,51.6012204812314],[0.0915376251355014,51.6009958439002],[0.0911769137122595,51.6010022725342],[0.090816202150132,51.6010087000552],[0.090455490449143,51.6010151264631],[0.0904451707830157,51.6007904892403],[0.0900844608056617,51.6007969145731],[0.0897237506894968,51.6008033387929],[0.0897134348871389,51.6005787016407],[0.0893527264946409,51.6005851247852],[0.0889920179633835,51.6005915468168],[0.0886313092933893,51.6005979677354],[0.0886209986264875,51.6003733304475],[0.0882602917031161,51.6003797502937],[0.0878995846416743,51.6003861690279],[0.0878892773960692,51.6001615316031],[0.0875285720481855,51.6001679492466],[0.0871678665622825,51.6001743657781],[0.086807160938383,51.6001807811975],[0.0867968593856081,51.5999561438309],[0.0864361554753258,51.5999625581597],[0.086075451427098,51.5999689713765],[0.0860651537154593,51.5997443340467],[0.0857044513808798,51.5997507461728],[0.0856941556587402,51.5995261088585],[0.0856838600745265,51.5993014715383],[0.0856735646282364,51.5990768342121],[0.0856632693198689,51.59885219688],[0.0856529741494204,51.5986275595419],[0.0856426791168896,51.598402922198],[0.0856323842222732,51.5981782848481],[0.085622089465568,51.5979536474923],[0.0856117948467739,51.5977290101305],[0.0856015003658876,51.5975043727628],[0.0855912060229047,51.5972797353892],[0.0859518879917768,51.5972733230278],[0.0859415919354128,51.5970486856268],[0.0855809118178259,51.5970550980097],[0.0855706177506472,51.5968304606242],[0.0855603238213663,51.5966058232329],[0.0855500300299818,51.5963811858356],[0.0855397363764899,51.5961565484323],[0.0855294428608898,51.5959319110232],[0.0851687718615184,51.5959383224011],[0.0851584803349521,51.5957136850074],[0.085148188946248,51.5954890476078],[0.0851378976954033,51.5952644102022],[0.0851276065824163,51.5950397727907],[0.0854882701773474,51.5950333613272],[0.0854779773511658,51.5948087238884],[0.085838638957204,51.5948023112916],[0.0858283444178751,51.5945776738255],[0.0861890040350241,51.5945712600955],[0.0861993004253754,51.5947958975831],[0.0865599617556565,51.5947894827627],[0.0869206229480229,51.5947830668305],[0.0869309231783825,51.5950077043548],[0.0872915860838486,51.5950012873321],[0.0876522488513492,51.5949948691977],[0.0876625529218053,51.5952195067587],[0.0880232174023732,51.5952130875338],[0.0883838817449264,51.595206667197],[0.0883941896555662,51.5954313047948],[0.0887548557111548,51.5954248833675],[0.0891155216286775,51.5954184608284],[0.0891258333795892,51.5956430984629],[0.0891361452686235,51.5958677360915],[0.0891464572957845,51.5960923737141],[0.0887857858248978,51.5960987961893],[0.0887960961390175,51.5963234337848],[0.0888064065912438,51.5965480713743],[0.0891670817644926,51.5965416489417],[0.0891773942060458,51.5967662865466],[0.0891877067857336,51.5969909241455],[0.0888270279100284,51.5969973465355],[0.08883733877659,51.5972219841072],[0.0884766579115355,51.597228405364],[0.0884869670649241,51.5974530429085],[0.0884972763564063,51.597677680447],[0.0881365916506813,51.5976841005492],[0.0881262842105144,51.597459463032],[0.0877656012180656,51.5974658820436],[0.0874049180876011,51.5974722999432],[0.0870442348191446,51.597478716731],[0.0870545367053489,51.5977033541842],[0.0870648387295553,51.5979279916314],[0.0870751408917672,51.5981526290728],[0.0874358297142647,51.5981462123491],[0.0874461338658778,51.5983708498058],[0.0878068244017695,51.5983644319916],[0.0881675147996348,51.5983580130653],[0.088528205059451,51.5983515930271],[0.0888888951811937,51.598345171877],[0.0892495851648391,51.5983387496149],[0.0892598987115421,51.5985633871723],[0.089270212396399,51.5987880247239],[0.089630905944754,51.5987816013924],[0.0896412216192192,51.5990062389594],[0.089651537431867,51.5992308765204],[0.0896618533827015,51.5994555140755],[0.0896721694717224,51.5996801516246],[0.0900328702878662,51.5996737272664],[0.0903935709658253,51.5996673017961],[0.0907542715055768,51.5996608752138],[0.0907439498620017,51.5994362376008],[0.0911046484120066,51.5994298098853],[0.0914653468237581,51.5994233810577],[0.0918260450972308,51.5994169511182],[0.0921867432324022,51.5994105200666],[0.0921764143211425,51.5991858823626],[0.0921660855482348,51.5989612446528],[0.0918053911160045,51.5989676757468],[0.0917950643328812,51.5987430380522],[0.0917847376880796,51.5985184003517],[0.0917744111815988,51.5982937626453],[0.0917640848134375,51.598069124933],[0.0917537585835914,51.5978444872147],[0.091743432492059,51.5976198494905],[0.0921041158160359,51.5976134182691],[0.0920937880115227,51.5973887805177],[0.0917331065388371,51.5973952117604],[0.0917227807239242,51.5971705740244],[0.0917124550473176,51.5969459362824],[0.0917021295090145,51.5967212985346],[0.0916918041090142,51.5964966607808],[0.0916814788473124,51.596272023021],[0.0916711537239067,51.5960473852554],[0.0916608287387964,51.5958227474838],[0.0913001600862285,51.5958291777633],[0.0912898370905146,51.5956045400071],[0.091650503891978,51.5955981097063],[0.0920111705551798,51.5955916782937],[0.0920214972531001,51.5958163160924],[0.0923821656291161,51.5958098835892],[0.0927428338668192,51.5958034499741],[0.0927325034667005,51.5955788121329],[0.092722173204943,51.5953541742858],[0.0923615086694108,51.5953606079433],[0.092351180397062,51.5951359701115],[0.092340852263046,51.5949113322737],[0.0919801912912876,51.5949177648619],[0.0916195301812509,51.5949241963382],[0.091609205887577,51.594699558537],[0.0912485464902953,51.5947059889228],[0.0908878869547862,51.5947124181967],[0.0905272272810725,51.5947188463589],[0.0905169086786438,51.5944942086155],[0.0905065902144221,51.5942695708662],[0.0904962718884041,51.594044933111],[0.0904859537005887,51.5938202953499],[0.0904756356509717,51.5935956575828],[0.0904653177395531,51.5933710198098],[0.0904549999663287,51.5931463820309],[0.0900943531108901,51.5931528092301],[0.090084037326684,51.5929281714665],[0.0900737216806455,51.592703533697],[0.0900634061727698,51.5924788959216],[0.0900530908030566,51.5922542581403],[0.0900427750569465,51.5920296199356],[0.089682137304701,51.5920360461148],[0.0893214994177308,51.5920424711855],[0.0889608613960599,51.5920488951477],[0.0886002232397104,51.5920553180013],[0.0882395849487077,51.5920617397463],[0.0878789465230733,51.5920681603828],[0.0875183079628305,51.5920745799107],[0.0871576692680032,51.5920809983301],[0.0871473676936577,51.5918563596049],[0.0871370662538982,51.5916317208706],[0.0871267649487209,51.5914070821271],[0.0874873982686406,51.5914006638094],[0.0874770953064548,51.5911760250908],[0.0871164637781249,51.5911824433746],[0.0871061627421071,51.590957804613],[0.0874667924788706,51.5909513863631],[0.0874564897858855,51.5907267476263],[0.0874461872274979,51.5905021088804],[0.0878068132466291,51.5904956895897],[0.0877965090313414,51.5902710508686],[0.0877862049506696,51.5900464121384],[0.0877759010046109,51.5898217733992],[0.0877655971931617,51.5895971346508],[0.0877552935163232,51.5893724958934],[0.0877449899740899,51.5891478571268],[0.08773468656646,51.5889232183512],[0.0880952999110388,51.5889167981894],[0.0884559131210185,51.5889103769191],[0.0888165261963757,51.5889039545403],[0.0891771391370876,51.5888975310532],[0.0891668286987529,51.5886728924041],[0.0891565183951092,51.588448253746],[0.0891462082261555,51.5882236150788],[0.0891358981918893,51.5879989764024],[0.0891255882923074,51.587774337717],[0.0891152785274099,51.5875496990225],[0.0891049688971914,51.5873250603189],[0.0890946594016516,51.5871004216063],[0.088734060790879,51.587106844822],[0.0887237532211527,51.5868822060663],[0.0887134457860771,51.5866575673015],[0.0890740408145957,51.5866511441536],[0.0894346357084698,51.5866447198974],[0.0894243248258605,51.5864200811914],[0.0897849177939773,51.5864136558607],[0.0901455106274057,51.5864072294218],[0.0905061033261209,51.5864008018745],[0.0904957872050177,51.5861761632612],[0.0908563779779394,51.5861697346396],[0.0912169686161041,51.5861633049096],[0.091577559119489,51.5861568740714],[0.0919381494880708,51.5861504421248],[0.0919278263376039,51.5859258036384],[0.0922884147803338,51.5859193706175],[0.0922780899737146,51.5856947321559],[0.0922677653019653,51.5854700936853],[0.0922574407650835,51.5852454552056],[0.0918968576952896,51.5852518881245],[0.0919071804412159,51.5854765266382],[0.0915465954456462,51.5854829584828],[0.0915362744906782,51.5852583199351],[0.0915259536705297,51.5850336813783],[0.0911653721220611,51.5850401120466],[0.0911550532276435,51.5848154734468],[0.0911447344680159,51.5845908348378],[0.0907841563665885,51.5845972643299],[0.0904235781304205,51.5846036927138],[0.0900629997595346,51.5846101199894],[0.0897024212539547,51.5846165461568],[0.0893418426137029,51.5846229712159],[0.0889812638388041,51.5846293951668],[0.08862068492928,51.5846358180094],[0.0886103788405807,51.5844111791538],[0.0886000728865061,51.584186540289],[0.0885897670670546,51.5839619014151],[0.088229193395519,51.5839683230478],[0.088218890416574,51.5837436848133],[0.088208588799509,51.5835190474848],[0.0881982873131048,51.5832944101439],[0.0881879859573588,51.5830697727906],[0.0881776847322692,51.582845135425],[0.0881673836378339,51.582620498047],[0.0881570826740501,51.5823958606566],[0.0881467818409158,51.5821712232539],[0.0881364811384284,51.5819465858388],[0.0881261805665871,51.5817219484114],[0.0881158801253876,51.5814973109716],[0.0881055798148291,51.5812726735194],[0.0884661328464655,51.5812662529943],[0.0884558309447061,51.5810416156208],[0.0884455291736052,51.580816978235],[0.0884352275331605,51.5805923408368],[0.0884249260233694,51.5803677034263],[0.0880643798789566,51.5803741235872],[0.0877038336039509,51.5803805426433],[0.087693535668314,51.5801559050383],[0.0880540802215678,51.5801494860733],[0.0884146246442302,51.5801430660034],[0.0884043233957418,51.5799184285681],[0.0883940222778996,51.5796937911205],[0.0883837212907031,51.5794691536606],[0.0887442604176445,51.5794627327591],[0.0887339578394336,51.5792380953778],[0.0887236553918855,51.5790134579842],[0.088713353074998,51.5787888205782],[0.0887030508887703,51.5785641831599],[0.0890635829985958,51.5785577615179],[0.0890532792214577,51.5783331241783],[0.0890429755749973,51.5781084868263],[0.0890326720592107,51.5778838494619],[0.0893931988737715,51.5778774269885],[0.0893828937671607,51.5776527897028],[0.089372588791244,51.5774281524048],[0.089362283946015,51.5772035150944],[0.0893519792314758,51.5769788777717],[0.0897124990295375,51.5769724545579],[0.0897021927242799,51.5767478173139],[0.0900627106702697,51.5767413930865],[0.0900730186969297,51.5769660302395],[0.0900833268543199,51.57719066738],[0.0900936351424437,51.5774153045082],[0.0897331120321811,51.5774217290089],[0.0897434187295698,51.5776463662158],[0.0897537255576742,51.5778710034104],[0.0897640325164959,51.5780956405926],[0.0897743396060368,51.5783202777624],[0.0897846468262997,51.5785449149199],[0.0894241149777797,51.5785513387713],[0.0894344206071823,51.5787759760075],[0.0894447263672877,51.5790006132313],[0.0894550322581008,51.5792252504428],[0.0898155692714389,51.5792188263181],[0.0898258770146101,51.5794434634261],[0.0901864156189049,51.5794370381056],[0.0905469540924825,51.5794306116803],[0.0905572654097269,51.5796552485938],[0.0909178054742318,51.5796488209726],[0.0909281186439459,51.5798734577825],[0.0909384319444645,51.5800980945801],[0.0912989753216026,51.5800916656719],[0.0916595185679496,51.5800852356589],[0.0920200616834842,51.5800788045412],[0.0920303802799995,51.580303441053],[0.0920406990073909,51.5805280775524],[0.0916801524483786,51.5805345088525],[0.0916904695848766,51.5807591454307],[0.0917007868522327,51.5809837819965],[0.0913402367188305,51.5809902123741],[0.0913299211732718,51.5807655757171],[0.0909693726308707,51.5807720048987],[0.0909796864546304,51.5809966416468],[0.0906191360596518,51.5810030698147],[0.0906294482924039,51.5812277066416],[0.0909900004092059,51.5812212783826],[0.0910003144945988,51.5814459151059],[0.0913608682024665,51.5814394856509],[0.0913711841405466,51.5816641222708],[0.0917317394394748,51.5816576916198],[0.0920922946075744,51.581651259864],[0.0924528496448234,51.5816448270033],[0.0928134045511999,51.5816383930378],[0.0928237275076599,51.5818630292807],[0.09318428400502,51.5818565941191],[0.0935448403714601,51.5818501578527],[0.0935551669026565,51.5820747939008],[0.0939157248600517,51.5820683564384],[0.0942762826864811,51.5820619178711],[0.0942866127924967,51.5822865537245],[0.0946471722098518,51.5822801139611],[0.0950077314961948,51.5822736730929],[0.0949973979463532,51.582049037422],[0.0953579553797518,51.5820425955401],[0.0953476202390973,51.5818179599481],[0.0953372852295364,51.5815933243437],[0.0953269503510683,51.5813686887269],[0.0956875024878241,51.5813622460139],[0.0960480544935102,51.5813558021961],[0.0960583928156568,51.5815804376304],[0.09606873126894,51.5818050730524],[0.0957081758195556,51.5818115170526],[0.0957185126820955,51.5820361525534],[0.0957288496757538,51.5822607880419],[0.0953682906515025,51.5822672311198],[0.095378626054353,51.5824918666871],[0.095388961588304,51.582716502242],[0.0953992972533579,51.5829411377845],[0.0957598614434668,51.5829346944328],[0.0957701989616236,51.5831593298717],[0.0961307647426412,51.5831528853239],[0.0964913303925486,51.5831464396712],[0.0964809894304037,51.5829218044148],[0.0964706485994317,51.5826971691461],[0.0968312106742477,51.582690722571],[0.0968208682525008,51.5824660873812],[0.0964603078996296,51.5824725338649],[0.0964499673309969,51.5822478985714],[0.0964396268935304,51.5820232632655],[0.0964292865872278,51.5817986279472],[0.0964189464120863,51.5815739926166],[0.0967794998773992,51.5815675464979],[0.0971400532115729,51.5815610992744],[0.0971503968304228,51.5817857344225],[0.0975109517552872,51.5817792860029],[0.0975212972272183,51.5820039210473],[0.0975316428303806,51.5822285560794],[0.0975419885647766,51.582453191099],[0.0975523344304084,51.5826778261063],[0.0971917726179146,51.5826842748911],[0.09720211689282,51.5829089099773],[0.097212461298944,51.5831335450511],[0.0975730265553875,51.5831270960838],[0.0979335916806322,51.5831206460115],[0.0982941566746559,51.5831141948344],[0.0983045063780183,51.5833388296219],[0.0986650750983224,51.5833323798577],[0.0990256443605381,51.58332592981],[0.0990359977776017,51.5835505646099],[0.0993965686608989,51.5835441134233],[0.099757139411029,51.5835376611282],[0.100117710027968,51.5835312077248],[0.100128068840958,51.583755842424],[0.100488641078924,51.5837493878817],[0.100849213183653,51.5837429322309],[0.101209785155119,51.5837364754717],[0.101570356993304,51.5837300176041],[0.101580725247351,51.5839546539537],[0.101941298598956,51.5839481948614],[0.102301871814686,51.583941734659],[0.102662444894517,51.5839352733465],[0.102652071707925,51.5837106373509],[0.103012643012747,51.5837041750497],[0.103373214184172,51.5836977116402],[0.103733785222177,51.5836912471222],[0.103723408866879,51.5834666127293],[0.104083978017224,51.5834601471337],[0.104444547034105,51.5834536804296],[0.104434167303904,51.5832290460892],[0.10479473443311,51.5832225783075],[0.10478435308227,51.5829979439888],[0.105144918323804,51.5829914751294],[0.105505483431812,51.5829850051617],[0.10586604840627,51.5829785340856],[0.105876435019601,51.5832031683121],[0.106237001614647,51.5831966960968],[0.106247390115779,51.5834213302837],[0.106607958331408,51.5834148569294],[0.106968526413416,51.5834083824667],[0.107329094361779,51.5834019068956],[0.107318700598116,51.583177272801],[0.107679266658639,51.5831707961523],[0.108039832585476,51.5831643183953],[0.108400398378603,51.5831578395299],[0.108389999486207,51.5829332055187],[0.108750563391459,51.5829267255757],[0.10874016287872,51.5827020915865],[0.109100724896101,51.582695610566],[0.109090322763065,51.5824709765986],[0.109079920763847,51.5822463426224],[0.109069518898445,51.5820217086372],[0.108708962143282,51.5820281895654],[0.108698562165721,51.5818035555405],[0.108688162321948,51.5815789215068],[0.108677762611963,51.5813542874641],[0.108667363035761,51.5811296534126],[0.108306813162834,51.5811361331092],[0.108296415474351,51.5809114990179],[0.108286017919626,51.5806868649178],[0.108275620498654,51.5804622308088],[0.107915075753768,51.5804687093047],[0.107554530875199,51.5804751866924],[0.107564924788379,51.580699820863],[0.10720437802225,51.5807062971733],[0.106843831122482,51.5807127723752],[0.106483284089099,51.5807192464689],[0.106122736922121,51.5807257194543],[0.106112350024552,51.5805010851607],[0.105751804477911,51.5805075570071],[0.105741419467844,51.5802829226738],[0.105731034591368,51.5800582883317],[0.105370492418933,51.5800647590084],[0.105360109429888,51.5798401246266],[0.104999568877779,51.5798465941643],[0.104639028192175,51.5798530625939],[0.104628648844339,51.5796284281418],[0.104268109779091,51.5796348954323],[0.104257732318573,51.5794102609407],[0.103897194873684,51.5794167270923],[0.10388681930044,51.5791920925611],[0.103526283475916,51.5791985575738],[0.103165747517995,51.5792050214784],[0.103155375585743,51.5789803868769],[0.102794841248215,51.5789868496425],[0.102784471203126,51.5787622150015],[0.102774101291429,51.5785375803515],[0.103134632121491,51.5785311176472],[0.103124260589485,51.578306483019],[0.10311388919089,51.5780818483819],[0.102753361868203,51.578088311025],[0.102742992356669,51.5778636763484],[0.102732622978519,51.5776390416628],[0.10272225373375,51.5774144069684],[0.102711884622359,51.5771897722651],[0.102351364180819,51.5771962336774],[0.10199084360597,51.5772026939815],[0.101980478135088,51.576978059208],[0.101619959180523,51.5769845183734],[0.101259440092698,51.5769909764306],[0.101249078262239,51.576766341587],[0.10123871656506,51.5765417067345],[0.10122835500116,51.576317071873],[0.101217993570536,51.5760924370027],[0.101207632273187,51.5758678021235],[0.101197271109108,51.5756431672354],[0.10118691169605,51.5754185334856],[0.101176554899734,51.5751939014882],[0.101166198236056,51.5749692694818],[0.100805694652412,51.5749757260682],[0.100795339863835,51.5747510940207],[0.100434837890109,51.574757549467],[0.100445190936219,51.5749821815466],[0.100084687087501,51.5749886359171],[0.0997241831062796,51.5749950891797],[0.09971383354511,51.5747704570359],[0.0993533311738809,51.5747769091584],[0.0993429834877055,51.5745522769736],[0.0989824827264739,51.5745587279561],[0.0989721369152469,51.5743340957302],[0.0986116377640173,51.5743405455727],[0.0986012938276932,51.5741159133058],[0.098961791236513,51.5741094634953],[0.099322288512906,51.574103012577],[0.0993326359340475,51.5743276447798],[0.0996931348203972,51.5743211927214],[0.0996827856568498,51.5740965605507],[0.100043282668322,51.5740901074165],[0.1004037795473,51.5740836531743],[0.10039342703153,51.5738590210588],[0.10038307464834,51.5736343889343],[0.100022581254096,51.5736408431123],[0.100012230745816,51.5734162109467],[0.100372722397726,51.5734097568008],[0.100733213917127,51.5734033015471],[0.10072286005678,51.5731786694368],[0.100712506329029,51.5729540373174],[0.10070215273387,51.5727294051891],[0.101062638893889,51.5727229489238],[0.101423124921359,51.5727164915507],[0.101783610816259,51.5727100330697],[0.102144096578566,51.5727035734808],[0.102504582208257,51.5726971127841],[0.102514944514696,51.5729217447518],[0.102875431753999,51.572915282915],[0.103235918860638,51.5729088199705],[0.103225553069703,51.5726841880671],[0.103586038301413,51.5726777240468],[0.103946523400417,51.5726712589187],[0.104307008366693,51.5726647926827],[0.104667493200218,51.5726583253388],[0.105027977900971,51.5726518568871],[0.105017603531697,51.5724272251357],[0.105378086357443,51.5724207556084],[0.105388462468928,51.5726453873276],[0.105748946904067,51.5726389166602],[0.106109431206366,51.5726324448849],[0.106469915375802,51.5726259720018],[0.106830399412352,51.5726194980109],[0.107190883315995,51.5726130229121],[0.107551367086706,51.5726065467054],[0.107911850724465,51.5726000693909],[0.108272334229249,51.5725935909686],[0.108632817601034,51.5725871114384],[0.1089933008398,51.5725806308003],[0.109353783945523,51.5725741490544],[0.109364179354311,51.5727987804097],[0.109724664069174,51.5727922975236],[0.110085148650947,51.5727858135297],[0.110095547677328,51.5730104448113],[0.110105946836892,51.5732350760839],[0.109745458770643,51.5732415601424],[0.1093849705713,51.5732480430931],[0.109395366379504,51.5734726744214],[0.109405762320853,51.5736973057407],[0.109766254004767,51.5736908227253],[0.110126745555583,51.5736843386021],[0.110487236973277,51.573677853371],[0.110476835805045,51.5734532221487],[0.110466434770024,51.5732285909175],[0.110826922570016,51.5732221046432],[0.110837325347304,51.5734467358421],[0.111197814756399,51.5734402484275],[0.111187410236846,51.573215617261],[0.111177005850548,51.5729909860855],[0.111166601597501,51.5727663549009],[0.110806117415133,51.5727728422184],[0.110795715037534,51.5725482109925],[0.110785312793159,51.5723235797576],[0.111145793491155,51.5723170925049],[0.111506274055976,51.5723106041443],[0.111866754487598,51.5723041146759],[0.111877161958489,51.5725287458137],[0.111516679784697,51.5725352353144],[0.111527085646688,51.5727598664756],[0.111537491641953,51.5729844976278],[0.111897977300153,51.5729780080622],[0.112258462825126,51.5729715173889],[0.112268872438138,51.5731961484673],[0.112279282184473,51.5734207795367],[0.111918793175006,51.5734272702748],[0.111929201312384,51.5736519013677],[0.111568710427403,51.5736583910303],[0.11157911695578,51.5738830221465],[0.111218624195278,51.5738895107337],[0.110858131301584,51.5738959982129],[0.110497638274723,51.5739024845843],[0.110137145114714,51.5739089698477],[0.109776651821581,51.5739154540033],[0.109787049771566,51.5741400852723],[0.109426554602989,51.5741465683523],[0.109066059301332,51.5741530503243],[0.108705563866616,51.5741595311885],[0.108345068298863,51.5741660109448],[0.107984572598097,51.5741724895932],[0.107624076764339,51.5741789671336],[0.107634464393274,51.5744035985874],[0.107273966684168,51.5744100750522],[0.107263580797613,51.5741854435662],[0.10690308469794,51.5741919188908],[0.106892700686756,51.5739672873635],[0.106882316808562,51.5737426558272],[0.106521824060664,51.5737491299794],[0.106511442057772,51.5735244984019],[0.106150950919292,51.5735309714139],[0.105790459647943,51.5735374433181],[0.105780081262604,51.5733128116671],[0.105419591600704,51.5733192824312],[0.105409215090556,51.573094650739],[0.105398838713299,51.5728700190378],[0.105038352403109,51.5728764886295],[0.10467786596012,51.5728829571134],[0.104688238852863,51.5731075888791],[0.10469861187845,51.5733322206357],[0.105059101805978,51.5733257520874],[0.105069476706716,51.5735503838029],[0.105079851740326,51.5737750155093],[0.105440345019676,51.5737685457887],[0.105450721928507,51.573993177454],[0.105461098970236,51.5742178091102],[0.105471476144865,51.5744424407576],[0.105831974518489,51.5744359698323],[0.105842353568434,51.5746606014384],[0.106202853551609,51.574654129373],[0.1065633534019,51.5746476561997],[0.106923853119285,51.5746411819185],[0.107284352703742,51.5746347065293],[0.107294738856333,51.5748593379974],[0.107305125141946,51.5750839694565],[0.107665628078322,51.5750774928949],[0.107676016239427,51.5753021243128],[0.107315511560582,51.5753086009067],[0.107325898608971,51.5755332326878],[0.107336289581134,51.5757578670542],[0.107346680686955,51.5759825014117],[0.107357071926437,51.5762071357602],[0.107367463299583,51.5764317700999],[0.107377854806394,51.5766564044307],[0.107388246446872,51.5768810387526],[0.10739863822102,51.5771056730656],[0.107409030128841,51.5773303073696],[0.107419422170336,51.5775549416648],[0.107058899956727,51.5775614175443],[0.107069290378296,51.5777860518614],[0.10707968093352,51.5780106861695],[0.107090071622404,51.5782353204688],[0.106729544014302,51.5782417953324],[0.106739933083173,51.5784664296535],[0.106750322285685,51.5786910639657],[0.106760711621838,51.578915698269],[0.10712124449103,51.5789092233131],[0.107131635714571,51.5791338575768],[0.107142027071782,51.5793584918316],[0.107502563314857,51.579352015706],[0.107512956559526,51.579576649921],[0.107873494422734,51.5795701726564],[0.107883889554907,51.5797948068319],[0.107894284820801,51.5800194409984],[0.108254826057967,51.580012962564],[0.108265223211436,51.5802375966908],[0.108625766068748,51.5802311171174],[0.108636165109836,51.5804557512045],[0.1086465642847,51.5806803852828],[0.109007110516044,51.5806739045395],[0.109017511578597,51.580898538578],[0.109378059430099,51.5808920566957],[0.109388462380389,51.5811166906945],[0.109749011852044,51.581110207673],[0.109759416690115,51.5813348416321],[0.109769821662038,51.5815594755824],[0.110130374507817,51.5815529913909],[0.110140781367592,51.5817776253014],[0.110501335833536,51.5817711399709],[0.110511744581208,51.5819957738416],[0.110872300667313,51.5819892873719],[0.110882711302928,51.5822139212029],[0.110893122072473,51.582438555025],[0.111253681532793,51.5824320673852],[0.111614240859206,51.5824255786372],[0.111974800051688,51.5824190887808],[0.112335359110218,51.582412597816],[0.112695918034773,51.582406105743],[0.112706337708635,51.5826307394018],[0.113066898253263,51.5826242461895],[0.113427458663868,51.5826177518688],[0.113788018940427,51.5826112564399],[0.114148579082919,51.5826047599026],[0.114509139091321,51.5825982622569],[0.114869698965609,51.5825917635029],[0.115230260940939,51.5825852674768],[0.115219828839283,51.5823606337949],[0.114859268767361,51.5823671300297],[0.114848838703297,51.5821424965475],[0.114838408773413,51.5819178630565],[0.114827978977706,51.5816932295565],[0.114467426119516,51.5816997281867],[0.114456998211952,51.5814750946469],[0.114446570438541,51.5812504610982],[0.114807119788819,51.5812439625299],[0.115167670373733,51.5812374652708],[0.115157239089152,51.5810128315431],[0.115517790797758,51.5810063385661],[0.115528223870396,51.5812309722847],[0.11553865707923,51.5814556059957],[0.115899212227825,51.581449111891],[0.115909647360959,51.5816737455852],[0.115920082630318,51.5818983792718],[0.116280641218959,51.5818918840393],[0.116641199671399,51.5818853876972],[0.117001757987616,51.5818788902455],[0.117362316167586,51.5818723916842],[0.117372758725737,51.5820970253266],[0.11701219875763,51.582103523897],[0.117022639663942,51.582328157541],[0.116662077771421,51.582334655011],[0.116301515742672,51.5823411513713],[0.115940953577717,51.5823476466221],[0.115580391276579,51.5823541407633],[0.115590825166431,51.5825787744361],[0.115951389255762,51.5825722802858],[0.115961825070041,51.5827969139419],[0.116322390811402,51.5827904186729],[0.116332828550154,51.5830150523122],[0.115972261020556,51.5830215475903],[0.115611693354769,51.5830280417588],[0.115251125552815,51.5830345348177],[0.115261558063039,51.5832591684767],[0.115271990709459,51.5834838021281],[0.115282423492074,51.5837084357718],[0.115642996658894,51.5837019426856],[0.115653433729572,51.5839265780824],[0.116014008373351,51.5839200837414],[0.116374582880566,51.5839135882913],[0.116735157251193,51.583907091732],[0.116745603596481,51.5841317298779],[0.116385027431715,51.5841382264556],[0.116395472119473,51.5843628646118],[0.116756050078402,51.5843563680157],[0.116766496696955,51.5845810061453],[0.116776943452146,51.5848056442668],[0.117137524862848,51.5847991465248],[0.117147973548906,51.5850237846197],[0.117158422371629,51.5852484227065],[0.117519007234164,51.5852419238186],[0.117879591960027,51.5852354238215],[0.117869139548806,51.5850107857715],[0.118229722343729,51.5850042846836],[0.118240176549195,51.5852289227151],[0.118600761001646,51.5852224204997],[0.118611217138114,51.5854470585046],[0.118971803248087,51.5854405551615],[0.118982261315604,51.5856651931398],[0.119342849083094,51.5856586886691],[0.119703436713791,51.5856521830891],[0.11971389850671,51.5858768210224],[0.120074487794893,51.5858703143148],[0.120435076946236,51.5858638064979],[0.120795665960714,51.5858572975719],[0.121156254838304,51.5858507875366],[0.121145785868186,51.5856261496772],[0.121135317034995,51.5854015118097],[0.120774731745975,51.585408021808],[0.12041414632007,51.5854145306971],[0.120403681212305,51.5851898927843],[0.120043097443796,51.5851964005458],[0.119682513538452,51.5852029071981],[0.119672052156027,51.5849782692403],[0.120032634267137,51.5849717626065],[0.120393216241415,51.5849652548635],[0.120382751407398,51.5847406169344],[0.120372286710251,51.5845159789972],[0.120361822149972,51.5842913410518],[0.120001245558249,51.5842978487394],[0.119990782928975,51.5840732107674],[0.119980320436541,51.5838485727871],[0.119969864032585,51.5836239390988],[0.119959408002102,51.5833993055741],[0.119598838259175,51.5834058119669],[0.119588384153448,51.5831811784253],[0.119577930184194,51.5829565448761],[0.119217363881342,51.5829630501408],[0.119206911836773,51.5827384165747],[0.118846347185743,51.5827449207206],[0.11848578239834,51.5827514237569],[0.118475334066609,51.5825267901649],[0.118114770931057,51.5825332920824],[0.118104324523899,51.5823086584735],[0.118464885871274,51.5823021565652],[0.118825447082303,51.5822956535473],[0.119186008156965,51.5822891494198],[0.119546569095236,51.5822826441826],[0.119907129897093,51.5822761378359],[0.120267690562513,51.5822696303796],[0.120628251091473,51.5822631218138],[0.120988811483949,51.5822566121383],[0.121349371739918,51.5822501013532],[0.121338909375825,51.5820254678196],[0.121699467707132,51.5820189559342],[0.122060025901887,51.5820124429392],[0.122420583960068,51.5820059288347],[0.122781141881653,51.5819994136206],[0.123141699666617,51.5819928972968],[0.123502257314938,51.5819863798636],[0.123862814826592,51.5819798613207],[0.124223372201557,51.5819733416683],[0.124583929439808,51.5819668209062],[0.124944486541324,51.5819602990346],[0.12530504350608,51.5819537760535],[0.125665600334054,51.5819472519627],[0.125655116649372,51.581722618533],[0.126015671552459,51.5817160933421],[0.126376226318718,51.5817095670415],[0.126736780948129,51.5817030396314],[0.127097335440666,51.5816965111118],[0.127457889796308,51.5816899814826],[0.127818444015031,51.5816834507438],[0.128178998096811,51.5816769188954],[0.128539552041626,51.5816703859375],[0.128900105849452,51.58166385187],[0.129260659520267,51.5816573166929],[0.129621213054047,51.5816507804063],[0.129610709837699,51.5814261470724],[0.129971261446388,51.5814196096857],[0.130331812917997,51.5814130711894],[0.130692364252505,51.5814065315836],[0.131052915449887,51.5813999908682],[0.131413466510121,51.5813934490433],[0.13140295449085,51.5811688157491],[0.131763503774332,51.5811622731494],[0.132124054026864,51.5811557318665],[0.132484604141436,51.5811491894756],[0.132474086832212,51.5809245561775],[0.132834635008089,51.5809180127147],[0.132824116036206,51.5806933794436],[0.13281359720237,51.5804687461632],[0.133174141638897,51.5804622016646],[0.13316362114247,51.5802375684111],[0.133153100784108,51.5800129351484],[0.132792559948832,51.5800194795748],[0.132782041529127,51.5797948462669],[0.132421502356449,51.5798013895493],[0.132060963045803,51.5798079317237],[0.131700423664223,51.5798144729557],[0.131689910817573,51.5795898396175],[0.131329374197848,51.579596382476],[0.13096883744097,51.579602924225],[0.130608300546962,51.5796094648646],[0.130597793200981,51.5793848314903],[0.130587285992151,51.5791601981084],[0.130576778920468,51.5789355647188],[0.130937310451091,51.5789290241078],[0.130926801728807,51.5787043907201],[0.130916293143687,51.5784797573247],[0.130905784695732,51.5782551239217],[0.130895276384939,51.5780304905111],[0.130884768211305,51.5778058570928],[0.131245290666305,51.5777993154197],[0.131234780842198,51.5775746820033],[0.131224271155268,51.5773500485792],[0.131213761605513,51.5771254151475],[0.130853244513336,51.5771319567921],[0.130842736888316,51.5769073233433],[0.130482221446599,51.576913863869],[0.130121705867804,51.5769204032854],[0.130111201955016,51.57669576981],[0.129750688026711,51.5767023081075],[0.129740186038543,51.576477674615],[0.12972968418745,51.5762530411148],[0.129369173697142,51.5762595782841],[0.129358673770598,51.5760349447668],[0.1293481739811,51.5758103112419],[0.129337674328646,51.5755856777093],[0.129327178316975,51.5753610466428],[0.129316684302148,51.5751364168814],[0.129306190423111,51.5749117871112],[0.129295696679868,51.5746871573321],[0.12965619489315,51.5746806204158],[0.129645699519678,51.574455990658],[0.129635204282015,51.5742313608914],[0.12962470918016,51.5740067311159],[0.129614214214111,51.5737821013316],[0.12997470522773,51.5737755634279],[0.129964208631559,51.5735509336649],[0.129953712171211,51.5733263038931],[0.130314199517259,51.5733197649417],[0.130674686727535,51.5733132248824],[0.130685186719678,51.5735378545938],[0.131045675560055,51.5735313133963],[0.13103517380202,51.573306683715],[0.131024672179873,51.573082054025],[0.131014170693614,51.572857424326],[0.131374654100567,51.5728508821111],[0.13136415098437,51.5726262524335],[0.131353648004078,51.5724016227471],[0.130993168128748,51.5724081649016],[0.13063268811761,51.5724147059481],[0.130622188804778,51.5721900761924],[0.130261710423639,51.5721966161007],[0.12990123190674,51.5722031549011],[0.129540753254105,51.5722096925936],[0.129530259374412,51.5719850627384],[0.129890736261283,51.5719785250762],[0.129880240751632,51.5717538952424],[0.129869745377787,51.5715292653998],[0.129859250139744,51.5713046355482],[0.1298487550375,51.5710800056879],[0.129838260071055,51.5708553758187],[0.129827765240405,51.5706307459406],[0.130188231397456,51.5706242073516],[0.130177734936998,51.5703995774948],[0.130167238612353,51.5701749476293],[0.13015674242352,51.5699503177548],[0.130146246370496,51.5697256878716],[0.130135750453278,51.5695010579795],[0.129775293124002,51.5695075964176],[0.129764799108076,51.5692829664864],[0.129754305227927,51.5690583365464],[0.1293938512939,51.5690648738164],[0.129383359314971,51.5688402438374],[0.129372867471795,51.5686156138495],[0.129362375764367,51.5683909838527],[0.129351884192687,51.5681663538471],[0.129341392756751,51.5679417238327],[0.129701837863792,51.5679351867136],[0.129691344798269,51.5677105567205],[0.129330901456557,51.5677170938094],[0.129320410292103,51.5674924637772],[0.129309919263388,51.5672678337362],[0.129299428330484,51.5670432036338],[0.129288937505567,51.5668185734855],[0.129278446816628,51.566593943328],[0.128918012178403,51.5666004791473],[0.128557577404297,51.5666070138591],[0.128197142494335,51.5666135474636],[0.128186657249692,51.5663889171905],[0.12782622397334,51.566395449652],[0.127465790561178,51.5664019810061],[0.127455308991287,51.566177350653],[0.127094877212765,51.5661838808642],[0.127084397548135,51.5659592504665],[0.127073918019335,51.5657346200595],[0.126713489643842,51.5657411490925],[0.126703012020231,51.565516518641],[0.126342585278368,51.5655230465311],[0.126332109559901,51.565298416035],[0.12597168445167,51.5653049427824],[0.125961210638301,51.5650803122417],[0.125600787163709,51.5650868378462],[0.125590315255392,51.564862207261],[0.125229893414442,51.5648687317228],[0.125219423411131,51.564644101093],[0.124859003203829,51.564650624412],[0.124848535105477,51.5644259937377],[0.124488116531828,51.564432515914],[0.124477650338391,51.5642078851951],[0.124117233398398,51.5642144062287],[0.123756816322849,51.5642209261549],[0.123396399111764,51.5642274449738],[0.123385938361635,51.5640028141397],[0.123025522784263,51.5640093318159],[0.122665107071404,51.5640158483847],[0.122654649995259,51.5637912174708],[0.122294235916142,51.563797732897],[0.121933821701588,51.5638042472159],[0.121573407351617,51.5638107604274],[0.121562955718559,51.5635861293984],[0.121202543002385,51.5635926414673],[0.120842130150845,51.5635991524289],[0.120481717163961,51.5636056622832],[0.120471270973868,51.5633810311391],[0.120110859620836,51.5633875398508],[0.119750448132507,51.5633940474552],[0.119390036508905,51.5634005539522],[0.119379595761661,51.5631759226933],[0.119019185771966,51.5631824280477],[0.118658775647046,51.5631889322949],[0.118298365386924,51.5631954354348],[0.117937954991622,51.5632019374674],[0.117577544461164,51.5632084383926],[0.117217133795573,51.5632149382106],[0.117206703798487,51.5629903067311],[0.117196273936582,51.5627656752425],[0.117185844209855,51.5625410437448],[0.117175414618304,51.5623164122379],[0.117164985161926,51.5620917807218],[0.11715455584072,51.5618671491966],[0.117144126654682,51.5616425176622],[0.11713369760381,51.5614178861187],[0.117494094116878,51.5614113865823],[0.117483663432209,51.5611867550649],[0.117123268688103,51.5611932545661],[0.116762873808908,51.56119975296],[0.116402478794645,51.5612062502467],[0.116392053551986,51.5609816186145],[0.11638162844444,51.5607569869732],[0.116371203472006,51.5605323553227],[0.116360778634682,51.5603077236631],[0.116350353932463,51.5600830919943],[0.115989967627659,51.560089587998],[0.115979544829377,51.5598649562849],[0.115969122166175,51.5596403245627],[0.115608739264007,51.5596468193888],[0.115248356226857,51.5596533131077],[0.11523793723631,51.5594286813061],[0.114877557069351,51.5594351778796],[0.114517178011591,51.5594416773663],[0.114156798819229,51.5594481757443],[0.113796419492288,51.5594546730136],[0.11378600776484,51.5592300413839],[0.113775596172018,51.5590054097465],[0.114135971972099,51.5589989124966],[0.114496347637607,51.5589924141381],[0.114485932579645,51.5587677826862],[0.114125558684957,51.5587742810166],[0.113765184655491,51.558780778239],[0.113754773119818,51.5585561470867],[0.113744361718968,51.558331515926],[0.113383991088571,51.5583380119996],[0.113373581589422,51.5581133808102],[0.11336317222507,51.5578887496126],[0.113352762995512,51.5576641184066],[0.113342353900747,51.5574394871923],[0.112981990203005,51.5574459820763],[0.112971583009819,51.5572213508333],[0.112961175951397,51.556996719582],[0.112950769027738,51.5567720883224],[0.112590410495605,51.5567785820372],[0.112580005473429,51.5565539507489],[0.112219648573354,51.5565604433354],[0.111859291538638,51.5565669348139],[0.111498934369303,51.5565734251846],[0.111509334091299,51.556798056534],[0.111148975020636,51.5568045458172],[0.110788615815399,51.5568110339924],[0.11079901213855,51.5570356653742],[0.110438651032002,51.5570421524619],[0.11007828979092,51.5570486384416],[0.109717928415331,51.5570551233134],[0.109357566905255,51.5570616070773],[0.109347177649155,51.5568369756141],[0.109336788527585,51.5566123441426],[0.10897643041656,51.5566188267579],[0.108966043196242,51.5563941952578],[0.108955656110428,51.5561695637493],[0.108945269159116,51.5559449322326],[0.109305621970042,51.5559384496782],[0.109295233386574,51.5557138181735],[0.109284844937627,51.5554891866605],[0.109274456623197,51.5552645551392],[0.109634803999783,51.5552580715379],[0.109624414053285,51.5550334400287],[0.109614024241323,51.5548088085111],[0.109603634563895,51.5545841769852],[0.109593245020997,51.5543595454511],[0.10995358519693,51.5543530608233],[0.109943194022072,51.5541284293011],[0.109582855612628,51.5541349139086],[0.109222517068728,51.5541413974083],[0.108862178390395,51.5541478798001],[0.108501839577652,51.5541543610842],[0.108491455603224,51.5539297294725],[0.108481071763251,51.5537050978525],[0.108470688057731,51.5534804662242],[0.108110354409958,51.5534869463396],[0.108099972605296,51.5532623146827],[0.10808959093506,51.5530376830175],[0.108079209399248,51.552813051344],[0.108068827997857,51.5525884196622],[0.108058446730885,51.5523637879722],[0.108048065598329,51.5521391562738],[0.107687742414313,51.5521456351597],[0.107327419095974,51.5521521129378],[0.107317041630379,51.5519274811906],[0.106956719944019,51.5519339578407],[0.106946344379045,51.5517093260649],[0.106586024324667,51.551715801587],[0.106575650660267,51.5514911697827],[0.106215332237877,51.5514976441769],[0.106204960474007,51.551273012344],[0.106194588844426,51.5510483805028],[0.10583427382022,51.5510548537488],[0.105823904091098,51.5508302218791],[0.105463590698868,51.5508366939972],[0.105453222870158,51.5506120620989],[0.105092911109908,51.5506185330891],[0.105082544979971,51.550393901363],[0.104722234865948,51.5504003711919],[0.104711870454736,51.5501757395771],[0.104351561978517,51.5501822082353],[0.104341199474107,51.5499575765439],[0.103980892635695,51.5499640440313],[0.103970532038041,51.5497394122634],[0.103610226837442,51.5497458785801],[0.103249921502441,51.5497523437919],[0.10288961603306,51.5497588078986],[0.102879260886556,51.5495341759228],[0.102518957055043,51.5495406388589],[0.102158653089199,51.54954710069],[0.102148301621521,51.549322468572],[0.101787999293574,51.5493289292324],[0.101777649732453,51.5491042970379],[0.101417349042409,51.5491107565277],[0.101057048218106,51.5491172149126],[0.101046702335659,51.5488925825759],[0.100686403149288,51.5488990397902],[0.100326103828708,51.5489054958995],[0.100315761624851,51.5486808634207],[0.0999554639422314,51.5486873183595],[0.0995951661254507,51.5486937721932],[0.0995848276000996,51.5484691395724],[0.0992245314213103,51.5484755922356],[0.0992141948022703,51.5482509595384],[0.0988539002614768,51.5482574110311],[0.098843565548702,51.5480327782574],[0.0984832726459086,51.5480392285796],[0.0981229806572255,51.5480456747228],[0.0981126496517686,51.5478210416708],[0.0977523596376607,51.547827485594],[0.0977420305232596,51.5476028524403],[0.0973817421337288,51.5476092951706],[0.0973714149103369,51.5473846619152],[0.0970111281453899,51.5473911034524],[0.097000802812961,51.5471664700953],[0.0966405176726015,51.5471729104396],[0.0962802323991215,51.5471793496804],[0.0962699107153221,51.5469547161322],[0.0959096270664588,51.54696115418],[0.0958993072735126,51.5467365205302],[0.095539025249269,51.5467429573851],[0.095178743091981,51.5467493931365],[0.0951684269475129,51.5465247592957],[0.0948081464148745,51.5465311938541],[0.0947978321611462,51.5463065599117],[0.0944375532531628,51.5463129932773],[0.094077274212206,51.5463194255393],[0.094066963606806,51.5460947914059],[0.0937066861905329,51.5461012224751],[0.0933464086413338,51.5461076524408],[0.0933567157314597,51.5463322867527],[0.0933670229545584,51.5465569210525],[0.0933773303106324,51.5467815553399],[0.0930170473555412,51.54678798447],[0.0930273530868836,51.5470126188345],[0.0930376589511839,51.5472372531867],[0.0930479649484428,51.5474618875267],[0.0930582710786631,51.5476865218544],[0.0926979809597042,51.5476929502381],[0.0927082854650867,51.5479175846428],[0.092718590103412,51.5481422190353],[0.0923582963359478,51.5481486464939],[0.0919980024356286,51.548155072849],[0.0920083036911972,51.5483797074078],[0.0920186050796686,51.5486043419543],[0.0920289066010442,51.5488289764886],[0.0920392082553266,51.5490536110106],[0.09167890719062,51.5490600366191],[0.0916686072942605,51.5488354020079],[0.0916583075307849,51.5486107673843],[0.0916480079001901,51.5483861327485],[0.0916377084024761,51.5481614981004],[0.091277414236513,51.5481679222483],[0.0909171199377622,51.5481743452925],[0.0905568255062462,51.548180767233],[0.0905465314149174,51.547956132305],[0.0901862386084997,51.5479625530527],[0.0898259456693652,51.5479689726968],[0.089465652597536,51.5479753912373],[0.089105359393035,51.5479818086742],[0.0887450660558849,51.5479882250074],[0.088384772586109,51.5479946402371],[0.0883744891745264,51.5477700047614],[0.0880141973299779,51.5477764187983],[0.087653905352851,51.5477828317315],[0.0872936132431675,51.5477892435611],[0.0869333210009513,51.5477956542871],[0.0869230447532833,51.5475710184425],[0.0865627541363744,51.5475774279757],[0.0862024633869795,51.5475838364053],[0.0858421725051219,51.5475902437313],[0.0858319016634201,51.547365607607],[0.0854716124069241,51.5473720137403],[0.0854613434555051,51.5471473775146],[0.0851010558243747,51.5471537824551],[0.0847407680608551,51.5471601862921],[0.0847305027574328,51.5469355498759],[0.0843702166193083,51.5469419525202],[0.0843599532060562,51.5467173160027],[0.0839996686933321,51.5467237174543],[0.0839894071702053,51.5464990808355],[0.0836291242828847,51.5465054810944],[0.0832688412632719,51.5465118802497],[0.0832585833879263,51.5462872434405],[0.0828983019937474,51.5462936414032],[0.0828880460084156,51.5460690044928],[0.0825277662396743,51.5460754012628],[0.0825175121443096,51.545850764251],[0.0821572340010114,51.5458571598285],[0.0817969557255184,51.5458635543024],[0.0817867052777181,51.5456389171003],[0.0814264283121458,51.5456453091905],[0.0814161797478956,51.545420671859],[0.0814059313161449,51.5451960345161],[0.0810456576826555,51.5452024251224],[0.0806853839167557,51.5452088146244],[0.0806751391428465,51.5449841771206],[0.0803148670072352,51.5449905654435],[0.0799545947392613,51.544996952662],[0.0799443536231096,51.5447723149972],[0.0795840829854537,51.5447787010367],[0.0792238122154824,51.5447850859719],[0.0792135747570039,51.5445604481462],[0.0788533056173805,51.5445668319023],[0.0784930363454894,51.544573214554],[0.078482802544599,51.5443485765675],[0.0781225349030851,51.5443549580403],[0.0777622671293526,51.5443613384087],[0.0777724974049997,51.5445859765446],[0.0774122277364452,51.5445923558833],[0.077051957935716,51.5445987341177],[0.0766916880028333,51.5446051112478],[0.0763314179378217,51.5446114872736],[0.0763211947126878,51.544386848839],[0.0759609262782031,51.5443932236858],[0.0756006577116346,51.5443995974283],[0.0755904381438954,51.544174958833],[0.0752301712078846,51.5441813313965],[0.075219953534859,51.5439566927152],[0.074859688229409,51.5439630640997],[0.0744994227919494,51.5439694343799],[0.0741391572225028,51.5439758035558],[0.0737788915210932,51.5439821716274],[0.0734186256877428,51.5439885385947],[0.0730583597224741,51.5439949044576],[0.0726980936253097,51.5440012692162],[0.0723378273962731,51.5440076328705],[0.0719775610353859,51.5440139954205],[0.0716172945426732,51.5440203568661],[0.0716070946275695,51.5437957174276],[0.0712468297656465,51.5438020776944],[0.0708865647719446,51.5438084368569],[0.0705262996464861,51.543814794915],[0.0701660343892946,51.5438211518688],[0.0698057690003912,51.5438275077183],[0.0698159601024983,51.5440521475293],[0.0698261513363582,51.544276787329],[0.0694658822905327,51.5442831422231],[0.0694760718934962,51.5445077820858],[0.0694862616281954,51.5447324219371],[0.0694964514946315,51.544957061777],[0.0695066414928085,51.5451817016055],[0.0695168316227258,51.5454063414226],[0.0695270218843884,51.5456309812283],[0.069537212277797,51.5458556210226],[0.0695474028029547,51.5460802608056],[0.0699076859506352,51.5460739053155],[0.0699178783703785,51.5462985450125],[0.0695575934598636,51.546304900577],[0.0695677842485252,51.5465295403371],[0.069207497443461,51.5465358948717],[0.0692176866009953,51.5467605346949],[0.069227875890265,51.5469851745067],[0.0692380653112719,51.5472098143071],[0.0692482548640176,51.547434454096],[0.0692584445485058,51.5476590938736],[0.0692686343647376,51.5478837336398],[0.0692788243127153,51.5481083733946],[0.0689185250353085,51.5481147273461],[0.0689287133519907,51.5483393671639],[0.0689389018004002,51.5485640069704],[0.0689490903805395,51.5487886467654],[0.0689592790924122,51.5490132865491],[0.0689694679360185,51.5492379263213],[0.068979656911362,51.5494625660822],[0.0689898460184449,51.5496872058316],[0.0693501576376439,51.5496808513587],[0.0693603486396726,51.5499054910223],[0.0693705397734675,51.5501301306745],[0.0693807310390317,51.5503547703152],[0.0693909223159177,51.5505794096377],[0.0694011134569369,51.5508040482668],[0.0694113047295517,51.5510286868836],[0.0690509825271954,51.5510350418118],[0.0690611721712303,51.5512596805063],[0.069071361946843,51.5514843191886],[0.0687110360925914,51.551490673193],[0.0687212242395586,51.5517153119529],[0.0687314125180842,51.5519399507006],[0.0687416009281722,51.5521645894361],[0.0683812696616742,51.5521709426067],[0.0683914564430288,51.5523955814199],[0.0684016433559276,51.5526202202207],[0.0684118304003722,51.5528448590093],[0.0687721669478304,51.5528385055686],[0.0691325033637826,51.5528321510242],[0.0694928396482067,51.5528257953759],[0.0695030321052888,51.5530504338821],[0.0698633700185201,51.55304407704],[0.0698735643676031,51.5532687154439],[0.0698837588483286,51.5534933538356],[0.0702441001507653,51.5534869957096],[0.0702542965235633,51.553711633999],[0.0698939534607016,51.553717992215],[0.0695336102662571,51.5537243493272],[0.0691732669402521,51.5537307053356],[0.0691630758487362,51.5535060667761],[0.0688027341516257,51.5535124215907],[0.0687925449521189,51.553287782929],[0.0684322048839072,51.5532941365496],[0.0680718646842073,51.5533004890665],[0.068082050362889,51.5535251279083],[0.068092236173103,51.5537497667377],[0.0681024221148506,51.5539744055549],[0.0681126081881347,51.5541990443598],[0.067752260815171,51.5542053961329],[0.0677624452594869,51.5544300350155],[0.0677726298353209,51.5546546738858],[0.0677828145426761,51.5548793127439],[0.0674224617566644,51.554885663683],[0.0674326448349636,51.5551103026188],[0.0674428280447658,51.5553349415423],[0.0670824716061369,51.5553412915575],[0.067072290156938,51.555116652544],[0.067062108839218,51.5548920135182],[0.0670519276529757,51.5546673744802],[0.0674122788098646,51.5546610247349],[0.067402095994562,51.5544363857746],[0.0673919133107556,51.554211746802],[0.067381730758442,51.5539871078171],[0.0673715483376192,51.55376246882],[0.0677318923210842,51.5537561183308],[0.0677217082713082,51.5535314794113],[0.0677115243530423,51.5533068404796],[0.0673511838904364,51.5533131907888],[0.0669908432964108,51.5533195399942],[0.0670010236938386,51.5535441791059],[0.0670112042227303,51.5537688182053],[0.0670213848830866,51.5539934572925],[0.0666610388763285,51.5539998056639],[0.0666712179076628,51.5542244448288],[0.0666813970704449,51.5544490839813],[0.0666915763646762,51.5546737231216],[0.0667017557903598,51.5548983622496],[0.0667119353474971,51.5551230013653],[0.0663515804066649,51.5551293490827],[0.0663617583346517,51.5553539882761],[0.0663719363940739,51.5555786274573],[0.0660115778006311,51.5555849742507],[0.0660217542308364,51.5558096135095],[0.0660319307924596,51.556034252756],[0.0656715685463275,51.5560405986255],[0.0656817434786674,51.5562652379497],[0.0653213793404983,51.5562715828051],[0.065331552643509,51.556496222207],[0.0649711866702862,51.5565025659046],[0.0646108207329749,51.5565089080778],[0.0646209906553398,51.5567335476695],[0.0646311607083107,51.5569581872487],[0.0642707911446936,51.5569645285084],[0.0642809595803572,51.5571891681701],[0.0639205881382993,51.5571955084212],[0.0639307549566095,51.5574201481654],[0.0642911281466079,51.5574138078193],[0.0646515012060802,51.5574074663694],[0.0646616716508839,51.5576321059109],[0.0643012968434494,51.5576384474558],[0.064311465670884,51.5578630870799],[0.063951088984934,51.5578694276162],[0.0639612561949534,51.5580940673227],[0.0636008776304842,51.5581004068504],[0.0632404989355272,51.5581067452743],[0.0632506627800502,51.5583313851584],[0.0628902822065887,51.5583377225736],[0.0628801201101046,51.5581130825945],[0.0625197411542398,51.5581194188109],[0.0621593620679541,51.5581257539236],[0.062169520668353,51.5583503940929],[0.0618091397036249,51.5583567281969],[0.0618192966864189,51.5585813684486],[0.0614589138432433,51.5585877015439],[0.0614690692083866,51.558812341878],[0.0611086844867583,51.5588186739645],[0.0611188384898105,51.5590433135073],[0.0607584518838449,51.5590496445398],[0.0607686042844496,51.5592742840458],[0.0604082157841256,51.5592806140492],[0.0604183665527457,51.5595052536195],[0.0600579761580581,51.5595115825938],[0.0600681252946489,51.5597362222284],[0.0597077330055921,51.5597425501735],[0.0597178805101073,51.5599671898724],[0.059357486326679,51.5599735167884],[0.0593676321990719,51.5601981565515],[0.0597280281457913,51.5601918295598],[0.0597381759126458,51.5604164692358],[0.0593777782026138,51.5604227963032],[0.0593879243373059,51.5606474360435],[0.0590275247328469,51.5606537620817],[0.059017380361493,51.5604291222658],[0.0586569823893051,51.5604354471233],[0.0586671249973188,51.560660087015],[0.0583067251307449,51.5606664108434],[0.0583168661065002,51.5608910507994],[0.0583270072133412,51.5611156907439],[0.0579666036889868,51.5611220136187],[0.0579767431635032,51.5613466536275],[0.0576163377447276,51.5613529754731],[0.057626475586874,51.561577615546],[0.0576366135600673,51.5618022556075],[0.0572762044834031,51.5618085764996],[0.0572863408241598,51.5620332166253],[0.056925929853041,51.562039536488],[0.0569360645613152,51.562264176678],[0.056946199400598,51.5624888168565],[0.0565857847714837,51.5624951357656],[0.0565959179782179,51.5627197760083],[0.0566060513159412,51.5629444162396],[0.0562456330287533,51.562950734195],[0.0562557647338616,51.5631753744904],[0.0558953445521552,51.5631816914165],[0.0559054746246034,51.5634063317762],[0.0559156048280022,51.5636309721244],[0.0555551809881153,51.5636372880967],[0.0555653095587863,51.5638619285091],[0.0552048838243469,51.563868243452],[0.0552150107622461,51.5640928839286],[0.0552251378310564,51.5643175243937],[0.0548647084383295,51.5643238383828],[0.0548748338743008,51.5645484789121],[0.0548849594411665,51.56477311943],[0.0545245263900734,51.5647794324653],[0.0545346503240328,51.5650040730473],[0.0548950851389276,51.5649977599364],[0.0549052109675867,51.5652224004313],[0.0545447743888682,51.5652287136179],[0.054184337679332,51.5652350256993],[0.0541944601111953,51.565459666334],[0.0545548985845805,51.565453354177],[0.0545650229111732,51.5656779947247],[0.0545751473686477,51.5659026352609],[0.0542147053674945,51.5659089475692],[0.0542248281919351,51.5661335881696],[0.0538643842960609,51.5661398994483],[0.0538542632355406,51.5659152587723],[0.0534938209728084,51.5659215688703],[0.0535039402694063,51.5661462096219],[0.0535140596968219,51.5663708503621],[0.053153613775462,51.5663771595061],[0.0531637315697271,51.5666018003104],[0.052803283753658,51.5666081084249],[0.0524428358068724,51.5666144154341],[0.0520823877293933,51.5666207213382],[0.052092500362464,51.5668453623578],[0.0524529502039435,51.5668390563782],[0.0528133999147274,51.5668327492933],[0.0528235162065753,51.5670573901503],[0.0531839675506589,51.5670510818847],[0.0531940862948908,51.5672757223731],[0.0535545392603891,51.5672694129696],[0.0535646606320817,51.5674940530919],[0.0535747821376321,51.5677186932061],[0.0535849037770426,51.5679433333122],[0.053224445357909,51.5679496427623],[0.0532143255364,51.5677250026406],[0.052853868801386,51.5677313109666],[0.0524934119326122,51.5677376181839],[0.0524832958807037,51.5675129780231],[0.0521228406960799,51.5675192841163],[0.0521329549301039,51.5677439242926],[0.0521430692978933,51.5679685644608],[0.0517826103437617,51.5679748694765],[0.0517927230273867,51.5681995096521],[0.0518028358447597,51.5684241498197],[0.0514423731210411,51.5684304537577],[0.0514524842541804,51.5686550939327],[0.0514625955210491,51.5688797340997],[0.051102129027665,51.56888603696],[0.0511122386102316,51.5691106771343],[0.0511223483265098,51.5693353173006],[0.0514828184559829,51.5693290144093],[0.0514929301240529,51.569553654552],[0.0515030419258613,51.5697782946866],[0.051142568160206,51.5697845976089],[0.0511526782776288,51.570009237751],[0.0507922025601831,51.5700155395801],[0.0508023109931739,51.5702401797296],[0.0504418333239347,51.5702464804654],[0.0504317267090979,51.5700218403005],[0.0500712507243955,51.5700281399122],[0.0500813555210756,51.5702527800926],[0.0500914604514075,51.5704774202649],[0.0497309806967715,51.5704837187989],[0.0497410839425514,51.5707083589786],[0.0493806022361335,51.5707146564192],[0.0493907037973153,51.5709392966063],[0.0494008054921091,51.5711639367853],[0.049761290835013,51.5711576393137],[0.0497713944816983,51.5713822794692],[0.0494109073205162,51.5713885769562],[0.0494210092825407,51.5716132171191],[0.0490605201694954,51.5716195135128],[0.0490504200257751,51.5713948733345],[0.0486899325974982,51.571401168604],[0.048700030922912,51.5716258087977],[0.0487101293818985,51.5718504489833],[0.0490706204468108,51.571844153683],[0.0494311113781829,51.5718378572739],[0.0494412136074465,51.5720624974206],[0.0490807208577237,51.5720687938451],[0.0490908214022365,51.5722934339992],[0.0487303267005945,51.5722997293304],[0.0487404255603104,51.5725243694918],[0.0483799291887038,51.5725306638876],[0.0483900261993091,51.5727553039644],[0.0484001233900467,51.5729799440592],[0.0480396286855888,51.5729862404225],[0.048049724114579,51.5732108804818],[0.0476892274668212,51.5732171757568],[0.0476993211786758,51.5734418158055],[0.0473388225429547,51.573448109967],[0.0473489145376256,51.5736727500052],[0.0469884139139374,51.5736790430533],[0.0466279131549203,51.5736853349915],[0.0466178248654871,51.5734606949605],[0.0469783237718839,51.5734544030187],[0.0469682337652155,51.5732297629771],[0.0473287306836924,51.5732234699219],[0.0473186389598362,51.5729988298697],[0.0469581438939299,51.5730051229284],[0.0465976486927021,51.5730114148773],[0.0466077367114155,51.5732360549224],[0.0462472395223155,51.5732423457579],[0.0462573258237885,51.5734669857923],[0.0462674122605994,51.5736916258198],[0.0459069112309989,51.5736979155382],[0.0459169959505003,51.5739225555551],[0.0455564929329925,51.57392884416],[0.0455665759351376,51.5741534841663],[0.0452060709297195,51.5741597716577],[0.0448455657890882,51.5741660580392],[0.0448354864922991,51.5739414180401],[0.0444749830691624,51.5739477033153],[0.0444649057602788,51.5737230633129],[0.0441044040546397,51.5737293474818],[0.0437439022138649,51.5737356305408],[0.0437338287454775,51.5735109905385],[0.0437237554122605,51.5732863505293],[0.0440842535477808,51.573280067463],[0.0440741784971413,51.5730554274431],[0.0440641035816922,51.5728307874162],[0.0437036091513303,51.5728370704897],[0.0437136822142127,51.573061710513],[0.0433531857961797,51.573067992473],[0.0433632571416342,51.5732926324856],[0.0430027587359256,51.5732989133321],[0.0426422601951583,51.5733051930687],[0.0422817615193571,51.5733114716955],[0.0422918274420901,51.5735361116901],[0.0419313267786522,51.5735423892033],[0.0419413909838111,51.5737670291872],[0.0419514553240245,51.5739916691642],[0.0415909508202693,51.5739979455601],[0.0416010134428396,51.5742225855263],[0.041240506951413,51.5742288608087],[0.0412505678562925,51.5744535007642],[0.0408900593771904,51.5744597749329],[0.0405295507631632,51.5744660479916],[0.0401690420142349,51.5744723199404],[0.040179097495864,51.5746969598778],[0.0401891531124385,51.5749215998082],[0.0401992088639608,51.5751462397316],[0.0402092647504322,51.575370879648],[0.0402193207846182,51.5755955194796],[0.0405798388258997,51.575589247573],[0.0405898969497235,51.5758138873339],[0.040229376976288,51.5758201591876],[0.0402394333073463,51.5760447988913],[0.0398789112624065,51.5760510695793],[0.0398688568635285,51.5758264299285],[0.0395083366114718,51.5758326995567],[0.0394982842841177,51.5756080599546],[0.0391377658249499,51.5756143285231],[0.0387772472265369,51.5756205959787],[0.0387872956895665,51.575845235475],[0.038426775019768,51.575851501765],[0.0384368216898972,51.5760761412041],[0.038446868499295,51.5763007806388],[0.0384569154479635,51.5765254200693],[0.0384669625359061,51.5767500594956],[0.0388274909346144,51.5767437934174],[0.0388174419144082,51.5765191539382],[0.0391779682416228,51.5765128866943],[0.039538494429583,51.5765066183376],[0.0395284416842023,51.5762819787482],[0.0398889658006507,51.5762757092259],[0.0402494897777967,51.5762694385908],[0.0406100136156144,51.5762631668429],[0.040970537314078,51.5762568939823],[0.0413310608731647,51.576250620009],[0.0413209986061117,51.5760259801508],[0.0416815200935989,51.5760197050118],[0.0420420414416582,51.57601342876],[0.0424025626502657,51.5760071513956],[0.0424126307138984,51.5762317914124],[0.0427731537152173,51.576225512988],[0.042763083719396,51.5760008729183],[0.0427530138631376,51.5757762328444],[0.0431135328606033,51.5757699532016],[0.0431034612117693,51.5755453130705],[0.0434639781375748,51.5755390322621],[0.0438244949238325,51.575532750341],[0.0438144202775652,51.5753081103602],[0.0441749350874756,51.5753018273267],[0.0445354497622342,51.5752955431831],[0.0445455280776013,51.5755201831605],[0.0449060444450621,51.5755138979012],[0.0452665606728732,51.5755076115292],[0.0452766439144796,51.5757322519771],[0.0449161257545456,51.5757385382964],[0.0449262072037369,51.5759631786873],[0.0449362887926384,51.5761878190739],[0.0449463705212525,51.5764124594563],[0.0445858464251455,51.5764187445044],[0.0442253221894036,51.5764250284397],[0.0442354001932838,51.5766496687123],[0.0438748738857057,51.576655951482],[0.0438647978140533,51.5764313112623],[0.0438547218820419,51.5762066710384],[0.0434941992993136,51.576212952801],[0.0435042732991196,51.5764375929721],[0.0435143474385421,51.576662233139],[0.0431538208518175,51.5766685136832],[0.0431638931986021,51.5768931537929],[0.0435244217175839,51.5768868733016],[0.0435344961362468,51.5771115134599],[0.0435445706945346,51.577336153614],[0.0439051029385361,51.5773298721156],[0.0439151795687785,51.5775545123183],[0.0435546453924483,51.5775607937639],[0.0431941110765471,51.5775670740967],[0.0432041839817349,51.5777917141895],[0.0435647202299911,51.5777854339095],[0.0435747952071649,51.5780100740508],[0.0432142570265293,51.578016354278],[0.0428537187063439,51.5780226333923],[0.0428637899583404,51.5782472734236],[0.0432243302109331,51.5782409943622],[0.0432344035349487,51.5784656344422],[0.0432444769985768,51.5786902745179],[0.0436050209764999,51.5786839944493],[0.0439655648148404,51.5786777132679],[0.0439756422830398,51.5789023534451],[0.0439857198909064,51.579126993618],[0.0439957976384434,51.5793516337867],[0.0440058755256543,51.5795762739511],[0.043645323957265,51.5795825549212],[0.043655400051576,51.5798071950285],[0.0436654762855414,51.5800318351315],[0.0436755526591621,51.5802564752304],[0.0436856291724394,51.5804811153249],[0.0436957058253779,51.5807057554153],[0.0437057826179791,51.5809303955013],[0.0437158595502458,51.5811550355831],[0.0433552943137167,51.5811613150704],[0.042994728937604,51.5811675934446],[0.0426341634219327,51.581173870706],[0.0426442346956159,51.5813985106249],[0.0426543061088952,51.5816231505397],[0.0430148754900966,51.5816168733841],[0.0430249489757766,51.5818415133474],[0.0430350226010824,51.5820661533065],[0.0430450963660162,51.5822907932614],[0.0426845211863365,51.5822970702583],[0.042694593158026,51.582521710156],[0.0427046652693239,51.5827463500495],[0.0423440860843185,51.5827526258277],[0.0419835067597888,51.5827589004929],[0.041622927295759,51.5827651740451],[0.0412623476922544,51.5827714464842],[0.0412724122114418,51.5829960861618],[0.0409118305355527,51.5830023574351],[0.0409218932612927,51.5832269970555],[0.041282476870144,51.5832207258352],[0.0412925416683636,51.5834453655043],[0.0416531270707431,51.5834390932239],[0.0420137123336417,51.5834328198304],[0.0420237811373939,51.5836574596011],[0.042033850532143,51.5838820996766],[0.0416732614932631,51.5838883730255],[0.0416833310946341,51.5841130144118],[0.0416934008293404,51.5843376557896],[0.0417034706973854,51.5845622971591],[0.0420640652021915,51.5845560237459],[0.0420741370255974,51.5847806650855],[0.0424347332191104,51.584774390542],[0.0424448069979254,51.5849990318518],[0.0428054048801405,51.5849927561779],[0.042815480614412,51.5852173974579],[0.043176080185323,51.5852111206536],[0.0431861578750972,51.5854357619037],[0.0435467591347017,51.585429483969],[0.0439073602608886,51.5854232049254],[0.0442679612536356,51.5854169247728],[0.0442780445431653,51.5856415659501],[0.0439174417283166,51.5856478461242],[0.0439275233292365,51.5858724873145],[0.0442881279662111,51.585866207119],[0.0442982115227743,51.5860908482795],[0.044308295212857,51.5863154894316],[0.0439476869315618,51.5863217696701],[0.0435870785168155,51.5863280487995],[0.0432264699686437,51.58633432682],[0.0432365483256546,51.586558968028],[0.0428759378218772,51.5865652449609],[0.0425153271847198,51.5865715207848],[0.0421547164142041,51.5865777954996],[0.0417941055103546,51.5865840691055],[0.0414334944731955,51.5865903416023],[0.0414435638525062,51.586814982909],[0.0414536333651564,51.5870396242074],[0.0414637030111481,51.5872642654973],[0.0414737727904842,51.5874889067788],[0.0418343911167255,51.5874826341963],[0.0421950093096487,51.5874763605048],[0.0425556273692275,51.5874700857043],[0.0425657027488907,51.5876947269131],[0.0422050828669869,51.5877010017351],[0.0418444628517366,51.587707275448],[0.0418545347201201,51.5879319166913],[0.0418646067218778,51.5881565579261],[0.0418746788570112,51.5883811991526],[0.0415140532413115,51.5883874718206],[0.0415241236874014,51.5886121130601],[0.0415341942668489,51.5888367542911],[0.0418948235274181,51.5888304815802],[0.0419048960626952,51.5890551227814],[0.0419149687313584,51.5892797639743],[0.0419250415334098,51.5895044051586],[0.0419351144688515,51.5897290463346],[0.0415744779182615,51.5897353191311],[0.0415845491645307,51.5899599603201],[0.0415946205441731,51.5901846015007],[0.0416046920571884,51.5904092426728],[0.04161476370358,51.5906338838366],[0.0412541197292664,51.5906401556095],[0.0412641896863758,51.5908647967862],[0.0409035437560961,51.5908710674714],[0.0409136120238772,51.5910957086611],[0.0409236804249938,51.5913203498424],[0.0405630307160321,51.5913266194611],[0.0405730974277529,51.5915512606554],[0.0402124457627903,51.5915575291862],[0.039851793964585,51.5915637966079],[0.0398618571640995,51.5917884378365],[0.0395012034099112,51.5917947041703],[0.0391405495225252,51.5918009693949],[0.0391506092097324,51.5920256106578],[0.0387899533663796,51.5920318747945],[0.0388000118276941,51.592256516379],[0.0388100711772365,51.592481158458],[0.0388201306574114,51.5927058005271],[0.0391807918267633,51.5926995362431],[0.0391908532143584,51.5929241782553],[0.0392009147326126,51.5931488202577],[0.03921097638153,51.5933734622501],[0.0392210381611124,51.5935981042328],[0.0388603698844856,51.5936043687051],[0.0388704300178578,51.593829010725],[0.0392311000713616,51.5938227462056],[0.0395917699942415,51.5938164805783],[0.0395817063071184,51.5935918386526],[0.0395716427506859,51.593367196717],[0.03956157932494,51.5931425547717],[0.0399222437866284,51.5931362881778],[0.0402829081176543,51.5931300204761],[0.0402929750970481,51.5933546623273],[0.0403030422071775,51.5935793041686],[0.0406637099611833,51.5935730352648],[0.0406737789789152,51.5937976770492],[0.0406838481274085,51.5940223188237],[0.0410445193044553,51.5940160487178],[0.0410545903606232,51.5942406904353],[0.0410646615475793,51.5944653321429],[0.041074732865327,51.5946899738407],[0.0414354092424292,51.5946837024855],[0.0417960854887615,51.5946774300224],[0.0418061604912568,51.594902071616],[0.0421668383837687,51.5948957979979],[0.0421769152941014,51.5951204395345],[0.0421869923353005,51.5953450810613],[0.0425476736510065,51.5953388062408],[0.0425577526001146,51.5955634477106],[0.0429184355620134,51.595557171735],[0.0432791183930409,51.5955508946516],[0.0432892010271629,51.5957755360171],[0.0432992837922279,51.5960001773728],[0.0436599700464977,51.595993899087],[0.0436700547196105,51.5962185403856],[0.0440307426200579,51.5962122609446],[0.0443914303895597,51.5962059803957],[0.0447521180280915,51.5961996987389],[0.0451128055356308,51.596193415974],[0.0454734929121534,51.5961871321013],[0.0458341801576383,51.5961808471206],[0.0458240848219574,51.5959562061054],[0.0461847701592934,51.595949920064],[0.0465454553655463,51.5959436329147],[0.0469061404406939,51.5959373446574],[0.0468960399049348,51.5957127037742],[0.047256723071897,51.5957064144562],[0.0476174061077093,51.5957001240304],[0.0479780890123494,51.5956938324966],[0.0483387717857945,51.5956875398549],[0.0483286642730854,51.5954628991511],[0.0486893451222781,51.5954566054287],[0.0490500258364819,51.5954503105938],[0.0494107064193671,51.5954440146511],[0.0494005937046782,51.5952193740859],[0.0497612723782234,51.5952130770849],[0.0501219509204054,51.595206778976],[0.0504826293312022,51.5952004797594],[0.0508433076105905,51.595194179435],[0.0512039857585479,51.5951878780029],[0.0512141073632085,51.5954125183208],[0.0512242290993741,51.5956371586287],[0.0512343509670444,51.5958617989267],[0.0515950343175788,51.5958554962383],[0.0516051580948139,51.5960801364768],[0.0516152820035807,51.5963047767053],[0.0512545950969088,51.5963110794927],[0.0512647173591092,51.5965357197608],[0.0516254060438835,51.5965294169239],[0.051635530215724,51.5967540571325],[0.0516456545191029,51.596978697331],[0.0516557789540239,51.5972033375196],[0.0520164728417483,51.5971970334265],[0.0523771665979516,51.5971907282254],[0.0523872947208005,51.597415368305],[0.0527479901236478,51.5974090619466],[0.052737860222611,51.5971844219165],[0.052727730453187,51.5969597818764],[0.0527176008153742,51.5967351418264],[0.0523569107470229,51.5967414480362],[0.0523467830189375,51.5965168079267],[0.0519860945971673,51.5965231129792],[0.0519759687787646,51.5962984728101],[0.052336655422436,51.5962921678071],[0.052326527957515,51.5960675276776],[0.0526872126915788,51.5960612216162],[0.0530478972940865,51.5960549144471],[0.0530377664046468,51.5958302744066],[0.0533984490975298,51.5958239661792],[0.0537591316588141,51.5958176568439],[0.0537489973449539,51.5955930168925],[0.0541096779965984,51.595586706499],[0.0541198140884762,51.5958113464009],[0.0541299503120463,51.5960359862928],[0.0544906343881006,51.5960296746923],[0.0545007725214261,51.5962543145247],[0.0545109107864709,51.596478954347],[0.0548715982869984,51.5964726415397],[0.0548817384618701,51.5966972813025],[0.054891878768489,51.5969219210553],[0.0552525696935473,51.596915607041],[0.0552627119100647,51.5971402467342],[0.0552728542583564,51.5973648864175],[0.0552829967384243,51.5975895260908],[0.055643692866268,51.5975832108199],[0.0556538372563311,51.5978078504336],[0.056014535030633,51.5978015340052],[0.0560246813307377,51.5980261735593],[0.0560348277626715,51.5982508131035],[0.056044974326438,51.5984754526376],[0.0560551210220384,51.5987000921618],[0.0564158257776362,51.5986937744271],[0.0564259743833988,51.5989184138917],[0.0567866807855081,51.5989120949995],[0.0567765304014209,51.5986874555845],[0.0567663801492154,51.5984628161596],[0.0571270828628647,51.5984564962587],[0.0571169309642622,51.5982318568734],[0.0571067791975621,51.5980072174781],[0.0574674782228294,51.5980008965686],[0.0578281771162211,51.5979945745512],[0.0581888758777154,51.597988251426],[0.0581787189082351,51.5977636121696],[0.0585394157595869,51.5977572879861],[0.0585292571438744,51.5975326487694],[0.0588899520850872,51.5975263235277],[0.0588797918231886,51.5973016843507],[0.059240484854268,51.5972953580508],[0.0592303229462278,51.5970707189134],[0.0595910140671782,51.5970643915554],[0.0596011777533638,51.597289030643],[0.0599618705204531,51.5972827021275],[0.0599720361168576,51.5975073411554],[0.0599822018453401,51.5977319801734],[0.0599923677059028,51.5979566191814],[0.0603530656755234,51.5979502894089],[0.0603632334464017,51.5981749283572],[0.060723933062193,51.5981685974271],[0.0610846325458991,51.5981622653891],[0.0614453318974978,51.5981559322432],[0.0618060311169657,51.5981495979895],[0.0621667302042795,51.5981432626278],[0.0625274291594159,51.5981369261583],[0.0628881279823523,51.5981305885809],[0.0632488266730662,51.5981242498956],[0.0636095252315336,51.5981179101025],[0.0639702236577316,51.5981115692014],[0.0639600381046487,51.5978869307506],[0.064320734620347,51.5978805887915],[0.064330921951638,51.5981052271925],[0.064341109415291,51.5983298655836],[0.0643512970113068,51.5985545039646],[0.0647119987293785,51.5985481607482],[0.0647221882360352,51.5987727990694],[0.064732377875083,51.5989974373806],[0.0650930829535362,51.5989910928994],[0.0654537872415402,51.5989847467205],[0.0658144913952128,51.5989783994321],[0.0658042963711899,51.5987537612327],[0.0661649985780123,51.5987474128576],[0.0665257006504589,51.598741063373],[0.0668864025885069,51.598734712779],[0.0672471043921341,51.5987283610755],[0.0672369022526254,51.5985037229583],[0.067597602109342,51.5984973701682],[0.0679583018315918,51.5984910162685],[0.0683190014193507,51.5984846612595],[0.068679700872596,51.5984783051411],[0.0686694916178244,51.5982536671063],[0.0690301891241005,51.5982473099011],[0.0693908864958174,51.5982409515866],[0.0697515837329525,51.5982345921626],[0.070112280835482,51.5982282316293],[0.0701020644656683,51.598003593677],[0.0704627596211695,51.597997232057],[0.0708234546420196,51.5979908693275],[0.071184149528196,51.5979845054887],[0.0715448442796742,51.5979781405405],[0.0719055388964327,51.5979717744829],[0.071895313599432,51.5977471366361],[0.0722560062690809,51.5977407694919],[0.0726166988039631,51.5977344012383],[0.0729773912040572,51.5977280318753],[0.0733380834693373,51.5977216614029],[0.0733278510577721,51.597497023639],[0.0736885413758848,51.5974906520801],[0.0740492315591388,51.5974842794118],[0.0744099216075128,51.5974779056341],[0.0747706115209818,51.5974715307471],[0.0751313012995226,51.5974651547507],[0.0754919909431115,51.5974587776449],[0.0754817477926055,51.5972341400096],[0.0758424354889248,51.5972277618174],[0.0762031230502479,51.5972213825157],[0.0765638104765505,51.5972150021047],[0.0765535620242524,51.5969903645298],[0.0769142475032468,51.5969839830324],[0.0772749328471769,51.5969776004256],[0.0772851849240014,51.5972022379546],[0.0772954371359567,51.5974268754752],[0.0773056894830454,51.5976515129874],[0.0773159419652692,51.597876150491],[0.0773261945826311,51.5981007879862],[0.0769655001771574,51.5981071707077],[0.0766048056366077,51.5981135523198],[0.0766150547643503,51.5983381898524],[0.0762543582763644,51.598344570378],[0.0762646057267954,51.5985692079251],[0.0762748533123009,51.5987938454637],[0.0759141530644417,51.5988002249257],[0.0759243989725691,51.5990248624787],[0.0759346450157517,51.5992495000233],[0.0759448911939936,51.5994741375594],[0.0763055968792897,51.5994677580286],[0.0763158450051176,51.5996923955333],[0.0759551375072961,51.599698775087],[0.0759653839556603,51.5999234126062],[0.0756046745102642,51.5999297910733],[0.0756149192811199,51.6001544286069],[0.0756251641870196,51.600379066132],[0.0759858772575885,51.6003726876191],[0.0763465901931281,51.6003663079967],[0.0763568385213486,51.6005909452702],[0.0767175531512322,51.6005845645246],[0.0770782676473426,51.6005781826704],[0.0770885191501501,51.6008028195445],[0.0767278028642615,51.6008092014365],[0.0767380527111115,51.6010338383392],[0.0767483026917836,51.6012584752324],[0.0763875826924895,51.6012648560915],[0.0763978310171366,51.6014894930132],[0.0764080794755867,51.6017141299257],[0.0760473557628096,51.6017205097517],[0.0760576025651683,51.6019451466926],[0.0760678495013112,51.6021697836242],[0.075707122074972,51.6021761624171],[0.0757173673549556,51.6024007993772],[0.0753566380049479,51.6024071770991],[0.0753463945149129,51.6021825401012],[0.0749856668211588,51.6021889166766],[0.0746249389937313,51.6021952921433],[0.0742642110326545,51.6022016665013],[0.0739034829379512,51.6022080397506],[0.0739137192681658,51.6024326768995],[0.0735529892498998,51.6024390490778],[0.0731922590980501,51.6024454201474],[0.0728315288126416,51.6024517901082],[0.0728417599065494,51.6026764273611],[0.0724810276976143,51.6026827962509],[0.0721202953551646,51.602689164032],[0.0721305230026259,51.6029138013509],[0.0721407507836265,51.6031384386606],[0.0721509786981687,51.6033630759609],[0.0725117164107367,51.6033567080667],[0.0725219462489088,51.60358134532],[0.0725321762206513,51.603805982564],[0.0725424063259659,51.6040306197987],[0.0725526365648544,51.6042552570241],[0.0721918916918058,51.6042616250691],[0.0721816632430726,51.6040369878061],[0.0721714349278894,51.6038123505336],[0.0718106935016247,51.6038187173945],[0.0718004671101021,51.6035940800751],[0.0714397273404706,51.6036004457894],[0.0714295028725614,51.603375808423],[0.07141927853815,51.6031511710473],[0.0710585422152262,51.6031575355775],[0.0710483198043578,51.6029328981548],[0.0710380975269589,51.6027082607228],[0.0706773646506818,51.6027146240689],[0.0706671442967532,51.6024899865899],[0.071027875383028,51.6024836232814],[0.0710176533725637,51.6022589858308],[0.0706569240762675,51.6022653491016],[0.0706467039892224,51.6020407116039],[0.0702859763494897,51.6020470737283],[0.0699252485763897,51.602053434744],[0.0699354650835162,51.6022780723169],[0.0695747353871074,51.6022844322615],[0.069564520669944,51.602059794651],[0.0692037926301751,51.6020661534492],[0.0688430644571067,51.6020725111387],[0.0684823361507631,51.6020788677195],[0.0681216077111667,51.6020852231916],[0.0681318152684568,51.6023098609527],[0.0677710849056567,51.6023162153537],[0.0677608791383406,51.602091577555],[0.0674001504323089,51.6020979308097],[0.0670394215930932,51.6021042829556],[0.0670496237804531,51.6023289208294],[0.0670598261010222,51.6025535586939],[0.0666990935486624,51.6025599098063],[0.0663383608631597,51.6025662598099],[0.0663485597368835,51.6027908977403],[0.0663587587437736,51.6030155356613],[0.0659980223450663,51.6030218846313],[0.0660082196950479,51.6032465225806],[0.0656474813731608,51.6032528704794],[0.0656576770661874,51.6034775084569],[0.066018417178178,51.6034711605206],[0.0660286147944593,51.6036957984513],[0.0656678728923421,51.6037021464252],[0.0653071308571406,51.6037084932902],[0.0652969368211156,51.6034838552845],[0.0652867429181948,51.6032592172693],[0.0649260042054079,51.6032655628356],[0.0645652651513427,51.603271907101],[0.0642045259649902,51.6032782502585],[0.0641943375253858,51.6030536120824],[0.0638335999841182,51.6030599540816],[0.0638437866463723,51.6032845923078],[0.0634830471955133,51.6032909332491],[0.0631223076124349,51.6032972730824],[0.0631324908522265,51.6035219113988],[0.0627717493595729,51.6035282501742],[0.0624110077347453,51.6035345878414],[0.0624211875519738,51.6037592262481],[0.0627819309542073,51.6037528885307],[0.0627921126810651,51.6039775268772],[0.0628022945401498,51.6042021652137],[0.0628124765314627,51.6044268035402],[0.0628226586550081,51.6046514418567],[0.0631834090349036,51.6046451028308],[0.0631935930681995,51.6048697410871],[0.063554345093401,51.604863400903]]],[[[0.0957701989616236,51.5831593298717],[0.0954096330495178,51.5831657733147],[0.0954199689767851,51.5833904088324],[0.0950594012115916,51.5833968512617],[0.0950490670063464,51.5831722156527],[0.0946885008321312,51.5831786568858],[0.0946988333153527,51.5834032925861],[0.094709165929639,51.5836279282739],[0.0947194988712759,51.583852564102],[0.0947298351346508,51.584077202398],[0.0950904081707337,51.5840707607833],[0.0954509810718017,51.5840643180604],[0.0954406412268327,51.5838396798325],[0.0958012123028846,51.5838332361141],[0.0957908743913299,51.5836086007124],[0.0957805366109108,51.5833839652982],[0.0957701989616236,51.5831593298717]]],[[[0.0560551210220384,51.5987000921618],[0.0556944161346507,51.5987064087885],[0.0556842712173566,51.5984817692148],[0.0556741264318733,51.598257129631],[0.0553134249693126,51.5982634450507],[0.0553235679765105,51.598488084684],[0.0549628646039222,51.5984943990454],[0.0546021610996155,51.5985007122988],[0.0542414574636134,51.5985070244443],[0.0542313197912855,51.5982823846623],[0.0545920216489956,51.5982760725663],[0.0549527233750123,51.5982697593625],[0.0549425822778651,51.5980451196696],[0.0545818823301154,51.5980514328239],[0.0542211822506743,51.5980577448703],[0.0538604820395653,51.5980640558088],[0.0538706178019051,51.5982886956504],[0.0535099156808779,51.5982950055306],[0.0535200497966145,51.5985196454117],[0.0531593457656636,51.5985259542335],[0.0527986416031099,51.5985322619474],[0.0528087722938737,51.5987569019176],[0.0528189031162661,51.5989815418779],[0.0528290340702905,51.5992061818281],[0.0528391651559472,51.5994308217684],[0.0531998764319362,51.5994245138563],[0.0535605875763134,51.5994182048364],[0.0539212985890541,51.5994118947085],[0.0539111621682239,51.5991872549168],[0.0542718712709191,51.5991809437306],[0.0546325802419365,51.5991746314363],[0.0546427202195373,51.5993992711289],[0.0550034308372337,51.5993929576772],[0.0549932890812502,51.5991683180342],[0.0553539977888395,51.5991620035241],[0.0557147063646793,51.5991556879061],[0.056075414808749,51.5991493711801],[0.056065267849474,51.5989247316759],[0.0560551210220384,51.5987000921618]]],[[[0.0631223076124349,51.6032972730824],[0.0631121245048865,51.6030726347559],[0.063101941529579,51.6028479964195],[0.0630917586865096,51.602623358073],[0.0630815759756758,51.6023987197165],[0.0627208433696895,51.6024050582412],[0.0627106625683539,51.6021804198245],[0.0623499316074708,51.6021867571911],[0.061989200514449,51.6021930934497],[0.0616284692893116,51.6021994286002],[0.0612677379320829,51.6022057626427],[0.0612779116243376,51.6024304012597],[0.0612880854487119,51.6026550398668],[0.0612982594052063,51.6028796784638],[0.061308433493825,51.6031043170508],[0.0613186077145682,51.6033289556277],[0.0609578673386607,51.6033352888126],[0.0609680399141406,51.6035599274296],[0.0613287820674393,51.6035535941947],[0.0616895240886551,51.6035472598517],[0.0616793479583951,51.6033226213348],[0.0620400880701183,51.6033162859338],[0.0624008280497151,51.6033099494247],[0.0627615678971614,51.6033036118076],[0.0631223076124349,51.6032972730824]]],[[[0.0628837541732553,51.6059992715453],[0.0628735712562764,51.6057746332889],[0.0628633884715423,51.6055499950225],[0.062502630849242,51.6055563331408],[0.0621418730947693,51.6055626701509],[0.062152052324277,51.6057873085176],[0.0621622316859838,51.6060119468742],[0.0625229929957076,51.6060056097638],[0.0628837541732553,51.6059992715453]]],[[[0.112961002168378,51.5958908552566],[0.11260033549183,51.5958973465162],[0.112610766571246,51.5961219850171],[0.112971435057839,51.5961154937628],[0.113332103407122,51.5961090013976],[0.113692771619068,51.5961025079213],[0.113703208265984,51.5963271464313],[0.113713645050276,51.5965517849345],[0.113352973218178,51.5965582784002],[0.113342538243974,51.5963336399023],[0.112981868084626,51.5963401322622],[0.112992301248741,51.5965647707547],[0.113002734550187,51.5967894092405],[0.113013167988965,51.5970140477194],[0.113373843578651,51.5970075553755],[0.113384278964924,51.597232193853],[0.113744956227421,51.5972257004034],[0.113755393561235,51.5974503388794],[0.114116072496539,51.597443844324],[0.114476751294448,51.5974373486576],[0.114837429954936,51.5974308518801],[0.115198109888379,51.5974243561673],[0.115208554683805,51.5976489947827],[0.115218999613989,51.5978736333865],[0.115579685097406,51.5978671397446],[0.115569238404018,51.5976425012169],[0.115929921989462,51.5976360065448],[0.115940370446054,51.5978606449963],[0.116301055659912,51.5978541491417],[0.116661740738954,51.5978476521808],[0.11702242568316,51.5978411541135],[0.117383110492505,51.5978346549399],[0.117393566136785,51.5980592930753],[0.117754252574462,51.5980527927191],[0.117743795166967,51.5978281546599],[0.118104479706525,51.5978216532736],[0.11809402067076,51.597597015279],[0.118083561769936,51.597372377273],[0.118444242648213,51.5973658749327],[0.118433782119184,51.5971412369913],[0.118423321725114,51.5969165990383],[0.118783998942189,51.5969100957442],[0.118773536919981,51.5966854578559],[0.11876307503275,51.5964608199561],[0.118752613280493,51.5962361820448],[0.118742151663207,51.5960115441219],[0.118731690180892,51.5957869061875],[0.118721228833544,51.5955622682416],[0.118710767621161,51.5953376302842],[0.11835010274526,51.5953441330449],[0.118360562194687,51.5955687710786],[0.118371021779056,51.5957934091007],[0.11801035324229,51.5957999109076],[0.117649684570616,51.5958064116083],[0.117289015764057,51.5958129112026],[0.11727856146864,51.595588272952],[0.117268107308095,51.5953636346898],[0.117257653282423,51.5951389964161],[0.116896989629898,51.5951454946757],[0.116886537502014,51.5949208563143],[0.11652587547758,51.5949273533916],[0.116165213318338,51.5949338493626],[0.116154764851099,51.5947092108374],[0.116144316518654,51.5944845723007],[0.116133868321004,51.5942599337524],[0.116123420258143,51.5940352951926],[0.115762765015597,51.5940417897529],[0.115402109638296,51.594048283207],[0.115412554175483,51.594272921919],[0.115051896944441,51.5942794144119],[0.114691243761659,51.5942859123744],[0.114330590441469,51.594292409226],[0.113969936983892,51.5942989049666],[0.113980374341767,51.5945235435364],[0.113990811837024,51.5947481820993],[0.114001249469661,51.5949728206554],[0.113640590445028,51.5949793152692],[0.113630154622311,51.5947546767184],[0.113619718936953,51.5945300381608],[0.113609283388951,51.5943053995964],[0.113598847978302,51.5940807610251],[0.113238196055875,51.5940872545492],[0.112877543996135,51.5940937469624],[0.112516891799105,51.5941002382647],[0.112156239464807,51.5941067284561],[0.112166667636029,51.594331367006],[0.11217709594451,51.5945560055491],[0.11181643985322,51.5945624946188],[0.111826866489054,51.5947871331498],[0.111837293262131,51.5950117716739],[0.11184772017245,51.5952364101912],[0.112208381693539,51.5952299211376],[0.112218810551085,51.5954545596534],[0.112229239545902,51.5956791981625],[0.112589904549713,51.5956727080086],[0.112579473744894,51.5954480694942],[0.112569043077372,51.5952234309729],[0.112929704323926,51.5952169396973],[0.112940136801423,51.5954415782239],[0.11295056941624,51.5956662167437],[0.112961002168378,51.5958908552566]]],[[[0.102781925318089,51.602143880628],[0.102771542229174,51.6019192428882],[0.103132259762905,51.6019127826602],[0.103121875010993,51.6016881449431],[0.103111490395139,51.601463507217],[0.103472204194797,51.6014570459433],[0.103461817916012,51.60123240824],[0.103101105915338,51.601238869482],[0.102740393778635,51.6012453296151],[0.10275077645945,51.6014699673817],[0.102390062387752,51.6014764264373],[0.102400443405586,51.6017010642267],[0.102410824559431,51.6019257020071],[0.102421205849287,51.6021503397785],[0.102781925318089,51.602143880628]]],[[[0.0688268361125534,51.5460929684724],[0.0691871195235867,51.5460866151912],[0.0691769307612425,51.5458619753338],[0.0691667421306255,51.545637335465],[0.0691565536317309,51.5454126955848],[0.0691463652645588,51.5451880556932],[0.069136177029105,51.5449634157902],[0.0691259889253684,51.5447387758759],[0.0687657160908897,51.5447451287102],[0.0687759024319246,51.5449697686991],[0.0687860889046533,51.5451944086765],[0.068796275509078,51.5454190486426],[0.0688064622452012,51.5456436885973],[0.0688166491130257,51.5458683285405],[0.0688268361125534,51.5460929684724]]],[[[0.0662873684919704,51.6014430700185],[0.0659266446231629,51.6014494187256],[0.0659164483382875,51.6012247807019],[0.0655557261262916,51.6012311282627],[0.0651950037812377,51.6012374747149],[0.0648342810213487,51.6012438197935],[0.0648444719568642,51.6014684579493],[0.0648546630247195,51.6016930960952],[0.0648648542249158,51.601917734231],[0.0645041258345773,51.6019240781955],[0.0645143153898878,51.6021487163715],[0.0648750455574574,51.6021423723568],[0.065235775400081,51.6021360270543],[0.0655965049048636,51.602129680452],[0.0655863100105555,51.6019050424187],[0.0659470375923069,51.6018986947452],[0.0659368410411685,51.60167405674],[0.0662975666998919,51.6016677079954],[0.0662873684919704,51.6014430700185]]],[[[0.016636492926474,51.5726313097459],[0.016646430888744,51.5728559523615],[0.0162859337959617,51.5728621534214],[0.0162958701370203,51.5730867960917],[0.0166563689786545,51.5730805949662],[0.0166663071962081,51.57330523756],[0.0166762455414065,51.5735298801429],[0.0170367477532361,51.57352367778],[0.0170466879750011,51.5737483202864],[0.0170566283244382,51.5739729627819],[0.0174171339065233,51.5739667591817],[0.0174270761325973,51.5741914016007],[0.0174370184863696,51.5744160440088],[0.0174469609678443,51.574640686406],[0.0174569035770228,51.5748653287924],[0.0174668463139056,51.5750899711678],[0.0174767891784982,51.5753146135324],[0.0174867313604595,51.5755392553569],[0.0174966689388066,51.5757638940804],[0.0175066066500551,51.5759885327961],[0.0175165444942055,51.5762131715042],[0.0175264824712602,51.5764378102046],[0.0175364205812212,51.5766624488973],[0.0175463588240923,51.5768870875822],[0.0175562971998739,51.5771117262594],[0.01756623570857,51.577336364929],[0.0175761743501824,51.5775610035908],[0.0175861131247122,51.5777856422449],[0.0175960520321624,51.5780102808913],[0.0176059910725365,51.57823491953],[0.0179665310510052,51.5782287143703],[0.0179764720675027,51.5784533529929],[0.0179864132169507,51.5786779916078],[0.017625869552061,51.5786841967842],[0.0176358089912166,51.5789088353997],[0.0176457485633053,51.5791334740076],[0.0176556882683266,51.5793581126077],[0.0180162374630253,51.5793519074062],[0.0180261791443009,51.5795765459903],[0.0180361209585385,51.5798011845666],[0.0180460629057416,51.5800258231352],[0.0176855081810218,51.5800320283618],[0.0173249533234557,51.580038232479],[0.0173150150629833,51.5798135938937],[0.0173050769354289,51.5795889553006],[0.0172951389407891,51.5793643166998],[0.0169345894804372,51.5793705196825],[0.0165740398872937,51.5793767215558],[0.0162134901613827,51.5793829223196],[0.0162234226260515,51.5796075609454],[0.0162333552235634,51.5798321995636],[0.0162432879539228,51.580056838174],[0.0158827325652122,51.5800630378534],[0.0158926635850212,51.5802876764644],[0.0159025947376569,51.5805123150678],[0.0155420355293946,51.5805185136544],[0.0155519649714111,51.5807431522583],[0.0155618945462363,51.5809677908546],[0.0155718242538721,51.5811924294431],[0.0152112593824785,51.5811986269452],[0.015221187379405,51.5814232655343],[0.0152311155091231,51.5816479041157],[0.0152410437716358,51.5818725426895],[0.0156016141736672,51.5818663451624],[0.0159621844429781,51.5818601465258],[0.0163227545795441,51.5818539467797],[0.0163128207863307,51.581629308231],[0.0166733889465668,51.5816231073837],[0.0170339569740123,51.581616905427],[0.0173945248686436,51.5816107023607],[0.0173845856776848,51.5813860638293],[0.017745151595946,51.5813798596619],[0.0181057173813481,51.581373654385],[0.0180957746363084,51.5811490158627],[0.0184563384453218,51.5811428094847],[0.0188169021214306,51.5811366019972],[0.0188268485534754,51.5813612405028],[0.018836795118549,51.5815858790007],[0.0191973623487499,51.5815796703869],[0.0192073108904005,51.5818043088686],[0.0195678798311876,51.581798099137],[0.0199284486389909,51.5817918882958],[0.019938401000831,51.582016526753],[0.0202989715191887,51.5820103147939],[0.0203089258577215,51.5822349532349],[0.0203188803293867,51.5824595916683],[0.0203288349341858,51.582684230094],[0.0203387896721203,51.5829088685119],[0.0199782117792727,51.5829150805047],[0.0199881648066658,51.5831397189234],[0.0196275849371146,51.5831459298151],[0.0192670049345646,51.5831521395973],[0.0189064247990412,51.5831583482699],[0.0185458445305672,51.5831645558329],[0.0181852641291667,51.5831707622864],[0.0178246835948657,51.5831769676303],[0.0174641029276851,51.5831831718646],[0.0171035221276505,51.5831893749894],[0.0167429411947861,51.5831955770046],[0.0163823601291158,51.5832017779102],[0.0160217789306625,51.5832079777063],[0.0156611975994516,51.5832141763928],[0.0153006161355069,51.5832203739698],[0.0149400354370767,51.5832265710268],[0.014579456250248,51.5832327680536],[0.0145893818020264,51.5834574066191],[0.0145993074816918,51.5836820451738],[0.0146092335798924,51.5839066839312],[0.0146191604756907,51.5841313231698],[0.0146290875017877,51.5843559623995],[0.0146390146581845,51.5845806016204],[0.0146489419448844,51.5848052408323],[0.014658869361889,51.5850298800353],[0.0142982757977239,51.5850360763076],[0.0143082015459036,51.5852607155316],[0.0143181274243691,51.5854853547466],[0.0143280534331233,51.5857099939528],[0.0143379795721689,51.5859346331501],[0.014347905841506,51.5861592723385],[0.0139873031512485,51.5861654676514],[0.0139972277516302,51.5863901068607],[0.0140071524822869,51.5866147460612],[0.0143677587710694,51.5866085506885],[0.0143776854312997,51.5868331898502],[0.0143876122218308,51.587057829003],[0.0147482219790216,51.5870516324622],[0.0151088321607453,51.5870454351644],[0.0150989016263232,51.5868207959796],[0.0150889712301066,51.5865961567907],[0.0154495816515918,51.586589960968],[0.0158101919349439,51.586583764032],[0.0158002577938912,51.5863591247266],[0.0161608659975707,51.5863529266213],[0.0165214740630686,51.5863467274026],[0.0165314120871503,51.5865713668203],[0.0165413502495325,51.5867960062338],[0.016551288550218,51.5870206456432],[0.0165612269892087,51.5872452850484],[0.0165711655665075,51.5874699244494],[0.0165811042821158,51.5876945638463],[0.0165910431360373,51.5879192032391],[0.0166009821282731,51.5881438426277],[0.0166109212588268,51.5883684820122],[0.0166208605277002,51.5885931213925],[0.0162602330459636,51.5885993200499],[0.0158996054260212,51.5886055175939],[0.0155389776678996,51.5886117140245],[0.0151783497716228,51.5886179093418],[0.0148177257572594,51.5886241060736],[0.0148276553897894,51.5888487451253],[0.0144670312372192,51.5888549419049],[0.0141064069544217,51.5888611375759],[0.0137457825414206,51.5888673321383],[0.0133851579982403,51.5888735255921],[0.0130245333249023,51.5888797179373],[0.0126639085214311,51.5888859091738],[0.012673827487111,51.5891105483956],[0.0123132007539892,51.5891167385534],[0.0123231180503136,51.5893413777961],[0.0123330354768252,51.5895660170299],[0.0123429530335263,51.5897906562548],[0.012352870720419,51.5900152954708],[0.0123627885375048,51.5902399346779],[0.0123727064847874,51.5904645738761],[0.0123826245622668,51.5906892130654],[0.0123925427699482,51.5909138522458],[0.0124024611078317,51.5911384914173],[0.0124123795759203,51.59136313058],[0.0120517347160047,51.591369319927],[0.0120616515145019,51.5915939591105],[0.0120715684431853,51.5918185982851],[0.0120814855020568,51.5920432374508],[0.0120914045779982,51.592267877835],[0.0121013262669855,51.5924925198249],[0.01211124809267,51.5927171618096],[0.0121211700550551,51.5929418037893],[0.0121310921541426,51.5931664457639],[0.0121410143899354,51.5933910877334],[0.0121509367624355,51.5936157296978],[0.0121608592716453,51.5938403716571],[0.0121707819175679,51.5940650136113],[0.012180704700204,51.5942896555603],[0.0121906276195576,51.5945142975043],[0.0122005506756302,51.5947389394432],[0.0122104738684246,51.5949635813771],[0.012220397197943,51.5951882233057],[0.0122303206641871,51.5954128652293],[0.0122402442671598,51.5956375071478],[0.0126009250236815,51.5956313182173],[0.0126108506815661,51.5958559601697],[0.0126207764762092,51.5960806021171],[0.0126307024076127,51.5963052440594],[0.0126406284757782,51.5965298859965],[0.0126505546807091,51.5967545279286],[0.0126604810224067,51.5969791698556],[0.0126704075008739,51.5972038117775],[0.012680334116113,51.5974284536942],[0.0126902608681267,51.5976530956059],[0.0130509587524509,51.5976469059142],[0.0130608875596391,51.5978715478598],[0.0130708165036308,51.5980961898004],[0.0134315180880425,51.5980899990739],[0.0134414490872853,51.5983146410484],[0.0130807455844289,51.5983208317358],[0.0127200419448369,51.5983270213104],[0.0127299692439714,51.5985516632017],[0.012739896679892,51.5987763050879],[0.0127498242526014,51.599000946969],[0.0127597519621012,51.599225588845],[0.0127696798083945,51.5994502307159],[0.0131303930405871,51.5994440413366],[0.0131403229422698,51.5996686832415],[0.0131502529807743,51.5998933251413],[0.0131601831561039,51.600117967036],[0.0135209020073952,51.600111776661],[0.0135308342382166,51.6003364185897],[0.0135407676130324,51.6005610611762],[0.0135507040194232,51.6007857056632],[0.013911428388003,51.6007795142258],[0.0139213668547957,51.6010041587504],[0.014282093009582,51.6009979662423],[0.014292033536824,51.6012226108044],[0.0143019742012295,51.6014472553615],[0.0146627040655516,51.6014410618252],[0.0146726467904836,51.6016657064198],[0.0150333784410225,51.6016595118127],[0.0150433232265291,51.6018841564449],[0.0150532681492549,51.6021088010721],[0.0154140087353708,51.6021026086955],[0.0154239557340746,51.6023272533707],[0.0154339028625538,51.6025518980364],[0.0157946470901015,51.6025457045908],[0.0158045961365272,51.602770349206],[0.0158145453127559,51.6029949938117],[0.0161752929869125,51.6029887991754],[0.0161852440811596,51.6032134437306],[0.0161951953052368,51.6034380882762],[0.0165559464260625,51.6034318924494],[0.0169166974170821,51.6034256955139],[0.0172774482782715,51.6034194974699],[0.0172874049969502,51.603644141883],[0.0172973618455324,51.6038687862865],[0.0173073188240205,51.6040934306805],[0.017668074920183,51.6040872314047],[0.0176780338169007,51.6043118757482],[0.0180387915714995,51.6043056753227],[0.0180288308864624,51.6040810310203],[0.0180188703313793,51.6038563867084],[0.01837962437946,51.6038501852565],[0.0187403782976133,51.6038439826959],[0.0191011320858156,51.6038377790268],[0.0190911662958801,51.6036131348286],[0.0190812006359632,51.6033884906209],[0.0194419507176876,51.6033822859253],[0.0194519181658452,51.6036069300919],[0.0194618857440452,51.603831574249],[0.0194718534522897,51.6040562183966],[0.0198326087688084,51.6040500124692],[0.0198425783954079,51.6042746565661],[0.0198525481520798,51.6044993006535],[0.0202133069152116,51.6044930935352],[0.0202232785903095,51.604717737572],[0.0202332503955077,51.6049423815993],[0.020243222330808,51.6051670256171],[0.0206039863290086,51.6051608172668],[0.0206139601828323,51.6053854612339],[0.0206239341667855,51.6056101051915],[0.0209847016117644,51.6056038956503],[0.0209946775143129,51.6058285395573],[0.0210046535470185,51.6060531834547],[0.0213654244388359,51.6060469727225],[0.0213754023902086,51.6062716165693],[0.0213853804717656,51.6064962604065],[0.0217461548104817,51.6064900484834],[0.0217561348107773,51.60671469227],[0.02211691080788,51.6067084791969],[0.0221268927269605,51.6069331229328],[0.0221368747762787,51.6071577666592],[0.0221468569558379,51.6073824103761],[0.0225076381885321,51.6073761960708],[0.0225176222869724,51.607600839737],[0.0225276065156808,51.6078254833936],[0.0225375908746589,51.6080501270408],[0.0225475753639086,51.6082747706784],[0.0221867869765177,51.6082809851483],[0.0221967698073103,51.6085056288176],[0.0218359795009819,51.6085118422199],[0.0214751890644708,51.6085180545135],[0.0214851684479998,51.6087426982556],[0.0211243760925673,51.6087489094815],[0.0211143984978007,51.6085242656983],[0.0211044210332176,51.6082996219055],[0.0207436321251525,51.6083058319404],[0.0207336565794689,51.608081188097],[0.0207236811639416,51.6078565442441],[0.0203628957031826,51.6078627530879],[0.0200021101123405,51.607868960823],[0.0199921384043179,51.6076443168783],[0.0203529222064833,51.6076381091844],[0.0203429488399132,51.6074134652713],[0.0207037307233483,51.6074072565097],[0.0206937556982778,51.6071826126283],[0.0203329756034699,51.6071888213487],[0.0199721953785865,51.6071950289604],[0.0199622240608742,51.6069703849872],[0.0196014454945465,51.606976591449],[0.0192406667981911,51.6069827968021],[0.0192306991877515,51.6067581527372],[0.0195914760955186,51.6067519474252],[0.0195815068265647,51.6065273033918],[0.0192207317073623,51.6065335086627],[0.0192107643570205,51.6063088645787],[0.018849990896362,51.6063150686998],[0.0184892173057289,51.6063212717123],[0.0184792536624773,51.6060966275366],[0.0184692901492239,51.6058719833514],[0.0181085200056664,51.605878185173],[0.0180985584108866,51.6056535409372],[0.018088596946077,51.6054288966919],[0.0177278302495349,51.6054350973227],[0.0177178707031273,51.6052104530268],[0.0173571056651265,51.6052166525078],[0.0173471480370763,51.6049920081614],[0.0169863846576208,51.6049982064927],[0.0169963404972547,51.6052228508802],[0.0170062964667861,51.6054474952582],[0.017367063423097,51.6054412968448],[0.0173770213109886,51.6056659411722],[0.0177377899258863,51.605659741609],[0.0177477497321844,51.6058843858859],[0.0177577096684331,51.6061090301532],[0.0177676697346313,51.606333674411],[0.018128443585144,51.606327473616],[0.0181384055698465,51.6065521178232],[0.0181483676845285,51.6067767620209],[0.0181583299291914,51.6070014062091],[0.0185191090154907,51.6069952041822],[0.0185290731787541,51.6072198483198],[0.0185390374720265,51.6074444924479],[0.0188998200056218,51.6074382892301],[0.0189097862175674,51.6076629333076],[0.0189197525595487,51.6078875773756],[0.0192805385405006,51.6078813729668],[0.0192905068012261,51.6081060169842],[0.0189297190315685,51.608112221434],[0.0189396856336296,51.608336865483],[0.0193004751920161,51.608330660992],[0.0193104437128726,51.6085553049904],[0.0193204123637963,51.6087799489792],[0.0193303805378049,51.6090045942224],[0.019691175348255,51.6089983884465],[0.019701145231833,51.609223034046],[0.0197111152450084,51.6094476796355],[0.0197210853877843,51.609672325215],[0.0200818854080959,51.6096661181811],[0.0200918574603215,51.6098907637007],[0.0204526591309045,51.6098845555086],[0.020462633092627,51.6101092009683],[0.0204726071840018,51.6103338464181],[0.0204825814050312,51.6105584918577],[0.0208433882856848,51.6105522824076],[0.0208533644163075,51.6107769277874],[0.021214172947266,51.6107707171789],[0.0212041950367107,51.610546071849],[0.0215650016580851,51.6105398601821],[0.0219258081497857,51.6105336474067],[0.022286614511789,51.610527433523],[0.0222766313912193,51.6103027883329],[0.0222666484004195,51.6100781431328],[0.0219058455982002,51.6100843569167],[0.0218958645170268,51.6098597116566],[0.0218858835655953,51.6096350663865],[0.0222466828081225,51.6096288527026],[0.0226074819209381,51.6096226379102],[0.0225974975396273,51.6093979927301],[0.0229582947429018,51.6093917768794],[0.0233190918164209,51.6093855599203],[0.0233290797573439,51.6096102050006],[0.0233390678280995,51.6098348500708],[0.0233490560286897,51.6100594951311],[0.0233590443591178,51.6102841401813],[0.0237198484222068,51.610277921914],[0.0240806523554852,51.6102717025383],[0.0240906443755402,51.6104963474786],[0.0244514499588749,51.6104901269446],[0.0244614438887305,51.6107147718249],[0.0244714379484983,51.6109394166952],[0.0248322469618206,51.6109331949527],[0.0248422429314621,51.611157839763],[0.0248522390310429,51.6113824845633],[0.0248622352605669,51.6116071293535],[0.0245014209073049,51.6116133512459],[0.0245114154867473,51.6118379960761],[0.0245214101961149,51.6120626408964],[0.0248822281094536,51.6120564189039],[0.0248922247288191,51.6122810636641],[0.0252530442923309,51.6122748405133],[0.0252630428217412,51.6124994852135],[0.0252730414811297,51.6127241299036],[0.025633864474923,51.6127179055443],[0.0259946873387669,51.6127116800764],[0.0260046896884063,51.6129363246566],[0.0263655142024099,51.6129300980302],[0.0263755184622321,51.6131547425503],[0.0263855228521077,51.6133793870603],[0.0267463507964425,51.6133731592254],[0.0267563570965729,51.6135978036754],[0.0267663635267837,51.6138224481154],[0.0264055320220267,51.6138286760504],[0.0260447003872617,51.6138349028769],[0.0260547033870614,51.6140595474069],[0.0256938698420628,51.614065773175],[0.0257038711916274,51.6142904177451],[0.0253430357363892,51.6142966424546],[0.0253530354356737,51.6145212870647],[0.0253630352649552,51.6147459316648],[0.0250021961191499,51.6147521553658],[0.024992198070192,51.6145275107157],[0.0249822001512087,51.6143028660556],[0.0249722023621965,51.6140782213855],[0.0246113684273761,51.6140844438279],[0.0246013725485912,51.6138597990978],[0.0245913767997499,51.6136351543577],[0.024581381180851,51.6134105096075],[0.0242205524568448,51.6134167307914],[0.0242105587480754,51.6131920859813],[0.0242005651692206,51.6129674411611],[0.0241905717202779,51.6127427963309],[0.0238297482069142,51.6127490162564],[0.0234689245637159,51.6127552350734],[0.0231081007907054,51.612761452782],[0.0230981128120485,51.6125368077919],[0.0227372906893799,51.612543024342],[0.0227273046206683,51.6123183792919],[0.023088124963231,51.6123121627917],[0.0230781372442497,51.6120875177816],[0.0234389556769459,51.612081300223],[0.0234289663077406,51.6118566552528],[0.0230681496551022,51.6118628727614],[0.023058162195787,51.6116382277313],[0.0230481748663008,51.6114135826911],[0.0230381876666429,51.611188937641],[0.0226773762242676,51.6111951538913],[0.0223165646521417,51.6112013690333],[0.0223265482918151,51.6114260141833],[0.0219657348099679,51.6114322282668],[0.0216049211984134,51.6114384412419],[0.0216149014078285,51.6116630864818],[0.0212540858865679,51.6116692983984],[0.0212640644456731,51.6118939436782],[0.0212740431344956,51.6121185889481],[0.0209132239234527,51.612124799856],[0.0209232009618996,51.6123494451658],[0.0209331781300445,51.6125740904656],[0.0212940009012997,51.6125678794578],[0.0212840219530374,51.6123432342079],[0.0216448428145062,51.6123370221416],[0.0216548235428844,51.6125616673415],[0.0216648044010089,51.6127863125314],[0.0213039799792861,51.6127925246976],[0.0213139591869973,51.6130171699275],[0.0213239385244366,51.6132418151473],[0.0213339179916067,51.6134664603571],[0.0213438975885084,51.613691105557],[0.0209830659163177,51.6136973168143],[0.0209930438626983,51.6139219620541],[0.0210030219387915,51.6141466072838],[0.0210130001446015,51.6143712525035],[0.0206521630019081,51.6143774628021],[0.0206621395571084,51.6146021080618],[0.0203013005044424,51.6146083173017],[0.0203112754089871,51.6148329626013],[0.0203212504432087,51.6150576078908],[0.0199604077001872,51.615063816122],[0.0199703810836856,51.6152884614514],[0.0199803545968425,51.6155131067708],[0.0196195081633881,51.6155193139933],[0.019629480025755,51.6157439593526],[0.0192686316822643,51.6157501655162],[0.019278601893796,51.6159748109154],[0.0189177516402643,51.6159810160204],[0.0185569012571897,51.6159872200167],[0.0181960507445953,51.6159934229045],[0.0182060157442378,51.6162180684433],[0.0178451633216398,51.6162242702722],[0.0174843107695652,51.6162304709926],[0.0174942723376978,51.6164551166211],[0.0171334178756364,51.6164613162826],[0.0167725632841422,51.6164675148356],[0.0167825214206662,51.6166921605537],[0.0164216649192018,51.6166983580478],[0.0164316214046038,51.6169230038057],[0.0164415780194478,51.6171476495536],[0.0164515366424715,51.6173722932356],[0.0164614955793734,51.6175969367058],[0.0168223590474846,51.6175907391823],[0.0168323198391468,51.6178153826529],[0.0168422807573818,51.6180400261167],[0.0168522418021926,51.6182646695736],[0.0172131103284702,51.61825847096],[0.0175739787281888,51.6182522712346],[0.0179348470013282,51.6182460703973],[0.0182957151478652,51.6182398684482],[0.0186565831677772,51.6182336653872],[0.0190174510610427,51.6182274612144],[0.0190074796467397,51.6180028177141],[0.019368345685095,51.6179966124223],[0.0197292115967602,51.6179904060186],[0.0200900773817143,51.6179841985031],[0.0204509430399334,51.6179779898757],[0.0204409648394812,51.6177533463399],[0.0208018286427347,51.6177471365936],[0.0211626923192117,51.6177409257354],[0.0215235558688891,51.6177347137654],[0.021533539253965,51.6179593573226],[0.0215435227659096,51.618184000873],[0.0219043896451957,51.6181777878054],[0.0219143750122594,51.6184024313561],[0.0219243605062189,51.6186270748999],[0.0219343461270766,51.6188517184369],[0.0219443318748347,51.619076361967],[0.0223052055403938,51.619070147816],[0.02231519314339,51.6192947913464],[0.0223251808733135,51.61951943487],[0.0219643037510584,51.6195256490067],[0.0219742898795293,51.6197502925163],[0.0216134109020295,51.619756505534],[0.0216233954290035,51.6199811490297],[0.021633380082865,51.6202057925185],[0.0219942625171997,51.620199579515],[0.0223551448246671,51.6201933653997],[0.02236513306232,51.6204180088959],[0.022726016971345,51.6204117936757],[0.0227360070644059,51.6206364371721],[0.0230968925749842,51.6206302208471],[0.0234577779586247,51.6206240034102],[0.0234677716356257,51.620848646914],[0.0238286586207909,51.6208424283722],[0.0238186632153042,51.6206177848613],[0.0241795483450006,51.6206115652004],[0.0241895454789707,51.6208362087184],[0.0241995427399961,51.6210608522295],[0.024209540128079,51.6212854957339],[0.0242195376432217,51.6215101392313],[0.0245804295599738,51.6215039184868],[0.0249413213496894,51.6214976966303],[0.0253022130123469,51.6214914736618],[0.0256631045479225,51.6214852495813],[0.0256531001185982,51.6212606060557],[0.0260139897985312,51.6212543808562],[0.0263748793513409,51.6212481545448],[0.0263648715921319,51.6210235109982],[0.026725759289282,51.6210172835678],[0.0267157499287744,51.6207926400074],[0.0270766357702698,51.620786411458],[0.0270666248085085,51.6205617678838],[0.0274275087943553,51.6205555382155],[0.0277883926529941,51.6205493074352],[0.0281492763844067,51.620543075543],[0.0281592925315531,51.6207677191382],[0.0277984070716819,51.6207739510234],[0.0278084216176495,51.6209985946048],[0.0281693088060036,51.6209923627266],[0.028530195867102,51.6209861297364],[0.0285402139973597,51.6212107733248],[0.028550232254949,51.6214354169065],[0.0289111226457935,51.6214291828182],[0.0289211427592595,51.6216538264],[0.0289311630000824,51.6218784699749],[0.0292920567207325,51.6218722347886],[0.0293020788175037,51.6220968783636],[0.0296629741394099,51.6220906420722],[0.0296729980921737,51.6223152856474],[0.0293121010416579,51.6223215219318],[0.0293221233931989,51.6225461654932],[0.028961224486714,51.6225524006587],[0.0286003254529158,51.6225586347121],[0.0282394262918242,51.6225648676536],[0.0282494435847781,51.6227895111872],[0.0282594610050538,51.623014154714],[0.0286203636234895,51.6230079217865],[0.0286303828997963,51.6232325653134],[0.0282694785526554,51.623238798234],[0.0282794962275838,51.6234634417471],[0.0286404023034525,51.6234572088335],[0.0286504218344606,51.6236818523468],[0.0282895140298411,51.6236880852534],[0.0279286060979405,51.6236943170479],[0.0275676980387811,51.6237005477304],[0.0272067898523843,51.6237067773008],[0.0271967772363924,51.6234821338155],[0.0271867647476625,51.6232574903233],[0.0268258598915486,51.6232637187956],[0.0264649549082479,51.6232699461559],[0.0261040497977821,51.6232761724042],[0.0260940426224609,51.6230515289262],[0.0260840355743289,51.6228268854414],[0.0260740286533843,51.6226022419498],[0.0260640218596252,51.6223775984513],[0.0260540151930486,51.6221529549459],[0.025693118598819,51.6221591801173],[0.0253322218774795,51.6221654041766],[0.0249713250290522,51.622171627124],[0.0246104280535599,51.6221778489593],[0.0242495309510249,51.6221840696826],[0.0238886337214699,51.6221902892939],[0.0235277363649165,51.6221965077933],[0.0231668388813876,51.6222027251806],[0.0231568461709169,51.6219780817249],[0.0231468535874458,51.6217534382624],[0.0231368611309697,51.621528794793],[0.0234977534286975,51.6215225773844],[0.0234877593706601,51.6212979339011],[0.0231268688014884,51.6213041513168],[0.022765978105372,51.6213103676205],[0.0227559876314169,51.6210857241446],[0.0223950985369149,51.6210919393434],[0.0220342093155155,51.6210981534303],[0.0216733199672396,51.6211043664052],[0.0213124304921102,51.6211105782682],[0.0213224140519031,51.6213352217156],[0.0209615227213965,51.6213414324595],[0.0209515408901503,51.6211167890192],[0.0205906511613811,51.6211229986582],[0.0202297613058253,51.6211292071853],[0.020239739679973,51.6213538506113],[0.0202497181809325,51.6215784940305],[0.020259696808705,51.6218031374428],[0.0202696755632931,51.6220277808482],[0.0206305723331858,51.6220215723498],[0.0209914689762826,51.6220153627394],[0.0213523654925628,51.622009152017],[0.021713261882002,51.6220029401825],[0.0220741581445801,51.6219967272361],[0.022084145669167,51.6222213706705],[0.0217232476779578,51.6222275836098],[0.0213623495598839,51.622233795437],[0.0210014513149675,51.6222400061523],[0.0206405529432319,51.6222462157556],[0.0202796544446988,51.6222524242469],[0.0202896334529243,51.6224770676386],[0.0199287330989508,51.6224832750107],[0.01993871050531,51.6227079183885],[0.0199486880384716,51.6229325617594],[0.0195877841003408,51.6229387680051],[0.0195977600315711,51.6231634113621],[0.0196077360895843,51.6233880547121],[0.0196177122743836,51.6236126980553],[0.0196276885859705,51.6238373413917],[0.0196376650243473,51.6240619847213],[0.0196476415895159,51.624286628044],[0.0196576182814795,51.6245112713598],[0.0196675951002389,51.6247359146688],[0.0200285128688832,51.6247297084806],[0.0200384915433567,51.6249543517899],[0.020399410914138,51.6249481444968],[0.0204093914443715,51.6251727878065],[0.0207703124172858,51.6251665794083],[0.0211312332633736,51.6251603698981],[0.0214921539826139,51.6251541592757],[0.0218530745749843,51.6251479475412],[0.0218430871290288,51.6249233042029],[0.021833099810009,51.6246986608577],[0.0221940168176592,51.6246924479969],[0.0222040058655808,51.6249170913491],[0.0225649244752211,51.6249108773833],[0.0225749153790257,51.6251355207358],[0.0229358355906513,51.625129305665],[0.0232967556753186,51.625123089482],[0.0236576756330031,51.6251168721869],[0.0240185954636839,51.6251106537796],[0.0240085976442094,51.6248860103987],[0.0239985999518056,51.6246613670109],[0.0239886023864716,51.6244367236163],[0.0243495169034575,51.6244305040757],[0.024710431293401,51.6244242834231],[0.0250713455562797,51.6244180616583],[0.0250813483082088,51.6246427050741],[0.0250913511872747,51.6248673484831],[0.0251013541934804,51.6250919918852],[0.0254622735159215,51.6250857690295],[0.0254722783781973,51.6253104124319],[0.0254822837104749,51.6255350554305],[0.0254922910662682,51.6257596962273],[0.0255022985508724,51.6259843370154],[0.0255123061642877,51.6262089777947],[0.0255223139065181,51.6264336185652],[0.0258832435354178,51.6264273945704],[0.025893253165048,51.626652035305],[0.0262541844237267,51.6266458101727],[0.0262441730355158,51.6264211694653],[0.0262341617761665,51.626196528749],[0.026595089388883,51.6261903025609],[0.026585076499861,51.6259656618631],[0.0269460022252016,51.6259594345919],[0.0269359877065519,51.6257347939126],[0.0272969115445206,51.6257285655583],[0.0276578352536034,51.6257223360938],[0.0280187588337762,51.6257161055191],[0.0283796822850176,51.6257098738341],[0.0283696610320168,51.6254852330574],[0.0287305826674555,51.6254790002066],[0.0287205621175539,51.625254356748],[0.0290814818967433,51.6252481227781],[0.0290714597453038,51.6250234793057],[0.029061437721255,51.6247988358266],[0.0290514158245929,51.6245741923405],[0.0294123302897961,51.6245679572376],[0.0294023067916825,51.6243433137378],[0.0293922834209747,51.6241186702312],[0.0297531943011747,51.6241124340022],[0.0297431693290812,51.6238877904818],[0.0301040783531188,51.6238815531339],[0.0300940517796846,51.6236569095997],[0.0304549589475648,51.6236506711327],[0.0308158659880301,51.6236444315537],[0.0308058360845622,51.6234197879989],[0.031166741268855,51.6234135473009],[0.0311567097641615,51.6231889037323],[0.0315176130922859,51.6231826619154],[0.0315075799864115,51.622958018333],[0.031868481735244,51.6229517750024],[0.031858446993474,51.6227271314495],[0.0322193472892045,51.6227208864066],[0.032209310907449,51.6224962428784],[0.0318484123815473,51.6225024878875],[0.0318383778994617,51.6222778443163],[0.0321992746555572,51.6222715993411],[0.0321892385335262,51.6220469557947],[0.032179202541356,51.6218223122391],[0.0318183093248037,51.6218285571467],[0.0318082752322273,51.6216039135482],[0.0314473840291754,51.6216101566953],[0.031437351815951,51.6213855130651],[0.0314273197302395,51.621160869428],[0.0317882074365693,51.621154626324],[0.0317781737334833,51.6209299826982],[0.0317681401602209,51.6207053390634],[0.0317581067167825,51.6204806954194],[0.0317480734031654,51.6202560517663],[0.0317380402193667,51.6200314081041],[0.0317280071663371,51.6198067644298],[0.0317179742448054,51.6195821207379],[0.0320788497614293,51.6195758761829],[0.0320688151975657,51.6193512325271],[0.0320587807635349,51.6191265888623],[0.0320487464593336,51.6189019451884],[0.0324096165413167,51.6188956996107],[0.0323995805975085,51.6186710559615],[0.0323895447835485,51.6184464123032],[0.0323795090994354,51.6182217686357],[0.0323694735451678,51.6179971249592],[0.0323594381207413,51.6177724812736],[0.0327202992259847,51.6177662347554],[0.0330811602014171,51.6177599871276],[0.0330711213681941,51.6175353435005],[0.0334319804444783,51.617529094797],[0.0334219399718474,51.6173044511946],[0.0337827971489883,51.6172982014154],[0.0337727549551561,51.6170735579425],[0.0341336102248341,51.6170673071018],[0.0344944653642533,51.6170610551524],[0.0348553203733922,51.6170548020944],[0.0348452728705095,51.6168301589048],[0.0352061259736188,51.6168239047881],[0.0355669789464046,51.6168176495627],[0.0355770300007349,51.6170422926524],[0.0359378846188926,51.6170360362685],[0.0359479374836719,51.6172606794398],[0.0363087937512117,51.6172544218938],[0.0363188483780999,51.6174790652252],[0.0366797062848771,51.6174728065357],[0.0370405640615946,51.6174665467367],[0.0370305058961649,51.6172419034732],[0.037391361773532,51.6172356425986],[0.0373813017875649,51.6170109996464],[0.0377421557536286,51.6170047377193],[0.0377522175207955,51.6172293806144],[0.0377622792247592,51.61745402381],[0.0377723410589043,51.6176786669965],[0.0381332002145914,51.6176724038349],[0.0381231366111598,51.6174477606824],[0.0384839938674093,51.6174414964452],[0.038473928624922,51.6172168533175],[0.0388347839817379,51.6172105880047],[0.0388247168687989,51.6169859452862],[0.0391855703127726,51.6169796789246],[0.0391755015013355,51.6167550363348],[0.0395363530390309,51.6167487689146],[0.0395262825825488,51.6165241263649],[0.0398871322139698,51.6165178578861],[0.0398770601124883,51.6162932153764],[0.0402379078376399,51.6162869458391],[0.0402278340912066,51.6160623033694],[0.0405886799100938,51.6160560327735],[0.0405786045187521,51.6158313903439],[0.0409394484313793,51.6158251186896],[0.0409293713951763,51.6156004763],[0.0412902134015483,51.6155942035872],[0.0413002922133229,51.6158188459266],[0.0413103711558574,51.6160434882561],[0.0416712165826871,51.6160372143345],[0.0420320618787844,51.6160309393043],[0.0420421445033099,51.6162555815235],[0.0424029914442644,51.6162493053346],[0.0424130759752338,51.6164739474938],[0.0427739245610398,51.6164676701462],[0.0427840109984988,51.6166923122451],[0.0431448612291533,51.6166860337388],[0.0435057113289766,51.6166797541239],[0.0438665612979459,51.6166734734003],[0.0438766531932869,51.6168981153389],[0.0442375048070483,51.6168918334566],[0.0445983562899084,51.6168855504657],[0.0449592076418438,51.6168792663661],[0.0449693049951855,51.6171039081442],[0.0453301579918583,51.6170976228858],[0.0456910108575577,51.6170913365189],[0.0460518635922613,51.6170850490433],[0.0464127161959466,51.6170787604592],[0.0464228205302386,51.617303402513],[0.0464329248266349,51.6175280448821],[0.0467937808523137,51.6175217550913],[0.0471546367472886,51.617515464191],[0.0475154925115382,51.6175091721812],[0.0478763481450381,51.6175028790619],[0.0478662367717259,51.6172782368295],[0.0478561253000321,51.6170535950363],[0.047846013741269,51.6168289536599],[0.0478359023136906,51.6166043122736],[0.0481967507106222,51.6165980182468],[0.0485575991371156,51.6165917231168],[0.0485474842755346,51.6163670818205],[0.0489083309824917,51.6163607856384],[0.0488982144677906,51.6161361443822],[0.0485373695457007,51.6161424405142],[0.048527254947612,51.6159177991979],[0.0481664118881776,51.6159240941784],[0.0481765246977907,51.6161487355446],[0.047815679852079,51.6161550294708],[0.0474548348752415,51.6161613222885],[0.0474447256167815,51.6159366808218],[0.0470838822844228,51.6159429724807],[0.0470939897673024,51.6161676139976],[0.047104097381315,51.6163922555044],[0.0474649442648567,51.6163859637451],[0.0474750537856296,51.6166106051917],[0.0471142051264615,51.6166168970013],[0.0467533563362092,51.6166231877023],[0.0463925074148974,51.6166294772946],[0.0460316583625471,51.6166357657784],[0.0460215559442925,51.6164111241309],[0.0460114536571028,51.6161864824734],[0.0463722991582102,51.61618019409],[0.0463621952264965,51.6159555524727],[0.0463520914258675,51.6157309108453],[0.0459912494759101,51.6157371991282],[0.0459811475819023,51.6155125574407],[0.0463419877563195,51.6155062692079],[0.0463318842178502,51.6152816275605],[0.0463217808104584,51.6150569859031],[0.0463116775341413,51.6148323442357],[0.0463015743888965,51.6146077025582],[0.0462914713747217,51.6143830608707],[0.0459306400776631,51.6143893488524],[0.0459205389699592,51.6141647071047],[0.0459104379932983,51.613940065347],[0.0455496101160348,51.6139463521198],[0.0455395110457725,51.6137217103019],[0.0455294121065255,51.6134970684739],[0.0451685876489964,51.6135033540379],[0.0451584906160777,51.6132787121497],[0.0451483937141465,51.6130540702515],[0.0451382969432011,51.6128294283433],[0.0451282003032392,51.6126047864251],[0.0451181037942582,51.6123801444969],[0.0451080074162556,51.6121555025586],[0.0447471934793475,51.612161786713],[0.044386379411538,51.612168069759],[0.044376286714873,51.6119434277104],[0.0440154742913695,51.6119497095978],[0.0440255652128507,51.6121743516966],[0.0436647508833088,51.6121806325257],[0.0436546617370131,51.6119559903768],[0.0432938490518284,51.6119622700474],[0.0432837618115801,51.6117376278383],[0.0432736747021887,51.6115129856192],[0.0429128654365088,51.6115192640811],[0.0429027802330937,51.6112946218019],[0.0428926951605085,51.6110699795127],[0.0425318893142731,51.6110762567659],[0.042521806147592,51.6108516144165],[0.0425117231117134,51.6106269720572],[0.0421509206848636,51.6106332481018],[0.0421408395548189,51.6104086056823],[0.0421307585555481,51.6101839632528],[0.0421206776870491,51.6099593208133],[0.0417598804545149,51.6099655955992],[0.0417498014917537,51.6097409530996],[0.0417397226597371,51.6095163105899],[0.041378928846423,51.6095225841674],[0.0413688519200728,51.6092979415977],[0.0413587751244393,51.6090732990179],[0.0417195653879291,51.6090670255406],[0.0420803555207328,51.609060750955],[0.0420904358661657,51.6092853934346],[0.042451227643157,51.6092791176905],[0.0428120192894144,51.6092728408382],[0.043172810804916,51.6092665628776],[0.0431627251348032,51.6090419205483],[0.0435235147446359,51.6090356415295],[0.0438843042236689,51.6090293614024],[0.0438742149678511,51.6088047193636],[0.0435134272973309,51.6088109994003],[0.043503338923175,51.6085863585319],[0.0434932506799935,51.6083617176534],[0.0438540347963753,51.6083554377201],[0.0442148187818082,51.6083491566787],[0.044204727115531,51.6081245158936],[0.0445655091929634,51.6081182337957],[0.0449262911394034,51.6081119505897],[0.0449161960501299,51.607887309898],[0.0445554158806945,51.6078935930522],[0.0445453226994619,51.6076689522986],[0.0445352296492632,51.6074443115349],[0.0445251367300965,51.6072196707611],[0.0445150439419593,51.6069950299771],[0.0445049512848501,51.6067703891831],[0.0444948587587657,51.606545748379],[0.0444847663637029,51.6063211075647],[0.0444746740996621,51.6060964667403],[0.0444645819666398,51.6058718259059],[0.0448253461440664,51.6058655432175],[0.0451861101904999,51.605859259421],[0.0451962058771167,51.606083900152],[0.0455569715693285,51.6060776151957],[0.0455670691638253,51.6063022558647],[0.0455771668894116,51.6065268965237],[0.0459379360042347,51.6065206103557],[0.045948035637773,51.6067452509527],[0.0459581354024286,51.6069698915397],[0.045968235298204,51.6071945321165],[0.0463290096126008,51.607188244685],[0.0463391114164251,51.6074128851999],[0.0466998873766491,51.6074065966085],[0.047060663205749,51.607400306909],[0.0474214389037045,51.6073940161013],[0.0474113317691136,51.6071693757418],[0.0474012247657357,51.6069447353722],[0.047761996778708,51.6069384435601],[0.0477518881296714,51.6067138032322],[0.0477417796118658,51.6064891628943],[0.0477316712252899,51.6062645225462],[0.0477215629699423,51.606039882188],[0.04771145484582,51.6058152418197],[0.047701346852922,51.6055906014413],[0.0480621080738346,51.6055843088321],[0.0480519984354248,51.6053596684954],[0.0484127577494781,51.6053533748287],[0.0487735169541116,51.6053470800286],[0.0487836301476154,51.605571720263],[0.0491443909986087,51.6055654243049],[0.0491342760274526,51.6053407841202],[0.0491241611876598,51.6051161439255],[0.049114046479228,51.6048915037209],[0.0487532909611213,51.6048977995296],[0.0487431781616296,51.6046731592652],[0.0487330654934714,51.6044485189907],[0.0483723134004825,51.6044548135895],[0.0480115611941835,51.6044611070475],[0.0476508088566984,51.6044673993976],[0.0476407016510922,51.6042427589585],[0.0472799509590628,51.6042490501487],[0.0472698456612599,51.6040244096476],[0.0469090966146907,51.604030699678],[0.0468989932246446,51.603806059115],[0.046888889965756,51.603581418542],[0.0465281443412057,51.6035877073607],[0.0465180429900025,51.6033630667257],[0.0465079417699293,51.6031384260806],[0.0461471995673372,51.6031447136877],[0.0461371002548783,51.6029200729807],[0.0457763596977189,51.6029263594281],[0.0457662622928285,51.6027017186592],[0.0454055233811057,51.6027080039468],[0.0453954278837382,51.602483363116],[0.0457561650190154,51.6024770778802],[0.0461169020232645,51.6024707915364],[0.0464776388964625,51.6024645040846],[0.0464675382008838,51.6022398633991],[0.046457437636424,51.6020152227035],[0.046096704316039,51.6020215100516],[0.0460866056590676,51.601796869294],[0.0457258739840108,51.6018031554825],[0.0457157772344819,51.601578514663],[0.0453550472047581,51.6015847996918],[0.0453449523626254,51.6013601588104],[0.0449842239782388,51.6013664426795],[0.0449741310434553,51.6011418017363],[0.044964038239688,51.6009171607829],[0.0449539455669326,51.6006925198195],[0.0453146686224579,51.6006862361058],[0.0453045742884989,51.6004615951857],[0.0452944800164339,51.6002369542633],[0.0456551993845366,51.60023066954],[0.0456451034660685,51.6000060286549],[0.0452843858754721,51.600012313331],[0.0449236681538209,51.6000185968989],[0.0449135759214444,51.5997939559095],[0.0445528598462494,51.5998002383221],[0.0441921436400486,51.5998065196266],[0.0441820550936768,51.5995818785329],[0.0438213405339624,51.5995881586821],[0.0434606258432906,51.5995944377232],[0.0434505409828387,51.5993697965252],[0.0430898279386823,51.5993760744111],[0.042729114763617,51.5993823511888],[0.0427190335890006,51.5991577098866],[0.0423583220604809,51.599163985509],[0.0423482427942025,51.5989393441497],[0.0423381636588297,51.5987147027806],[0.042698871632555,51.5987084272525],[0.0430595794754019,51.5987021506163],[0.0430494969162096,51.5984775093317],[0.0434102028507951,51.5984712316347],[0.0434001186452139,51.5982465903874],[0.0430394144879629,51.5982528680372],[0.0430293321906601,51.5980282267329],[0.0426686296798252,51.5980345032275],[0.0426585492907566,51.5978098618661],[0.0422978484263418,51.5978161372055],[0.0423079270381176,51.5980407786141],[0.0419472242655602,51.5980470528926],[0.0415865213621762,51.5980533260631],[0.0415965965502079,51.5982779675562],[0.0416066718690928,51.5985026090393],[0.0416167473188312,51.5987272505127],[0.0412560389526052,51.5987335227166],[0.0412661127558077,51.5989581642272],[0.0416268228994263,51.5989518919761],[0.0419875329122321,51.598945618617],[0.0419976104010992,51.5991702600234],[0.0416368986108809,51.5991765334298],[0.0412761866898471,51.599182805728],[0.0412862607547241,51.599407447219],[0.0412963349504423,51.5996320887001],[0.0416570504263751,51.5996258163075],[0.0416671265304193,51.5998504577316],[0.0420278436530154,51.5998441841837],[0.0420379216654322,51.6000688255508],[0.0423986404346861,51.6000625508477],[0.0424087203555227,51.6002871921577],[0.0424188004045645,51.6005118334595],[0.042779522600096,51.6005055575526],[0.0427896044843482,51.6007301988366],[0.042799686499473,51.6009548401104],[0.0424389607514047,51.6009611161208],[0.042078234872532,51.6009673910232],[0.0420883134659242,51.6011920323903],[0.0417275856799615,51.6011983062365],[0.0413668577632388,51.6012045789749],[0.0413769329347984,51.6014292204353],[0.0410162031110028,51.6014354921174],[0.0406554731564901,51.6014417626915],[0.0402947430712826,51.6014480321578],[0.0402846732287333,51.6012233905424],[0.0402746035168997,51.6009987489169],[0.0402645339357806,51.6007741072813],[0.0399038090488571,51.6007803754847],[0.039893741374721,51.6005557337873],[0.0398836737810393,51.6003310921392],[0.0398736063029312,51.6001064504991],[0.039863538955578,51.5998818088492],[0.0395028210483983,51.5998880757484],[0.0394927556092933,51.5996634340415],[0.0398534717389777,51.5996571671894],[0.0402141877379572,51.5996508992292],[0.0405749036062101,51.5996446301609],[0.0405648329654218,51.5994199885856],[0.0405547624554282,51.5991953470003],[0.0405446920762258,51.5989707054053],[0.0409054024814007,51.5989644353703],[0.0408953304555916,51.5987397938125],[0.0408852585605935,51.5985151522448],[0.040875186796404,51.5982905106674],[0.0408651151630203,51.59806586908],[0.0405044118672946,51.5980721389265],[0.04049434214202,51.5978474972821],[0.0404842725475238,51.597622855628],[0.0404742030838036,51.5973982139639],[0.0401135049891953,51.5974044825609],[0.0401034374334863,51.5971798408399],[0.0397427409854134,51.5971861082818],[0.0393820444066608,51.5971923746157],[0.0393719805361379,51.5969677327906],[0.0393619167963158,51.5967430909557],[0.0390012236413262,51.5967493560874],[0.0389911618093775,51.5965247141955],[0.0389811001081021,51.5963000722938],[0.0389710385374983,51.5960754303822],[0.0386103505833435,51.5960816942647],[0.0386002909205168,51.5958570522962],[0.0385902313883329,51.5956324103178],[0.0385801719867895,51.5954077683296],[0.0385701127158862,51.5951831263316],[0.0382094317394389,51.5951893889178],[0.0381993743761903,51.5949647468628],[0.0381893171435535,51.594740104798],[0.0378286395905571,51.5947463661821],[0.0378185842655042,51.5945217240603],[0.0378085290710354,51.5942970819288],[0.0377984740071486,51.5940724397874],[0.0377884190738414,51.5938477976361],[0.0381490895190752,51.5938415364403],[0.0381390329394616,51.5936168943262],[0.0377783642711104,51.593623155475],[0.0374176954722314,51.5936294155159],[0.0374277484980767,51.5938540577241],[0.0374378016544758,51.5940786999224],[0.0370771291712927,51.5940849589495],[0.0370670777918041,51.5938603167041],[0.0367064069550466,51.5938665745763],[0.0366963574829789,51.5936419322741],[0.0366863081414165,51.593417289962],[0.0370469754244179,51.5934110321839],[0.0370369244365152,51.593186389909],[0.0366762589303582,51.59319264764],[0.0366662098498009,51.5929680053083],[0.0366561608997438,51.5927433629666],[0.0366461120801824,51.5925187206151],[0.0362854517739703,51.5925249770973],[0.0362754048616581,51.592300334689],[0.0359147462017762,51.5923065900163],[0.0359047018280822,51.5920819479557],[0.0358946585460974,51.5918573065011],[0.0355340033280443,51.5918635606334],[0.035523962001865,51.5916389191492],[0.0355139208086734,51.5914142776565],[0.03587457238117,51.5914080235667],[0.0358645294982219,51.5911833820869],[0.0362251791150204,51.5911771269091],[0.0362151345423619,51.5909524854422],[0.0362050901027329,51.5907278439668],[0.0361950457961298,51.5905032024831],[0.0358344016474143,51.590509457597],[0.0358243592964825,51.5902848160836],[0.0358143170785494,51.5900601745618],[0.0354536764421634,51.5900664285241],[0.0354637168374698,51.5902910700672],[0.0351030742455375,51.5902973229415],[0.0350930356728589,51.5900726813772],[0.0350829972331298,51.5898480398045],[0.035072958926348,51.5896233982233],[0.0354335960504658,51.5896171454127],[0.03542355605407,51.5893925038443],[0.0354135161906405,51.5891678622676],[0.0354034764601739,51.5889432206825],[0.0353934368626687,51.588718579089],[0.0357540665637899,51.5887123252542],[0.0357440252767818,51.5884876836735],[0.0357339841227537,51.5882630420844],[0.0357239431017035,51.5880384004869],[0.0357139022136289,51.587813758881],[0.0357038614585274,51.5875891172667],[0.0360644819146556,51.5875828624291],[0.0360745244921225,51.5878075040221],[0.0360845672025876,51.5880321456068],[0.0364451911705264,51.5880258896176],[0.0368058150054965,51.5880196325194],[0.0367957686502601,51.5877949909773],[0.0367857224280681,51.5875703494268],[0.0364251022378437,51.5875766064825],[0.0364150579710308,51.5873519649022],[0.036405013837233,51.5871273233136],[0.0360443971587019,51.5871335792177],[0.0360343549802114,51.5869089375995],[0.0360243129347077,51.5866842959728],[0.0360142710221901,51.5864596543377],[0.0360042292426548,51.5862350126942],[0.0359941875961012,51.5860103710423],[0.0359841460825246,51.5857857293819],[0.0359741047019251,51.5855610877132],[0.0363347086248953,51.585554831958],[0.0363246655551406,51.5853301903021],[0.0366852675230399,51.5853239334592],[0.036675222764177,51.5850992918162],[0.0370358227770113,51.5850930338856],[0.0373964226568585,51.5850867748461],[0.037386374386858,51.5848621332372],[0.0377469723116228,51.58485587311],[0.0381075701033569,51.5848496118738],[0.038097518322321,51.5846249702992],[0.0380874666743891,51.5844003287162],[0.037726872526727,51.5844065899097],[0.0373662782460379,51.5844128499944],[0.0373562303752134,51.5841882083603],[0.0377168228338998,51.584181948297],[0.0377067732741491,51.5839573066758],[0.0376967255861728,51.5837326662268],[0.037336136718131,51.5837389262108],[0.037326093043636,51.5835142871286],[0.0373160495083907,51.5832896480421],[0.0373060061123927,51.5830650089514],[0.0372959628556412,51.5828403698564],[0.0372859197381315,51.5826157307571],[0.037275876759863,51.5823910916536],[0.0372658339208326,51.5821664525458],[0.0372557912210374,51.5819418134338],[0.0372457486604761,51.5817171743175],[0.0372357062391445,51.5814925351969],[0.036875136561187,51.5814987945981],[0.0368650962118756,51.5812741555263],[0.0368550560017666,51.5810495164502],[0.0368450159308562,51.5808248773699],[0.0364844519120755,51.5808311358171],[0.0361238877541969,51.5808373931515],[0.0361138516879265,51.5806127541729],[0.0357532893236995,51.5806190104474],[0.035743255329275,51.5803943715177],[0.0361038157608008,51.5803881151902],[0.0360937799728185,51.5801634762031],[0.0360837443239766,51.5799388372118],[0.0364443007511112,51.5799325796653],[0.0368048570391574,51.5799263210059],[0.0367948176642068,51.5797016819043],[0.0364342633087824,51.5797079406167],[0.0364242260056139,51.5794833015638],[0.0364141888416032,51.5792586625066],[0.0367747393318569,51.5792524036882],[0.0367647003744525,51.5790277645738],[0.0367546615562258,51.5788031254551],[0.0367446228771745,51.5785784863321],[0.0367345843372954,51.5783538472049],[0.0367245459365859,51.5781292080734],[0.0367145076750458,51.5779045689377],[0.0367044695526702,51.5776799297977],[0.0366944315694577,51.5774552906534],[0.0366843937254061,51.5772306515049],[0.0370449266845195,51.5772243910965],[0.0374054595045239,51.5772181295754],[0.0377659921853923,51.5772118669415],[0.0377559486835289,51.5769872276297],[0.0381164792929184,51.57698096383],[0.0381064339979919,51.576756324461],[0.0380963888423152,51.5765316850877],[0.0377358620974891,51.5765379489934],[0.0377258190133065,51.5763133096688],[0.0373652940615736,51.5763195725147],[0.0370047689707158,51.5763258342478],[0.0369947298902037,51.5761011950249],[0.0369846909488615,51.5758765557978],[0.037345212175295,51.5758702939587],[0.0373351714409456,51.5756456546744],[0.0376956905960837,51.5756393916695],[0.0376856478542769,51.5754147521065],[0.0376756049376684,51.5751901122164],[0.0376655621558439,51.5749654723193],[0.0376555195088005,51.5747408324152],[0.0376454769965362,51.5745161925041],[0.0376354346190489,51.574291552586],[0.0376253923763357,51.5740669126608],[0.0376153502683953,51.5738422727287],[0.0376053082952238,51.5736176327895],[0.0375952664568209,51.5733929928434],[0.0375852247531819,51.5731683528902],[0.037575183184307,51.57294371293],[0.0375651417501926,51.5727190729628],[0.0375551004508359,51.5724944329886],[0.0379155934695032,51.5724881687753],[0.0379055504523662,51.5722635287903],[0.0378955075700074,51.5720388887983],[0.0378854648224226,51.5718142487993],[0.0382459521488486,51.5718079834647],[0.0382359076835743,51.5715833434549],[0.0382258633530945,51.5713587034381],[0.0385863468398956,51.5713524369863],[0.0385763007917945,51.5711277969587],[0.0385662548785064,51.5709031569241],[0.0385562091000304,51.5706785168825],[0.0385461634563621,51.5704538768339],[0.0385361179474997,51.5702292367783],[0.0385260725734413,51.5700045967156],[0.0385160273341855,51.569779956646],[0.0385059822297282,51.5695553165693],[0.0384959372600675,51.5693306764857],[0.0384858924252024,51.569106036395],[0.0384758477251296,51.5688813962973],[0.0384658031598467,51.5686567561926],[0.0381053419004317,51.5686630226897],[0.0381153846135632,51.5688876627906],[0.0381254274614608,51.5691123028845],[0.0381354704441277,51.5693369429714],[0.0381455135615645,51.5695615830513],[0.0381555568137747,51.5697862231242],[0.0381656002007605,51.5700108631901],[0.0381756437225255,51.570235503249],[0.0378151693628387,51.5702417686099],[0.0374546948684642,51.570248032861],[0.0370942202394259,51.5702542960025],[0.0367337454757483,51.5702605580341],[0.0367437817229972,51.5704851980708],[0.0363833049723749,51.5704914589889],[0.036022828087159,51.5704977187972],[0.0356623510673728,51.5705039774957],[0.0353018739130413,51.5705102350845],[0.0352918450751232,51.570285595063],[0.034931369638609,51.5702918515459],[0.0345708940676004,51.5702981069189],[0.0342104183621208,51.5703043611822],[0.0338499425221944,51.5703106143358],[0.0334894665478462,51.5703168663796],[0.0334794471061165,51.5700922263704],[0.033469427798856,51.5698675863543],[0.0331089553947391,51.5698738372961],[0.0330989380742247,51.5696491972768],[0.0330889208881515,51.5694245572506],[0.032728452054204,51.5694308070904],[0.0323679830859145,51.5694370558205],[0.0320075139833095,51.5694433034409],[0.0320175256126017,51.5696679434555],[0.0320275373762641,51.569892583463],[0.0320375492742988,51.5701172234635],[0.0316770748596585,51.5701234701786],[0.0313166023791822,51.5701297169637],[0.0309561297702322,51.570135962643],[0.0309661363985303,51.5703606027347],[0.0313266107559926,51.5703543569895],[0.0313366192613533,51.5705789970043],[0.0313466278952671,51.5708036370082],[0.0313566366577358,51.5710282770013],[0.0317171161323915,51.5710220299521],[0.0317271267720183,51.5712466698682],[0.0313666455487607,51.5712529169834],[0.0310061641970192,51.5712591629926],[0.0306456827168165,51.571265407896],[0.0302852011081741,51.5712716516934],[0.0302751974629672,51.5710470115133],[0.0299147174745183,51.5710532541388],[0.0295542373576789,51.5710594956585],[0.0291937571124698,51.5710657360722],[0.0288332767389148,51.57107197538],[0.0284727962370362,51.5710782135819],[0.0284628014632782,51.5708535730612],[0.0281023225816961,51.5708598100913],[0.0277418435718382,51.5708660460155],[0.0273813644337266,51.5708722808338],[0.027371375034076,51.5706476401043],[0.0270108975163152,51.5706538737508],[0.0266504198703476,51.5706601062914],[0.0266404340961231,51.5704354654193],[0.0266304484501525,51.5702108245363],[0.026269974173107,51.5702170558393],[0.0262599904039084,51.5699924148795],[0.0262500067629373,51.5697677739088],[0.0262400232501925,51.5695431329273],[0.026230039865671,51.5693184919348],[0.0262200566093716,51.5690938509315],[0.0262100734812907,51.5688692099172],[0.0258496095668732,51.5688754397191],[0.0254891455243346,51.5688816684151],[0.0254791660212426,51.5686570272582],[0.0251187035989935,51.5686632547825],[0.0247582410486718,51.568669481201],[0.0247482651704843,51.5684448399016],[0.0243878042404821,51.5684510651485],[0.0240273431824522,51.5684572892895],[0.0236668819964192,51.5684635123247],[0.0236768526294889,51.5686881538216],[0.0236868233906132,51.5689127953077],[0.0236967942797964,51.5691374367828],[0.0237067652970398,51.569362078247],[0.02334629698938,51.5693683004397],[0.0233562663862172,51.5695929419588],[0.0233662359110961,51.5698175834671],[0.0233762055640198,51.5700422249645],[0.023386175344989,51.570266866451],[0.0233961452540069,51.5704915079266],[0.0234061152910762,51.5707161493913],[0.0234160854561978,51.5709407908451],[0.0230556047808008,51.5709470123925],[0.0226951239774436,51.5709532328339],[0.022334643046149,51.5709594521695],[0.0219741619869392,51.5709656703991],[0.021613680799837,51.5709718875228],[0.0212531994848644,51.5709781035406],[0.0208927180420447,51.5709843184525],[0.0205322364714009,51.5709905322584],[0.0201717547729545,51.5709967449584],[0.0198112729467286,51.5710029565525],[0.0198212257535128,51.5712275986531],[0.0198311786881283,51.5714522407428],[0.0198411317505743,51.5716768828216],[0.0198510849408559,51.5719015248895],[0.0194905959921318,51.5719077356406],[0.0191301069156648,51.5719139452856],[0.0191400567362961,51.5721385874741],[0.0191500066847212,51.5723632296517],[0.0187895139830182,51.5723694383222],[0.0184290211536127,51.5723756458867],[0.0184190747027285,51.5721510035777],[0.0180585834944169,51.5721572099706],[0.018068528196528,51.5723818523452],[0.0180784730263658,51.572606494709],[0.0177179781928253,51.5726127001272],[0.0173574832316482,51.5726189044395],[0.0169969881428569,51.5726251076457],[0.016636492926474,51.5726313097459]]],[[[0.0451080074162556,51.6121555025586],[0.0454688212222406,51.6121492172958],[0.0458296348972791,51.6121429309245],[0.0461904484413473,51.6121366434448],[0.0461803468687972,51.6119120016471],[0.0461702454272904,51.6116873598394],[0.0458094354335439,51.6116936472187],[0.0454486253088322,51.6116999334896],[0.0454587232000384,51.6119245753977],[0.0450979111692301,51.6119308606104],[0.0451080074162556,51.6121555025586]]],[[[0.02334629698938,51.5693683004397],[0.023336327720582,51.5691436589096],[0.023326358579822,51.5689190173687],[0.0229658936410665,51.5689252383238],[0.0226054285743712,51.5689314581732],[0.0226153942182798,51.5691560998457],[0.0226253599901801,51.5693807415074],[0.0229858285537523,51.5693745215264],[0.02334629698938,51.5693683004397]]],[[[0.0430491150581077,51.5582353800112],[0.0430591807301515,51.5584600238196],[0.0426988011342136,51.5584663052593],[0.0423384214092206,51.5584725855906],[0.0423484837184545,51.5586972294146],[0.0419881021184542,51.5587035086491],[0.0416277203894419,51.5587097867752],[0.0416377791307279,51.558934429985],[0.0412773955069514,51.5589407069746],[0.040917011753461,51.5589469828562],[0.040927066813599,51.5591716251982],[0.0405666811710398,51.5591778999902],[0.0405767346015267,51.5594025423424],[0.0402163470698923,51.5594088160448],[0.0398559594086089,51.559415088639],[0.0398459094969319,51.5591904462498],[0.0394855234654301,51.5591967177175],[0.0391251373043258,51.5592029880771],[0.0391351836971839,51.5594276305032],[0.0391452302196813,51.5596522729211],[0.0395056198996298,51.5596460025246],[0.0395156683112254,51.5598706449157],[0.039155276871821,51.5598769153307],[0.039165323653604,51.560101557732],[0.0388049303251321,51.5601078270573],[0.0384445368670951,51.5601140952745],[0.0384545802595143,51.5603387377044],[0.0380941849124262,51.5603450048319],[0.0381042266749165,51.560569647272],[0.037743829438773,51.5605759133098],[0.0377538695712887,51.5608005557601],[0.0373934704460853,51.5608068207081],[0.0370330711914003,51.5608130845479],[0.0370431079343123,51.5610377270268],[0.0366827067905836,51.5610439897769],[0.0366927419034055,51.5612686322659],[0.0363323388706274,51.5612748939262],[0.0363423723533135,51.5614995364254],[0.0359819674314823,51.5615057969959],[0.0356215623802559,51.5615120564582],[0.0356115324168439,51.5612874139223],[0.035251128995883,51.561293672258],[0.0352411009215187,51.5610690296955],[0.0352310729765577,51.5608443871247],[0.0348706729454648,51.5608506443156],[0.03486064688948,51.5606260017182],[0.0345002484886413,51.5606322577826],[0.0345102727850502,51.5608569003983],[0.0341498724953364,51.5608631553728],[0.0341598951615,51.5610877979986],[0.0337994929829055,51.5610940518833],[0.0338095140187782,51.5613186945192],[0.0338195351839667,51.5615433371468],[0.0334591293568372,51.56154958996],[0.033449109951301,51.561324947314],[0.0330887057545875,51.5613311990007],[0.03309872340047,51.5615558416649],[0.032738317314889,51.5615620922617],[0.0327483333303649,51.561786734936],[0.0331087411756245,51.5617804843209],[0.033118759080052,51.5620051269687],[0.0331287771137557,51.5622297696082],[0.0331387952767378,51.5624544122394],[0.0334992082719469,51.5624481604613],[0.0335092283239763,51.562672803066],[0.0335192485053122,51.5628974456624],[0.0331588319905445,51.5629036974772],[0.0327984153465493,51.5629099481838],[0.0324379985733487,51.5629161977821],[0.0320775816709651,51.5629224462722],[0.0317171646821584,51.5629286936388],[0.0313567484703146,51.5629349395773],[0.0309963321297429,51.5629411844099],[0.0306359156604662,51.5629474281367],[0.0302754990625083,51.5629536707575],[0.0299150823358901,51.5629599122726],[0.0299050797436828,51.5627352692665],[0.0295446646412912,51.5627415096146],[0.0291842494102868,51.5627477488568],[0.0288238340506936,51.5627539869931],[0.028463418562534,51.5627602240236],[0.0281030029458303,51.5627664599482],[0.0277425872006057,51.5627726947669],[0.0273821713268818,51.5627789284798],[0.0273921616490076,51.5630035719134],[0.0270317438939305,51.5630098045815],[0.0270417325916898,51.5632344480655],[0.0266813129552537,51.5632406796887],[0.0266913000286,51.5634653232232],[0.0263308785108021,51.5634715538015],[0.0263408639596909,51.5636961973864],[0.0259804405605254,51.5637024269199],[0.0256200170329664,51.5637086553475],[0.0256299991043736,51.5639332990437],[0.0252695736954634,51.5639395264264],[0.0252795541422969,51.564164170173],[0.0249191268520308,51.5641703965108],[0.0249091481582021,51.5639457527032],[0.0248991695927561,51.5637211088849],[0.0252595933770355,51.5637148826692],[0.0252496131870118,51.5634902389013],[0.0248891911556916,51.5634964650561],[0.0245287689960465,51.563502690105],[0.0245187924402986,51.5632780462045],[0.0241583719052939,51.5632842700865],[0.0241483972308176,51.5630596261145],[0.0237879783204564,51.5630658488297],[0.0237780055272068,51.562841204786],[0.0234175882414933,51.5628474263343],[0.023407617329424,51.5626227822191],[0.0230472016683627,51.5626290026006],[0.0230372326374295,51.5624043584138],[0.0226768186010244,51.5624105776285],[0.0226668514511796,51.5621859333702],[0.0223064390394368,51.5621921514181],[0.022296473770636,51.5619675070882],[0.0219360629835577,51.5619737239694],[0.0219260995957555,51.5617490795679],[0.0215656904333463,51.5617552952823],[0.0215557289264982,51.5615306508094],[0.021195321388762,51.561536865357],[0.0208349137229485,51.5615430787988],[0.0204745059290799,51.5615492911348],[0.0201140980071787,51.561555502365],[0.0201240525029092,51.5617801470814],[0.0201340071267053,51.5620047917873],[0.0201439618785685,51.5622294364826],[0.0201539167585012,51.5624540811672],[0.0201638717665057,51.5626787258413],[0.0201738269025849,51.5629033705047],[0.0201837821667394,51.5631280151575],[0.0201937375589728,51.5633526597997],[0.0202036930792864,51.5635773044312],[0.0202136487276832,51.5638019490522],[0.0198532231488983,51.5638081597852],[0.0198631771723681,51.5640328044564],[0.019873131323901,51.564257449117],[0.0198830856035019,51.564482093767],[0.0198930400111706,51.5647067384063],[0.0199029945469104,51.5649313830351],[0.0202634288909861,51.5649251719977],[0.0202733853079261,51.565149816555],[0.0206338212770829,51.5651436043508],[0.0206437795752677,51.5653682488366],[0.0210042171695015,51.5653620354655],[0.0210141773489767,51.5655866798798],[0.0210241376566006,51.5658113242834],[0.0213845786290954,51.5658051096846],[0.0213945408180799,51.5660297540167],[0.0214045031352398,51.5662543983382],[0.0214144655805767,51.5664790426491],[0.0217749116846468,51.5664728267615],[0.02178487601144,51.5666974710009],[0.0217948404664381,51.5669221152296],[0.0221552899489318,51.5669158981142],[0.0221652562854564,51.5671405422714],[0.0225257073930926,51.567134323989],[0.0228861583725277,51.5671281046005],[0.0232466092237394,51.567121884106],[0.0236070599467062,51.5671156625055],[0.0235970865969223,51.5668910185921],[0.0235871133754588,51.566666374668],[0.0239475604635601,51.5666601520834],[0.0243080074233754,51.5666539283927],[0.0246684542548814,51.566647703596],[0.0246584759019517,51.5664230598442],[0.025018920851868,51.5664168340025],[0.0250089408740884,51.5661921903011],[0.0246484976774062,51.5661984160819],[0.0242880543523959,51.5662046407566],[0.0242780780094471,51.5659799969226],[0.024638519581243,51.5659737723089],[0.0249989610247135,51.5659675465891],[0.0249889813037417,51.5657429028665],[0.0253494208656774,51.5657366761018],[0.0257098602992443,51.565730448231],[0.0260702996044207,51.5657242192543],[0.0260802845849459,51.5659488627939],[0.0264407255148877,51.5659426326502],[0.0268011663163913,51.5659364014005],[0.0271616069894336,51.5659301690448],[0.0275220475339913,51.5659239355831],[0.0278824879500429,51.5659177010154],[0.0282429282375649,51.5659114653417],[0.0286033683965345,51.5659052285621],[0.0289638084269298,51.5658989906764],[0.0289738075614877,51.5661236337169],[0.0293342492164713,51.5661173946642],[0.0296946907428322,51.5661111545055],[0.0300551321405487,51.5661049132408],[0.0300451277464403,51.5658802703836],[0.0304055672623108,51.565874028074],[0.0307660066494925,51.5658677846585],[0.0311264459079642,51.565861540137],[0.0314868850377023,51.5658552945094],[0.0314768737597056,51.5656306518862],[0.0318373113054751,51.5656244052654],[0.0321977494563911,51.5656181576643],[0.0321877347634894,51.5653935150937],[0.0325481710251474,51.5653872664025],[0.0329086071575992,51.565381016603],[0.0328985890738433,51.5651563740607],[0.0332590233170221,51.5651501231711],[0.0336194574309502,51.5651438711732],[0.0339798914156059,51.565137618067],[0.0343403252709654,51.5651313638525],[0.0347007589970073,51.5651251085296],[0.0347107858809596,51.5653497509803],[0.0350712212376924,51.5653434945308],[0.0354316564650606,51.5653372369729],[0.035792091563039,51.5653309783066],[0.0358021238565521,51.5655556206941],[0.0361625605851679,51.5655493609011],[0.0365229971843474,51.5655430999998],[0.0368834336540674,51.5655368379902],[0.0372438699943065,51.5655305748722],[0.0376043062050399,51.5655243106458],[0.0379647422862461,51.5655180453111],[0.0383251782379021,51.5655117788681],[0.038685614059985,51.5655055113167],[0.0386755676861425,51.5652808690765],[0.0390360016185988,51.5652746004352],[0.039396435421438,51.5652683306856],[0.039756869094638,51.5652620598276],[0.0401173026381767,51.5652557878614],[0.0401072493539663,51.5650311456867],[0.0404676810078205,51.5650248726306],[0.040828112531969,51.5650185984661],[0.0408180558575479,51.5647939563202],[0.041178485491997,51.5647876810659],[0.0415389149966986,51.5647814047033],[0.0418993443716286,51.5647751272323],[0.0422597736167635,51.5647688486531],[0.042620202732083,51.5647625689655],[0.0429806317175629,51.5647562881697],[0.0433410605731811,51.5647500062655],[0.0433309917089439,51.564525364241],[0.0436914186747426,51.564519081247],[0.0440518455106362,51.5645127971448],[0.0444122722166007,51.5645065119343],[0.0444021982025787,51.5642818699572],[0.0447626230186887,51.5642755836569],[0.0447726987926152,51.5645002256154],[0.0451331252386557,51.5644939381883],[0.0454935515546997,51.5644876496528],[0.0455036309785065,51.5647122915659],[0.0455137105323939,51.5649369334707],[0.0458741402382828,51.5649306437897],[0.0458842216822204,51.5651552856677],[0.0462446530180266,51.5651489948598],[0.0462345698141248,51.5649243530004],[0.0465949992598982,51.5649180611028],[0.0465849144261872,51.5646934192539],[0.0465748297226256,51.5644687773967],[0.0465647451492105,51.5642441355313],[0.0462043209831856,51.564250427373],[0.0458438966870984,51.5642567181064],[0.0458338157635716,51.5640320761955],[0.0454733930973191,51.564038365802],[0.0451129703010524,51.5640446543002],[0.0451028930273281,51.5638200123438],[0.0447424718609255,51.5638262997152],[0.0447323964770844,51.5636016577319],[0.0447223212232669,51.5633770157404],[0.045082738870025,51.5633707284062],[0.0450726619864414,51.563146086425],[0.045433077743429,51.5631397980012],[0.0454229992301243,51.5629151560304],[0.0457834130973441,51.5629088665169],[0.0457733329543645,51.5626842245564],[0.0461337449318222,51.5626779339533],[0.0461236631592136,51.5624532920032],[0.0457632529414691,51.5624595825877],[0.0454028425937021,51.562465872064],[0.0450424321159363,51.562472160432],[0.0450323557525083,51.5622475184178],[0.0446719469044628,51.562253805659],[0.0443115379264657,51.562260091792],[0.0443014652124218,51.5620354497324],[0.0439410578641741,51.5620417347386],[0.0439309870397711,51.5618170926522],[0.0435705813212773,51.5618233765317],[0.0432101754729053,51.5618296593029],[0.0432001082977354,51.5616050171711],[0.0428397040791465,51.5616112988156],[0.0424792997307265,51.561617579352],[0.042469236204704,51.5613929371748],[0.0421088334860963,51.5613992165844],[0.042098771849538,51.5611745743805],[0.0424591728085468,51.5611682949894],[0.0424491095422525,51.5609436527957],[0.0424390464058179,51.5607190105938],[0.0424289833992415,51.5604943683837],[0.042418920522522,51.5602697261653],[0.0427793143135709,51.5602634457401],[0.0427692498072221,51.560038803532],[0.0427591854307488,51.5598141613156],[0.0427491211841459,51.559589519091],[0.0431095095670066,51.5595832376134],[0.0430994436908629,51.559358595399],[0.0430893779446096,51.5591339531764],[0.0430793123282446,51.5589093109456],[0.0430692465313292,51.5586846676201],[0.0434296277441571,51.5586783850602],[0.0434195601970113,51.5584537412714],[0.0434094927790222,51.5582290974748],[0.0430491150581077,51.5582353800112]]],[[[0.0461298409716513,51.6107887925084],[0.0457690380782731,51.6107950796868],[0.0454082350539377,51.610801365757],[0.0454183324211771,51.6110260077051],[0.045428429919404,51.6112506496433],[0.0454385275486218,51.6114752915715],[0.0457993358982048,51.6114690053508],[0.046160144116825,51.6114627180217],[0.0465209522044586,51.6114564295842],[0.0465108492499301,51.6112317878067],[0.046500746426462,51.6110071460191],[0.0464906437340504,51.6107825042215],[0.0461298409716513,51.6107887925084]]],[[[0.0230157318829131,51.5700484462486],[0.0226552580738552,51.5700546664269],[0.0222947841368678,51.5700608854993],[0.0223047486722161,51.5702855271832],[0.0223147133355439,51.5705101688562],[0.0226751907696389,51.5705039496522],[0.0230356680758012,51.5704977293423],[0.0230256999153442,51.5702730878009],[0.0230157318829131,51.5700484462486]]]]}}