{"type":"Feature","properties":{"code":"E63004992","name":"Bexley"},"geometry":{"type":"MultiPolygon","coordinates":[[[[0.208576497422204,51.475872169359],[0.208587363190821,51.4760967976764],[0.208598229100619,51.476321425987],[0.208609095151603,51.476546054291],[0.208619961343772,51.4767706825884],[0.208979680388536,51.4767639047317],[0.208968812422466,51.4765392764289],[0.209328529552096,51.4765324974605],[0.209339399292065,51.4767571257686],[0.209699118054335,51.4767503456991],[0.209709989709458,51.4769749740059],[0.209720861505841,51.477199602306],[0.210080583674687,51.4771928211408],[0.210440305702225,51.4771860388692],[0.210451181187792,51.4774106671734],[0.210810904847956,51.4774038838007],[0.210821782248814,51.4776285121035],[0.211181507541599,51.4776217276298],[0.211192386857793,51.4778463559312],[0.21120326631535,51.478070984226],[0.211562995014772,51.4780641986565],[0.211573876387736,51.47828882695],[0.21121414591427,51.4782956125142],[0.211225025654557,51.4785202407956],[0.210865293265632,51.4785270252481],[0.210876171373194,51.4787516535176],[0.210516437068807,51.4787584368583],[0.21015670262307,51.4787652190925],[0.210167577323743,51.4789898473446],[0.20980784096256,51.478996628467],[0.209818714030392,51.4792212567072],[0.209458975753757,51.4792280367178],[0.209469847188703,51.4794526649459],[0.20911010699661,51.4794594438446],[0.208750366663253,51.4794662216369],[0.208761234691069,51.4796908498476],[0.20840149244227,51.479697626528],[0.208412358837084,51.4799222547267],[0.208052614672839,51.4799290302951],[0.208063479434603,51.4801536584818],[0.207703733354907,51.4801604329384],[0.207714596483578,51.4803850611129],[0.207354848488427,51.4803918344576],[0.207365709983955,51.4806164626201],[0.207725459753407,51.4806096892809],[0.208085209381674,51.4806029148351],[0.208444958868734,51.4805961392828],[0.208804708214565,51.480589362624],[0.209164457419142,51.4805825848586],[0.209175327927398,51.4808072130414],[0.20918619857691,51.4810318412175],[0.209545951188855,51.4810250623564],[0.20955682375398,51.4812496905312],[0.209567696460389,51.4814743186994],[0.209927452479761,51.4814675387424],[0.209938327101854,51.4816921669093],[0.209949201865258,51.4819167950695],[0.209960076769976,51.4821414232231],[0.20997095181601,51.48236605137],[0.210330714791775,51.4823592703278],[0.210341591753616,51.4825838984734],[0.210701356362503,51.4825771163299],[0.211061120830002,51.4825703330799],[0.211072001482201,51.4827949612295],[0.211431767582791,51.4827881768781],[0.211791533541944,51.4827813914201],[0.212151299359635,51.4827746048555],[0.21214041338393,51.48254997669],[0.212500177285642,51.4825431890134],[0.212489289676921,51.482318560836],[0.212478402209678,51.4820939326518],[0.212838162420966,51.4820871438581],[0.213197922490731,51.4820803539578],[0.213187031616115,51.4818557257564],[0.213546789769914,51.4818489347443],[0.213906547782147,51.4818421426255],[0.213895653500257,51.481617514407],[0.214255409596508,51.4816107211764],[0.21424451368181,51.4813860929459],[0.214604267862085,51.4813792986035],[0.21496402190073,51.4813725031546],[0.214953122578927,51.481147874907],[0.215312867695558,51.4811410788563],[0.215301967231849,51.4809164506473],[0.21566170812777,51.4809096537825],[0.215650806299685,51.480685025658],[0.21601054558253,51.4806782277901],[0.215999642390109,51.48045359975],[0.215988739322055,51.4802289716971],[0.21562900301656,51.4802357693702],[0.215618101561514,51.4800111412071],[0.21560720023081,51.479786513031],[0.215247466778222,51.4797933094093],[0.215236567060465,51.479568681123],[0.215225667467026,51.4793440528239],[0.215214767997903,51.4791194245119],[0.215203868653094,51.4788947961871],[0.214844137149963,51.4789015920646],[0.21483323938592,51.4786769637438],[0.214822341763476,51.4784523354162],[0.215182070336409,51.4784455394987],[0.215171171364529,51.4782209111352],[0.215530894397295,51.4782141154381],[0.215890617305715,51.4782073186408],[0.215879715481212,51.4779826904591],[0.215519994061255,51.4779894871591],[0.215509093849539,51.4777648588671],[0.215498193762144,51.4775402305623],[0.215487293799067,51.4773156022446],[0.215476393960309,51.477090973914],[0.215116678369668,51.4770977691246],[0.215105780143589,51.4768731406839],[0.214746062370963,51.4768799369371],[0.214386343814823,51.4768867324906],[0.214375449098975,51.4766621041151],[0.214015732175141,51.4766688985675],[0.213656015109751,51.4766756919136],[0.213645124083191,51.4764510635418],[0.213285408650137,51.4764578557868],[0.212925693075576,51.4764646469253],[0.212914805738218,51.4762400185574],[0.212555091796023,51.4762468085949],[0.212195377712369,51.476253597526],[0.21218449406413,51.476028969162],[0.211824781612873,51.476035756992],[0.211813899879854,51.4758111286267],[0.211454189061,51.4758179153557],[0.211094478100759,51.4758247009783],[0.211083600056708,51.4756000726169],[0.211072724016533,51.4753754507076],[0.211061849160972,51.4751508323968],[0.211050974451948,51.4749262140819],[0.211040099889458,51.474701595763],[0.210680397879576,51.4747083801575],[0.210669525323302,51.474483761883],[0.210658652913534,51.4742591436044],[0.210647780650269,51.4740345253218],[0.210636908533504,51.4738099070351],[0.210277213815713,51.4738166905145],[0.209917518951441,51.4738234728852],[0.20992838734897,51.474048091075],[0.209568690478618,51.4740548722883],[0.209579557162956,51.4742794904256],[0.20921985828652,51.4742862704816],[0.20886015926367,51.4742930494288],[0.208871022375094,51.4745176674651],[0.208511321346178,51.4745244452549],[0.208151620170893,51.4745312219359],[0.208162479709301,51.4747558398711],[0.207802776527966,51.4747626153948],[0.207813634352988,51.4749872332774],[0.20782449232433,51.475211851156],[0.207835350441995,51.4754364690305],[0.208195059202587,51.4754296936524],[0.208205921478078,51.4756543178123],[0.208216785331704,51.4758789461309],[0.208576497422204,51.475872169359]]],[[[0.0919958467500362,51.4222543314713],[0.0916365398366224,51.4222607481995],[0.0916468052139344,51.4224853896803],[0.0912874965959566,51.4224918052412],[0.0912977605139584,51.4227164466582],[0.0909384501914122,51.4227228610518],[0.0909487126500612,51.422947502405],[0.0909589752313135,51.4231721437545],[0.0909692379351718,51.4233967851002],[0.0906099227440345,51.4234031982065],[0.0906201839884598,51.4236278394884],[0.0902608670926976,51.4236342514274],[0.0899015500743703,51.4236406622591],[0.0899118082772575,51.4238653034172],[0.0895524895543179,51.4238717130816],[0.0895627462976658,51.4240963541758],[0.0899220666026929,51.4240899445715],[0.0902813867851708,51.4240835338599],[0.0902916468152652,51.4243081750706],[0.0903019069679331,51.4245328162775],[0.089942583621219,51.424539226869],[0.0895832601519525,51.4245456363531],[0.0895935172628971,51.4247702774361],[0.0892341920889446,51.4247766857529],[0.089244447740251,51.4250013267721],[0.0888851208616077,51.4250077339214],[0.0888953750532341,51.4252323748768],[0.0892547035140747,51.4252259677876],[0.0892649594104178,51.4254506087993],[0.0889056293673589,51.4254570158285],[0.0889158817704192,51.4256816576957],[0.0885565498646803,51.4256880636525],[0.0885667998588373,51.4259127059158],[0.0882074661394652,51.4259191107886],[0.0878481322917609,51.4259255145585],[0.0878583790436741,51.426150156851],[0.0874990433823505,51.4261565595368],[0.0875092885772586,51.4263812018399],[0.0871499511023111,51.4263876034416],[0.0871601947401706,51.4266122457552],[0.087170438506316,51.4268368880606],[0.0871806824007491,51.4270615303577],[0.0871909264234726,51.4272861726466],[0.0868315820786938,51.4272925732204],[0.0868418245442648,51.4275172155198],[0.0864824783857812,51.4275236150094],[0.0864927192941558,51.4277482573193],[0.0865029603307839,51.4279728996209],[0.0861436106730956,51.4279792980451],[0.0861538501524631,51.4282039403572],[0.0857944986810354,51.4282103376971],[0.0858047366030991,51.4284349800197],[0.0861640897600663,51.4284285826611],[0.0861743294959064,51.4286532249567],[0.0861845693599864,51.4288778672442],[0.0858252128318745,51.4288842646402],[0.0854658561755543,51.4288906609334],[0.0854556196826433,51.4286660186085],[0.0850962645837227,51.42867241378],[0.0851064993910459,51.4288970561235],[0.0851167343265451,51.4291216984588],[0.0847573757282594,51.4291280925647],[0.084767609106302,51.4293527349104],[0.0847778426125039,51.4295773772479],[0.084418480514778,51.4295837702882],[0.0840591182889233,51.4295901622255],[0.0840693485519226,51.4298148045921],[0.0837099845122761,51.429821195445],[0.0833506203445416,51.4298275851949],[0.0833608473642449,51.4300522275906],[0.0830014813827335,51.4300586162562],[0.0829912560487415,51.4298339738418],[0.0826318916248965,51.4298403613857],[0.0826421152731756,51.4300650038187],[0.0822827490355929,51.4300713902783],[0.0822929711261674,51.4302960327216],[0.082303193344755,51.4305206751568],[0.0819438236076684,51.4305270605506],[0.081933603074842,51.4303024180968],[0.0815742343349336,51.4303088025834],[0.0812148647515889,51.4303151862413],[0.0812250818551047,51.4305398287718],[0.0808657103877007,51.4305462113852],[0.0805063387885884,51.4305525928977],[0.0805165525191314,51.4307772355305],[0.0801571790359755,51.4307836159985],[0.0801673911458325,51.4310082586772],[0.0801776033873635,51.4312329013456],[0.0798182262677525,51.4312392808253],[0.0798080157786275,51.4310146381006],[0.0794486402797775,51.4310210164231],[0.0790892646493042,51.4310273936447],[0.0787298888872318,51.4310337697653],[0.0783705129935827,51.4310401447851],[0.0783807164730624,51.431264787735],[0.0783909200841048,51.4314894306746],[0.078031540554044,51.431495804706],[0.0776721608924461,51.4315021776365],[0.0776823611301282,51.4317268206782],[0.0773229795845499,51.431733192564],[0.076963597907478,51.4317395633489],[0.0766042160989354,51.4317459330329],[0.0766144112106642,51.431970576233],[0.0762550275181768,51.4319769448723],[0.0758956436942619,51.4319833124106],[0.0755362597389412,51.4319896788479],[0.0755464497245637,51.4322143222064],[0.0751870638853349,51.432220687599],[0.0748276779147438,51.4322270518906],[0.074468291812813,51.4322334150813],[0.0744784766721747,51.432458058598],[0.0748378645266578,51.4324516953511],[0.0748480512699202,51.4326763388013],[0.0752074407456348,51.4326699743973],[0.075217629372843,51.4328946177808],[0.0755770204697845,51.4328882522196],[0.0755872109809838,51.4331128955366],[0.0759466036991469,51.4331065288181],[0.0759567960943832,51.4333311720685],[0.0755974016235834,51.4333375388432],[0.0756075923975845,51.4335621821394],[0.0756177833029903,51.4337868254253],[0.0759771812791324,51.4337804585381],[0.075987371255821,51.4340051017773],[0.0759975599515246,51.4342297450164],[0.0756381583264944,51.4342361120082],[0.0756483453877436,51.4344607552883],[0.075658532581198,51.4346853985583],[0.0760179377396093,51.4346790314644],[0.0760281268319939,51.4349036746732],[0.0756687199068578,51.4349100418182],[0.075678907364727,51.4351346850681],[0.0753194985406586,51.4351410511628],[0.0753296843639663,51.4353656944537],[0.0753398703194638,51.4355903377344],[0.0749804578296631,51.4355967028299],[0.0749906421505321,51.4358213461516],[0.0746312277617656,51.4358277101968],[0.0746414104479618,51.4360523535595],[0.0750008266035746,51.4360459894633],[0.0753602426270398,51.4360396242657],[0.0753704289791223,51.4362642675162],[0.0753806154634045,51.4364889107566],[0.0757400348884501,51.4364825443555],[0.0757502232718436,51.4367071875348],[0.0761096443315985,51.4367008199811],[0.0761198346141486,51.4369254630992],[0.0764792573086093,51.436919094393],[0.0768386798708213,51.4369127245854],[0.0771981023007635,51.4369063536763],[0.0771879067174368,51.4366817107115],[0.0775473272481648,51.4366753387521],[0.0779067476465782,51.4366689656913],[0.0779169467637442,51.4368936085538],[0.0782763687967377,51.4368872343404],[0.0782865698132085,51.4371118771418],[0.0782967709620705,51.437336519933],[0.0783069722433258,51.4375611627141],[0.078666399444837,51.4375547872459],[0.0786766026254923,51.4377794299658],[0.0786868059385691,51.4380040726756],[0.0786970093840678,51.4382287153753],[0.0787072129619912,51.438453358065],[0.0790666470992602,51.4384469812906],[0.0790768525767053,51.438671623919],[0.0794362883486423,51.438665245992],[0.0794464957256553,51.4388898885591],[0.0794567032351455,51.4391145311162],[0.0798161424088811,51.4391081519853],[0.079826351818009,51.4393327944811],[0.0798365613596417,51.4395574369668],[0.0798467710337808,51.4397820794424],[0.0802062153765779,51.4397756990564],[0.0802164269504507,51.4400003414707],[0.080226638656857,51.440224983875],[0.0805860864016151,51.4402186022851],[0.0805963000078265,51.440443244628],[0.0809557493873171,51.4404368618853],[0.0813151986342501,51.4404304780411],[0.0813049814935107,51.4402058358006],[0.0816644288406019,51.440199450906],[0.0820238757708516,51.4401930659414],[0.0820340964949332,51.4404177081213],[0.0823935450600273,51.4404113222503],[0.08240376775798,51.4406359643758],[0.0824139905925956,51.4408606064916],[0.0827734426955458,51.4408542194294],[0.0827836675041055,51.4410788614909],[0.0831431213076703,51.4410724732821],[0.0831533480902224,51.4412971152892],[0.083512803594397,51.4412907259339],[0.0835230323509865,51.4415153678867],[0.0835332612443197,51.4417400098297],[0.0838927202864431,51.4417336192831],[0.0839029511538863,51.4419582611719],[0.0839131821581001,51.4421829030509],[0.0835537194352013,51.4421892936836],[0.0835639475968584,51.4424139350076],[0.083204482865922,51.4424203245675],[0.0828450179978813,51.4424267130252],[0.0828552426074993,51.4426513544252],[0.0828654673542329,51.4428759958156],[0.0828756922380823,51.4431006371964],[0.0825162216990824,51.4431070246806],[0.0825264448753781,51.4433316660946],[0.0828859172590517,51.4433252785676],[0.0828961424171425,51.4435499199291],[0.0832556165084196,51.4435435312572],[0.0836150904625799,51.443537141483],[0.0836048616151029,51.4433125002071],[0.0839643335874317,51.4433061093737],[0.0843238054225988,51.4432997174381],[0.0843135730229606,51.4430750762384],[0.0846730428762797,51.4430686832435],[0.0846628087692174,51.442844042077],[0.0850222766406935,51.4428376480229],[0.0850325125923907,51.4430622891465],[0.0853919821712693,51.4430558939473],[0.085751451612892,51.443049497646],[0.0857616913911611,51.4432741386741],[0.0861211625401554,51.4432677412277],[0.0861314043004108,51.4434923822033],[0.086490877156772,51.4434859836119],[0.0868503498758003,51.4434795839183],[0.0868605954627822,51.4437042247984],[0.0868708411871495,51.4439288656689],[0.0868810870489042,51.4441535065297],[0.0865216087957225,51.4441599063521],[0.086531852950103,51.4443845472463],[0.0865420972418528,51.4446091881309],[0.0861826151617726,51.444615586937],[0.0861928577460798,51.4448402278549],[0.0862031004677363,51.4450648687631],[0.0862133433267452,51.4452895096618],[0.0862235863231095,51.4455141505508],[0.0865830757825885,51.445507751573],[0.086593320761218,51.4457323924094],[0.0869528119282494,51.4457259922864],[0.0873123029578996,51.4457195910612],[0.0873225517637698,51.4459442318021],[0.0873328007070736,51.4461688725334],[0.0873430497878114,51.4463935132551],[0.0873532990059867,51.4466181539672],[0.0877127972780748,51.4466117514679],[0.0877230484787098,51.4468363921274],[0.0877332998168094,51.4470610327773],[0.0880928016415176,51.4470546290897],[0.0881030549621487,51.447279269687],[0.0877435512923777,51.4472856734176],[0.0877538029054155,51.4475103140482],[0.0877640546559276,51.4477349546693],[0.0877743065439135,51.4479595952807],[0.0877845585693774,51.4481842358825],[0.0877948107323205,51.4484088764746],[0.0878050630327462,51.4486335170572],[0.0874455481546359,51.4486399199432],[0.0874557987473143,51.4488645605591],[0.087466049477457,51.4490892011654],[0.0874763003450642,51.4493138417621],[0.0871167797937472,51.4493202436746],[0.0871270289535178,51.4495448843046],[0.0871372782507363,51.449769524925],[0.0867777538713634,51.4497759258211],[0.0867880014606764,51.4500005664748],[0.0867982491874175,51.4502252071189],[0.0868084970515887,51.4504498477534],[0.0868187446583127,51.4506744883781],[0.0868289922182387,51.4508991289929],[0.0864694585563218,51.4509055290068],[0.086479704462286,51.4511301696581],[0.0864899505023932,51.4513548102995],[0.0865001966766441,51.4515794509311],[0.0865104429850444,51.4518040915529],[0.0865206894275932,51.4520287321649],[0.0865309360042947,51.4522533727671],[0.0865411827151508,51.4524780133595],[0.0865514295601642,51.4527026539421],[0.0861918814584715,51.4527090532231],[0.0862021266493319,51.4529336938421],[0.0862123719743301,51.4531583344512],[0.0862226174334692,51.4533829750506],[0.0862328630267509,51.4536076156401],[0.086243108754178,51.4538322562199],[0.0862533546157525,51.4540568967898],[0.086263600611476,51.45428153735],[0.0862738467413534,51.4545061779003],[0.0859142841983991,51.4545125764484],[0.0859245286739317,51.4547372170351],[0.085934773283598,51.454961857612],[0.0859450180274001,51.4551864981791],[0.0859552629053404,51.4554111387364],[0.0859655079174209,51.4556357792839],[0.0859757530636451,51.4558604198216],[0.0856161796552431,51.4558668175442],[0.0856264231469731,51.4560914581182],[0.0856366667728276,51.4563160986825],[0.0856469105328091,51.456540739237],[0.085287331624324,51.4565471359955],[0.0849277525817632,51.4565535316516],[0.0849379928984511,51.4567781722886],[0.0845784119331224,51.4567845668883],[0.0842188308337627,51.4567909603855],[0.0838592496003937,51.4567973527803],[0.0838694846849477,51.4570219935458],[0.0835099015288485,51.4570283848841],[0.0831503182387846,51.45703477512],[0.0831605498798216,51.4572594159679],[0.082800964667043,51.4572658051474],[0.0824413793203448,51.4572721932243],[0.0820817938397482,51.4572785801986],[0.0820920202483683,51.457503221175],[0.0817324328450956,51.457509607093],[0.0813728482515979,51.4575159932524],[0.0813830711401326,51.4577406342713],[0.0810234846374728,51.457747019375],[0.0810337058783655,51.4579716604286],[0.0806741174612749,51.4579780444741],[0.0806843370544811,51.4582026855624],[0.0803247467229555,51.4582090685496],[0.0799651562581065,51.4582154504343],[0.0799753724224633,51.4584400916017],[0.0799855887201566,51.4586647327595],[0.0796259945597487,51.4586711136302],[0.0796362092567333,51.4588957548437],[0.0792766131891823,51.4589021346592],[0.0792868264393319,51.4591267759957],[0.0789272284587102,51.4591331547526],[0.0789170169884415,51.458908513372],[0.0785574206545357,51.4589148909822],[0.0785676303449201,51.4591395324068],[0.0785778401684809,51.4593641738218],[0.0789374400621774,51.4593577961235],[0.0789476517988457,51.4595824374848],[0.0793072533392989,51.4595760586397],[0.0796668547465559,51.459569678692],[0.0800264560205949,51.4595632976415],[0.0803860571613923,51.4595569154883],[0.0803962761510507,51.4597815566635],[0.0807558789385244,51.4597751733635],[0.0811154815927065,51.4597687889608],[0.0814750841135763,51.4597624034553],[0.0814648597841011,51.4595377624123],[0.0818244611510471,51.4595313761886],[0.0821840645707243,51.4595249898417],[0.0821942925223778,51.4597496308267],[0.0825538975728629,51.4597432433277],[0.0829135024908945,51.4597368547262],[0.0829237341015252,51.4599614956016],[0.0825641274202379,51.4599678842528],[0.0825743574000988,51.4601925251679],[0.082584587512449,51.460417166073],[0.0822249771721177,51.4604235537214],[0.0822352056536309,51.4606481946663],[0.0822454342676152,51.4608728356013],[0.0822556630140717,51.4610974765261],[0.0822658918930037,51.461322117441],[0.0822761209044124,51.4615467583459],[0.0822863500483016,51.4617713992407],[0.0822965793246719,51.4619960401256],[0.0823068087335267,51.4622206810004],[0.0823170382748682,51.4624453218652],[0.082327267948697,51.46266996272],[0.0823374977550175,51.4628946035649],[0.0823477276938318,51.4631192443997],[0.082357957765141,51.4633438852245],[0.0823681879689479,51.4635685260393],[0.0823784183052546,51.4637931668441],[0.0823886487740645,51.4640178076388],[0.0823988793753773,51.4642424484236],[0.0820392389229005,51.464248835816],[0.0820494678930041,51.4644734766406],[0.0820596969955936,51.4646981174551],[0.0820699262306708,51.4649227582596],[0.0820801555982394,51.4651473990542],[0.0820903850983013,51.4653720398387],[0.0821006147308585,51.4655966806132],[0.0821108444959127,51.4658213213777],[0.0824704972948877,51.4658149336367],[0.0828301499613713,51.465808544793],[0.0828403833866763,51.4660331854479],[0.082480728956319,51.4660395743414],[0.0821210743934669,51.4660459621322],[0.0821313044235232,51.4662706028767],[0.0821415345860836,51.4664952436111],[0.0821517648811512,51.4667198843356],[0.0825114247357702,51.4667134963954],[0.0825011926767576,51.4664888557207],[0.0828608506349329,51.4664824667276],[0.0832205084605848,51.4664760766318],[0.0835801661536927,51.4664696854334],[0.0835904035045266,51.4666943259586],[0.0836006409879608,51.4669189664738],[0.0839603020763951,51.466912574073],[0.083950062829002,51.4666879336076],[0.0843097220208858,51.466681540154],[0.0843199630322345,51.4669061805695],[0.0846796238554567,51.4668997859633],[0.0846898667634302,51.467124426319],[0.0850495292179865,51.4671180305603],[0.0850597739866297,51.4673426708878],[0.0854194380738772,51.4673362739736],[0.0857791020284433,51.4673298759568],[0.0861387658503048,51.4673234768375],[0.0864984295394392,51.4673170766156],[0.0868580930958232,51.4673106752912],[0.0872177565194345,51.4673042728642],[0.08757741981025,51.4672978693347],[0.0879370829682476,51.4672914647026],[0.087947341965012,51.4675161046149],[0.0879576010946502,51.4677407445172],[0.0879678603571645,51.4679653844092],[0.0879781197525573,51.4681900242911],[0.0883377898332338,51.468183618347],[0.0886974597810377,51.4681772113003],[0.0890571295959457,51.4681708031509],[0.0890673944160228,51.4683954428655],[0.0894270658619427,51.4683890335612],[0.0894167992779343,51.468164393899],[0.0897764688269821,51.4681579835446],[0.089766200612041,51.4679333439246],[0.0901258682642214,51.4679269325199],[0.0904855357834172,51.4679205200127],[0.0908452031696049,51.4679141064029],[0.0912048704227628,51.4679076916905],[0.0915645375428681,51.4679012758755],[0.0919242045298966,51.467894858958],[0.0922838713838277,51.4678884409379],[0.0926435381046362,51.4678820218153],[0.0926538204307374,51.4681066610157],[0.0922941519460413,51.4681130801908],[0.0923044326414097,51.4683377194335],[0.0919447622596781,51.4683441375585],[0.0915850917448435,51.468350554581],[0.0915953690454958,51.4685751939184],[0.091955041324268,51.4685687768435],[0.0923147134699341,51.468562358666],[0.0923249944316168,51.4687869978884],[0.0919653205219925,51.4687934161184],[0.0919755998528562,51.4690180553831],[0.0919858793168604,51.4692426946376],[0.0916262017461404,51.4692491118699],[0.0912665240423305,51.4692555279996],[0.0912768001114174,51.4694801673489],[0.0909171205105084,51.4694865824283],[0.0905574407765528,51.4694929964052],[0.0905677134506258,51.4697176358492],[0.0902080318195866,51.4697240487759],[0.0898483500555441,51.4697304605999],[0.0898586193345051,51.4699551001386],[0.0894989356733953,51.4699615109123],[0.0895092033212586,51.4701861504933],[0.0895194711021145,51.4704107900641],[0.0898791582914669,51.4704043791855],[0.0902388453478334,51.4703979672042],[0.0902491167899929,51.47062260666],[0.090608805477501,51.4706161935237],[0.090619078816876,51.4708408329169],[0.0909787691355204,51.4708344186254],[0.0913384593211067,51.4708280032313],[0.0913487363219364,51.4710526425094],[0.0917084281386292,51.4710462259601],[0.0917187070367875,51.4712708651757],[0.091728986068085,51.471495504381],[0.0917392652325261,51.4717201435763],[0.0920989622088117,51.4717137257669],[0.092109243270676,51.4719383648995],[0.0924689418781007,51.4719319459349],[0.0928286403523627,51.4719255258675],[0.0928389250759941,51.472150164885],[0.0924792248374359,51.4721565850048],[0.0924895079299644,51.4723812240646],[0.0921298057939179,51.4723876431342],[0.0921195244657106,51.4721630040219],[0.091759823960845,51.4721694219363],[0.0914001233228604,51.4721758387479],[0.0914104011224153,51.4724004779651],[0.0917701035247267,51.472394061101],[0.0917803832217607,51.4726187002556],[0.0921400872552991,51.4726122822363],[0.0924997911556907,51.4726058631143],[0.0925100745146162,51.4728305021538],[0.0928697800462042,51.4728240818765],[0.0928800653027202,51.4730487208533],[0.0932397724655002,51.4730422994208],[0.0935994794950606,51.4730358768855],[0.0936097684136192,51.4732605157471],[0.0939694770743422,51.4732540920565],[0.0943291856017972,51.4732476672632],[0.0946888939959627,51.473241241367],[0.0946991883410707,51.4734658800609],[0.095058898366344,51.4734594530095],[0.0954186082582788,51.4734530248552],[0.0957783180168535,51.4734465955982],[0.0961380276420445,51.4734401652384],[0.0964977371338291,51.4734337337758],[0.0965080404344753,51.4736583721968],[0.0965183438685832,51.4738830106076],[0.0965286474361551,51.4741076490082],[0.096888362087874,51.474101216285],[0.0968986675534125,51.4743258546229],[0.0969089731524417,51.4745504929506],[0.0972686911997212,51.4745440590195],[0.0972789986967877,51.4747686972844],[0.0972893063273723,51.4749933355392],[0.0976490277702703,51.4749869004],[0.097638718375122,51.4747622621979],[0.0976284091135144,51.4745376239856],[0.0976180999854456,51.474312985763],[0.0979778160012134,51.4743065496789],[0.0979675052421892,51.4740819114988],[0.0979571946167209,51.4738572733086],[0.0979468841248088,51.4736326351082],[0.0979365737664491,51.4734079968977],[0.0979262635416401,51.473183358677],[0.0975665563481105,51.473189794498],[0.097556248021229,51.4729651562145],[0.0975459398278705,51.4727405179208],[0.0975356317680328,51.472515879617],[0.0975253238417141,51.472291241303],[0.0978850239778633,51.4722848056924],[0.097874714420772,51.4720601674208],[0.0978644049972187,51.471835529139],[0.0982241014713099,51.4718290925309],[0.0985837978927729,51.4718226548583],[0.0985734850699332,51.4715980166685],[0.098563172380658,51.4713733784686],[0.0985528598249457,51.4711487402587],[0.0989125508953463,51.4711423016701],[0.0989022367092571,51.4709176635007],[0.0988919226567475,51.4706930253212],[0.0988816087378171,51.4704683871317],[0.0988712949524623,51.4702437489321],[0.0992309788337081,51.4702373094428],[0.0995906625813878,51.4702308688508],[0.099950346195478,51.470224427156],[0.0999400272521729,51.469999789098],[0.100299708968816,51.469993346351],[0.100659390551825,51.4699869025012],[0.101019072001179,51.4699804575487],[0.101029396235988,51.4702050954549],[0.101389079315494,51.470198649349],[0.101748762261298,51.4701922021404],[0.102108445073376,51.470185753829],[0.102468127751705,51.4701793044148],[0.10245779646159,51.469954666711],[0.102817477242328,51.4699482162447],[0.103177157889273,51.4699417646757],[0.103187492707027,51.4701664022782],[0.103547174983974,51.4701599495558],[0.103557511699414,51.4703845870976],[0.103197827658628,51.4703910398707],[0.103208162744079,51.4706156774531],[0.103218497963382,51.4708403150254],[0.103228833316538,51.4710649525877],[0.103588522648978,51.4710584996627],[0.103948211847568,51.4710520456349],[0.103937872966599,51.4708274081739],[0.104297560267416,51.4708209530939],[0.10465724743434,51.4708144969112],[0.10501693446735,51.4708080396257],[0.105376621366421,51.4708015812374],[0.105386967302988,51.4710262184957],[0.105027278640021,51.4710326769347],[0.104667589843113,51.4710391342709],[0.104677932385832,51.4712637716205],[0.104688275062502,51.47148840896],[0.104698617873124,51.4717130462895],[0.105058311961863,51.4717065888012],[0.105068656670429,51.4719312260699],[0.105079001512973,51.4721558633286],[0.105438698995763,51.4721494046362],[0.105449045736323,51.4723740418341],[0.105808744849168,51.4723675819881],[0.105819093487787,51.4725922191252],[0.106178794230684,51.4725857581257],[0.106538494839557,51.4725792960233],[0.106898195314382,51.472572832818],[0.107257895655138,51.47256636851],[0.107617595861801,51.472559903099],[0.107977295934349,51.4725534365852],[0.108336995872758,51.4725469689686],[0.10832663488583,51.4723223321866],[0.108686332926043,51.472315863518],[0.109046030832075,51.4723093937465],[0.10905639534707,51.4725340304269],[0.109416094882926,51.4725275595017],[0.109775794284555,51.4725210874738],[0.109765426241502,51.4722964508949],[0.109755058332728,51.4720718143061],[0.110114754072076,51.4720653412769],[0.1101043845336,51.4718407047288],[0.1104640783747,51.4718342306476],[0.110823772081508,51.4718277554636],[0.111183465654002,51.4718212791768],[0.111193840484403,51.4720459155724],[0.110834145147935,51.4720523919101],[0.110474449677152,51.4720588671449],[0.110484821113929,51.4722835036321],[0.110844518348711,51.4722770283465],[0.110854891683834,51.4725016647728],[0.110865265153309,51.4727263011891],[0.111224965781832,51.4727198246989],[0.11158466627601,51.4727133471059],[0.111595043407963,51.4729379834104],[0.11160542067432,51.4731626197049],[0.111965124562271,51.4731561409073],[0.112324828315827,51.4731496610069],[0.112335209244794,51.4733742971896],[0.112345590308213,51.4735989333622],[0.112705297455574,51.4735924522572],[0.112715680417592,51.4738170883688],[0.113075389194652,51.47381060611],[0.113085774055317,51.4740352421607],[0.113096159050484,51.4742598782014],[0.113455871221425,51.4742533947379],[0.113466258115309,51.4744780307176],[0.113476645143724,51.4747026666872],[0.113487032306672,51.4749273026467],[0.113846749635806,51.4749208179276],[0.113857138697566,51.4751454538262],[0.114216857656446,51.4751389679533],[0.114227248617064,51.4753636037908],[0.114586969205684,51.4753571167641],[0.11459736206431,51.4755817525317],[0.114607755055258,51.4758063882664],[0.114967479037659,51.4757999000309],[0.114977873927254,51.4760245357006],[0.115337598447782,51.476018046152],[0.115347995228621,51.4762426817555],[0.115358392146546,51.4764673173489],[0.115718119812828,51.4764608265526],[0.115728518674159,51.4766854620872],[0.115738917672608,51.476910097612],[0.116098648814453,51.4769036056148],[0.116109049756378,51.4771282410807],[0.116119450835446,51.4773528765366],[0.116479185452915,51.4773463833385],[0.116489588475534,51.4775710187357],[0.116849324762262,51.4775645243856],[0.116859729728476,51.4777891597239],[0.116870134831886,51.4780137950522],[0.117229874594316,51.4780072995012],[0.117240281641393,51.4782319347707],[0.117600023073094,51.4782254380676],[0.117610432063886,51.4784500732782],[0.117620841191929,51.4786747084789],[0.117980586099404,51.4786682105748],[0.117990997171233,51.4788928457167],[0.118350743747991,51.4788863466605],[0.118710490187476,51.4788798465011],[0.119070236489662,51.4788733452385],[0.11942998265453,51.4788668428728],[0.119419564356595,51.4786422079267],[0.119779308577597,51.4786357045067],[0.120139052661234,51.4786291999835],[0.120498796607483,51.4786226943572],[0.12085854041632,51.4786161876276],[0.12084811502978,51.4783915528675],[0.121207856894694,51.4783850450838],[0.121567598622152,51.4783785361969],[0.121557169760144,51.4781539015248],[0.121916909543662,51.4781473915837],[0.12227664918968,51.4781408805395],[0.122266216852304,51.4779162459555],[0.122625954554365,51.4779097338572],[0.122615520548129,51.4776850993122],[0.122975256306238,51.4776785861597],[0.122964820631188,51.4774539516538],[0.123324554445349,51.4774474374473],[0.123684288121925,51.4774409221377],[0.123694727409736,51.4776655565455],[0.123705166835185,51.4778901909433],[0.123345429545829,51.4778967063511],[0.123355867302494,51.478121340788],[0.123366305196779,51.478345975215],[0.123376743228686,51.478570609632],[0.123387181398218,51.4787952440391],[0.123027436745421,51.4788017585399],[0.12303787324606,51.479026392986],[0.123397619705377,51.4790198784362],[0.123408058150165,51.4792445128233],[0.123048309884305,51.4792510274222],[0.123058746660158,51.4794756618484],[0.123069183573623,51.4797002962647],[0.123079620624701,51.479924930671],[0.123090057813393,51.4801495650673],[0.122730302183535,51.4801560787592],[0.122740737703185,51.4803807131946],[0.122751173360431,51.48060534762],[0.122391413979653,51.4806118603067],[0.122401847967788,51.4808364947712],[0.122412282093501,51.4810611292258],[0.122422716356796,51.4812857636704],[0.122062951418259,51.4812922754009],[0.122073384012355,51.4815169098846],[0.122433150757675,51.4815103981051],[0.122443585296138,51.4817350325298],[0.122083816744013,51.4817415443583],[0.122094249613236,51.481966178822],[0.122104682620026,51.4821908132758],[0.122115115764385,51.4824154477197],[0.121755341654158,51.482421958592],[0.121765773129188,51.4826465930749],[0.121776204741769,51.4828712275478],[0.122135982465823,51.4828647165775],[0.122146416022905,51.4830893509914],[0.122506195416354,51.4830828388687],[0.122495760052326,51.4828582045038],[0.122855537501255,51.4828516913268],[0.123215314812588,51.4828451770464],[0.123204875972323,51.4826205427696],[0.12356465133912,51.482614027435],[0.123554210829608,51.4823893931972],[0.12354377045776,51.4821647589496],[0.123533330223576,51.4819401246919],[0.123522890127051,51.4817154904243],[0.123512450168184,51.4814908561468],[0.123872216363124,51.4814843399541],[0.123882658128788,51.4817089741826],[0.123893100032133,51.4819336084012],[0.123903542073161,51.4821582426097],[0.123913984251874,51.4823828768083],[0.124273757536477,51.4823763593161],[0.124284201659766,51.4826009934557],[0.124643976613568,51.4825944748111],[0.124633530683395,51.4823698407206],[0.124993303692603,51.4823633210217],[0.125353076564077,51.4823568002195],[0.125712849297796,51.482350278314],[0.126072621893735,51.4823437553052],[0.126083075051422,51.4825683891993],[0.126093528346939,51.4827930230834],[0.126453304418843,51.4827864988731],[0.126463759659111,51.4830111326981],[0.126474215037237,51.4832357665132],[0.126833994585166,51.4832292411012],[0.126844451908115,51.4834538748572],[0.126854909368949,51.4836785086032],[0.126865366879806,51.4839031420857],[0.12722515171371,51.4838966154537],[0.127584936412048,51.4838900877185],[0.1279447209748,51.4838835588803],[0.12830450540194,51.483877028939],[0.128664289693447,51.4838704978947],[0.128653823109912,51.4836458645015],[0.129013605444255,51.4836393323711],[0.129373387640593,51.4836327991373],[0.129733169698902,51.4836262648002],[0.130092951619159,51.4836197293597],[0.130082477895554,51.4833950960563],[0.130442257870775,51.4833885595617],[0.130431782478325,51.4831639262976],[0.13042130722399,51.4829392930234],[0.130410832107768,51.4827146597394],[0.130400357129656,51.4824900264453],[0.130389882289653,51.4822653931413],[0.130749653092324,51.4822588557895],[0.131109423756887,51.4822523173344],[0.131469194283319,51.4822457777759],[0.131828963084272,51.4822392369855],[0.132188727771099,51.4822326947691],[0.132548492316618,51.482226151449],[0.132558977958883,51.4824507844623],[0.13291874422317,51.482444239997],[0.133278510346097,51.4824376944278],[0.133288999849967,51.4826623273485],[0.133648767691631,51.4826557806341],[0.134008535391882,51.4826492328159],[0.134019028757446,51.482873865644],[0.134378798176403,51.4828673166805],[0.134738567453897,51.4828607666132],[0.134728070368055,51.4826361338682],[0.134717573423713,51.4824115011137],[0.135077338839473,51.4824049500257],[0.135437104113728,51.4823983978341],[0.13544760477829,51.4826230305054],[0.135458105584401,51.4828476631672],[0.135817874437363,51.4828411097886],[0.135828377245179,51.4830657423993],[0.135468606532063,51.4830722958195],[0.135479107621278,51.4832969284623],[0.135489608852049,51.4835215610956],[0.135129834277011,51.4835281134952],[0.135140333789112,51.4837527461605],[0.135150832910318,51.4839773782114],[0.134791054447456,51.4839839295537],[0.134801551438242,51.4842085611571],[0.134812048570366,51.4844331927516],[0.135171830747645,51.4844266413439],[0.135182329878354,51.4846512728966],[0.13519282915043,51.4848759044403],[0.135552614900873,51.4848693518628],[0.135912400509945,51.4848627981809],[0.135922903637965,51.4850874296502],[0.136282690962926,51.4850808748312],[0.136293196089673,51.4853055062588],[0.136652985130516,51.4852989503027],[0.137012774029909,51.4852923932423],[0.137023283012758,51.4855170245953],[0.137383073628002,51.4855104663977],[0.137742864101746,51.4855039070958],[0.137753376940783,51.4857285383743],[0.138113169130346,51.4857219779352],[0.138472961178358,51.4857154163916],[0.138832753084794,51.4857088537437],[0.138822234673733,51.4854842225636],[0.138462444624635,51.4854907851787],[0.138451928212502,51.4852661539567],[0.138441411941957,51.4850415227258],[0.138081625465897,51.4850480841709],[0.138071111194206,51.4848234528982],[0.138430895812996,51.4848168914858],[0.13879068029022,51.4848103289691],[0.139150464625855,51.484803765348],[0.139510248819876,51.4847972006225],[0.139870032872259,51.4847906347927],[0.14022981678298,51.4847840678586],[0.140219291509408,51.4845594367737],[0.140579073421211,51.484552868768],[0.140589600552015,51.48477749982],[0.140600127824543,51.4850021308631],[0.140610655238798,51.4852267618972],[0.140970442580651,51.4852201926886],[0.140980971993936,51.4854448236809],[0.140991501548976,51.485669454664],[0.141002031245774,51.4858940856382],[0.141012561084334,51.4861187166034],[0.141023091064656,51.4863433475596],[0.140663294436065,51.4863499169324],[0.140673822700733,51.4865745479124],[0.140684351107146,51.4867991788834],[0.141044151450598,51.4867926094449],[0.141054681856223,51.487017240374],[0.141065212403621,51.4872418712942],[0.141425016320267,51.4872353006855],[0.141435548866951,51.4874599315638],[0.141446081555437,51.487684562433],[0.141805889045338,51.4876779906542],[0.141816423733183,51.4879026214816],[0.141456614385725,51.4879091932933],[0.141467147357821,51.4881338241445],[0.141477680471725,51.4883584549867],[0.141488213727439,51.4885830858199],[0.141498747124967,51.4888077166441],[0.141858563902885,51.4888011447009],[0.141869099299904,51.4890257754833],[0.141879634838764,51.4892504062566],[0.141519814345473,51.4892569782655],[0.141159993710375,51.4892635491699],[0.140800172933493,51.4892701189697],[0.14044035201485,51.489276687665],[0.140080530954474,51.4892832552558],[0.139720709752385,51.4892898217421],[0.139360888408611,51.4892963871238],[0.13937141108521,51.489521018118],[0.139011587742033,51.489527582428],[0.138651764257215,51.4895341456335],[0.138291940630781,51.4895407077344],[0.137932116862753,51.4895472687308],[0.137572292953157,51.4895538286226],[0.137212468902017,51.4895603874099],[0.136852644709357,51.4895669450926],[0.1364928203752,51.4895735016708],[0.136132995899573,51.4895800571444],[0.135773171282496,51.4895866115135],[0.135413346523997,51.4895931647781],[0.135053521624099,51.4895997169381],[0.134693696582825,51.4896062679935],[0.1343338714002,51.4896128179444],[0.133974046076248,51.4896193667908],[0.133963551265992,51.4893947353054],[0.133603727658514,51.4894012830145],[0.133614220610994,51.4896259145326],[0.133254395004461,51.4896324611698],[0.132894569256675,51.4896390067025],[0.132534743367658,51.4896455511306],[0.132545230888026,51.4898701827377],[0.132555718549628,51.4900948143357],[0.132915548154282,51.4900882698423],[0.133275377617701,51.4900817242443],[0.133285869136244,51.490306355768],[0.132926037814973,51.4903129013987],[0.132936527616925,51.4905375329461],[0.132576694296539,51.4905440775048],[0.132566206352465,51.4903194459248],[0.132206374748742,51.4903259893463],[0.131846543003831,51.4903325316632],[0.131486709405388,51.4903390730314],[0.131126874808636,51.4903456133745],[0.130767040076024,51.4903521526143],[0.130407205207573,51.4903586907507],[0.130396728143894,51.4901340588923],[0.13003689490738,51.4901405958711],[0.129677061535076,51.4901471317466],[0.129317228027005,51.4901536665187],[0.12895739438319,51.4901602001876],[0.128597560603653,51.4901667327531],[0.128587092514478,51.4899421006126],[0.128227260366983,51.4899486320205],[0.127867428083815,51.4899551623251],[0.127507595664996,51.4899616915264],[0.127147763110549,51.4899682196244],[0.126787930420498,51.4899747466191],[0.126428097594866,51.4899812725105],[0.126068264633673,51.4899877972985],[0.12605780905429,51.4897631647677],[0.126417640247751,51.4897566400339],[0.126407183036219,51.4895320075471],[0.126396725960266,51.48930737505],[0.126386269019893,51.4890827425427],[0.126375812215093,51.488858110025],[0.126365355545868,51.4886334774972],[0.12600553319072,51.4886400019596],[0.125645710700051,51.4886465253188],[0.125285888073882,51.4886530475747],[0.125275436843016,51.4884284148738],[0.125635257701586,51.4884218926721],[0.125624804838645,51.4881972600152],[0.125614352111224,51.487972627348],[0.125974169299172,51.4879661041516],[0.125963714939741,51.4877414715284],[0.125953260715848,51.4875168388949],[0.126313074233253,51.4875103147038],[0.126302618377416,51.4872856821143],[0.126662429991809,51.4872791568743],[0.126651972504074,51.4870545243289],[0.126292162657137,51.4870610495146],[0.12593235267467,51.4870675735972],[0.125572542556697,51.4870740965765],[0.125562090506843,51.486849463858],[0.125202282020826,51.4868559856799],[0.124842473399351,51.4868625063986],[0.124852921914324,51.4870871392256],[0.124493111389969,51.4870936588954],[0.1241333007302,51.4871001774619],[0.124143745845702,51.4873248103871],[0.123783933283069,51.4873313279047],[0.123794376766497,51.4875559608739],[0.123804820385322,51.4877805938328],[0.12381526413955,51.4880052267814],[0.123825708029183,51.4882298597198],[0.124185527661928,51.4882233419853],[0.124195973454551,51.4884479748592],[0.12383615205422,51.4884544926479],[0.123846596214666,51.4886791255657],[0.123486772911343,51.4886856423053],[0.123497215439567,51.4889102752672],[0.123137390233245,51.4889167909577],[0.122777564891581,51.488923305545],[0.122417739414598,51.488929819029],[0.12242817677523,51.4891544521431],[0.122068349395285,51.489160964578],[0.122057913802318,51.4889363314097],[0.121698088054765,51.4889428426871],[0.121338262171962,51.4889493528613],[0.121348694229591,51.4891739861379],[0.121359126422475,51.4893986194043],[0.121369558750618,51.4896232526604],[0.121009727429502,51.4896297618937],[0.121020158125163,51.4898543951937],[0.121030588956065,51.4900790284834],[0.121041019922209,51.4903036617629],[0.121051451023597,51.4905282950321],[0.121061882260233,51.4907529282911],[0.121072313632115,51.4909775615398],[0.121082745139251,51.4912021947783],[0.12109317678164,51.4914268280065],[0.121103608559285,51.4916514612244],[0.121114040472188,51.4918760944321],[0.121124472520351,51.4921007276295],[0.121134906259629,51.4923253589682],[0.121145341038009,51.4925499892232],[0.121155775952326,51.4927746194679],[0.121166211002585,51.4929992497021],[0.121176646188787,51.4932238799259],[0.121187081510934,51.4934485101393],[0.121197516969027,51.4936731403423],[0.12083765368416,51.4936796493808],[0.120848087498493,51.4939042796303],[0.120858521448756,51.4941289098694],[0.12086895553495,51.494353540098],[0.120879389757078,51.4945781703163],[0.120889824115144,51.4948028005241],[0.120900258609147,51.4950274307215],[0.120910693239091,51.4952520609085],[0.120921128004979,51.495476691085],[0.120931562906812,51.4957013212512],[0.120941997944594,51.4959259514069],[0.120952433118325,51.4961505815522],[0.121312315981275,51.4961440718873],[0.121322753070922,51.4963687019653],[0.121333190296547,51.4965933320328],[0.120973303873649,51.4965998418116],[0.120983739455245,51.4968244719256],[0.120994175172801,51.4970491020293],[0.121004611026318,51.4972737321225],[0.1210150470158,51.4974983622053],[0.121025483141249,51.4977229922777],[0.121035919402666,51.4979476223397],[0.121046355800054,51.4981722523912],[0.121056792333417,51.4983968824323],[0.121067229002754,51.498621512463],[0.120707326422981,51.4986280216509],[0.120717761448079,51.4988526517282],[0.120728196609134,51.499077281795],[0.120738631906149,51.4993019118514],[0.120749067339127,51.4995265418974],[0.120759502908069,51.4997511719329],[0.120769938612978,51.4999758019581],[0.120780374453856,51.5002004319728],[0.120790810430705,51.5004250619771],[0.120801244610683,51.5006496934096],[0.120811677627542,51.5008743257993],[0.121171598233132,51.5008678159034],[0.121531518697985,51.5008613049065],[0.121891439022075,51.5008547928085],[0.121901877767212,51.5010794248832],[0.122261799813023,51.5010729115835],[0.122621721718021,51.5010663971827],[0.122981643482181,51.5010598816809],[0.12299208795572,51.5012845134403],[0.123352011441541,51.5012779967367],[0.123711934786476,51.501271478932],[0.123722383125995,51.501496110477],[0.124082308192559,51.5014895914706],[0.124092758535586,51.5017142229018],[0.124452685323774,51.5017077026935],[0.124812611970997,51.5017011813841],[0.124802157902846,51.5014765501544],[0.124791703975707,51.5012519189118],[0.124781250189578,51.5010272876561],[0.124421329129966,51.5010338086632],[0.124410877347334,51.5008091772938],[0.124050958009256,51.500815697099],[0.124040508230072,51.5005910656158],[0.123680590613534,51.5005975842192],[0.123691038530247,51.5008222158031],[0.123331118910331,51.5008287334063],[0.122971199149531,51.5008352499084],[0.122611279247872,51.5008417653095],[0.122600836918586,51.5006171334233],[0.122960754957766,51.500610618123],[0.122950309323469,51.5003859875628],[0.122939862664381,51.5001613579004],[0.122929416141402,51.4999367282275],[0.122918969754529,51.4997120985442],[0.122908523503762,51.4994874688504],[0.122898077389096,51.4992628391463],[0.122887631410531,51.4990382094317],[0.122877185568064,51.4988135797067],[0.123237089111908,51.4988070638409],[0.123226641625331,51.4985824341625],[0.122866739861691,51.4985889499713],[0.122856294291412,51.4983643202254],[0.122845848857223,51.4981396904692],[0.122835403559123,51.4979150607025],[0.123195299982288,51.4979085450647],[0.123555196269356,51.4979020283234],[0.123915092420307,51.4978955104787],[0.123925543058806,51.4981201400744],[0.123935993833463,51.4983447696596],[0.123946444744278,51.4985693992345],[0.123956895791257,51.4987940287989],[0.123967346974399,51.4990186583529],[0.123977798293709,51.4992432878964],[0.123988249749186,51.4994679174295],[0.124348158225375,51.4994613980822],[0.124358611597313,51.4996860275479],[0.124718521717608,51.49967950704],[0.125078431701695,51.4996729854286],[0.125438341549553,51.4996664627137],[0.125798251261158,51.4996599388953],[0.126158160836487,51.4996534139734],[0.126518070275517,51.499646887948],[0.126877979578226,51.499640360819],[0.12723788874459,51.4996338325866],[0.127597797774586,51.4996273032506],[0.127587328380151,51.4994026742986],[0.127947235493489,51.4993961439162],[0.127936764455211,51.4991715150109],[0.127576859122116,51.4991780453361],[0.127566390000481,51.4989534163632],[0.12755592101524,51.4987287873799],[0.127545452166394,51.4985041583861],[0.12753498345394,51.498279529382],[0.127524514877875,51.4980549003674],[0.127514046438197,51.4978302713423],[0.127503578134903,51.4976056423069],[0.127863471006943,51.4975991123814],[0.127853001059972,51.4973744833926],[0.127842531249404,51.4971498543934],[0.127832061575237,51.4969252253838],[0.127821592037469,51.4967005963637],[0.127811122636095,51.4964759673332],[0.128171006471688,51.4964694365899],[0.128530890170876,51.4964629047433],[0.128541363132176,51.4966875336595],[0.128551836229918,51.4969121625653],[0.128562309464104,51.4971367914607],[0.128572782834738,51.4973614203457],[0.128583256341819,51.4975860492202],[0.128593729985352,51.4978106780843],[0.128604203765338,51.498035306938],[0.128614677681781,51.4982599357812],[0.128254779742249,51.4982664680849],[0.128265252015003,51.4984910969749],[0.128625151734681,51.498484564614],[0.128635625924041,51.4987091934364],[0.128995527287437,51.498702659915],[0.12935542851436,51.4986961252901],[0.129344950764668,51.498471496582],[0.129704850074931,51.4984649609108],[0.129715329604786,51.4986895895617],[0.130075230558692,51.4986830527299],[0.130435131376055,51.4986765147946],[0.130795032056852,51.4986699757558],[0.130784547186525,51.4984453472764],[0.130774062452796,51.4982207187866],[0.130414165332287,51.498227257711],[0.130403682515262,51.4980026291535],[0.130763577855664,51.4979960902863],[0.130753093395124,51.4977714617756],[0.130742609071176,51.4975468332545],[0.130732124883817,51.4973222047229],[0.130721640833044,51.4970975761809],[0.130711156918855,51.4968729476284],[0.130700673141249,51.4966483190656],[0.130690189500223,51.4964236904923],[0.131050072243935,51.4964171509219],[0.131409954851059,51.4964106102482],[0.131769837108361,51.4964040687014],[0.13212971769119,51.4963975277092],[0.132140208405992,51.4966221561993],[0.132150699257721,51.4968467846835],[0.132510583272301,51.4968402426261],[0.132521076045325,51.4970648711258],[0.132531568955304,51.4972894996197],[0.132891456401693,51.497282956497],[0.132901951233038,51.4975075850064],[0.132912446201366,51.4977322135099],[0.133272337079625,51.4977256693219],[0.133632227820885,51.4977191240258],[0.133992118425126,51.4977125776218],[0.133981618103515,51.4974879490542],[0.13434150678629,51.4974814015209],[0.134331004817329,51.4972567729262],[0.134690891578642,51.4972502242635],[0.135050778202872,51.4972436744929],[0.135040272802236,51.4970190458497],[0.135400157504988,51.4970124949498],[0.135760042070611,51.4970059429418],[0.135749533238399,51.4967813142503],[0.136109415882529,51.4967747611131],[0.136469298389487,51.4967682068679],[0.136458786125797,51.496543578128],[0.136818666711245,51.4965370227536],[0.136808152800468,51.4963123939867],[0.13716803146441,51.4963058374831],[0.137527909991116,51.4962992798715],[0.137517392649031,51.4960746510562],[0.137877269254217,51.4960680923155],[0.138237145722121,51.4960615324668],[0.138226624948829,51.4958369036032],[0.138586499495196,51.4958303426253],[0.138946373904238,51.4958237805395],[0.138935849699838,51.4955991516277],[0.139295722187326,51.4955925884128],[0.139285196336098,51.4953679594739],[0.139645066902037,51.4953613951299],[0.140004937330589,51.495354829678],[0.139994408048422,51.4951302006909],[0.140354276555408,51.4951236341099],[0.140714144924961,51.4951170664209],[0.140703612211955,51.4948924373858],[0.141063478659927,51.4948858685677],[0.141423344970423,51.4948792986418],[0.141412808826677,51.4946546695585],[0.141772673215575,51.4946480985036],[0.14176213542526,51.4944234693933],[0.142121997892567,51.4944168972094],[0.142481860222331,51.4944103239175],[0.142471319001446,51.4941856947592],[0.142831179409603,51.4941791203384],[0.143191039680174,51.4941725448096],[0.143550899813137,51.4941659681731],[0.143910759808469,51.4941593904286],[0.144270619666147,51.4941528115762],[0.144630479386148,51.494146231616],[0.14499033896845,51.4941396505479],[0.145350198413027,51.4941330683719],[0.145710057719858,51.494126485088],[0.14572061499706,51.4943511144359],[0.145360753906203,51.4943576976987],[0.145371309537135,51.4945823270197],[0.145381865305828,51.4948069563349],[0.145741729964805,51.4948003731141],[0.145752287655354,51.4950250024444],[0.145762845483689,51.4952496317689],[0.146122713573099,51.4952430474822],[0.146133273323362,51.4954676768219],[0.146143833211441,51.4956923061557],[0.146503704731341,51.4956857208031],[0.146514266541418,51.4959103501521],[0.146874139707666,51.4959037637126],[0.146884703439789,51.4961283930767],[0.146895267309779,51.496353022435],[0.147255143906593,51.4963464349295],[0.1472657096987,51.496571064303],[0.147276275628703,51.4967956936706],[0.147636155656143,51.496789105099],[0.147646723508333,51.4970137344818],[0.147657291498447,51.4972383638587],[0.148017174956572,51.4972317742211],[0.148027744868945,51.4974564036132],[0.14838762997346,51.4974498128886],[0.148398201678958,51.4976744423413],[0.148408773470667,51.497899071813],[0.148768655721752,51.497892482367],[0.148779229622047,51.4981171119272],[0.149139113685054,51.4981105214594],[0.149498997599694,51.4981039298795],[0.149488419778879,51.4978793001388],[0.149848301584869,51.4978727073566],[0.150208183242443,51.4978661134622],[0.15021876498377,51.4980907433834],[0.150578648453153,51.4980841484671],[0.150938531774067,51.4980775524387],[0.151298414946483,51.4980709552981],[0.151287827324411,51.4978463251063],[0.150927946112239,51.4978529223371],[0.150568064751575,51.4978595184557],[0.150557481198466,51.4976348884425],[0.150917360598907,51.4976282922337],[0.151277239850856,51.4976216949127],[0.15163711895429,51.4976150964797],[0.151626529669056,51.4973904661942],[0.151986406663755,51.4973838665588],[0.15234628350989,51.4973772658114],[0.152335690452864,51.4971526353437],[0.152695565190246,51.497146033394],[0.152684970321668,51.4969214028344],[0.153044842950301,51.4969147996824],[0.153055439779014,51.4971394303321],[0.153415314219141,51.4971328261582],[0.153404715430298,51.4969081954183],[0.153764587761631,51.4969015900422],[0.15375398716134,51.4966769592104],[0.154113857383882,51.496670352632],[0.154124459944276,51.4968949835539],[0.154135062653376,51.4971196144741],[0.154145665511184,51.4973442453924],[0.154505541465388,51.4973376379723],[0.154516146432082,51.4975622689791],[0.154156268517704,51.4975688763091],[0.154166871672938,51.497793507224],[0.154177474976888,51.4980181381371],[0.154537356811686,51.4980115309874],[0.154547962224603,51.498236161989],[0.154558567786266,51.4984607929887],[0.154918453392827,51.4984541849071],[0.154907845870894,51.4982295538172],[0.154897238497732,51.4980049227256],[0.155257120034999,51.4979983133515],[0.155267729368404,51.4982229445333],[0.155627612717107,51.4982163341372],[0.155987495916978,51.498209722629],[0.15634737896799,51.4982031100087],[0.156707261870119,51.4981964962762],[0.156696644695771,51.4979718647341],[0.156336763753873,51.4979784785567],[0.156326148688624,51.4977538471029],[0.156686027670315,51.4977472331902],[0.156675410793748,51.4975226016446],[0.156664794066068,51.4972979700973],[0.157024668978518,51.4972913548924],[0.157014050439592,51.4970667232533],[0.157003432049572,51.4968420916124],[0.156992813808456,51.4966174599697],[0.156982195716242,51.4963928283254],[0.156971577772927,51.4961681966793],[0.156960959978508,51.4959435650314],[0.157320822981636,51.4959369481741],[0.157331442736059,51.496161579912],[0.157342062639405,51.4963862116481],[0.157352682691673,51.4966108433826],[0.157363302892866,51.4968354751152],[0.157373923242989,51.4970601068462],[0.157733795897439,51.497053489327],[0.158093668402915,51.4970468706956],[0.158104292822217,51.4972715026049],[0.158114917390502,51.4974961345124],[0.158474793667244,51.4974895149491],[0.158834669794956,51.4974828942736],[0.158845298432564,51.4977075263594],[0.158485420344685,51.4977141469449],[0.158125542107774,51.4977207664182],[0.158136166974033,51.4979453983223],[0.157776286627919,51.4979520165935],[0.157786909682947,51.4981766484057],[0.157427027227623,51.4981832654747],[0.157067144623339,51.4981898814315],[0.157077763906837,51.4984145130619],[0.156717879193362,51.4984211278165],[0.156357994330977,51.498427741459],[0.155998109319705,51.4984343539892],[0.155638224159572,51.4984409654074],[0.155278338850605,51.4984475757133],[0.155288948481603,51.4986722068916],[0.154929061063534,51.4986788159953],[0.154569173496679,51.4986854239868],[0.154209285781063,51.4986920308661],[0.154219889679905,51.4989166617723],[0.154579779355842,51.4989100549831],[0.15459038536376,51.4991346859776],[0.154600991520434,51.4993593169704],[0.154960884968322,51.4993527092492],[0.154971493234148,51.4995773403304],[0.154982101648762,51.4998019714098],[0.154622204280064,51.4998085789507],[0.154262306762591,51.4998151853794],[0.153902409096372,51.4998217906959],[0.15354251128143,51.4998283949002],[0.153182613317792,51.4998349979922],[0.152822715205482,51.4998415999721],[0.152833312006189,51.5000662305089],[0.152843908955539,51.5002908610439],[0.152854506053535,51.5005154915772],[0.152865098816763,51.5007401231364],[0.153225004789636,51.5007335213749],[0.153584910620784,51.500726918508],[0.153944816310186,51.5007203145356],[0.154304721857818,51.5007137094578],[0.154664627263654,51.5007071032745],[0.154654024535246,51.5004824719081],[0.15464341763475,51.5002578409241],[0.155003318924359,51.5002512335634],[0.154992710212164,51.5000266024875],[0.155352609392504,51.5000199939245],[0.155363220065163,51.5002446250906],[0.155373830886641,51.5004692562549],[0.155013927785347,51.5004758646376],[0.15502453252767,51.5007004959859],[0.155035136474353,51.5009251273868],[0.155045740562897,51.5011497587791],[0.155056344793304,51.5013743901629],[0.155066949165578,51.5015990215381],[0.155077553679719,51.5018236529047],[0.155088158335731,51.5020482842627],[0.155098763133616,51.5022729156122],[0.155109368073377,51.5024975469531],[0.155119973155015,51.5027221782855],[0.155130578378535,51.5029468096092],[0.155141183743937,51.5031714409244],[0.155151789251224,51.503396072231],[0.155511716489566,51.5033894635298],[0.155871643586011,51.5033828537231],[0.155882252921519,51.50360748497],[0.156242181719206,51.5036008740321],[0.156252793039837,51.5038255052448],[0.156612723538761,51.5038188931758],[0.156623336844562,51.5040435243543],[0.156633950292353,51.5042681555242],[0.156644563882135,51.5044927866855],[0.157004499768771,51.5044861734341],[0.157015115343823,51.5047108045612],[0.157025731060894,51.5049354356798],[0.157385670492096,51.5049288212714],[0.157396288194511,51.5051534523558],[0.157406906038975,51.5053780834316],[0.15741752402549,51.5056027144988],[0.157428142154058,51.5058273455574],[0.157788088816638,51.5058207299409],[0.158148035337152,51.5058141132188],[0.158507981715574,51.5058074953911],[0.15886792795188,51.5058008764577],[0.158857302449773,51.5055762455017],[0.158846677089814,51.5053516145372],[0.159206619497249,51.5053449945496],[0.159566561762526,51.5053383734564],[0.159577190809193,51.5055630043696],[0.159937134775637,51.505556382145],[0.160297078599874,51.5055497588149],[0.160657022281879,51.5055431343792],[0.160646387705168,51.5053185035432],[0.161006329401575,51.5053118780275],[0.161366270955703,51.5053052514063],[0.161355632834621,51.5050806206132],[0.161715572403132,51.5050739929121],[0.162075511829322,51.5050673641055],[0.162435451113163,51.5050607341932],[0.162424807604524,51.5048361034688],[0.162784744902711,51.5048294724767],[0.163144682058505,51.5048228403791],[0.163504619071883,51.5048162071759],[0.163493970175849,51.5045915765202],[0.163853905203534,51.5045849422372],[0.164213840088757,51.5045783068486],[0.164573774831494,51.5045716703545],[0.164933709431721,51.5045650327548],[0.164923053305231,51.5043404021938],[0.165282983758944,51.5043337618655],[0.165272325992189,51.5041091313703],[0.165632253126648,51.504102488949],[0.165621593595294,51.503877858426],[0.165981518671955,51.5038712148744],[0.165970857376048,51.5036465843237],[0.166330780394915,51.5036399396417],[0.166690703267129,51.5036332938513],[0.166680038295584,51.503408663251],[0.166669373470718,51.5031840326448],[0.167029292374012,51.5031773857022],[0.16701862578474,51.5029527550683],[0.167378542630253,51.5029461069954],[0.167367874276623,51.5027214763339],[0.167727789064361,51.5027148271307],[0.16771711894642,51.5024901964414],[0.167706448975222,51.5022655657465],[0.168066359794186,51.5022589153911],[0.168055688058748,51.5020342846685],[0.168045016470072,51.5018096539401],[0.168404923320343,51.5018030024325],[0.168394249967497,51.5015783716765],[0.168383576761431,51.5013537409148],[0.168743479643093,51.5013470882551],[0.168732804672928,51.5011224574656],[0.168722129849563,51.5008978266705],[0.169082028762697,51.5008911728587],[0.169071352175302,51.5006665420359],[0.169431249030789,51.500659887094],[0.16942056819919,51.5004352554018],[0.169780462847914,51.5004285992795],[0.169769776031208,51.5002039661282],[0.170129668766736,51.5001973089257],[0.170118980314419,51.4999726757911],[0.170108292000883,51.499748042648],[0.170097603826127,51.4995234094963],[0.170086915790149,51.4992987763361],[0.17044680128951,51.4992921181295],[0.170436111618028,51.4990674849861],[0.170795995204278,51.4990608256994],[0.170785303897336,51.4988361925728],[0.170774612729211,51.4986115594376],[0.171134492628127,51.4986048990962],[0.171123799824609,51.4983802659778],[0.171483677810448,51.4983736045564],[0.171472983371584,51.4981489714548],[0.171462289071576,51.4979243383446],[0.171822163370188,51.4979176758686],[0.171811467434898,51.4976930427752],[0.171451594910418,51.497699705226],[0.171440900888111,51.4974750720987],[0.171430207004651,51.497250438963],[0.171790075980936,51.4972437765629],[0.171779380462258,51.497019143444],[0.171768685082445,51.4967945103165],[0.171757989841495,51.4965698771804],[0.172117853356761,51.4965632137512],[0.17210715648068,51.4963385806319],[0.17209645974348,51.4961139475041],[0.17208576314516,51.4958893143678],[0.172075066685715,51.4956646812229],[0.172064370365145,51.4954400480695],[0.172053674183447,51.4952154149075],[0.172042978140617,51.494990781737],[0.172032282236655,51.4947661485579],[0.172021586471557,51.4945415153703],[0.172010890845321,51.4943168821741],[0.172000195357946,51.4940922489694],[0.172360039221663,51.494085584714],[0.172719882946463,51.4940789193534],[0.173079726532322,51.4940722528875],[0.173090427340972,51.4942968860161],[0.17345027256162,51.4942902184197],[0.173439569979217,51.4940655853165],[0.173428867535761,51.4938409522048],[0.173418165231254,51.4936163190845],[0.173407463065689,51.4933916859557],[0.173047624939918,51.4933983534505],[0.17268778667519,51.4934050198402],[0.172327948271528,51.4934116851247],[0.172317251565899,51.4931870519112],[0.171957414796995,51.4931937160651],[0.171946720003883,51.4929690828177],[0.171936025349617,51.4927444495617],[0.171925330834193,51.4925198162971],[0.171914636457611,51.4922951830241],[0.171903943913946,51.4920705506457],[0.172263771867346,51.492063886645],[0.172253079259667,51.4918392551181],[0.172242386796053,51.4916146235856],[0.1722316944765,51.4913899920475],[0.172221002301007,51.4911653605038],[0.172210310269572,51.4909407289546],[0.172199618382191,51.4907160973997],[0.172559435025167,51.4907094321446],[0.172548741420864,51.4904848005598],[0.172908556058771,51.4904781341723],[0.173268370552557,51.4904714666767],[0.1736281849022,51.4904647980732],[0.173987999107676,51.4904581283617],[0.174347813168957,51.4904514575421],[0.174337110404021,51.4902268258299],[0.174326407783273,51.4900021941121],[0.174315705306714,51.4897775623888],[0.17395589682817,51.4897842332813],[0.173966597443841,51.4900088649803],[0.173606786960221,51.4900155347406],[0.173246976332437,51.4900222033928],[0.172887165560515,51.4900288709371],[0.172897860737596,51.4902535025575],[0.172538047960636,51.4902601689694],[0.172527354644479,51.4900355373734],[0.172167543584352,51.4900422027017],[0.172156852273165,51.4898175711245],[0.17214616110602,51.4895929395417],[0.172135470082915,51.4893683079533],[0.172124779203848,51.4891436763593],[0.17248458282051,51.4891370109335],[0.172473890224671,51.4889123793096],[0.172463197772888,51.48868774768],[0.172452505465158,51.4884631160449],[0.172812303355398,51.488456449438],[0.172801609330987,51.4882318177729],[0.172790915450648,51.4880071861023],[0.173150709475353,51.4880005183387],[0.173140013878401,51.4877758866381],[0.17349980589831,51.4877692177423],[0.173489108584792,51.4875445860117],[0.173478411415387,51.4873199542756],[0.173467714390092,51.4870953225338],[0.17382750068397,51.4870886524571],[0.173816801942199,51.4868640206854],[0.173806103344557,51.4866393889081],[0.174165885773143,51.4866327176748],[0.174176586231343,51.4868573494764],[0.174536370376309,51.4868506771596],[0.174525668057556,51.4866260453337],[0.17488545019777,51.4866193718847],[0.174874746162661,51.4863947400288],[0.174864042271748,51.4861701081674],[0.174853338525028,51.4859454763004],[0.174493561966328,51.4859521498224],[0.174482860224254,51.4857275179741],[0.174842634922498,51.4857208444278],[0.175202409476529,51.4857141697737],[0.175191704157755,51.4854895378712],[0.175180998983191,51.4852649059631],[0.175540769672152,51.4852582301526],[0.175900540216857,51.4852515532343],[0.176260310617282,51.4852448752081],[0.176249600005789,51.4850202432216],[0.17623888953857,51.4847956112295],[0.176598656073968,51.484788932047],[0.176958422465041,51.4847822517568],[0.176947708421447,51.4845576197105],[0.176936994522171,51.4843329876587],[0.177296757048278,51.4843263062121],[0.177286041433043,51.4841016741304],[0.177645801954513,51.4840949915519],[0.177635084623367,51.4838703594404],[0.177994843140203,51.4838636757298],[0.177984131486704,51.4836390493267],[0.177973420390878,51.4834144232368],[0.177613665244186,51.4834211066558],[0.177602956087871,51.4831964804964],[0.177592247072248,51.4829718543264],[0.177951998621375,51.4829651710253],[0.177941287947694,51.4827405449037],[0.178301037557373,51.4827338605588],[0.178660787026328,51.4827271751112],[0.178650072895918,51.482502549097],[0.179009820425408,51.4824958626056],[0.179369567814131,51.4824891750115],[0.179358850227088,51.4822645491047],[0.17971859567633,51.4822578604669],[0.179707876431421,51.4820332346085],[0.180067619941187,51.482026544927],[0.180427363310119,51.4820198541428],[0.180787106538193,51.4820131622559],[0.180797831179086,51.4822377879372],[0.181157576064937,51.4822310948886],[0.181146849625389,51.4820064692663],[0.181506592571681,51.481999775174],[0.181495864474414,51.4817751496001],[0.18185561230551,51.4817684548006],[0.181844881978506,51.4815438292099],[0.182204639034215,51.481537133806],[0.182564395943358,51.4815304372928],[0.182924152705912,51.4815237396703],[0.182913416848748,51.4812991139191],[0.183273171572457,51.481292415135],[0.183283909321853,51.4815170409385],[0.183643665791156,51.4815103410974],[0.183632926149531,51.4812857152417],[0.183622186654572,51.4810610893822],[0.183981939192784,51.4810543883274],[0.184341691584312,51.4810476861633],[0.184330948451663,51.4808230601955],[0.184690698804312,51.4808163568699],[0.18505044901023,51.4808096524351],[0.185410199069395,51.480802946891],[0.185399450407016,51.4805783207628],[0.18575919842726,51.4805716140572],[0.186118946300705,51.4805649062424],[0.186108194000872,51.4803402800061],[0.186097441847862,51.4801156537659],[0.186457185790281,51.4801089447375],[0.186816929585853,51.4801022345999],[0.186827685523036,51.4803268609444],[0.187187431063822,51.4803201497496],[0.187547176457711,51.4803134374456],[0.187906921704677,51.4803067240323],[0.188266666804698,51.4803000095097],[0.1882559032992,51.4800753829569],[0.188615646360176,51.480068667273],[0.18897538927416,51.4800619504798],[0.189335132041125,51.4800552325774],[0.189694874661048,51.4800485135656],[0.189684103734335,51.4798238868008],[0.190043844315153,51.4798171666278],[0.19040358474888,51.4798104453455],[0.190392810185201,51.4795858184727],[0.190752548579806,51.4795790960291],[0.190763325035494,51.479803722954],[0.191123065174969,51.4797969994532],[0.19148280516728,51.4797902748431],[0.191842545012403,51.4797835491238],[0.192202284710314,51.4797768222953],[0.192562024260986,51.4797700943574],[0.192921763664398,51.4797633653103],[0.192910975856707,51.4795387380737],[0.19290018819629,51.4793141108331],[0.193259923668456,51.4793073805729],[0.193619658993315,51.4793006492034],[0.193979394170843,51.4792939167246],[0.194339129201015,51.4792871831366],[0.194349924429287,51.4795118105849],[0.194709661204036,51.4795050759396],[0.195069397831377,51.479498340185],[0.195429134311287,51.4794916033212],[0.19578887064374,51.4794848653481],[0.196148606828711,51.4794781262657],[0.196508342866175,51.4794713860741],[0.1964975362862,51.4792467583145],[0.196857270284192,51.4792400169618],[0.197217004134631,51.4792332744998],[0.197206193918333,51.4790086466326],[0.196846461959809,51.4790153891465],[0.196835653782958,51.4787907613272],[0.197195383849592,51.4787840187615],[0.197555113768652,51.4787772750866],[0.197544301955599,51.4785526471598],[0.197184573928403,51.4785593908866],[0.197173764154765,51.4783347630077],[0.19753349029012,51.4783280192291],[0.197522678772214,51.4781033912946],[0.197162954528676,51.478110135125],[0.196803230137572,51.4781168778462],[0.196792422550823,51.4778922500114],[0.196781615111593,51.4776676221727],[0.19677080781988,51.4774429943302],[0.19676000067568,51.4772183664837],[0.196749193678992,51.4769937386334],[0.196738386829813,51.4767691107791],[0.196727580128141,51.476544482921],[0.197087291277185,51.4765377398369],[0.197447002278681,51.4765309956437],[0.197436191941261,51.476306367678],[0.197795900903566,51.4762996223238],[0.198155609718275,51.4762928758605],[0.198144795745212,51.4760682477873],[0.19850450559756,51.4760615007713],[0.19849368963776,51.4758368726014],[0.198482873818495,51.4756122444248],[0.198842586165057,51.4756054975131],[0.198831772310337,51.4753808764386],[0.199191482862086,51.4753741287337],[0.199180669525565,51.4751495120221],[0.199540378071754,51.4751427631596],[0.199529563021194,51.4749181463952],[0.199518748116406,51.4746935296267],[0.199878452797277,51.4746867795579],[0.19986763617852,51.4744621627367],[0.200227338853867,51.4744554115103],[0.200216520521188,51.4742307946363],[0.200576221191014,51.4742240422524],[0.200565401144461,51.4739994253256],[0.200554581243742,51.4737748083948],[0.200543761488854,51.4735501914598],[0.200903456433867,51.4735434378211],[0.200892634965195,51.4733188208334],[0.201252327904749,51.4733120660372],[0.20124150472234,51.4730874489967],[0.201230681685802,51.4728628319522],[0.200870992465398,51.4728695868458],[0.200860171434269,51.4726449698459],[0.200500483927568,51.4726517236794],[0.200140796275052,51.4726584764041],[0.199781108476747,51.47266522802],[0.199421420532677,51.4726719785272],[0.199061732442867,51.4726787279257],[0.199050920855197,51.4724541111652],[0.199040109413249,51.4722294944007],[0.199029298117021,51.4720048776321],[0.199388980628317,51.4719981280875],[0.199378167618348,51.4717735112661],[0.199367354754117,51.4715488944407],[0.199356542035619,51.4713242776112],[0.199345729462855,51.4710996607776],[0.199334917035822,51.4708750439399],[0.199324104754515,51.4706504270982],[0.199313292618935,51.4704258102524],[0.199302480629077,51.4702011934025],[0.198942812992775,51.4702079433369],[0.198583145210785,51.4702146921626],[0.198572337085185,51.4699900754061],[0.198932003007905,51.4699833265316],[0.199291668784939,51.4699765765486],[0.199651334416263,51.4699698254569],[0.1996405208586,51.4697452085502],[0.199280857086518,51.4697519596906],[0.199270045533814,51.4695273428285],[0.199259234126822,51.4693027259624],[0.198899573927449,51.4693094760916],[0.198539913582396,51.4693162251121],[0.198550721270993,51.4695408418808],[0.198191064342897,51.4695475882381],[0.198201870006119,51.4697722051286],[0.19821267581613,51.4699968220043],[0.198223481772932,51.4702214388653],[0.197863823694438,51.4702281832232],[0.197504165469183,51.4702349264833],[0.197493363269024,51.470010309364],[0.197482561215608,51.4697856922299],[0.197122906600242,51.4697924341336],[0.19676325183817,51.4697991749394],[0.196774050134981,51.4700237923318],[0.19641439334792,51.4700305321688],[0.196054736414199,51.4700372709078],[0.196043941874003,51.4698126532572],[0.196033147480452,51.4695880355918],[0.196022353233546,51.4693634179116],[0.196011559133278,51.4691388002167],[0.195651909566023,51.4691455373413],[0.195292259852166,51.4691522733679],[0.195281469654971,51.4689276554],[0.194921821672759,51.4689343901996],[0.194562173543995,51.4689411239014],[0.194202525268707,51.4689478565052],[0.194191740852698,51.4687232381352],[0.194180956583202,51.4684986197505],[0.194170172460218,51.468274001351],[0.194159388483741,51.4680493829368],[0.194519029246365,51.4680426508493],[0.194508243538287,51.4678180325494],[0.194867882276292,51.4678112994931],[0.194857094836661,51.4675866813075],[0.194497457976737,51.4675934142347],[0.194137820970303,51.467600146064],[0.193778183817382,51.4676068767955],[0.193418546518001,51.4676136064291],[0.193407766737159,51.4673889877125],[0.193396987774429,51.4671643692608],[0.193386214885206,51.46693975326],[0.193375442129616,51.466715137233],[0.193364669507655,51.4664905211799],[0.193353897019324,51.4662659051008],[0.193713524130811,51.4662591771032],[0.193702750111659,51.4660345613156],[0.193691976226153,51.465809945502],[0.193681202474289,51.4655853296623],[0.193670428856067,51.4653607137965],[0.194030049176314,51.4653539859829],[0.194019274027374,51.4651293704086],[0.194008499012092,51.4649047548083],[0.194368115870043,51.4648980265435],[0.194357339324108,51.4646734112347],[0.194716954384123,51.464666682201],[0.194706176307577,51.4644420671838],[0.194695398364724,51.4642174521405],[0.195055009962548,51.4642107226557],[0.195044230489149,51.4639861079039],[0.195033451149462,51.463761493126],[0.195393059285168,51.4637547631901],[0.195382278414996,51.4635301487038],[0.19574188475283,51.4635234179991],[0.195731102352218,51.4632988038043],[0.195720320085355,51.4630741895835],[0.196079922961176,51.4630674584277],[0.196069139163935,51.4628428444984],[0.196058355500461,51.462618230543],[0.195698755952867,51.4626249610634],[0.195339156271584,51.4626316904976],[0.19534993660685,51.4628563050883],[0.19536071707584,51.4630809196528],[0.195371497678555,51.4633055341913],[0.195011892871216,51.463312263492],[0.195022671943485,51.4635368783221],[0.194663065338317,51.463543606854],[0.194303458599513,51.4635503342995],[0.193943851727095,51.4635570606587],[0.193954625940476,51.4637816764155],[0.193965400287501,51.4640062921462],[0.193605789953062,51.4640130180542],[0.193616562769487,51.4642376340764],[0.19362733571954,51.4644622500726],[0.193267721923005,51.4644689755293],[0.193278493342394,51.464693591817],[0.192918877748005,51.4647003165049],[0.192929647636687,51.4649249330842],[0.19294041765896,51.4651495496373],[0.192951187814825,51.4653741661644],[0.19331080840223,51.4653674405237],[0.193321580356073,51.4655920567071],[0.193332352443534,51.4658166728644],[0.192972728527343,51.4658233991403],[0.192613104477601,51.4658301243297],[0.192623873369829,51.4660547410962],[0.192264247522128,51.4660614655167],[0.192275014883484,51.4662860825747],[0.191915387237816,51.4662928062264],[0.191555759458656,51.4662995287915],[0.191566523624618,51.4665241464586],[0.191206894047507,51.4665308682547],[0.191196131546026,51.4663062502701],[0.191185369178039,51.4660816322593],[0.191174606943544,51.4658570142226],[0.190814982226365,51.4658637339795],[0.190804221789778,51.4656391155991],[0.190793461486658,51.4654144971927],[0.190433839964873,51.465421215228],[0.190423081459593,51.465196596478],[0.190063461468789,51.4652033131093],[0.190052704761306,51.4649786940157],[0.189693086301486,51.464985409243],[0.189682331391756,51.4647607898059],[0.189322714462924,51.4647675036292],[0.189311961350904,51.4645428838485],[0.188952345953066,51.4645495962678],[0.18894159463871,51.4643249761436],[0.188930843457698,51.4641003559933],[0.188571231255136,51.4641070666912],[0.188211618919294,51.4641137763026],[0.187852006450198,51.4641204848275],[0.187841260395304,51.4638958636988],[0.187830514473685,51.4636712425441],[0.188190123614281,51.4636645346541],[0.188549732621626,51.4636578256776],[0.188560481871723,51.4638824461974],[0.188920092410029,51.463875735817],[0.189279702815039,51.4638690243502],[0.189639313086731,51.4638623117969],[0.189998923225084,51.4638555981571],[0.19000967926551,51.4640802173809],[0.190369290934749,51.4640735023372],[0.190728902470605,51.464066786207],[0.191088513873055,51.4640600689904],[0.191448125142078,51.4640533506874],[0.191437362444675,51.4638287327337],[0.191796971916012,51.4638220136618],[0.192156581253882,51.4638152935034],[0.192516190458263,51.4638085722586],[0.192875799529134,51.4638018499274],[0.192865030308369,51.4635772332179],[0.192854261221182,51.4633526164823],[0.193213866830129,51.4633458936999],[0.193573472305527,51.4633391698311],[0.193562700023588,51.4631145537045],[0.193922303701257,51.4631078290669],[0.194281907245339,51.4631011033429],[0.194271131768742,51.4628764878255],[0.194630733515081,51.4628697613328],[0.19461995650803,51.4626451461069],[0.194609179634656,51.4624205308549],[0.194968777919169,51.462413803911],[0.194957999515404,51.4621891889506],[0.195317596002208,51.462182461238],[0.195306816068095,51.461957846569],[0.195296036267695,51.461733231874],[0.195655629292779,51.4617265037103],[0.195666410757195,51.4619511180877],[0.195677192355348,51.4621757324391],[0.196036788574802,51.4621690025538],[0.196396384660548,51.4621622715823],[0.196755980612567,51.4621555395245],[0.197115576430835,51.4621488063804],[0.197104788176548,51.4619241932996],[0.197464382197018,51.4619174593869],[0.197453592412546,51.4616928465976],[0.197442802761918,51.4614682337823],[0.197802393320611,51.4614614994186],[0.197791602139862,51.4612368868948],[0.19815119090079,51.4612301517625],[0.198140398189964,51.4610055395303],[0.19849998626043,51.460998800873],[0.198489191844159,51.4607741891504],[0.198848780227749,51.4607674436836],[0.198837984050476,51.4605428321168],[0.199197570375726,51.4605360857283],[0.1995571565523,51.4605293382448],[0.199916742580173,51.4605225896665],[0.20027632845932,51.4605158399933],[0.200265524792127,51.4602912291021],[0.200625108612873,51.4602844785073],[0.200614303184855,51.460059867772],[0.200973884947204,51.4600531162556],[0.200963077758408,51.4598285056761],[0.201322657462365,51.4598217532381],[0.201311848512842,51.4595971428144],[0.201301039712184,51.4593725323733],[0.201290231060388,51.4591479219148],[0.201279422557453,51.4589233114388],[0.201638994474458,51.4589165585992],[0.201628188288886,51.4586919369341],[0.201268618036563,51.4586986899094],[0.201257815321572,51.4584740635641],[0.200898246727423,51.4584808150555],[0.200538677991091,51.4584875654659],[0.200179109112599,51.4584943147952],[0.199819540091969,51.4585010630434],[0.199459970929225,51.4585078102106],[0.199100401624393,51.4585145562967],[0.198740832177491,51.4585213013017],[0.198381262598014,51.458528045116],[0.19837047444323,51.4583034152574],[0.198730042207361,51.4582966721054],[0.198719252379351,51.458072042878],[0.199078818225524,51.4580652986785],[0.199068026739301,51.4578406698226],[0.199057235395216,51.4576160409354],[0.199416797498697,51.4576092964605],[0.199406004496467,51.4573846679448],[0.199765564657588,51.4573779227916],[0.199754769997259,51.4571532946475],[0.199743975479106,51.4569286664722],[0.200103531897645,51.4569219210434],[0.20009273572146,51.4566972932396],[0.20008193968747,51.4564726654046],[0.200441492363504,51.4564659197004],[0.200430694671549,51.4562412922369],[0.200071143795673,51.4562480375383],[0.200060348046065,51.4560234096407],[0.199700798828213,51.4560301534584],[0.199341249468275,51.4560368961951],[0.198981699966272,51.4560436378507],[0.19862215032223,51.4560503784254],[0.198262599981809,51.4560571165628],[0.197903048443013,51.4560638509934],[0.197892263285393,51.4558392211968],[0.197532713197798,51.4558459546007],[0.197543496775486,51.4560705843137],[0.197183944979249,51.4560773165238],[0.196824393054322,51.4560840476236],[0.196835173600887,51.4563086771673],[0.196475619967332,51.4563154070732],[0.196486399062664,51.4565400365312],[0.196126843720474,51.4565467652431],[0.196116066205122,51.4563221358688],[0.196105288818476,51.4560975064924],[0.195745736507597,51.4561042342615],[0.195734960829597,51.4558796049669],[0.195724185280274,51.4556549756703],[0.196083734431291,51.4556482477339],[0.196072957430746,51.4554236183516],[0.19571340985963,51.4554303463717],[0.19570263456766,51.4552057170712],[0.195691859404364,51.4549810877687],[0.195332314864386,51.454987814846],[0.195321541409599,51.4547631856252],[0.194961998320882,51.454769911676],[0.194951226574564,51.454545282537],[0.194591684937113,51.4545520075613],[0.194232143171126,51.4545587314755],[0.193872601276624,51.4545654542795],[0.19386183439834,51.4543408253896],[0.193502293955152,51.4543475471671],[0.193491528785216,51.4541229183591],[0.193131989793344,51.4541296391102],[0.19312122633171,51.4539050103838],[0.193110462998591,51.4536803816555],[0.193099699793983,51.4534557529252],[0.193459234046614,51.4534490319228],[0.193818768170781,51.4534423098103],[0.193829534534839,51.4536669387081],[0.194189070110244,51.4536602155692],[0.194548605557143,51.4536534913201],[0.194559375209238,51.4538781203834],[0.194570144989929,51.4541027494447],[0.194929683467798,51.4540960242529],[0.194918912107348,51.4538713951079],[0.19527844887691,51.4538646687222],[0.195267676065341,51.4536400394915],[0.194908140875516,51.4536467659609],[0.194897369772298,51.4534221368119],[0.194537836033644,51.4534288622548],[0.194527066638736,51.4532042331876],[0.194167534351256,51.4532109576041],[0.193808001935274,51.4532176809105],[0.193448469390809,51.4532244031068],[0.193437704863533,51.4529997742888],[0.193078173770291,51.4530064954586],[0.192718642548609,51.4530132155184],[0.192359111198507,51.4530199344681],[0.191999579720008,51.4530266523076],[0.191640048113127,51.453033369037],[0.191280516377887,51.4530400846563],[0.190920984514309,51.4530467991655],[0.190561452522411,51.4530535125646],[0.190201920402214,51.4530602248536],[0.190212670712257,51.4532848529175],[0.189853136884078,51.4532915640126],[0.189493602927637,51.4532982739974],[0.189134068842955,51.4533049828722],[0.188774534630054,51.4533116906369],[0.188785278749525,51.4535363183635],[0.188796022997255,51.453760946088],[0.188436485496665,51.4537676525749],[0.188447228292879,51.4539922802136],[0.188087689084327,51.4539989855064],[0.18807694786789,51.4537743579516],[0.18806620677967,51.4535497303947],[0.188055465819666,51.4533251028359],[0.18841500028895,51.4533183972915],[0.188404257877445,51.4530937696468],[0.188393515594171,51.4528691420001],[0.188382773439127,51.4526445143514],[0.188372031412311,51.4524198867007],[0.188731559434693,51.4524131797107],[0.189091087328883,51.4524064716106],[0.18945061509486,51.4523997624004],[0.189439868457391,51.4521751344961],[0.189429121948209,51.4519505065899],[0.189788646426732,51.4519437961019],[0.190148170777006,51.4519370845039],[0.190507694999012,51.4519303717959],[0.190867219092729,51.4519236579777],[0.191226743058138,51.4519169430495],[0.191586266895218,51.4519102270112],[0.19194579060395,51.4519035098629],[0.19193503316604,51.451678881368],[0.191924275856558,51.4514542528711],[0.191913518675502,51.4512296243722],[0.191902761622872,51.4510049958713],[0.191543244232281,51.4510117133548],[0.191532488887555,51.4507870849357],[0.19117297294811,51.4507938013929],[0.190813456880347,51.4508005167401],[0.19080270482295,51.4505758884866],[0.191162219311247,51.4505691730556],[0.191521733671228,51.4505624565146],[0.191881247902874,51.4505557388636],[0.19187048877347,51.4503311128483],[0.191510976248914,51.4503378304767],[0.19150021845245,51.4501132049518],[0.191489460787374,51.4498885794235],[0.191478703253681,51.4496639538919],[0.191467945851372,51.4494393283569],[0.191108439712816,51.44944604512],[0.191097684071168,51.4492214196425],[0.191086928560877,51.4489967941616],[0.19107617318194,51.4487721686774],[0.190716671799861,51.4487788845145],[0.190705918181495,51.4485542590877],[0.190346418297352,51.4485609738772],[0.190357170286495,51.4487855992431],[0.189997668641867,51.4487923128631],[0.189638166865995,51.4487990253745],[0.189648915727953,51.4490236506153],[0.189289412191608,51.4490303619573],[0.1892786649589,51.4488057367774],[0.188919162920603,51.4488124470718],[0.188929908524059,51.4490370721908],[0.188570404725326,51.4490437813157],[0.188559660751125,51.4488191562576],[0.188200158450487,51.4488258643349],[0.188189416236723,51.4486012393343],[0.188548916908126,51.4485945311962],[0.188538173196326,51.4483699061314],[0.188527429615725,51.4481452810632],[0.188167932202727,51.4481519893232],[0.188157190382491,51.4479273643126],[0.187797694467536,51.447934071525],[0.187786954407622,51.4477094465719],[0.187776214478858,51.4474848216155],[0.187765474681237,51.4472601966556],[0.187754735014761,51.4470355716924],[0.187395245485182,51.4470422780401],[0.187384507578915,51.4468176531344],[0.187025019547326,51.4468243584345],[0.187014283401226,51.4465997335864],[0.186654796867632,51.446606437839],[0.186644062481653,51.4463818130485],[0.186633328226747,51.4461571882546],[0.18627384482016,51.4461638915207],[0.186263112325309,51.4459392667844],[0.185903630416704,51.445945969003],[0.185892899681867,51.4457213443242],[0.185533419271249,51.4457280454954],[0.185522690296384,51.4455034208742],[0.185163211383754,51.4455101209979],[0.185152484168817,51.4452854964344],[0.184793006754181,51.4452921955107],[0.184782281299128,51.4450675710048],[0.184422805382489,51.4450742690336],[0.184412081687279,51.4448496445854],[0.184401358122994,51.4446250201337],[0.18404188533323,51.4446317171762],[0.183682412412596,51.4446384131103],[0.183322939361115,51.444645107936],[0.182963466178806,51.4446518016534],[0.182952749260866,51.4444271774424],[0.182593277576612,51.4444338701125],[0.182233805761573,51.4444405616742],[0.182223092232149,51.4442159375819],[0.181863621915193,51.4442226280963],[0.181504157782465,51.4442293176325],[0.181144697675166,51.4442360061522],[0.181133989628436,51.4440113820396],[0.180774531107429,51.4440180693931],[0.180763824919574,51.4437934452041],[0.180753118868011,51.4435688210043],[0.180393663655837,51.4435755071262],[0.180404367984862,51.4438001313914],[0.180044910913908,51.4438068164779],[0.180055613656639,51.4440314407976],[0.179696154726901,51.4440381248487],[0.179336695660963,51.4440448077989],[0.178977236458849,51.4440514896484],[0.17861777712058,51.4440581703971],[0.178258317646179,51.4440648500449],[0.178269011912197,51.4442894746805],[0.178279706314356,51.4445140993052],[0.177920243258623,51.4445207779829],[0.177930936074279,51.4447454026619],[0.177941629026058,51.44497002733],[0.177952322113962,51.4451946519872],[0.177592853754129,51.4452013297601],[0.177582162388917,51.4449767050376],[0.177571471159806,51.4447520803042],[0.177560780066797,51.4445274555598],[0.177550089109884,51.4443028308045],[0.177539398289067,51.4440782060383],[0.177528707604342,51.4438535812611],[0.177518017055709,51.443628956473],[0.177507326643164,51.443404331674],[0.177147871928175,51.4434110078235],[0.176788417077149,51.4434176828723],[0.176428962090109,51.4434243568202],[0.176069506967075,51.4434310296674],[0.176058823580688,51.4432064045963],[0.175699370044208,51.4432130762774],[0.175339916371783,51.4432197468577],[0.174980462563432,51.4432264163372],[0.174991140782241,51.4434510416042],[0.174631685115459,51.4434577100482],[0.174642361747645,51.4436823353695],[0.174282904222426,51.443689002778],[0.173923446561344,51.4436956690857],[0.173934119884282,51.4439202945265],[0.173574660364779,51.4439269597986],[0.173563988764423,51.4437023342925],[0.173204530831685,51.4437089983986],[0.172845072763151,51.4437156614039],[0.172855740918334,51.4439402870404],[0.172866409209317,51.444164912666],[0.172506947559809,51.4441715747008],[0.172147485774545,51.4441782356349],[0.172158150756061,51.4444028613799],[0.171798687112425,51.4444095212784],[0.171809350507039,51.4446341470777],[0.172168815873336,51.4446274871141],[0.172179481126374,51.4448521128373],[0.172538948079614,51.4448454517076],[0.172549615191119,51.4450700773547],[0.172909083731298,51.445063415059],[0.172919752701315,51.44528804063],[0.172930421807147,51.44551266619],[0.173289893657003,51.4455060026631],[0.173300564621417,51.445730628147],[0.173660038058222,51.4457239634539],[0.173670710881263,51.4459485888617],[0.173681383840168,51.4461732142585],[0.174040860586725,51.4461665483341],[0.174051535404327,51.4463911736548],[0.174411013737845,51.4463845065643],[0.174421690414188,51.4466091318088],[0.174781170334662,51.4466024635521],[0.175140650119222,51.4465957941945],[0.175151330377217,51.4468204192976],[0.175162010771176,51.4470450443897],[0.175521493865549,51.4470383738007],[0.175532176118384,51.4472629988167],[0.1758916607997,51.4472563270614],[0.175902344911454,51.4474809520012],[0.175542858507209,51.4474876238217],[0.175183371966996,51.4474942945413],[0.175194052768861,51.4477189196007],[0.175204733706701,51.4479435446492],[0.175215414780516,51.4481681696868],[0.175226095990309,51.4483927947134],[0.174866602422194,51.4483994645931],[0.174877282044923,51.4486240896741],[0.174517786617828,51.4486307585181],[0.174528464653447,51.4488553836534],[0.174168967367367,51.4488620514616],[0.174179643815832,51.4490866766513],[0.173820144670764,51.4490933434238],[0.173830819532029,51.4493179686677],[0.173841494529196,51.4495425939008],[0.173852169662265,51.4497672191229],[0.173862844931239,51.4499918443341],[0.17387352033612,51.4502164695344],[0.173514012439347,51.450223135532],[0.173503338757677,51.4499985102665],[0.173143832448254,51.4500051750979],[0.172784326002994,51.4500118388282],[0.172773655903592,51.4497872134213],[0.172414151045712,51.4497938759854],[0.172054646052041,51.4498005374484],[0.172043979534825,51.4495759119002],[0.171684476128562,51.449582572197],[0.171695140922599,51.4498071978104],[0.171335635657412,51.4498138570713],[0.171346298864018,51.450038482739],[0.171356962206374,51.4502631083957],[0.171716470917989,51.4502564490044],[0.171727136119346,51.4504810745851],[0.171737802105218,51.4507057011692],[0.171378290039957,51.4507123606961],[0.171388954660225,51.4509369875254],[0.171399619411399,51.451161614346],[0.171410284293479,51.4513862411578],[0.171050767172596,51.4513928996651],[0.171040103932117,51.4511682728253],[0.170680588321969,51.4511749302014],[0.170321072580975,51.4511815864742],[0.170310412754546,51.4509569595699],[0.170669926853956,51.4509503033251],[0.170659265516805,51.45072567644],[0.170648604407588,51.4505010496513],[0.170289093565597,51.4505077058046],[0.170278435257243,51.4502830799633],[0.169918926002844,51.4502897349503],[0.169929582587941,51.4505143608568],[0.169570071474643,51.4505210148079],[0.16921056026046,51.4505276676827],[0.169221214900577,51.450752294688],[0.169231869671467,51.4509769216846],[0.169242524573132,51.4512015486725],[0.168883008308966,51.451208200532],[0.168872355048894,51.4509835735162],[0.168512840295583,51.4509902242445],[0.168153325411554,51.4509968738695],[0.16779381039683,51.4510035223912],[0.16743429525143,51.4510101698095],[0.167423648688416,51.4507855426738],[0.167064135053943,51.450792188961],[0.16670462128884,51.4507988341449],[0.166345107393126,51.4508054782255],[0.166334465885465,51.4505808509977],[0.165974953500728,51.4505874939472],[0.165964315257057,51.4503628671371],[0.165604804376435,51.4503695089112],[0.165245293360439,51.4503761495843],[0.164885785630727,51.4503827891465],[0.164875153529954,51.4501581623197],[0.16486452156558,51.4499335354823],[0.164505021000425,51.4499401738115],[0.164145520298916,51.4499468110395],[0.163786019461077,51.4499534471661],[0.163775392856006,51.449728820137],[0.163415893622832,51.4497354551019],[0.163056394253375,51.4497420889655],[0.163045771266533,51.4495174618051],[0.163035148415969,51.4492928346341],[0.16267565239214,51.4492994672757],[0.162316156232077,51.449306098816],[0.162305536999613,51.4490814715138],[0.161946042444254,51.4490881018924],[0.161935425088911,51.4488634745193],[0.162294917903378,51.4488568442009],[0.16228429894337,51.4486322168774],[0.162643789880761,51.448625585518],[0.163003280681926,51.4486189530573],[0.162992658376453,51.4483943258438],[0.162982036207247,51.4481696986196],[0.163341523390504,51.4481630651783],[0.163330899616766,51.4479384380038],[0.163320275979313,51.4477138108187],[0.16367975954474,51.4477071763968],[0.163669134302821,51.4474825492614],[0.163309652478142,51.447489183623],[0.162950170517205,51.4474958168834],[0.162939548893042,51.4472711896167],[0.162580068536596,51.4472778217156],[0.162220588043937,51.4472844527131],[0.161861107415087,51.4472910826095],[0.161871723817053,51.4475157100571],[0.162231206186637,51.4475090801004],[0.162241824465549,51.4477337074771],[0.162252442880676,51.4479583348431],[0.161892957029555,51.4479649649203],[0.161533471042258,51.4479715938962],[0.161544086111995,51.4481962213722],[0.161184598247739,51.4482028493071],[0.160825110247349,51.4482094761408],[0.160814498659229,51.4479848485443],[0.161173984918809,51.4479782217709],[0.161163371726028,51.447753594224],[0.160803887207235,51.4477602209372],[0.160444402552337,51.447766846549],[0.160433792977235,51.447542218871],[0.160423183538233,51.4473175911824],[0.160063702228767,51.4473242155725],[0.159704220783245,51.4473308388613],[0.159714826740752,51.4475554666704],[0.159355343418446,51.4475620889183],[0.158995859960126,51.4475687100648],[0.159006462572139,51.4477933379838],[0.159017065320163,51.4480179658921],[0.1590276682042,51.4482425937898],[0.159387156884916,51.4482359724626],[0.159746645429611,51.4482293500341],[0.15975725193135,51.4484539778007],[0.159397761645814,51.4484606002894],[0.159408366542754,51.4486852281057],[0.159767858569154,51.4486786055567],[0.160127350459506,51.4486719819064],[0.16013795897426,51.4488966095916],[0.160497452469424,51.4488899847797],[0.160856945828494,51.4488833588666],[0.161216439051447,51.4488767318521],[0.16157593213826,51.4488701037363],[0.161586547752707,51.4490947311698],[0.161597163503338,51.4493193585927],[0.161607779390155,51.4495439860049],[0.16161839541316,51.4497686134065],[0.161629011572355,51.4499932407974],[0.161988513227707,51.4499866112789],[0.162348014746863,51.4499799806591],[0.162358634524264,51.4502046079188],[0.162369254437906,51.4504292351679],[0.162009749436717,51.4504358659084],[0.162020369211242,51.450660493656],[0.162030990030308,51.4508851216703],[0.162041610985175,51.4511097496726],[0.162052232075844,51.451334377663],[0.162062853302321,51.4515590056416],[0.162422366905983,51.4515523744805],[0.162781880373822,51.4515457422193],[0.162792505204113,51.4517703700228],[0.163152020270106,51.4517637365798],[0.163162646970275,51.4519883642898],[0.163522163634419,51.451981729665],[0.163881680162669,51.4519750939401],[0.163892310466801,51.452199721475],[0.163532792204512,51.4522063572815],[0.163173273806324,51.4522129919879],[0.162813755272263,51.4522196255941],[0.16245423660235,51.4522262581002],[0.162443613234393,51.4520016302388],[0.1620840961627,51.4520082615631],[0.162073474664605,51.4517836336083],[0.161713959191136,51.4517902637508],[0.161354443581886,51.4517968927931],[0.160994927836879,51.4518035207353],[0.160635411956136,51.4518101475773],[0.160275895939679,51.4518167733192],[0.15991637978753,51.4518233979608],[0.159556863499714,51.4518300215023],[0.15919734707625,51.4518366439436],[0.159207954702046,51.4520612725508],[0.158848436408911,51.4520678939734],[0.158488917980172,51.4520745142958],[0.158129399415851,51.4520811335181],[0.157769880715971,51.4520877516402],[0.157410361880555,51.4520943686621],[0.157050842909622,51.4521009845837],[0.157040245688149,51.4518763554877],[0.156680728315786,51.4518829702277],[0.156670132963848,51.4516583410383],[0.156659537747379,51.451433711837],[0.156648942666381,51.4512090826239],[0.156289430360608,51.4512156960194],[0.155929917919396,51.4512223083148],[0.155570405342769,51.45122891951],[0.155210892630748,51.451235529605],[0.155200304621125,51.4510109000543],[0.154840793507715,51.4510175089678],[0.154481282258959,51.451024116781],[0.154121770874878,51.4510307234942],[0.154111188202519,51.4508060936874],[0.154470697852634,51.4507994870557],[0.154830207367427,51.4507928793238],[0.154819621362488,51.4505682496679],[0.15480903748909,51.4503436209152],[0.155168543468953,51.4503370122625],[0.155157958512099,51.4501123837984],[0.155517462615141,51.4501057741044],[0.155506876053047,51.4498811456899],[0.155866378279273,51.4498745349547],[0.155855790111985,51.4496499065897],[0.155845202080523,51.449425278214],[0.155834614184888,51.4492006498278],[0.155475117181602,51.4492072603826],[0.155464531162723,51.4489826319256],[0.155453945279642,51.448758003458],[0.155443359532358,51.4485333749798],[0.155432773920867,51.448308746491],[0.155422188445166,51.4480841179915],[0.155411603105254,51.4478594894815],[0.155401017901128,51.4476348609608],[0.155041532948143,51.4476414699934],[0.154682047859412,51.4476480779248],[0.154671466272631,51.4474234492732],[0.154311982788962,51.4474300560432],[0.153952499169597,51.4474366617119],[0.153593015414557,51.4474432662793],[0.153582439185802,51.4472186374369],[0.153941921200077,51.4472120329295],[0.153931343366245,51.4469874041366],[0.154290823504106,51.4469807985881],[0.154650303506275,51.4469741919383],[0.155009783372729,51.4469675841874],[0.155020366428776,51.4471922128],[0.155379847900227,51.4471856038876],[0.155739329235916,51.447178993874],[0.155728742698404,51.4469543653816],[0.155718156296692,51.4467297368786],[0.155358678442444,51.446736346772],[0.155348093917215,51.4465117181982],[0.15533750952776,51.4462870896139],[0.155696983900658,51.4462804798408],[0.155707570030777,51.446505108365],[0.156067046008562,51.4464984974306],[0.156056458137781,51.4462738689665],[0.156045870402815,51.4460492404918],[0.156035282803662,51.4458246120065],[0.155675812047794,51.4458312227605],[0.155665226325046,51.4456065942044],[0.155654640738082,51.4453819656377],[0.155295173327614,51.4453885751703],[0.155284589616986,51.4451639465329],[0.154925123811327,51.4451705549042],[0.154914541976988,51.444945926196],[0.154555077776145,51.444952533406],[0.154195613439607,51.4449591395148],[0.154206191792877,51.4451837683432],[0.154216770281838,51.445408397161],[0.15385730232853,51.4454150022888],[0.153497834239569,51.4454216063154],[0.153508409383055,51.4456462352427],[0.153148939417875,51.4456528382283],[0.153159512956402,51.4458774672051],[0.152800041114998,51.4458840691494],[0.152789469317085,51.4456594401126],[0.152778897654776,51.4454348110651],[0.152419429158987,51.4454414117882],[0.152408859372851,51.4452167826701],[0.152398289722294,51.4449921535413],[0.152757754736964,51.4449855529384],[0.153117219616054,51.4449789512343],[0.153106646620026,51.444754322215],[0.153096073759616,51.4445296931852],[0.152736612361549,51.4445362947692],[0.152726041377233,51.4443116656687],[0.153085501034823,51.4443050641448],[0.153074928445643,51.4440804350937],[0.153434386227184,51.4440738325287],[0.153793843873107,51.4440672288626],[0.153783267938681,51.443842599921],[0.153772692139912,51.4436179709689],[0.153762116476794,51.4433933420062],[0.153402664052087,51.4433999454921],[0.153392090264977,51.4431753164587],[0.153381516613495,51.4429506874146],[0.153370943097634,51.44272605836],[0.15373039030133,51.4427194550543],[0.153719815180798,51.4424948260491],[0.153709240195907,51.4422701970333],[0.153698666517194,51.4420455664079],[0.153339224474704,51.4420521696253],[0.153328653320266,51.4418275380614],[0.152969212873507,51.4418341401461],[0.152609772291744,51.441840741128],[0.152599204733842,51.4416161094955],[0.152588637310944,51.4413914778543],[0.152948074431246,51.4413848769321],[0.152937505412657,51.4411602453119],[0.153296940667262,51.4411536433169],[0.153286370053024,51.4409290117177],[0.153645803441938,51.4409224086497],[0.153635231232097,51.4406977770715],[0.153994662755324,51.4406911729307],[0.154354094143491,51.440684567687],[0.154713525396573,51.4406779613405],[0.155072956514552,51.4406713538912],[0.155083535646961,51.4408959853497],[0.155094114914527,51.4411206167994],[0.155104694317252,51.4413452482402],[0.155464130492078,51.4413386395983],[0.155474711760669,51.4415632710004],[0.155834149531038,51.4415566612258],[0.155823566531747,51.4413320298536],[0.156183002436237,51.4413254190061],[0.156542438205524,51.4413188070558],[0.156553024666213,51.441543438368],[0.15691246203097,51.4415368252849],[0.156901873839589,51.4413121940027],[0.15689128578348,51.4410875627116],[0.157250719551629,51.4410809485856],[0.157240129900143,51.4408563173157],[0.15722954038395,51.4406316860369],[0.156870110077074,51.440638300103],[0.156510679634959,51.4406449130662],[0.156500093715262,51.4404202817187],[0.156140664868537,51.4404268935492],[0.156130080814667,51.4402022621628],[0.155770653563336,51.4402088728606],[0.155760071375247,51.4399842414354],[0.155400645719315,51.4399908510005],[0.15504121992824,51.4399974594627],[0.155030641336435,51.4397728279689],[0.154671217140788,51.4397794352985],[0.154660640414654,51.4395548037659],[0.154650063823641,51.4393301722245],[0.154639487367746,51.4391055406742],[0.154628911046968,51.4388809091151],[0.154269493638204,51.4388875152223],[0.154258919182978,51.4386628836245],[0.154248344862841,51.4384382520178],[0.15423777067779,51.4382136204023],[0.154227196627824,51.437988988778],[0.154586607114965,51.4379823827904],[0.154576031469731,51.4377577511872],[0.154935440091448,51.4377511441269],[0.154924862850991,51.4375265125447],[0.155284269607287,51.4375199044117],[0.155273690771653,51.4372952728506],[0.155633095662534,51.4372886636448],[0.155622515231767,51.4370640321048],[0.155611934936163,51.436839400556],[0.15525253350581,51.4368460097019],[0.155241955075597,51.4366213781143],[0.155231376780518,51.4363967465179],[0.155590774750432,51.4363901374319],[0.155580194860303,51.4361655058566],[0.155220798620573,51.4361721149127],[0.155210220595759,51.4359474832986],[0.154850825951091,51.4359540912221],[0.15486140224574,51.4361787228661],[0.154502005735825,51.436185329717],[0.154512580435392,51.4364099613821],[0.154153182060225,51.4364165671602],[0.15414260909085,51.4361919354652],[0.154132036256539,51.4359673037614],[0.153772641206698,51.4359739083771],[0.153413246021846,51.4359805118902],[0.153423815395811,51.4362051436538],[0.15306441834579,51.4362117460942],[0.153074986124575,51.4364363778789],[0.153085554038357,51.4366610096547],[0.153444954548798,51.4366544071546],[0.153455524327826,51.4368790388917],[0.15346609424188,51.43710367062],[0.153825498077829,51.4370970669575],[0.153836069857198,51.4373216986471],[0.153846641771618,51.4375463303278],[0.153857213821093,51.4377709619997],[0.153497804794217,51.437777565752],[0.153138395632332,51.4377841684015],[0.15277898633546,51.4377907699484],[0.152789553328924,51.4380154017011],[0.152430142166727,51.4380220021752],[0.1524407075648,51.4382466339489],[0.152081294537273,51.4382532333502],[0.151721881374821,51.4382598316487],[0.151711319437522,51.4380351998152],[0.151700757635147,51.4378105679729],[0.151341347798551,51.4378171651091],[0.151330787861444,51.4375925332281],[0.150971379620321,51.4375991292317],[0.150960821548436,51.4373744973121],[0.15060141490279,51.4373810921832],[0.150590858696084,51.4371564602249],[0.150580302624226,51.4369318282578],[0.150220899304346,51.4369384219666],[0.150210345097598,51.4367137899608],[0.149850943373183,51.4367203825372],[0.149840391031498,51.4364957504928],[0.149480990902553,51.4365023419367],[0.149121590638858,51.436508932278],[0.149111041892416,51.4362843001652],[0.14875164322422,51.4362908893741],[0.148741096342731,51.4360662572227],[0.148381699283736,51.4360728453019],[0.148371154283263,51.435848213115],[0.148011759338307,51.4358548001637],[0.147652364257667,51.4358613861097],[0.147292969041365,51.435867970953],[0.147303508798651,51.4360926032218],[0.147662905762684,51.4360860183513],[0.147673447403389,51.4363106505841],[0.147314048691602,51.4363172354819],[0.14732458872022,51.4365418677334],[0.147335128884509,51.4367664999761],[0.147694531091872,51.4367599150237],[0.147705073139654,51.4369845472304],[0.148064476959166,51.4369779611479],[0.148075020890488,51.4372025933187],[0.148085564957532,51.4374272254807],[0.148096109160299,51.4376518576341],[0.148455518157889,51.4376452703821],[0.148466064252152,51.4378699025015],[0.148825475167125,51.4378633141868],[0.148836023126495,51.4380879462676],[0.149195435637133,51.4380813568205],[0.149554848013026,51.4380747662707],[0.149544296592891,51.4378501342495],[0.14990370710364,51.4378435426268],[0.149914260254153,51.4380681746182],[0.150273672360493,51.438061581863],[0.150633084332022,51.4380549880051],[0.150643641078145,51.4382796199281],[0.150654197959127,51.4385042518422],[0.151013613256635,51.438497656822],[0.151024172002919,51.4387222886975],[0.151034730884091,51.4389469205641],[0.151394149507636,51.4389403243815],[0.151753567996294,51.4389337270961],[0.151764130473317,51.4391583588943],[0.151774693085276,51.4393829906836],[0.151785255832174,51.4396076224641],[0.151425832152009,51.439614219839],[0.151415271135636,51.4393895880286],[0.151055849051104,51.4393961842709],[0.150696426831703,51.4394027794105],[0.150337004477456,51.4394093734473],[0.150347560302241,51.4396340053471],[0.150358116261878,51.439858637238],[0.150368672356368,51.4400832691202],[0.150379228585714,51.4403079009935],[0.150019799174372,51.4403144940468],[0.149660369628219,51.4403210859972],[0.149300939947277,51.440327676845],[0.149290388909742,51.4401030448822],[0.14893096082464,51.4401096345974],[0.148941510131569,51.4403342665899],[0.148582080181115,51.440340855232],[0.148571532604797,51.4401162232097],[0.148212104349211,51.4401228107483],[0.147852676057851,51.4401293972132],[0.1478421321101,51.439904765128],[0.147482705431174,51.4399113504627],[0.147123278616566,51.4399179346945],[0.147112738300774,51.439693302546],[0.146753313098629,51.4396998856476],[0.14639388776085,51.4397064676462],[0.146034462287459,51.4397130485419],[0.145675036678481,51.4397196283348],[0.145315610933936,51.4397262070247],[0.145305079494337,51.4395015747312],[0.144945655362358,51.439508152291],[0.144586231094862,51.4395147287478],[0.144575703287003,51.4392900963912],[0.14493512580641,51.4392835199615],[0.145294548190302,51.439276942429],[0.145284017021829,51.4390523101182],[0.145273485988916,51.4388276777987],[0.144914067101129,51.4388342552767],[0.144903537951792,51.4386096229212],[0.144893008937987,51.4383849905571],[0.14453359341071,51.4383915668778],[0.144544120676516,51.4386161992692],[0.144184703265753,51.4386227745142],[0.144174177747947,51.4383981420957],[0.143814761949723,51.4384047162106],[0.14345534601606,51.4384112892228],[0.143465868037856,51.4386359216958],[0.143106450220769,51.4386424936322],[0.143116970629977,51.4388671261238],[0.142757550929459,51.4388736969845],[0.142398131093566,51.4388802667424],[0.14203871112232,51.4388868353975],[0.142028195957217,51.4386622028244],[0.141668777598678,51.4386687703494],[0.141309359104833,51.4386753367715],[0.141298847571119,51.4384507041354],[0.140939430690011,51.4384572694275],[0.140580013673645,51.4384638336167],[0.140569505771235,51.4382392009177],[0.140210090367637,51.438245763977],[0.139850674828827,51.4382523259333],[0.139840170557637,51.4380276931714],[0.139480756631624,51.4380342539978],[0.139121342570446,51.4380408137214],[0.138761928374127,51.4380473723421],[0.138751429482042,51.4378227394902],[0.138392016898574,51.437829296981],[0.138032604180012,51.4378358533689],[0.138022108918964,51.4376112204542],[0.137662697813282,51.4376177757122],[0.137303286572553,51.4376243298674],[0.137292794942456,51.4373996968899],[0.136933385314637,51.4374062499152],[0.136573975551819,51.4374128018377],[0.136563487552592,51.4371881687974],[0.136204079402712,51.4371947195901],[0.13584467111788,51.4372012692799],[0.135485262698119,51.4372078178669],[0.135474780077575,51.4369831847369],[0.135115373270808,51.436989732194],[0.134755966329158,51.4369962785484],[0.134745487339298,51.4367716453557],[0.134735008484317,51.4365470121544],[0.134375604903549,51.4365535573519],[0.134016201187949,51.4365601014467],[0.134026676547209,51.4367847347021],[0.133667270948934,51.436791277721],[0.13365679733754,51.4365666444387],[0.133297393352341,51.4365731863279],[0.13293798923238,51.4365797271143],[0.132927519251483,51.4363550937695],[0.132568116744627,51.4363616334262],[0.132208714103054,51.43636817198],[0.132219180588251,51.4365928053788],[0.132578584977675,51.4365862667979],[0.132589053345463,51.4368109001611],[0.132599521847996,51.4370355335155],[0.132958929598465,51.437028993778],[0.132969399983659,51.4372536270969],[0.132979870503623,51.437478260407],[0.132620459257298,51.4374848001984],[0.132630928164073,51.4377094335268],[0.132271515035056,51.4377159722423],[0.132261047876245,51.4374913388869],[0.132250580852161,51.4372667055229],[0.132240113962803,51.4370420721502],[0.131880705942907,51.437048609682],[0.131870240936169,51.4368239762737],[0.131859776064129,51.4365993428567],[0.131500371796791,51.4366058790284],[0.131489908812086,51.4363812455377],[0.13113050636933,51.4363877804181],[0.131120045245712,51.4361631468457],[0.130760644397106,51.4361696805554],[0.130401243415077,51.4361762131649],[0.130390785880078,51.4359515794402],[0.130750185134529,51.4359450469013],[0.131109584255558,51.4359385132621],[0.131468983243146,51.4359319785226],[0.131479445960872,51.4361566120358],[0.131838846724135,51.4361500759968],[0.132198247752573,51.4361435385726],[0.132187781536805,51.4359189051565],[0.132177315455748,51.4356942717318],[0.132536712853905,51.4356877332587],[0.132896110117351,51.4356811936829],[0.132885640675485,51.4354565603033],[0.133245036056441,51.4354500196516],[0.133234565001594,51.4352253862903],[0.133224094081519,51.4350007529204],[0.133583485832283,51.4349942112199],[0.133573013299293,51.4347695778682],[0.133932403167602,51.4347630350919],[0.133921929021741,51.4345384017585],[0.134281317007601,51.4345318579064],[0.134640704858649,51.4345253129517],[0.134651182499825,51.4347499462311],[0.135010571963692,51.4347434001467],[0.135021051487403,51.4349680333904],[0.135380442564086,51.4349614861762],[0.135739833505884,51.4349549378593],[0.135729350486827,51.4347303046696],[0.136088739546049,51.4347237552769],[0.136448128470345,51.4347172047815],[0.136807517259691,51.4347106531835],[0.137166905914066,51.4347041004827],[0.137156416039361,51.4344794673923],[0.137515802811103,51.4344729136158],[0.137875189447831,51.4344663587367],[0.137864696212911,51.4342417256917],[0.138224080966991,51.4342351697369],[0.138583465586013,51.4342286126794],[0.138572968990976,51.4340039796799],[0.138932351727336,51.4339974215468],[0.138921854432329,51.4337727865865],[0.139281235361581,51.4337662272342],[0.139270737995465,51.4335415889974],[0.139630117052908,51.4335350285992],[0.13998949597582,51.4335284670999],[0.140348874764181,51.4335219044996],[0.140338372320777,51.4332972664182],[0.14032787001198,51.4330726283265],[0.140687245191245,51.4330660647356],[0.140676741279826,51.4328414266887],[0.141036114587275,51.432834862052],[0.141025609073279,51.4326102240501],[0.140666237503033,51.4326167886315],[0.140655733860862,51.432392150564],[0.14029636389321,51.4323987139893],[0.139936993790994,51.4324052763135],[0.139577623554239,51.4324118375367],[0.139567125258172,51.4321871992932],[0.139207756624064,51.4321937593602],[0.138848387855464,51.4322003183262],[0.13848901895239,51.4322068761912],[0.138499512036952,51.4324315146002],[0.138510005255998,51.432656152999],[0.138150632744108,51.4326627098733],[0.138161124360423,51.4328873483169],[0.137801749976882,51.4328939041454],[0.137812239990423,51.4331185426338],[0.137452863735225,51.4331250974164],[0.13744237545893,51.4329004588728],[0.137083000806589,51.4329070124992],[0.136723626019882,51.4329135650246],[0.13673411082168,51.4331382036785],[0.136374734163378,51.433144755158],[0.13638521736228,51.4333693938567],[0.136025838832377,51.4333759442902],[0.135666460168171,51.4333824936227],[0.135676940026832,51.4336071324214],[0.135317559491041,51.4336136807079],[0.134958178820988,51.4336202278934],[0.134968655339311,51.4338448667919],[0.134609272797688,51.4338514129315],[0.13424989013603,51.4338579579351],[0.134239417078188,51.4336333189612],[0.133880036005486,51.4336398628435],[0.133869564833366,51.4334152237694],[0.133510185363808,51.4334217664955],[0.133499716063183,51.4331971273561],[0.133489246896735,51.4329724882063],[0.133129870767597,51.4329790297213],[0.133119403472575,51.4327543905061],[0.133108936311701,51.4325297512807],[0.132749563522926,51.4325362915845],[0.132739098233408,51.4323116522937],[0.132728633078013,51.4320870129925],[0.132718168056739,51.4318623736811],[0.132358800345431,51.4318689127188],[0.132348337195417,51.431644273342],[0.132337874179498,51.4314196339549],[0.132327411297669,51.4311949945574],[0.131968048663664,51.4312015323291],[0.131957587653001,51.4309768928663],[0.131947126776403,51.4307522533932],[0.131936666033867,51.4305276139098],[0.131926205425391,51.4303029744161],[0.131915744950971,51.4300783349121],[0.131905284610607,51.4298536953978],[0.131545932497698,51.4298602315874],[0.131535474044484,51.4296355920157],[0.131525015725589,51.4294109524355],[0.131165667192539,51.4294174873263],[0.130806318525226,51.4294240211145],[0.130816773360274,51.429648660742],[0.130457422816794,51.4296551934511],[0.130098072139093,51.4296617250574],[0.129738721327196,51.4296682555609],[0.129749171070663,51.429892895251],[0.129389818382633,51.4298994246755],[0.129379370381123,51.4296747849617],[0.129020019300897,51.4296813132598],[0.128660668086541,51.4296878404551],[0.128301316738077,51.4296943665477],[0.128311759513704,51.4299190063323],[0.127952406289189,51.4299255313457],[0.127593052930609,51.4299320552564],[0.127603492356375,51.4301566950797],[0.12724413712176,51.4301632179112],[0.127233699437985,51.4299385780643],[0.127223261888262,51.4297139382089],[0.12686391000359,51.4297204598905],[0.126853474329866,51.429495820003],[0.126843038790166,51.4292711801071],[0.126483690255381,51.4292777006388],[0.126473256591609,51.4290530607107],[0.126113909664765,51.4290595801161],[0.126103477876878,51.4288349401561],[0.126093046222962,51.4286103001875],[0.125733702645929,51.4286168184431],[0.125723272867828,51.4283921784425],[0.125363930898725,51.4283986955718],[0.125353502996393,51.4281740555392],[0.125343075227979,51.4279494154981],[0.124983736608615,51.4279559314776],[0.124973310715901,51.4277312914045],[0.124613973704454,51.4277378062578],[0.124254636559166,51.4277443200085],[0.123895299280061,51.4277508326564],[0.123905719947417,51.4279754728001],[0.123546380792727,51.4279819843689],[0.12318704150426,51.427988494835],[0.123197458821818,51.4282131350171],[0.122838117657781,51.428219644404],[0.122848533367284,51.4284442846012],[0.122489190327673,51.4284507929089],[0.122499604429076,51.4286754331211],[0.122140259513885,51.4286819403495],[0.121780914465002,51.4286884464752],[0.121791325216368,51.4289130867259],[0.121431978291923,51.4289195917723],[0.121072631233826,51.4289260957161],[0.12106222396625,51.4287014554186],[0.120702878516425,51.4287079582362],[0.120692473124379,51.4284833179067],[0.120682067865963,51.4282586775688],[0.120322725766269,51.4282651792369],[0.120312322383313,51.4280405388671],[0.120301919133959,51.4278158984888],[0.119942580384338,51.4278223990073],[0.119932179010375,51.4275977585971],[0.119572841868998,51.4276042579895],[0.11956244237038,51.4273796175475],[0.119552043005313,51.4271549770969],[0.119192709213935,51.4271614753399],[0.119182311724142,51.4269368348575],[0.118822979540996,51.4269433319744],[0.118812583926436,51.4267186914601],[0.118453253351527,51.426725187451],[0.11844285961215,51.4265005469049],[0.118083530645483,51.4265070417697],[0.118073138781247,51.4262824011917],[0.11806274705046,51.4260577606053],[0.117703421433685,51.4260642543208],[0.117693031577969,51.4258396137025],[0.117333707569424,51.4258461062921],[0.117323319588732,51.425621465642],[0.116963997188423,51.4256279571056],[0.11695361194672,51.4254033159489],[0.116594291109238,51.4254098062981],[0.116234970138304,51.4254162955462],[0.116224589266165,51.4251916538663],[0.116214208527489,51.4249670121762],[0.115854890911009,51.4249735002209],[0.115865269905755,51.4251981419622],[0.11550595041194,51.4252046289573],[0.115146630784743,51.4252111148513],[0.115136255277865,51.4249864730076],[0.114776937338857,51.4249929579018],[0.114417619288815,51.4249994417329],[0.11440724733165,51.4247747998467],[0.114766563678548,51.4247683160314],[0.114756190149249,51.424543674153],[0.115115504664284,51.4245371892899],[0.115105129557576,51.4243125474159],[0.11546444220917,51.4243060617267],[0.115474819059743,51.4245307035495],[0.115834133321829,51.4245242167081],[0.116193447450517,51.4245177287658],[0.116183067112216,51.4242930870454],[0.116172686907369,51.424068445315],[0.116162306835974,51.4238438035744],[0.116521615599729,51.4238373146848],[0.116880924230048,51.4238308246943],[0.117240232726909,51.4238243336029],[0.117250618029743,51.4240489751898],[0.117261003466095,51.4242736167665],[0.117620315317115,51.4242671244717],[0.117630702630843,51.4244917659871],[0.117641090078116,51.4247164074923],[0.118000405283353,51.4247099139941],[0.118359720355055,51.4247034193948],[0.118370111423667,51.4249280607875],[0.118380502625876,51.4251527021701],[0.118390893961683,51.4253773435425],[0.118750214131569,51.4253708476885],[0.11876060785606,51.4255954887615],[0.119119929589302,51.4255889917849],[0.119479251189063,51.4255824937057],[0.119838572655321,51.4255759945239],[0.119828173839621,51.4253513535206],[0.119817775528081,51.4251267123533],[0.119807377350229,51.4249020711759],[0.119448061069007,51.4249085702302],[0.119437664768726,51.4246839289914],[0.119427268602107,51.4244592877425],[0.119416872569148,51.4242346464835],[0.119057561385892,51.424241144283],[0.119047167230408,51.4240165029626],[0.119036773208557,51.4237918616321],[0.118677465379323,51.4237983582281],[0.118667073234878,51.4235737168362],[0.118307767015853,51.42358021228],[0.118297376748769,51.4233555708268],[0.118286986615265,51.4231309293635],[0.117927683750189,51.4231374236038],[0.117917295493976,51.4229127820791],[0.117557994239097,51.4229192751673],[0.117547607860131,51.4226946335813],[0.117537221614691,51.4224699919851],[0.117177923713686,51.4224764838699],[0.117167539345424,51.4222518422124],[0.117157155110663,51.4220272005449],[0.116797860563473,51.4220336912263],[0.116787478205818,51.4218090494974],[0.116777095981637,51.4215844077584],[0.116766713890928,51.4213597660093],[0.117126003207364,51.4213532754815],[0.117115619506583,51.4211286337735],[0.117474906946026,51.4211221421962],[0.117834194251992,51.421115649518],[0.11819348142446,51.4211091557391],[0.118203870355845,51.4213337972933],[0.11821425942079,51.4215584388374],[0.118573549946821,51.4215519438551],[0.118563159138323,51.4213273023623],[0.118552768463407,51.4211026608593],[0.118912055368811,51.4210961648787],[0.118901663083969,51.420871523417],[0.118891270932728,51.4206468819452],[0.118880878915083,51.4204222404632],[0.119240160456478,51.4204157435357],[0.119599441864292,51.4204092455074],[0.11960983736885,51.4206338868868],[0.119969120386514,51.4206273877064],[0.120328403270549,51.4206208874252],[0.120318004279085,51.4203962461485],[0.120307605421307,51.4201716048617],[0.120297206697212,51.4199469635648],[0.120286808106798,51.4197223222577],[0.12064608388352,51.4197158210811],[0.120635683683426,51.4194911798153],[0.120625283617032,51.4192665385394],[0.120984555773398,51.4192600363646],[0.120994957583127,51.4194846775892],[0.121005359526578,51.4197093188037],[0.121364635035949,51.4197028154255],[0.1213750388565,51.4199274565786],[0.121385442810801,51.4201520977215],[0.121744721673234,51.4201455931399],[0.121755127504706,51.4203702342214],[0.121765533469954,51.4205948752928],[0.122124815685509,51.4205883695077],[0.122135223527998,51.4208130105177],[0.122494507353251,51.4208065035804],[0.1224840977673,51.4205818626219],[0.122843379715305,51.4205753546353],[0.123202661529503,51.4205688455479],[0.123561943209869,51.4205623353597],[0.123551528527442,51.4203376945452],[0.123910808330526,51.4203311833077],[0.123900392038582,51.4201065425344],[0.124259669964389,51.4201000302475],[0.124618947756301,51.4200935168599],[0.124608528111505,51.4198688761794],[0.124967804026125,51.4198623617424],[0.124957382771927,51.4196377211033],[0.124946961651701,51.419413080454],[0.124587689223768,51.4194195947882],[0.124577269980821,51.4191949540774],[0.124566850871819,51.4189703133565],[0.124556431896759,51.4187456726255],[0.124915699094832,51.4187391584456],[0.125274966158981,51.4187326431651],[0.125634233089181,51.4187261267838],[0.125644657294026,51.4189507673605],[0.125655081632881,51.4191754079271],[0.125665506105749,51.4194000484836],[0.125675930712632,51.41962468903],[0.125686355453532,51.4198493295663],[0.125696780328452,51.4200739700924],[0.125707205337394,51.4202986106085],[0.125717630480359,51.4205232511144],[0.125728055757351,51.4207478916103],[0.126087338243709,51.4207413736653],[0.12609776539819,51.4209660140995],[0.126457049493994,51.4209594950023],[0.126467478526009,51.421184135375],[0.126826764231253,51.4211776151255],[0.127186049802435,51.4211710937751],[0.127545335239531,51.421164571324],[0.127904620542521,51.4211580477721],[0.128263905711381,51.4211515231194],[0.128623190746087,51.4211449973659],[0.128633630373152,51.4213696374195],[0.128644070134432,51.421594277463],[0.128654510029929,51.4218189174965],[0.128664950059648,51.4220435575197],[0.129024241934264,51.4220370304594],[0.129034683841782,51.422261670421],[0.128675390223589,51.4222681975329],[0.128685830521755,51.422492837536],[0.128696270954149,51.422717477529],[0.129055568059564,51.422710950314],[0.129066010369833,51.4229355902453],[0.129076452814355,51.4231602301665],[0.129086895393134,51.4233848700776],[0.129097338106173,51.4236095099786],[0.129456642052081,51.4236029814566],[0.129467086643114,51.423827621296],[0.129826392198508,51.4238210916215],[0.12983683866758,51.4240457313992],[0.130196145832455,51.4240392005723],[0.130555452863036,51.4240326686446],[0.130545002906465,51.42380802897],[0.130534553084247,51.4235833892854],[0.130893856493042,51.4235768563599],[0.130883405061474,51.4233522167167],[0.131242706592234,51.4233456827419],[0.1312531597675,51.4235703223335],[0.131263613077164,51.423794961915],[0.130904308058983,51.4238014959929],[0.130914759759301,51.4240261356159],[0.130925211593998,51.4242507752288],[0.130935663563075,51.4244754148315],[0.130946115666536,51.4247000544241],[0.131305427659828,51.4246935201398],[0.131315881641508,51.4249181596707],[0.1313263357576,51.4251427991916],[0.131336790008103,51.4253674387022],[0.13169610709859,51.4253609031622],[0.131706563642596,51.4255855426827],[0.132065882824961,51.4255790062698],[0.132425201904791,51.4255724687729],[0.132414741957501,51.4253478293608],[0.132774059209973,51.4253412908215],[0.132784520850599,51.4255659301751],[0.132794983853953,51.4257905697204],[0.133154304402247,51.4257840299668],[0.13351362481647,51.4257774891126],[0.133872945096603,51.4257709471575],[0.133862476883665,51.4255463077775],[0.13422179529316,51.4255397647767],[0.134581113568521,51.4255332206752],[0.134940431709725,51.425526675473],[0.134950905132227,51.4257513146879],[0.134961378688943,51.4259759538924],[0.134971852379876,51.4262005930866],[0.135331175596519,51.4261940466184],[0.135341651158254,51.4264186857472],[0.135352126854234,51.4266433248657],[0.135711453409854,51.4266367771865],[0.13607077983124,51.4266302284064],[0.136430106118368,51.4266236785256],[0.136789432271217,51.426617127544],[0.136778949628834,51.426392488646],[0.136768467120786,51.4261678497376],[0.137127789666164,51.4261612977655],[0.137117305555896,51.4259366589019],[0.137476626230407,51.4259301058842],[0.137835946770578,51.4259235517657],[0.137825459321612,51.4256989130021],[0.1381847779909,51.425692357838],[0.138174289314696,51.4254677191632],[0.138163801892781,51.4252430806098],[0.137804486654126,51.4252496356643],[0.137794001104216,51.4250249970505],[0.137783515688756,51.4248003584267],[0.137773030407745,51.4245757197928],[0.13741372024721,51.4245822735954],[0.137403236838109,51.4243576349012],[0.137043928280661,51.4243641875526],[0.137054409952293,51.4245888262971],[0.136695099523017,51.4245953778978],[0.136684619588854,51.424370739103],[0.136674139789068,51.4241461002982],[0.136663660123653,51.4239214614833],[0.13630435477239,51.4239280118321],[0.135945049286818,51.42393456108],[0.135585743666961,51.423941109227],[0.135596218120086,51.4241657481926],[0.135236910628532,51.4241722952888],[0.134877603002734,51.4241788412841],[0.134518295242716,51.4241853861783],[0.1345078260019,51.4239607470619],[0.134497356895321,51.4237361079355],[0.134138052475964,51.4237426516283],[0.133778747922436,51.4237491942202],[0.133768282424886,51.4235245549833],[0.133757817061522,51.4232999157364],[0.134117118140276,51.4232933732449],[0.134476419084863,51.4232868296525],[0.134465950380979,51.423062190496],[0.134455481811322,51.4228375513294],[0.134096184341414,51.4228440948214],[0.133736886737345,51.4228506372124],[0.133726421776527,51.4226259979353],[0.134085717643289,51.4226194555945],[0.134075251079363,51.4223948163577],[0.133715956949887,51.4224013586483],[0.133356662686277,51.422407899838],[0.133346199731078,51.4221832604907],[0.133335736910029,51.4219586211333],[0.133325274223129,51.421733981766],[0.133314811670375,51.4215093423886],[0.133304349251764,51.4212847030011],[0.133663634829271,51.4212781620624],[0.133653170807649,51.4210535227152],[0.134012454513881,51.4210469807258],[0.134022920272655,51.4212716200229],[0.134382205581892,51.4212650768824],[0.134392673212023,51.4214897161193],[0.134403140976365,51.421714355346],[0.134762429625794,51.4217078110043],[0.134751960124261,51.4214831718277],[0.13474149075696,51.4212585326412],[0.134731021523893,51.4210338934445],[0.134720552425053,51.4208092542379],[0.13471008346044,51.4205846150212],[0.135069363289953,51.4205780698297],[0.135058892722488,51.4203534306533],[0.13541817068072,51.4203468844112],[0.135407698510448,51.4201222452749],[0.135766974597404,51.4201156979823],[0.136126250550113,51.4201091495888],[0.136115775040053,51.419884510543],[0.135756500824369,51.4198910588862],[0.13574602718562,51.4196664197801],[0.135386754572696,51.4196729669722],[0.13539722647444,51.4198976061286],[0.13503795199029,51.4199041522702],[0.135027481825553,51.4196795130636],[0.135017011795052,51.4194548738469],[0.135006541898789,51.4192302346203],[0.134647272491398,51.4192367795103],[0.134288002949837,51.4192433232996],[0.133928733274128,51.4192498659881],[0.133939197959493,51.4194745053655],[0.133579926412687,51.4194810470034],[0.133220654731776,51.4194875875405],[0.132861382916781,51.4194941269768],[0.132871842525328,51.4197187664947],[0.132512568839272,51.4197253048804],[0.132502110967727,51.4195006653123],[0.132491653230259,51.4192760257343],[0.132132382884146,51.4192825629188],[0.132121927017713,51.4190579232805],[0.132111471285331,51.4188332836322],[0.132470738157551,51.418826746548],[0.13283000489574,51.418820208363],[0.132819545823583,51.418595568805],[0.13317881069081,51.4185890295694],[0.133538075423962,51.4185824892331],[0.133897340023019,51.418575947796],[0.134256604487956,51.4185694052581],[0.134246138602362,51.4183447658908],[0.134235672850947,51.4181201265136],[0.133876411859745,51.418126668951],[0.133865947979339,51.4179020295135],[0.133855484233088,51.4176773900659],[0.133845020620985,51.4174527506083],[0.133834557143029,51.4172281111407],[0.133475302964922,51.4172346522766],[0.133464842330605,51.4170100126391],[0.133454382063926,51.4167853729654],[0.133095131242099,51.4167919129016],[0.133084672877173,51.4165672731661],[0.133074214648046,51.4163426334205],[0.133063756554715,51.4161179936647],[0.132704510894864,51.4161245323454],[0.132345265099287,51.4161310699255],[0.13198601916801,51.4161376064049],[0.131996471963673,51.4163622463156],[0.131637224396392,51.4163687818668],[0.131277977486237,51.4163753166769],[0.1309187304362,51.4163818503828],[0.130929177876979,51.4166064902839],[0.130569928848248,51.416613022874],[0.130559483246301,51.4163883829843],[0.130200235916566,51.4163949144816],[0.130189792293315,51.416170274597],[0.129830546662582,51.4161768050016],[0.129471300892064,51.4161833343018],[0.129460861086255,51.4159586944339],[0.129450421420253,51.4157340545595],[0.129809663513209,51.4157275252361],[0.130168905466384,51.4157209948086],[0.130528147279754,51.4157144632768],[0.130517702237327,51.4154898233614],[0.130876942072128,51.4154832907138],[0.131236181767079,51.415476756962],[0.131595421322156,51.415470222106],[0.131954661595364,51.4154636866124],[0.131944209342587,51.4152390466613],[0.132303448210525,51.4152325103883],[0.13266268694277,51.4152259730147],[0.133021925539299,51.4152194345406],[0.133011468124912,51.4149947947343],[0.133001010846306,51.4147701549179],[0.132990553703479,51.4145455150913],[0.132631320404202,51.4145520534105],[0.132272086969216,51.4145585906292],[0.131912853398545,51.4145651267473],[0.131902401688618,51.4143404867558],[0.131543170628092,51.4143470222601],[0.131532720909086,51.4141223822716],[0.131522271330011,51.4138977422767],[0.131163044645416,51.4139042772131],[0.131152597044814,51.4136796372232],[0.131142149584115,51.4134549972268],[0.130782926436737,51.413461531082],[0.130793372058911,51.4136861710669],[0.130434146933177,51.4136927038064],[0.130444590856679,51.4139173437733],[0.130085363752583,51.4139238753972],[0.130074921667636,51.4136992354418],[0.12971569626231,51.413705765973],[0.129356470717226,51.4137122954],[0.128997245032405,51.4137188237229],[0.128638019207873,51.4137253509416],[0.128648453938583,51.4139499908509],[0.128289226135797,51.4139565169539],[0.127929998193344,51.4139630419527],[0.12757077011125,51.4139695658473],[0.127211541889536,51.4139760886378],[0.126852313528227,51.4139826103241],[0.126493085027347,51.4139891309062],[0.126133856386921,51.4139956503841],[0.126123434526222,51.4137710105559],[0.126113012805095,51.4135463707212],[0.12610259122354,51.41332173088],[0.126092169781554,51.4130970910325],[0.126081748479133,51.4128724511784],[0.125722528891861,51.4128789696103],[0.12571210956747,51.4126543297614],[0.125352891679178,51.4126608471007],[0.125342474332767,51.4124362072571],[0.125701690382615,51.4124296899061],[0.125691271337297,51.4122050500444],[0.125680852431511,51.4119804101762],[0.125321640058481,51.4119869275504],[0.1253112231306,51.4117622876874],[0.125670433665256,51.4117557703016],[0.126029644060437,51.4117492518117],[0.126019223595363,51.411524611919],[0.126378432012699,51.4115180923135],[0.126368009848852,51.4112934524028],[0.126727216288348,51.4112869316815],[0.126716792425775,51.4110622917528],[0.127075996887436,51.4110557699159],[0.127065571326184,51.4108311299691],[0.127424773810013,51.4108246070166],[0.127414346550129,51.4105999670518],[0.12777354705613,51.4105934429836],[0.127763118097661,51.4103688030008],[0.127752689278848,51.4101441630116],[0.12739349244926,51.4101506871029],[0.127034295480094,51.4101572100901],[0.126675098371374,51.4101637319734],[0.126685521675595,51.4103883719279],[0.126695945119401,51.410613011876],[0.126336744194722,51.410619532632],[0.126326322589142,51.4103948926955],[0.125967123363181,51.4104014123591],[0.125607923997735,51.4104079309186],[0.125248724492827,51.4104144483741],[0.125238308541429,51.4101898084661],[0.124879110735297,51.4101963248292],[0.124868696761575,51.4099716849263],[0.124509500654221,51.409978200197],[0.124519912789753,51.4102028400883],[0.124160714704822,51.4102093542433],[0.123801516480529,51.4102158672944],[0.123811925079065,51.4104405071559],[0.123452724877211,51.4104470190913],[0.123093524536039,51.4104535299226],[0.122734324055572,51.4104600396499],[0.122744727278763,51.4106846794699],[0.122755130641283,51.4109093192836],[0.122765534143134,51.4111339590907],[0.122406328008571,51.4111404676789],[0.122047121734755,51.4111469751631],[0.121687915321708,51.4111534815431],[0.121328708769457,51.4111599868191],[0.121339105057336,51.4113846265731],[0.12097989652757,51.4113911307333],[0.120620687858644,51.4113976337894],[0.120631080609052,51.4116222735135],[0.120990291116336,51.411615770469],[0.121000685844323,51.4118404101983],[0.120641473498657,51.411846913231],[0.120282261013851,51.4118534151596],[0.120271869962629,51.4116287754538],[0.119912659177092,51.4116352762901],[0.119553448252462,51.4116417760223],[0.119563835626909,51.4118664157046],[0.119923048389927,51.4118599159842],[0.119933437741915,51.4120845556718],[0.119943827233058,51.412309195353],[0.119954216863358,51.4125338350277],[0.120313435002582,51.4125273342385],[0.120323826610523,51.4127519739185],[0.120334218357649,51.4129766135921],[0.120344610243963,51.4132012532593],[0.120703833759567,51.4131947514012],[0.120714227623619,51.4134193910736],[0.120724621626889,51.4136440307397],[0.12108384868045,51.4136375278009],[0.121443075594827,51.4136310237579],[0.121453473414499,51.413855663441],[0.121094244661532,51.4138621674722],[0.120735015769377,51.4138686703993],[0.12037578673806,51.4138751722222],[0.120365394434166,51.4136505325743],[0.120006167102308,51.4136570333048],[0.120016557567604,51.4138816729409],[0.120026948172074,51.4141063125705],[0.120037338915721,51.4143309521937],[0.120047729798546,51.4145555918105],[0.120058120820553,51.4147802314208],[0.119698884156348,51.4147867309883],[0.119688494973034,51.4145620913898],[0.119678105928879,51.4143374517848],[0.119318872802941,51.4143439502717],[0.119308485736591,51.414119310672],[0.118949254310233,51.4141258080664],[0.11893886922164,51.4139011684721],[0.118579639494866,51.4139076647742],[0.118569256383985,51.4136830251852],[0.118928484272151,51.4136765288713],[0.118918099461763,51.4134518892641],[0.11855887341218,51.4134583855898],[0.118199647223583,51.4134648808113],[0.117840420895993,51.4134713749286],[0.117481194429437,51.4134778679418],[0.117470817112404,51.4132532283754],[0.117111592345474,51.4132597202963],[0.117121967823939,51.4134843598509],[0.117132343441384,51.4137089993991],[0.117142719197814,51.4139336389408],[0.117153095093232,51.4141582784761],[0.116793862832956,51.4141647692455],[0.116804237028695,51.4143894087625],[0.116445002790849,51.4143958984159],[0.116434630433777,51.4141712589107],[0.116424258215647,51.4139466193991],[0.116065027516238,51.413953107972],[0.115705796677976,51.4139595954408],[0.115716165218808,51.4141842349287],[0.115726533898536,51.4144088744102],[0.115736902717161,51.4146335138852],[0.115377666224043,51.4146400002141],[0.115367299244117,51.414415360751],[0.115356932403065,51.4141907212814],[0.114997698573752,51.4141972068655],[0.115008063756317,51.4144218462645],[0.114648824249645,51.4144283322227],[0.114289584619505,51.4144348170749],[0.113930344865918,51.414441300821],[0.113571104988903,51.4144477834609],[0.11356074610285,51.4142231442417],[0.113550387340263,51.413998505018],[0.113191150488087,51.4140049866418],[0.113180793423056,51.4137803474585],[0.113540028701141,51.4137738657897],[0.113529670185482,51.4135492265569],[0.113888903766098,51.4135427437371],[0.113878543799852,51.4133181044549],[0.113519311793283,51.4133245873196],[0.113160079663317,51.4133310690783],[0.113149722968604,51.4131064298814],[0.113508953524542,51.4130999480777],[0.113498595379256,51.4128753088313],[0.113139366397327,51.41288179068],[0.112780137292024,51.4128882714226],[0.112790492289292,51.413112910579],[0.112800847409973,51.413337549731],[0.112441615033272,51.4133440292776],[0.112451968703317,51.41356866838],[0.112092734629222,51.4135751467755],[0.112082382533234,51.4133505077181],[0.111723149909877,51.4133569850527],[0.111733500431808,51.4135816240651],[0.111374266111094,51.4135881002485],[0.111384615182301,51.4138127392114],[0.111025379164224,51.4138192142438],[0.111015031667101,51.4135945753259],[0.110655797099848,51.4136010492973],[0.110296562409355,51.4136075221626],[0.109937327595643,51.4136139939218],[0.109947670370505,51.4138386327046],[0.109588433859501,51.4138451033127],[0.109229197225317,51.4138515728148],[0.10886996046797,51.4138580412108],[0.108880298643743,51.4140826798538],[0.108521060189137,51.4140891470987],[0.108161821611407,51.4140956132375],[0.107802582910572,51.4141020782702],[0.107812916487115,51.4143267167734],[0.107453676089052,51.414333180655],[0.107094435567922,51.4143396434305],[0.107104766119264,51.4145642818389],[0.107464008214561,51.4145578191086],[0.107823250186791,51.4145513552721],[0.1078335840096,51.4147759937662],[0.108192827432926,51.4147695288688],[0.108203162953077,51.4149941674035],[0.108562407827498,51.414987701445],[0.108921652578786,51.4149812343805],[0.108911313910229,51.4147565957556],[0.109270556964165,51.4147501275399],[0.109629799894932,51.4147436582181],[0.109989042702508,51.4147371877902],[0.110348285386874,51.4147307162561],[0.11070752794801,51.414724243616],[0.110697181531779,51.4144996047614],[0.111056422395498,51.4144931309701],[0.111415663135948,51.4144866560728],[0.111426012700513,51.4147112950175],[0.111436362388425,51.4149359339577],[0.111446712199683,51.4151605728934],[0.111457062134291,51.4153852118245],[0.111816309048236,51.4153787360011],[0.111826660680444,51.4156033749727],[0.111837012436025,51.4158280139397],[0.111847364314983,51.4160526529022],[0.112206615828412,51.4160461761077],[0.112216969405058,51.4162708151107],[0.112576222369452,51.4162643372551],[0.1125658672185,51.4160396982071],[0.112925118485225,51.4160332192003],[0.113284369628568,51.4160267390874],[0.113643620648508,51.4160202578683],[0.114002871545026,51.416013775543],[0.114362122318102,51.4160072921116],[0.114372485340557,51.4162319313845],[0.114382848486538,51.4164565706528],[0.114742102284761,51.4164500862051],[0.114752467128607,51.4166747255138],[0.114762832096005,51.416899364818],[0.11512208864165,51.4168928795972],[0.115132455310385,51.4171175189776],[0.114773197186958,51.4171240041176],[0.114413938665663,51.4171304884304],[0.114424306371794,51.4173551297935],[0.114065046216194,51.4173616130849],[0.113705785929716,51.4173680952737],[0.113716151863034,51.4175927374414],[0.11335688974328,51.4175992185433],[0.113367254105054,51.4178238607188],[0.113007990152022,51.4178303407339],[0.112648726068171,51.4178368196461],[0.11263836511128,51.4176121774389],[0.112279102599078,51.4176186552327],[0.111919839956104,51.4176251319237],[0.111560577182379,51.417631607512],[0.111570933031926,51.4178562497667],[0.111581289012237,51.4180808920133],[0.111591645123315,51.4183055342518],[0.111950913004457,51.4182990586161],[0.111961270948819,51.4185237008308],[0.111971629023974,51.4187483430375],[0.111981987229925,51.4189729852361],[0.111622714241169,51.4189794609192],[0.111633070875334,51.4192041031256],[0.11127379605325,51.4192105777218],[0.110914521100445,51.4192170512152],[0.110904167871451,51.4189924089772],[0.11126344112167,51.4189859354996],[0.111253086320842,51.4187612932694],[0.110893814773189,51.4187677667312],[0.110883461805656,51.4185431244772],[0.110524191829852,51.4185495968204],[0.110513840695568,51.4183249545425],[0.110154572291616,51.4183314257673],[0.110164921723375,51.4185560680609],[0.109805651486249,51.4185625381987],[0.109446381118495,51.4185690072337],[0.109456727275834,51.4187936495508],[0.109097455074919,51.4188001174988],[0.109107799660323,51.4190247598236],[0.108748525626243,51.4190312266846],[0.108758868639667,51.4192558690171],[0.10876921178369,51.4194805113416],[0.108409934213816,51.4194869771312],[0.108399592772417,51.419262334791],[0.108389251461597,51.4190376924428],[0.108378910281352,51.4188130500865],[0.108019637688742,51.4188195147262],[0.107660364965612,51.4188259782631],[0.107670702740689,51.4190506206508],[0.107311428184474,51.4190570831007],[0.107321764387473,51.419281725496],[0.106962487998165,51.4192881868588],[0.106952153497776,51.4190635444477],[0.106941819127876,51.4188389020286],[0.106931484888461,51.4186142596015],[0.106921150779527,51.4183896171662],[0.106910816801074,51.418164974723],[0.106551548794154,51.4181714349046],[0.106541216648683,51.4179467924376],[0.106900482953101,51.4179403322717],[0.106890149235602,51.4177156898123],[0.106879815648579,51.417491047345],[0.1065205527491,51.4174975074795],[0.106530884633666,51.4177221499626],[0.106171619901307,51.41772860901],[0.105812355038547,51.4177350669548],[0.105453090045409,51.4177415237968],[0.105442763268232,51.4175168812667],[0.105432436621439,51.4172922387286],[0.105073174902857,51.4172986944366],[0.105062851249632,51.4170740542063],[0.104703590976032,51.4170805086971],[0.104693270091405,51.4168558706547],[0.104334011269288,51.4168623240845],[0.103974752324264,51.4168687764082],[0.103985070060061,51.4170934143601],[0.103625809417728,51.4170998655323],[0.103266548652527,51.4171063155984],[0.103276864355424,51.4173309564359],[0.102917601855186,51.4173374055276],[0.102927916584816,51.4175620481751],[0.102568652251918,51.4175684961797],[0.102578965409292,51.4177931388347],[0.102219699243729,51.4177995857522],[0.101860432948006,51.4178060315669],[0.101501166522145,51.4178124762789],[0.101511474702199,51.4180371189726],[0.101521783012398,51.4182617616582],[0.101162513051369,51.4182682052986],[0.101172819789156,51.4184928479917],[0.100813547995469,51.4184992905449],[0.100823853160798,51.4187239332455],[0.100464579534448,51.4187303747115],[0.100105305778038,51.4187368150746],[0.099746031891591,51.418743254335],[0.099756332079199,51.4189678970742],[0.0993970563601225,51.4189743352473],[0.0990377805110497,51.4189807723177],[0.0990274837286709,51.4187561295475],[0.0990171870762872,51.4185314867693],[0.0990068905538976,51.4183068439831],[0.0986476196826376,51.4183132799042],[0.0986579145024545,51.4185379227059],[0.0982986399922754,51.4185443586093],[0.098308933457528,51.4187690012885],[0.098319227045787,51.4189936439639],[0.0979599444874928,51.4190000814601],[0.0979702366171627,51.419224724072],[0.0976109523543023,51.4192311604012],[0.0976006618062329,51.4190065178492],[0.0972413790020266,51.4190129531312],[0.0972516679684933,51.4192375956233],[0.0968923834597565,51.4192440297383],[0.0969026709675465,51.4194686721668],[0.0965433847542736,51.4194751051148],[0.0965536708033439,51.4196997474797],[0.0961943828855305,51.4197061792607],[0.0958350948448456,51.4197126099346],[0.0958453778534814,51.4199372521759],[0.095486088108269,51.4199436816828],[0.0954963696580779,51.4201683238605],[0.0958556609849863,51.4201618944136],[0.095865944239365,51.4203865366475],[0.095506651330738,51.4203929660345],[0.0955169331262524,51.4206176082048],[0.0955272150446223,51.4208422503714],[0.0951679188496555,51.4208486785313],[0.0948086225318673,51.4208551055841],[0.0948189014095282,51.4210797476271],[0.0944596033871504,51.4210861735128],[0.094449326091277,51.4208615315297],[0.0940900295279054,51.4208679563682],[0.0941003052419904,51.4210925982913],[0.0937410069740665,51.4210990219626],[0.0933817085833989,51.4211054445268],[0.0933919812566345,51.4213300863261],[0.0930326811614282,51.4213365077232],[0.0930429523755619,51.4215611494588],[0.0934022540526058,51.4215547281218],[0.0934125269713147,51.4217793699137],[0.0930532237124131,51.4217857911908],[0.0930634951719839,51.422010432919],[0.0930737667542761,51.4222350746435],[0.0930840384592915,51.4224597163642],[0.0927247303319756,51.4224661363541],[0.092735000577772,51.4226907780111],[0.0923756907458145,51.4226971968337],[0.0923654220819632,51.4224725552367],[0.0920061137092762,51.4224789730121],[0.0919958467500362,51.4222543314713]]],[[[0.156252793039837,51.5038255052448],[0.155892862398964,51.5038321162083],[0.155532931616165,51.5038387260662],[0.155543539392337,51.5040633573215],[0.155183606624423,51.5040699660995],[0.154823673714629,51.5040765737719],[0.154463740662979,51.5040831803387],[0.154474343051349,51.5043078116623],[0.154114408014622,51.5043144171491],[0.153754472836085,51.5043210215304],[0.153743874134208,51.5040963901558],[0.153383940657135,51.504102993406],[0.153024007038302,51.5041095955506],[0.152664073277734,51.5041161965897],[0.152304139375453,51.5041227965232],[0.151944205331485,51.5041293953511],[0.151584271145852,51.5041359930735],[0.151224336818579,51.5041425896903],[0.151234922617653,51.5043672212436],[0.150874986305497,51.5043738167804],[0.150885570402917,51.5045984483506],[0.150896154641954,51.5048230799122],[0.150906739022612,51.5050477114653],[0.151266680864711,51.5050411158521],[0.151277267230352,51.5052657473711],[0.151287853737639,51.5054903788816],[0.151298440386578,51.5057150103834],[0.151309027177168,51.5059396418768],[0.151319614109415,51.5061642733615],[0.151330201183319,51.5063889048377],[0.151690153944302,51.5063823079659],[0.151679565026921,51.5061576765152],[0.152039515802764,51.5061510785632],[0.152399466436923,51.5061444795057],[0.15241005904125,51.5063691109053],[0.152770011377168,51.5063625107165],[0.153129963571349,51.5063559094221],[0.153489915623771,51.5063493070221],[0.153479317489041,51.506124675699],[0.153839267556215,51.5061180722189],[0.154199217481583,51.5061114676331],[0.154559167265122,51.5061048619417],[0.154919116906807,51.5060982551446],[0.155279066406614,51.5060916472419],[0.155268459196513,51.5058670160382],[0.154908511540135,51.5058736239153],[0.154548563741882,51.5058802306868],[0.154188615801777,51.5058868363526],[0.153828667719845,51.5058934409128],[0.153818068025295,51.5056688095982],[0.154178014263814,51.5056622050636],[0.154537960360508,51.5056555994233],[0.154897906315354,51.5056489926774],[0.155257852128326,51.5056423848258],[0.155617797799402,51.5056357758687],[0.155977743328556,51.5056291658059],[0.156337688715767,51.5056225546376],[0.156697633961008,51.5056159423636],[0.15668701966123,51.5053913112451],[0.156676405503457,51.5051666801181],[0.156316463944936,51.5051732923408],[0.156305851772489,51.5049486611796],[0.156295239742017,51.5047240300098],[0.156284627853519,51.5044993988314],[0.156274016106991,51.5042747676444],[0.15626340450243,51.5040501364489],[0.156252793039837,51.5038255052448]]],[[[0.15886792795188,51.5058008764577],[0.158878553596138,51.5060255074051],[0.158518605516427,51.5060321263641],[0.158158657294597,51.5060387442175],[0.157798708930675,51.5060453609653],[0.157809329186793,51.5062699919811],[0.158169279394149,51.5062633752077],[0.158529229459409,51.5062567573287],[0.158889179382549,51.5062501383439],[0.159249129163546,51.5062435182536],[0.159238501533709,51.5060188873405],[0.159598449329114,51.5060122661702],[0.15995839698233,51.5060056438943],[0.160318344493333,51.5059990205127],[0.160307711475482,51.5057743896681],[0.159947765807874,51.5057810130239],[0.159587819998054,51.5057876352742],[0.159227874046049,51.5057942564187],[0.15886792795188,51.5058008764577]]],[[[0.183643665791156,51.4815103410974],[0.183654405579447,51.4817349669491],[0.183665145514409,51.4819595927969],[0.183675885596044,51.4821842186409],[0.183686625824354,51.4824088444809],[0.184046389716137,51.4824021437392],[0.184406153461221,51.4823954418881],[0.184416897620899,51.4826200678286],[0.184776663111601,51.4826133649203],[0.184765917059583,51.4823887389277],[0.185125680511197,51.4823820348579],[0.18548544381604,51.4823753296788],[0.185474694126146,51.482150703578],[0.185114932713615,51.4821574088092],[0.184755171154315,51.4821641129311],[0.18439540944827,51.4821708159437],[0.184035647595504,51.482177517847],[0.184024905621571,51.4819528919508],[0.184014163794337,51.4817282660508],[0.184003422113795,51.4815036401469],[0.183643665791156,51.4815103410974]]],[[[0.199416797498697,51.4576092964605],[0.199427590643085,51.4578339249449],[0.199438383929634,51.458058553398],[0.199449177358347,51.4582831818199],[0.19980874472072,51.4582764350555],[0.200168311940982,51.4582696872101],[0.200527879019109,51.4582629382836],[0.200887445955078,51.4582561882761],[0.201247012748865,51.4582494371875],[0.20123621031844,51.4580248107796],[0.201595775169688,51.4580180590128],[0.201955339878712,51.4580113061649],[0.202314904445486,51.458004552236],[0.202674468869988,51.4579977972262],[0.203034033152195,51.4579910411353],[0.203023221862512,51.4577664167103],[0.203012410715221,51.4575417922541],[0.20300159971032,51.4573171677666],[0.202990788847807,51.4570925432479],[0.202979978127677,51.4568679186978],[0.20262042284675,51.4568746727744],[0.20260961406919,51.4566500477903],[0.202598805433987,51.4564254227748],[0.202587996941138,51.4562007977281],[0.202228446918426,51.4562075495153],[0.202239253611133,51.4564321749648],[0.201879701646023,51.4564389260739],[0.201520149538682,51.456445676102],[0.20150934644627,51.4562210498468],[0.201498543496139,51.4559964235604],[0.201858092003208,51.4559896743379],[0.202217640368049,51.4559829240345],[0.202206833959998,51.4557582985224],[0.202566380382493,51.4557515475409],[0.202555572316692,51.4555269224003],[0.202915116796845,51.4555201707407],[0.202925926662717,51.4557447954784],[0.203285472800647,51.455738042335],[0.203645018796259,51.4557312881107],[0.203655832404682,51.4559559120114],[0.204015380058041,51.4559491563034],[0.204004564649531,51.4557245328054],[0.20399374938346,51.4554999092762],[0.203634205330251,51.4555066641786],[0.203623392006659,51.4552820402153],[0.203263849611156,51.4552887936339],[0.203253038229994,51.4550641692365],[0.203242226991218,51.4548395448077],[0.203231415894827,51.4546149203477],[0.203220604940816,51.4543902958564],[0.203209794129183,51.4541656713339],[0.202850260591249,51.4541724216576],[0.202490726911036,51.4541791709004],[0.202501534122807,51.4544037962286],[0.20251234147691,51.4546284215254],[0.202152804054552,51.454635170493],[0.202163609751008,51.4548597961614],[0.20180407038643,51.4548665444508],[0.201814874425194,51.4550911704908],[0.201825678606251,51.4553157964995],[0.201466135499418,51.4553225445136],[0.201476938022716,51.4555471708938],[0.201117392973629,51.4555539182297],[0.201128193839121,51.4557785449814],[0.201138994846868,51.4560031717019],[0.200779446055416,51.4560099187625],[0.20079024540529,51.4562345458545],[0.2008010448974,51.4564591729152],[0.200441492363504,51.4564659197004],[0.200452290197675,51.4566905471327],[0.200463088174063,51.4569151745337],[0.200473886292672,51.4571398019035],[0.200114328216027,51.457146548816],[0.200125124676608,51.4573711765573],[0.199765564657588,51.4573779227916],[0.199776359460097,51.4576025509045],[0.199416797498697,51.4576092964605]]],[[[0.174421690414188,51.4466091318088],[0.174062210357822,51.4466157989646],[0.173702730165587,51.4466224650195],[0.173692056934943,51.4463978396445],[0.173332578329712,51.4464045045332],[0.173321906957769,51.4461798790821],[0.172962429939549,51.4461865428047],[0.17260295278553,51.4461932054264],[0.172592284995055,51.4459685798339],[0.172581617340379,51.4457439542305],[0.172222143496192,51.4457506156209],[0.172211477700082,51.4455259899414],[0.171852005442917,51.4455326501657],[0.171492533050028,51.4455393092892],[0.171503195400589,51.4457639350991],[0.17151385788688,51.4459885608981],[0.17115438191271,51.445995219051],[0.17116504281191,51.4462198449042],[0.171175703846821,51.4464444707466],[0.171535183266657,51.4464378124633],[0.171894662550782,51.4464311530791],[0.172254141699172,51.446424492594],[0.17226480803839,51.4466491182298],[0.172624288773883,51.4466424565786],[0.172983769373595,51.4466357938265],[0.172994439294359,51.446860419321],[0.173353921481145,51.4468537554027],[0.173713403532103,51.4468470903836],[0.173724077034494,51.4470717157367],[0.174083560672499,51.4470650495514],[0.174443044174628,51.4470583822651],[0.174432367226449,51.4468337570424],[0.174421690414188,51.4466091318088]]],[[[0.15306441834579,51.4362117460942],[0.153053850702002,51.4359871143007],[0.153043283193208,51.4357624824983],[0.153032715819406,51.4355378506871],[0.152673323824884,51.4355444519353],[0.152662758316183,51.4353198200854],[0.152303367916835,51.4353264202011],[0.15229280427319,51.4351017883125],[0.152282240764485,51.434877156415],[0.152641627703672,51.4348705563591],[0.153001014507925,51.4348639552006],[0.153360401177222,51.4348573529395],[0.153370969876128,51.4350819847473],[0.153730358140506,51.4350753813537],[0.153719787711539,51.4348507495759],[0.153709217417598,51.4346261177891],[0.15334983261332,51.4346327211229],[0.152990447674067,51.4346393233541],[0.152979880975188,51.4344146914987],[0.152620497631002,51.4344212925975],[0.152261114151885,51.4344278925937],[0.152250551047986,51.4342032606698],[0.1526099327971,51.4341966607034],[0.152599368098153,51.4339720288005],[0.152239988079018,51.433978628737],[0.15188060792498,51.433985227571],[0.151891169163967,51.4342098595336],[0.151531787145064,51.4342164572949],[0.1511724049913,51.4342230539536],[0.151182962905181,51.434447685967],[0.151193520953926,51.4346723179717],[0.151552906567728,51.4346657212533],[0.151563466481396,51.4348903532192],[0.151204079137539,51.4348969499675],[0.150844691658836,51.4349035456131],[0.150855248247242,51.4351281776299],[0.151214637456023,51.4351215819544],[0.151225195909379,51.4353462139326],[0.15158458671341,51.4353396171246],[0.151595147031763,51.4355642490641],[0.151954539431041,51.4355576511237],[0.151965101614434,51.4357822830245],[0.151975663932752,51.4360069149165],[0.152335059657433,51.4360003158138],[0.152345623840861,51.4362249476671],[0.152705021160799,51.436218347432],[0.15306441834579,51.4362117460942]]],[[[0.122135223527998,51.4208130105177],[0.12177593956898,51.4208195163541],[0.121786345801787,51.4210441574053],[0.121427059965539,51.4210506621922],[0.121416655476219,51.4208260210897],[0.121057371249738,51.4208325247246],[0.120698086889558,51.4208390272586],[0.120708487891895,51.4210636684638],[0.120718889027947,51.4212883096589],[0.120729290297717,51.4215129508439],[0.120739691701206,51.4217375920189],[0.12109898303549,51.4217310892794],[0.121458274236066,51.4217245854392],[0.121817565302914,51.4217180804982],[0.122176856236009,51.4217115744563],[0.122166447858293,51.4214869334868],[0.122525736914062,51.4214804263955],[0.122515326926629,51.4212557854672],[0.122504917073025,51.4210311445289],[0.12214563150429,51.4210376515175],[0.122135223527998,51.4208130105177]]],[[[0.113498595379256,51.4128753088313],[0.113857824237792,51.4128688258767],[0.113868183957083,51.413093465168],[0.11422741426621,51.4130869811523],[0.114586644451901,51.4130804960305],[0.114576281584605,51.4128558566493],[0.11493551007284,51.4128493703765],[0.114925145755082,51.4126247309458],[0.114565918840825,51.4126312172635],[0.114206691803117,51.4126377024751],[0.113847464641976,51.4126441865808],[0.113837105169633,51.4124195472803],[0.113477879459046,51.4124260303249],[0.113488237357425,51.4126506695804],[0.113498595379256,51.4128753088313]]],[[[0.196687667867761,51.4682268527792],[0.196698465137773,51.468451470275],[0.197058108630524,51.4684447302441],[0.197068907925374,51.4686693475959],[0.197079707366929,51.468893964933],[0.197439354469328,51.4688872235459],[0.197799001425005,51.4688804810608],[0.19778819822709,51.468655863982],[0.197777395175926,51.4684312468885],[0.197766592271512,51.4682066297802],[0.197755789513845,51.4679820126571],[0.197744986902923,51.4677573955192],[0.197385349337903,51.4677641373585],[0.197374548751782,51.4675395200767],[0.197014912918116,51.467546260689],[0.196655276937768,51.4675530002034],[0.196295640810764,51.4675597386199],[0.195936004537126,51.4675664759386],[0.195946797610982,51.4677910937369],[0.19595759083146,51.4680157115204],[0.195968384198563,51.4682403292892],[0.195979177712294,51.4684649470432],[0.195619533779614,51.4684716837805],[0.195630325561807,51.4686963016488],[0.195989971372655,51.4686895647825],[0.196349617036882,51.4686828268182],[0.196338821498355,51.4684582092081],[0.196328026106482,51.4682335915832],[0.19631723086126,51.4680089739435],[0.196676870744425,51.4680022352687],[0.197036510480927,51.467995495496],[0.197047309482375,51.4682201128774],[0.196687667867761,51.4682268527792]]],[[[0.172474948262025,51.4434976975958],[0.172834404743765,51.4434910357565],[0.172823736860174,51.4432664100982],[0.173183191483602,51.4432597472233],[0.173542645971238,51.4432530832477],[0.173531974778404,51.4430284577089],[0.173891427407712,51.4430217926976],[0.174250879901187,51.4430151265857],[0.174240205399204,51.4427905011664],[0.174229531033099,51.4425658757362],[0.173870081984583,51.4425725417177],[0.173510632800238,51.4425792065985],[0.173151183480087,51.4425858703785],[0.17316185267878,51.4428104960043],[0.172802401500371,51.4428171587488],[0.172442950186197,51.4428238203925],[0.172432284432456,51.4425991946362],[0.172072834705019,51.4426058551139],[0.172062170809499,51.4423812292815],[0.171702722668805,51.4423878885933],[0.171692060792699,51.4421632623762],[0.171332614201703,51.4421699205959],[0.17097316747261,51.4421765777176],[0.170613720605442,51.4421832337411],[0.170624377432656,51.4424078599242],[0.170635034438322,51.4426324860172],[0.170645691579641,51.4428571120993],[0.170656348856615,51.4430817381706],[0.170296895005808,51.4430883932747],[0.170307550695902,51.4433130194002],[0.170318206521632,51.4435376455147],[0.170677663817533,51.4435309902802],[0.170688321501483,51.4437556163187],[0.171047780384324,51.4437489599183],[0.171407239131503,51.443742302417],[0.171766697742997,51.4437356438149],[0.172126156218784,51.4437289841121],[0.172115491644535,51.4435043583343],[0.172474948262025,51.4434976975958]]],[[[0.166647010170176,51.4343876764052],[0.166636377388434,51.4341630459559],[0.166625744744464,51.4339384154931],[0.16698512775827,51.4339317745186],[0.166974495219106,51.4337071417574],[0.16696386367694,51.4334825077921],[0.166953232271159,51.4332578738139],[0.166942601001763,51.4330332398227],[0.166931969868748,51.4328086058186],[0.166921338872112,51.4325839718017],[0.166910708011854,51.4323593377718],[0.166900077287971,51.4321347037289],[0.16654070811738,51.4321413440143],[0.166530079268687,51.4319167098596],[0.166170711700612,51.4319233489477],[0.166160084727066,51.4316987146812],[0.166149457889843,51.4314740804018],[0.165790093663066,51.4314807181937],[0.165779468700919,51.4312560838025],[0.166138831188939,51.4312494461095],[0.166498193540686,51.4312428073182],[0.16648756523737,51.4310181731119],[0.166476937070391,51.4307935388926],[0.166117578196085,51.4308001774862],[0.166106951904129,51.4305755431551],[0.166096325748485,51.4303509088112],[0.165736970215263,51.4303575461086],[0.165377614545798,51.4303641823077],[0.165018259438411,51.4303708178128],[0.16465891011131,51.4303774556445],[0.164648291237995,51.4301528210581],[0.164637672500675,51.4299281864616],[0.164627053899347,51.429703551855],[0.16461643543401,51.4294789172381],[0.164257092910531,51.4294855537591],[0.16424647631602,51.4292609190797],[0.163887135391458,51.4292675544472],[0.163897750251128,51.4294921891789],[0.163538407455825,51.4294988234978],[0.163179064524643,51.4295054567156],[0.163189676050525,51.429730091542],[0.162830331248617,51.4297367237111],[0.162840941175507,51.4299613585797],[0.162481594502869,51.4299679897001],[0.162492202830722,51.4301926246109],[0.162132854287349,51.4301992546826],[0.16177350560818,51.4302058836533],[0.161762900750168,51.4299812486377],[0.161752296027967,51.429756613612],[0.161392950682849,51.4297632413769],[0.161403553670148,51.4299878764549],[0.16104420645438,51.4299945031711],[0.161054807842543,51.4302191382913],[0.161065409366476,51.4304437734013],[0.161424760052119,51.4304371465805],[0.161435363446796,51.4306617816281],[0.161445966977271,51.4308864166655],[0.161456570643546,51.4311110516927],[0.161097214752922,51.4311176786705],[0.160737858726561,51.4311243045472],[0.160378502564483,51.4311309293227],[0.160389101161438,51.4313555644968],[0.160029743128621,51.4313621882235],[0.159670384960131,51.4313688108492],[0.15965978983327,51.4311441755705],[0.159300433264179,51.4311507970427],[0.158941076559461,51.4311574174138],[0.158951668216221,51.431382052797],[0.158962260008626,51.4316066881701],[0.158972851936682,51.431831323533],[0.159332213846624,51.4318247030051],[0.159342807645451,51.4320493383056],[0.159702171154877,51.4320427166242],[0.159712766824521,51.4322673518622],[0.160072131933427,51.4322607290274],[0.16043149690665,51.4322541050914],[0.160442096182313,51.4324787402147],[0.160801462754986,51.4324721151253],[0.160812063901577,51.4326967501861],[0.161171432073696,51.4326901239431],[0.161182035091258,51.4329147589414],[0.161541404862819,51.432908131545],[0.161552009751397,51.4331327664808],[0.161911381122394,51.4331261379308],[0.162270752357589,51.4331195082796],[0.162630123456958,51.4331128775273],[0.162619513362738,51.4328882427485],[0.162978882591049,51.4328816109473],[0.162989494420478,51.4331062456737],[0.163348865248126,51.4330996127189],[0.163708235939882,51.433092978663],[0.164067606495723,51.4330863435059],[0.164056989460682,51.4328617089366],[0.164416358145384,51.4328550727307],[0.164405739511143,51.4326304382037],[0.164765106324713,51.4326238009491],[0.164775726694129,51.4328484354236],[0.164786347199568,51.433073069888],[0.164796967841032,51.4332977043423],[0.164807588618525,51.4335223387864],[0.16444821486412,51.4335289762507],[0.16443759582187,51.4333043417542],[0.164078223666745,51.4333109780649],[0.16371885137568,51.4333176132745],[0.163729466947438,51.4335422478758],[0.163740082655158,51.4337668824669],[0.16409945841674,51.4337602471526],[0.164458834042377,51.4337536107371],[0.164469454690192,51.4339782432914],[0.164480076612866,51.4342028741951],[0.164490698671237,51.4344275050899],[0.164501320865304,51.4346521359758],[0.164511943195073,51.434876766853],[0.164522565660543,51.4351013977212],[0.164533188261718,51.4353260285806],[0.164543810998601,51.4355506594312],[0.164184421603906,51.4355572959922],[0.164195042746415,51.4357819268641],[0.163835651485978,51.4357885623527],[0.163846271034069,51.4360131932459],[0.163486877907886,51.436019827662],[0.163127484646086,51.4360264609755],[0.163138100869578,51.4362510919201],[0.163497495861513,51.4362444585765],[0.16350811395079,51.4364690894821],[0.163518732175717,51.4366937203789],[0.163529350536298,51.4369183512669],[0.163169950353825,51.4369249847009],[0.162810550035747,51.4369316170323],[0.162821165071534,51.4371562479717],[0.162461762887646,51.4371628792305],[0.162451149582089,51.436938248261],[0.162091748992872,51.4369448783871],[0.162102360568198,51.4371695093867],[0.16174295811321,51.4371761384403],[0.161383555522705,51.4371827663912],[0.161024152796706,51.4371893932394],[0.161013546412089,51.4369647621496],[0.160654145280858,51.4369713878651],[0.160294744014179,51.436978012478],[0.159935342612075,51.4369846359883],[0.159924741553618,51.4367600047994],[0.159565341746337,51.4367666271769],[0.159554742553512,51.4365419959492],[0.159914140630591,51.4365353736017],[0.159903539842991,51.4363107423951],[0.159892939190815,51.4360861111797],[0.159882338674061,51.4358614799554],[0.159522945787456,51.4358681022128],[0.159163552765481,51.4358747233676],[0.159152955844376,51.4356500920745],[0.159142359058643,51.4354254607725],[0.15950174862041,51.4354188396778],[0.159491150239978,51.435194208397],[0.159480551994938,51.4349695771073],[0.159121165893289,51.434976198142],[0.159131762408282,51.4352008294616],[0.158772374441246,51.4352074494238],[0.158412986338891,51.4352140682833],[0.158423579529105,51.4354386996542],[0.158064189561378,51.4354453174412],[0.158074781156818,51.4356699488332],[0.158085372887563,51.4358945802164],[0.158095964753617,51.4361192115908],[0.157736569460242,51.4361258283652],[0.157747159731436,51.4363504597607],[0.157387762572628,51.4363570754624],[0.157028365278581,51.4363636900616],[0.157038952224675,51.4365883215082],[0.156679553065211,51.4365949350347],[0.156320153770548,51.4366015474586],[0.156330737391446,51.4368261789563],[0.155971336231382,51.4368327903075],[0.155981918257237,51.4370574218264],[0.155992500418277,51.4372820533364],[0.156003082714503,51.4375066848376],[0.156362489065378,51.4375000733965],[0.156373073227109,51.437724704859],[0.156732481173113,51.4377180922853],[0.156743067200394,51.4379427237089],[0.156753653362915,51.4381673551237],[0.157113064634399,51.4381607413874],[0.157123652662538,51.4383853727633],[0.15748306552916,51.4383787578944],[0.157842478260522,51.4383721419227],[0.157853069884722,51.4385967732298],[0.158212484211193,51.4385901561255],[0.158223077701123,51.4388147873938],[0.158582493622701,51.4388081691567],[0.158941909408947,51.4388015498169],[0.158952506495084,51.4390261810163],[0.158963103716607,51.4392508122069],[0.158973701073517,51.4394754433887],[0.15933312191577,51.4394688228561],[0.159343721138569,51.439693453999],[0.159703143575934,51.4396868323336],[0.159713744664667,51.4399114634376],[0.160073168697141,51.4399048406394],[0.160083771651852,51.4401294717046],[0.160443197279429,51.4401228477736],[0.160453802100163,51.4403474787998],[0.160813229322841,51.440340853736],[0.160823836009643,51.4405654847234],[0.160834442831958,51.4407901157019],[0.161193873380331,51.4407834894751],[0.161204482068784,51.4410081204147],[0.161215090892778,51.4412327513454],[0.161574524766903,51.4412261239557],[0.161585135457104,51.4414507548476],[0.161944570926354,51.4414441263249],[0.161955183482808,51.4416687571779],[0.162314620547181,51.4416621275223],[0.162325234969931,51.4418867583363],[0.162684673629422,51.4418801275478],[0.163044112153302,51.4418734956565],[0.163033494269149,51.4416488649028],[0.163392930926699,51.4416422319388],[0.16338231144753,51.4414176012063],[0.163741746238755,51.4414109671696],[0.164101180894308,51.4414043320301],[0.16409055808952,51.4411797013491],[0.164449990878733,51.441173065137],[0.164439366479043,51.4409484344773],[0.16479879740192,51.4409417971925],[0.164788171407374,51.4407171665541],[0.165147602421926,51.4407105283689],[0.16550703901366,51.4407038895864],[0.165496409426622,51.4404792590773],[0.16585584411733,51.4404726193067],[0.16584521290475,51.440247988894],[0.166204645694435,51.4402413481352],[0.166194012856358,51.4400167178188],[0.166553443745028,51.440010076072],[0.166912874495918,51.4400034332271],[0.167272305109008,51.4399967892842],[0.167631735584273,51.4399901442432],[0.167991165921694,51.4399834981042],[0.167980524405242,51.4397588683241],[0.167969883026687,51.4395342385304],[0.167959241786028,51.4393096087231],[0.167599816738222,51.4393162545321],[0.167589177398615,51.4390916246013],[0.167229753976131,51.4390982692024],[0.167219116537529,51.438873639148],[0.167208479236771,51.43864900908],[0.166849059202733,51.4386556523633],[0.166838423802909,51.4384310221718],[0.167197842073852,51.4384243789985],[0.167187205048771,51.4381997489034],[0.167176568161525,51.4379751187948],[0.167165931412112,51.4377504886726],[0.16715529480053,51.4375258585368],[0.166795883581743,51.4375325012702],[0.166785248870971,51.4373078710109],[0.167144658326776,51.4373012283874],[0.167134021990849,51.4370765982245],[0.167123385792745,51.436851968048],[0.166763979862835,51.4368586104516],[0.166753345565466,51.4366339801516],[0.166742711405893,51.436409349838],[0.166732077384114,51.4361847195109],[0.167091478025351,51.436178077437],[0.167450878528804,51.4361714342653],[0.167440241119129,51.4359468041445],[0.167429603847287,51.43572217401],[0.167070206869497,51.4357288169619],[0.167059571498284,51.435504186704],[0.16704893626488,51.4352795564325],[0.16703830116928,51.4350549261474],[0.166678909342043,51.4350615676716],[0.166668276146977,51.434836937263],[0.166657643089689,51.4346123068409],[0.166647010170176,51.4343876764052]]],[[[0.151500112754704,51.4335425551802],[0.151140735719818,51.4335491518473],[0.151130181018336,51.4333245154074],[0.151119626452026,51.4330998789574],[0.151109072020884,51.4328752424973],[0.150749700056718,51.4328818379069],[0.150739147495983,51.4326572013845],[0.15072859507039,51.432432564852],[0.150369226441582,51.4324391590563],[0.150358675886326,51.4322145224616],[0.150348125466184,51.4319898858567],[0.150337575181156,51.4317652492417],[0.150327025031237,51.4315406126165],[0.149967663208013,51.4315472055114],[0.149608301249741,51.431553797305],[0.149618847929393,51.4317784340343],[0.149259484100959,51.4317850247789],[0.149270029180516,51.43200966155],[0.14962939474411,51.4320030707534],[0.149639941693893,51.4322277074624],[0.149280574395118,51.432234298311],[0.149291119744767,51.4324589350619],[0.149301665229466,51.4326835718027],[0.149312210849217,51.4329082085332],[0.149671583353673,51.4329016175285],[0.149682130843751,51.4331262541969],[0.149692678468906,51.4333508908552],[0.149703226229144,51.4335755275033],[0.149713774124465,51.4338001641413],[0.150073153435096,51.4337935718271],[0.150083705132025,51.4340182052027],[0.150443085960244,51.4340116118815],[0.150802466653671,51.4340050174577],[0.151161847212285,51.4339984219313],[0.151521227636061,51.4339918253024],[0.151510669326687,51.4337671915579],[0.151500112754704,51.4335425551802]]],[[[0.139559085360045,51.4243182958724],[0.139918392976366,51.4243117355142],[0.140277700458151,51.4243051740549],[0.140267203283991,51.4240805357533],[0.140256706244429,51.4238558974417],[0.140246209339465,51.42363125912],[0.140605511474484,51.4236246967109],[0.14096481347493,51.4236181332009],[0.140954313229846,51.4233934949699],[0.141313613358342,51.4233869304094],[0.141672913352221,51.4233803647479],[0.142032213211461,51.4233737979854],[0.142391512936039,51.4233672301221],[0.142750812525934,51.4233606611578],[0.142761321457759,51.4235852991367],[0.142402020130519,51.4235918681515],[0.142042718668596,51.4235984360652],[0.141683417072007,51.4236050028781],[0.141324115340778,51.42361156859],[0.141334617457875,51.4238362067605],[0.141345119709636,51.424060844921],[0.141704424915634,51.4240542791084],[0.141714929039478,51.4242789172084],[0.141725433298014,51.4245035552985],[0.142084741844219,51.424496988284],[0.142444050255751,51.4244904201685],[0.142803358532587,51.4244838509521],[0.142792849061746,51.4242592130134],[0.143152155466433,51.4242526427464],[0.143511461736384,51.4242460713785],[0.143870767871574,51.4242394989096],[0.144230073871982,51.4242329253397],[0.144589379737584,51.4242263506689],[0.144948685468359,51.4242197748971],[0.144938165707858,51.423995137251],[0.144927646082247,51.4237704995949],[0.144917126591525,51.4235458619287],[0.144906607235689,51.4233212242525],[0.144896088014737,51.4230965865662],[0.144885568928667,51.4228719488698],[0.145244864100561,51.4228653723],[0.145604159137596,51.4228587946293],[0.145963454039751,51.4228522158576],[0.146322748807002,51.4228456359851],[0.146682043439328,51.4228390550116],[0.14667151580186,51.4226144175577],[0.147030808561991,51.4226078355339],[0.147390101187153,51.4226012524092],[0.147379570210225,51.4223766150463],[0.14736903936833,51.4221519776734],[0.147728328384081,51.4221453935489],[0.147738860963175,51.4223700308712],[0.147749393677324,51.4225946681836],[0.148108686032482,51.422588082857],[0.14811922061893,51.4228127201088],[0.148129755340459,51.4230373573504],[0.148489051175638,51.4230307708292],[0.148848347253033,51.4230241832268],[0.149207643194068,51.4230175945236],[0.149197103196904,51.4227929574383],[0.149186563336163,51.4225683203428],[0.148827270913007,51.4225749089399],[0.148467978353497,51.4225814964364],[0.148457442146993,51.4223568592247],[0.148816732947595,51.4223502717812],[0.14880619511858,51.4221256346123],[0.148795657425959,51.4219009974333],[0.148436370143106,51.4219075847707],[0.148425834345717,51.4216829475284],[0.14878511986973,51.421676360244],[0.148774582449892,51.4214517230445],[0.148764045166441,51.4212270858348],[0.149123327036501,51.4212204975556],[0.149112788130665,51.4209958603887],[0.149102249361235,51.4207712232117],[0.148742971008692,51.4207778113849],[0.148383692526592,51.4207843984585],[0.148394227771746,51.4210090357404],[0.148034947709448,51.4210156218136],[0.14767566751435,51.4210222067862],[0.147316387184256,51.421028790658],[0.146957106719188,51.421035373429],[0.146967635148868,51.4212600109027],[0.146978163713546,51.4214846483664],[0.147337447652814,51.4214780654943],[0.147696731457104,51.4214714815214],[0.147707263631047,51.421696118874],[0.147347978089627,51.4217027028974],[0.146988692413224,51.42170928582],[0.146629406601864,51.4217158676417],[0.146639933699387,51.4219405051358],[0.146280646015929,51.4219470859072],[0.145921358197554,51.4219536655777],[0.145931881955691,51.4221783031628],[0.145572592265235,51.4221848817829],[0.145562070244286,51.4219602441473],[0.145202782156146,51.4219668216161],[0.14519226200728,51.42174218392],[0.14483297552146,51.4217487602375],[0.144473688900817,51.421755335454],[0.144463172361138,51.4215306976469],[0.144103887342845,51.4215372717121],[0.143744602189774,51.4215438446765],[0.143385316901948,51.42155041654],[0.143395828230163,51.4217750544985],[0.143036541070446,51.4217816253116],[0.142677253776015,51.4217881950238],[0.142317966346895,51.4217947636351],[0.141958678783107,51.4218013311456],[0.141599391084673,51.4218078975552],[0.141588888442275,51.4215832593447],[0.141229602346389,51.421589824603],[0.140870316115904,51.4215963887605],[0.140511029750843,51.4216029518171],[0.140521527181723,51.4218275901788],[0.140162238944931,51.4218341521849],[0.140151743251228,51.4216095137728],[0.139792456617083,51.4216160746277],[0.139433169848428,51.4216226343817],[0.139443662067769,51.4218472728945],[0.139084373427444,51.421853831598],[0.138725084652652,51.4218603892006],[0.138365795743417,51.4218669457023],[0.138376282885662,51.422091584356],[0.138386770162373,51.4223162229997],[0.138746062546053,51.4223096663974],[0.138756551694487,51.4225343049807],[0.138767040977414,51.422758943554],[0.138777530394836,51.4229835821172],[0.138788019946754,51.4232082206704],[0.138428720613914,51.4232147774741],[0.138439208562986,51.4234394160676],[0.138449696646537,51.4236640546511],[0.138808999454092,51.4236574977467],[0.138819489409515,51.4238821362698],[0.139178793819997,51.4238755782142],[0.139189285647338,51.4241002166769],[0.138829979499446,51.4241067747829],[0.138840469723883,51.4243314132859],[0.138850960082832,51.4245560517789],[0.139210269705615,51.4245494935723],[0.13919977760921,51.4243248551296],[0.139559085360045,51.4243182958724]]],[[[0.145929119031498,51.4374667257615],[0.145569710902549,51.4374733052817],[0.145210302638058,51.4374798836991],[0.145220832857662,51.4377045160708],[0.144861422709744,51.4377110934126],[0.144871951316965,51.4379357258028],[0.144512539285617,51.437942302069],[0.14452306628041,51.4381669344777],[0.144882480059713,51.4381603581843],[0.14524189370351,51.438153780788],[0.14560130721178,51.4381472022888],[0.145590774973133,51.4379225699618],[0.145950186597907,51.437915990387],[0.145939652746907,51.4376913580786],[0.14629906248819,51.4376847774282],[0.146288527024882,51.4374601451384],[0.146647934882678,51.4374535634125],[0.146637397807107,51.4372289311412],[0.146996803781421,51.4372223483398],[0.146986265093633,51.4369977160871],[0.146626860867168,51.4370042988613],[0.146267456505098,51.4370108805326],[0.146277991697185,51.4372355128398],[0.145918585451678,51.4372420934356],[0.145929119031498,51.4374667257615]]],[[[0.147667252003878,51.5051070254326],[0.147307306731592,51.505113611575],[0.14729674039733,51.5048889800468],[0.14693679672566,51.50489556513],[0.146926232262074,51.5046709336488],[0.146566290191023,51.504677517673],[0.146576852918982,51.5049021491033],[0.146216908977321,51.5049087319664],[0.146227470104633,51.5051333633415],[0.145867524292355,51.5051399450434],[0.145878083818976,51.5053645763634],[0.146238031366932,51.5053579947125],[0.146248592764219,51.5055826260794],[0.146608541912905,51.5055760433694],[0.146619105180903,51.5058006747834],[0.146979055930314,51.5057940910144],[0.146989621069068,51.5060187224753],[0.147349573419201,51.5060121376472],[0.147709525634294,51.506005551709],[0.147698957024067,51.505780920146],[0.147688388548924,51.5055562885789],[0.147677820208861,51.5053316570078],[0.147667252003878,51.5051070254326]]],[[[0.13685233094664,51.4279649607156],[0.136862814529421,51.4281895995414],[0.137222152704763,51.428183047073],[0.13721166738523,51.4279584083023],[0.137571003689481,51.4279518547883],[0.137581490745764,51.4281764935038],[0.137591977936444,51.428401132209],[0.13723263815867,51.4284076858333],[0.137243123746954,51.4286323245834],[0.137602465261523,51.4286257709039],[0.137612952721003,51.4288504095884],[0.137972295838021,51.4288438547529],[0.137982785168742,51.429068493372],[0.137993274633893,51.4292931319807],[0.138352621090212,51.429286575934],[0.138363112426673,51.4295112144772],[0.138003764233473,51.4295177705791],[0.138014253967487,51.4297424091672],[0.137654903902983,51.4297489642234],[0.137665392034504,51.4299736028564],[0.138024743835936,51.429967047745],[0.138035233838823,51.4301916863125],[0.138394587242799,51.4301851300451],[0.138405079117096,51.430409768547],[0.138415571125858,51.4306344070387],[0.138056214247918,51.4306409634164],[0.138066704654131,51.4308656019529],[0.138077195194791,51.4310902404791],[0.138436555546784,51.431083683991],[0.138447047958953,51.4313083224517],[0.138806409913567,51.4313017648074],[0.138816904197292,51.4315264032026],[0.138457540505597,51.431532960902],[0.138468033186715,51.4317575993421],[0.138827398615514,51.4317510415874],[0.139186763909846,51.4317444827318],[0.139546129069689,51.4317379227753],[0.139535631177267,51.4315132845008],[0.139894994465502,51.4315067234984],[0.139884494970549,51.4312820852689],[0.140243856387181,51.4312755232207],[0.140233355289744,51.4310508850361],[0.140592714834777,51.4310443219422],[0.140582212134899,51.4308196838024],[0.14022285432689,51.4308262468411],[0.140212353498618,51.4306016086358],[0.140201852804925,51.4303769704201],[0.14019135224581,51.4301523321941],[0.140180851821269,51.4299276939578],[0.1401703515313,51.4297030557112],[0.140159851375902,51.4294784174542],[0.140149351355072,51.4292537791869],[0.140138851468807,51.4290291409093],[0.140498195381431,51.4290225783125],[0.140857539159505,51.4290160146148],[0.140868042519455,51.4292406527819],[0.141227387899795,51.4292340879281],[0.14123789313122,51.4294587260297],[0.141248398497279,51.4296833641209],[0.141607747216762,51.4296767980558],[0.141597240113821,51.4294521600197],[0.1419565869618,51.4294455929089],[0.142315933675133,51.4294390246971],[0.142305423233136,51.4292143867613],[0.142664768074949,51.429207817504],[0.142675280253799,51.4294324553845],[0.143034626697775,51.429425884971],[0.143393973007038,51.4294193134566],[0.143383457354489,51.4291946756866],[0.143372941836708,51.4289700379063],[0.143013599001118,51.4289766093102],[0.143003085354906,51.4287519714642],[0.142643744121415,51.4287585417119],[0.142633232346727,51.4285339038004],[0.142622720706755,51.4283092658785],[0.142263382812129,51.4283158349148],[0.141904044782849,51.4283224028502],[0.141893536751074,51.4280977648075],[0.141534200323904,51.4281043315868],[0.141174863762126,51.4281108972652],[0.141164359338466,51.4278862591017],[0.141153855049425,51.4276616209278],[0.140794521826493,51.427668185395],[0.140784019408751,51.4274435471555],[0.140773517125602,51.4272189089058],[0.140414187241456,51.4272254721617],[0.140054857222778,51.4272320343168],[0.139695527069589,51.4272385953711],[0.139336196781911,51.4272451553245],[0.139325701579924,51.4270205168436],[0.139315206512436,51.4267958783523],[0.138955879563569,51.4268024370946],[0.138945386367179,51.4265777985378],[0.138586061020479,51.4265843561242],[0.138596552480263,51.4268089947361],[0.13823722526254,51.4268155512768],[0.138247715120143,51.4270401899336],[0.138607044074496,51.4270336333378],[0.138617535803183,51.4272582719291],[0.138628027666324,51.4274829105101],[0.138987359959584,51.427476352703],[0.138997853693878,51.4277009912185],[0.138638519663923,51.4277075490807],[0.138279185499542,51.4277141058421],[0.138289675894879,51.4279387444576],[0.137930339859372,51.4279453001734],[0.137919851200757,51.4277206615027],[0.137560516767592,51.4277272160625],[0.137550029980096,51.4275025773263],[0.137190697149277,51.4275091307301],[0.136831364184126,51.427515683033],[0.136841847498209,51.4277403218794],[0.136482512662037,51.4277468731367],[0.136472031084663,51.4275222342351],[0.136461549641612,51.4272975953232],[0.136102218144549,51.4273041453694],[0.136091738572485,51.4270795063921],[0.136081259134716,51.4268548674044],[0.135721930976705,51.4268614162395],[0.135732408677828,51.4270860552823],[0.135742886513223,51.4273106943148],[0.135753364482893,51.4275353333369],[0.135763842586839,51.4277599723487],[0.135774320825067,51.4279846113502],[0.136133657666537,51.4279780622395],[0.136492994373736,51.4279715120279],[0.13685233094664,51.4279649607156]]],[[[0.136348652690122,51.5095852219206],[0.13670863592717,51.5095786704782],[0.136719138596086,51.5098033070541],[0.137079123546347,51.5097967544115],[0.137439108355329,51.5097902006674],[0.137428601977477,51.5095655642888],[0.137788584790688,51.5095590095418],[0.137778076699785,51.509334373249],[0.138138057517232,51.5093278174993],[0.138148567462574,51.5095524536934],[0.138508549993109,51.5095458967434],[0.138868532382268,51.509539338692],[0.139228514630029,51.509532779539],[0.139217999121387,51.509308143641],[0.139577979373296,51.5093015834853],[0.139567462151754,51.5090769476732],[0.139927440407816,51.5090703865147],[0.140287418522411,51.5090638242548],[0.14027689720055,51.5088391888383],[0.140636872943342,51.5088326257172],[0.140626337432491,51.5086079952256],[0.140986311304591,51.5086014309431],[0.141346285042027,51.5085948655504],[0.141706258644777,51.5085882990474],[0.141695718060513,51.5083636683982],[0.142055689792534,51.5083571007338],[0.142415661389829,51.5083505319593],[0.142405117468296,51.5081259012035],[0.142765087194846,51.5081193312676],[0.143125056786627,51.5081127602214],[0.143114509527925,51.5078881293593],[0.143474477248945,51.5078815571518],[0.143834444835153,51.5078749838341],[0.143823894239377,51.5076503528656],[0.144183859954811,51.5076437783866],[0.144173307757973,51.5074191473629],[0.144533271602637,51.5074125717226],[0.144522717804781,51.5071879406437],[0.144882679778681,51.5071813638421],[0.144872124379854,51.506956732708],[0.145232084482994,51.5069501547451],[0.145592044451218,51.506943575672],[0.145581485715623,51.5067189444317],[0.145941443813072,51.5067123641974],[0.146301401775562,51.5067057828529],[0.146290839703299,51.5064811515063],[0.146280277766034,51.5062565201557],[0.145920323275146,51.5062631016023],[0.145909763208647,51.5060384702987],[0.145549810318574,51.5060450506863],[0.145539252122794,51.5058204194296],[0.145179300833541,51.5058269987581],[0.144819349409384,51.5058335769765],[0.144829904133662,51.506058208131],[0.14446995083887,51.5060647851882],[0.144109997409215,51.5060713611352],[0.144120548796844,51.5062959921833],[0.143760593496569,51.5063025669691],[0.143400638061474,51.5063091406448],[0.143390090145409,51.5060845096989],[0.143030136311303,51.5060910823156],[0.143019590265816,51.5058664514167],[0.142659638032703,51.5058730229744],[0.142649093857749,51.5056483921227],[0.14263854981756,51.5054237612669],[0.142278600921166,51.5054303318168],[0.14226805875144,51.505205701008],[0.141908111456028,51.505212270499],[0.141897571156721,51.5049876397373],[0.141537625462294,51.5049942081694],[0.14152708703336,51.5047695774548],[0.141516548739112,51.5045449467362],[0.141156606381316,51.5045515141605],[0.141146069957373,51.504326883489],[0.141135533668091,51.5041022528133],[0.141124997513468,51.5038776221336],[0.140765060227816,51.5038841886015],[0.140754525943402,51.5036595579689],[0.140743991793619,51.5034349273322],[0.141103925608191,51.503428360762],[0.141093389857531,51.50320373007],[0.141453321801966,51.5031971623386],[0.141442784450475,51.5029725315914],[0.141802714524778,51.5029659626988],[0.142162644464406,51.5029593926962],[0.142152103776674,51.5027347618425],[0.1417921755725,51.5027413318963],[0.141432247233655,51.5027479008401],[0.141072318760161,51.5027544686739],[0.14071239015204,51.5027610353977],[0.140701856540763,51.5025364047447],[0.14034192953348,51.5025429704097],[0.140331397792242,51.5023183398038],[0.139971472385801,51.5023249044101],[0.139611546844805,51.5023314679064],[0.1396220751152,51.5025560984098],[0.139262147704247,51.5025626607449],[0.138902220158783,51.50256922197],[0.138912745092832,51.5027938523669],[0.138552815677426,51.5028004124308],[0.138563339010511,51.5030250427724],[0.138923270161392,51.5030184827598],[0.138933795364464,51.5032431131485],[0.139293728116347,51.5032365520771],[0.139304255189452,51.503461182513],[0.139664189542332,51.5034546203829],[0.139674718485514,51.5036792508659],[0.139314782397097,51.5036858129449],[0.138954846174155,51.5036923739138],[0.138965371780779,51.5039170042903],[0.139325309739282,51.5039104433726],[0.139335837216013,51.5041350737963],[0.139695776775574,51.5041285118198],[0.139706306122456,51.5043531422906],[0.140066247283071,51.5043465792552],[0.14007677850015,51.5045712097732],[0.140087309851826,51.504795840287],[0.140447254349135,51.5047892762441],[0.140457787571078,51.505013906805],[0.140468320927644,51.5052385373619],[0.140828268761706,51.5052319723113],[0.141188216461139,51.5052254061506],[0.14119875342375,51.5054500368058],[0.141558702724239,51.5054434695862],[0.141569241557254,51.5056681002886],[0.141209290521036,51.505674667457],[0.140849339350162,51.5056812335153],[0.140859874846368,51.5059058641111],[0.141219827752996,51.505899298104],[0.141230365119635,51.506123928747],[0.141590319627379,51.506117361681],[0.141600858864494,51.506341992371],[0.141611398236312,51.506566623057],[0.141971356080986,51.5065600549832],[0.141981897323352,51.5067846857163],[0.14199243870045,51.5070093164454],[0.141632477384075,51.5070158844168],[0.141621937742839,51.506791253739],[0.141261978027636,51.5067978206514],[0.141251440256952,51.5065731900207],[0.141240902620953,51.5063485593859],[0.140880946242748,51.5063551252906],[0.14087041047723,51.5061304947029],[0.140510455700187,51.5061370595487],[0.140520989729904,51.5063616900852],[0.140161033082441,51.5063682537697],[0.139801076300383,51.506374816344],[0.139811606993083,51.506599446774],[0.140171565510969,51.5065928842509],[0.140182098074114,51.506817514728],[0.139822137820376,51.5068240771998],[0.139832668782266,51.5070487076217],[0.139843199878755,51.5072733380394],[0.140203163604263,51.5072667756699],[0.140563127195165,51.5072602121904],[0.140923090651441,51.5072536476006],[0.140933627090281,51.5074782781679],[0.140573661898091,51.5074848427064],[0.140213696571271,51.5074914061348],[0.139853731109844,51.507497968453],[0.139493765513833,51.507504529661],[0.139504295143583,51.5077291600194],[0.139864262475538,51.5077225988626],[0.139874793975837,51.507947229268],[0.140234762909169,51.5079406670523],[0.140245296280063,51.5081652975049],[0.139885325610744,51.5081718596694],[0.139525354806834,51.5081784207238],[0.13953588484034,51.5084030510698],[0.139175912165848,51.5084096109627],[0.139165383868355,51.5081849806679],[0.138805412795329,51.5081915395018],[0.138815939356806,51.5084161697454],[0.138455966413237,51.5084227274179],[0.138466491373219,51.5086473576061],[0.138106516559102,51.508653914117],[0.13811703805085,51.5088785450725],[0.137757060942208,51.5088851006248],[0.137397083692248,51.5088916550757],[0.137037106300993,51.5088982084252],[0.137047610400287,51.509122844941],[0.136687631013362,51.5091293972876],[0.136677128768465,51.5089047606731],[0.136317151094692,51.5089113118196],[0.135957173279697,51.5089178618645],[0.135967671815789,51.5091424986764],[0.135978170493171,51.5093671354754],[0.136338152016998,51.5093605852331],[0.136348652690122,51.5095852219206]]],[[[0.141397632988476,51.425184035573],[0.141756946881787,51.4251774695083],[0.142116260640441,51.4251709023426],[0.142105754240314,51.4249462643331],[0.142095247974908,51.4247216263136],[0.141735937691242,51.4247281933784],[0.141376627272923,51.4247347593423],[0.141387130063362,51.4249593974627],[0.141027817772925,51.4249659623759],[0.141038318960528,51.4251906005367],[0.141397632988476,51.425184035573]]],[[[0.134218471393547,51.4331840409128],[0.134228944168755,51.4334086799422],[0.134588323369952,51.4334021350139],[0.134947702436936,51.4333955889846],[0.134937226187153,51.4331709500654],[0.134926750071638,51.4329463111359],[0.134916274090387,51.4327216721961],[0.134556900235194,51.4327282180602],[0.134567374479204,51.4329528570551],[0.134207998752561,51.4329594018732],[0.134218471393547,51.4331840409128]]],[[[0.120999496000422,51.5049177065988],[0.121009931691814,51.5051423387424],[0.121020367523993,51.5053669708729],[0.121030803496966,51.5055916029906],[0.12104123961073,51.5058162350952],[0.121051675865292,51.5060408671869],[0.121411639314717,51.5060343549746],[0.121422077573139,51.5062589869526],[0.121432515972385,51.5064836189177],[0.121072548796814,51.5064901313314],[0.121082985473779,51.5067147633842],[0.121093422291549,51.5069393954241],[0.121103859250128,51.507164027451],[0.121114296349518,51.5073886594649],[0.121124733589721,51.5076132914659],[0.12113517097074,51.5078379234539],[0.121145608492577,51.5080625554289],[0.121505588710406,51.5080560423101],[0.12186556878742,51.50804952809],[0.121876010176624,51.5082741598506],[0.121516028236338,51.5082806741715],[0.121526467903117,51.5085053060198],[0.121166483958714,51.5085118193401],[0.121156046155234,51.508287187391],[0.120796063933336,51.5082936995092],[0.120806499873516,51.5085183315591],[0.120816935954496,51.508742963596],[0.120827365140193,51.508967600548],[0.120837788296622,51.509192241805],[0.120848211588621,51.5094168830482],[0.120858635016192,51.5096415242774],[0.120869058579336,51.5098661654928],[0.120879482278055,51.5100908066943],[0.120889906112355,51.5103154478819],[0.120900330082234,51.5105400890556],[0.120910754187697,51.5107647302154],[0.120550751717205,51.5107712427457],[0.120561174184941,51.5109958840084],[0.120571596788241,51.5112205252572],[0.120582019527109,51.511445166492],[0.120942027317606,51.5114386536115],[0.120952451965424,51.5116632947157],[0.121312461393803,51.5116567806178],[0.121672470686658,51.5116502654193],[0.122032479843969,51.5116437491202],[0.122042909947581,51.5118683898602],[0.122402920742717,51.5118618723437],[0.12276293140226,51.5118553537267],[0.12277336518837,51.5120799942192],[0.123133377485709,51.5120734743847],[0.123143813180969,51.5122981147465],[0.123503827116099,51.5122915936946],[0.123863840915563,51.5122850715422],[0.124223854579337,51.5122785482892],[0.124213413563784,51.5120539082779],[0.124573425318418,51.5120473840411],[0.124562982665267,51.5118227441328],[0.12455254014794,51.5115981042106],[0.124542097766438,51.5113734642745],[0.124902104065204,51.5113669392877],[0.124912548220061,51.511591579107],[0.124922992510765,51.5118162189123],[0.12528300222051,51.5118096925913],[0.125293448420462,51.5120343322659],[0.124933436937318,51.5120408587038],[0.124943881499722,51.5122654984813],[0.124954326197981,51.5124901382449],[0.124964771032095,51.5127147779947],[0.125324787835574,51.5127082512061],[0.125684804503266,51.512701723317],[0.126044821035149,51.5126951943272],[0.126404837431199,51.5126886642369],[0.126415289495121,51.5129133035052],[0.126775307528797,51.5129067721973],[0.126764853691394,51.512682133046],[0.127124869815711,51.5126756007544],[0.127135325426593,51.5129002397889],[0.127495343188486,51.5128937062798],[0.127855360814451,51.5128871716702],[0.128215378304468,51.5128806359599],[0.128575395658512,51.5128740991491],[0.128935412876561,51.5128675612376],[0.128924948398318,51.5126429227879],[0.129284963706884,51.5126363838929],[0.129644978879411,51.5126298438972],[0.130004993915876,51.512623302801],[0.130365008816256,51.5126167606043],[0.13035453738037,51.5123921226086],[0.130714550371209,51.5123855794282],[0.131074563225922,51.5123790351473],[0.131064088379416,51.5121543973717],[0.131424099324571,51.5121478521072],[0.131784109288449,51.5121413072477],[0.131773631172121,51.5119166694198],[0.132133634789379,51.5119101313116],[0.132123154959369,51.5116854935694],[0.132483156580947,51.5116789544582],[0.132843158061539,51.5116724142454],[0.132832674663207,51.5114477766875],[0.133192674148102,51.5114412354716],[0.133182189036208,51.5112165979994],[0.133171704065437,51.5109919605144],[0.133161219235785,51.5107673230165],[0.13352121301574,51.5107607809948],[0.133881206654646,51.5107542378716],[0.133891695193519,51.5109788751723],[0.134251690545959,51.5109723308489],[0.134241200152478,51.5107476936467],[0.134230709900185,51.5105230564318],[0.133870718256937,51.510529600558],[0.133860230000392,51.5103049632316],[0.133849741885006,51.5100803258923],[0.133839253910778,51.5098556885401],[0.133479267690075,51.509862231269],[0.133119281328333,51.5098687728964],[0.132759294825575,51.5098753134222],[0.132748812555984,51.5096506757615],[0.132388827766734,51.5096572150872],[0.1323783474927,51.5094325773151],[0.132367867359721,51.5092079395301],[0.132007886138437,51.5092144775572],[0.131997408000942,51.5089898396608],[0.131637426936442,51.5089963786985],[0.131626945185488,51.5087717439238],[0.131266961466696,51.5087782882829],[0.131256471208791,51.5085536591836],[0.131245981092379,51.5083290300713],[0.130886000958644,51.5083355731271],[0.130875512846957,51.5081109439009],[0.130865024876734,51.5078863146617],[0.130505048327994,51.5078928564143],[0.130494562362422,51.5076682270612],[0.130484076538286,51.507443597695],[0.130124103574481,51.5074501381445],[0.129764130469283,51.5074566774927],[0.129753648512867,51.5072320479116],[0.129743166697838,51.5070074183176],[0.129383197177542,51.5070139563627],[0.129372717366993,51.5067893266548],[0.129012749568459,51.5067958634977],[0.129002271762345,51.5065712336758],[0.128642305685579,51.5065777693166],[0.12863182988385,51.5063531393808],[0.128991794097559,51.506346603841],[0.129351758169958,51.5063400671999],[0.129341278783468,51.5061154374531],[0.129701240851507,51.5061088998117],[0.130061202778192,51.5061023610691],[0.130421164563499,51.5060958212253],[0.130781126207403,51.5060892802803],[0.131141087709882,51.5060827382341],[0.131130599149741,51.505858108979],[0.131490558647774,51.5058515659325],[0.131480068366129,51.5056269367654],[0.131840024413097,51.5056203948735],[0.131829532579667,51.5053957655522],[0.13181904088032,51.5051711362269],[0.131459088227293,51.5051776783921],[0.131448598370097,51.5049530491859],[0.131438108654381,51.5047284199668],[0.131078158470952,51.5047349625084],[0.130718208146088,51.5047415039489],[0.130707722297549,51.5045168745148],[0.130347773694127,51.5045234147532],[0.129987824949319,51.5045299538904],[0.129977342967871,51.5043053242415],[0.129617395944538,51.5043118621766],[0.129257448779871,51.5043183990106],[0.129267927035645,51.5045430288614],[0.12927840543275,51.5047676586991],[0.128918454401067,51.5047741946338],[0.128928931076617,51.5049988245595],[0.12893940789348,51.5052234544722],[0.128579452994701,51.5052299895075],[0.12858992808994,51.5054546195081],[0.128600403326471,51.5056792494958],[0.128610878704299,51.5059038794705],[0.128621354223425,51.5061285094321],[0.128261391731469,51.5061350437699],[0.128250918075355,51.5059104137073],[0.128240444560516,51.5056857836317],[0.127880485653309,51.5056923166664],[0.127870014142708,51.505467686477],[0.127510056957242,51.5054742183096],[0.127150099630576,51.505480749041],[0.126790142162732,51.5054872786713],[0.126800608084416,51.5057119091633],[0.126440648612443,51.5057184377932],[0.12608068899934,51.5057249653219],[0.125720729245129,51.5057314917493],[0.125731189718982,51.5059561225309],[0.125741650333942,51.5061807532996],[0.125752111090013,51.5064053840552],[0.125762571987198,51.5066300147979],[0.125773033025496,51.5068546455277],[0.125413063814927,51.5068611713581],[0.125402604639731,51.5066365405275],[0.125392145605626,51.506411909684],[0.12538168671261,51.5061872788275],[0.125371227960681,51.505962647958],[0.125360769349835,51.5057380170756],[0.125350310880072,51.5055133861802],[0.125339852551388,51.5052887552718],[0.124979896240986,51.5052952792952],[0.124969439916318,51.505070648273],[0.1249589837327,51.5048460172379],[0.124599031007128,51.5048525399585],[0.124239078140556,51.5048590615779],[0.12387912513301,51.5048655820961],[0.123868674679128,51.5046409507456],[0.123858224366221,51.5044163193821],[0.123847774194286,51.5041916880057],[0.123487826634419,51.5041982071204],[0.123477378466283,51.5039735756302],[0.123117432628329,51.5039800935429],[0.122757486649483,51.5039866103545],[0.122397540529766,51.503993126065],[0.122387098091006,51.5037684942596],[0.122376655793116,51.5035438624412],[0.122366213636093,51.5033192306098],[0.122355771619935,51.5030945987655],[0.122345329744639,51.5028699669083],[0.122705266550526,51.5028634517016],[0.122694822953395,51.5026388199321],[0.122334888010203,51.502645335038],[0.122324446416623,51.5024207031548],[0.1223140049639,51.5021960712587],[0.1219540736052,51.5022025850621],[0.121964513195274,51.502427217059],[0.121604579833121,51.502433729862],[0.121594142105698,51.5022090977644],[0.121234210465421,51.5022156093656],[0.121244646330189,51.5024402415639],[0.121255082335741,51.5026648737493],[0.121615017701351,51.5026583619466],[0.12197495292618,51.5026518490429],[0.121985392797919,51.5028764810139],[0.121625455710391,51.5028829940183],[0.12126551848208,51.5028895059217],[0.120905581113008,51.5028960167239],[0.120916015537408,51.5031206489841],[0.120926450102573,51.5033452812313],[0.120936884808509,51.5035699134655],[0.120947319655218,51.5037945456868],[0.1209577546427,51.5040191778952],[0.120968189770959,51.5042438100905],[0.120978625039998,51.5044684422729],[0.120989060449818,51.5046930744424],[0.120999496000422,51.5049177065988]]],[[[0.129966861127799,51.5040806945796],[0.130326806146964,51.5040741556443],[0.130686751024748,51.5040676156078],[0.131046695761127,51.5040610744702],[0.131036208474079,51.5038364450982],[0.130676265600481,51.5038429861348],[0.13031632258548,51.5038495260704],[0.129956379429101,51.5038560649048],[0.129596436131368,51.5038626026381],[0.129606915967278,51.5040872324138],[0.129966861127799,51.5040806945796]]],[[[0.12528756302407,51.5041656005353],[0.125298020647395,51.5043902315086],[0.12565796936514,51.5043837067873],[0.125668428992397,51.5046083376467],[0.126028379431937,51.5046018117234],[0.126388329730383,51.504595284699],[0.126748279887711,51.5045887565733],[0.126737814671873,51.5043641260164],[0.126727349597198,51.5041394954465],[0.126367403165562,51.5041460233704],[0.126007456592813,51.5041525501932],[0.12599699538492,51.5039279194087],[0.125986534318137,51.5037032886111],[0.125626591329904,51.5037098141311],[0.125637050533896,51.5039344450295],[0.125277105541809,51.5039409695491],[0.12528756302407,51.5041656005353]]],[[[0.103598859899921,51.4712831371643],[0.103239168803551,51.47128959014],[0.102879477573353,51.4712960420129],[0.102519786209349,51.471302492783],[0.102530118302307,51.4715271304264],[0.102540450529082,51.4717517680598],[0.102550782889674,51.4719764056832],[0.102910479545618,51.4719699547612],[0.102900145421023,51.4717453171885],[0.103259840179155,51.4717388652143],[0.103619534803453,51.4717324121373],[0.103979229293896,51.4717259579575],[0.103968890011215,51.4715013205267],[0.103609197284745,51.4715077746558],[0.103598859899921,51.4712831371643]]]]}}