{"type":"Feature","properties":{"code":"E63005907","name":"Crawley (Crawley)"},"geometry":{"type":"MultiPolygon","coordinates":[[[[-0.216284332194457,51.0952893802262],[-0.216275675589916,51.0955140602945],[-0.216632496060799,51.0955194945468],[-0.216623840981238,51.0957441745949],[-0.216980663190337,51.0957496077425],[-0.216972009635798,51.0959742877704],[-0.216615185795073,51.095968854636],[-0.216606530502302,51.0961935346702],[-0.216249705136546,51.0961881004576],[-0.216258362060962,51.0959634204102],[-0.215901538433489,51.095957985093],[-0.215544714912671,51.0959525486845],[-0.215536054724969,51.0961772287583],[-0.215179229679189,51.0961717912715],[-0.214822404740109,51.0961663526934],[-0.214813741182413,51.0963910327867],[-0.214805077518001,51.0966157128729],[-0.214448249422305,51.0966102732298],[-0.214439584019476,51.0968349533223],[-0.214430918509906,51.0970596334079],[-0.214422252893593,51.0972843134865],[-0.214413587170537,51.0975089935581],[-0.214404921340735,51.0977336736228],[-0.214396255404185,51.0979583536805],[-0.214039417624722,51.097952913025],[-0.214030749949595,51.0981775930889],[-0.214387589360885,51.0981830337313],[-0.214378923210834,51.0984077137751],[-0.214735764360731,51.0984131533128],[-0.215092605617367,51.0984185917591],[-0.215449446980721,51.0984240291138],[-0.215806288450771,51.0984294653771],[-0.216163130027499,51.0984349005489],[-0.216519971710882,51.0984403346293],[-0.2168768135009,51.0984457676182],[-0.216868158667228,51.0986704475626],[-0.217225002195743,51.0986758794467],[-0.217233655397531,51.0984511995156],[-0.217590497400757,51.0984566303215],[-0.217947339510554,51.098462060036],[-0.21795598934203,51.0982373801243],[-0.218312831363926,51.0982428099738],[-0.218669677491063,51.0982482421075],[-0.218661030809285,51.0984729219316],[-0.219017878689736,51.098478353003],[-0.219374726677368,51.0984837829849],[-0.219731574772158,51.0984892118772],[-0.219722932921606,51.0987138917738],[-0.219714290963928,51.0989385716615],[-0.219705648899121,51.0991632515403],[-0.219697006727184,51.0993879314101],[-0.220053861513809,51.0993933593215],[-0.220045220880967,51.0996180392095],[-0.219688364448115,51.099612611271],[-0.21933150812241,51.099607182243],[-0.219322864089961,51.0998318620678],[-0.218966006225179,51.0998264319231],[-0.218609148467587,51.0998210006887],[-0.218617795792525,51.0995963209182],[-0.218260939788386,51.0995908886214],[-0.218252290817206,51.0998155683648],[-0.218243641738806,51.1000402480993],[-0.218600501035449,51.1000456804504],[-0.218957360439305,51.1000511117119],[-0.219314219950354,51.1000565418838],[-0.21930557570359,51.1002812216908],[-0.219296931349664,51.1005059014889],[-0.219653794260486,51.1005113306255],[-0.220010657278462,51.1005167586725],[-0.220367520403571,51.10052218563],[-0.220724383635792,51.1005276114978],[-0.221081246975104,51.1005330362761],[-0.221089883097454,51.1003083563423],[-0.221446744897517,51.1003137800039],[-0.221803606804625,51.1003192025759],[-0.22216046881876,51.1003246240582],[-0.222517330939901,51.100330044451],[-0.222525960369992,51.1001053644001],[-0.222882820951811,51.1001107836762],[-0.222874193168025,51.1003354637542],[-0.223231055503113,51.1003408819679],[-0.223239681640591,51.1001162018628],[-0.223596542436311,51.1001216189597],[-0.223605166820577,51.0998969388187],[-0.223962026076927,51.0999023547991],[-0.224318885440173,51.0999077696899],[-0.224327506425,51.0996830894859],[-0.224684364248849,51.09968850326],[-0.225041222179552,51.0996939159447],[-0.225398080217087,51.0996993275398],[-0.2254066961563,51.0994746472458],[-0.22576355265439,51.0994800577243],[-0.226120409259267,51.0994854671133],[-0.226477265970911,51.0994908754127],[-0.226834122789302,51.0994962826225],[-0.227190979714417,51.0995016887428],[-0.227199587315649,51.099277008305],[-0.227556442701225,51.0992824133088],[-0.227913298193482,51.099287817223],[-0.228270153792399,51.0992932200477],[-0.228278756348279,51.0990685395202],[-0.228635610407608,51.0990739412284],[-0.228644211210667,51.0988492606651],[-0.228652811907135,51.0986245800929],[-0.228295961140197,51.0986191784385],[-0.228304563376239,51.0983944978843],[-0.228313165505671,51.0981698173212],[-0.227956318137669,51.0981644146312],[-0.227964921806613,51.0979397340861],[-0.228321767528496,51.0979451367491],[-0.228678613357008,51.0979505383227],[-0.229035459292127,51.0979559388068],[-0.229392305333833,51.0979613382014],[-0.229749151482104,51.0979667365065],[-0.230105997736919,51.097972133722],[-0.230114591422625,51.0977474530066],[-0.230471436137856,51.0977528491058],[-0.230828280959588,51.0977582441155],[-0.230836871246622,51.0975335633374],[-0.231193714528743,51.0975389572307],[-0.231550557917321,51.0975443500346],[-0.23154197092247,51.0977690308664],[-0.231898816063578,51.0977744226076],[-0.231907401412336,51.0975497417489],[-0.232264245013765,51.0975551323738],[-0.232621088721588,51.0975605219092],[-0.232612506665024,51.0977852028215],[-0.232603924502113,51.0980098837249],[-0.232960771608529,51.0980152722245],[-0.233317618821301,51.0980206596345],[-0.233674466140406,51.098026045955],[-0.23368304336495,51.0978013649712],[-0.234039889144244,51.0978067501754],[-0.234396735029828,51.0978121342901],[-0.234753581021682,51.0978175173153],[-0.235110431595975,51.0978229031504],[-0.235467284834371,51.0978282901248],[-0.235475853501867,51.097603608791],[-0.235832704977572,51.0976089944462],[-0.236189556570693,51.0976143790221],[-0.236546408281205,51.0976197625188],[-0.236903260109086,51.0976251449362],[-0.236894698962138,51.0978498272293],[-0.237251552787504,51.0978552088072],[-0.23760840673019,51.0978605893058],[-0.237965260790173,51.0978659687252],[-0.237973816296687,51.0976412857127],[-0.238330668593793,51.097646663813],[-0.238322114967428,51.0978713470652],[-0.23867896926193,51.097876724326],[-0.238687521008144,51.097652040834],[-0.239044373539717,51.0976574167756],[-0.239401226188486,51.097662791638],[-0.239409774057242,51.0974381076474],[-0.239766624943051,51.0974434811907],[-0.239758078954428,51.0976681654211],[-0.240114931837518,51.0976735381248],[-0.240471784837731,51.0976789097493],[-0.240480327066082,51.0974542250395],[-0.240837178303255,51.0974595953449],[-0.241194029657501,51.097464964571],[-0.241550881128795,51.0974703327178],[-0.241542344540866,51.0976950181467],[-0.241899198009329,51.0977003854539],[-0.242256051594794,51.0977057516817],[-0.242612905297235,51.0977111168302],[-0.242604374232809,51.0979358029591],[-0.242595843051443,51.0981604890689],[-0.242587311753134,51.0983851751596],[-0.242944171213123,51.0983905399478],[-0.243301030790047,51.0983959036566],[-0.24365789048388,51.098401266286],[-0.243666416141517,51.0981765794763],[-0.243674941682283,51.0979518926475],[-0.243318085748878,51.0979465304974],[-0.243326613052952,51.0977218438892],[-0.243335140240135,51.0974971572619],[-0.24334366731043,51.0972724706155],[-0.243352194263837,51.09704778395],[-0.243360721100358,51.0968230972654],[-0.243003874684506,51.0968177352342],[-0.243012403284203,51.0965930487702],[-0.243369247819997,51.0965984105617],[-0.243726092472685,51.096603771274],[-0.243717567633106,51.0968284582173],[-0.244074414282726,51.0968338180899],[-0.244431261049193,51.0968391768832],[-0.244439782128643,51.0966144894606],[-0.244796627131867,51.0966198469349],[-0.244805146214465,51.0963951592537],[-0.245161989454439,51.0964005154091],[-0.245153472251886,51.09662520333],[-0.24514495493257,51.0968498912317],[-0.245501802049431,51.096855246787],[-0.245493286493444,51.0970799349093],[-0.245850135607151,51.0970852896249],[-0.245841621814541,51.0973099779677],[-0.245833107905208,51.0975346662914],[-0.245824593879153,51.0977593545961],[-0.245816079736371,51.0979840428817],[-0.246172936487434,51.0979893974763],[-0.246164424108141,51.0982140859824],[-0.246155911612144,51.0984387744694],[-0.246147398999437,51.0986634629374],[-0.246138886270021,51.0988881513863],[-0.246130373423892,51.0991128398161],[-0.24612186046105,51.0993375282269],[-0.24647872861049,51.0993428831796],[-0.246470217411293,51.0995675718109],[-0.2464617060954,51.0997922604231],[-0.246453194662812,51.1000169490163],[-0.246444683113526,51.1002416375904],[-0.24643617144754,51.1004663261454],[-0.246079293896062,51.1004609699946],[-0.245722416461317,51.1004556127644],[-0.245365539143329,51.1004502544547],[-0.245008661942122,51.1004448950656],[-0.245000150713455,51.1006695892673],[-0.244643271458513,51.1006642283578],[-0.244286392313251,51.1006588663595],[-0.243929513277692,51.1006535032724],[-0.243921003950333,51.1008782032395],[-0.243564123292163,51.1008728390181],[-0.243207242743741,51.1008674737078],[-0.243198729841878,51.1010921735741],[-0.243555612122655,51.1010975389299],[-0.24354710084333,51.1013222388319],[-0.243190216830175,51.1013168734306],[-0.243181703708633,51.1015415732773],[-0.243538589454188,51.1015469387241],[-0.243530077955225,51.1017716386065],[-0.24388696554296,51.1017770030099],[-0.243878455666622,51.1020017029279],[-0.243869945680483,51.1022264028362],[-0.24422683684287,51.1022317662418],[-0.244218328479421,51.1024564661857],[-0.243861435584541,51.1024511027347],[-0.243852925378794,51.1026758026233],[-0.243496030861141,51.1026704380379],[-0.243139136453251,51.1026650723636],[-0.242782242155148,51.1026597056004],[-0.242773726641993,51.1028844053427],[-0.242416830721168,51.1028790374451],[-0.242059934910174,51.1028736684587],[-0.242068453888387,51.1026489688074],[-0.242076972756682,51.1024242691464],[-0.241720080520574,51.1024188991621],[-0.241728601011433,51.1021941995367],[-0.241737121392357,51.1019694999016],[-0.241380232731059,51.1019641289195],[-0.241371710617678,51.1021888285091],[-0.241363188394339,51.1024135280889],[-0.241006296377999,51.1024081559269],[-0.240997772312198,51.1026328554513],[-0.240640878673277,51.1026274821548],[-0.240632352764971,51.1028521816239],[-0.240623826746656,51.1030768810831],[-0.24061530061833,51.1033015805325],[-0.240972199454879,51.1033069539657],[-0.241329098401353,51.1033123263099],[-0.241320575628191,51.1035370258406],[-0.241312052745059,51.1037617253616],[-0.241303529751955,51.1039864248727],[-0.240946625607647,51.1039810523917],[-0.240938100771913,51.1042057518474],[-0.240929575826182,51.1044304512934],[-0.240921050770451,51.1046551507295],[-0.240564141538044,51.1046497770229],[-0.240207232415596,51.1046444022273],[-0.240198703784424,51.1048691015624],[-0.23984179303924,51.1048637256323],[-0.23983326256528,51.1050884249121],[-0.239476350197363,51.1050830478474],[-0.239119437939476,51.1050776696938],[-0.239110903889927,51.1053023688725],[-0.238753990009335,51.1052969895843],[-0.238397076238818,51.1052916092071],[-0.238388538613596,51.1055163082847],[-0.238031623220402,51.1055109267729],[-0.23767470793733,51.1055055441721],[-0.237666166736352,51.1057302431487],[-0.237309249830632,51.1057248594133],[-0.236952333035079,51.1057194745889],[-0.236943788258262,51.1059441734643],[-0.236586869840088,51.1059387875052],[-0.236578323220179,51.1061634863252],[-0.236221403179388,51.1061580992314],[-0.235864483248836,51.1061527110487],[-0.23585593305294,51.1063774097674],[-0.235499011499798,51.10637202045],[-0.235142090056942,51.1063666300435],[-0.235133536284974,51.106591328661],[-0.234776614955896,51.1065859383003],[-0.234768059431234,51.1068106368998],[-0.234411140404211,51.1068052480004],[-0.234054221494807,51.1067998580205],[-0.234045662084411,51.1070245561559],[-0.233688741408615,51.1070191648726],[-0.233680179996453,51.1072438627667],[-0.23332325755427,51.10723847018],[-0.232966335229782,51.1072330765127],[-0.232957769931729,51.1074577739426],[-0.232600845840884,51.1074523789719],[-0.232243921867788,51.1074469829206],[-0.231886998012461,51.1074415857889],[-0.231530074274931,51.1074361875766],[-0.231538647109275,51.1072114910385],[-0.231547219825744,51.106986794482],[-0.231555792424339,51.1067620979072],[-0.231564364905063,51.106537401314],[-0.231921281106456,51.1065427986344],[-0.231929851585335,51.1063181018],[-0.231938421946369,51.1060934049471],[-0.231581509512902,51.1060880080726],[-0.231590081640021,51.1058633114244],[-0.231598653649278,51.1056386147579],[-0.231241745101446,51.1056332172488],[-0.231233171208288,51.1058579136924],[-0.230876260894385,51.10585251488],[-0.230519350698336,51.1058471149871],[-0.230510772919445,51.1060718109664],[-0.230867684999416,51.1060772110823],[-0.230859108986533,51.1063019072662],[-0.230502195022618,51.1062965069273],[-0.230493617007851,51.1065212028699],[-0.230136701277852,51.1065158012276],[-0.229779785665762,51.1065103985048],[-0.229771203765076,51.106735093983],[-0.229414286386933,51.1067296899568],[-0.229057369126752,51.1067242848501],[-0.228700451984555,51.1067188786629],[-0.228691864313854,51.1069435734537],[-0.228683276525088,51.1071682682262],[-0.22832635573287,51.1071628605124],[-0.227969435058689,51.1071574517183],[-0.227960843383757,51.1073821460262],[-0.227603920943591,51.1073767359285],[-0.227595327266474,51.1076014299951],[-0.227238403060328,51.1075960185938],[-0.226881478972297,51.1075906061121],[-0.226872881408855,51.1078152997141],[-0.226515955554876,51.1078098859288],[-0.226507355989131,51.1080345792893],[-0.226150428369208,51.1080291642004],[-0.225793500867478,51.1080237480311],[-0.225784897415251,51.108248440927],[-0.225776293844759,51.1084731338046],[-0.225419362692962,51.1084677161085],[-0.225062431659411,51.1084622973319],[-0.224705500744131,51.1084568774748],[-0.224348569947145,51.1084514565373],[-0.22435718105424,51.1082267645522],[-0.224000252259719,51.1082213427574],[-0.223991639268479,51.1084460345192],[-0.223634708708156,51.1084406114207],[-0.22364332358354,51.108215919882],[-0.223651938340517,51.1079912283249],[-0.223660552979088,51.1077665367494],[-0.223669167499257,51.1075418451555],[-0.224026090523147,51.1075472673614],[-0.224034703040864,51.107322575526],[-0.224043315440207,51.1070978836721],[-0.223686396184391,51.1070924619126],[-0.223695010349361,51.1068677702635],[-0.223703624395936,51.106643078596],[-0.223712238324118,51.1064183869102],[-0.223720852133909,51.1061936952059],[-0.223729465825311,51.1059690034832],[-0.223738079398325,51.1057443117422],[-0.223381171564506,51.1057388902411],[-0.22337255610761,51.105963581759],[-0.223363940532304,51.1061882732585],[-0.223007029049071,51.1061828502308],[-0.222998411471426,51.1064075414887],[-0.222989793775343,51.1066322327283],[-0.222632878642634,51.1066268081738],[-0.222624258944138,51.1068514991718],[-0.222615639127176,51.1070761901513],[-0.222607019191745,51.1073008811125],[-0.222598399137845,51.1075255720553],[-0.222589778965471,51.1077502629796],[-0.222232854531104,51.1077448362288],[-0.221875930215196,51.1077394083975],[-0.221519006017773,51.1077339794858],[-0.221162081938859,51.1077285494937],[-0.221170709647477,51.1075038594621],[-0.220813787571153,51.1074984286128],[-0.220456865613384,51.1074929966831],[-0.220099943774196,51.1074875636729],[-0.220108577016338,51.1072628742927],[-0.220117210139845,51.107038184894],[-0.220125843144717,51.1068134954769],[-0.219768927076142,51.1068080620561],[-0.21976029218729,51.1070327512499],[-0.219751657179781,51.1072574404253],[-0.219394737461851,51.1072520054776],[-0.219037817862571,51.1072465694495],[-0.21904645663808,51.1070218807206],[-0.218689539041474,51.1070164438353],[-0.218332621563566,51.1070110058697],[-0.217975709652108,51.1070055712861],[-0.217618800412713,51.1070001377142],[-0.217627446271776,51.1067754496116],[-0.217270538946737,51.106770015126],[-0.217279186490743,51.1065453271768],[-0.216922281080055,51.1065398917775],[-0.2169136317364,51.1067645795574],[-0.21655672464079,51.1067591429059],[-0.216199817659928,51.1067537051713],[-0.21584291079384,51.1067482663538],[-0.215851565536429,51.1065235790817],[-0.215494660584776,51.1065181393505],[-0.215486004042546,51.1067428264533],[-0.21547734738547,51.1069675135402],[-0.215120438949333,51.1069620723875],[-0.215129097406072,51.1067373854698],[-0.214772190884439,51.1067319434034],[-0.214780851025946,51.1065072566393],[-0.214423946418815,51.1065018136592],[-0.214415284477673,51.106726500254],[-0.214406622421616,51.106951186833],[-0.214049714330082,51.1069457424313],[-0.213692806353461,51.1069402969467],[-0.213335898491778,51.1069348503791],[-0.212978990745055,51.1069294027285],[-0.212622083113315,51.106923953995],[-0.212613411943966,51.1071486397113],[-0.212604740659584,51.1073733254119],[-0.212596069260168,51.1075980110966],[-0.212587397745715,51.1078226967655],[-0.212578726116223,51.1080473824185],[-0.21257005437169,51.1082720680557],[-0.212213136056599,51.1082666172229],[-0.212204462397216,51.1084913026749],[-0.212195788622767,51.1087159881111],[-0.211838866823085,51.1087105358565],[-0.211830191682788,51.1089352228831],[-0.211821518279771,51.1091599158861],[-0.21217844376595,51.109165368704],[-0.212535369368269,51.1091708204401],[-0.212892295086702,51.1091762710946],[-0.213249220921228,51.1091817206674],[-0.213606146871822,51.1091871691584],[-0.213614811162295,51.1089624751667],[-0.213971735406419,51.1089679223783],[-0.214328659766562,51.1089733685082],[-0.214685584242702,51.1089788135564],[-0.215042508834813,51.1089842575229],[-0.215051167159918,51.1087595671588],[-0.215059826535676,51.1085348803678],[-0.215416747570087,51.1085403227057],[-0.21542540503114,51.1083156357296],[-0.215434062377332,51.1080909487376],[-0.215442719608668,51.1078662617297],[-0.215799635358509,51.1078717024767],[-0.215808290675233,51.1076470152838],[-0.215816945877126,51.107422328075],[-0.215460033726771,51.1074168876666],[-0.215468690613546,51.1071922006113],[-0.21582560096419,51.1071976408504],[-0.216182511429634,51.1072030800065],[-0.216191164602182,51.1069783925968],[-0.216548073382711,51.1069838305007],[-0.216904982277992,51.1069892673215],[-0.216896332704828,51.1072139550698],[-0.21725324351453,51.1072193909769],[-0.21761015443894,51.107224825801],[-0.217601508350454,51.107449513872],[-0.217244595626325,51.1074440788786],[-0.217235947623382,51.1076687667646],[-0.217592862147254,51.1076742019272],[-0.217949776785813,51.1076796360069],[-0.218306693576801,51.1076850706615],[-0.218298050677031,51.1079097588885],[-0.218654975691059,51.1079151977473],[-0.219011900823794,51.1079206355256],[-0.21936882607521,51.1079260722235],[-0.219725751445285,51.1079315078411],[-0.219717115963124,51.1081561969428],[-0.220074043335929,51.1081616317031],[-0.220430970827345,51.108167065383],[-0.220787898437347,51.1081724979825],[-0.220779268488888,51.1083971877355],[-0.221136198101579,51.1084026194778],[-0.221493127832811,51.1084080501396],[-0.221484501534056,51.1086327403207],[-0.221475875116747,51.1088574304834],[-0.221832808734827,51.1088628605112],[-0.221824186124914,51.1090875567715],[-0.222181121748621,51.1090929859344],[-0.222172501059499,51.1093176828308],[-0.222163880254536,51.1095423797173],[-0.222520819652112,51.1095478078845],[-0.222512200560379,51.1097725048078],[-0.222503581352825,51.1099972017212],[-0.222494962029446,51.1102218986248],[-0.222486342590241,51.1104465955185],[-0.222477723035209,51.1106712924023],[-0.222469103364348,51.1108959892763],[-0.222460483577654,51.1111206861404],[-0.222451863675127,51.1113453829947],[-0.222443243656763,51.111570079839],[-0.222434623522563,51.1117947766736],[-0.222426003272522,51.1120194734982],[-0.222069043753863,51.1120140448177],[-0.222060421558651,51.1122387415858],[-0.222051799247575,51.112463438344],[-0.221694836186054,51.112458008481],[-0.221686211929736,51.1126827051827],[-0.221329247154688,51.1126772741837],[-0.221320620953081,51.1129019708289],[-0.220963654464512,51.112896538694],[-0.22095502631757,51.1131212352826],[-0.220946398054685,51.1133459318613],[-0.221303368202108,51.1133513640896],[-0.221660338465407,51.1133567952286],[-0.221651713745501,51.1135814918908],[-0.222008685954117,51.1135869219873],[-0.222365658278563,51.1135923509946],[-0.222722630718816,51.1135977789126],[-0.223079603274851,51.1136032057413],[-0.22307098575701,51.1138279025804],[-0.22271401137148,51.113822475705],[-0.22270539190831,51.1140471724875],[-0.222696772329303,51.1142718692602],[-0.222688152634459,51.114496566023],[-0.222679532823774,51.1147212627759],[-0.223036514527515,51.114726689838],[-0.223045132508612,51.1145019930384],[-0.223402112498533,51.1145074189645],[-0.223410728534247,51.1142827221084],[-0.223767706810342,51.1142881468986],[-0.223776320900719,51.114063449986],[-0.22378493487533,51.1138387530635],[-0.223793548734176,51.1136140561311],[-0.223436575946645,51.1136086314809],[-0.223445191519204,51.1133839345853],[-0.223453806975979,51.1131592376799],[-0.223810776104581,51.1131646622369],[-0.223802162477258,51.1133893591889],[-0.224159133551023,51.1133947827034],[-0.22416774534889,51.1131700857047],[-0.224524714708884,51.1131755080832],[-0.224881684184538,51.1131809293726],[-0.224873076045586,51.1134056264645],[-0.224864467790941,51.1136303235466],[-0.225221441041176,51.1136357438399],[-0.225230047466337,51.1134110467112],[-0.225587019002703,51.1134164658687],[-0.225595623482734,51.1131917686836],[-0.22523865377583,51.1131863495727],[-0.225247259969657,51.1129616524243],[-0.224890292207803,51.1129562322708],[-0.22489890011538,51.1127315351591],[-0.224541934298572,51.112726113963],[-0.224550543919853,51.1125014168881],[-0.224559153425426,51.1122767198033],[-0.22491611558348,51.1122821409062],[-0.224924723144006,51.112057443765],[-0.225281683588344,51.1120628637321],[-0.22529028920387,51.1118381665344],[-0.225298894703742,51.1116134693268],[-0.225307500087962,51.1113887721094],[-0.225316105356531,51.1111640748821],[-0.224959152229339,51.1111586551014],[-0.224950545131518,51.1113833522821],[-0.224593590290696,51.1113779313656],[-0.224236635565518,51.11137250936],[-0.224245246321837,51.1111478122726],[-0.224253856962437,51.1109231151752],[-0.224262467487322,51.1106984180681],[-0.224271077896493,51.110473720951],[-0.224279688189952,51.1102490238241],[-0.224636633769122,51.1102544455966],[-0.224993579463928,51.1102598662801],[-0.225350525274345,51.1102652858743],[-0.225707471200349,51.1102707043795],[-0.225716074061559,51.1100460070564],[-0.225724676807153,51.1098213097233],[-0.225733279437134,51.1095966123804],[-0.226090219991352,51.1096020296568],[-0.226098820676651,51.1093773322574],[-0.226455759517331,51.1093827483981],[-0.226812698473519,51.1093881634497],[-0.226821295385132,51.1091634659474],[-0.226829892181207,51.1089387684352],[-0.226838489973166,51.1087140739383],[-0.227195423481888,51.1087194875355],[-0.227204019633917,51.1084947937839],[-0.227560951376576,51.1085002060775],[-0.227569545526269,51.1082755120844],[-0.227926475502862,51.1082809230744],[-0.228283405597527,51.1082863329839],[-0.228640335810241,51.1082917418128],[-0.228648924189354,51.1080670471322],[-0.228657512450393,51.1078423524332],[-0.229014439012857,51.1078477597356],[-0.229023025271723,51.1076230647952],[-0.22937995006808,51.1076284707941],[-0.229736874982405,51.1076338757124],[-0.230093800014675,51.1076392795502],[-0.230450725164865,51.1076446823075],[-0.23080765043295,51.1076500839843],[-0.231164575818905,51.1076554845806],[-0.231156000864687,51.107880180859],[-0.231512928252605,51.1078855805978],[-0.231504355064621,51.1081102770808],[-0.231861284454503,51.108115675962],[-0.231869855758346,51.107890979256],[-0.232226783381888,51.1078963768337],[-0.232218213962187,51.1081210737627],[-0.232575143587648,51.1081264704828],[-0.232932073330863,51.1081318661224],[-0.233289003191804,51.1081372606814],[-0.23364593317045,51.1081426541599],[-0.234002863266775,51.1081480465578],[-0.233994303150102,51.1083727445832],[-0.234351235248261,51.1083781361234],[-0.234708167464052,51.1083835265831],[-0.235065102135603,51.1083889172477],[-0.235056547370201,51.1086136157769],[-0.235413486142765,51.1086190066405],[-0.235770425025633,51.1086243964149],[-0.236127364018784,51.1086297851003],[-0.236118814342274,51.1088544837568],[-0.236475755178783,51.1088598713987],[-0.236467207301738,51.1090845700964],[-0.236458659335408,51.1093092687852],[-0.236450111259107,51.1095339674645],[-0.236441563072834,51.1097586661341],[-0.236433014776588,51.1099833647942],[-0.236789964359298,51.1099887515497],[-0.236781417679276,51.1102134502406],[-0.236424466370366,51.1102080634448],[-0.236415917854166,51.1104327620857],[-0.236407369227988,51.1106574607171],[-0.236050414576527,51.1106520727511],[-0.236041864114103,51.1108767713325],[-0.236033313541674,51.1111014699044],[-0.236024762859237,51.1113261684667],[-0.236016212066792,51.1115508670194],[-0.236007661164336,51.1117755655626],[-0.23565069799128,51.111770176305],[-0.235642145252437,51.1119948747982],[-0.235285180462978,51.1119894844106],[-0.235276625887706,51.1122141828538],[-0.235268071202373,51.1124388812875],[-0.235259516406977,51.1126635797115],[-0.234902546548269,51.1126581881132],[-0.234893989916351,51.1128828864873],[-0.234537020800846,51.1128774957308],[-0.234528462288139,51.1131021940977],[-0.234171491528088,51.1130968022641],[-0.233814520883056,51.1130914093413],[-0.233457550353067,51.1130860153292],[-0.233100579938144,51.113080620228],[-0.233109145768701,51.1128559220466],[-0.232752177298327,51.1128505259025],[-0.232395208943065,51.1128451286692],[-0.232038240702938,51.1128397303466],[-0.231681272577972,51.1128343309348],[-0.231689845611101,51.1126096329293],[-0.231332879430744,51.1126042324748],[-0.231324304568188,51.1128289304338],[-0.230967336673611,51.1128235288436],[-0.230610368894265,51.1128181261641],[-0.230253401230173,51.1128127223954],[-0.230244820764012,51.1130374202052],[-0.229887851385756,51.1130320153008],[-0.229896433681358,51.1128073175375],[-0.229539466247845,51.1128019115904],[-0.229530882122804,51.1130266093072],[-0.229522297882376,51.1132513070142],[-0.229165326905289,51.1132458998848],[-0.228808356043556,51.1132404916662],[-0.228451385297199,51.1132350823584],[-0.228442795452938,51.113459779916],[-0.228085822992503,51.1134543694724],[-0.22807723120328,51.1136790669736],[-0.228068639298574,51.113903764465],[-0.228060047278381,51.1141284619465],[-0.228051455142699,51.1143531594181],[-0.228042862891527,51.1145778568798],[-0.228034270524862,51.1148025543318],[-0.227677287202509,51.1147971425197],[-0.227668692890712,51.1150218399152],[-0.227660098463394,51.1152465373009],[-0.227651503920556,51.1154712346767],[-0.228008492731894,51.1154766466283],[-0.228365481658675,51.1154820574907],[-0.228356890659731,51.1157067549497],[-0.228348299545307,51.1159314523988],[-0.228339708315403,51.1161561498381],[-0.228331116970016,51.1163808472676],[-0.228688113331203,51.1163862572267],[-0.228679523700136,51.1166109546928],[-0.228670933953605,51.116835652149],[-0.228313933932786,51.1168302420969],[-0.228305342240938,51.1170549394967],[-0.2279483405057,51.1170495283087],[-0.227939747129803,51.1172742256577],[-0.227931154387557,51.1174989230126],[-0.227922561531984,51.1177236203577],[-0.227913968563082,51.1179483176931],[-0.228270977493127,51.1179537290605],[-0.228627986536418,51.1179591393383],[-0.228984995692933,51.1179645485266],[-0.229342004962647,51.1179699566254],[-0.229699014345538,51.1179753636346],[-0.230056023841583,51.1179807695543],[-0.23041303345076,51.1179861743845],[-0.23040445286034,51.1182108720201],[-0.230761464367177,51.118216275805],[-0.231118475987101,51.1182216785003],[-0.231475487720089,51.1182270801062],[-0.231466912370226,51.1184517778646],[-0.231823926000836,51.1184571784251],[-0.232180939744465,51.1184625778961],[-0.232172367850705,51.1186872757333],[-0.232529383491938,51.1186926741589],[-0.232886399246148,51.1186980714949],[-0.233243415113309,51.1187034677413],[-0.233234848460383,51.1189281657013],[-0.233226281694459,51.1191528636516],[-0.233217714815537,51.1193775615921],[-0.232860693594404,51.119372165213],[-0.23250367248623,51.1193667677445],[-0.232495101924904,51.1195914655868],[-0.232138079145013,51.1195860669845],[-0.231781056478127,51.1195806672925],[-0.231424033924272,51.1195752665109],[-0.23106701148347,51.1195698646398],[-0.231075589183579,51.1193451669742],[-0.23108416677055,51.119120469299],[-0.230727148012182,51.1191150664267],[-0.230370129366908,51.1191096624648],[-0.230013110834752,51.1191042574134],[-0.229656092415736,51.1190988512724],[-0.229647507690104,51.1193235487707],[-0.229638922851243,51.1195482462593],[-0.229995944839606,51.1195536524888],[-0.229987361672222,51.1197783500119],[-0.229630337899152,51.1197729437381],[-0.229273314239251,51.1197675363747],[-0.228916290692542,51.1197621279218],[-0.228559267259049,51.1197567183792],[-0.228202243938794,51.119751307747],[-0.227845220731801,51.1197458960253],[-0.227853814607402,51.1195211987679],[-0.228210836029697,51.1195266104453],[-0.228219428007279,51.1193019131339],[-0.228228019871541,51.1190772158127],[-0.228236611622486,51.1188525184817],[-0.227879595554148,51.1188471069372],[-0.227522579599088,51.1188416943031],[-0.22753117480593,51.118616997051],[-0.227174160748773,51.1186115833717],[-0.227182757626835,51.1183868861541],[-0.226825745467577,51.1183814714296],[-0.226817146804936,51.1186061686028],[-0.226460132974444,51.1186007527443],[-0.226103119257319,51.1185953357963],[-0.226111721489111,51.1183706387118],[-0.226120323607456,51.1181459416175],[-0.225763313572843,51.1181405236687],[-0.22540630365164,51.1181351046304],[-0.225049293843869,51.1181296845025],[-0.224692284149552,51.1181242632851],[-0.224335274568715,51.1181188409781],[-0.223978265101378,51.1181134175817],[-0.223621255747566,51.1181079930957],[-0.2232642465073,51.1181025675202],[-0.222907237380606,51.1180971408552],[-0.22291585544618,51.1178724441506],[-0.222924473398104,51.1176477474363],[-0.222933091236382,51.1174230507122],[-0.222576087576742,51.117417623091],[-0.222584707260232,51.1171929264072],[-0.222593328345288,51.1169682297628],[-0.222950328346179,51.1169736572915],[-0.222958947485553,51.1167489605905],[-0.222967566509092,51.1165242638797],[-0.222610570167817,51.1165188364443],[-0.22225357394235,51.1165134079196],[-0.221896577832715,51.1165079783056],[-0.221539581838936,51.1165025476022],[-0.221182585961037,51.1164971158095],[-0.221173957788538,51.1167218122869],[-0.220816960196756,51.1167163793581],[-0.220459962720902,51.1167109453399],[-0.220451330772834,51.1169356417141],[-0.220094331583128,51.1169302065599],[-0.2197373325094,51.1169247703163],[-0.219728696785676,51.1171494665871],[-0.219371695998124,51.1171440292074],[-0.219014695326602,51.1171385907383],[-0.219006057232713,51.1173632869563],[-0.218649054824054,51.1173578473507],[-0.218640415572331,51.1175825435411],[-0.218631776206688,51.1178072397217],[-0.218623136727123,51.1180319358925],[-0.218614497133634,51.1182566320536],[-0.218605857426219,51.1184813282049],[-0.218597217604876,51.1187060243465],[-0.218588577669603,51.1189307204783],[-0.218231562883242,51.1189252794714],[-0.217874556617481,51.1189198386773],[-0.217517550771717,51.1189143968413],[-0.217508905517393,51.1191390928465],[-0.217500260147545,51.1193637888415],[-0.217491614662171,51.1195884848264],[-0.217482969061268,51.1198131808011],[-0.217474323344835,51.1200378767657],[-0.21746567751287,51.1202625727202],[-0.217822694254891,51.1202680148716],[-0.217814050123515,51.1204927108684],[-0.218171068797119,51.1204981519832],[-0.218179711112369,51.1202734559338],[-0.21853673566533,51.1202788970641],[-0.218528094932494,51.1205035931276],[-0.218885122325427,51.1205090333566],[-0.218876483263406,51.1207337294548],[-0.218867844087462,51.1209584255433],[-0.218859204797591,51.121183121622],[-0.218850565393791,51.121407817691],[-0.218841925876061,51.1216325137502],[-0.218833286244399,51.1218572097997],[-0.218824646498803,51.1220819058393],[-0.21881600663927,51.1223066018692],[-0.219173048424816,51.1223120413648],[-0.219164410236291,51.1225367374295],[-0.219155771933849,51.1227614334844],[-0.219147133517487,51.1229861295296],[-0.219138494987205,51.123210825565],[-0.219495544026537,51.123216264149],[-0.219852593179715,51.1232217016432],[-0.219843958105589,51.1234463977579],[-0.22020100915763,51.1234518342069],[-0.220209642446715,51.1232271380477],[-0.220566691827513,51.1232325733626],[-0.220558060323474,51.1234572695662],[-0.220549428705599,51.1236819657601],[-0.22054079697389,51.1239066619443],[-0.220532165128342,51.1241313581186],[-0.22017510860723,51.1241259226259],[-0.219818052199924,51.1241204860433],[-0.219809416670268,51.124345182119],[-0.220166474862707,51.124350618746],[-0.22015784100432,51.1245753148564],[-0.219800781026724,51.1245698781848],[-0.219792145269292,51.1247945742409],[-0.219435083620353,51.1247891364351],[-0.219078022085272,51.1247836975395],[-0.218720960664074,51.1247782575542],[-0.21836389935678,51.124772816479],[-0.218006842862007,51.1247673749933],[-0.217998198236583,51.1249920708397],[-0.217989553495629,51.1252167666759],[-0.217632496678064,51.1252113244575],[-0.217275439976001,51.1252058811497],[-0.217284088350172,51.1249811854186],[-0.216927033580239,51.1249757410739],[-0.216569978925851,51.1249702956399],[-0.216212924387032,51.1249648491164],[-0.215855869963806,51.1249594015036],[-0.215864525488721,51.1247347059727],[-0.215507472997686,51.1247292573231],[-0.215516130223487,51.1245045618347],[-0.215159079664639,51.1244991121483],[-0.214802029221451,51.1244936613726],[-0.214793368362552,51.1247183567558],[-0.214436316218501,51.1247129048381],[-0.214079264190157,51.124707451831],[-0.214070599582388,51.1249321470988],[-0.213713545853211,51.1249266929497],[-0.213704879313071,51.1251513881546],[-0.214061934858835,51.1251568423564],[-0.214418990520336,51.1251622954688],[-0.214776046297548,51.1251677474918],[-0.214767385091439,51.1253924428445],[-0.214758724319428,51.1256171382111],[-0.214401664859273,51.1256116860846],[-0.214393003389149,51.1258363814571],[-0.214750064686769,51.1258418336227],[-0.214741404937354,51.1260665290248],[-0.215098468189161,51.1260719801395],[-0.215089810160502,51.1262966755713],[-0.215081152015107,51.1265213709935],[-0.215072493752972,51.1267460664063],[-0.214715424988554,51.1267406151741],[-0.21435835634084,51.1267351628518],[-0.2143496942868,51.1269598581767],[-0.214341032115971,51.1271845534921],[-0.21433236982835,51.1274092487981],[-0.214689443988879,51.1274147012379],[-0.215046518266117,51.1274201525876],[-0.215037859537009,51.1276448479624],[-0.21539493576859,51.1276502982612],[-0.215752012116837,51.1276557474698],[-0.216109088581726,51.1276611955883],[-0.216466165163232,51.1276666426166],[-0.216474816541707,51.1274419470852],[-0.216483467803528,51.1272172515443],[-0.216492118948698,51.1269925559939],[-0.216849190133878,51.1269980018147],[-0.216857839324804,51.1267733062157],[-0.217214908788953,51.1267787509072],[-0.217571978369639,51.1267841945087],[-0.21792904806684,51.12678963702],[-0.217920404388706,51.1270143327363],[-0.217911760594015,51.1272390284432],[-0.217903116682766,51.1274637241406],[-0.217546041472697,51.1274582815119],[-0.217188966379148,51.1274528377932],[-0.217180318676002,51.1276775334028],[-0.217171670856247,51.1279022290029],[-0.217528749625154,51.1279076727999],[-0.217885828510585,51.1279131155068],[-0.218242907952394,51.1279185572009],[-0.218234265362054,51.1281432528805],[-0.218225622660048,51.1283679485502],[-0.218216979893231,51.1285926442189],[-0.218208337120377,51.1288173398983],[-0.217851250767433,51.1288118981253],[-0.217842606040219,51.1290365937561],[-0.217485517965975,51.1290311508538],[-0.217494164530998,51.128806455262],[-0.217137078411096,51.1288010113085],[-0.217128430008265,51.1290257068612],[-0.216771342167114,51.1290202617784],[-0.216762691809835,51.1292449572825],[-0.216405602247439,51.1292395110704],[-0.216396949935664,51.1294642065258],[-0.216039858652029,51.1294587591843],[-0.215682767485028,51.1294533107526],[-0.215674111380841,51.1296780061203],[-0.215317018492631,51.1296725565592],[-0.214959925721103,51.129667105908],[-0.214602833066283,51.1296616541665],[-0.214245740528192,51.1296562013348],[-0.214237076955739,51.1298808965362],[-0.213879982696521,51.1298754425751],[-0.213871317169346,51.1301001377278],[-0.213514221189006,51.1300946826373],[-0.213157125325473,51.1300892264565],[-0.213165794528453,51.1298645313822],[-0.212808700619648,51.1298590741504],[-0.212451606827696,51.1298536158284],[-0.212094513152619,51.1298481564162],[-0.212085838435947,51.1300728513728],[-0.212442933948919,51.1300783108242],[-0.212434260953209,51.1303030058106],[-0.21279135842098,51.1303084642111],[-0.213148456005606,51.1303139215213],[-0.21313978656885,51.1305386165766],[-0.213131117015203,51.1307633116224],[-0.213122447344664,51.1309880066587],[-0.212765344246131,51.1309825492308],[-0.212408241264459,51.1309770907126],[-0.212399567800995,51.131201785661],[-0.212756672620681,51.1312072442184],[-0.21311377755723,51.1312127016855],[-0.21347088261062,51.1312181580623],[-0.21346221454433,51.1314428531189],[-0.213453546361165,51.1316675481659],[-0.213444878061122,51.1318922432034],[-0.213436209644199,51.1321169382314],[-0.213427541110396,51.1323416332499],[-0.21378465547105,51.1323470887325],[-0.213775988658521,51.1325717837807],[-0.213418872459708,51.1325663282589],[-0.213410203692135,51.1327910232584],[-0.213401534807675,51.1330157182484],[-0.213044415049306,51.1330102615578],[-0.213035744209729,51.1332349564991],[-0.212678622729989,51.133229498679],[-0.212687295407792,51.1330048037769],[-0.212330175883158,51.1329993449056],[-0.212338850282224,51.1327746500333],[-0.212347524564333,51.1325499551515],[-0.211990408832976,51.1325444952683],[-0.211999084836281,51.1323198004163],[-0.212356198729487,51.1323252602602],[-0.212364872777687,51.1321005653593],[-0.21272198494966,51.1321060240737],[-0.213079097238506,51.1321114816977],[-0.213087767493539,51.1318867867089],[-0.212730657042803,51.1318813291241],[-0.212739329019018,51.131656634165],[-0.212382220523235,51.1316511755292],[-0.212390894220588,51.1314264805998],[-0.212033787679755,51.1314210209129],[-0.211676681255835,51.1314155601357],[-0.211319574948852,51.1314100982682],[-0.211310895737331,51.1316347930798],[-0.211302216408793,51.1318594878819],[-0.210945106542644,51.1318540248456],[-0.210936425258988,51.1320787195989],[-0.210579313671731,51.132073255433],[-0.210222202201488,51.1320677901768],[-0.210230887161336,51.1318430955021],[-0.209873777646225,51.1318376291949],[-0.209865090848284,51.1320623238303],[-0.209507979612142,51.1320568563935],[-0.209499290858973,51.1322815509802],[-0.209142177901805,51.1322760824138],[-0.208785065061749,51.132270612757],[-0.208793757491141,51.132045918249],[-0.209150868493087,51.1320513878664],[-0.209159558967207,51.1318266933096],[-0.209168249324169,51.1316019987432],[-0.208811141998373,51.1315965292045],[-0.208802449803348,51.1318212237315],[-0.20844534075662,51.1318157530631],[-0.208088231827049,51.1318102813045],[-0.208079535838674,51.1320349757433],[-0.207722425188201,51.132029502855],[-0.207365314654932,51.1320240288764],[-0.207356614873121,51.132248723227],[-0.206999502618981,51.1322432481188],[-0.206642390482096,51.1322377719202],[-0.206651093940106,51.1320130776483],[-0.206659797280792,51.1317883833669],[-0.206302688937354,51.1317829061567],[-0.206311393998768,51.1315582119052],[-0.206320098942838,51.1313335176441],[-0.206328803769568,51.1311088233736],[-0.2059717010575,51.1311033451913],[-0.205980407604868,51.1308786509506],[-0.205623306848094,51.1308731717175],[-0.205614598462749,51.1310978659188],[-0.205257495985338,51.131092385556],[-0.205266206208656,51.1308676913941],[-0.205274916314566,51.1306429972228],[-0.205632015116054,51.1306484775067],[-0.205640723266632,51.1304237832864],[-0.205283626303072,51.1304183030419],[-0.204926529456869,51.1304128217071],[-0.204935241165874,51.1301881275561],[-0.204578146274952,51.1301826451705],[-0.204221051501434,51.1301771616946],[-0.204229766768765,51.129952467613],[-0.203872673950546,51.1299469830864],[-0.203515581249776,51.1299414974695],[-0.203506862306701,51.1301661914723],[-0.203149767885535,51.1301607047258],[-0.203141046987052,51.1303853986796],[-0.20349814324611,51.1303908854656],[-0.203489424067999,51.1306155794493],[-0.203846522282451,51.1306210651845],[-0.203837804824759,51.1308457591981],[-0.204194904994608,51.1308512438825],[-0.204186189257381,51.1310759379261],[-0.204543291382631,51.1310814215597],[-0.204534577365917,51.1313061156332],[-0.204525863231745,51.1315308096972],[-0.204168757430492,51.1315253259848],[-0.203811651746676,51.1315198411821],[-0.203820369556874,51.131295147197],[-0.203463265828531,51.1312896613434],[-0.203106162217674,51.1312841743996],[-0.202749058724325,51.1312786863656],[-0.202391955348508,51.1312731972413],[-0.202400680393137,51.1310485034045],[-0.20240940532017,51.1308238095582],[-0.20241813012961,51.1305991157023],[-0.202426854821461,51.130374421837],[-0.202069758914975,51.1303689317803],[-0.202061032385216,51.1305936256062],[-0.202052305737843,51.1308183194225],[-0.201695206273092,51.1308128281967],[-0.201703934758395,51.1305881344198],[-0.201346841795684,51.1305826421741],[-0.200989752204775,51.1305771488609],[-0.200981020354988,51.1308018425335],[-0.200972288391184,51.1310265361957],[-0.200963556313364,51.1312512298477],[-0.200954824121523,51.1314759234894],[-0.200597727592447,51.1314704288626],[-0.200606461547356,51.131245735277],[-0.200615195388223,51.1310210416811],[-0.200258102499263,51.1310155460769],[-0.20024936689535,51.1312402396168],[-0.200240631177374,51.1314649331464],[-0.199883534876329,51.1314594363408],[-0.199892272357372,51.1312347428672],[-0.199901009724326,51.1310100493833],[-0.199909746977197,51.1307853558891],[-0.199918484115984,51.1305606623846],[-0.199561394981107,51.1305551647137],[-0.199204305960297,51.1305496659533],[-0.198847217053573,51.1305441661036],[-0.198838474625805,51.1307688594399],[-0.198829732083884,51.1309935527659],[-0.198820989427812,51.1312182460817],[-0.198812246657585,51.131442939387],[-0.1988035037732,51.1316676326821],[-0.198794760774657,51.1318923259668],[-0.198786017661954,51.1321170192412],[-0.198428916527936,51.1321115179095],[-0.198420171537922,51.1323362111175],[-0.198063068754906,51.1323307086402],[-0.198054321887535,51.1325554017818],[-0.198045574905954,51.132780094913],[-0.197688468710753,51.1327745912341],[-0.197679719851746,51.1329992842989],[-0.198036827810158,51.133004788034],[-0.198028080600147,51.1332294811446],[-0.197670970878501,51.1332239773534],[-0.197313861271056,51.1332184724727],[-0.197322612007534,51.1329937794743],[-0.19733136262975,51.1327690864656],[-0.196974256662969,51.1327635806076],[-0.196983008934112,51.1325388876447],[-0.196625904844757,51.1325333807534],[-0.19661715081043,51.1327580736602],[-0.196260045072157,51.1327525656232],[-0.195902939448173,51.1327470564967],[-0.195545833938501,51.1327415462808],[-0.195537074500265,51.1329662390088],[-0.195179967341729,51.1329607276472],[-0.194822860297551,51.1329552151961],[-0.194465753367756,51.1329497016555],[-0.194108646552364,51.1329441870253],[-0.194099879946883,51.1331688795184],[-0.193742771482706,51.1331633637425],[-0.19338566313298,51.1331578468772],[-0.193394433264885,51.1329331544965],[-0.193037326792843,51.1329276365979],[-0.193046098573426,51.1327029442631],[-0.193054870239479,51.132478251918],[-0.193063641791005,51.1322535595625],[-0.193072413228005,51.1320288671967],[-0.193429512647437,51.1320343848705],[-0.193420742973556,51.1322590772925],[-0.193777844270572,51.1322645939331],[-0.193786612181334,51.1320399014548],[-0.194143711829672,51.1320454169497],[-0.194152477862854,51.131820724405],[-0.19450957586251,51.1318262387542],[-0.194518340018159,51.131601546143],[-0.194875436369128,51.1316070593466],[-0.194884198647288,51.1313823666689],[-0.194527104059379,51.1313768535214],[-0.19417000958586,51.1313713392845],[-0.194178775275687,51.1311466467088],[-0.194187540851065,51.1309219541228],[-0.193830450018002,51.1309164389088],[-0.193473359299371,51.1309109226055],[-0.193116268695195,51.1309054052127],[-0.193107497830792,51.1311300976301],[-0.19275040557809,51.1311245790917],[-0.192741632836145,51.1313492714426],[-0.19238453893492,51.1313437517586],[-0.192027445148223,51.1313382309851],[-0.192018668765644,51.1315629232132],[-0.191661573330453,51.131557401294],[-0.191304478009835,51.1315518782854],[-0.19129569798654,51.1317765703907],[-0.191286917848611,51.1320012624857],[-0.191278137596046,51.1322259545703],[-0.191269357228842,51.1324506466446],[-0.191260576746998,51.1326753387086],[-0.191617680883161,51.1326808619984],[-0.191974785133908,51.1326863841988],[-0.191966008063778,51.132911076365],[-0.192323114192266,51.1329165975321],[-0.19231433877074,51.1331412897441],[-0.192305563234636,51.1333659819458],[-0.192662673004098,51.1333715021359],[-0.193019782888082,51.1333770212365],[-0.193376892886565,51.1333825392475],[-0.193368122525637,51.1336072316075],[-0.193359352050194,51.1338319239572],[-0.193716465689688,51.1338374409912],[-0.19370769712077,51.1340621334315],[-0.193698928500498,51.1342868258731],[-0.193690159765952,51.1345115183052],[-0.193681390917127,51.1347362107278],[-0.194038511715026,51.1347417268352],[-0.194029744510802,51.1349664192879],[-0.194020977192318,51.1351911117312],[-0.193663852876637,51.1351855955444],[-0.193306728675201,51.1351800782673],[-0.193297957724608,51.1354047706216],[-0.19294083187852,51.1353992522144],[-0.192583706146723,51.1353937327167],[-0.192574931563938,51.1356184249821],[-0.192566156866796,51.1358431172379],[-0.192557382055298,51.1360678094842],[-0.192548607129442,51.1362925017211],[-0.192191474476067,51.136286980974],[-0.191834341937038,51.1362814591366],[-0.191825563378763,51.1365061512844],[-0.19181678470608,51.1367308434227],[-0.191459648763344,51.1367253204154],[-0.191450868217181,51.1369500125044],[-0.191093730629773,51.1369444883668],[-0.190736593156784,51.1369389631388],[-0.190379455798237,51.1369334368202],[-0.190388241621602,51.1367087448505],[-0.190031106136584,51.1367032174813],[-0.189673970766052,51.1366976890217],[-0.189316835510027,51.1366921594716],[-0.188959700368534,51.136686628831],[-0.188602565341594,51.1366810971],[-0.188245430429231,51.1366755642786],[-0.188236634051515,51.1369002560095],[-0.187879497494699,51.1368947220578],[-0.187522361052507,51.1368891870155],[-0.187165224724961,51.1368836508829],[-0.186808088512083,51.1368781136598],[-0.186450952413897,51.1368725753462],[-0.186093816430425,51.1368670359422],[-0.186085009383658,51.1370917274244],[-0.185727871755861,51.1370861868901],[-0.185370734242824,51.1370806452652],[-0.185013596844572,51.13707510255],[-0.185022409168521,51.1368504111874],[-0.184665273913704,51.1368448678847],[-0.184308138930912,51.1368393237615],[-0.183951004062432,51.1368337785469],[-0.183593869308287,51.1368282322409],[-0.1832367346685,51.1368226848434],[-0.183245555612158,51.1365979935626],[-0.183254376441404,51.1363733022733],[-0.18361150758489,51.13637884963],[-0.183620326551608,51.1361541583117],[-0.183263197156238,51.1361486109753],[-0.182906067875243,51.1361430625476],[-0.182897245412293,51.1363677538251],[-0.182888422834911,51.1365924450941],[-0.182879600143093,51.1368171363546],[-0.18252246573209,51.1368115867743],[-0.182165331435511,51.1368060361026],[-0.182156505132899,51.1370307273137],[-0.181799369202591,51.1370251755302],[-0.181442233386756,51.1370196226552],[-0.181085097685416,51.1370140686889],[-0.180727962098592,51.1370085136311],[-0.180370826626308,51.1370029574819],[-0.180013691268587,51.1369974002413],[-0.179656556025449,51.1369918419092],[-0.179647717371005,51.1372165329688],[-0.17929058049429,51.1372109735249],[-0.178933443732206,51.1372054129895],[-0.178924601466707,51.1374301039996],[-0.178567463071074,51.1374245423524],[-0.17821032479012,51.1374189796137],[-0.177853186623866,51.1374134157835],[-0.177844338999006,51.1376381067236],[-0.177487199199256,51.1376325417815],[-0.177130059514254,51.137626975748],[-0.177121208278152,51.1378516666385],[-0.176764066959681,51.137846099493],[-0.176406925756006,51.1378405312561],[-0.176049784667147,51.1378349619277],[-0.175692643693129,51.1378293915079],[-0.175335502833972,51.1378238199966],[-0.1749783620897,51.1378182473938],[-0.174987223815203,51.1375935566266],[-0.174996085425769,51.1373688658508],[-0.174638948292835,51.1373632921977],[-0.174647811536647,51.1371386014339],[-0.174656674665502,51.1369139106615],[-0.174299541143832,51.1369083359581],[-0.174290676266819,51.13713302671],[-0.173933541111938,51.1371274508946],[-0.173576406072026,51.1371218739879],[-0.173585274445347,51.1368971832772],[-0.173228141268578,51.1368916052997],[-0.173219271147105,51.1371162959897],[-0.173210400910584,51.1373409866712],[-0.172853264352505,51.137335407561],[-0.172496127909464,51.1373298273593],[-0.172138991581484,51.1373242460662],[-0.172130115985338,51.1375489366773],[-0.171772978024252,51.1375433542721],[-0.171415840178274,51.1375377707756],[-0.171058702447426,51.1375321861875],[-0.171049821491536,51.137756876728],[-0.171406960970591,51.1377624613367],[-0.171398081647744,51.1379871518893],[-0.171389202209732,51.1382118424333],[-0.171746345300405,51.1382174259919],[-0.171737467495502,51.138442116548],[-0.172094612449567,51.1384476990357],[-0.172085736277816,51.1386723896039],[-0.172076859990939,51.1388970801635],[-0.172434008556726,51.138902661601],[-0.172425133903067,51.1391273521726],[-0.172067983588933,51.1391217707145],[-0.171710833389899,51.1391161881649],[-0.171701955124395,51.1393408786867],[-0.171344803292115,51.1393352950249],[-0.171335923163067,51.1395599855175],[-0.170978769697547,51.1395544007436],[-0.170621616347197,51.1395488148781],[-0.170612732606154,51.1397735053208],[-0.170255577622592,51.1397679183432],[-0.169898422754246,51.139762330274],[-0.169889535401124,51.1399870206668],[-0.169532378899595,51.1399814314854],[-0.169175222513331,51.1399758412125],[-0.169166331548046,51.1402005315553],[-0.168809173528625,51.1401949401701],[-0.168452015624515,51.1401893476934],[-0.168094855782879,51.1401837547207],[-0.168085959329347,51.140408445029],[-0.168077062761889,51.1406331353283],[-0.168068166080505,51.1408578256184],[-0.16805926928519,51.1410825158994],[-0.168416436622181,51.1410881088132],[-0.168773601520274,51.1410937013728],[-0.169130766533687,51.1410992928408],[-0.169487931662396,51.1411048832172],[-0.169845096906379,51.1411104725021],[-0.170202262265613,51.1411160606953],[-0.170559427740076,51.1411216477971],[-0.170550543192409,51.1413463381798],[-0.170907710530642,51.1413519242106],[-0.170916593329746,51.1411272338072],[-0.1712737590346,51.1411328187258],[-0.171282639969944,51.1409081282931],[-0.171291520790098,51.140683437852],[-0.171300401495062,51.1404587474022],[-0.171657562069509,51.1404643311672],[-0.172014722759088,51.1404699138407],[-0.172023599851907,51.1402452233411],[-0.172380758908114,51.1402508049024],[-0.172737918079408,51.1402563853721],[-0.172729044483555,51.140481075913],[-0.173086205518399,51.1404866553118],[-0.173077333555957,51.1407113458647],[-0.173068461478438,51.1409360364091],[-0.17305958928584,51.1411607269449],[-0.173050716978161,51.1413854174721],[-0.173041844555399,51.1416101079907],[-0.173032972017551,51.1418347985008],[-0.173024099364618,51.1420594890023],[-0.173015226525818,51.1422841796572],[-0.172658051505498,51.1422786000853],[-0.172649176636924,51.1425032910883],[-0.172291999974857,51.1424977104204],[-0.172300876600687,51.142273019421],[-0.171943701811406,51.1422674376642],[-0.171934823428324,51.14249212866],[-0.171577646997348,51.1424865458071],[-0.171220470681949,51.1424809618617],[-0.170863294482151,51.1424753768239],[-0.170872178136979,51.142250685839],[-0.170515003810049,51.1422450997123],[-0.17052388885796,51.1420204092764],[-0.170881061442019,51.1420259953693],[-0.170889944586782,51.1418013049916],[-0.170532773751353,51.1417957189195],[-0.170541658529502,51.1415710285539],[-0.170184489557892,51.1415654414108],[-0.169827320701515,51.1415598531762],[-0.169470151960394,51.1415542638499],[-0.16911298333455,51.1415486734321],[-0.169121874991784,51.1413239831407],[-0.168764708229816,51.141318391652],[-0.168755814824007,51.1415430819226],[-0.168398646428787,51.1415374893216],[-0.168407541583171,51.1413127990717],[-0.168050372375945,51.1413072061714],[-0.167693200525842,51.1413016129749],[-0.167684301783445,51.1415263032066],[-0.167327128328048,51.1415207088879],[-0.1669699549866,51.1415151134781],[-0.166612781759122,51.1415095169773],[-0.166255608645636,51.1415039193854],[-0.165898435646164,51.1414983207024],[-0.165541262760729,51.1414927209283],[-0.165184089989352,51.1414871200632],[-0.164826917332056,51.141481518107],[-0.164469744788863,51.1414759150598],[-0.16446083045942,51.1417006050016],[-0.164103656311128,51.1416950008321],[-0.164112572359793,51.1414703109215],[-0.163755400044871,51.1414647056921],[-0.163746482276986,51.1416893955714],[-0.163737564394898,51.1419140854417],[-0.163380388755685,51.1419084790587],[-0.16337146904013,51.1421331688886],[-0.163362549016339,51.1423578591442],[-0.163719728084617,51.14236346561],[-0.163710809552884,51.1425881561398],[-0.164067990451678,51.142593761551],[-0.164425171464489,51.1425993658714],[-0.16441625625169,51.1428240564643],[-0.164407340924864,51.1430487470478],[-0.164050156479027,51.143043142655],[-0.164041239321628,51.143267833193],[-0.164398425484011,51.143273437622],[-0.164755611760394,51.1432790409602],[-0.164746697922081,51.1435037315613],[-0.165103886029015,51.1435093338448],[-0.165094973793285,51.1437340244728],[-0.165452163730774,51.1437396257017],[-0.165443253097674,51.1439643163565],[-0.165086061443567,51.1439587150915],[-0.165077148979856,51.1441834057008],[-0.165434342350603,51.144189007002],[-0.165791535835293,51.1441946072123],[-0.165782626690916,51.1444192978847],[-0.166139822006191,51.1444248970403],[-0.166130914464552,51.1446495877395],[-0.166122006808981,51.1448742784294],[-0.16647920567156,51.1448798765664],[-0.166470299618791,51.1451045672831],[-0.166461393452109,51.1453292579905],[-0.166818595862065,51.1453348551089],[-0.166809691298249,51.1455595458431],[-0.166800786620538,51.145784236568],[-0.166443580776998,51.1457786393772],[-0.166086375047348,51.1457730410954],[-0.165729169431609,51.1457674417226],[-0.165720259489532,51.1459921323296],[-0.165363052270906,51.1459865318296],[-0.165354140498023,51.1462112223911],[-0.164996931676514,51.1462056207639],[-0.164639722968988,51.1462000180457],[-0.164630807648394,51.1464247085253],[-0.164273597338012,51.1464191046799],[-0.164264680186503,51.146643795114],[-0.16390746827327,51.1466381901413],[-0.163898549290802,51.1468628805297],[-0.163541335774721,51.1468572744298],[-0.163532414961249,51.1470819647727],[-0.163175199842325,51.1470763575455],[-0.163166277197806,51.1473010478427],[-0.162809060476042,51.1472954394882],[-0.16280013600043,51.1475201297399],[-0.162442917675831,51.147514520258],[-0.162085699465378,51.1475089096851],[-0.161728481369095,51.1475032980212],[-0.161371263387002,51.1474976852662],[-0.161380194730438,51.1472729951597],[-0.16102297857951,51.14726738135],[-0.161031911525632,51.1470426912705],[-0.161040844357493,51.1468180011816],[-0.161049777075094,51.1465933110834],[-0.161058709678437,51.1463686209758],[-0.161067642167523,51.1461439308589],[-0.161076574542355,51.1459192407327],[-0.161085506802935,51.1456945505971],[-0.161094438949264,51.1454698604521],[-0.161103370981345,51.1452451702978],[-0.161112302899179,51.1450204801342],[-0.161121234702768,51.1447957899612],[-0.161130166392115,51.1445710997789],[-0.160772970957085,51.1445654853139],[-0.160781904248853,51.1443407951586],[-0.16079083742636,51.1441161049938],[-0.160799770489608,51.1438914148198],[-0.160808703438599,51.1436667246364],[-0.160817636273334,51.1434420344436],[-0.160826568993817,51.1432173442415],[-0.161183754129208,51.1432229584885],[-0.16119268501891,51.1429982682408],[-0.161201615794385,51.1427735779836],[-0.161210546455635,51.1425488877172],[-0.161219477002661,51.1423241974414],[-0.16122840728818,51.1420995074904],[-0.161585583961144,51.1421051204512],[-0.161594512272984,51.1418804307777],[-0.161951687341002,51.1418860426161],[-0.162308862523304,51.1418916533634],[-0.162299937649972,51.1421163430994],[-0.162657114665791,51.1421219527869],[-0.162666037819866,51.1418972630196],[-0.16267496085967,51.1416725732431],[-0.162317787282342,51.1416669636182],[-0.161960613819274,51.1416613529022],[-0.161603440470486,51.1416557410952],[-0.161612368553654,51.1414310514036],[-0.161621296522488,51.1412063617028],[-0.161264126726395,51.1412007488673],[-0.16127305630006,51.1409760591888],[-0.161281985759374,51.1407513695012],[-0.161290915104338,51.1405266798045],[-0.161299844334954,51.1403019900987],[-0.161308773451224,51.1400773003837],[-0.160951612365035,51.1400716866138],[-0.160960543086012,51.1398469969211],[-0.160969473692624,51.1396223072193],[-0.160978404184875,51.1393976175084],[-0.160987334562765,51.1391729277885],[-0.160996264826297,51.1389482380594],[-0.161005194975473,51.1387235483212],[-0.161014125010295,51.1384988585739],[-0.161023054930764,51.1382741688175],[-0.161031984736882,51.1380494790521],[-0.161040914428652,51.1378247892775],[-0.161049844006075,51.1376000994938],[-0.161058773469154,51.137375409701],[-0.16106770281789,51.1371507198992],[-0.161076632052285,51.1369260300882],[-0.161085561172341,51.1367013402681],[-0.16109449017806,51.136476650439],[-0.161103419069444,51.1362519606007],[-0.161112347846495,51.1360272707533],[-0.161121276509215,51.1358025808969],[-0.161130205057606,51.1355778910313],[-0.161139133491669,51.1353532011567],[-0.161148061811408,51.1351285112729],[-0.161156990016822,51.1349038213801],[-0.161165918107915,51.1346791314781],[-0.161174846084689,51.1344544415671],[-0.161183773947145,51.1342297516469],[-0.161192701695285,51.1340050617177],[-0.161201629101942,51.1337803737605],[-0.161210556120048,51.1335556881882],[-0.161219483024284,51.133331002606],[-0.161228409814652,51.1331063170141],[-0.161237336491155,51.1328816314124],[-0.161246263053794,51.1326569458009],[-0.161255189502571,51.1324322601796],[-0.161264115837488,51.1322075745486],[-0.161621216847979,51.1322131870105],[-0.161612292222564,51.1324378726867],[-0.16196939505636,51.1324434841038],[-0.161960472026633,51.1326681698153],[-0.162317576683738,51.1326737801875],[-0.162308655249743,51.1328984659343],[-0.162665761730162,51.1329040752616],[-0.162656841891944,51.1331287610437],[-0.16301395019568,51.133134369326],[-0.163371058613137,51.1331399765183],[-0.163728167144293,51.1331455826205],[-0.163719252321098,51.1333702685281],[-0.163710337384188,51.1335949544258],[-0.164067449448251,51.1336005595282],[-0.164424561625974,51.1336061635404],[-0.164781673917335,51.1336117664627],[-0.165138786322311,51.1336173682949],[-0.165495898840881,51.1336229690371],[-0.165504805229643,51.1333982829141],[-0.165513711504802,51.1331735967814],[-0.165156602405477,51.1331679961293],[-0.165165510276624,51.1329433100318],[-0.165174418034149,51.1327186239245],[-0.165183325678055,51.1324939378075],[-0.165192233208343,51.1322692516807],[-0.164835131060826,51.1322636501186],[-0.164478029026912,51.1322580474666],[-0.164486939862581,51.13203336142],[-0.164495850584593,51.1318086753637],[-0.164138752083274,51.1318030717117],[-0.164147664401081,51.1315783856906],[-0.163790567722856,51.1315727809938],[-0.163433471158295,51.1315671752069],[-0.163442386781279,51.1313424892662],[-0.163799481636415,51.131348095008],[-0.164156576605213,51.1313536996598],[-0.16416548869567,51.1311290136191],[-0.164174400672456,51.1309043275687],[-0.164183312535571,51.1306796415084],[-0.164192224285018,51.1304549554384],[-0.164201135920798,51.1302302693586],[-0.164210047442914,51.130005583269],[-0.164218958851368,51.1297808971696],[-0.163861875847945,51.1297752928332],[-0.163504792958171,51.1297696874068],[-0.163147710182067,51.1297640808905],[-0.162790627519656,51.1297584732843],[-0.162799545651443,51.1295337873554],[-0.163156626604608,51.1295393949165],[-0.163513707671465,51.1295450013877],[-0.16387078885199,51.1295506067691],[-0.163879701742353,51.1293259206951],[-0.163522622271055,51.1293203153589],[-0.163531536756945,51.1290956293202],[-0.163540451129136,51.1288709432718],[-0.163549365387631,51.1286462572136],[-0.16355827953243,51.1284215711457],[-0.16320120701148,51.1284159648997],[-0.163192291157543,51.1286406509227],[-0.16283521704114,51.1286350435419],[-0.16247814303844,51.1286294350712],[-0.162487062310646,51.1284047491384],[-0.162129990130805,51.128399139623],[-0.16213891099836,51.1281744537255],[-0.162147831752136,51.1279497678183],[-0.162156752392135,51.1277250819012],[-0.162165672918358,51.1275003959744],[-0.162174593330808,51.1272757100377],[-0.162183513629486,51.1270510240913],[-0.162192433814394,51.1268263381351],[-0.162201353885535,51.1266016521691],[-0.16221027384291,51.1263769661933],[-0.162219193686521,51.1261522802077],[-0.161862138710511,51.1261466700534],[-0.161871060149247,51.1259219841032],[-0.16222811341637,51.1259275942124],[-0.16223703303246,51.1257029082072],[-0.162245952150239,51.1254782243233],[-0.161888902272828,51.1254726144624],[-0.161897822167497,51.1252479351563],[-0.162254870329586,51.1252535449992],[-0.162263788394854,51.1250288656667],[-0.161906741948064,51.1250232558418],[-0.161549695615333,51.1250176449259],[-0.161192649396684,51.1250120329189],[-0.161201572493701,51.1247873536319],[-0.161210495476577,51.1245626743365],[-0.1615675382647,51.1245682863075],[-0.161576459418206,51.1243436069856],[-0.161585380457595,51.1241189276554],[-0.161594301382871,51.1238942483167],[-0.161603222194035,51.1236695689695],[-0.161960258235441,51.1236751797775],[-0.161969177217351,51.123450500404],[-0.161978096085175,51.123225821022],[-0.161987014838915,51.1230011416315],[-0.161995933478571,51.1227764622327],[-0.162004852004148,51.1225517828254],[-0.162013770415646,51.1223271034097],[-0.162022688713068,51.1221024239855],[-0.162031606896415,51.121877744553],[-0.162040524965688,51.1216530651119],[-0.162049442920892,51.1214283856625],[-0.162058360762026,51.1212037062046],[-0.162067278489094,51.1209790267383],[-0.162076196102096,51.1207543472636],[-0.162085113601036,51.1205296677804],[-0.161728101569627,51.1205240572242],[-0.16137108965226,51.1205184455771],[-0.161380010466805,51.1202937661215],[-0.161388931167247,51.1200690866574],[-0.161397851753587,51.1198444071849],[-0.161406772225828,51.119619727704],[-0.161415692583971,51.1193950482146],[-0.161424612828019,51.1191703687168],[-0.161067611313368,51.1191647560869],[-0.16107653315802,51.1189400765987],[-0.160719533472141,51.1189344628959],[-0.160728456917352,51.1187097834173],[-0.160371459060241,51.1187041686418],[-0.160362533900358,51.1189288481024],[-0.160353608626315,51.1191535275546],[-0.160344683238114,51.1193782069984],[-0.16033575773575,51.1196028864337],[-0.160326832119223,51.1198275658606],[-0.16031790638853,51.1200522452791],[-0.160308980543669,51.1202769246891],[-0.160300054584638,51.1205016040907],[-0.160657066159745,51.1205072190104],[-0.160648141801391,51.1207318984216],[-0.160639217328886,51.1209565778243],[-0.160630292742228,51.1211812572186],[-0.160621368041415,51.1214059366045],[-0.160612443226445,51.121630615982],[-0.160603518297315,51.121855295351],[-0.160594593254025,51.1220799747116],[-0.160585668096572,51.1223046540637],[-0.160576742824953,51.1225293334075],[-0.160567817439168,51.1227540127428],[-0.160558891939214,51.1229786920696],[-0.16054996632509,51.1232033713881],[-0.160541040596793,51.1234280506981],[-0.160532114754321,51.1236527299996],[-0.160523188797673,51.1238774092927],[-0.160514262726846,51.1241020885774],[-0.160505336541839,51.1243267678537],[-0.16049641024265,51.1245514471215],[-0.160487483829276,51.1247761263809],[-0.160478557301718,51.1250008056319],[-0.16046963065997,51.1252254848744],[-0.160826678365683,51.1252310990815],[-0.161183726185523,51.1252367121975],[-0.161174802860215,51.1254613914676],[-0.160817753325059,51.1254557783336],[-0.160808827481991,51.1256804614122],[-0.160451776378847,51.1256748469892],[-0.160094725389537,51.1256692314763],[-0.160103654597157,51.1254445487924],[-0.159746605404454,51.1254389323853],[-0.159389556325948,51.1254333148871],[-0.159032507361657,51.1254276962978],[-0.158675458511607,51.1254220766175],[-0.158666522571068,51.1256467585277],[-0.158309472151254,51.1256411375663],[-0.158300533737753,51.1258658230749],[-0.158291595210249,51.1260905085738],[-0.157934541486689,51.1260848864322],[-0.157925601136294,51.1263095718761],[-0.15791666067187,51.1265342573102],[-0.157907720093416,51.1267589427345],[-0.15789877940093,51.126983628149],[-0.15788983859441,51.1272083135537],[-0.157880897673854,51.1274329989486],[-0.157523833810638,51.1274273754461],[-0.157166770061444,51.1274217508538],[-0.156809706426298,51.1274161251717],[-0.156452642905218,51.1274104983998],[-0.15609557949823,51.1274048705381],[-0.156086629918564,51.1276295556971],[-0.156077680224748,51.1278542408463],[-0.155720613513831,51.1278486118044],[-0.155729564916678,51.1276239267004],[-0.155372500028926,51.1276182966138],[-0.155015435255333,51.1276126654375],[-0.15465837059592,51.1276070331713],[-0.154649414065993,51.1278317181395],[-0.154640457421825,51.128056403098],[-0.154997525499311,51.1280620354547],[-0.154988570449972,51.1282867204485],[-0.15497961528641,51.1285114054327],[-0.154970660008624,51.128736090407],[-0.155327733327572,51.1287417218096],[-0.155318779644698,51.1289664068194],[-0.155309825847618,51.1291910918194],[-0.154952749110375,51.1291854603262],[-0.154595672487324,51.1291798277431],[-0.154238595978488,51.1291741940702],[-0.153881519583888,51.1291685593075],[-0.153890480217592,51.1289438744886],[-0.153533405646403,51.1289382386813],[-0.153542367874943,51.1287135538979],[-0.15318529512716,51.1287079170461],[-0.152828222493675,51.1287022791044],[-0.152837188026109,51.1284775944018],[-0.152480117216047,51.1284719554156],[-0.152489084343206,51.1282472707486],[-0.152132015356561,51.1282416307179],[-0.152140984078399,51.1280169460864],[-0.151783916915169,51.1280113050112],[-0.151426849442242,51.1280056627001],[-0.151069781380629,51.1280000190576],[-0.151078755165743,51.1277753345866],[-0.150721688944857,51.1277696899186],[-0.150730664340134,51.1275450055004],[-0.150739639620104,51.1273203210714],[-0.151096702390108,51.1273259656124],[-0.151105675829363,51.1271012811093],[-0.151114649153336,51.1268765965954],[-0.151123622362028,51.1266519120709],[-0.151132595455442,51.1264272275356],[-0.150775539586936,51.1264215832486],[-0.150784514290392,51.1261968987661],[-0.150427460262464,51.1261912534537],[-0.150070406349816,51.1261856070525],[-0.149713352552473,51.1261799595625],[-0.149356298870455,51.1261743109837],[-0.148999245303784,51.126168661316],[-0.148990261973762,51.1263933454809],[-0.14898127852833,51.1266180296352],[-0.148972294967487,51.1268427137787],[-0.149329353710151,51.1268483636369],[-0.14968641256817,51.1268540124063],[-0.149677432342667,51.1270786966662],[-0.149668452001793,51.1273033809153],[-0.149659471545545,51.1275280651537],[-0.149650490973923,51.1277527493814],[-0.14929342521426,51.1277471003579],[-0.14893635956996,51.1277414502455],[-0.14892737543203,51.1279661343354],[-0.14857030817765,51.1279604830706],[-0.148561322198812,51.1281851670862],[-0.148918391178677,51.1281908184146],[-0.149275460273929,51.128196468654],[-0.149632529484546,51.1282021178046],[-0.149641510286924,51.1279774335983],[-0.149998577887393,51.1279830815965],[-0.150007556848924,51.127758397316],[-0.150364622839243,51.1277640441617],[-0.150355645603183,51.1279887285057],[-0.150712713434269,51.1279943743261],[-0.150703737808368,51.1282190587229],[-0.151060807480225,51.1282247035178],[-0.151051833464529,51.1284493879674],[-0.151042859333538,51.1286740724062],[-0.151033885087252,51.1288987568344],[-0.151390960050992,51.1289044007309],[-0.151381987414995,51.1291290852118],[-0.151739063616492,51.1291347278439],[-0.15209613932521,51.1291403691458],[-0.152087170031363,51.1293650537283],[-0.152444247563615,51.1293706939857],[-0.152435279864549,51.1295953786037],[-0.152426312051094,51.1298200632119],[-0.152417344123251,51.1300447478104],[-0.152408376081016,51.130269432399],[-0.152399407924387,51.1304941169778],[-0.152756494117155,51.130499756372],[-0.153113580424261,51.1305053946762],[-0.15347066684568,51.1305110318905],[-0.153827753381391,51.1305166680149],[-0.153836714700897,51.1302919832548],[-0.153845675906098,51.130067298485],[-0.153854636996995,51.1298426137053],[-0.153863597973592,51.1296179289158],[-0.154220677786564,51.1296235637692],[-0.154229636939663,51.1293988789246],[-0.154586715157677,51.1294045126428],[-0.154943793489907,51.1294101452711],[-0.155300871936332,51.1294157768095],[-0.15565795049693,51.1294214072581],[-0.155648998180638,51.1296460922837],[-0.155640045750159,51.1298707772996],[-0.155631093205486,51.1300954623056],[-0.155622140546621,51.1303201473019],[-0.155979226058331,51.1303257768416],[-0.155970274994567,51.1305504618733],[-0.155961323816627,51.1307751468952],[-0.155604234886306,51.130769517265],[-0.155247146070148,51.1307638865449],[-0.154890057368174,51.1307582547348],[-0.154881100948045,51.1309829396112],[-0.155238191359355,51.1309885714665],[-0.155229236534339,51.1312132563783],[-0.155220281595099,51.1314379412803],[-0.154863187765053,51.1314323093344],[-0.15450609404922,51.1314266762987],[-0.154497135576952,51.1316513611003],[-0.154140040265954,51.1316457269293],[-0.153782945069216,51.1316400916683],[-0.153425849986756,51.1316344553174],[-0.153416886271963,51.1318591399734],[-0.153059789594392,51.1318535024872],[-0.152702693031147,51.1318478639111],[-0.152693725783143,51.1320725484666],[-0.152336627624813,51.1320669087552],[-0.151979529580855,51.1320612679538],[-0.15162243165129,51.1320556260624],[-0.151613459160543,51.1322803104721],[-0.151256358405991,51.1322746668195],[-0.150899257556114,51.1322690219706],[-0.150542156821528,51.1322633760327],[-0.150185056202254,51.1322577290057],[-0.149827955698313,51.1322520808896],[-0.149836936851955,51.1320273968128],[-0.150194035630003,51.1320330448653],[-0.150203014942384,51.1318083607142],[-0.150211994139396,51.1315836765524],[-0.149854898813064,51.1315780286269],[-0.149497803602084,51.1315723796123],[-0.149140708506475,51.1315667295088],[-0.14878361352626,51.1315610783162],[-0.148426518661462,51.1315554260346],[-0.148435506372217,51.1313307421797],[-0.148078413348673,51.1313250888726],[-0.14772132044059,51.1313194344765],[-0.147364227647987,51.1313137789914],[-0.147355234759793,51.1315384626556],[-0.147346241756055,51.131763146309],[-0.147337248636772,51.1319878299517],[-0.147694346606876,51.1319934856276],[-0.147685355097924,51.1322181693231],[-0.147328255401942,51.1322125135837],[-0.146971155821471,51.1322068567552],[-0.146614056356533,51.1322011988377],[-0.146256957007151,51.1321955398311],[-0.145899857773347,51.1321898797355],[-0.145890857519386,51.1324145631023],[-0.145533756675291,51.132408901854],[-0.145176655946819,51.1324032395167],[-0.144819555333995,51.1323975760903],[-0.144462454836838,51.1323919115748],[-0.144105354455373,51.1323862459703],[-0.14374825418962,51.1323805792768],[-0.143757264798895,51.1321558962918],[-0.143400166374756,51.1321502285729],[-0.143043068066372,51.1321445597649],[-0.143052082011588,51.1319198768966],[-0.142694985544833,51.1319142070633],[-0.142704001100067,51.131689524248],[-0.142713016539466,51.1314648414219],[-0.142722031863034,51.1312401585851],[-0.142364940689496,51.1312344878539],[-0.142373957622996,51.13100980507],[-0.142382974440647,51.1307851222755],[-0.142740062162683,51.1307907928793],[-0.142749077138767,51.1305661100103],[-0.14239199114245,51.1305604394701],[-0.142401007728405,51.1303357566541],[-0.142410024198518,51.1301110738274],[-0.142419040552788,51.1298863909899],[-0.142776121372086,51.1298920613389],[-0.142785135884887,51.129667378427],[-0.142794150281872,51.1294426955043],[-0.142437072913809,51.1294370252827],[-0.142446088920564,51.129212342413],[-0.142455104811486,51.1289876595326],[-0.142464120586575,51.1287629766415],[-0.14282119277795,51.1287686466721],[-0.14283020671169,51.1285439637065],[-0.142839220529625,51.1283192807302],[-0.142848234231755,51.1280945977432],[-0.142491167216867,51.1280889279037],[-0.142500182528647,51.1278642449697],[-0.142509197724604,51.1276395620249],[-0.142518212804739,51.1274148790694],[-0.142527227769057,51.1271901961032],[-0.142536242617558,51.1269655131262],[-0.142545257350244,51.1267408301385],[-0.142554271967118,51.1265161471401],[-0.142197217145698,51.1265104766576],[-0.142188200803507,51.1267351595924],[-0.141831144372567,51.1267294879574],[-0.141840162440071,51.1265048050864],[-0.141849180391721,51.1262801222046],[-0.141858198227517,51.1260554393122],[-0.141867215947462,51.125830756409],[-0.142224265477277,51.1258364277891],[-0.142233281356147,51.1256117448115],[-0.142242296497557,51.1253870656823],[-0.142599342710139,51.1253927357271],[-0.142956389038785,51.1253984046822],[-0.142965400366724,51.125173726918],[-0.143322445080183,51.1251793947413],[-0.143331454560832,51.1249547169256],[-0.143340463925423,51.1247300391003],[-0.142983422674355,51.1247243713607],[-0.142626381539323,51.1247187025312],[-0.142617368712365,51.1249433802728],[-0.14226032596221,51.1249377103116],[-0.141903283328138,51.1249320392606],[-0.141894266922674,51.1251567169089],[-0.141537222673508,51.1251510447262],[-0.14154624081017,51.1249263671198],[-0.14118919840833,51.1249206938891],[-0.141198218159998,51.124696016315],[-0.141555258830663,51.1247016895038],[-0.141912299617454,51.1247073616028],[-0.141921315790627,51.1244826839353],[-0.142278354962364,51.1244883549025],[-0.142287369288259,51.1242636771835],[-0.142296383498035,51.1240389994549],[-0.142305397591694,51.1238143217167],[-0.142314411569238,51.1235896439688],[-0.141957379321903,51.123583973169],[-0.141966394914379,51.1233592954534],[-0.141975410390722,51.1231346177281],[-0.141984425750934,51.1229099399932],[-0.141627398812754,51.1229042682293],[-0.141636415787813,51.1226795905266],[-0.141645432646721,51.1224549128144],[-0.141288409286579,51.1224492400444],[-0.14129742776027,51.1222245623644],[-0.141306446117793,51.1219998846748],[-0.14131546435915,51.1217752069755],[-0.140958446307852,51.1217695332415],[-0.140967466163906,51.1215448555745],[-0.140976485903777,51.1213201778979],[-0.140619471430319,51.1213145031579],[-0.140628492784822,51.1210898255136],[-0.140637514023123,51.1208651478596],[-0.140994525034973,51.1208708225158],[-0.141351536162959,51.1208764960822],[-0.141360553823516,51.1206518183349],[-0.141717563336842,51.1206574907698],[-0.142074572966257,51.120663162115],[-0.142083587049154,51.1204384842743],[-0.14244059506388,51.120444154488],[-0.142797603194649,51.1204498236121],[-0.143154611441439,51.1204554916465],[-0.143163620216021,51.1202308136706],[-0.143172628874563,51.120006135685],[-0.142815624089226,51.1200004677343],[-0.142458619419906,51.1199947986939],[-0.142101614866625,51.1199891285639],[-0.141744610429406,51.1199834573442],[-0.141735594848013,51.1202081351624],[-0.14137858879617,51.1202024628112],[-0.141021582860435,51.1201967893704],[-0.141030601903241,51.119972111636],[-0.140673597814339,51.1199664371474],[-0.140316593841587,51.1199607615692],[-0.140325616229584,51.119736083909],[-0.140334638501368,51.1195114062392],[-0.139977638106123,51.1195057296551],[-0.139986661992329,51.1192810520176],[-0.139995685762304,51.1190563743704],[-0.139638688944489,51.1190506967806],[-0.139647714328821,51.1188260191657],[-0.139290719357801,51.1188203405282],[-0.139299746356446,51.1185956629456],[-0.139308773238822,51.1183709853534],[-0.138951781845129,51.1183653057101],[-0.138942753232215,51.1185899832604],[-0.138585760224234,51.1185843024857],[-0.138228767332525,51.1185786206214],[-0.138219735142204,51.1188032980781],[-0.138210702835544,51.1190279755253],[-0.138201670412544,51.1192526529628],[-0.137844672445399,51.119246969883],[-0.137853706598998,51.1190222924874],[-0.137496710478772,51.11901660836],[-0.137487674594575,51.1192412857136],[-0.137478638593992,51.1194659630575],[-0.137835638175435,51.1194716472689],[-0.137826603789105,51.1196963246452],[-0.137817569286405,51.1199210020118],[-0.137808534667336,51.1201456793689],[-0.1381655395571,51.1201513626165],[-0.138156506552369,51.1203760400059],[-0.137799499931894,51.1203703567163],[-0.137790465080077,51.120595034054],[-0.137433456845203,51.1205893496328],[-0.137076448726687,51.1205836641219],[-0.136719440724548,51.1205779775214],[-0.136710400564103,51.1208026547236],[-0.136353390947619,51.1207969669914],[-0.136344348939959,51.1210216441419],[-0.135987337709133,51.1210159552781],[-0.135996381447559,51.1207912781695],[-0.135639372063947,51.120785588258],[-0.135630326594755,51.1210102653245],[-0.135273315596849,51.1210045742813],[-0.135264268280358,51.1212292512962],[-0.134907255668162,51.1212235591213],[-0.134550243081573,51.1212178659408],[-0.134559293858113,51.1209931890086],[-0.134202283111558,51.120987494784],[-0.134211335498356,51.120762817885],[-0.133854326594779,51.1207571226137],[-0.13386338059179,51.1205324457478],[-0.134220387768764,51.1205381409763],[-0.134577395062084,51.1205438351151],[-0.134586445489518,51.1203191581538],[-0.134229439922782,51.1203134640579],[-0.134238491960414,51.1200887871298],[-0.13424754388166,51.1198641101921],[-0.134604545995294,51.1198698042023],[-0.13461359607364,51.119645127212],[-0.134622646035626,51.1194204502121],[-0.134979644782838,51.1194261430688],[-0.134988692897702,51.1192014660189],[-0.134631695881256,51.1191957732024],[-0.13464074561053,51.1189710961831],[-0.134649795223451,51.1187464191541],[-0.134658844720022,51.1185217421155],[-0.134667894100243,51.1182970650672],[-0.134676943364117,51.1180723880092],[-0.135033931723925,51.1180780806249],[-0.135390920107175,51.1180837722114],[-0.135747908606894,51.1180894627083],[-0.135756952561586,51.1178647855165],[-0.136113939447275,51.1178704748818],[-0.136470926449384,51.1178761631576],[-0.136827913567893,51.1178818503439],[-0.137184900802779,51.1178875364405],[-0.137175863770003,51.1181122138003],[-0.137166826620828,51.1183368911504],[-0.137157789355252,51.1185615684909],[-0.137514781898012,51.118567253624],[-0.137523817433059,51.1183425762415],[-0.137532852851728,51.1181178988494],[-0.13754188815402,51.1178932214477],[-0.137550923339937,51.1176685440363],[-0.13755995840948,51.1174438666153],[-0.137916942416149,51.117449550449],[-0.137925975638901,51.1172248729764],[-0.137935008925495,51.1170001947647],[-0.137944042101005,51.1167755165217],[-0.137953075159769,51.1165508382703],[-0.13796210810179,51.1163261600106],[-0.137605132783475,51.1163204762679],[-0.137596098103173,51.1165451545106],[-0.137239121163301,51.1165394696602],[-0.137248157581884,51.1163147914344],[-0.137257193883678,51.1160901132003],[-0.136900220537088,51.1160844272931],[-0.136909258460333,51.1158597490676],[-0.136552286968739,51.1158540620866],[-0.136195315593931,51.1158483740149],[-0.135838344335933,51.1158426848525],[-0.135481373194764,51.1158369945993],[-0.135124402170449,51.1158313032553],[-0.134767431211497,51.1158256108131],[-0.134776479452099,51.1156009326753],[-0.135133448667914,51.1156066251066],[-0.135490417954028,51.1156123164335],[-0.135499462596401,51.1153876382594],[-0.135856430261185,51.1153933284785],[-0.136213398042796,51.1153990176069],[-0.136570365941211,51.1154047056446],[-0.136561326513387,51.1156293838698],[-0.136918296266772,51.1156350708337],[-0.136927333956408,51.1154103925915],[-0.137284302088365,51.1154160784477],[-0.137293337923034,51.1151914001802],[-0.137302373640926,51.1149667219042],[-0.137311409242043,51.1147420436199],[-0.137320444726388,51.1145173653272],[-0.137329480093961,51.1142926870262],[-0.137338515344766,51.1140680087168],[-0.137347550478804,51.113843330399],[-0.137356585496076,51.1136186520729],[-0.137365620396586,51.1133939737384],[-0.137374655180335,51.1131692953955],[-0.137383689847325,51.1129446170443],[-0.137740638977391,51.1129503016229],[-0.137731606048347,51.1131749799911],[-0.138088557033053,51.1131806634961],[-0.13809758822415,51.1129559851109],[-0.138106619298534,51.1127313067173],[-0.1377496717897,51.1127256232463],[-0.137758704485277,51.1125009448614],[-0.137767737064123,51.1122762664681],[-0.13777676952624,51.1120515880664],[-0.138133711821432,51.1120572714864],[-0.138124681097173,51.1122819499051],[-0.138481625246889,51.1122876322515],[-0.138490654233287,51.1120629538159],[-0.138847596761782,51.1120686350547],[-0.138856623893658,51.1118439565938],[-0.13921356480093,51.1118496367251],[-0.139222590078328,51.1116249582388],[-0.139231615239092,51.1114002797442],[-0.139588552787337,51.111405958751],[-0.13994549045215,51.1114116366672],[-0.139954512020726,51.1111869581304],[-0.139963533472717,51.1109622795851],[-0.139972554808124,51.1107376010315],[-0.139981576026951,51.1105129224696],[-0.139990597129198,51.1102882438992],[-0.140347526221874,51.1102939206403],[-0.140356545469874,51.1100692420446],[-0.140365564601321,51.1098445634407],[-0.140374583616217,51.1096198848283],[-0.140731507612457,51.1096255604281],[-0.141088431725182,51.1096312349373],[-0.141097447148318,51.1094065562828],[-0.14110646245495,51.1091818776199],[-0.141463383208943,51.1091875510048],[-0.141820304079371,51.1091932232993],[-0.142177225066215,51.1091988945032],[-0.142168214972347,51.1094235732168],[-0.142525137813175,51.1094292433471],[-0.142516129340486,51.1096539220692],[-0.142873054035301,51.1096595911259],[-0.142864047183837,51.1098842698565],[-0.142507120751382,51.1098786007829],[-0.142498112045861,51.1101032794883],[-0.142489103223921,51.1103279581853],[-0.142132173432501,51.1103222879874],[-0.142123162756435,51.1105469666592],[-0.142114151963924,51.1107716453226],[-0.142471085230774,51.1107773155542],[-0.142828018614007,51.1107829846952],[-0.143184952113601,51.1107886527457],[-0.143541885729533,51.1107943197056],[-0.143550889571128,51.1105696409748],[-0.143559893296367,51.1103449622356],[-0.14391682355317,51.1103506280713],[-0.143925825424364,51.1101259493069],[-0.143934827179228,51.1099012705341],[-0.143943828817765,51.109676591753],[-0.143952830339974,51.1094519129635],[-0.144309753762436,51.1094575776414],[-0.144318753430719,51.1092328988267],[-0.144327752982702,51.1090082200036],[-0.144336752250926,51.1087835396363],[-0.144345751201532,51.1085588574194],[-0.144354750035143,51.1083341751951],[-0.144363748751758,51.1081094929633],[-0.144006835793702,51.1081038282419],[-0.143649922952619,51.1080981624293],[-0.143658925055001,51.1078734801896],[-0.143302014082289,51.1078678132855],[-0.143293010228528,51.1080924955253],[-0.142936097621455,51.10808682753],[-0.14257918513142,51.1080811584434],[-0.142222272758447,51.1080754882655],[-0.141865360502558,51.1080698169962],[-0.141508448363776,51.1080641446356],[-0.141151536342123,51.1080584711837],[-0.141160550704108,51.1078337889431],[-0.141169564948899,51.1076091066949],[-0.141526473467844,51.107614780147],[-0.141535485844124,51.1073900978915],[-0.141544498103238,51.1071654156284],[-0.141187593086913,51.1071597421761],[-0.141196606980139,51.1069350599054],[-0.14120562075618,51.1067103776272],[-0.141562522269976,51.1067160510798],[-0.141571534177603,51.1064913687942],[-0.141928434057282,51.1064970411557],[-0.142285334054055,51.1065027124258],[-0.142642234167897,51.1065083826047],[-0.142999134398787,51.1065140516923],[-0.143008139184402,51.1062893693998],[-0.142651240704728,51.106283700312],[-0.14266024712447,51.1060590180118],[-0.142303350513034,51.1060533478326],[-0.142312358566858,51.1058286655248],[-0.142321366503575,51.1056039832095],[-0.142678259612694,51.1056096533889],[-0.142669253427124,51.1058343357041],[-0.143026148404432,51.1058400047922],[-0.143035152838851,51.1056153224771],[-0.143392046182027,51.1056209904741],[-0.143401048748257,51.1053963081517],[-0.143044157156211,51.1053906401546],[-0.143053161356511,51.1051659578245],[-0.143062165439754,51.104941275487],[-0.14341905352961,51.1049469434844],[-0.143428055744737,51.1047222611395],[-0.143784942200518,51.1047279280459],[-0.143775941736454,51.1049526103906],[-0.144132830060265,51.1049582762057],[-0.144141828773262,51.1047335938611],[-0.144498715462949,51.1047392585851],[-0.144507712307915,51.1045145762332],[-0.144864597363474,51.1045202398662],[-0.144855602269553,51.1047449222179],[-0.145212489193055,51.1047505847595],[-0.145203495733267,51.1049752671035],[-0.145560384524717,51.1049809285538],[-0.145569376233432,51.10475624621],[-0.145578367825251,51.1045315638586],[-0.145587359300176,51.1043068814998],[-0.145596350658209,51.1040821991335],[-0.145605341899352,51.1038575167597],[-0.145248461863046,51.1038518553084],[-0.145239468870919,51.1040765376825],[-0.144882587200498,51.1040708751402],[-0.144891581943607,51.103846192766],[-0.144900576569783,51.1036215103843],[-0.145257454738263,51.1036271729269],[-0.145266447496571,51.1034024905378],[-0.145623324030976,51.1034081519895],[-0.145632314921461,51.1031834695932],[-0.145641305695064,51.1029587871893],[-0.145998178844493,51.1029644475503],[-0.146007167750342,51.1027397651391],[-0.146364039265708,51.1027454244092],[-0.146373026303848,51.1025207419908],[-0.146729896185148,51.1025264001699],[-0.146720910897864,51.1027510825881],[-0.147077782646785,51.1027567396759],[-0.147086766183212,51.102532057258],[-0.147443636298017,51.1025377132549],[-0.147452617966821,51.1023130308297],[-0.147809486447506,51.1023186857359],[-0.14781846624873,51.1020940033034],[-0.148175333095292,51.1020996571187],[-0.148184311028983,51.101874974679],[-0.148541176241417,51.1018806274034],[-0.148550152307618,51.1016559449565],[-0.14819328884596,51.1016502922318],[-0.148202266546226,51.1014256097771],[-0.148211244129782,51.1012009273149],[-0.148568104089956,51.1012065800402],[-0.148559128257131,51.1014312625021],[-0.148915990084676,51.1014369141361],[-0.148924964166769,51.1012122316744],[-0.149281824360199,51.1012178822176],[-0.149290796574917,51.1009931997488],[-0.149647655134228,51.1009988492012],[-0.149656625481615,51.1007741667251],[-0.150013482406802,51.1007798150868],[-0.150370339448535,51.1007854623574],[-0.150379306177962,51.1005607798745],[-0.150736161585543,51.1005664260544],[-0.150745125895347,51.1003417418011],[-0.151101979673849,51.1003473869102],[-0.151110942071164,51.1001227025093],[-0.151467794205485,51.1001283464996],[-0.15147675472459,51.0999036620603],[-0.15148571512667,51.0996789776121],[-0.151494675411728,51.0994542931549],[-0.151137828560818,51.0994486492526],[-0.151146790489948,51.0992239648156],[-0.151155752302037,51.0989992803698],[-0.151512595630783,51.0990049242135],[-0.151521555564784,51.0987802397293],[-0.151878398410705,51.0987858826626],[-0.151869440168834,51.0990105671656],[-0.152226284989091,51.0990162090582],[-0.152235241511637,51.0987915245314],[-0.15259208472739,51.0987971653105],[-0.152601039415758,51.0985724807511],[-0.152957881027004,51.0985781204166],[-0.152966833881238,51.0983534358247],[-0.153323673887974,51.0983590743766],[-0.15333262490812,51.0981343897522],[-0.15368946331034,51.0981400271905],[-0.153698412496442,51.0979153425335],[-0.154055249294142,51.0979209788583],[-0.154064196646244,51.0976962941689],[-0.154421031839422,51.0977019293801],[-0.154429977357567,51.0974772446582],[-0.154786810946219,51.0974828787559],[-0.154795754630452,51.0972581940014],[-0.154804698199981,51.0970335092382],[-0.155161528464938,51.0970391421987],[-0.155170470200624,51.096814457403],[-0.155527298861067,51.0968200892501],[-0.155536238762953,51.0965954044219],[-0.155893065818878,51.0966010351555],[-0.155902003887009,51.0963763502948],[-0.156258829338413,51.096381979915],[-0.156267765572832,51.0961572950219],[-0.155910941840511,51.0961516654254],[-0.155919879679385,51.0959269805473],[-0.155928817403634,51.0957022956605],[-0.156285637697858,51.0957079252094],[-0.156294573588468,51.0954832402901],[-0.156651392278227,51.0954888687257],[-0.156660326335242,51.0952641837739],[-0.157017143420531,51.0952698110961],[-0.157026075643996,51.0950451261119],[-0.157382891124814,51.0950507523208],[-0.157739706720111,51.09505637744],[-0.157748635391112,51.0948316923997],[-0.158105449381909,51.0948373164056],[-0.158114376219468,51.0946126313328],[-0.158471188605761,51.0946182542255],[-0.158480113609922,51.0943935691202],[-0.158836924391706,51.0943991908996],[-0.158845847562513,51.094174505762],[-0.159202656739786,51.0941801264281],[-0.159559466031422,51.0941857460046],[-0.159568385650041,51.0939610608109],[-0.159925193337136,51.0939666792742],[-0.160282001138549,51.0939722966478],[-0.160273084957693,51.0941969818888],[-0.160629894592285,51.0942025981966],[-0.16062098001599,51.0944272834525],[-0.160612065325371,51.0946519686997],[-0.160603150520426,51.0948766539382],[-0.160594235601152,51.095101339168],[-0.160585320567548,51.095326024389],[-0.160576405419612,51.0955507096014],[-0.160933225482259,51.0955563249613],[-0.160924311939029,51.0957810101886],[-0.160915398281486,51.0960056954071],[-0.160906484509626,51.096230380617],[-0.160897570623448,51.096455065818],[-0.160540743684506,51.0964494503635],[-0.160531827964879,51.0966741355323],[-0.160522912130909,51.0968988206923],[-0.160513996182593,51.0971235058436],[-0.160505080119929,51.0973481909862],[-0.160496163942915,51.0975728761201],[-0.160139328522409,51.0975672594577],[-0.160130410511806,51.0977919445592],[-0.159773573486389,51.0977863267834],[-0.159764653642152,51.0980110118525],[-0.159407815011828,51.0980053929633],[-0.159398893333914,51.0982300780001],[-0.159389971541577,51.0984547630282],[-0.159746813610479,51.0984603819647],[-0.159755733683516,51.098235696913],[-0.160112574147472,51.0982413147361],[-0.160469414725758,51.0982469314694],[-0.160826255418354,51.0982525471131],[-0.160817340503228,51.0984772322357],[-0.160808425473766,51.0987019173496],[-0.160799510329965,51.0989266024549],[-0.160790595071822,51.0991512875514],[-0.160781679699336,51.0993759726391],[-0.160772764212506,51.0996006577182],[-0.160763848611329,51.0998253427886],[-0.160754932895802,51.1000500278502],[-0.161111787457768,51.1000556425931],[-0.161102873347376,51.1002803276697],[-0.160746017065926,51.1002747129031],[-0.160737101121696,51.1004993979473],[-0.160728184561182,51.1007240808015],[-0.160719267728441,51.100948762962],[-0.160710350781437,51.1011734451157],[-0.160353487757874,51.1011678293352],[-0.160344568978923,51.1013925114944],[-0.160701433720169,51.1013981272624],[-0.160692516544633,51.1016228094023],[-0.16068359925483,51.1018474915352],[-0.160674681850755,51.1020721736612],[-0.160665764332408,51.1022968557803],[-0.160656846699787,51.1025215378925],[-0.16064792895289,51.1027462199978],[-0.160639011091715,51.1029709020962],[-0.160630093116259,51.1031955841876],[-0.16062117502652,51.1034202662722],[-0.160612256822498,51.1036449483498],[-0.160603338504191,51.1038696304206],[-0.160960222255643,51.10387524496],[-0.160951305540996,51.1040999270114],[-0.160942388712082,51.1043246090559],[-0.160933471768899,51.1045492910934],[-0.160924554711443,51.1047739731241],[-0.160915637539715,51.1049986551478],[-0.16090672025371,51.1052233371647],[-0.160897802853429,51.1054480191746],[-0.160888885338868,51.1056727011776],[-0.160879967710026,51.1058973831737],[-0.160523068496234,51.1058917687462],[-0.160514149034961,51.1061164507479],[-0.160157248217283,51.1061108352411],[-0.160148326923534,51.1063355172482],[-0.160505229459381,51.1063411327426],[-0.16049630976949,51.1065658147304],[-0.16048738996529,51.1067904967113],[-0.160478470046776,51.1070151786853],[-0.160469550013947,51.1072398606524],[-0.160460629866801,51.1074645426126],[-0.160451709605337,51.1076892245659],[-0.160442789229552,51.1079139065123],[-0.160433868739444,51.1081385884517],[-0.160424948135012,51.1083632703843],[-0.160416027416252,51.1085879523099],[-0.160407106583165,51.1088126342286],[-0.160398185472873,51.1090373149922],[-0.160389264169521,51.1092619951965],[-0.160380342751008,51.1094866753912],[-0.160371421217332,51.1097113555763],[-0.160014492852039,51.1097057401143],[-0.160005569468161,51.1099304202484],[-0.160362499568491,51.1099360357518],[-0.160353577804483,51.1101607159177],[-0.160710509754995,51.1101663303733],[-0.1607015896109,51.110391010571],[-0.160692669351657,51.1106156907591],[-0.160683748977263,51.1108403709376],[-0.160674828487717,51.1110650511064],[-0.160665907883016,51.1112897312657],[-0.160656987163159,51.1115144114154],[-0.160648066328144,51.1117390915555],[-0.160639145377968,51.1119637716859],[-0.16063022431263,51.1121884518068],[-0.160621303132129,51.112413131918],[-0.16061238183646,51.1126378120197],[-0.16025543079882,51.1126321971083],[-0.160264353829793,51.1124075170481],[-0.160273276745577,51.1121828369783],[-0.159916329293667,51.1121772210605],[-0.159925253829523,51.1119525410225],[-0.159934178250172,51.1117278609749],[-0.159943102555617,51.1115031809177],[-0.159586160424575,51.1114975640349],[-0.159229218408713,51.1114919460627],[-0.159238146069332,51.1112672660788],[-0.158881205903859,51.1112616470587],[-0.158872276508054,51.1114863270011],[-0.15886334699698,51.111711006934],[-0.158854417370634,51.1119356868572],[-0.158845487629014,51.1121603667708],[-0.158836557772118,51.1123850466748],[-0.158827627799946,51.1126097265692],[-0.158818697712493,51.1128344064539],[-0.158461745515491,51.1128287860542],[-0.158104793433749,51.1128231645651],[-0.157747841467289,51.1128175419866],[-0.157756776760687,51.1125928622263],[-0.157399826644844,51.1125872385999],[-0.157042876644325,51.1125816138841],[-0.157051815292953,51.1123569341972],[-0.156694867143067,51.1123513084336],[-0.156337919108548,51.1123456815806],[-0.156346861112312,51.1121210019671],[-0.155989914928443,51.1121153740663],[-0.15598097118942,51.1123400536383],[-0.155972027334941,51.1125647332006],[-0.156328976989351,51.1125703611845],[-0.156685926759153,51.112575988079],[-0.156676986259826,51.1128006677148],[-0.157033937880305,51.1128062935614],[-0.157024999000893,51.1130309732291],[-0.157381952472053,51.1130365980279],[-0.157373015212601,51.1132612777275],[-0.157364077837774,51.1134859574175],[-0.157007120895884,51.1134803325357],[-0.156998181670282,51.1137050121746],[-0.156989242329279,51.1139296918038],[-0.15734620274199,51.1139353167687],[-0.157337265021028,51.1141599964298],[-0.15769422728452,51.1141656203468],[-0.157685291183643,51.1143903000398],[-0.158042255297921,51.1143959229088],[-0.158033320817175,51.1146206026337],[-0.158390286782241,51.1146262244548],[-0.158381353921669,51.1148509042116],[-0.158738321737529,51.1148565249846],[-0.159095289668645,51.1148621446682],[-0.159452257714993,51.1148677632623],[-0.159809225876553,51.1148733807669],[-0.159800299842831,51.11509806068],[-0.160157269855126,51.1151036771366],[-0.1601661941533,51.1148789971821],[-0.160175118336264,51.1146543172179],[-0.16018404240402,51.1144296372442],[-0.159827077598301,51.1144240209119],[-0.159836003286333,51.11419934097],[-0.16019296635657,51.1142049572608],[-0.160201890193917,51.1139802772678],[-0.160210813916061,51.1137555972653],[-0.16056777363056,51.1137612123838],[-0.160924733460192,51.1137668264129],[-0.160933653596303,51.1135421463178],[-0.160942573617258,51.1133174662132],[-0.161299530091185,51.11332307907],[-0.161308448261614,51.1130983989143],[-0.161317366316916,51.1128737187491],[-0.161326284257092,51.1126490385742],[-0.161335202082144,51.1124243583897],[-0.161344119792076,51.1121996781956],[-0.161353037386887,51.1119749979919],[-0.161361954866581,51.1117503177786],[-0.161370872231159,51.1115256375557],[-0.161379789480623,51.1113009573232],[-0.161388706614976,51.1110762770811],[-0.161031767493802,51.1110706646384],[-0.161040686248197,51.1108459844281],[-0.161397623634218,51.1108515968294],[-0.161754561135302,51.1108572081413],[-0.162111498751429,51.1108628183639],[-0.162102585202498,51.1110874986984],[-0.162459524668803,51.1110931078731],[-0.162468436482575,51.1108684274972],[-0.162825374328718,51.1108740355412],[-0.162834284292311,51.1106493551143],[-0.163191220518288,51.1106549620276],[-0.163548156859216,51.1106605678516],[-0.163905093315073,51.1106661725862],[-0.164262029885837,51.1106717762316],[-0.164270932793928,51.1104470956297],[-0.163913997958289,51.1104414920256],[-0.163557063237555,51.1104358873323],[-0.163565969500922,51.1102112068035],[-0.16357487564932,51.1099865262651],[-0.163931806899878,51.1099921308757],[-0.164288738265336,51.109997734397],[-0.164297640828656,51.1097730537663],[-0.164654570573933,51.109778656157],[-0.165011500434064,51.1097842574584],[-0.165368430409025,51.1097898576706],[-0.165377327652309,51.1095651769063],[-0.165734256007037,51.1095707759878],[-0.166091184476551,51.1095763739801],[-0.166448113060827,51.1095819708831],[-0.166457004984192,51.1093572899853],[-0.166813931948182,51.1093628857577],[-0.167170859026888,51.1093684804409],[-0.167179747365461,51.109143799451],[-0.167536672823853,51.1091493930036],[-0.167893598396915,51.109154985467],[-0.167902483150778,51.1089303043849],[-0.167911367875434,51.1087056228427],[-0.167554445761365,51.1087000304034],[-0.167563332111932,51.1084753487284],[-0.167206411830134,51.1084697551845],[-0.167197523761139,51.1086944368721],[-0.166840601874778,51.1086888422488],[-0.166483680102303,51.1086832465337],[-0.166126758443737,51.1086776497266],[-0.166135651668004,51.1084529680012],[-0.165778731841789,51.1084473700896],[-0.165769836899102,51.1086720518275],[-0.165760941842793,51.1088967335134],[-0.165404018693059,51.1088911345558],[-0.165047095658126,51.1088855345089],[-0.164690172737002,51.1088799333476],[-0.164699072949001,51.1086552515788],[-0.164342151860309,51.108649649312],[-0.164333249929876,51.1088743310933],[-0.163976327236792,51.1088687277471],[-0.163967423403739,51.1090934084606],[-0.163610499093269,51.1090878040154],[-0.163253574897713,51.1090821984809],[-0.162896650817094,51.1090765918572],[-0.162539726851435,51.1090709841442],[-0.162548637605327,51.1088463034431],[-0.162557548127905,51.1086216215992],[-0.16220062772379,51.1086160127808],[-0.162209539850572,51.1083913309175],[-0.16221845186314,51.1081666490473],[-0.161861535009974,51.108161039112],[-0.161870448626681,51.1079363572224],[-0.162227363761493,51.1079419671702],[-0.162236275545634,51.1077172852861],[-0.162593189076278,51.1077228941545],[-0.162950102721066,51.1077285019309],[-0.163307016479975,51.1077341086155],[-0.163663930352983,51.1077397142081],[-0.163672835149652,51.1075150323672],[-0.163315922994962,51.1075094267621],[-0.162959010954369,51.107503820065],[-0.162967919073509,51.1072791381921],[-0.162976827078486,51.1070544563124],[-0.163333735682512,51.1070600630345],[-0.163342641855079,51.1068353811603],[-0.16335154791351,51.1066106992792],[-0.163360453857806,51.1063860173913],[-0.16336935968797,51.1061613354964],[-0.163726261533215,51.1061669411767],[-0.163735165531085,51.1059422592874],[-0.163744069414848,51.1057175773912],[-0.163752973184508,51.1054928954881],[-0.163761876840064,51.1052682135781],[-0.163770780381521,51.1050435316612],[-0.163413887126874,51.1050379259183],[-0.163404981867343,51.1052626078477],[-0.163048087008698,51.1052570010255],[-0.162691192264155,51.1052513931116],[-0.162682283454311,51.1054760750591],[-0.162325387105798,51.1054704660658],[-0.161968490871431,51.1054648559807],[-0.161611594751233,51.1054592448038],[-0.161254698745224,51.1054536325351],[-0.161263614427422,51.1052289505376],[-0.161272529995364,51.1050042685333],[-0.161281445449054,51.104779586522],[-0.161290360788492,51.1045549045038],[-0.16129927601368,51.1043302224787],[-0.161308191124621,51.1041055404467],[-0.161317106121316,51.1038808584078],[-0.161326021003767,51.1036561763619],[-0.161334935771977,51.1034314943092],[-0.161691816316008,51.1034371066901],[-0.162048696974213,51.1034427179793],[-0.162057608192406,51.1032180359446],[-0.162414487246871,51.1032236461545],[-0.162771366415463,51.1032292552727],[-0.162780274083723,51.1030045732561],[-0.163137151648548,51.103010181295],[-0.163494029327453,51.1030157882423],[-0.163502933445863,51.1027911062438],[-0.163859809520973,51.1027967121118],[-0.164216685710117,51.1028023168882],[-0.16422558627876,51.1025776349078],[-0.164582460864081,51.102583238605],[-0.164939335563391,51.1025888412104],[-0.165296210376669,51.1025944427242],[-0.16528731496154,51.102819124667],[-0.165644191606604,51.1028247250766],[-0.166001068365593,51.1028303243944],[-0.166357945238484,51.1028359226205],[-0.166714822225257,51.1028415197549],[-0.166705933567604,51.1030662016405],[-0.167062812386107,51.1030717976706],[-0.167053925332444,51.1032964795367],[-0.167045038164896,51.1035211613958],[-0.166688155910584,51.1035155653909],[-0.166679266911213,51.1037402472558],[-0.167036150883462,51.1037458432481],[-0.167393034969557,51.1037514381487],[-0.167401920533051,51.103526756309],[-0.16741080598268,51.1033020744625],[-0.167767686746735,51.1033076682965],[-0.167776570364605,51.1030829864557],[-0.168133449524557,51.1030885792107],[-0.168490328419551,51.1030941698659],[-0.168499208479489,51.1028694879882],[-0.168856085645145,51.10287507719],[-0.168864963879372,51.1026503952887],[-0.16922183944627,51.1026559833849],[-0.169230715854831,51.1024313014601],[-0.169587589822968,51.1024368884508],[-0.169596464405908,51.1022122065024],[-0.169953336775279,51.1022177923876],[-0.169962209532641,51.1019931104157],[-0.170319080303243,51.1019986951954],[-0.170327951235071,51.1017740132],[-0.170336822053508,51.1015493311962],[-0.170693689513238,51.1015549148552],[-0.17070255850621,51.1013302328279],[-0.171059424367184,51.1013358153814],[-0.171068291534733,51.1011111333307],[-0.171425155796947,51.1011167147787],[-0.171782020172437,51.1011222951365],[-0.171790883802569,51.1008976130471],[-0.171799747319408,51.1006729309494],[-0.17215660838409,51.1006785101866],[-0.172513469562001,51.1006840883335],[-0.172504609469202,51.1009087704616],[-0.172861472472341,51.1009143475335],[-0.172852613978338,51.1011390296684],[-0.173209478806709,51.1011446056652],[-0.173200621911543,51.101369287807],[-0.173191764903169,51.1015939699405],[-0.173548633268868,51.1015995448773],[-0.173539777859396,51.1018242270176],[-0.173896648050361,51.1018298008793],[-0.173887794239834,51.1020544830264],[-0.173878940316137,51.1022791651653],[-0.174235814044532,51.1022847379669],[-0.174244666256068,51.1020600558129],[-0.174601538385407,51.1020656275092],[-0.17461038877165,51.1018409453318],[-0.174967259301931,51.1018465159227],[-0.175324129945273,51.1018520854232],[-0.175332976794143,51.1016274032073],[-0.175341823529933,51.1014027209832],[-0.174984956310818,51.1013971515128],[-0.17499380464561,51.1011724692954],[-0.175002652867304,51.1009477870697],[-0.175011500975903,51.1007231048357],[-0.175020348786613,51.1004984218148],[-0.175029195907695,51.1002737363574],[-0.174672337346985,51.1002681657649],[-0.174681186069996,51.1000434802934],[-0.174690034679737,51.0998187948147],[-0.174333179662584,51.0998132231171],[-0.174324329337688,51.1000379086026],[-0.173967472718626,51.1000323358206],[-0.173610616212832,51.1000267619471],[-0.173619469968032,51.0998020764479],[-0.173628323609897,51.0995773909415],[-0.17363717713843,51.0993527054279],[-0.173994028498837,51.0993582793218],[-0.174350879972507,51.0993638521244],[-0.174359729957538,51.0991391666173],[-0.174368579829285,51.0989144811029],[-0.174377429587749,51.0986897955814],[-0.174386279232931,51.0984651100526],[-0.17474312395962,51.0984706817914],[-0.175099968799519,51.0984762524389],[-0.175456813752606,51.0984818219952],[-0.175465658139503,51.0982571364798],[-0.175822501490752,51.0982627049517],[-0.176179344955143,51.0982682723324],[-0.17618818579886,51.0980435868236],[-0.176545027661384,51.0980491531199],[-0.176901869637005,51.098054718325],[-0.176910706937624,51.0978300328228],[-0.17726754731135,51.0978355969436],[-0.177624387798127,51.0978411599731],[-0.177633221555731,51.0976164744775],[-0.177990060440585,51.0976220364228],[-0.178346899438445,51.0976275972768],[-0.178355729653116,51.0974029117879],[-0.178712567049026,51.0974084715577],[-0.179069404557894,51.0974140302362],[-0.179078231229715,51.0971893447541],[-0.179435067136606,51.0971949023484],[-0.17979190315641,51.0972004588515],[-0.179800726285463,51.0969757733761],[-0.180157560703262,51.0969813287949],[-0.180514395233928,51.0969868831226],[-0.180523214820296,51.096762197654],[-0.180880047748929,51.0967677508975],[-0.181236880790383,51.0967733030498],[-0.181245696834148,51.096548617588],[-0.181602528273542,51.0965541686562],[-0.181959359825711,51.0965597186331],[-0.182316191490634,51.0965652675189],[-0.182673023268288,51.0965708153136],[-0.182681832339848,51.0963461298727],[-0.183038662515366,51.0963516765832],[-0.18339549280357,51.0963572222025],[-0.183752323204438,51.0963627667307],[-0.184109153717946,51.0963683101677],[-0.18410035150578,51.0965929955803],[-0.184457183846762,51.096598537919],[-0.184814016300344,51.0966040791665],[-0.184822815082801,51.0963793937681],[-0.184831613752639,51.0961547083625],[-0.184840412309858,51.0959300229497],[-0.185197236399051,51.0959355596889],[-0.185554060063149,51.0959410947838],[-0.185545264782762,51.0961657800943],[-0.185536469396467,51.0963904654026],[-0.185527673904263,51.0966151507086],[-0.185884502413743,51.0966206843816],[-0.185875708395508,51.0968453695769],[-0.185866914271381,51.09707005477],[-0.186223746046494,51.0970755871296],[-0.186232538590718,51.0968509020451],[-0.186589368891759,51.0968564334171],[-0.18658057792744,51.097081118393],[-0.186937409914197,51.0970866485602],[-0.186946199298608,51.096861963693],[-0.187303029811248,51.0968674928726],[-0.187294242006745,51.0970921776312],[-0.187651074205065,51.097097705606],[-0.187642287874682,51.0973223902537],[-0.187999121758687,51.0973279170237],[-0.188355955748425,51.0973334426974],[-0.188712789843876,51.0973389672749],[-0.188704008147567,51.0975636515945],[-0.189060843928671,51.0975691749671],[-0.18906962404502,51.0973444907563],[-0.189078404055661,51.0971198065432],[-0.189435236782539,51.097125329037],[-0.189426458351838,51.0973500131414],[-0.189417679815449,51.0975746972436],[-0.189774515807882,51.0975802184238],[-0.19013135190595,51.0975857385079],[-0.190140127282413,51.0973610546231],[-0.190148902553229,51.0971363707361],[-0.1901576777184,51.096911686847],[-0.189800846360162,51.0969061664368],[-0.189444015107554,51.0969006449305],[-0.189087183960596,51.096895122328],[-0.188730352919306,51.0968895986293],[-0.188739134298431,51.0966649143031],[-0.189095963759824,51.0966704381105],[-0.189104743453348,51.0964457538908],[-0.189461571440531,51.0964512767107],[-0.189818399533359,51.0964567984344],[-0.190175227731814,51.0964623190619],[-0.190532056035875,51.0964678385933],[-0.19054082930426,51.0962431548062],[-0.190897656134043,51.0962486733502],[-0.190888884445523,51.0964733570286],[-0.191245712960736,51.0964788743676],[-0.191602541581494,51.0964843906106],[-0.191959370307779,51.0964899057573],[-0.192316199139571,51.0964954198079],[-0.192673028076848,51.0965009327624],[-0.192664264182178,51.0967256158948],[-0.193021094804815,51.0967311276443],[-0.193012332384565,51.0969558106658],[-0.193003569858838,51.097180493685],[-0.192994807227632,51.097405176702],[-0.192986044490946,51.0976298597168],[-0.192977281648777,51.0978545427293],[-0.193334120276658,51.0978600528388],[-0.193690959009975,51.097865561852],[-0.193699718692141,51.097640879057],[-0.193708478268865,51.0974161962599],[-0.193351642695532,51.097410687029],[-0.193360403746779,51.0971860041208],[-0.193369164692568,51.0969613212104],[-0.193725997106,51.0969668306588],[-0.193717237740152,51.0971915134604],[-0.194074071838935,51.0971970217039],[-0.194430906043109,51.0972025288512],[-0.19442214973175,51.097427211433],[-0.194778985621261,51.0974327173753],[-0.195135821616125,51.0974382222213],[-0.19514457476755,51.0972135398572],[-0.195501409287776,51.097219043716],[-0.195510160753898,51.0969943614584],[-0.195866993799484,51.0969998643299],[-0.195875743580344,51.0967751821789],[-0.196232575151289,51.0967806840631],[-0.196241323246929,51.0965560020188],[-0.195884493255895,51.0965505000258],[-0.195893242826139,51.0963258178704],[-0.195901992291077,51.0961011357127],[-0.19625881912235,51.0961066379234],[-0.196615646058887,51.096112139038],[-0.196972473100664,51.0961176390565],[-0.19696372837534,51.0963423208875],[-0.197320557102214,51.096347819701],[-0.197677385934292,51.0963533174183],[-0.198034214871553,51.0963588140395],[-0.198025474780677,51.0965834955417],[-0.198016734584617,51.0968081770416],[-0.198373566786864,51.0968136723489],[-0.198364828065561,51.0970383537376],[-0.198356089239093,51.0972630351242],[-0.198712924706395,51.0972685291175],[-0.198704187354745,51.0974932103929],[-0.199061024507165,51.0974987031811],[-0.199417861764697,51.0975041948731],[-0.199426595956371,51.0972795138156],[-0.19943533004294,51.0970548327559],[-0.199444064024406,51.0968301516939],[-0.199452797900769,51.0966054706296],[-0.199461531672033,51.0963807895632],[-0.1994702653382,51.0961561084944],[-0.19947899889927,51.0959314274235],[-0.199487732355245,51.0957067463503],[-0.199130907737043,51.0957012537867],[-0.199139642667748,51.0954765726024],[-0.198782819734464,51.0954710788338],[-0.198791556139858,51.0952463975383],[-0.198800292440122,51.0950217162405],[-0.198809028635255,51.0947970349405],[-0.198817764725262,51.0945723536382],[-0.198826500710143,51.0943476723337],[-0.198469685780761,51.0943421769246],[-0.198478423240213,51.0941174955089],[-0.198121609995652,51.0941119988948],[-0.197764796856237,51.0941065011847],[-0.197407983821988,51.0941010023786],[-0.197416725915309,51.093876320634],[-0.197425467903426,51.0936516388873],[-0.197782277778359,51.0936571379112],[-0.197791018081647,51.093432456271],[-0.197434209786342,51.0934269571382],[-0.197077401596218,51.0934214569094],[-0.197068658133676,51.0936461387673],[-0.196711848469129,51.0936406375514],[-0.196720593511294,51.0934159555847],[-0.196363785531592,51.0934104531638],[-0.196372532048117,51.093185771086],[-0.196015725753255,51.0931802674604],[-0.196024473744098,51.0929555852715],[-0.195667669134073,51.092950080441],[-0.195658919563652,51.0931747627387],[-0.195302113479329,51.093169256921],[-0.194945307500305,51.0931637500073],[-0.194936554665392,51.0933884325204],[-0.194579747212096,51.0933829246195],[-0.194570992692225,51.0936076072392],[-0.194927801725135,51.0936131150313],[-0.195284610863368,51.0936186217274],[-0.1952758593974,51.0938433041272],[-0.195267107826103,51.0940679865248],[-0.195258356149478,51.0942926689202],[-0.194901542272275,51.0942871625506],[-0.194910295528578,51.0940624800464],[-0.194553483336379,51.0940569724719],[-0.194544728500401,51.0942816550849],[-0.194187914833875,51.0942761465232],[-0.194179158312828,51.0945008292428],[-0.194535973559049,51.0945063376957],[-0.194527218512323,51.0947310203043],[-0.194884035443611,51.0947365275523],[-0.194875281871246,51.0949612100498],[-0.19451846336022,51.0949557029106],[-0.19450970810274,51.0951803855147],[-0.194152888117311,51.0951748773881],[-0.194144131174673,51.0953995600988],[-0.193787309714844,51.0953940509849],[-0.193778551087007,51.0956187338022],[-0.193769792353745,51.0958434166172],[-0.194126616973188,51.0958489255134],[-0.194117859714338,51.0960736082174],[-0.19410910235008,51.0962982909191],[-0.19375227457094,51.0962927822405],[-0.193761033515056,51.0960680994299],[-0.193404207421177,51.0960625895464],[-0.193412967839702,51.0958379066248],[-0.19305614343108,51.0958323955363],[-0.19304738143272,51.0960570785667],[-0.192690555549706,51.0960515664908],[-0.192333729772153,51.0960460533188],[-0.191976904100083,51.0960405390507],[-0.191985670837936,51.0958158556941],[-0.191994437470258,51.0955911723352],[-0.192351259982691,51.0955966868209],[-0.192708082600601,51.0956022002104],[-0.193064905323971,51.0956077125037],[-0.193073667111396,51.095383029469],[-0.193430488360411,51.095388540775],[-0.193439248462599,51.0951638578468],[-0.193448008459344,51.0949391749163],[-0.19345676835065,51.0947144919836],[-0.193813584965823,51.0947200025199],[-0.193822343171978,51.0944953196938],[-0.193465528136516,51.0944898090487],[-0.193108713206466,51.0944842973076],[-0.192751898381845,51.0944787844703],[-0.192760661221652,51.0942541013157],[-0.192403848082167,51.0942485872736],[-0.192412612396161,51.094023904008],[-0.192055800941809,51.0940183887611],[-0.19206456672995,51.0937937053845],[-0.192421376604661,51.0937992207401],[-0.192430140707666,51.09357453747],[-0.19243890470518,51.0933498541977],[-0.192447668597203,51.0931251709231],[-0.192456432383738,51.0929004876463],[-0.192465196064785,51.0926758043673],[-0.192821998147051,51.0926813191706],[-0.192830760143094,51.0924566359982],[-0.193187560751274,51.0924621498142],[-0.193196321062354,51.0922374667483],[-0.193553120196446,51.0922429795771],[-0.193561875936708,51.0920182918152],[-0.19391867358792,51.0920238037006],[-0.19392742721625,51.0917991154045],[-0.194284223298226,51.091804626208],[-0.194641019490449,51.0918101359204],[-0.194649769649497,51.0915854476354],[-0.195006564272458,51.0915909562658],[-0.195363359005623,51.0915964638051],[-0.195354612205555,51.0918211520718],[-0.194997815792899,51.0918156445417],[-0.194989067203094,51.0920403328104],[-0.195345865295262,51.0920458403315],[-0.195337117447395,51.0922705272814],[-0.195328366613356,51.0924952096947],[-0.195685167959016,51.0925007158388],[-0.19604196940995,51.092506220887],[-0.196033221629663,51.0927309030803],[-0.196390024765388,51.0927364069237],[-0.196398770966138,51.0925117248391],[-0.196407517061633,51.0922870427524],[-0.196764317143537,51.0922925457174],[-0.196773058765571,51.0920678595048],[-0.196781798957798,51.0918431712817],[-0.196790539039886,51.0916184830515],[-0.196799279011838,51.0913937948142],[-0.196808018873655,51.0911691065697],[-0.19716481079858,51.091174608672],[-0.197173548870831,51.0909499204296],[-0.197182286832973,51.09072523218],[-0.197191024685008,51.0905005439234],[-0.197199762426939,51.0902758556596],[-0.197208500058766,51.0900511673886],[-0.197565283696796,51.0900566684457],[-0.197574019539194,51.0898319801768],[-0.197582755271514,51.0896072919008],[-0.197591490893758,51.0893826036177],[-0.197600226405928,51.0891579153274],[-0.19724344948508,51.0891524142336],[-0.197252186566419,51.0889277259271],[-0.197260923537666,51.0887030376134],[-0.197617697100055,51.0887085387255],[-0.197608961808026,51.08893322703],[-0.197965737159665,51.088938727042],[-0.197974470772472,51.0887140387466],[-0.197983204275232,51.0884893504442],[-0.197991937667947,51.0882646621346],[-0.198000670950619,51.0880399738178],[-0.198357439695504,51.0880454727756],[-0.198366171188999,51.087820784461],[-0.198374902572476,51.0875960961392],[-0.198731668069088,51.0876015940244],[-0.198740397663454,51.0873769057047],[-0.199097161590925,51.0873824025081],[-0.199105889396225,51.0871577141905],[-0.199114617091556,51.0869330258658],[-0.199471377770828,51.0869385215968],[-0.199828138560005,51.0869440162369],[-0.200184899459068,51.0869495097861],[-0.200176176800907,51.0871741980832],[-0.199819414222785,51.0871687045432],[-0.199810689775641,51.0873933928424],[-0.200167454032843,51.0873988863732],[-0.200524218399912,51.087404378813],[-0.200515497201046,51.0876290670866],[-0.200872263357067,51.0876345584263],[-0.201229029622914,51.087640048675],[-0.201220311672419,51.087864736923],[-0.201577079468745,51.0878702257213],[-0.201568363179123,51.0880949140807],[-0.201559646786835,51.0883196024381],[-0.201550930254169,51.0885442907447],[-0.201542213543506,51.0887689789548],[-0.201533496723012,51.0889936671579],[-0.201524779792687,51.0892183553537],[-0.201168001662662,51.0892128662608],[-0.201159282943221,51.0894375544588],[-0.201150564113922,51.0896622426497],[-0.200793782735131,51.0896567524844],[-0.200785062116649,51.0898814406774],[-0.200428279168377,51.0898759494303],[-0.200419556760669,51.0901006376254],[-0.200410834243055,51.0903253258134],[-0.200402111615533,51.0905500139943],[-0.200045323739034,51.0905445216839],[-0.200036599322195,51.090769209867],[-0.200027874795422,51.0909938980428],[-0.200019150158714,51.0912185862116],[-0.20001042541207,51.0914432743732],[-0.200001700555486,51.0916679625277],[-0.199992975588962,51.0918926506751],[-0.199636177745596,51.0918871573291],[-0.199627450989593,51.0921118454785],[-0.199618721584727,51.0923365299829],[-0.199261920661686,51.0923310357856],[-0.199253187202385,51.0925557170014],[-0.199244453637996,51.0927803982149],[-0.199235719968516,51.0930050794262],[-0.198878914411893,51.0929995844596],[-0.198870179057728,51.0932242657776],[-0.199226986193943,51.0932297606352],[-0.199218252314277,51.093454441842],[-0.199575061135186,51.0934599354948],[-0.199583793435238,51.0932352543969],[-0.199592525630216,51.0930105732968],[-0.199949331396973,51.0930160660714],[-0.199958061907304,51.0927913850779],[-0.199966792312586,51.0925667040822],[-0.19997552261282,51.0923420230842],[-0.200332323745946,51.0923475150896],[-0.200341050145305,51.092122831061],[-0.200349773542233,51.09189814293],[-0.200358496829241,51.0916734547919],[-0.200367220006329,51.0914487666466],[-0.200724014710468,51.091454257829],[-0.200732736098165,51.0912295696859],[-0.200741457375968,51.0910048815356],[-0.200750178543881,51.0907801933782],[-0.200758899601903,51.0905555052137],[-0.201115687698123,51.090560995342],[-0.201472475904172,51.0905664843793],[-0.201481193493525,51.0903417962262],[-0.201489910973036,51.090117108066],[-0.201498628342705,51.0898924198986],[-0.201855407137098,51.0898979025124],[-0.201864122715062,51.089673214283],[-0.201507345602535,51.0896677317241],[-0.201516062752529,51.0894430435425],[-0.201872838190368,51.0894485260517],[-0.201881553563019,51.0892238378183],[-0.202238327037654,51.0892293186932],[-0.202247040774684,51.0890046305718],[-0.202255754409082,51.0887799424484],[-0.202612524920395,51.0887854224551],[-0.202621236919235,51.0885607344436],[-0.202629948815467,51.0883360464301],[-0.202986716363513,51.0883415255687],[-0.203343484014112,51.0883470036112],[-0.203700251767244,51.0883524805576],[-0.204057019622889,51.0883579564079],[-0.204413787581029,51.0883634311622],[-0.204770555641643,51.0883689048205],[-0.204761852942901,51.0885935921499],[-0.205118622638892,51.0885990645981],[-0.205109921370605,51.0888237518115],[-0.205101219999851,51.089048439023],[-0.205092518526628,51.0892731262324],[-0.204735744231754,51.0892676541263],[-0.204727041123058,51.0894923414477],[-0.20471833791187,51.0897170287671],[-0.204361560653435,51.089711555793],[-0.204352855806712,51.0899362432245],[-0.204344150857472,51.0901609306539],[-0.204335445805715,51.0903856180812],[-0.203978664050586,51.0903801443531],[-0.203621882397968,51.0903746695288],[-0.203613174177492,51.0905993571821],[-0.203256391094305,51.0905938813757],[-0.202899608113668,51.0905884044731],[-0.202542825235601,51.0905829264744],[-0.202534112313216,51.0908076144677],[-0.202177328004625,51.0908021354868],[-0.202168613446483,51.0910268235921],[-0.202525399288207,51.0910323024591],[-0.202882185232522,51.0910377802299],[-0.202890896724397,51.0908130923525],[-0.203247681238149,51.0908185691411],[-0.203604465854454,51.0908240448335],[-0.20396125057329,51.0908295194298],[-0.203952543680827,51.0910542069652],[-0.203943836685818,51.0912788944985],[-0.204300624573469,51.0912843677706],[-0.204309330035316,51.0910596803513],[-0.204666116492301,51.0910651526412],[-0.204674820318481,51.0908404653339],[-0.205031605344797,51.0908459366417],[-0.20504030753535,51.0906212494464],[-0.205397091130995,51.0906267197721],[-0.205405791685961,51.0904020326889],[-0.205762573850934,51.0904075020325],[-0.205771272770355,51.0901828150613],[-0.206128053504652,51.0901882834228],[-0.206136750788568,51.0899635965636],[-0.206145447970069,51.0897389097024],[-0.206502225740638,51.089744377196],[-0.206510921286698,51.0895196904468],[-0.206867697626604,51.0895251569583],[-0.206876391537262,51.0893004703212],[-0.20688508534555,51.0890757836821],[-0.207241858721801,51.0890812493257],[-0.207598632200377,51.0890867138732],[-0.207955405781258,51.0890921773247],[-0.20794671657195,51.0893168636215],[-0.207938027260335,51.0895415499163],[-0.208294804009517,51.0895470120435],[-0.208651580860969,51.0895524730745],[-0.208642894513121,51.0897771591391],[-0.208634208063001,51.0900018452016],[-0.208990988082806,51.0900073049083],[-0.208982303063495,51.0902319908547],[-0.20933908471862,51.0902374493511],[-0.209695866475961,51.0902429067515],[-0.209687184420605,51.0904675924675],[-0.209678502263033,51.0906922781815],[-0.210035287188807,51.0906977342575],[-0.210043967813251,51.0904730486576],[-0.210400751308078,51.0904785037516],[-0.210757534905066,51.0904839577494],[-0.210748857346881,51.0907086431209],[-0.210740179686541,51.0909333284904],[-0.210383393023271,51.0909278747209],[-0.210374713727602,51.0911525602025],[-0.210366034329753,51.0913772456821],[-0.210009244702288,51.0913717910448],[-0.209652455177011,51.0913663353114],[-0.209295665753941,51.0913608784818],[-0.209304349751354,51.0911361926597],[-0.209313033646527,51.0909115068356],[-0.209321717439461,51.0906868210095],[-0.20896493271811,51.0906813627413],[-0.208608148098998,51.090675903377],[-0.208616834855941,51.0904512173206],[-0.20826005187221,51.090445756746],[-0.207903268990756,51.0904402950753],[-0.207894579167573,51.09066498136],[-0.207885889242073,51.0908896676426],[-0.20752910339666,51.0908842051041],[-0.207520411835682,51.0911088914988],[-0.207511720172361,51.0913335778915],[-0.207154931362936,51.091328114485],[-0.206798142655852,51.0913226499823],[-0.206789447823796,51.0915473366012],[-0.206780752889354,51.091772023218],[-0.207137544662848,51.0917774874925],[-0.207146238064075,51.0915528009898],[-0.207503028406697,51.0915582642822],[-0.207494336538687,51.0917829506709],[-0.207851128516852,51.091788412753],[-0.208207920597323,51.091793873739],[-0.208216609398894,51.0915691875786],[-0.208573400048432,51.0915746475825],[-0.208930190800234,51.0915801064902],[-0.209286981654285,51.0915855643018],[-0.209643772610562,51.0915910210173],[-0.209635089941889,51.0918157067211],[-0.209626407170991,51.0920403924229],[-0.209983201295954,51.0920458478139],[-0.209974519249552,51.0922705322315],[-0.20961772364798,51.0922650770606],[-0.209609037434913,51.0924897574689],[-0.209252240309074,51.0924843012199],[-0.209243552357711,51.0927089816342],[-0.209600351114841,51.0927144378702],[-0.209957149978978,51.092719893015],[-0.209965834667757,51.0924952126267],[-0.210322632007583,51.0925006666933],[-0.210331314958106,51.0922759863111],[-0.21068811077362,51.0922814392995],[-0.211044906696074,51.0922868911967],[-0.211401702725448,51.0922923420026],[-0.211410378817537,51.0920676584158],[-0.211767173453266,51.0920731083258],[-0.21175849886172,51.0922977917172],[-0.21174982243631,51.0925224720471],[-0.212106620310743,51.0925279206574],[-0.21209794540976,51.0927526009671],[-0.21208927040192,51.0929772812699],[-0.212080595287222,51.0932019615658],[-0.212437398162493,51.0932074090455],[-0.212428724572303,51.0934320893213],[-0.212420050875272,51.0936567695901],[-0.212411377071398,51.0938814498519],[-0.212402703160679,51.0941061301068],[-0.212394029143114,51.0943308103547],[-0.2123853550187,51.0945554905957],[-0.212376680787436,51.0947801708297],[-0.212368006449321,51.0950048510568],[-0.212359332004352,51.0952295312769],[-0.212716149669571,51.0952349775472],[-0.212707476749308,51.0954596577472],[-0.212698803722209,51.0956843379403],[-0.212690130588273,51.0959090181264],[-0.212681457347497,51.0961336983056],[-0.212672783999879,51.0963583784777],[-0.212664110545418,51.096583058643],[-0.212655436984112,51.0968077388013],[-0.212646763315959,51.0970324189526],[-0.212638089540958,51.097257099097],[-0.212629415659106,51.0974817792344],[-0.212272581677306,51.0974763330953],[-0.212263906056827,51.0977010132389],[-0.212255230329472,51.0979256933755],[-0.211898393190982,51.0979202461712],[-0.211541556159393,51.0979147978755],[-0.211550235150334,51.0976901177127],[-0.211193399857459,51.0976846683124],[-0.210836564671524,51.0976792178206],[-0.210827882417003,51.0979038980097],[-0.211184719234726,51.0979093484883],[-0.211176038505053,51.0981340286573],[-0.211167357668437,51.0983587088194],[-0.211158676724877,51.0985833889745],[-0.21114999567437,51.0988080691226],[-0.210793152329277,51.0988026186963],[-0.210436309091155,51.0987971671786],[-0.210427624669912,51.0990218473459],[-0.210784469539927,51.0990272988506],[-0.210775786643606,51.0992519789979],[-0.21113263325251,51.099257429398],[-0.211489479968369,51.0992628787065],[-0.211846326791161,51.0992683269236],[-0.211855004791727,51.0990436468156],[-0.211863682685385,51.0988189667006],[-0.212220526351266,51.0988244138524],[-0.212577370124035,51.0988298599127],[-0.21256869549418,51.0990545400014],[-0.21292554100572,51.0990599849571],[-0.212934214003671,51.0988353048815],[-0.212942886894781,51.098610624799],[-0.212586044647028,51.098605179817],[-0.212594719063158,51.0983804997144],[-0.21260339337243,51.0981558196048],[-0.212960232356481,51.0981612646131],[-0.212968904927075,51.0979365845097],[-0.213325742386146,51.0979420284396],[-0.213334413218106,51.0977173483423],[-0.213343083943255,51.0974926682382],[-0.213351754561594,51.0972679881271],[-0.213360425073125,51.097043308009],[-0.213369095477851,51.0968186278839],[-0.213377765775771,51.0965939477519],[-0.213386435966889,51.096369267613],[-0.213395106051206,51.0961445874671],[-0.213403776028725,51.0959199073142],[-0.213412445899446,51.0956952271544],[-0.213421115663372,51.0954705469876],[-0.213429785320505,51.0952458668138],[-0.213438454870846,51.0950211866331],[-0.213447124314396,51.0947965064455],[-0.213455793651159,51.0945718262509],[-0.213098980666853,51.0945663821238],[-0.21310765152831,51.0943417019091],[-0.212750840282296,51.0943362566776],[-0.212759512668406,51.0941115764428],[-0.213116322282962,51.0941170216874],[-0.213124992930809,51.0938923414588],[-0.213133663471854,51.0936676612232],[-0.213490469930364,51.0936731054028],[-0.213847276495658,51.0936785484912],[-0.213838609217448,51.0939032287005],[-0.214195417520927,51.0939086706844],[-0.2141867517674,51.0941333508735],[-0.214543561809067,51.094138791753],[-0.214534897580265,51.094363471922],[-0.214891709360125,51.0943689116969],[-0.21488304665609,51.0945935918459],[-0.215239860174146,51.0945990305163],[-0.215231198994921,51.0948237106451],[-0.215588014251177,51.094829148211],[-0.215596673798889,51.0946044680954],[-0.2159534875303,51.0946099045832],[-0.215944829614102,51.0948345846856],[-0.216301645083675,51.0948400200688],[-0.216292988692376,51.095064700151],[-0.215936171591265,51.095059264781],[-0.215927513461787,51.0952839448694],[-0.216284332194457,51.0952893802262]]],[[[-0.21257005437169,51.1082720680557],[-0.212926972801801,51.1082775178055],[-0.212935642746548,51.1080528319989],[-0.213292559491865,51.1080582804963],[-0.213649476352153,51.1080637279107],[-0.214006393327389,51.1080691742421],[-0.214363310417547,51.1080746194905],[-0.214720227622606,51.1080800636559],[-0.214711566676817,51.1083047503092],[-0.214702905616122,51.1085294369467],[-0.214694244440521,51.1087541235684],[-0.214337321836007,51.1087486788951],[-0.213980399346399,51.1087432331386],[-0.213623476971721,51.1087377862992],[-0.213614811162295,51.1089624751667],[-0.213257887034214,51.1089570268734],[-0.212900963022199,51.1089515774983],[-0.212909632567246,51.1087268893712],[-0.212552710537495,51.1087214392826],[-0.212561382512115,51.1084967536771],[-0.21257005437169,51.1082720680557]]],[[[-0.2059717010575,51.1311033451913],[-0.20596299439277,51.1313280394225],[-0.205954287610675,51.1315527336441],[-0.205945580711214,51.1317774278563],[-0.205588472602397,51.1317719484656],[-0.205231364610925,51.1317664679846],[-0.204874256736824,51.1317609864133],[-0.204882969150414,51.1315362923194],[-0.204891681446569,51.1313115982159],[-0.205248785644612,51.1313170797084],[-0.20560588996002,51.1313225601106],[-0.205614598462749,51.1310978659188],[-0.2059717010575,51.1311033451913]]],[[[-0.160335559993323,51.1375888693702],[-0.160326626978247,51.1378135590912],[-0.160317693848782,51.1380382488031],[-0.160308760604924,51.1382629385059],[-0.160665907710673,51.1382685542072],[-0.160656976071311,51.1384932439322],[-0.160648044317575,51.1387179336482],[-0.16029089377402,51.1387123178843],[-0.160281960186971,51.1389370075598],[-0.159924808038849,51.1389313906735],[-0.159567656005117,51.1389257726963],[-0.159558718865758,51.1391504623001],[-0.159201565227487,51.1391448432005],[-0.158844411703652,51.1391392230101],[-0.158835471011901,51.139363912542],[-0.158478315883554,51.1393582912291],[-0.15812116086969,51.1393526688253],[-0.158112216625462,51.1395773582854],[-0.157755060007114,51.1395717347592],[-0.157746113929337,51.1397964241787],[-0.157388955706509,51.1397907995302],[-0.157031797598233,51.1397851737906],[-0.156674639604532,51.1397795469601],[-0.156317481725427,51.1397739190385],[-0.156308528656976,51.1399986083233],[-0.155951369173467,51.1399929792793],[-0.155594209804601,51.1399873491444],[-0.155603166311095,51.1397626599225],[-0.155612122702895,51.1395379706915],[-0.155254966886709,51.1395323395285],[-0.154897811185206,51.1395267072745],[-0.154540655598408,51.1395210739295],[-0.154531694049624,51.139745763066],[-0.154174536858562,51.1397401285986],[-0.154165573476003,51.1399648176946],[-0.153808414680681,51.1399591821046],[-0.153451256000134,51.1399535454237],[-0.153460222820713,51.1397288563907],[-0.153469189526465,51.1395041673486],[-0.153112034398708,51.1394985296397],[-0.153103065973971,51.1397232186503],[-0.152745909242046,51.1397175798189],[-0.152736938983452,51.1399422687889],[-0.153094097434384,51.1399479076518],[-0.153085128779942,51.1401725966442],[-0.153442289064722,51.1401782344476],[-0.153433322014478,51.1404029234624],[-0.1534243548494,51.1406276124681],[-0.153415387569485,51.1408523014646],[-0.153058222127484,51.1408466635667],[-0.15270105680031,51.1408410245777],[-0.152692085967322,51.1410657135021],[-0.152334919035883,51.1410600733906],[-0.152325946368875,51.1412847622744],[-0.151968777833173,51.1412791210403],[-0.1519598033321,51.1415038098834],[-0.151602633192142,51.1414981675267],[-0.151245461363308,51.1414925229492],[-0.151236483244787,51.1417172116769],[-0.150879309563837,51.1417115658184],[-0.150522135998567,51.1417059188694],[-0.15051315429764,51.1419306074998],[-0.150155979114719,51.1419249594166],[-0.149798804047525,51.1419193102429],[-0.14944162909608,51.1419136599788],[-0.149084454260407,51.1419080086242],[-0.148727279540528,51.1419023561792],[-0.148370104936464,51.1418967026437],[-0.14801293044824,51.1418910480178],[-0.147655756075876,51.1418853923014],[-0.147664751643578,51.1416607040215],[-0.147673747095367,51.1414360157319],[-0.147682742431242,51.1412113274326],[-0.147691737651205,51.1409866391235],[-0.147700732755261,51.1407619508048],[-0.147709727743409,51.1405372624763],[-0.147352563886623,51.1405316059326],[-0.146995400145731,51.1405259482986],[-0.146638236520755,51.1405202895741],[-0.146281073011717,51.1405146297593],[-0.145923909618639,51.1405089688541],[-0.145914905964376,51.1407336569632],[-0.145905902194094,51.1409583450626],[-0.146263069053633,51.1409640060556],[-0.146272071090673,51.1407393179123],[-0.146629236332932,51.140744977771],[-0.146986401691132,51.1407506365394],[-0.14697740312058,51.1409753247704],[-0.146968404434075,51.1412000129917],[-0.147325573374709,51.1412056707574],[-0.14731657630554,51.1414303590129],[-0.146959405631614,51.1414247012033],[-0.146602235073613,51.1414190423034],[-0.146593234421883,51.1416437304614],[-0.146950406713196,51.1416493894052],[-0.146941407678819,51.1418740775974],[-0.14693240852848,51.1420987657798],[-0.146575232770475,51.1420931067482],[-0.146566231690047,51.1423177951106],[-0.146209054320127,51.1423121349316],[-0.145851877066061,51.1423064736621],[-0.14549469992787,51.1423008113023],[-0.145503706192261,51.1420761231108],[-0.145146530898197,51.1420704597175],[-0.145137522905577,51.142295147852],[-0.145128514689738,51.1425198363038],[-0.145119506357945,51.142744524746],[-0.144762325989663,51.1427388601164],[-0.144771336052421,51.1425141717187],[-0.144780345999203,51.1422894833113],[-0.144423169208772,51.1422838176801],[-0.144065992534305,51.1422781509585],[-0.143708815975826,51.1422724831465],[-0.143717830882572,51.1420477952395],[-0.143360656168935,51.1420421263939],[-0.143003481571451,51.1420364564579],[-0.14264630709014,51.1420307854314],[-0.142637286996529,51.1422554731678],[-0.142994463206915,51.1422611442511],[-0.142985444605447,51.1424858324365],[-0.142976425887891,51.1427105206121],[-0.142967407054244,51.1429352087779],[-0.142958388104505,51.143159896934],[-0.142601204970259,51.1431542256728],[-0.142592184173405,51.1433789137747],[-0.142583163260433,51.1436036018668],[-0.14257414223134,51.1438282899491],[-0.142216954020057,51.1438226174641],[-0.142207931143756,51.1440473054923],[-0.142198908151309,51.1442719935107],[-0.141841716593948,51.1442663198462],[-0.141484525152725,51.1442606450913],[-0.141493551607381,51.1440359571619],[-0.14113636201342,51.144030281361],[-0.141145390082964,51.1438055934663],[-0.14078820233626,51.1437999166194],[-0.140797232020648,51.1435752287594],[-0.140806261588804,51.1433505408897],[-0.140449077420385,51.1433448630413],[-0.14045810860332,51.1431201752064],[-0.140467139670004,51.1428954873617],[-0.140476170620441,51.1426707995072],[-0.140118991761194,51.1426651207018],[-0.139761813018182,51.1426594408061],[-0.13977084731425,51.1424347530309],[-0.139413670418432,51.1424290720892],[-0.139056493638891,51.1424233900571],[-0.138699316975651,51.1424177069346],[-0.138342140428732,51.1424120227217],[-0.137984963998158,51.1424063374183],[-0.137994006814941,51.1421816499304],[-0.138003049415124,51.1419569628573],[-0.138012091898787,51.1417322757744],[-0.138021134265933,51.1415075886818],[-0.138030176516562,51.1412829015795],[-0.138387344285716,51.1412885866494],[-0.138396384686588,51.1410638994932],[-0.13840542497097,51.1408392123273],[-0.138414465138865,51.1406145251517],[-0.138423505190273,51.1403898379663],[-0.13878066614304,51.1403955217695],[-0.138789704344809,51.1401708345303],[-0.138798742430119,51.1399461472814],[-0.13880778039897,51.1397214600227],[-0.13916493626876,51.1397271426033],[-0.139522092254949,51.1397328240936],[-0.139513057752325,51.1399575114404],[-0.139870215588009,51.1399631918844],[-0.139879248357516,51.1397385044935],[-0.139888281010634,51.139513817093],[-0.14024543549646,51.1395194963585],[-0.140254466300116,51.1392948089042],[-0.14026349698741,51.1390701214401],[-0.140272527558343,51.1388454339663],[-0.140281558012917,51.1386207464828],[-0.140638705682902,51.1386264244819],[-0.140647734288133,51.1384017369446],[-0.14065676277703,51.1381770493975],[-0.14101390709736,51.1381827262183],[-0.141371051533965,51.1381884019487],[-0.141728196086822,51.1381940765889],[-0.142085340755909,51.1381997501387],[-0.142094362196685,51.137975062406],[-0.141737219260549,51.1379693889001],[-0.14138007644064,51.1379637143039],[-0.141022933736982,51.1379580386175],[-0.141031960260297,51.137733351007],[-0.141389101231031,51.1377390266494],[-0.14139812590514,51.1375143389851],[-0.141040986667308,51.1375086633867],[-0.141050012958017,51.1372839757568],[-0.141059039132425,51.137059288117],[-0.141068065190535,51.1368346004676],[-0.141077091132348,51.1366099128084],[-0.141434223438793,51.1366155882308],[-0.14144324753152,51.1363909005179],[-0.141452271507977,51.1361662127952],[-0.141461295368166,51.1359415250628],[-0.141470319112088,51.1357168373207],[-0.141827444603735,51.1357225114769],[-0.14218457021159,51.1357281845429],[-0.142175549933122,51.135952872373],[-0.142532677389894,51.1359585443927],[-0.142889804962832,51.1359642153223],[-0.143246932651913,51.1359698851616],[-0.143604060457115,51.1359755539107],[-0.143595046993447,51.136200241907],[-0.143952176647508,51.1362059096099],[-0.143961188378418,51.1359812215697],[-0.143970199993216,51.1357565335198],[-0.143613073804652,51.1357508659048],[-0.143622087036058,51.1355261778891],[-0.143979211491906,51.1355318454601],[-0.143988222874489,51.1353071573907],[-0.143631100151334,51.1353014898637],[-0.143640113150483,51.1350768018285],[-0.143649126033508,51.1348521137836],[-0.143658138800409,51.134627425729],[-0.144015256325618,51.1346330931242],[-0.144372373966893,51.1346387594294],[-0.14472949172421,51.1346444246443],[-0.145086609597546,51.1346500887691],[-0.145443727586882,51.1346557518037],[-0.145800845692195,51.1346614137482],[-0.145791843321082,51.1348861020663],[-0.145782840833979,51.1351107903748],[-0.145425719263372,51.1351051283425],[-0.145416714927598,51.1353298165973],[-0.145059591740292,51.1353241534309],[-0.1450505855558,51.1355488416321],[-0.145407710475807,51.1355545048423],[-0.145764835511798,51.1355601669624],[-0.14612196066375,51.1355658279923],[-0.146112959561394,51.1357905163154],[-0.146470086562016,51.135796176299],[-0.146479085931642,51.135571487932],[-0.146836211315451,51.1355771467814],[-0.146827213678555,51.1358018351923],[-0.146818215925729,51.1360265235935],[-0.146809218056972,51.1362512119849],[-0.146800220072279,51.1364759003666],[-0.146791221971649,51.1367005887386],[-0.146782223755081,51.1369252771009],[-0.146773225422573,51.1371499654534],[-0.146764226974122,51.1373746537962],[-0.146755228409727,51.1375993421293],[-0.146398087430535,51.1375936828849],[-0.146389087017262,51.1378183711644],[-0.146380086488018,51.1380430594341],[-0.146737230933095,51.1380487187662],[-0.146728232020855,51.1382734070701],[-0.147085378314826,51.1382790653558],[-0.147094375494088,51.1380543770081],[-0.147451520170975,51.1380600341596],[-0.147460515501352,51.1378353457582],[-0.147103372557422,51.1378296886506],[-0.14711236950483,51.1376050002834],[-0.147121366336314,51.1373803119064],[-0.147478505814395,51.1373859689264],[-0.147487500797066,51.1371612804958],[-0.14784463865812,51.1371669363817],[-0.148201776635015,51.1371725911772],[-0.148192785118133,51.1373972796954],[-0.148183793485394,51.137621968204],[-0.148174801736798,51.1378466567027],[-0.148165809872343,51.1380713451918],[-0.148156817892027,51.1382960336711],[-0.148513964649449,51.1383016875956],[-0.14852295489678,51.1380769990724],[-0.148531945028271,51.1378523105395],[-0.148889088435547,51.1378579632861],[-0.149246231958603,51.1378636149423],[-0.149237245293045,51.1380883035628],[-0.149228258511693,51.1383129921736],[-0.148871111522679,51.1383073404298],[-0.148862122892518,51.138532028987],[-0.148853134146535,51.1387567175346],[-0.149210284601596,51.1387623693661],[-0.149567435172423,51.1387680201073],[-0.149558449776734,51.1389927087327],[-0.149549464265265,51.1392173973484],[-0.149906618417979,51.1392230470869],[-0.150263772686419,51.139228695735],[-0.150620927070563,51.1392343432928],[-0.150978081570388,51.1392399897602],[-0.150987060149514,51.1390153009693],[-0.15099603861295,51.1387906121687],[-0.151005016960696,51.1385659233584],[-0.151013995192755,51.1383412345383],[-0.150656847625151,51.138335588246],[-0.150665827474525,51.13811089946],[-0.150674807208193,51.1378862106643],[-0.150683786826157,51.1376615218589],[-0.150692766328421,51.1374368330437],[-0.150701745714984,51.1372121442188],[-0.150710724985851,51.1369874553842],[-0.150719704141021,51.1367627665399],[-0.150728683180499,51.1365380776859],[-0.151085816884728,51.136543723628],[-0.151442950704594,51.1365493684799],[-0.151800083486016,51.1365550115677],[-0.152157215809685,51.1365606532305],[-0.152514348248211,51.1365662938024],[-0.152871480801571,51.1365719332834],[-0.152862512151023,51.1367966223808],[-0.15321964653789,51.1368022608025],[-0.153228613469743,51.1365775716736],[-0.153237580286771,51.1363528825355],[-0.153246546988978,51.1361281933884],[-0.153255513576365,51.1359035042321],[-0.153612641203367,51.1359091414369],[-0.153621605957327,51.13568445224],[-0.153264480048934,51.1356788150667],[-0.153273446406687,51.1354541258922],[-0.153282412649627,51.1352294367087],[-0.153639535120867,51.1352350738189],[-0.153648499530452,51.1350103845947],[-0.153657463825248,51.1347856953615],[-0.153666428005258,51.1345610061191],[-0.153675392070485,51.1343363168676],[-0.153318276473283,51.1343306798833],[-0.153327242142181,51.1341059906542],[-0.153336207693258,51.1338813014363],[-0.152979095629972,51.1338756635423],[-0.152621983681028,51.1338700245582],[-0.152630951844181,51.1336453400811],[-0.15227384171921,51.1336397000523],[-0.152282811477548,51.1334150156107],[-0.152291781121465,51.1331903311593],[-0.152648887827285,51.1331959710974],[-0.152657855647242,51.1329712865908],[-0.153014960757876,51.1329769253936],[-0.153372065982847,51.1329825631063],[-0.15372917132213,51.1329881997291],[-0.154086276775705,51.1329938352618],[-0.154095237643169,51.1327691505642],[-0.154452341501483,51.1327747849617],[-0.154809445474044,51.1327804182691],[-0.154818402808185,51.1325557334712],[-0.155175505185458,51.1325613656434],[-0.155532607676931,51.1325669967255],[-0.155523653761815,51.132791681614],[-0.155514699732483,51.1330163664927],[-0.15515759382196,51.13301073532],[-0.155148637968853,51.1332354201437],[-0.155139682001503,51.1334601049575],[-0.155130725919908,51.1336847897615],[-0.154773614994857,51.133679157363],[-0.15476465702592,51.1339038425565],[-0.154755698345564,51.1341285319206],[-0.154398584122642,51.1341228982402],[-0.154389623609113,51.1343475875638],[-0.154380662980845,51.1345722768782],[-0.154371702237838,51.1347969661836],[-0.154728821616206,51.1348025999585],[-0.154719862476983,51.1350272892863],[-0.155076983688566,51.1350329220018],[-0.155434105014816,51.1350385536266],[-0.15544306071698,51.1348138642359],[-0.155452016304468,51.1345891748361],[-0.155809134308319,51.1345948053072],[-0.155818088062646,51.1343701158668],[-0.155827041702323,51.1341454264174],[-0.156184156383834,51.1341510557348],[-0.156193108190419,51.1339263662448],[-0.156550221268075,51.13393199444],[-0.156559170761988,51.1337073084553],[-0.15620205938023,51.1337016804169],[-0.156211010333014,51.1334769954771],[-0.15621996117162,51.1332523105275],[-0.156577069134185,51.1332579384754],[-0.156934177210868,51.1332635653333],[-0.156943124516169,51.1330388802835],[-0.156586018149051,51.1330332534708],[-0.156594967049765,51.1328085684564],[-0.156237862506306,51.1328029405989],[-0.156246813002389,51.1325782556199],[-0.15660391583633,51.1325838834321],[-0.156612864508746,51.1323591983981],[-0.1569699657473,51.1323648250751],[-0.157327067099942,51.1323704506621],[-0.157318121846527,51.1325951357866],[-0.157675225022739,51.1326007603288],[-0.157666281364744,51.1328254454887],[-0.157657337592665,51.1330501306387],[-0.1576483937065,51.133274815779],[-0.157639449706247,51.1334995009095],[-0.157630505591904,51.1337241860302],[-0.157621561188363,51.1339488724809],[-0.15797867472416,51.1339544963131],[-0.157987617430018,51.1337298097085],[-0.158344729382165,51.1337354322966],[-0.158353670077276,51.1335107470855],[-0.158710780433817,51.1335163685385],[-0.158719719305285,51.1332916832724],[-0.159076828066215,51.1332973035902],[-0.15943393694111,51.1333029228179],[-0.159791045929947,51.1333085409556],[-0.160148155032705,51.1333141580032],[-0.160139222999644,51.13353884345],[-0.160130290852647,51.1337635288869],[-0.160487403488539,51.1337691449348],[-0.160844516238311,51.1337747598927],[-0.160835587129962,51.1339994477025],[-0.160826657663349,51.1342241376004],[-0.160817728082398,51.1344488274892],[-0.160808798387107,51.1346735173689],[-0.160799868577475,51.1348982072396],[-0.160790938653499,51.1351228971011],[-0.160782008615177,51.1353475869535],[-0.160773078462508,51.1355722767969],[-0.16076414819549,51.1357969666311],[-0.16075521781412,51.1360216564562],[-0.160746287318398,51.1362463462723],[-0.160737356708319,51.1364710360792],[-0.160728425983883,51.1366957258771],[-0.160719495145089,51.1369204156658],[-0.160710564191934,51.1371451054454],[-0.160701633124415,51.137369795216],[-0.160692701942532,51.1375944849774],[-0.160335559993323,51.1375888693702]]],[[[-0.146175964842515,51.1342176978493],[-0.146533079714498,51.1342233575256],[-0.146890194702387,51.1342290161119],[-0.146881197761035,51.1344537045811],[-0.146872200703763,51.1346783930406],[-0.146863203530571,51.1349030814904],[-0.146506083344822,51.1348974227726],[-0.146148963274985,51.1348917629645],[-0.14615796391346,51.1346670746025],[-0.146166964435969,51.1344423862307],[-0.146175964842515,51.1342176978493]]],[[[-0.148612850999263,51.135830113306],[-0.148603861910234,51.1360548019264],[-0.148960991454585,51.1360604543223],[-0.149318121114703,51.136066105628],[-0.14930913537543,51.1362907943263],[-0.148952003982524,51.1362851429768],[-0.148594872705383,51.1362794905371],[-0.14858588338471,51.136504179138],[-0.148228750490552,51.1364985255642],[-0.148237741544033,51.1362738370071],[-0.147880610498494,51.1362681823869],[-0.147889603168914,51.1360434938639],[-0.147898595723467,51.1358188053311],[-0.148255723303461,51.1358244598637],[-0.148612850999263,51.135830113306]]],[[[-0.15845148796429,51.1400323596761],[-0.15880864824968,51.1400379810831],[-0.158817589284916,51.1398132915785],[-0.159174747965734,51.1398189118631],[-0.159531906760993,51.1398245310567],[-0.159522969163836,51.140049220624],[-0.159880129792558,51.1400548387579],[-0.16023729053568,51.1400604558009],[-0.16059445139318,51.1400660717529],[-0.160585518838767,51.1402907614051],[-0.160942681529692,51.1402963762974],[-0.160933750579983,51.1405210659719],[-0.160924819515901,51.1407457556373],[-0.160915888337449,51.1409704452936],[-0.16055872048918,51.1409648303073],[-0.160201552755274,51.14095921423],[-0.159844385135754,51.1409535970617],[-0.159835448685458,51.1411782866149],[-0.159826512120719,51.141402976159],[-0.159469341177278,51.1413973578369],[-0.159112170348271,51.1413917384238],[-0.159121110351359,51.1411670489424],[-0.158763941355979,51.1411614284696],[-0.158772882963728,51.1409367390105],[-0.158781824456971,51.1407120495423],[-0.15879076583571,51.140487360065],[-0.15843360211218,51.1404817385952],[-0.158442545095497,51.1402570491402],[-0.15845148796429,51.1400323596761]]],[[[-0.161531363933414,51.1074813823578],[-0.161522448826864,51.1077060642737],[-0.16151353360606,51.1079307461827],[-0.161156618699649,51.1079251340511],[-0.160799703907473,51.1079195208277],[-0.160808622564933,51.1076948388937],[-0.160817541108094,51.1074701569529],[-0.16082645953696,51.1072454750052],[-0.160835377851529,51.1070207930505],[-0.161192285770531,51.1070264063239],[-0.161183369174221,51.107251088266],[-0.161540278925711,51.107256700435],[-0.161531363933414,51.1074813823578]]],[[[-0.161790221120816,51.1099584868728],[-0.161781306297059,51.1101831672043],[-0.161772391358223,51.1104078475262],[-0.161415457327381,51.1104022362971],[-0.161058523411599,51.1103966239787],[-0.16106744182061,51.1101719437396],[-0.161076360114496,51.1099472634909],[-0.16108527829326,51.1097225832325],[-0.16144220700385,51.1097281954267],[-0.161433290560128,51.1099528757265],[-0.161790221120816,51.1099584868728]]],[[[-0.175492190620942,51.0975830798904],[-0.175501034555008,51.0973583943462],[-0.175509878375872,51.0971337087948],[-0.175866713152421,51.0971392773011],[-0.175875555145211,51.0969145917493],[-0.176232388320017,51.0969201591714],[-0.176589221607933,51.0969257255022],[-0.176580383044897,51.0971504110402],[-0.176937218160779,51.0971559762729],[-0.176928381199509,51.0973806617968],[-0.176919544125125,51.0976053473134],[-0.176562705579418,51.0975997820945],[-0.176553866676971,51.0978244676108],[-0.176197026529413,51.0978189013076],[-0.175840186494972,51.0978133339131],[-0.175849028827304,51.097588648383],[-0.175492190620942,51.0975830798904]]],[[[-0.18628529163282,51.0955027914921],[-0.18629408343598,51.0952781063923],[-0.186302875133281,51.0950534212902],[-0.186659692795828,51.0950589535311],[-0.187016510564171,51.0950644846759],[-0.187373328438289,51.0950700147246],[-0.187730146418163,51.0950755436771],[-0.188086964503774,51.0950810715335],[-0.188443782695099,51.0950865982939],[-0.188452564808207,51.0948619138414],[-0.1888093815255,51.0948674396142],[-0.189166198348467,51.094872964291],[-0.189157419394818,51.0950976485262],[-0.189514237903171,51.0951031719981],[-0.18987105651716,51.095108694374],[-0.190227875236764,51.0951142156537],[-0.190584694061964,51.0951197358374],[-0.19094151299274,51.0951252549249],[-0.190932741832182,51.0953499386144],[-0.190923970566036,51.0955746223017],[-0.190915199194298,51.0957993059867],[-0.190906427716968,51.0960239896695],[-0.190549602467028,51.0960184710169],[-0.19019277732267,51.0960129512681],[-0.189835952283915,51.0960074304231],[-0.189479127350783,51.096001908482],[-0.189470349448497,51.0962265925974],[-0.189113523041171,51.0962210696689],[-0.188756696739509,51.0962155456441],[-0.188399870543533,51.0962100205233],[-0.18804304445326,51.0962044943062],[-0.18805182867488,51.0959798097561],[-0.187695004270162,51.0959742823342],[-0.187338179971186,51.0959687538162],[-0.186981355777972,51.0959632242021],[-0.186624531690542,51.0959576934918],[-0.186267707708915,51.0959521616853],[-0.186276499723799,51.0957274765898],[-0.18628529163282,51.0955027914921]]],[[[-0.218701879811457,51.0881321598002],[-0.21869323714315,51.0883568427223],[-0.218336463174768,51.0883514094237],[-0.218327818774592,51.088576092383],[-0.217971045747346,51.0885706596572],[-0.217962399767797,51.0887953427617],[-0.217605626396237,51.0887899097711],[-0.217596978781952,51.089014592988],[-0.21758833106591,51.0892392762028],[-0.217579683248111,51.0894639594155],[-0.21722290537925,51.0894585256719],[-0.216866127612173,51.0894530908322],[-0.216857476626494,51.0896777742716],[-0.216500697428164,51.0896723384502],[-0.216143918331659,51.0896669015327],[-0.215787139336999,51.0896614635192],[-0.215430360444203,51.0896560244096],[-0.215439017562103,51.089431340513],[-0.215082240304242,51.0894259001931],[-0.21472546314828,51.0894204587771],[-0.21471680296428,51.0896451429023],[-0.214708142678357,51.0898698270254],[-0.214699482290506,51.0900945111465],[-0.214342700637262,51.0900890689773],[-0.2143513625582,51.0898643847419],[-0.213994582539987,51.0898589413623],[-0.213637802623737,51.0898534968867],[-0.213281022809468,51.089848051315],[-0.213289689227653,51.0896233667348],[-0.213298355543834,51.0893986821526],[-0.213307021758011,51.0891739975683],[-0.213663796973152,51.0891794434828],[-0.213672461552325,51.0889547590107],[-0.213681126029518,51.0887300745366],[-0.21332435388036,51.0887246283937],[-0.213315687870185,51.088949312982],[-0.21295891429004,51.0889438658573],[-0.212602140811909,51.0889384176365],[-0.212610809888041,51.0887137328197],[-0.21225403804492,51.0887082833887],[-0.21226270855197,51.0884835984556],[-0.212271378956962,51.0882589135205],[-0.212628147734191,51.08826436318],[-0.212636816504212,51.0880396783571],[-0.212993583850553,51.0880451270347],[-0.213350351298899,51.0880505746164],[-0.213707118849234,51.088056021102],[-0.21369845467797,51.0882807055823],[-0.213689790404733,51.0885053900605],[-0.214046561122901,51.0885108352216],[-0.214055223863197,51.0882861508577],[-0.214411993150373,51.0882915950371],[-0.21476876253948,51.0882970381204],[-0.2151255320305,51.0883024801078],[-0.215134190070063,51.0880777960846],[-0.214777422111972,51.088072353983],[-0.214786081582551,51.0878476698434],[-0.21479474095122,51.0876229857019],[-0.215151505843519,51.087628428032],[-0.215160163577413,51.0874037440027],[-0.21516882120942,51.0871790599713],[-0.214812059382834,51.0871736174126],[-0.214820718445782,51.0869489332649],[-0.214829377406826,51.0867242491151],[-0.214838036265969,51.0864995649633],[-0.214846695023211,51.0862748808094],[-0.215203450718615,51.0862803238252],[-0.215212107841214,51.0860556397835],[-0.215568862105749,51.0860610818176],[-0.215577517593746,51.0858363978882],[-0.215934270427409,51.0858418389407],[-0.216291023362909,51.0858472788973],[-0.216299675683634,51.0856225951943],[-0.216656427188239,51.0856280341693],[-0.217013178794638,51.0856334720484],[-0.217369930502814,51.0856389088315],[-0.217378578123651,51.0854142254695],[-0.217735328400887,51.0854196612711],[-0.217726682312746,51.0856443445188],[-0.218083434224414,51.0856497791102],[-0.218074789567259,51.0858744622416],[-0.218431544567501,51.0858798965065],[-0.218422901335492,51.0861045795266],[-0.218779659048202,51.0861100132524],[-0.218771017335478,51.0863346962243],[-0.218762375516584,51.0865593791907],[-0.219119136586437,51.0865648117386],[-0.21911049628689,51.0867894946566],[-0.21910185588119,51.0870141775692],[-0.219458620308258,51.0870196089392],[-0.219449981421966,51.0872442918034],[-0.219441342429542,51.0874689746622],[-0.219432703330982,51.0876936575154],[-0.219789472740939,51.0876990876647],[-0.220146242257023,51.0877045167214],[-0.22050301187921,51.0877099446857],[-0.220859781607482,51.0877153715575],[-0.220851148905298,51.0879400542341],[-0.220494377551395,51.0879346274051],[-0.220137606303579,51.0879291994836],[-0.219780835161868,51.0879237704696],[-0.219424064126284,51.0879183403631],[-0.219067293196848,51.0879129091641],[-0.219058652260368,51.088137592049],[-0.218701879811457,51.0881321598002]]],[[[-0.213036918505898,51.0869217034606],[-0.21268015882384,51.0869162542118],[-0.212688826981682,51.0866915693766],[-0.212697495037501,51.0864668845394],[-0.212340738523028,51.0864614339663],[-0.212349408009578,51.0862367490128],[-0.212358077394088,51.0860120640573],[-0.212714830843074,51.0860175148589],[-0.213071584394072,51.0860229645644],[-0.21306291807503,51.0862476492915],[-0.213419673260757,51.086253097787],[-0.213776428548457,51.0862585451865],[-0.214133183938113,51.0862639914901],[-0.214124522115346,51.0864886758724],[-0.214115860190638,51.0867133602527],[-0.214107198163988,51.086938044631],[-0.213750438175992,51.0869325986702],[-0.213741774514576,51.0871572831606],[-0.21338501309572,51.0871518362181],[-0.213028251778846,51.0871463881795],[-0.213036918505898,51.0869217034606]]],[[[-0.213019584949787,51.0873710728964],[-0.2133763477995,51.0873765208207],[-0.213733110751194,51.0873819676491],[-0.213724446885845,51.0876066521354],[-0.214081211472364,51.0876120977536],[-0.214072549037927,51.0878367821236],[-0.213715782918525,51.0878313366198],[-0.213359016901091,51.0878258900199],[-0.213002250985642,51.087820442324],[-0.21301091801872,51.0875957576112],[-0.213019584949787,51.0873710728964]]],[[[-0.218329327714577,51.1256715998653],[-0.218320686240794,51.1258962956431],[-0.2186777564466,51.1259017369417],[-0.218669116598138,51.1261264327554],[-0.218312044655363,51.126120991411],[-0.218303402958285,51.1263456871692],[-0.218294761149554,51.1265703829175],[-0.217937691628419,51.1265649412942],[-0.217580623768795,51.1265594988219],[-0.217223556025683,51.1265540552596],[-0.217232203145814,51.1263293596025],[-0.217240850149348,51.1261046639358],[-0.217597914217381,51.12611010742],[-0.217606559266815,51.1258854117047],[-0.21796362161385,51.1258908540596],[-0.217972264709231,51.1256661582958],[-0.218329327714577,51.1256715998653]]],[[[-0.238713175543604,51.0969779902432],[-0.238721726821035,51.0967533066748],[-0.238364881927049,51.0967479306129],[-0.238373434967322,51.096523247265],[-0.238381987890383,51.0962985638981],[-0.238390540696233,51.096073880512],[-0.238399093384875,51.0958491971068],[-0.238755930758874,51.0958545722097],[-0.239112768250078,51.0958599462334],[-0.239121317061636,51.0956352623296],[-0.239478152790079,51.0956406350343],[-0.239834988635677,51.0956460066598],[-0.240191824598403,51.095651377206],[-0.240548660678235,51.095656746673],[-0.240557201852952,51.0954320617912],[-0.240565742910609,51.0952073768903],[-0.240922575347694,51.0952127447987],[-0.240931114408413,51.094988059639],[-0.241287945082669,51.0949934262285],[-0.241296482146499,51.0947687408101],[-0.241653311057922,51.0947741060807],[-0.242010140086346,51.094779470272],[-0.242001606782237,51.0950041561698],[-0.242358437807498,51.0950095195216],[-0.242349906266314,51.09523420564],[-0.24234137460819,51.0954588917392],[-0.242332842833123,51.0956835778194],[-0.24197600616813,51.0956782137486],[-0.241967472396161,51.0959028995701],[-0.241610633968196,51.0958975341803],[-0.241602098199278,51.096122219743],[-0.241593562313365,51.0963469052865],[-0.241950404501312,51.0963522711556],[-0.241941870378428,51.0965769569197],[-0.241933336138568,51.0968016426647],[-0.24192480178173,51.0970263283907],[-0.241567953953631,51.0970209618026],[-0.241576490190543,51.0967962763163],[-0.241219644359536,51.0967909088886],[-0.240862798645571,51.0967855403816],[-0.240854258648517,51.0970102253885],[-0.240497411171551,51.0970048555625],[-0.240140563811678,51.0969994846572],[-0.239783716568922,51.0969941126726],[-0.239426869443308,51.0969887396088],[-0.239070022434861,51.0969833654657],[-0.238713175543604,51.0969779902432]]],[[[-0.246232519874884,51.0964165773995],[-0.245875676284673,51.096411224482],[-0.245518832811183,51.0964058704852],[-0.245527348016952,51.0961811823057],[-0.245535863105987,51.0959564941071],[-0.245544378078287,51.0957318058894],[-0.245187540361541,51.0957264515321],[-0.244830702761559,51.0957210960955],[-0.244473865278366,51.0957157395796],[-0.244117027911985,51.0957103819844],[-0.244125550287351,51.095485694706],[-0.244134072545893,51.0952610074086],[-0.244490906152405,51.0952663645246],[-0.244499426414226,51.0950416769685],[-0.244856258257646,51.0950470327655],[-0.245213090217848,51.0950523874834],[-0.245221606603116,51.094827699429],[-0.245578436800195,51.094833052828],[-0.245586951188859,51.094608364515],[-0.245943779622809,51.0946137165952],[-0.245935267114005,51.0948384051478],[-0.246292097544522,51.0948437563883],[-0.246648928091722,51.0948491065495],[-0.2466574368408,51.0946244175178],[-0.246665945473229,51.094399728467],[-0.246309118685733,51.0943943787849],[-0.246317629081329,51.0941696899546],[-0.246326139360256,51.0939450011052],[-0.245969316449043,51.093939650823],[-0.245977828491068,51.0937149621941],[-0.245621007576319,51.0937096110721],[-0.245629521381396,51.0934849226637],[-0.245638035069761,51.0932602342363],[-0.245994852225051,51.0932655848791],[-0.246351669497033,51.0932709344427],[-0.246360179309299,51.0930462455171],[-0.246716994818251,51.093051593762],[-0.247073810443847,51.0930569409277],[-0.247065304390979,51.0932816303324],[-0.247056798221496,51.093506319718],[-0.247048291935398,51.0937310090846],[-0.24703978553268,51.0939556984321],[-0.247396608793843,51.0939610454767],[-0.2473881041543,51.0941857350446],[-0.247379599398159,51.0944104245935],[-0.247022772377379,51.0944050770699],[-0.247014265624792,51.0946297663602],[-0.247371094525417,51.0946351141234],[-0.247362589536071,51.0948598036342],[-0.247719420433172,51.0948651505576],[-0.247710917207115,51.0950898402888],[-0.247702413864474,51.095314530001],[-0.247693910405248,51.0955392196941],[-0.247337073868396,51.0955338720521],[-0.247328568412618,51.0957585614867],[-0.246971730112419,51.0957532125258],[-0.246614891928862,51.0957478624857],[-0.246606382596502,51.0959725514221],[-0.246249542649629,51.095967200063],[-0.2462410313206,51.0961918887408],[-0.246597873147478,51.0961972403394],[-0.24658936358179,51.0964219292376],[-0.246232519874884,51.0964165773995]]]]}}