{"type":"Feature","properties":{"code":"E63004796","name":"Havering"},"geometry":{"type":"MultiPolygon","coordinates":[[[[0.289027482240624,51.5725797417958],[0.28903876554178,51.5728043500485],[0.289399209407882,51.5727973172632],[0.289387924328474,51.5725727090637],[0.289748366269601,51.572565675225],[0.290108808063982,51.5725586402798],[0.290120096699885,51.5727832483728],[0.290480540125741,51.5727762122678],[0.290491830686742,51.5730008202974],[0.290503121394598,51.5732254283169],[0.290863568230211,51.5732183909988],[0.291224014919001,51.5732113525742],[0.291584461460945,51.5732043130429],[0.291944907856021,51.5731972724051],[0.291933610035029,51.5729726645987],[0.292294054504934,51.5729656229076],[0.292305354104204,51.5731902306608],[0.292316653850445,51.5734148384037],[0.292327953743662,51.5736394461365],[0.292688403401549,51.573632403179],[0.292699705220088,51.5738570108483],[0.292339253783857,51.5738640538591],[0.292350553971031,51.5740886615715],[0.29271100718563,51.5740816185074],[0.29307146025328,51.5740745743367],[0.293060156509374,51.5738499667309],[0.293420607651692,51.5738429215069],[0.293781058647017,51.5738358751763],[0.293769751493462,51.5736112676669],[0.294130200563439,51.573604220283],[0.294490649486381,51.5735971717925],[0.294501960196601,51.5738217791952],[0.294513271053941,51.5740463865878],[0.294152818574313,51.5740534351849],[0.294164127800395,51.5742780426206],[0.294524582058401,51.5742709939702],[0.294885036169341,51.5742639442131],[0.294873723386505,51.5740393368841],[0.295234175571985,51.5740322860737],[0.295594627610354,51.5740252341568],[0.295955079501592,51.5740181811332],[0.295966397619536,51.5742427883022],[0.296326851141983,51.5742357341187],[0.296338171185531,51.574460341224],[0.296698626339182,51.5744532858805],[0.297059081345628,51.5744462294304],[0.297419536204844,51.5744391718737],[0.297408210826149,51.5742145649285],[0.297047757745313,51.5742216224318],[0.297036434292283,51.573997015423],[0.297025110986533,51.573772408404],[0.297013787828064,51.5735478013748],[0.297374235573898,51.5735407440316],[0.297362910784416,51.5733161370456],[0.297351586142233,51.5730915300494],[0.296991141952953,51.5730985872858],[0.296630697616458,51.5731056434156],[0.296619376678056,51.5728810363024],[0.296979819236305,51.572873980226],[0.297340261647343,51.572866923043],[0.297328937299746,51.5726423160264],[0.297317613099439,51.5724177089996],[0.297678051806832,51.5724106508169],[0.297666725975641,51.5721860438333],[0.297306289046419,51.5721931019626],[0.29694585196997,51.5722001589854],[0.296585414746316,51.5722072149016],[0.296224977375481,51.5722142697113],[0.296213658804204,51.5719896625039],[0.29585322306437,51.5719967161538],[0.295492787177403,51.572003768697],[0.295132351143326,51.5720108201338],[0.294771914962163,51.5720178704641],[0.294411478633938,51.5720249196878],[0.294400169100573,51.5718003122035],[0.294039734403453,51.5718073602673],[0.29367929955932,51.5718144072247],[0.293318864568194,51.5718214530755],[0.292958429430099,51.5718284978198],[0.292947127156343,51.5716038901121],[0.292586693649436,51.5716109336966],[0.29222625999561,51.5716179761746],[0.291865826194887,51.571625017546],[0.291854529402474,51.5714004096683],[0.292214961425081,51.5713933683501],[0.292575393300793,51.5713863259253],[0.292935825029588,51.5713792823941],[0.293296256611441,51.5713722377564],[0.293656688046331,51.5713651920122],[0.293667993729302,51.5715897996235],[0.294028426795309,51.5715827527195],[0.294388859714303,51.5715757047089],[0.294749292486262,51.5715686555919],[0.294737981468987,51.5713440481405],[0.295098412315793,51.5713369979703],[0.295087099667557,51.571112390562],[0.295075787166456,51.5708877831436],[0.295064474812488,51.570663175715],[0.295053162605646,51.5704385682761],[0.294692738870999,51.570445618233],[0.294681428589266,51.5702210107306],[0.294321006485555,51.5702280595277],[0.293960584234824,51.5702351072183],[0.293600161837097,51.5702421538025],[0.293239739292395,51.5702491992802],[0.293251042462175,51.5704738069958],[0.293262345778969,51.5706984147013],[0.292901919531305,51.5707054591791],[0.292913221217071,51.5709300669276],[0.292924523049832,51.571154674666],[0.292564093099125,51.5711617181439],[0.292203663001505,51.5711687605153],[0.291843232756991,51.5711758017803],[0.291482802365608,51.5711828419387],[0.291471507645126,51.5709582339873],[0.291111078884973,51.570965272986],[0.290750649977998,51.5709723108782],[0.290761941142327,51.5711969189361],[0.290773232453514,51.5714215269838],[0.290412799843559,51.571428563876],[0.290052367086823,51.5714355996617],[0.289691934183331,51.5714426343408],[0.289680648206462,51.5712180261334],[0.289320216934347,51.5712250596529],[0.289308932882355,51.5710004513821],[0.288948503241624,51.5710074837418],[0.288588073454208,51.571014514995],[0.288227643520133,51.5710215451418],[0.288238922237845,51.5712461535721],[0.287878490379036,51.5712531826656],[0.287889767465323,51.5714777911389],[0.287901044698287,51.5717023996021],[0.287540609136591,51.5717094276953],[0.287551884738065,51.5719340362015],[0.287563160486198,51.5721586446974],[0.287923599604257,51.5721516164979],[0.287912322077931,51.5719270080551],[0.288272759271173,51.5719199788021],[0.288284038575689,51.5721445871918],[0.288295318026912,51.5723691955712],[0.288655758629907,51.5723621651054],[0.288667040006073,51.5725867734214],[0.289027482240624,51.5725797417958]]],[[[0.162926467193165,51.5230375415298],[0.16293710247219,51.5232621626594],[0.162947737889053,51.5234867837716],[0.162587648585828,51.5234934209304],[0.162598282374919,51.5237180421992],[0.162958373443755,51.5237114048665],[0.162969009136299,51.5239360259441],[0.16332910183302,51.52392938734],[0.16368919439197,51.5239227476385],[0.164049286813126,51.5239161068394],[0.164038645823695,51.5236914862835],[0.16439873634141,51.5236848445609],[0.164758826721289,51.5236782017407],[0.165118916965454,51.5236715578062],[0.165479007081402,51.5236649126959],[0.165839097059013,51.5236582664872],[0.166199186898266,51.5236516191802],[0.166188535429998,51.5234269996055],[0.166548623358036,51.5234203513588],[0.166908711147672,51.5234137020138],[0.167268798798884,51.5234070515703],[0.167628886311649,51.5234004000285],[0.167988973685942,51.5233937473884],[0.167978313492118,51.5231691285912],[0.16833839895512,51.5231624750115],[0.168698484279607,51.5231558203334],[0.169058569465558,51.523149164557],[0.169418654512948,51.5231425076823],[0.169429321797953,51.5233671258442],[0.169439989221639,51.5235917439896],[0.169079900628642,51.523598401182],[0.168719811897081,51.5236050572761],[0.168359723026978,51.5236117122718],[0.167999634018355,51.5236183661691],[0.167639544871238,51.5236250189681],[0.167279455585647,51.5236316706687],[0.166919366161606,51.5236383212709],[0.166930021314062,51.5238629405115],[0.166569929978741,51.5238695901742],[0.166209838505012,51.5238762387384],[0.165849746892899,51.5238828862042],[0.165489655142427,51.5238895325717],[0.165129563253617,51.5238961778407],[0.164769471241966,51.5239028219488],[0.164409379096466,51.5239094649428],[0.164420021989458,51.5241340853075],[0.164059927940471,51.5241407273779],[0.163699833753664,51.5241473683509],[0.163339739429062,51.5241540082263],[0.163350377162974,51.5243786290953],[0.163361015034758,51.5246032499469],[0.163721112890733,51.5245966097237],[0.163731752666111,51.5248212303841],[0.163742392579389,51.5250458510271],[0.163753032630569,51.5252704716528],[0.164113135645966,51.5252638298103],[0.164123777600836,51.5254884502447],[0.16413442227354,51.5257130792142],[0.163774315800868,51.525719721569],[0.163784959162968,51.5259443516627],[0.164145067414347,51.5259377092658],[0.16450517552711,51.5259310657636],[0.16451582258534,51.5261556957637],[0.164875932338189,51.5261490511139],[0.165236041960365,51.5261424053698],[0.165246692704658,51.5263670352754],[0.165257343586542,51.5265916651713],[0.16526799460602,51.5268162950576],[0.165628109374889,51.5268096480841],[0.165988224006221,51.5268030000054],[0.165998878681135,51.527027629792],[0.166009533493692,51.5272522595689],[0.166020188443895,51.5274768893361],[0.166380308214486,51.5274702400172],[0.166390965061323,51.5276948697297],[0.166401622045833,51.5279194994325],[0.16641227916802,51.5281441291256],[0.166772404078037,51.5281374785664],[0.166783063096952,51.5283621082049],[0.166793722253572,51.5285867378336],[0.166804381547897,51.5288113674526],[0.167164511597508,51.5288047156531],[0.167175172788658,51.5290293452174],[0.167535304459736,51.5290226922675],[0.167545967547756,51.5292473217771],[0.167556630773535,51.5294719512771],[0.167916765825231,51.5294652971318],[0.167927430947952,51.529689926577],[0.168287567621124,51.5296832712813],[0.16829823464083,51.5299079006718],[0.168658372935475,51.5299012442256],[0.169018511092368,51.529894586674],[0.169378649111487,51.5298879280171],[0.169389321546661,51.5301125572627],[0.169399994119719,51.5303371864987],[0.169410666830659,51.530561815725],[0.169421339679487,51.5307864449415],[0.169781484597802,51.5307797849989],[0.170141629378288,51.5307731239508],[0.170130953010897,51.5305484948244],[0.170491095894254,51.5305418327159],[0.17048041790554,51.5303172036248],[0.170120276781439,51.5303238656882],[0.17010960068991,51.5300992365424],[0.17009892473631,51.5298746073868],[0.170459062341969,51.5298679454135],[0.170819199809761,51.5298612823348],[0.170808520475713,51.5296366532597],[0.171168656046436,51.5296299891206],[0.171528791479251,51.5296233238762],[0.171888926774134,51.5296166575263],[0.172249061931064,51.529609990071],[0.172238375698361,51.5293853611665],[0.172598508958164,51.5293786926509],[0.172609196950016,51.5296033215103],[0.172619885079951,51.52982795036],[0.17263057334797,51.5300525792],[0.172990711747287,51.5300459094436],[0.173001401912609,51.5302705382287],[0.173361541933112,51.5302638673218],[0.173721681815563,51.5302571953095],[0.174081821559941,51.5302505221917],[0.17444196116622,51.5302438479685],[0.174431263964058,51.530019219364],[0.174420566900098,51.5297945907497],[0.174060430812208,51.5298012648826],[0.174049735645606,51.5295766362135],[0.174039040617177,51.5293520075346],[0.174028345726919,51.5291273788461],[0.174388476537394,51.5291207048487],[0.174748607209761,51.5291140297458],[0.175108737743997,51.5291073535376],[0.175468868140079,51.5291006762241],[0.175828998397984,51.5290939978051],[0.175818294850455,51.5288693693327],[0.17617842321108,51.5288626898536],[0.176538551433486,51.528856009269],[0.176898679517651,51.5288493275791],[0.177258807463549,51.5288426447839],[0.177248097018083,51.5286180164826],[0.177608223066645,51.5286113326272],[0.177968348976899,51.5286046476664],[0.17797906294046,51.5288292758772],[0.177989777042438,51.5290539040783],[0.178000491282835,51.5292785322696],[0.178360622331958,51.5292718460677],[0.17872075324272,51.5292651587604],[0.17873147113976,51.5294897868515],[0.178742189175269,51.5297144149329],[0.178752907349251,51.5299390430045],[0.178763625661705,51.5301636710664],[0.179123763470651,51.5301569824727],[0.17913448368078,51.5303816104796],[0.179494623110506,51.5303749207351],[0.179505345218356,51.530599548687],[0.179516067464733,51.5308241766292],[0.179876210274475,51.5308174856887],[0.179886934418643,51.5310421135759],[0.179897658701365,51.5312667414533],[0.18025780489118,51.5312600493167],[0.180268531071765,51.5314846771391],[0.180628678882387,51.5314779838518],[0.180639406960878,51.5317026116192],[0.180999556392303,51.5316959171811],[0.181010286368749,51.5319205448934],[0.181021016483825,51.532145172596],[0.181031746737536,51.5323698002888],[0.180671592028004,51.5323764948629],[0.180682320660938,51.5326011225913],[0.180693049432488,51.53282575031],[0.180703778342656,51.533050378019],[0.180714507391446,51.5332750057183],[0.18072523657886,51.5334996334078],[0.180365072933485,51.533506327103],[0.180004909149591,51.5335130196926],[0.179644745227201,51.5335197111767],[0.179655469274641,51.5337443389924],[0.179295303454239,51.5337510294162],[0.178935137495385,51.5337577187344],[0.178945857958889,51.5339823470087],[0.178585690097175,51.5339890352913],[0.17822552209754,51.5339957224688],[0.177865353960006,51.5340024085413],[0.177876069173821,51.5342270372175],[0.17751589914699,51.5342337222396],[0.177526612747322,51.5344583509601],[0.177537326485599,51.5346829796704],[0.17754804036182,51.5349076083703],[0.177908215643056,51.5349009231843],[0.177918931408738,51.5351255518193],[0.177929647312392,51.535350180444],[0.177569468528107,51.5353568657393],[0.177580182818178,51.5355814944084],[0.177940363354022,51.5355748090585],[0.178300543751974,51.5355681226035],[0.17831126168316,51.535792751153],[0.178671443694774,51.5357860635382],[0.178682163515562,51.5360106920228],[0.179042347140833,51.5360040032483],[0.179053068851267,51.5362286316679],[0.179063790699755,51.5364532600773],[0.179423977690319,51.5364465700883],[0.179434701428525,51.5366711984327],[0.179794890032756,51.5366645072839],[0.17978416454289,51.5364398789942],[0.180144351257446,51.5364331867951],[0.180504537833966,51.5364264934908],[0.180864724272425,51.5364197990814],[0.180853993665759,51.5361951709455],[0.181214178214507,51.5361884754857],[0.181203445994402,51.5359638473942],[0.181563628653444,51.5359571508841],[0.181923806577782,51.5359504526417],[0.181913071245759,51.5357258246842],[0.182273243819257,51.5357191249199],[0.182283980880919,51.5359437528191],[0.182294718079524,51.5361683807077],[0.182654893975463,51.5361616797219],[0.182665633040694,51.5363863075417],[0.183025810529432,51.5363796053927],[0.183036551461334,51.5366042331437],[0.183396730542866,51.5365975298315],[0.183407473341484,51.5368221575137],[0.183767654015804,51.5368154530382],[0.183756909487467,51.5365908254143],[0.183746165096169,51.53636619778],[0.184106342174124,51.5363594923163],[0.184466519115106,51.5363527857477],[0.184455771401504,51.5361281582196],[0.184815946475824,51.5361214506045],[0.185176121413129,51.5361147418845],[0.185186872586063,51.5363393692959],[0.185197623896125,51.5365639966969],[0.185557802155742,51.5365572867553],[0.185917980278294,51.5365505757088],[0.185907225508864,51.5363259484246],[0.185896470876607,51.5361013211299],[0.185536296213397,51.5361080320597],[0.185525543447948,51.5358834046961],[0.185885716381519,51.5358766938247],[0.186245889178011,51.5358699818486],[0.186606061837402,51.5358632687675],[0.186616819791758,51.5360878959559],[0.186627577883329,51.5363125231338],[0.186638336112118,51.5365371503011],[0.186649094478126,51.536761777458],[0.186659852981356,51.5369864046043],[0.18667061162181,51.5372110317402],[0.186310428584282,51.5372177451716],[0.186321185632195,51.5374423723554],[0.18668137039949,51.5374356588655],[0.1866921293144,51.5376602859803],[0.187052315674343,51.5376535713271],[0.187063076456295,51.537878198373],[0.187073837375503,51.5381028254083],[0.18743402705792,51.5380961095333],[0.187794216603146,51.5380893925534],[0.188154406011159,51.5380826744685],[0.188143639902465,51.5378580476084],[0.188132873931095,51.5376334207378],[0.188493059742245,51.5376267016649],[0.188503827443417,51.537851328477],[0.188864014847112,51.5378446082407],[0.188874784415451,51.5380692349838],[0.188885554121162,51.5382938617165],[0.189245744847239,51.5382871402583],[0.189605935436012,51.5382804176951],[0.189616708738822,51.5385050443003],[0.189976900920126,51.5384983205737],[0.189987676090238,51.5387229471099],[0.190347869864069,51.5387162222198],[0.190358646901529,51.538940848687],[0.190718842267884,51.5389341226335],[0.190729621172737,51.5391587490316],[0.190369424076459,51.5391654751436],[0.190009226842802,51.5391722001507],[0.190020002425257,51.5393968266553],[0.18965980332429,51.5394035506159],[0.189299604085983,51.5394102734714],[0.189310376345945,51.5396349000825],[0.188950175240344,51.5396416218915],[0.188589973997445,51.5396483425956],[0.188229772617272,51.5396550621946],[0.188240539824639,51.5398796889706],[0.187880336577207,51.5398864075231],[0.187520133192541,51.5398931249705],[0.187509369445189,51.5396684980777],[0.187498605835135,51.5394438711743],[0.187138405773259,51.5394505873999],[0.186778205574199,51.5394573025205],[0.186788965724274,51.5396819295407],[0.186799726011603,51.5399065565504],[0.187159929670666,51.539899841313],[0.187170691825285,51.5401244682537],[0.187181454117182,51.540349095184],[0.187541661099147,51.5403423787247],[0.187552425258406,51.540567005586],[0.187192216546363,51.5405737221038],[0.186832007697124,51.5405804375165],[0.186842768533485,51.5408050644841],[0.186482557816967,51.5408117788502],[0.186493317060464,51.5410364058658],[0.186504076441204,51.5412610328708],[0.186514835959192,51.5414856598654],[0.186525595614427,51.5417102868494],[0.1861653778401,51.5417170003441],[0.185805159928633,51.5417237127336],[0.185444941880049,51.5417304240181],[0.185455696481867,51.5419550511669],[0.185466451220973,51.542179678305],[0.185477206212851,51.5424043053758],[0.185487961341702,51.542628932436],[0.185848186300716,51.5426222209158],[0.186208411122818,51.5426155082906],[0.186568635807989,51.5426087945604],[0.186557875499139,51.5423841676813],[0.186918098320694,51.5423774529065],[0.186907336434277,51.5421528260694],[0.187267557394711,51.5421461102478],[0.187627778217934,51.542139393321],[0.187638543552854,51.5423640200418],[0.187998765963417,51.542357301952],[0.188009533178897,51.5425819285896],[0.18802030053151,51.5428065552166],[0.188380526258356,51.5427998359009],[0.188740751848134,51.5427931154803],[0.188729981042175,51.5425684889741],[0.189090204768193,51.5425617675089],[0.1894504283571,51.5425550449387],[0.189461202616397,51.542779671324],[0.189471977012919,51.5430042976986],[0.189832203918045,51.5429975739025],[0.190192430686012,51.5429908490014],[0.190203208673178,51.5432154752445],[0.190563437030668,51.5432087491779],[0.190574216881838,51.54343337535],[0.190934446828846,51.5434266481179],[0.190945228544064,51.5436512742189],[0.190956010396607,51.5438759003092],[0.191316243659897,51.5438691718511],[0.191327027376557,51.5440937978703],[0.191687262229378,51.5440870682467],[0.1916980478102,51.5443116941948],[0.191708833528399,51.5445363201323],[0.191719619383976,51.5447609460591],[0.191730405376936,51.5449855719752],[0.191741191507278,51.5452101978808],[0.19138094802018,51.5452169278068],[0.191020704395809,51.5452236566278],[0.19103148720969,51.5454482826437],[0.190671241721141,51.54545501042],[0.190310996095362,51.5454617370912],[0.189950750332376,51.5454684626573],[0.189961528102742,51.5456930888439],[0.189601280475612,51.5456998133654],[0.189241032711317,51.5457065367817],[0.189251807165,51.5459311630786],[0.188891557536577,51.5459378854502],[0.18853130777103,51.5459446067166],[0.188542078907932,51.5461692331238],[0.188181827278273,51.5461759533455],[0.187821575511533,51.5461826724621],[0.187832343331558,51.5464072989794],[0.18747208970072,51.5464140170513],[0.187111835932841,51.546420734018],[0.187122600435893,51.5466453606454],[0.186762344803933,51.5466520765673],[0.186751582027947,51.5464274498795],[0.186391327986058,51.5464341646359],[0.186031073807196,51.5464408782871],[0.185670819491384,51.5464475908332],[0.185660062033625,51.5462229639536],[0.186020314622387,51.5462162514679],[0.186009555574614,51.5459916246381],[0.18564930471288,51.5459983370635],[0.185638547529146,51.5457737101627],[0.185278298257496,51.5457804214225],[0.185289053714223,51.5460050483837],[0.184928802578665,51.5460117585988],[0.184568551306229,51.5460184677087],[0.184579303445876,51.5462430947798],[0.18459005572247,51.5464677218404],[0.184600808136011,51.5466923488903],[0.18496106458962,51.5466856395994],[0.185321320906343,51.5466789292033],[0.185332076911037,51.546903556122],[0.18534283305273,51.54712818303],[0.185703092686762,51.547121471408],[0.185713850692597,51.5473460982451],[0.186074111916835,51.5473393854576],[0.186434373004113,51.5473326715649],[0.18679463395441,51.5473259565671],[0.186805397278751,51.5475505832124],[0.187165659819199,51.547543867049],[0.187176425007813,51.5477684936233],[0.187536689138409,51.5477617762943],[0.187525922222619,51.5475371497803],[0.187886184488988,51.5475304314065],[0.188246446618284,51.5475237119274],[0.188235676385334,51.5472990855237],[0.188595936650388,51.5472923649999],[0.188956196778327,51.5472856433709],[0.189316456769128,51.5472789206367],[0.18932723218351,51.5475035468591],[0.189338007735144,51.547728173071],[0.189348783424032,51.5479527992722],[0.189359559250177,51.5481774254628],[0.188999292350674,51.5481841484387],[0.188988518251738,51.5479595221877],[0.1886282529423,51.547966243998],[0.188267987495739,51.5479729647031],[0.187907721912079,51.5479796843029],[0.187547456191341,51.5479864027976],[0.187558223381416,51.5482110292902],[0.18756899070864,51.5484356557723],[0.187929259883838,51.5484289371568],[0.187940029075473,51.5486535635678],[0.187950798404282,51.5488781899682],[0.187961567870267,51.549102816358],[0.188321842090234,51.5490960964561],[0.188332613420726,51.5493207227748],[0.188343384888421,51.5495453490829],[0.188703662425951,51.5495386279549],[0.188714435758225,51.5497632541919],[0.188725209227728,51.5499878804183],[0.189085490082878,51.5499811580642],[0.189096265417029,51.5502057842195],[0.189107040888436,51.5504304103642],[0.189467325061267,51.5504236867839],[0.18947810269416,51.5506483126714],[0.189488880657232,51.5508729384265],[0.189849168138119,51.5508662135985],[0.189859947969329,51.5510908392619],[0.190220237043462,51.5510841132499],[0.190231018742857,51.5513087388216],[0.190241800579778,51.5515333643815],[0.190602092977855,51.5515266371056],[0.190612876683029,51.5517512625738],[0.190623660525757,51.5519758880302],[0.190983956247836,51.5519691594903],[0.190973170674365,51.5517445341138],[0.191333464528213,51.5517378045496],[0.191693758244552,51.5517310738812],[0.192054051823357,51.5517243421086],[0.192064842589047,51.5519489672454],[0.192425137761033,51.5519422342887],[0.192435930395127,51.5521668593338],[0.192075633492385,51.5521735923704],[0.191715336452082,51.5521803243028],[0.191726125762285,51.5524049494959],[0.191736915210117,51.5526295746772],[0.191747704795579,51.5528541998467],[0.191387402425318,51.5528609309147],[0.191027099917535,51.5528676608785],[0.191016313793734,51.5526430355491],[0.191005527807519,51.552418410208],[0.190645228623883,51.5524251389077],[0.190284929302773,51.5524318665032],[0.189924629844214,51.5524385929945],[0.189935410637986,51.5526632185753],[0.189946191569277,51.5528878441443],[0.190306494489492,51.5528811174933],[0.190317277289165,51.5531057429706],[0.190328060226384,51.5533303684361],[0.190688366470884,51.553323640521],[0.190699151276555,51.5535482658949],[0.191059459114476,51.5535415367957],[0.191048672577904,51.5533169115017],[0.191408978547419,51.5533101813782],[0.191398190417563,51.5530855561523],[0.191758494518675,51.5530788250044],[0.192118798482242,51.5530720927523],[0.192129590073846,51.5532967178183],[0.191769284379407,51.5533034501504],[0.191780074377776,51.5535280752844],[0.19214038180311,51.5535213428724],[0.19250068909087,51.5535146093562],[0.192511482688712,51.5537392343186],[0.192522276424241,51.5539638592692],[0.192882587036254,51.5539571244888],[0.193242897510643,51.5539503886041],[0.193232100313246,51.5537257638134],[0.193221303253581,51.5535011390109],[0.192860996241035,51.5535078747357],[0.192850201049988,51.5532832498414],[0.192489895630714,51.553289984382],[0.19247910230824,51.5530653593959],[0.192839405996647,51.5530586249353],[0.19319970954744,51.5530518893705],[0.193210506331646,51.5532765141966],[0.193570811475666,51.5532697774475],[0.193581610128487,51.5534944021819],[0.193941916865729,51.5534876642486],[0.194302223465287,51.5534809252111],[0.194313025717669,51.5537055497737],[0.19467333391042,51.5536988095519],[0.195033641965439,51.5536920682259],[0.195393949882704,51.5536853257956],[0.195754257662192,51.5536785822611],[0.195765066976053,51.5539032064919],[0.196125376348656,51.553896461773],[0.196485685583435,51.55388971595],[0.19649649849706,51.5541143400089],[0.196856809324925,51.5541075930015],[0.197217120014919,51.5541008448899],[0.197227936528392,51.5543254687768],[0.197588248811442,51.5543187194808],[0.197948560956576,51.5543119690806],[0.197959381069977,51.5545365927956],[0.198319694808138,51.554529841211],[0.198330516790564,51.5547544648341],[0.198690829422048,51.5547477097713],[0.199051141461887,51.5547409532225],[0.199061967065943,51.5549655765687],[0.199422280756677,51.5549588188233],[0.199782594305661,51.5549520599744],[0.19979342363682,51.5551766831219],[0.200153738836669,51.5551699230764],[0.20051405389472,51.5551631619274],[0.200524886953065,51.5553877848763],[0.20088520366195,51.5553810225307],[0.201245520228987,51.5553742590816],[0.201605836654154,51.555367494529],[0.201616675232446,51.555592117186],[0.20197699330839,51.5555853514368],[0.201987833821366,51.5558099739881],[0.201627513952727,51.5558167398305],[0.201638352814998,51.5560413624623],[0.201998674476355,51.5560345965269],[0.202009515273362,51.556259219053],[0.202369838585533,51.556252451921],[0.202730161755755,51.5562456836853],[0.202719317373274,51.5560210613454],[0.202708473132855,51.5557964389929],[0.203068792575659,51.55578966984],[0.20342911187647,51.5557828995835],[0.203789431035267,51.5557761282236],[0.204149750052026,51.5557693557601],[0.204510068926723,51.555762582193],[0.204520922130671,51.5559872040799],[0.204881242655983,51.5559804293162],[0.205241563039183,51.5559736534489],[0.205601883280251,51.5559668764781],[0.205612742004535,51.5561914980728],[0.205623600871069,51.5564161196549],[0.205983924555431,51.5564093413942],[0.205994785356979,51.5566339628705],[0.206355110691915,51.5566271834131],[0.206344248097609,51.55640256203],[0.206704571497579,51.5563957815622],[0.207064894755318,51.5563889999909],[0.207075760935132,51.5566136211876],[0.207086627257294,51.5568382423716],[0.207097493721805,51.5570628635431],[0.207457822215611,51.5570560805885],[0.207468690615295,51.5572807016541],[0.207479559157356,51.5575053227071],[0.207119227077886,51.5575121058481],[0.20675889485615,51.5575188878856],[0.206748029899778,51.5572942666461],[0.206387699328646,51.5573010474867],[0.20639856249217,51.5575256688194],[0.206409425798005,51.5577502901394],[0.206420289246152,51.5579749114468],[0.206780625195898,51.5579681303266],[0.207140961003395,51.5579613481027],[0.207501296668622,51.5579545647753],[0.207490427841797,51.5577299437475],[0.207850761571841,51.5577231594097],[0.207861632191552,51.5579477803442],[0.208221967572166,51.5579409948095],[0.208232840127194,51.5581656156382],[0.207872502953672,51.5581724012661],[0.207512165637831,51.5581791857904],[0.207523034749428,51.5584038067929],[0.207533904003414,51.5586284277828],[0.207544773408673,51.5588530487398],[0.207555643191983,51.5590776691472],[0.207915987663064,51.5590708842831],[0.207926859372062,51.5592955046019],[0.208287205485211,51.5592887185562],[0.208647551456558,51.5592819314059],[0.20900789728608,51.559275143151],[0.209368242973755,51.5592683537915],[0.209728588519558,51.5592615633273],[0.209739469289735,51.5594861832494],[0.209750350201895,51.5597108031599],[0.210110699173538,51.5597040114371],[0.210121582011587,51.5599286312589],[0.21013246499165,51.5601532510691],[0.210143348113728,51.5603778708676],[0.209782993790314,51.5603846628215],[0.20979387527044,51.5606092826855],[0.209804756892564,51.5608339025377],[0.209815638656686,51.5610585223784],[0.209826520562811,51.5612831422074],[0.209837402610941,51.5615077620248],[0.209848284801076,51.5617323818305],[0.210208649828657,51.5617255894145],[0.210569014714291,51.5617187958936],[0.21092937945796,51.5617120012681],[0.210940267142423,51.5619366208311],[0.210951154968967,51.5621612403824],[0.210962042937595,51.5623858599221],[0.211322412891645,51.5623790639607],[0.211682782703675,51.5623722668945],[0.211671891166755,51.562147647509],[0.211660999771965,51.5619230281117],[0.21202136587369,51.561916230095],[0.212032259052599,51.5621408494151],[0.21204315237366,51.5623654687236],[0.212403521901579,51.562358669448],[0.212414417148959,51.5625832886678],[0.212774788318948,51.5625764882102],[0.213135159346823,51.562569686648],[0.213146058304747,51.5627943057019],[0.213506430974661,51.5627875029578],[0.213517331859015,51.563012121923],[0.213528232885625,51.5632367408765],[0.213167856647284,51.5632435437749],[0.212807480266798,51.5632503455684],[0.212447103744189,51.5632571462572],[0.212457999560305,51.5634817654304],[0.212468895518611,51.5637063845919],[0.212829275609748,51.563699583749],[0.212840173494545,51.5639242028218],[0.21285107152156,51.5641488218829],[0.213211455039185,51.5641420197809],[0.213222354992763,51.5643666387534],[0.213233255088587,51.5645912577141],[0.21324415532666,51.5648158766632],[0.212883766455939,51.5648226789966],[0.212894665051851,51.5650472980112],[0.212534274254577,51.5650540993167],[0.212173883315184,51.5650608995175],[0.211813492233694,51.5650676986134],[0.211802598991031,51.5648430793675],[0.211791705890526,51.56461846011],[0.211431318235783,51.5646252579469],[0.211070930438994,51.5646320546789],[0.211060041049399,51.5644074352556],[0.211049151801911,51.5641828158207],[0.210688767431838,51.5641896112938],[0.21067788011079,51.5639649917702],[0.21066699293182,51.5637403722349],[0.210656105894929,51.563515752688],[0.210295726735801,51.5635225468251],[0.209935347434711,51.5635293398575],[0.20957496799168,51.5635361317851],[0.209564086449673,51.5633115119954],[0.209553205049668,51.5630868921941],[0.209192829033246,51.5630936828628],[0.209203708648998,51.5633183027412],[0.208843330706434,51.5633250923821],[0.208482952621999,51.5633318809183],[0.20812257439572,51.5633386683497],[0.208133448800615,51.5635632884474],[0.207773068648229,51.5635700748509],[0.207412688354041,51.5635768601497],[0.207401817517717,51.5633522398981],[0.207390946823258,51.5631276196348],[0.207751323548895,51.56312083449],[0.207740451212058,51.562896214292],[0.207729579017103,51.5626715940825],[0.207369205859924,51.5626783790733],[0.207358335591045,51.5624537587752],[0.206997964076293,51.5624605425843],[0.206987095733444,51.5622359221975],[0.206976227532424,51.5620113017991],[0.206615859444259,51.5620180843496],[0.206604993169197,51.5617934638626],[0.206594127035937,51.561568843364],[0.206233762374298,51.5615756246559],[0.205873397570972,51.561582404843],[0.205513032625981,51.5615891839254],[0.205502171986788,51.5613645631843],[0.20514180868425,51.5613713410851],[0.205130949970855,51.5611467202555],[0.204770588310774,51.5611534969746],[0.204759731523133,51.5609288760565],[0.205120091399162,51.5609220994143],[0.20510923296917,51.5606974785614],[0.205098374680876,51.560472857697],[0.204738018372877,51.5604796341854],[0.204377661923295,51.5604864095691],[0.204366807344659,51.5602617885392],[0.204006452537504,51.5602685627413],[0.203646097588813,51.5602753358388],[0.203635246719754,51.5600507146435],[0.203624395992292,51.5598260934366],[0.203613545406426,51.559601472218],[0.203602694962153,51.5593768509879],[0.203591844659471,51.5591522297461],[0.203952190688565,51.559145457033],[0.203941338743622,51.5589208358565],[0.203930487163311,51.558696214191],[0.203919635839025,51.5584715922691],[0.203908784656898,51.5582469703347],[0.203548445777063,51.5582537427192],[0.203537596530029,51.558029120679],[0.203177259301093,51.5580358918668],[0.203166411989106,51.5578112697208],[0.203155564819225,51.5575866475623],[0.202795231034087,51.5575934174601],[0.202784385799181,51.5573687951959],[0.20242405366493,51.557375563897],[0.202063721388718,51.5573823314946],[0.201703388970565,51.5573890979886],[0.201343056410498,51.5573958633789],[0.200982723708537,51.5574026276657],[0.200622390864708,51.5574093908489],[0.200262057879032,51.5574161529284],[0.200251225336217,51.5571915299999],[0.199890894001588,51.5571982908828],[0.19953056252516,51.5572050506621],[0.199541391482234,51.5574296737768],[0.199552220581176,51.5576542968788],[0.199191885377204,51.5576610557405],[0.199181058071159,51.5574364325455],[0.19882072451833,51.5574431902106],[0.198809899147007,51.55721856691],[0.198449567245327,51.5572253233785],[0.198089233198191,51.5572320764542],[0.198078411428216,51.557007452881],[0.197718078509958,51.5570142042422],[0.197357745453753,51.557020954499],[0.196997412259625,51.5570277036514],[0.19698659582137,51.5568030798261],[0.196626264220566,51.5568098277941],[0.196265932481885,51.5568165746578],[0.195905600605349,51.556823320417],[0.195545268590981,51.5568300650719],[0.195184936438804,51.5568368086224],[0.195174128794574,51.5566121843851],[0.194813798235823,51.5566189267512],[0.19445346753931,51.556625668013],[0.194093136705056,51.5566324081703],[0.193732805733085,51.5566391472233],[0.193722005151511,51.5564145226543],[0.193361675773045,51.5564212605229],[0.193001346256906,51.5564279972872],[0.192990549275475,51.5562033725463],[0.192630221352872,51.5562101081263],[0.192269893292644,51.5562168426019],[0.192259099911272,51.5559922176893],[0.191898773444608,51.5559989509806],[0.191887981932067,51.5557743259763],[0.191527657058971,51.5557810580833],[0.191167332048322,51.555787789086],[0.191156544135692,51.5555631639101],[0.19079622071864,51.5555698937285],[0.190785434674731,51.5553452684608],[0.190425112851281,51.555351997095],[0.19006479089035,51.5553587246248],[0.190075573472043,51.5555833500522],[0.189715249642542,51.5555900765576],[0.189726030630649,51.5558147020531],[0.189365704932573,51.555821427534],[0.189005379097079,51.5558281519105],[0.188645053124187,51.5558348751827],[0.188634277329497,51.5556102494476],[0.188623501672265,51.5553856237006],[0.188263179024265,51.5553923457088],[0.187902856238918,51.5553990666125],[0.187542533316246,51.555405786412],[0.187553303780108,51.5556304123984],[0.187192978989006,51.5556371311733],[0.187203747859109,51.5558617572278],[0.186843421199572,51.5558684749782],[0.18685418847587,51.5560931011007],[0.186493859947893,51.5560998178265],[0.186504625630342,51.556324444017],[0.186144295233919,51.5563311597182],[0.186155059322473,51.5565557859768],[0.185794727057602,51.5565625006534],[0.185805489552216,51.5567871269799],[0.185445155418889,51.556793840632],[0.185455916319519,51.5570184670265],[0.185095580317733,51.5570251796539],[0.185106339624333,51.5572498061164],[0.184746001754083,51.5572565177191],[0.184756759466607,51.5574811442496],[0.184767517316362,51.5577057707683],[0.184778275303349,51.5579303972753],[0.18478903342757,51.5581550237704],[0.185149378223253,51.5581483118486],[0.185160138216126,51.5583729382522],[0.18517089834626,51.5585975646439],[0.185181658613658,51.5588221910239],[0.185192419235317,51.5590468170978],[0.1852031800187,51.5592714431261],[0.185213940939743,51.5594960691416],[0.185224701998446,51.5597206951443],[0.185235463194814,51.5599453211341],[0.185595821729607,51.5599386073936],[0.185606584801712,51.5601632332732],[0.18561734801151,51.56038785914],[0.185256986000549,51.5603945730753],[0.184896623852001,51.5604012859071],[0.184536261565889,51.5604079976354],[0.184547019699018,51.5606326237815],[0.184186655537238,51.5606393345037],[0.184197412069848,51.5608639607343],[0.184208168740064,51.5610885869521],[0.183847800964441,51.5610952967655],[0.183858556034072,51.5613199230677],[0.183869311241293,51.5615445493572],[0.183880066586106,51.5617691756338],[0.183890822068514,51.5619938018976],[0.183901577688519,51.5622184281485],[0.183912333446122,51.5624430543866],[0.183923089341326,51.5626676806119],[0.183933845374135,51.5628923068243],[0.18394460154455,51.5631169330238],[0.183955357852573,51.5633415592106],[0.183966114298207,51.5635661853845],[0.184326501195221,51.5635594745],[0.184686887954683,51.5635527625119],[0.18504727457657,51.5635460494202],[0.18540766106086,51.5635393352249],[0.18576804740753,51.5635326199259],[0.186128433616558,51.5635259035234],[0.186139200630434,51.5637505291],[0.18614996778206,51.5639751546639],[0.18616073507144,51.5641997802149],[0.186171502498576,51.564424405753],[0.186182270063469,51.5646490312783],[0.185821875162055,51.564655748168],[0.185832641126164,51.5648803737779],[0.185472244348548,51.5648870896613],[0.185461480122986,51.564662463954],[0.185101084946286,51.5646691786363],[0.185090322596966,51.5644445528188],[0.184729929021187,51.5644512663001],[0.184740689631977,51.564675892215],[0.184751450380438,51.5649005181171],[0.184391053189988,51.5649072306895],[0.184380294180082,51.56468260469],[0.184019898590623,51.5646893160614],[0.183659502863622,51.5646960263291],[0.183648747468435,51.564471400122],[0.183288353342455,51.5644781091887],[0.18292795907898,51.5644848171517],[0.182567564678032,51.564491524011],[0.182578314857596,51.5647161505101],[0.182217918580653,51.5647228563631],[0.181857522166281,51.5647295611125],[0.181497118760677,51.5647362622961],[0.181486373472531,51.5645116354301],[0.181125967292539,51.5645183339028],[0.180765560974099,51.5645250312676],[0.180776302748764,51.5647496581852],[0.180415894535156,51.5647563544679],[0.180055486183143,51.5647630496425],[0.179695077692747,51.5647697437092],[0.179334669063994,51.564776436668],[0.178974260296903,51.5647831285188],[0.178613851391499,51.5647898192617],[0.178253442347804,51.5647965088966],[0.177893033165841,51.5648031974235],[0.177532623845632,51.5648098848425],[0.1771722143872,51.5648165711535],[0.17716149018008,51.5645919439784],[0.176801082340215,51.5645986291558],[0.176440674362176,51.5646053132252],[0.176080266245983,51.5646119961866],[0.175719857991662,51.5646186780402],[0.175359449599233,51.5646253587857],[0.17499904106872,51.5646320384233],[0.1750097547352,51.5648566657525],[0.174649344309844,51.5648633443078],[0.174288933746446,51.5648700217551],[0.17392852304503,51.5648766980945],[0.173568112205618,51.5648833733259],[0.173207701228233,51.5648900474493],[0.173196996345685,51.564665419992],[0.172836586987143,51.5646720929819],[0.172476177490675,51.5646787648638],[0.172115767856305,51.5646854356378],[0.171755358084055,51.5646921053038],[0.171744660366633,51.5644674777356],[0.171384252213305,51.564474146268],[0.171023843922145,51.5644808136926],[0.171013149856175,51.5642561860647],[0.170652743183968,51.5642628523557],[0.170292336373976,51.5642695175388],[0.170281645959375,51.5640448898512],[0.169921240768365,51.5640515539008],[0.169910552248324,51.5638269261792],[0.169550148676301,51.5638335890954],[0.169539462050774,51.5636089613397],[0.169179060097743,51.5636156231224],[0.168818658007025,51.5636222837972],[0.168807975032651,51.5633976559819],[0.168447574560954,51.5634043155233],[0.168087173951618,51.5634109739568],[0.167726773204667,51.5634176312824],[0.167366372320121,51.5634242875],[0.167005971298005,51.5634309426097],[0.166995297244707,51.5632063146586],[0.166634897841716,51.5632129686349],[0.166274498301203,51.5632196215034],[0.166263827898834,51.5629949934928],[0.165903429977477,51.5630016452279],[0.165543031918644,51.5630082958551],[0.16553236516712,51.5627836677851],[0.165171968727473,51.562790317279],[0.165161303870093,51.5625656891751],[0.164800908390537,51.5625723342816],[0.164790245395125,51.5623477060328],[0.16442985124228,51.5623543486244],[0.16406945695239,51.5623609901059],[0.16405879759602,51.5621363618758],[0.163698404920061,51.5621430022597],[0.163687747451716,51.5619183740358],[0.163327356389692,51.5619250133222],[0.162966965190697,51.5619316514984],[0.162956311361243,51.5617070232933],[0.162595921776213,51.561713660372],[0.162235532054259,51.5617202963406],[0.162224881863612,51.5614956681543],[0.161864493755651,51.5615023030253],[0.161504105510815,51.5615089367863],[0.161514752199669,51.5617335649475],[0.161154362067079,51.5617401975858],[0.161165007141943,51.561964825728],[0.160804615121595,51.5619714572436],[0.160444222964434,51.5619780876491],[0.160454864674314,51.5622027157599],[0.16009447062941,51.5622093450427],[0.160105110725185,51.5624339731345],[0.159744714792534,51.5624406012946],[0.159755353274158,51.5626652293675],[0.159765991892612,51.5628898574341],[0.159405592321183,51.5628964844587],[0.15941622932542,51.5631211125064],[0.15905582786621,51.5631277384083],[0.159066463256184,51.563352366437],[0.158706059909187,51.5633589912161],[0.158716693684854,51.5635836192259],[0.158356288450065,51.5635902428821],[0.15836692061138,51.563814870873],[0.158006513488794,51.5638214934064],[0.157646106229557,51.5638281148296],[0.157656735025323,51.5640527427888],[0.158017144035711,51.5640461213782],[0.158377552909445,51.5640394988575],[0.158737961646503,51.5640328752265],[0.158727327597292,51.5638082472293],[0.159087734446508,51.5638016224756],[0.15907709878295,51.5635769944594],[0.159437503744329,51.5635703685828],[0.159426866466468,51.5633457405478],[0.159787269540015,51.5633391135484],[0.15979790856897,51.5635637415961],[0.160158313256849,51.5635571134991],[0.160147672476803,51.5633324854388],[0.16050807527681,51.5633258562191],[0.160497432882556,51.5631012281398],[0.160857833794695,51.5630945977974],[0.16084718978628,51.5628699696992],[0.161207588810555,51.562863338234],[0.161218234570008,51.5630879663447],[0.161578635208474,51.563081333782],[0.16193903571007,51.563074700109],[0.162299436074774,51.563068065326],[0.162310087224321,51.5632926934682],[0.162320738510864,51.5635173216041],[0.162331389934403,51.5637419497337],[0.161970984316469,51.563748584479],[0.161981634125887,51.5639732125897],[0.161621226619928,51.5639798462123],[0.16126081897709,51.5639864787247],[0.161271465421189,51.564211106804],[0.160911055890343,51.5642177381936],[0.160921700720204,51.564442366254],[0.160932345686982,51.564666994308],[0.160571932516921,51.5646736245623],[0.160582575869393,51.5648982525974],[0.160593219358765,51.5651228806263],[0.160953636031293,51.5651162503972],[0.160964281408832,51.5653408784324],[0.160603862985036,51.5653475086488],[0.160614506748209,51.565572136665],[0.160254086436295,51.5655787657586],[0.160264728585057,51.5658033937559],[0.159904306385019,51.5658100217266],[0.159914946919325,51.566034649705],[0.160275370870705,51.566028021747],[0.160635794685274,51.5660213926786],[0.160996218363011,51.5660147625001],[0.161356641903894,51.5660081312112],[0.161717065307898,51.5660014988121],[0.16170641601691,51.5657768707707],[0.162066837532684,51.5657702372487],[0.162077488575002,51.5659948653028],[0.162437911705182,51.5659882306831],[0.162798334698418,51.5659815949532],[0.162787680153449,51.5657569668741],[0.162777025745524,51.5655323387886],[0.16313744509917,51.5655257019233],[0.163148101258395,51.5657503300214],[0.163158757554685,51.5659749581131],[0.163519180273962,51.5659683201627],[0.163879602856224,51.565961681102],[0.164240025301451,51.565955040931],[0.164600447609619,51.5659483996498],[0.164960869780705,51.5659417572583],[0.165321291169996,51.5659351098374],[0.165331958090213,51.5661597378132],[0.165692380881822,51.566153087938],[0.166052803535944,51.5661464369549],[0.166413226052559,51.5661397848637],[0.166773648431643,51.5661331316644],[0.167134070673173,51.5661264773572],[0.167144746515806,51.5663511051973],[0.167505170376727,51.5663444497565],[0.167865594100048,51.5663377932078],[0.168226017685744,51.566331135551],[0.168215336572214,51.5661065077874],[0.168204655596407,51.5658818800152],[0.168565075530557,51.5658752213013],[0.168925495327042,51.5658685614795],[0.169285914985841,51.5658619005497],[0.169296601232455,51.5660865282454],[0.169657022510474,51.566079866182],[0.170017443650758,51.5660732030106],[0.170377864653283,51.5660665387312],[0.170738285518029,51.5660598733438],[0.171098706244971,51.5660532068484],[0.171459126834087,51.566046539245],[0.17146982376018,51.5662711667789],[0.171480520824205,51.5664957943043],[0.171491218026162,51.5667204218211],[0.171501915366055,51.5669450493293],[0.171512612843888,51.5671696768291],[0.171523310526299,51.5673943028639],[0.171883741487146,51.5673876340661],[0.171894441032575,51.5676122600435],[0.172254873582204,51.5676055901345],[0.172615305995846,51.567598919116],[0.17297573827348,51.567592246988],[0.173336170415084,51.5675855737505],[0.173696602420633,51.5675788994035],[0.17405703429011,51.5675722239471],[0.174067744320147,51.5677968499066],[0.174078454486365,51.5680214758589],[0.173718019167357,51.568028151319],[0.17335758371227,51.5680348256696],[0.173368290565069,51.5682594516184],[0.17337899755401,51.5684840775601],[0.173739436458725,51.5684774032059],[0.174099875227355,51.5684707277422],[0.174460313859878,51.5684640511689],[0.174820752356273,51.5684573734862],[0.175181190716516,51.5684506946939],[0.175541628940586,51.5684440147921],[0.175552346414719,51.5686686407157],[0.175563064025132,51.5688932666321],[0.175202622351369,51.5688999465376],[0.175213338373184,51.5691245724488],[0.174852894838359,51.5691312512466],[0.174492451167376,51.5691379289349],[0.174503163875641,51.5693625548426],[0.174142718343612,51.5693692314231],[0.173782272675466,51.5693759068941],[0.173421826871228,51.5693825812556],[0.1734111193377,51.5691579553424],[0.173050675122307,51.5691646285925],[0.172690230770867,51.569171300733],[0.172329786283401,51.569177971764],[0.171969341659934,51.5691846416855],[0.171608896900486,51.5691913104974],[0.171598198127605,51.5689666845682],[0.171237754957106,51.5689733522688],[0.170877311650672,51.5689800188599],[0.170516868208327,51.5689866843414],[0.170156424630094,51.5689933487134],[0.169795980915993,51.5690000119758],[0.169435537066048,51.5690066741287],[0.169075093080281,51.5690133351721],[0.169064406517669,51.5687887092237],[0.168703964121002,51.5687953691558],[0.168714648958713,51.569019995106],[0.168354204701368,51.5690266539303],[0.168343521588558,51.5688020279784],[0.167983078920362,51.5688086856915],[0.167622636116434,51.5688153422951],[0.167611956589222,51.5685907163327],[0.167601277197793,51.5683660903633],[0.167590597942147,51.5681414643867],[0.167579918822278,51.567916838403],[0.167219482782054,51.5679234938903],[0.166859046606151,51.5679301482682],[0.166498610294593,51.5679368015366],[0.166138173847403,51.5679434536955],[0.165777737264602,51.5679501047449],[0.165767066904517,51.5677254787459],[0.165406631910935,51.5677321286842],[0.165046196767997,51.5677387774326],[0.164685760578467,51.5677454197726],[0.164675095539806,51.5675207935732],[0.16466443063894,51.5672961673651],[0.164653766174845,51.5670715402646],[0.164293335109772,51.5670781814832],[0.163932903907628,51.5670848215915],[0.163943564894344,51.5673094486045],[0.163583131815528,51.5673160875625],[0.163593791430721,51.5675407138583],[0.163233356452361,51.5675473517377],[0.163244014443361,51.5677719780539],[0.162883577565454,51.5677786148546],[0.162523140549938,51.5677852505475],[0.162162703396838,51.5677918851325],[0.161802266106176,51.5677985186096],[0.161812917187093,51.5680231450339],[0.161823568405626,51.5682477714494],[0.161834219761777,51.5684723978562],[0.161473777047648,51.568479030313],[0.161484426779399,51.5687036567401],[0.161123982165723,51.5687102881182],[0.161113334195998,51.5684856616619],[0.160752891206846,51.568492291903],[0.160742245136698,51.5682676654087],[0.160381803772076,51.5682742945128],[0.160021362269999,51.5682809225089],[0.160010719861369,51.5680562959476],[0.160000077590241,51.5678316693776],[0.159639639474688,51.5678382962076],[0.159279201221733,51.5678449219298],[0.158918762831398,51.5678515465441],[0.158558324303707,51.5678581700505],[0.158197885638681,51.5678647924491],[0.157837446836344,51.5678714137398],[0.15747700789672,51.5678780339227],[0.157116568819829,51.5678846529977],[0.156756129605696,51.5678912709649],[0.156395690254342,51.5678978878242],[0.156035250765792,51.5679045035756],[0.155674811140068,51.5679111182191],[0.155685432267463,51.5681357451381],[0.155696053532086,51.5683603720484],[0.155706674933939,51.5685849989498],[0.155346229885015,51.5685916125726],[0.154985784698955,51.5685982250874],[0.154975166821182,51.568373598128],[0.154614723260052,51.5683802095059],[0.154604107281483,51.5681555825087],[0.154593491440075,51.5679309555026],[0.154953931477186,51.5679243441827],[0.154943314010959,51.5676997171969],[0.154582875735822,51.5677063284878],[0.154572260168725,51.5674817014642],[0.154561644738779,51.5672570744319],[0.154922079490035,51.567250463199],[0.154911462674272,51.5670258356798],[0.154900846112786,51.5668012079043],[0.154890229687855,51.5665765801225],[0.15452980018422,51.5665831914011],[0.154169370544134,51.5665898015693],[0.154158757758598,51.5663651738068],[0.153798329733508,51.5663717828776],[0.153437901572012,51.5663783908381],[0.153448510854694,51.5666030185751],[0.153459120273835,51.5668276463058],[0.153098688473073,51.5668342531304],[0.153109296277201,51.567058880842],[0.152748862588595,51.5670654865436],[0.152388428763646,51.5670720911348],[0.152399033353442,51.567296718565],[0.15203859764313,51.5673033220431],[0.152049200739506,51.5675279492782],[0.15168876313033,51.5675345516773],[0.151699364601728,51.5677591789326],[0.151338925093682,51.5677657802528],[0.15097848544876,51.5677723804652],[0.150618045666986,51.5677789795697],[0.150257605748381,51.5677855775663],[0.149897165692969,51.5677921744551],[0.149907758491334,51.5680168018461],[0.149547316537129,51.5680233976559],[0.14918687444616,51.5680299923578],[0.148826432218448,51.5680365859518],[0.148837019867575,51.5682612134207],[0.148847607653497,51.5684858408808],[0.148487161764968,51.5684924334247],[0.148126716045649,51.5684990243528],[0.147766270307318,51.5685056139774],[0.147405824431392,51.5685122024955],[0.147045378417894,51.5685187899071],[0.147055957458726,51.5687434176086],[0.146695509529614,51.5687500039656],[0.146335061462973,51.568756589216],[0.146345637085249,51.5689812170112],[0.146356212845104,51.5692058447964],[0.146716664467951,51.5691992594422],[0.146727242143526,51.5694238871653],[0.146366788742542,51.5694304725714],[0.146377364777566,51.5696551003364],[0.14673781995671,51.5696485148783],[0.147098274998316,51.5696419283137],[0.147087695406975,51.5694173006526],[0.147448148532865,51.5694107130334],[0.147808601521174,51.5694041243075],[0.147819184668825,51.5696287518648],[0.148179639297679,51.5696221619804],[0.14854009393592,51.5696155707382],[0.148900548635092,51.56960897805],[0.149261003197529,51.5696023842539],[0.149621457623208,51.56959578935],[0.149981911912107,51.569589193338],[0.150342366064201,51.5695825962181],[0.1503529617197,51.5698072235102],[0.150713417497155,51.5698006252535],[0.150702820079469,51.5695759979903],[0.151063273957888,51.5695693986546],[0.151073873137757,51.5697940258888],[0.151434328641484,51.5697874254162],[0.151794784008316,51.5697808238357],[0.152155239238227,51.5697742211472],[0.152515694331196,51.5697676173507],[0.152876149287199,51.5697610124464],[0.153236604106214,51.5697544064341],[0.153247213996218,51.5699790334859],[0.153607670440411,51.5699724263367],[0.15396812674757,51.5699658180795],[0.154328582917669,51.5699592087144],[0.154689038950686,51.5699525982414],[0.154678422011937,51.5697279713055],[0.154667805210364,51.5695033443608],[0.154657188545964,51.5692787174073],[0.154646572018736,51.5690540904451],[0.154635955628675,51.5688294634742],[0.154996402713915,51.5688228520382],[0.155007020866064,51.5690474789802],[0.155367469576274,51.5690408664073],[0.155356849662038,51.5688162394943],[0.155717296473024,51.5688096258425],[0.155727918149345,51.5690342527265],[0.155738539962901,51.5692588796016],[0.155749161913698,51.569483506468],[0.155759784001737,51.5697081333256],[0.156120237724027,51.5697015184498],[0.156480691309123,51.5696949024661],[0.15649131705875,51.5699195292569],[0.156851772268799,51.5699129121362],[0.157212227341607,51.5699062939075],[0.157572682277151,51.5698996745709],[0.157933137075408,51.5698930541263],[0.158293591736356,51.5698864325739],[0.158304226434209,51.5701110592105],[0.158664682720004,51.570104436521],[0.158675319317469,51.5703290631198],[0.159035777228107,51.5703224392932],[0.159396235001363,51.5703158143587],[0.159756692637213,51.5703091883162],[0.160117150135635,51.5703025611658],[0.160477607496607,51.5702959329074],[0.160838064720104,51.570289303541],[0.161198521806105,51.5702826730667],[0.161187872873288,51.5700580466718],[0.161177224078062,51.5698334202682],[0.161166575420426,51.5696087938557],[0.161155926900376,51.5693841674345],[0.161145278517911,51.5691595410045],[0.161505726655701,51.5691529095681],[0.16151637680026,51.5693775359689],[0.161876826562611,51.5693709033954],[0.162237276187408,51.569364269714],[0.162597725674625,51.5693576349246],[0.162608381243122,51.5695822612291],[0.162619036949297,51.5698068875249],[0.162979489823148,51.5698002515692],[0.163339942559372,51.5697936145056],[0.163350601927527,51.5700182407342],[0.163361261433412,51.5702428669539],[0.163000805172868,51.570249504076],[0.16264034877469,51.57025614009],[0.162279892238903,51.5702627749961],[0.161919435565527,51.5702694087943],[0.161930088160349,51.5704940351221],[0.161940740892814,51.5707186614411],[0.162301201090616,51.5707120275846],[0.162661661150825,51.5707053926201],[0.163022121073419,51.5706987565476],[0.163382580858376,51.5706921193672],[0.163743040505673,51.5706854810788],[0.164103500015285,51.5706788416824],[0.164463959387193,51.5706722011781],[0.16482441862137,51.5706655595658],[0.164813751791173,51.5704409334805],[0.165174208658765,51.5704342890696],[0.165184877196816,51.5706589149863],[0.165545334750252,51.5706522661366],[0.165905792168094,51.5706456161773],[0.16626624945032,51.5706389651084],[0.166626706596908,51.5706323129299],[0.166637382171004,51.570856938833],[0.166648057880838,51.5710815647289],[0.167008518341975,51.5710749114376],[0.166997840907024,51.5708502855433],[0.167358299507359,51.5708436311439],[0.167718757971987,51.570836975635],[0.168079216300886,51.5708303190164],[0.168439674494032,51.5708236612882],[0.168450358829423,51.5710482871759],[0.16808989891117,51.5710549449057],[0.168100581657287,51.5712795707879],[0.168461043300669,51.5712729130564],[0.168821504808272,51.5712662542152],[0.169181966180075,51.5712595942644],[0.169542427416054,51.571252933204],[0.169531737769435,51.5710283073286],[0.169892197144448,51.5710216451602],[0.170252656383597,51.5710149818823],[0.170613115486857,51.5710083174947],[0.17062381030883,51.571232943365],[0.170263349480454,51.5712396077543],[0.169902888516188,51.5712462710339],[0.169913580023874,51.5714708969005],[0.17027404271328,51.5714642336191],[0.170284736082077,51.5716888594768],[0.170645200360752,51.5716821950841],[0.171005664503509,51.5716755295817],[0.171016361458643,51.5719001554288],[0.170655895590705,51.5719068209329],[0.170295429586848,51.5719134853274],[0.169934963447094,51.5719201486123],[0.169574497171465,51.5719268107874],[0.169563807117067,51.5717021849334],[0.169203342430776,51.5717088459973],[0.168842877608657,51.5717155059514],[0.168482412650732,51.571722164796],[0.168471727907771,51.5714975389297],[0.168111264539237,51.5715041966629],[0.167750801034944,51.5715108532865],[0.167390337394914,51.5715175088005],[0.16702987361917,51.5715241632048],[0.166669409707735,51.5715308164994],[0.166658733726414,51.5713061906177],[0.166298271404471,51.5713128428011],[0.165937808946883,51.5713194938749],[0.165577346353671,51.571326143839],[0.165566675683525,51.5711015179454],[0.16520621467986,51.5711081667982],[0.164845752695245,51.5711148117101],[0.164485289936582,51.5711214533809],[0.164124827040186,51.5711280939437],[0.163764364006079,51.5711347333985],[0.163403900834284,51.5711413717453],[0.163393240777461,51.5709167455606],[0.163032779230264,51.5709233827703],[0.162672317545426,51.5709300188719],[0.162311855722972,51.5709366538656],[0.161951393762921,51.5709432877513],[0.1615909316653,51.5709499205291],[0.16123046943013,51.5709565521988],[0.161219820084524,51.5707319258302],[0.161209170876516,51.5705072994529],[0.160848712028306,51.5705139299563],[0.160859359474082,51.5707385563628],[0.160498898726139,51.5707451857875],[0.160138437840717,51.5707518141042],[0.15977797681784,51.5707584413129],[0.15941751565753,51.5707650674136],[0.159057054359811,51.5707716924064],[0.158696592924704,51.5707783162912],[0.158336131352232,51.570784939068],[0.158325496242145,51.5705603124576],[0.157965036294582,51.5705669340973],[0.157604576209703,51.5705735546291],[0.157615207795286,51.5707981812977],[0.15762583951824,51.5710228079574],[0.157636471378566,51.5712474346084],[0.157276005869559,51.5712540541195],[0.157286636104936,51.5714786807908],[0.157297266477667,51.5717033074533],[0.156936797306707,51.5717099259144],[0.156947426054423,51.5719345525973],[0.156586954983828,51.5719411699795],[0.156576327998486,51.5717165432676],[0.156215858553028,51.5717231595127],[0.155855388970356,51.5717297746498],[0.155844765647035,51.5715051478711],[0.15548429768953,51.5715117618711],[0.155123829594858,51.5715183747632],[0.154763361363043,51.5715249865473],[0.154402892994107,51.5715315972233],[0.154042424488073,51.5715382067913],[0.154031810113716,51.5713135798588],[0.154392276857406,51.5713069703198],[0.154381660857873,51.5710823434075],[0.154021195876506,51.5710889529175],[0.153660730758068,51.5710955613196],[0.153300265502583,51.5711021686137],[0.152939800110072,51.5711087747997],[0.152950409060301,51.5713334018279],[0.152961018147609,51.5715580288474],[0.152971627371997,51.5717826558581],[0.152982236733468,51.57200728286],[0.152992846232023,51.5722319098532],[0.152632371890624,51.572238515076],[0.152642979763822,51.5724631420894],[0.152653587774085,51.572687769094],[0.152664195921417,51.5729123960898],[0.152303716155614,51.5729190002914],[0.152314322677502,51.5731436273075],[0.15232492933644,51.5733682543147],[0.152335536132432,51.5735928813132],[0.15234614306548,51.5738175083029],[0.152356750135586,51.5740421352838],[0.152367357342752,51.574266762256],[0.152727847683997,51.5742601578807],[0.15308833788823,51.5742535523972],[0.153077727155805,51.5740289254829],[0.153438215460377,51.5740223189203],[0.153427603102454,51.5737976920262],[0.153788089507369,51.5737910843845],[0.154148575775209,51.5737844756346],[0.154509061905949,51.5737778657766],[0.154869547899569,51.5737712548106],[0.155230033756043,51.5737646427364],[0.155240654926947,51.5739892694856],[0.155601142408844,51.5739826562743],[0.155961629753548,51.5739760419549],[0.156322116961038,51.5739694265274],[0.15668260403129,51.5739628099919],[0.157043090964281,51.5739561923482],[0.157053721085465,51.5741808189434],[0.157414209643774,51.5741742001625],[0.157774698064773,51.5741675802736],[0.158135186348442,51.5741609592765],[0.158145821894848,51.5743855857757],[0.158506311803778,51.5743789636414],[0.158866801575329,51.574372340399],[0.159227291209478,51.5743657160485],[0.159587780706201,51.5743590905899],[0.159598423440581,51.5745837169639],[0.159958914562487,51.5745770903681],[0.16031940554692,51.5745704626641],[0.160679896393858,51.574563833852],[0.160690544553712,51.5747884601298],[0.160701192851161,51.5750130863988],[0.160711841286207,51.5752377126591],[0.160722489858855,51.5754623389106],[0.16073314362919,51.5756869672705],[0.160372644160216,51.5756935963546],[0.160383297636532,51.5759182253451],[0.160393951250253,51.5761428543234],[0.160754454238751,51.5761362250661],[0.160765109749676,51.5763608539456],[0.160775765398036,51.576585482813],[0.161136271768755,51.5765788522777],[0.161496778002061,51.5765722206376],[0.161857284097926,51.5765655878927],[0.162217790056332,51.576558954043],[0.162578295877254,51.5765523190885],[0.162938801560669,51.5765456830291],[0.162949467905465,51.5767703113646],[0.163309975211177,51.5767636741138],[0.163299307106554,51.576539045865],[0.163659812514888,51.5765324075961],[0.164020317785648,51.5765257682223],[0.164009646299022,51.5763011401346],[0.164370149672388,51.5762944997428],[0.164380822918809,51.5765191277438],[0.16474132791435,51.5765124861605],[0.165101832442921,51.576505842869],[0.165112509272497,51.576730470563],[0.165473013388558,51.576723822434],[0.165483692085334,51.5769484500631],[0.165494370918148,51.5771730776819],[0.165505049887002,51.5773977052904],[0.165144540577303,51.5774043535835],[0.16515521795094,51.5776289812364],[0.165165895460599,51.577853608879],[0.164805380843136,51.5778602533906],[0.164816056813206,51.5780848812197],[0.164826732920979,51.5783095090366],[0.164837409166458,51.5785341368413],[0.164476888331751,51.5785407792048],[0.164487562954915,51.578765407084],[0.164498237715768,51.578990034951],[0.16450891261431,51.5792146628059],[0.164519587650545,51.5794392906485],[0.164530262824474,51.579663918479],[0.1645409381361,51.5798885462973],[0.164180406603266,51.5798951880761],[0.16419108029243,51.5801198159689],[0.164201754119272,51.5803444438495],[0.164212428083795,51.580569071718],[0.164223102186003,51.5807936995743],[0.164233776425897,51.5810183274184],[0.164244450803478,51.5812429552503],[0.16388390857169,51.5812495964442],[0.163873235954386,51.5810249685256],[0.163512695345253,51.5810316085279],[0.163523366202277,51.5812562365332],[0.163162823695263,51.5812628755171],[0.16280228105067,51.5812695133961],[0.162441738268522,51.5812761501701],[0.162452403982269,51.5815007784231],[0.162091859302276,51.5815074141788],[0.162102523393267,51.5817320425063],[0.161741976815424,51.5817386772436],[0.161381430100087,51.5817453108758],[0.161020883247282,51.581751943403],[0.160660336257029,51.5817585748252],[0.160299789129353,51.5817652051424],[0.159939241864275,51.5817718343546],[0.159578694461819,51.5817784624618],[0.1595893463678,51.5820030913834],[0.159228797067611,51.5820097184721],[0.158868247630086,51.5820163444558],[0.15850769805525,51.5820229693344],[0.158147148343123,51.582029593108],[0.158157793344895,51.5822542223637],[0.157797241735092,51.5822608451188],[0.157436689988043,51.5822674667689],[0.15707613810377,51.5822740873139],[0.156715586082295,51.5822807067538],[0.156726224179638,51.5825053363435],[0.156365670260545,51.5825119547649],[0.156005116204294,51.5825185720812],[0.155644562010906,51.5825251882925],[0.155284007680407,51.5825318033987],[0.155294638873104,51.5827564333222],[0.154934082645042,51.5827630474098],[0.15457352627991,51.5827696603924],[0.154212969777732,51.5827762722698],[0.15385241313853,51.5827828830422],[0.153491856362327,51.5827894927095],[0.153502478889655,51.5830141230531],[0.153513101554005,51.5832387533844],[0.15352372435538,51.5834633837037],[0.153534347293781,51.5836880140107],[0.153894911112142,51.5836814039977],[0.153905537115182,51.5839060345549],[0.153916166139461,51.5841306659612],[0.154276733205425,51.5841240546016],[0.154287364113012,51.5843486858816],[0.154297995156878,51.584573317148],[0.154308626337026,51.5847979484006],[0.154669198507955,51.5847913355999],[0.154679831571507,51.5850159667263],[0.154690464771367,51.585240597839],[0.154701098107539,51.5854652289381],[0.155061675383602,51.585458614696],[0.155072310603273,51.5856832456688],[0.155082945959282,51.5859078766279],[0.155093581451633,51.5861325075733],[0.155454163832997,51.5861258918899],[0.155464801208942,51.5863505227091],[0.155475438721256,51.5865751535145],[0.15548607636994,51.5867997843062],[0.155846663856774,51.5867931671815],[0.155857303389148,51.587017797847],[0.15586794305792,51.5872424284987],[0.15622853390303,51.5872358100452],[0.156239175455563,51.5874604405706],[0.156249817144522,51.5876850710824],[0.156260458969909,51.5879097015805],[0.156621054920758,51.5879030816854],[0.15663169863,51.5881277120572],[0.156642342475698,51.5883523424153],[0.157002941784986,51.5883457211913],[0.157013587514609,51.5885703514231],[0.157024233380716,51.5887949816411],[0.157034879383307,51.5890196118455],[0.157045525522386,51.5892442420361],[0.157406131685217,51.5892376192579],[0.157416779708343,51.5894622493223],[0.157777387482239,51.5894556253276],[0.157788037389457,51.5896802552656],[0.157798687433215,51.5899048851899],[0.157809337613515,51.5901295151005],[0.157448724596818,51.590136139433],[0.157459373166017,51.5903607694425],[0.157098758265174,51.5903673927838],[0.157109405223227,51.5905920228922],[0.157120052317783,51.5908166529869],[0.156759433785092,51.5908232754496],[0.156770079268436,51.5910479056432],[0.156409458851563,51.5910545271147],[0.156048838298249,51.5910611474822],[0.155688217608518,51.591067766746],[0.155327596782391,51.5910743849058],[0.15496697581989,51.5910810019618],[0.15460635472104,51.5910876179139],[0.154245733485862,51.5910942327622],[0.153885112114378,51.5911008465065],[0.153524490606612,51.591107459147],[0.153535120496666,51.5913320903401],[0.153545750523005,51.5915567215195],[0.153185125383427,51.5915633332812],[0.153195753798241,51.5917879645594],[0.153206382349321,51.5920125958238],[0.152845753577854,51.5920192067067],[0.152856379906038,51.5922438370914],[0.152867005018468,51.5924684652982],[0.152877630268201,51.5926930934937],[0.15323826438191,51.5926864824528],[0.153598898358323,51.5926798703057],[0.153959532197416,51.5926732570525],[0.154320165899167,51.5926666426931],[0.154680799463552,51.5926600272275],[0.155041432890549,51.5926534106558],[0.155402066180134,51.5926467929779],[0.155762699332286,51.5926401741938],[0.155773338845344,51.5928648017817],[0.155412703927447,51.5928714206403],[0.155052068872115,51.5928780383927],[0.155062704991126,51.5931026661182],[0.154702068032608,51.593109282839],[0.15471270252327,51.5933339106276],[0.155073341247583,51.5933272938323],[0.155083977641489,51.5935519215349],[0.155094614172848,51.593776549226],[0.155105250841659,51.5940011769057],[0.155115887647928,51.594225804574],[0.155126524591654,51.5944504322307],[0.155137161672841,51.5946750598761],[0.155147798891492,51.5948996875099],[0.155158436247608,51.5951243151324],[0.155169073741192,51.5953489427433],[0.154808419123697,51.5953555602094],[0.154819054988728,51.5955801878835],[0.154829690991209,51.5958048155461],[0.154840327131141,51.5960294431972],[0.154850963408528,51.5962540708369],[0.154861599823373,51.5964786984651],[0.155222263271215,51.5964720806264],[0.155232901589657,51.5966967081686],[0.155243540045582,51.5969213356994],[0.155254178638994,51.5971459632187],[0.154893509892669,51.5971525812811],[0.154904146857364,51.5973772088636],[0.154543476207393,51.5973838258942],[0.154182805420008,51.5973904418184],[0.154193438989705,51.5976150695385],[0.153832766298691,51.5976216844309],[0.153822134495231,51.5973970566364],[0.15381150282917,51.5971724288304],[0.153800871300508,51.5969478010129],[0.154161538692881,51.596941186344],[0.154522205947865,51.5969345705688],[0.154511571024264,51.5967099428889],[0.154150905535445,51.5967165585896],[0.154140272515425,51.5964919308238],[0.153779608655366,51.5964985453436],[0.153418944657948,51.5965051587572],[0.153058280523193,51.5965117710644],[0.152697616251123,51.5965183822653],[0.15268699043302,51.59629375419],[0.152326327789791,51.5963003642101],[0.152336951841762,51.5965249923599],[0.151976287295133,51.5965316013481],[0.151986909718247,51.5967562295609],[0.151626243268214,51.5967628375173],[0.151636864062422,51.5969874657931],[0.151276195708978,51.5969940727176],[0.151265576680954,51.5967694443673],[0.150904909956494,51.596776050111],[0.150894292831866,51.5965514216749],[0.150533627736392,51.5965580262378],[0.150523012515115,51.5963333977158],[0.15051239743102,51.5961087691824],[0.150151735730661,51.5961153724901],[0.150162349048633,51.596340001098],[0.150172962503764,51.5965646296944],[0.149812297134006,51.5965712320447],[0.149822908960127,51.5967958607041],[0.149833520923391,51.5970204893521],[0.150194189825514,51.597013886853],[0.150204803692137,51.5972385154151],[0.150565474223339,51.5972319117352],[0.150554858590502,51.5970072832475],[0.150915527218332,51.5970006785357],[0.150926144617381,51.597225306949],[0.151286814874239,51.5972187010564],[0.151297434176735,51.5974433293838],[0.151658106062616,51.5974367223103],[0.151647484993889,51.5972120940574],[0.15200815497631,51.5972054859521],[0.152018777811265,51.5974301141306],[0.152379449422659,51.5974235048444],[0.152390074161148,51.597648132937],[0.152029400783505,51.5976547422976],[0.152040023893033,51.5978793704531],[0.152050647139852,51.5981039985972],[0.151689970092381,51.5981106070004],[0.151329292907672,51.5981172142972],[0.150968615585746,51.5981238204875],[0.150979233670891,51.5983484488436],[0.150618554445445,51.598355054002],[0.150257875082825,51.598361658054],[0.149897195583057,51.5983682609997],[0.149907808506372,51.5985928895675],[0.149547127103119,51.5985994914812],[0.14918644556276,51.5986060922884],[0.149175836172161,51.5983814635717],[0.148815156261078,51.5983880631982],[0.148454476212938,51.5983946617182],[0.148093795579489,51.5984012583248],[0.14810439972434,51.598625887339],[0.148115004003441,51.5988505163383],[0.148125608416793,51.5990751453228],[0.148136212964399,51.5992997742925],[0.148146817646261,51.5995244032473],[0.148157422462381,51.5997490321873],[0.148518113416253,51.5997424347394],[0.14852872009657,51.5999670635362],[0.148539326913971,51.6001916923216],[0.148549933868456,51.6004163210956],[0.148560540607108,51.600640949285],[0.148571147247392,51.6008655770812],[0.14858175402525,51.6010902048672],[0.148592360940684,51.601314832643],[0.148953063999891,51.6013082332633],[0.148963672827751,51.6015328609769],[0.149324377524233,51.6015262604371],[0.149685082083121,51.6015196587896],[0.150045786504394,51.6015130560342],[0.150406490788026,51.601506452171],[0.150767194933995,51.6014998471999],[0.150777812773774,51.6017244746422],[0.151138518556913,51.6017178685111],[0.151127898942279,51.601493241121],[0.151488602812854,51.6014866339343],[0.151849306545697,51.6014800256398],[0.151859929710036,51.6017046529253],[0.152220635079974,51.6016980434706],[0.152581340312131,51.6016914329082],[0.152942045406485,51.6016848212379],[0.152952674033223,51.6019094483564],[0.152591967164002,51.601916060079],[0.15260259415371,51.6021406872397],[0.152241885371791,51.6021472979067],[0.152252510724425,51.6023719251095],[0.15261322128126,51.6023653143902],[0.152623848546653,51.6025899415306],[0.152984560740614,51.6025833296511],[0.153345272796739,51.6025767166638],[0.153705984715006,51.6025701025686],[0.153716617443114,51.6027947295419],[0.15372725030914,51.6030193565051],[0.154087965639453,51.6030127411974],[0.154098600418395,51.6032373680981],[0.154109235335281,51.6034619949887],[0.15374851645495,51.6034686104011],[0.153387797436729,51.6034752247056],[0.153398428941472,51.6036998516907],[0.153037708010334,51.6037064649396],[0.153027078280639,51.6034818379022],[0.152666358986704,51.6034884499908],[0.152305639554947,51.6034950609716],[0.152316265734538,51.6037196881136],[0.152326892051963,51.6039443152455],[0.152337518507224,51.6041689423672],[0.15269824326421,51.6041623312296],[0.153058967883367,51.604155718984],[0.15306959802671,51.604380345991],[0.153080228307941,51.6046049729878],[0.153090858727061,51.6048295999746],[0.152730128782476,51.604836212377],[0.152369398700053,51.6048428236715],[0.152380025706686,51.6050674507527],[0.152390652851167,51.6052920778237],[0.152401280133498,51.6055167048846],[0.152411907553684,51.6057413319354],[0.152772644737008,51.6057347204317],[0.152783274070332,51.60595934742],[0.153144012891093,51.6059527347561],[0.153504751573982,51.6059461209841],[0.153865490118979,51.6059395061041],[0.154226228526058,51.6059328901161],[0.154215592091624,51.6057082633371],[0.154576328585492,51.6057016462934],[0.154937064941399,51.6056950281418],[0.154947704926374,51.6059196548162],[0.154958345049367,51.6061442814804],[0.154968985310381,51.6063689081345],[0.15497962570942,51.6065935347785],[0.154990266246483,51.6068181614123],[0.155000906921575,51.6070427880359],[0.155011547734699,51.6072674146494],[0.155372296379973,51.6072607950233],[0.155382939106557,51.6074854215744],[0.1553935819712,51.6077100481152],[0.155404224973903,51.607934674646],[0.15541486811467,51.6081593011666],[0.155425511393503,51.608383927677],[0.155436154810403,51.6086085541773],[0.155446798365374,51.6088331806675],[0.155807559301086,51.6088265595667],[0.15581820472953,51.6090511859002],[0.155828850293955,51.609275812218],[0.155839495996727,51.6095004385254],[0.155850141837848,51.6097250648226],[0.155860787817322,51.6099496911095],[0.156221557514879,51.6099430686304],[0.156232205412575,51.6101676948524],[0.156242853448652,51.6103923210641],[0.156603626567624,51.6103856973677],[0.156964399548224,51.6103790725633],[0.157325172390431,51.6103724466508],[0.157685945094219,51.6103658196304],[0.158046717659566,51.6103591915019],[0.15840749008645,51.6103525622653],[0.158768262374847,51.6103459319208],[0.159129034524734,51.6103393004682],[0.159489806536089,51.6103326679075],[0.159850578408887,51.6103260342389],[0.160211350143106,51.6103193994622],[0.160222017896482,51.6105440250618],[0.160232685788495,51.610768650651],[0.160243353819149,51.6109932762299],[0.160254021988444,51.6112179017986],[0.160614800703749,51.6112112656948],[0.16097557928042,51.611204628483],[0.160986251148317,51.6114292539318],[0.161347031366304,51.6114226155572],[0.161707811445608,51.6114159760744],[0.161697136017764,51.6111913507352],[0.161686460728656,51.6109667253857],[0.162047237109337,51.6109600849045],[0.162036560179041,51.6107354595995],[0.162397334641076,51.6107288180651],[0.162408013351294,51.6109534433153],[0.162768789454504,51.610946800618],[0.162758108964366,51.6107221754226],[0.163118883148889,51.6107155316721],[0.163479657194619,51.6107088868136],[0.163840431101536,51.6107022408471],[0.164201204869614,51.6106955937725],[0.164561978498833,51.6106889455899],[0.164922751989168,51.6106822962992],[0.165283525311246,51.6106756457995],[0.1652942182604,51.6109002706114],[0.165304911348606,51.6111248954133],[0.165315604575867,51.6113495202054],[0.164954825914802,51.6113561708671],[0.164965517501238,51.6115807957025],[0.165326297942185,51.6115741449876],[0.165687078234877,51.6115674931348],[0.16604785838852,51.6115608401735],[0.166408638403091,51.6115541861037],[0.166397939692471,51.6113295614637],[0.166387241120978,51.6111049368139],[0.166748017433618,51.6110982817305],[0.166737317219865,51.6108736571183],[0.16709809161201,51.6108670009738],[0.167458865865021,51.6108603437209],[0.167819639978874,51.6108536853595],[0.1678089345602,51.6106290608799],[0.167448162227699,51.6106357191938],[0.167087389756043,51.6106423763993],[0.167076688039243,51.6104177518148],[0.16671591720979,51.6104244078643],[0.16635514624123,51.6104310628054],[0.165994375133587,51.610437716638],[0.165633603886884,51.6104443693622],[0.165272832501142,51.6104510209779],[0.165262139830085,51.6102263961464],[0.165251447298074,51.6100017713051],[0.165612215121196,51.6099951197842],[0.165972982805285,51.6099884671549],[0.166333750350318,51.6099818134172],[0.166694517756273,51.609975158571],[0.166683818238218,51.6097505339095],[0.166673118859296,51.6095259092383],[0.166662419619504,51.6093012845571],[0.16702318154263,51.6092946287448],[0.167383943326638,51.6092879718242],[0.167744704971505,51.6092813137951],[0.168105466477209,51.6092746546576],[0.168466227843725,51.6092679944117],[0.168826989071031,51.6092613330574],[0.168837698998104,51.6094859574537],[0.169198461867383,51.6094792949434],[0.169559224597402,51.6094726313248],[0.169919987188141,51.6094659665977],[0.170280749639575,51.6094593007623],[0.17064151195168,51.6094526338184],[0.171002274124436,51.6094459657661],[0.171363036157817,51.6094392966054],[0.171373758692705,51.6096639206591],[0.1717345223679,51.6096572503424],[0.172095285903673,51.6096505789173],[0.172456049300001,51.6096439063838],[0.17281681255686,51.6096372327418],[0.173177575674228,51.6096305579915],[0.173538338652081,51.6096238821327],[0.173899101490397,51.6096172051655],[0.173909836633307,51.6098418288761],[0.174270601113279,51.6098351507529],[0.174631365453664,51.6098284715213],[0.174992129654441,51.6098217911812],[0.174981389167885,51.6095971676135],[0.174970648820992,51.6093725440359],[0.174959908613759,51.6091479204485],[0.174949168546184,51.6089232968512],[0.174588411470121,51.6089299770006],[0.174577673078757,51.6087053532441],[0.174938428350258,51.6086986731369],[0.175299183481069,51.6086919919213],[0.175288441467393,51.6084673681808],[0.175277699594458,51.6082427444305],[0.175266957862264,51.6080181206703],[0.175627707455402,51.6080114384879],[0.17598845690781,51.6080047551972],[0.175999202237928,51.6082293788629],[0.175638450986559,51.6082360622009],[0.175649194658479,51.608460685904],[0.175659938471166,51.6086853095973],[0.176020693320525,51.608678626165],[0.176381448029122,51.6086719416242],[0.176742202596935,51.608665255975],[0.176752951831696,51.6088898794781],[0.176763700804953,51.609114502837],[0.176774449917984,51.609339126186],[0.17641368997798,51.6093458119728],[0.176052929898255,51.6093524966512],[0.176042184347536,51.6091278732068],[0.175681425909274,51.6091345567291],[0.175692169678833,51.6093591802212],[0.175702913588099,51.6095838037034],[0.175713657637073,51.6098084271758],[0.175352893715586,51.6098151097327],[0.17536363612304,51.6100397332429],[0.175374378670185,51.6102643567432],[0.175385121357024,51.6104889802337],[0.175745890622275,51.6104822975338],[0.175756635230109,51.6107069209667],[0.175767379977665,51.6109315443898],[0.176128152665849,51.6109248604861],[0.176488925214319,51.6109181754739],[0.176849697623053,51.6109114893532],[0.176860447854356,51.6111361126234],[0.177221221904667,51.6111294253466],[0.177581995815193,51.6111227369613],[0.177571242021218,51.6108981137866],[0.177560488367082,51.610673490602],[0.177921258575158,51.6106668012037],[0.177932014010604,51.6108914243406],[0.17794276958591,51.6111160474676],[0.177953525301081,51.6113406705847],[0.178314300713319,51.6113339799347],[0.178325058349732,51.6115586029943],[0.178685835403488,51.6115519111881],[0.178696594961189,51.6117765341901],[0.178707354658808,51.6120011571821],[0.178718114496346,51.6122257801643],[0.178357332098333,51.6122324721137],[0.177996549560452,51.6122391629546],[0.178007305974979,51.6124637860224],[0.178018062529385,51.6126884090803],[0.178028819223671,51.6129130321284],[0.178039576057841,51.6131376551666],[0.178050333031897,51.613362278195],[0.178061090145839,51.6135869012135],[0.178071847399674,51.6138115242221],[0.177711052251174,51.6138182142886],[0.177350256962835,51.6138249032465],[0.177339503272222,51.6136002801424],[0.177328749721453,51.6133756570284],[0.176967957856505,51.6133823447824],[0.176607165851772,51.6133890314277],[0.176617915839357,51.6136136546371],[0.176628665966742,51.6138382778365],[0.176639416233927,51.6140629010262],[0.176650166640914,51.6142875242059],[0.176660917187708,51.6145121473758],[0.176300116135005,51.6145188331511],[0.176310865039895,51.6147434563588],[0.176671667874309,51.6147367705359],[0.17668241870072,51.614961393686],[0.177043223177089,51.6149547067068],[0.177404027513654,51.6149480186189],[0.177764831710392,51.6149413294223],[0.177775588021872,51.6151659524195],[0.178136393860509,51.6151592620666],[0.178147152093644,51.6153838850062],[0.178157910466687,51.6156085079359],[0.178168668979644,51.6158331308557],[0.178529480023778,51.615826439251],[0.178890290928008,51.6158197465376],[0.17890105314455,51.6160443693521],[0.178911815501055,51.6162689921567],[0.178922577997525,51.6164936149515],[0.179283394107393,51.6164869209862],[0.179644210077303,51.6164802259122],[0.180005025907231,51.6164735297295],[0.180365841597155,51.6164668324382],[0.180376611361184,51.616691455032],[0.180387381265276,51.6169160776159],[0.180748200378979,51.6169093791203],[0.181109019352627,51.616902679516],[0.181119792960657,51.6171273019944],[0.181130566248135,51.6173519243291],[0.181491388663277,51.6173452235193],[0.181502163758293,51.6175698457544],[0.181141339560554,51.6175765466199],[0.181152113013128,51.6178011689004],[0.180791286892647,51.6178078687135],[0.180430460632066,51.6178145674184],[0.18006963423141,51.617821265015],[0.179708807690699,51.6178279615034],[0.179719574152833,51.6180525839966],[0.179730340755034,51.6182772064795],[0.179741107497306,51.6185018289521],[0.180101939386045,51.6184951322965],[0.180462771134723,51.6184884345326],[0.180823602743317,51.6184817356604],[0.181184434211805,51.6184750356799],[0.181195208225024,51.6186996579191],[0.181205982378411,51.6189242801479],[0.181216756671966,51.6191489023663],[0.181577593348533,51.6191422011102],[0.181588369565043,51.6193668232625],[0.181227531105694,51.6193735245744],[0.180866692506207,51.619380224778],[0.180877465297302,51.6196048470316],[0.18088823822855,51.6198294692748],[0.180527395923305,51.6198361684816],[0.180538167211853,51.6200607907703],[0.180548938640537,51.6202854130485],[0.180559710209359,51.6205100353165],[0.180198862415371,51.6205167335823],[0.180209632341406,51.6207413558957],[0.180220402407561,51.6209659781988],[0.180231172613837,51.6211906004915],[0.180241942960238,51.6214152227738],[0.180602797886075,51.6214085242848],[0.180963652671798,51.6214018246875],[0.181324507317382,51.6213951239818],[0.181313731621998,51.6211705018668],[0.181674584344432,51.6211638001084],[0.182035434445516,51.6211570960081],[0.182046213665401,51.6213817179882],[0.182056993028256,51.6216063399592],[0.18206777253408,51.6218309619209],[0.182078552182877,51.6220555838736],[0.182089331974651,51.622280205817],[0.182100111909402,51.6225048277513],[0.182460972530291,51.6224981221716],[0.18282183300821,51.6224914154823],[0.183182693343136,51.6224847076834],[0.183171907922398,51.6222600858572],[0.18353276628565,51.6222533769847],[0.183893624505864,51.6222466670026],[0.183882835570908,51.6220220452394],[0.184243691819432,51.6220153341838],[0.184232901198964,51.6217907124475],[0.184593755475801,51.6217840003184],[0.184954609609534,51.6217772870797],[0.184965403887205,51.6220019087439],[0.185326259706407,51.6219951943595],[0.185687115382454,51.6219884788655],[0.18569791346053,51.6222131004482],[0.185708711681819,51.6224377220218],[0.185347852348509,51.622444437588],[0.185358648884348,51.6226690591885],[0.185369445563381,51.6228936807798],[0.185730308554047,51.6228869651414],[0.18574110720499,51.6231115866875],[0.186101971881178,51.6231048699033],[0.186112772504079,51.6233294914041],[0.186123573270231,51.6235541128957],[0.186134374179633,51.6237787343781],[0.186495244198872,51.6237720163759],[0.186484441460691,51.6235473949296],[0.186845309507908,51.6235406758539],[0.186856114074866,51.623765297264],[0.186866918785125,51.623989918665],[0.187227790346647,51.6239831984073],[0.187238597029031,51.624207819763],[0.187599470276076,51.6242010983595],[0.187610278930631,51.6244257196698],[0.187971153863194,51.6244189971205],[0.188332028652407,51.6244122734615],[0.188321216340175,51.6241876522235],[0.188682089157183,51.624180927491],[0.18867127515954,51.62395630628],[0.189032146004345,51.623949580474],[0.189021330321339,51.6237249592901],[0.189382199193948,51.6237182324106],[0.189371381825624,51.6234936112537],[0.189732248726041,51.6234868833008],[0.189721429672448,51.623262262171],[0.189360564600765,51.6232689900876],[0.189349747519366,51.6230443689124],[0.188988884132964,51.6230510956832],[0.188978069023712,51.6228264744626],[0.188617207322597,51.6228332000876],[0.188606394185444,51.6226085788216],[0.188595581191699,51.6223839575465],[0.188584768341358,51.6221593362622],[0.188223911982804,51.622166060669],[0.187863055480902,51.6221727839662],[0.187502198835676,51.6221795061539],[0.187491391614542,51.6219548847519],[0.187130536654623,51.6219616057938],[0.187119731405402,51.6217369843464],[0.187108926299482,51.6215123628899],[0.187098121336862,51.6212877414242],[0.187458970811102,51.6212810204908],[0.187448164163267,51.6210563990521],[0.187437357658752,51.6208317776042],[0.187798203332704,51.6208250556336],[0.187787395143042,51.6206004342127],[0.187426551297552,51.6206071561472],[0.18706570730878,51.6206138769722],[0.186704863176749,51.6206205966876],[0.186344018901485,51.6206273152935],[0.185983174483008,51.6206340327899],[0.185622329921345,51.6206407491767],[0.185633127140192,51.6208653708144],[0.185272280606886,51.6208720861278],[0.185283076140431,51.6210967077925],[0.18492222763548,51.6211034220324],[0.184561378987408,51.6211101351628],[0.184550587110875,51.620885513426],[0.184189740148214,51.6208922254107],[0.183828893042482,51.6208989362859],[0.18381810496605,51.6206743144678],[0.184178950243294,51.6206676036286],[0.184168160481476,51.6204429818373],[0.184157370862757,51.6202183600369],[0.184146581387136,51.6199937382273],[0.183785741595214,51.6200004489582],[0.183796529242419,51.6202250708039],[0.183435687479041,51.6202317804614],[0.183424901660256,51.6200071585796],[0.183064061582285,51.6200138670915],[0.183053277734947,51.6197892451645],[0.182692439342386,51.6197959525308],[0.182681657466448,51.6195713305586],[0.183042494030631,51.6195646232284],[0.183403330451828,51.6195579147886],[0.183764166730018,51.6195512052393],[0.18375337951202,51.6193265833661],[0.183742592437085,51.6191019614838],[0.184103424915573,51.6190952508972],[0.1840926361554,51.6188706290417],[0.18408184753831,51.6186460071771],[0.183721018716399,51.6186527176916],[0.183710232070641,51.6184280957818],[0.183699445567937,51.6182034738627],[0.183688659208284,51.6179788519346],[0.183677872991681,51.6177542299972],[0.184038694500724,51.6177475196271],[0.184027906599008,51.6175228977166],[0.184388726136858,51.6175161862731],[0.184749545531651,51.6175094737202],[0.185110364783361,51.6175027600578],[0.185099571540324,51.6172781382465],[0.185460388820804,51.6172714235108],[0.185821205958158,51.6172647076658],[0.185810408518321,51.6170400856131],[0.186171223617704,51.617033368661],[0.186532038570816,51.6170266505976],[0.186892853377634,51.6170199314232],[0.186882049967089,51.6167953091698],[0.186871246702886,51.616570686909],[0.186860443585024,51.6163460646409],[0.186499634417124,51.6163527837958],[0.186138825102938,51.6163595018396],[0.186149624461568,51.6165841241208],[0.185788813121497,51.61659084106],[0.185428001635187,51.6165975568879],[0.185417206035801,51.6163729345938],[0.185406410582657,51.6161483122922],[0.185045602709357,51.6161550269961],[0.185034809282029,51.6159304046807],[0.184674003142123,51.6159371182669],[0.184313196856057,51.6159438307421],[0.183952390423856,51.6159505421061],[0.183941602781415,51.6157259197639],[0.183580798082668,51.6157326300103],[0.183591583845544,51.615957252359],[0.183602369754537,51.6161818747003],[0.183613155809648,51.6164064970342],[0.18362394201088,51.6166311193607],[0.183263129647639,51.6166378285217],[0.183273914115333,51.6168624508473],[0.182913099726358,51.6168691589037],[0.18290231713833,51.6166445365717],[0.182891534696377,51.6164199142323],[0.182880752400497,51.6161952918855],[0.182869970250687,51.6159706695314],[0.182859188246946,51.6157460471698],[0.183219993237836,51.6157393391456],[0.183209209500615,51.6155147167831],[0.183198425909481,51.6152900944132],[0.183187642464431,51.6150654720359],[0.182826843112103,51.6150721800408],[0.182466043613748,51.6150788869347],[0.182476823299802,51.6153035093248],[0.182116021775942,51.6153102151139],[0.181755220106103,51.615316919792],[0.181394414380074,51.6153236215124],[0.181033608019391,51.6153303218907],[0.181022835532181,51.6151056993333],[0.181012063185065,51.614881076766],[0.181001290978036,51.6146564541889],[0.180990518911095,51.6144318316019],[0.181351318144923,51.6144251314149],[0.181712117238674,51.6144184301193],[0.181701341748507,51.6141938076181],[0.18169056639847,51.613969185107],[0.182051357126727,51.6139624806237],[0.182412147373935,51.6139557748731],[0.182401368564046,51.6137311524386],[0.18276215678591,51.6137244455833],[0.182772937475155,51.6139490680113],[0.182783718310444,51.614173690432],[0.183144510145025,51.6141669824528],[0.183505301833565,51.6141602733626],[0.183494517239525,51.6139356509548],[0.183855306902628,51.6139289407599],[0.184216096419643,51.613922229454],[0.184205308213004,51.6136976070517],[0.184194520152503,51.613472984642],[0.184183732238139,51.613248362225],[0.184544515971087,51.6132416498274],[0.184533726323585,51.6130170274094],[0.18452293682224,51.612792404984],[0.184512147467048,51.6125677825512],[0.184151369371839,51.6125744949294],[0.184140582041995,51.6123498724827],[0.184129794858274,51.6121252500287],[0.183769020375347,51.6121319612829],[0.1837582352169,51.611907338815],[0.18339746246706,51.6119140489518],[0.18303668957118,51.6119207579777],[0.182675916529284,51.6119274658926],[0.182315143341396,51.6119341726965],[0.181954370007541,51.6119408783895],[0.181593594553499,51.6119475820631],[0.181604368642491,51.612172204663],[0.18124358736424,51.6121789054804],[0.180882805945938,51.6121856051893],[0.180893576612142,51.612410227875],[0.18053279327236,51.6124169265232],[0.180522024387608,51.6121923037898],[0.180511255642893,51.6119676810464],[0.180500487038213,51.6117430582932],[0.180489718573565,51.6115184355302],[0.180478950248948,51.6112938127572],[0.180118175676198,51.611300510058],[0.180107409272947,51.6110758872274],[0.180096643009698,51.6108512643869],[0.179735871859633,51.6108579604837],[0.179725107517679,51.6106333375856],[0.179364338008967,51.6106400325261],[0.179353575588261,51.6104154095703],[0.178992807720906,51.6104221033547],[0.178982047221402,51.6101974803413],[0.17862128099541,51.6102041729694],[0.178610522417063,51.6099795498984],[0.178249757832438,51.6099862413704],[0.177888993107969,51.6099929317339],[0.177528228243682,51.6099996209891],[0.177167463239598,51.6100063091357],[0.177156711926011,51.609781685864],[0.177517475148876,51.609774997765],[0.177506722193897,51.6095503745311],[0.177867483495774,51.6095436853714],[0.178228244657836,51.6095369951033],[0.178217488280342,51.609312371955],[0.178206732042717,51.6090877487968],[0.178195975944956,51.6088631256288],[0.17818521945988,51.6086385022943],[0.178545973323422,51.6086318111031],[0.178535215118749,51.6084071877877],[0.178524457055027,51.6081825644625],[0.178163706789441,51.6081892555591],[0.178152950665611,51.6079646321768],[0.177792202058076,51.6079713221178],[0.177781447874093,51.6077466986784],[0.177770693831007,51.6075220752291],[0.177759939928816,51.60729745177],[0.178120683139653,51.6072907619708],[0.178481426209604,51.6072840710633],[0.178492183709545,51.6075086944279],[0.17813143884072,51.6075153853827],[0.178142194682706,51.6077400087847],[0.178502941350427,51.6077333177826],[0.178863687877234,51.6077266256722],[0.178874447457978,51.6079512489697],[0.179235195642762,51.6079445557037],[0.179595943686583,51.6079378613292],[0.179956691589417,51.6079311658464],[0.180317439351241,51.6079244692552],[0.18067818697203,51.6079177715557],[0.181038934451763,51.6079110727478],[0.181028164077563,51.607686449734],[0.181388909617314,51.6076797498651],[0.181749654254514,51.6076730485371],[0.182110391592439,51.607666342803],[0.18212116727558,51.6078909656458],[0.18248190639544,51.6078842588228],[0.182842645366223,51.6078775508872],[0.183203384187902,51.607870841839],[0.183192602711809,51.6076462189252],[0.18355333945338,51.6076395087407],[0.183542556195485,51.6074148857977],[0.183903290856953,51.6074081744769],[0.183892505817305,51.6071835515046],[0.184253238398674,51.6071768390476],[0.184613970830845,51.607170125478],[0.184603182078596,51.6069455024528],[0.184592393475589,51.606720879422],[0.184231664905187,51.6067275930389],[0.184220878382268,51.6065029700261],[0.183860151593527,51.6065096825541],[0.183849367150646,51.6062850595594],[0.183838582856952,51.6060604365591],[0.183477859780679,51.6060671480218],[0.183467077566947,51.6058425250396],[0.183456295502372,51.6056179020518],[0.183445513586949,51.6053932790584],[0.183434731820677,51.6051686560594],[0.183423950203553,51.6049440330548],[0.183784663626171,51.6049373214738],[0.183773880227535,51.60471269844],[0.183763096978067,51.6044880754006],[0.183752313877764,51.6042634523556],[0.183741530926623,51.604038829305],[0.183730748124641,51.6038142062488],[0.183719965471817,51.603589583187],[0.184080667161728,51.6035828703516],[0.184069882727551,51.6033582472606],[0.18405909844255,51.603133624164],[0.18441979612232,51.6031269101689],[0.184780493652914,51.6031201950614],[0.185141191034308,51.6031134788414],[0.185501888266475,51.603106761509],[0.18549109640884,51.6028821383123],[0.18585179156131,51.6028754198439],[0.185862585349391,51.6031000430642],[0.186223282283031,51.603093323507],[0.186212486564506,51.6028687002631],[0.186573181418404,51.6028619795699],[0.186583979067368,51.6030866028374],[0.186944675702379,51.6030798810553],[0.186933876122976,51.6028552577642],[0.187294570678199,51.6028485348462],[0.187655265084047,51.6028418108157],[0.188015959340495,51.6028350856728],[0.188376653447516,51.6028283594175],[0.188737347405088,51.6028216320498],[0.189098041213183,51.6028149035696],[0.189458734871776,51.6028081739771],[0.189819428380843,51.6028014432721],[0.189830243403656,51.6030260667514],[0.190190938693584,51.6030193349575],[0.190551633833934,51.6030126020512],[0.190562452867188,51.603237225572],[0.190923149788366,51.6032304915767],[0.191283846559911,51.603223756469],[0.191294669603696,51.6034483800311],[0.191655368156036,51.6034416438344],[0.19201606655869,51.6034349065253],[0.192005239654,51.6032102829163],[0.191994412899027,51.6029856593017],[0.192355107291098,51.6029789208332],[0.192365935976495,51.6032035444713],[0.192726632149255,51.6031968049138],[0.193087328172255,51.603190064244],[0.193448024045472,51.6031833224617],[0.193808719768878,51.6031765795669],[0.193797883361814,51.6029519558352],[0.193787047104586,51.6027273320979],[0.193776210997192,51.602502708355],[0.193765375039628,51.6022780846065],[0.193754539231892,51.6020534608524],[0.194115225153656,51.6020467167282],[0.194475910925574,51.6020399714917],[0.19446507140709,51.6018153476852],[0.194104387565458,51.6018220929452],[0.194093550127106,51.6015974691566],[0.193732868065893,51.6016042133275],[0.193372185854861,51.6016109563861],[0.193011503494039,51.6016176983323],[0.19265082098345,51.6016244391662],[0.192639991415914,51.6013998154656],[0.192279310685833,51.6014065552105],[0.191918629806039,51.601413293843],[0.191907804248698,51.6011886701837],[0.192268483198266,51.6011819315278],[0.192629161998122,51.6011751917594],[0.192989840648242,51.6011684508787],[0.192979009449994,51.6009438271436],[0.193339686020158,51.6009370851271],[0.193700362440539,51.6009303419983],[0.193689527531716,51.6007057182107],[0.194050201872122,51.6006989739462],[0.194039365259154,51.6004743501122],[0.193678692829792,51.6004810944034],[0.193667858706685,51.6002564704837],[0.193307188029195,51.6002632136832],[0.19331802025245,51.6004878375824],[0.192957347527151,51.6004945796492],[0.19259667465392,51.6005013206039],[0.192236001633853,51.600508060446],[0.191875328474822,51.6005147991723],[0.191886153583092,51.6007394228484],[0.191525478344226,51.6007461604389],[0.191514655166112,51.6005215367863],[0.191503832422931,51.6002969129985],[0.19114316085809,51.6003036495251],[0.191132340181818,51.6000790257435],[0.191121519653358,51.5998544019561],[0.19076085174038,51.5998611374117],[0.190750033259528,51.5996365136391],[0.190389367098575,51.5996432480032],[0.190378550665283,51.5994186242454],[0.19073921492646,51.5994118898607],[0.190728396741172,51.5991872660766],[0.190717578703662,51.5989626422867],[0.190706760813927,51.598738018491],[0.190695943071966,51.5985133946896],[0.190685125477774,51.5982887708824],[0.190324470715117,51.59829550537],[0.190313655168324,51.5980708815776],[0.189953002157567,51.5980776149737],[0.189963815804725,51.5983022387454],[0.189974629599603,51.5985268625115],[0.190335286409652,51.5985201291566],[0.190346102251935,51.5987447529374],[0.189985443542204,51.5987514862717],[0.189996257632528,51.5989761100262],[0.19000707187058,51.5992007337749],[0.190017886256362,51.5994253575179],[0.190028700789876,51.5996499812551],[0.190039515471124,51.5998746049865],[0.190400183679627,51.5998678717552],[0.190411000408439,51.6000924955014],[0.190421817285016,51.600317119242],[0.190061145276835,51.6003238524321],[0.189700473120923,51.6003305845102],[0.189339800817305,51.6003373154761],[0.188979128366007,51.6003440453298],[0.188989937816295,51.6005686689389],[0.188629263311075,51.6005753976543],[0.188640071047845,51.600800021119],[0.188279394462994,51.6008067486985],[0.187918717728717,51.6008134751656],[0.187558040845038,51.6008202005204],[0.187568842940653,51.6010448239089],[0.187208163977384,51.6010515481279],[0.186847484864762,51.6010582712345],[0.186858283249298,51.6012828945703],[0.18721896429216,51.6012761714872],[0.187229764756309,51.601500794841],[0.187590447580075,51.6014940706692],[0.187951130254457,51.601487345385],[0.187961934728551,51.6017119687803],[0.187601250123887,51.6017186940409],[0.187240565369835,51.6017254181892],[0.187251366132739,51.6019500415317],[0.186890679299012,51.6019567645441],[0.186901478280961,51.6021813878575],[0.186540789367555,51.6021881097339],[0.186180100304832,51.6021948304978],[0.185819411092818,51.6022015501494],[0.185830204433025,51.6024261733865],[0.185469513141373,51.6024328919021],[0.185458721731537,51.6022082686886],[0.185447930470964,51.6019836454696],[0.185437139359648,51.6017590222449],[0.18542634839759,51.6015343990147],[0.185415557584786,51.6013097757788],[0.185404766921233,51.6010851525374],[0.185044087062217,51.6010918700823],[0.185033298478141,51.6008672468589],[0.185022510043286,51.6006426236299],[0.185011721661884,51.6004180003195],[0.185000933283347,51.6001933768888],[0.184990145052212,51.5999687534523],[0.184629474630433,51.5999754700018],[0.184618688446536,51.5997508465802],[0.184607902410012,51.5995262231529],[0.184597116520857,51.5993015997198],[0.184586330779067,51.599076976281],[0.184225667809167,51.5990836918012],[0.184214884114489,51.5988590683774],[0.184204100567149,51.5986344449477],[0.184193317167142,51.5984098215123],[0.183832659749102,51.5984165359827],[0.183821878396105,51.5981919125623],[0.183811097190413,51.5979672891361],[0.183800316132024,51.5977426657041],[0.183789535220937,51.5975180422664],[0.183428885254183,51.5975247557077],[0.183418106389976,51.5973001322849],[0.183407327673039,51.5970755088564],[0.183396549103371,51.5968508854221],[0.183385770680968,51.5966262619821],[0.183746413049537,51.5966195484577],[0.183735632874911,51.5963949249912],[0.183724852847572,51.5961703015188],[0.183714072967514,51.5959456780407],[0.184074709490439,51.5959389633422],[0.184063927858251,51.5957143398376],[0.184053146373365,51.5954897163272],[0.184413778950215,51.5954830004753],[0.184774411379763,51.5954762835114],[0.185135043661985,51.5954695654356],[0.185495675796855,51.5954628462479],[0.185484886861844,51.5952382226489],[0.185845516949988,51.5952315023285],[0.185856307784348,51.5954561259481],[0.186216939624442,51.5954494045365],[0.186227732505594,51.5956740281711],[0.186588366097629,51.5956673056682],[0.186599161025622,51.5958919293177],[0.186959796369594,51.5958852057234],[0.186970593344474,51.5961098293879],[0.186609956101088,51.5961165529614],[0.186620751324029,51.5963411765994],[0.18663154669445,51.5965658002316],[0.186992187736739,51.5965590766994],[0.187352828631539,51.5965523520552],[0.187363627948413,51.5967769757229],[0.187724270595183,51.5967702499874],[0.188084913094411,51.5967635231398],[0.188445555446075,51.5967567951802],[0.188806197650149,51.5967500661087],[0.188795390735363,51.5965254423584],[0.188784583968203,51.5963008186023],[0.189145222225741,51.5962940883775],[0.189134413706783,51.596069464595],[0.189123605335469,51.5958448408068],[0.189112797111798,51.5956202170128],[0.188752164552456,51.5956269472995],[0.188741358375777,51.5954023235203],[0.188730552346711,51.5951776997354],[0.189091181107376,51.5951709694076],[0.189080373326619,51.5949463455963],[0.189069565693495,51.5947217217793],[0.189058758208001,51.5944970979565],[0.189047950870135,51.5942724741279],[0.189408571886124,51.5942657426057],[0.189769192754476,51.5942590099716],[0.190129813475167,51.5942522762256],[0.190140626510707,51.5944769001159],[0.190501248982931,51.5944701652786],[0.190861871307442,51.5944634293294],[0.191222493484216,51.5944566922682],[0.19123331236518,51.5946813162145],[0.191593936293425,51.5946745780619],[0.191954560073881,51.5946678387975],[0.191965382901138,51.5948924627791],[0.192326008433034,51.5948857224233],[0.192686633817086,51.5948789809555],[0.193047259053272,51.5948722383758],[0.193058087726186,51.5950968624132],[0.193418714713751,51.5950901187421],[0.193779341553396,51.595083373959],[0.1937901741728,51.5953079980316],[0.194150802763792,51.5953012521571],[0.194511431206812,51.5952945051706],[0.194500594788829,51.5950698810571],[0.194139968245097,51.595076628064],[0.194129133874377,51.5948520039651],[0.194118299651628,51.5946273798605],[0.194107465576849,51.5944027557501],[0.194096631650036,51.5941781316339],[0.194457250596857,51.594171384545],[0.194446414918841,51.5939467604026],[0.194807031818515,51.5939400121814],[0.194796194389344,51.5937153880128],[0.19478535710818,51.5934907638384],[0.195145970061597,51.5934840144643],[0.195135131029348,51.5932593902637],[0.195124292145126,51.5930347660573],[0.195484901152368,51.5930280155305],[0.195495741935652,51.5932526397573],[0.195856352693909,51.5932458881391],[0.195845510011564,51.5930212638918],[0.195834667477292,51.5927966396388],[0.195823825091089,51.59257201538],[0.19546322002994,51.5925787670596],[0.195452379690792,51.5923541428155],[0.19544154098084,51.5921295188987],[0.195802142508948,51.5921227672408],[0.195791308092485,51.5918981446695],[0.195780473812625,51.591673522089],[0.196141071787042,51.5916667693929],[0.196130235935253,51.5914421468384],[0.196119400220081,51.5912175242748],[0.196479994640887,51.5912107705404],[0.196469157353852,51.5909861480028],[0.196829749929578,51.5909793931951],[0.196818911070723,51.5907547706835],[0.197179501801376,51.5907480148024],[0.197168661370745,51.5905233923169],[0.197529250256328,51.5905166353625],[0.197518408253968,51.590292012903],[0.197507566388304,51.5900673904344],[0.19786815172044,51.5900606324419],[0.19785730828311,51.5898360099993],[0.197496724659335,51.5898427679566],[0.197485883067059,51.5896181454698],[0.197125301014973,51.5896249022837],[0.197114461267705,51.5894002797526],[0.197103621657104,51.5891756572125],[0.197092782183164,51.5889510346632],[0.197453359110362,51.5889442779547],[0.197442518064832,51.5887196554314],[0.197431677155983,51.5884950328991],[0.197792250530061,51.5884882751525],[0.197781408049687,51.5882636526462],[0.198141979578903,51.5882568938264],[0.198131135527047,51.5880322713461],[0.198120291611909,51.5878076488567],[0.198480860367795,51.5878008888593],[0.198470014822852,51.5875762664261],[0.19883058383354,51.5875695050613],[0.198819736811363,51.5873448827115],[0.199180304083443,51.5873381203381],[0.19919115271355,51.5875627425918],[0.199202001474398,51.5877873648329],[0.199562571831659,51.5877806011627],[0.199923142058199,51.587773836388],[0.199933994165732,51.5879984584241],[0.200294565869497,51.5879916924486],[0.200305419715809,51.5882163143759],[0.200665992896795,51.5882095471997],[0.200676848481927,51.5884341690181],[0.201037423140131,51.5884274006411],[0.201397997667525,51.5884206311596],[0.201408856599544,51.588645252773],[0.20176943260413,51.5886384820906],[0.201780293275074,51.5888631035951],[0.202140870756847,51.588856331712],[0.202501448107744,51.5888495587243],[0.202512312125717,51.5890741800237],[0.202872890953776,51.5890674058352],[0.202883756710779,51.5892920270257],[0.203244337015996,51.5892852516363],[0.203604917190272,51.5892784751422],[0.203615786294443,51.5895030961276],[0.203976367945851,51.5894963184327],[0.203987238789155,51.5897209393092],[0.204347821917691,51.5897141604134],[0.204358694500173,51.5899387811809],[0.204719279105834,51.5899320010843],[0.205079863580464,51.5899252198829],[0.205090739510317,51.5901498404452],[0.205451325462046,51.590143058043],[0.205462203131182,51.5903676784963],[0.20547308093145,51.5905922989368],[0.205112491763359,51.5905990815314],[0.205123368086551,51.5908237020553],[0.205134244540859,51.5910483225664],[0.2054948369254,51.5910415397794],[0.205505715119084,51.5912661601815],[0.205516593443912,51.5914907805708],[0.205527471899886,51.5917154009473],[0.205538350487006,51.591940021311],[0.205549229205278,51.5921646416619],[0.205560115903127,51.5923892639163],[0.205571003103686,51.5926138862488],[0.205210399776187,51.5926206697796],[0.204849796319609,51.592627452206],[0.204489192733973,51.5926342335278],[0.204500075339636,51.5928588561503],[0.204139470050286,51.5928656364687],[0.204150351210308,51.5930902591792],[0.204161232499367,51.5933148818766],[0.204172113917465,51.593539504561],[0.204182995464604,51.5937641272323],[0.204193877140787,51.5939887498904],[0.204554490303828,51.5939819690669],[0.204543607052865,51.5937573465097],[0.204904218512076,51.5937505646827],[0.204915103337817,51.5939751871387],[0.205275716242734,51.5939684041061],[0.205264829842217,51.593743781751],[0.20562544104327,51.5937369977148],[0.205986052115212,51.5937302125741],[0.206346663058026,51.5937234263288],[0.206335772062363,51.5934988042639],[0.206324881195869,51.593274182186],[0.206685488860061,51.5932673950383],[0.206674596548027,51.5930427730484],[0.207035202508351,51.5930359848973],[0.20702430875082,51.5928113629953],[0.207013415122493,51.5925867410803],[0.207374017804297,51.5925799520269],[0.207363122730533,51.5923553301999],[0.207352229368639,51.5921307087495],[0.207341342608693,51.5919060888798],[0.207330455980004,51.5916814689973],[0.207319569482569,51.591456849102],[0.207308683116387,51.5912322291939],[0.207297796881454,51.591007609273],[0.207286910777769,51.5907829893393],[0.207647500767285,51.5907762000202],[0.208008090625598,51.5907694095963],[0.20799720143676,51.5905447898423],[0.208357789555654,51.59053799841],[0.208368680352688,51.5907626180677],[0.208729269948532,51.5907558254344],[0.208740162485091,51.5909804449829],[0.209100753557884,51.5909736511486],[0.20911164783401,51.5911982705881],[0.209122542241492,51.5914228900147],[0.209483136399482,51.5914160948831],[0.209494032546598,51.5916407142006],[0.209504928825096,51.5918653335054],[0.209865526068341,51.5918585370763],[0.209876424086539,51.5920831562719],[0.209887326862078,51.5923077766083],[0.20989823295824,51.5925323977273],[0.210258834605894,51.5925255998379],[0.210269742406065,51.5927502208426],[0.210280650335629,51.5929748418343],[0.209920045538673,51.592981639926],[0.209930952022948,51.5932062610057],[0.209570345521964,51.5932130580941],[0.209559440612375,51.5929884369132],[0.209198835556752,51.5929952327959],[0.208838230371826,51.5930020275741],[0.208849132132041,51.5932266489573],[0.208860034021567,51.5934512703274],[0.208499425557955,51.5934580642033],[0.208138816965075,51.5934648569748],[0.207778208242947,51.5934716486417],[0.207789105537582,51.5936962703021],[0.207428495111487,51.5937030609656],[0.207067884556183,51.5937098505245],[0.206707273871689,51.5937166389789],[0.206718166571288,51.5939412609296],[0.20672905940008,51.5941658828672],[0.206739952358067,51.5943905047917],[0.207100567766918,51.594383716034],[0.207111462428931,51.5946083378443],[0.207122357220164,51.5948329596415],[0.207133252140619,51.5950575814256],[0.206772632007218,51.5950643704867],[0.206412011744635,51.5950711584431],[0.20642290364453,51.5952957804164],[0.20606228167789,51.5953025673693],[0.205701659582104,51.5953093532176],[0.205341037357194,51.5953161379613],[0.20498041500318,51.5953229216004],[0.20461979252008,51.5953297041349],[0.204630676674556,51.5955543266005],[0.204270052487464,51.5955611081314],[0.203909428171326,51.5955678885576],[0.203920309304984,51.5957925112122],[0.203559683284866,51.5957992906349],[0.203548803726162,51.5955746678793],[0.20318817915199,51.5955814460963],[0.203177301297237,51.5953568232266],[0.202816678169016,51.595363600238],[0.202805802018173,51.5951389772542],[0.202445180335904,51.5951457530599],[0.202456054911829,51.5953703761447],[0.202095431525698,51.5953771509468],[0.202106304655636,51.5956017741195],[0.202117177914509,51.5958263972792],[0.201756551249547,51.5958331711786],[0.201395924455677,51.5958399439734],[0.201035297532919,51.5958467156636],[0.201046166195768,51.5960713391131],[0.201057034987494,51.5962959625495],[0.201417665060252,51.5962891906574],[0.201428535555887,51.5965138139798],[0.201067903908098,51.5965205859729],[0.200707272131435,51.5965273568613],[0.200718139605866,51.5967519803725],[0.200357506125291,51.5967587502572],[0.199996872515879,51.5967655190372],[0.199636238777649,51.5967722867124],[0.199647101655704,51.5969969105135],[0.200007736969014,51.5969901427373],[0.200018601550971,51.5972147664243],[0.200029466261752,51.5974393900982],[0.20004033110136,51.5976640137591],[0.200400971011216,51.5976572445753],[0.200411837554813,51.5978818681222],[0.200772478910985,51.5978750977327],[0.200783347158618,51.5980997211655],[0.200794215535125,51.5983243445853],[0.201154859912809,51.5983175728891],[0.201165729993416,51.5985421961948],[0.201176600202923,51.5987668194874],[0.201187470541331,51.5989914427669],[0.200826821437917,51.598998214766],[0.200837690329945,51.5992228381334],[0.200848559350858,51.5994474614878],[0.201209211604864,51.5994406892867],[0.201220082329993,51.599665312527],[0.201230953184032,51.5998899357542],[0.201591608459807,51.5998831622464],[0.201952263606654,51.5998763876337],[0.201941389601924,51.5996517646085],[0.202302043044482,51.5996449889921],[0.202312918624554,51.5998696119163],[0.202323794333602,51.6000942348274],[0.201963137740339,51.6001010106459],[0.201974012002982,51.600325633645],[0.202334670171628,51.6003188577255],[0.202345546576482,51.6005434806792],[0.202706206131089,51.600536703547],[0.202717086706643,51.6007613267946],[0.202356425408683,51.6007681039813],[0.202367304380008,51.6009927272732],[0.202727967421346,51.6009859500319],[0.202738848275197,51.6012105732589],[0.203099512920779,51.6012037948554],[0.203460177427182,51.6011970153442],[0.203471061907023,51.6014216384518],[0.203110395657201,51.6014284180176],[0.203121278532801,51.6016530411695],[0.202760610400357,51.6016598196821],[0.202771491671669,51.6018844428783],[0.202782373082142,51.6021090660642],[0.203143044701539,51.6021022874425],[0.203153927994683,51.6023269105636],[0.203164811427013,51.6025515336744],[0.203525486394262,51.6025447538359],[0.203536371709335,51.6027693768819],[0.203897048280921,51.602762595881],[0.20390793547878,51.6029872188621],[0.204268613654697,51.602980436699],[0.204279502735389,51.6032050596153],[0.204640182515634,51.6031982762898],[0.205000862156586,51.6031914918565],[0.20501175486377,51.6034161146533],[0.205372436109022,51.6034093290578],[0.205733117214935,51.6034025423544],[0.206093798181488,51.6033957545433],[0.206104696258874,51.603620377166],[0.20646537882967,51.6036135881926],[0.206476278790086,51.6038382107503],[0.206487178889909,51.6040628332978],[0.206847864808612,51.6040560431073],[0.20720855058788,51.604049251809],[0.207219454314492,51.6042738742368],[0.20723035818056,51.6044984966545],[0.207241262186089,51.6047231190618],[0.20725216633108,51.6049477414588],[0.207263070615535,51.6051723638456],[0.207273975039456,51.605396986222],[0.206913278797714,51.6054037778483],[0.20692418161728,51.6056284002691],[0.206935084576294,51.6058530226797],[0.20694598767476,51.60607764508],[0.206956890912679,51.60630226747],[0.207317594129855,51.6062954756251],[0.207678297207551,51.6062886826724],[0.207667390481848,51.6060640603917],[0.208028091676152,51.6060572663858],[0.208388792730933,51.606050471272],[0.208749493646166,51.6060436750504],[0.208760405603526,51.606268297167],[0.208771317700455,51.6064929192734],[0.208410613297431,51.6064997156044],[0.208421523790003,51.6067243377551],[0.208432434422127,51.6069489598956],[0.208443345193802,51.6071735820258],[0.208454256105036,51.6073982041457],[0.208093544586602,51.6074049995876],[0.208104453893372,51.6076296217519],[0.207743740491375,51.6076364161406],[0.20738302694986,51.6076432094214],[0.207022313268849,51.6076500015942],[0.20703321748301,51.6078746239123],[0.206672501918473,51.6078814150319],[0.206311786214483,51.6078882050436],[0.205951070371063,51.6078949939473],[0.205590354388235,51.6079017817432],[0.205229638266022,51.6079085684311],[0.204868922004447,51.607915354011],[0.204508205603532,51.6079221384831],[0.204519097748577,51.6081467611733],[0.204529990032939,51.6083713838532],[0.204890709922059,51.6083645992719],[0.204901604089876,51.608589221887],[0.205262325583785,51.6085824361431],[0.205273221635103,51.6088070586933],[0.205284117599455,51.6090316807627],[0.205295013672707,51.6092563027438],[0.205305909894536,51.6094809247178],[0.205316806264944,51.6097055466848],[0.205327702783935,51.6099301686447],[0.20568843534595,51.6099233817388],[0.205699333910029,51.6101480036903],[0.205710232622721,51.6103726256347],[0.205721131484025,51.6105972475721],[0.205732030493946,51.6108218695024],[0.205742929652486,51.6110464914257],[0.205753828959648,51.6112711133419],[0.205764728415433,51.6114957352511],[0.206125474104858,51.6114889472243],[0.20648621964563,51.6114821580863],[0.206846965037721,51.611475367837],[0.20685787033214,51.611699989735],[0.207218617472191,51.611693198373],[0.207229524811998,51.6119178202625],[0.20686877577526,51.6119246116259],[0.206879681367084,51.6121492335097],[0.206890587107616,51.6123738553865],[0.206901492996857,51.6125984772563],[0.206540738121192,51.6126052675125],[0.206551642262358,51.6128298893766],[0.206190885341213,51.6128366785229],[0.206201787734256,51.6130613003813],[0.206212690275967,51.6132859222326],[0.20622359296635,51.6135105440769],[0.206584355578009,51.6135037549265],[0.206945118040967,51.6134969646647],[0.206956024673793,51.6137215864991],[0.207316788884905,51.6137147951246],[0.207677552947262,51.6137080026386],[0.207666642520675,51.613483380807],[0.208027404537376,51.6134765872111],[0.208388166405277,51.6134697925038],[0.208399080625613,51.6136944143327],[0.208759844241557,51.6136876185126],[0.20874892812435,51.6134629966852],[0.208738012155987,51.6132383748508],[0.208377252333759,51.613245170668],[0.208366338411059,51.613020548825],[0.208005580336833,51.6130273435294],[0.207994668459747,51.612802721678],[0.207633912133529,51.6128095152697],[0.20762300230201,51.6125848934098],[0.207983756731449,51.6125780998195],[0.207972845151935,51.612353477954],[0.207961933721203,51.6121288560814],[0.20760118308525,51.6121356496689],[0.207590273700004,51.6119110277878],[0.207951022439251,51.6119042342018],[0.208311771029714,51.6118974395045],[0.208672519471369,51.6118906436959],[0.208683434546727,51.6121152655727],[0.209044184736249,51.6121084686513],[0.20940493477691,51.6121016706186],[0.209415853794539,51.6123262924855],[0.209426772961047,51.6125509143453],[0.209787526646284,51.6125441151984],[0.20979844785844,51.6127687370496],[0.210159203291524,51.61276193679],[0.210170126549376,51.6129865586327],[0.210181049956163,51.6132111804684],[0.210541809033901,51.6132043790944],[0.210552734486459,51.6134290009216],[0.210563660087981,51.6136536227417],[0.210202897216552,51.6136604241186],[0.210213821070159,51.6138850459331],[0.210224745072711,51.6141096677406],[0.210235669224211,51.614334289541],[0.209874900513103,51.614341089811],[0.209885822916596,51.6145657116058],[0.209896745469017,51.6147903333936],[0.20990766817037,51.6150149551743],[0.210268442572423,51.6150081548999],[0.210279367319739,51.6152327766721],[0.210640143469851,51.6152259752848],[0.211000919470968,51.6152191727861],[0.210989990929599,51.6149945510169],[0.210979062537237,51.6147699292406],[0.211339834595312,51.6147631256335],[0.211700606504348,51.6147563209149],[0.211689674467045,51.6145316991345],[0.212050444330047,51.6145248933061],[0.21203951054485,51.6143002715202],[0.212028576908724,51.6140756497272],[0.21238934282878,51.6140688427904],[0.212378407444828,51.6138442209919],[0.212367472209967,51.6136195991864],[0.21272823418716,51.6136127911412],[0.212717297204544,51.6133881693302],[0.213078057135771,51.6133813601751],[0.213088996015226,51.6136059819847],[0.213449757694141,51.6135991717167],[0.213460698619594,51.6138237935177],[0.213821462046192,51.6138169821368],[0.21383240501769,51.6140416039291],[0.214193170191966,51.6140347914353],[0.214553935217011,51.6140279778301],[0.214564882131505,51.6142525996122],[0.214925648904194,51.6142457848941],[0.215286419058085,51.614238969636],[0.215275468186276,51.614014347839],[0.215636237993977,51.6140075317601],[0.215625285367888,51.6137829099689],[0.215986053121829,51.613776092793],[0.216346820725982,51.6137692745063],[0.216707588180326,51.613762455109],[0.217068355484834,51.6137556346011],[0.217079315726901,51.6139802563378],[0.217440084785537,51.6139734347055],[0.217451047081457,51.6141980564208],[0.217462009527245,51.6144226781283],[0.217472972122904,51.614647299828],[0.217833746743753,51.6146404770442],[0.218194521214683,51.6146336531497],[0.218205487768377,51.6148582748144],[0.217844711393368,51.6148650987225],[0.217483934868437,51.61487192152],[0.217494897763846,51.6150965432041],[0.217505860809132,51.6153211648805],[0.217145080326059,51.6153279865945],[0.216784299693109,51.6153348071978],[0.216773340456092,51.6151101854942],[0.217134119184907,51.6151033649045],[0.217123158193607,51.6148787432067],[0.21711219735216,51.6146541215012],[0.216751422431544,51.6146609420636],[0.216740463644009,51.6144363203366],[0.216379690477613,51.6144431397748],[0.216390647361083,51.6146677615154],[0.2160298721408,51.6146745798564],[0.215669096770722,51.6146813970868],[0.215658143695391,51.614456775319],[0.215297370079616,51.6144635914251],[0.214936597864853,51.6144704066675],[0.214575829195241,51.6144772213873],[0.214586776408219,51.6147018431553],[0.214226005692395,51.6147086567652],[0.214236951157645,51.6149332785277],[0.213876178395606,51.6149400910278],[0.213515405484351,51.6149469024164],[0.213526347304819,51.615171524175],[0.213165572347367,51.6151783344537],[0.213176512419983,51.6154029562068],[0.213537289274466,51.6153961459265],[0.213548231393293,51.615620767671],[0.213187452641755,51.6156275779528],[0.213198393012686,51.6158521996918],[0.213209333532781,51.6160768214237],[0.21284855083788,51.6160836305972],[0.212859489610009,51.6163082523236],[0.212498704868821,51.6163150603871],[0.212509641892935,51.6165396821079],[0.212148855105456,51.6165464890615],[0.212159790381507,51.6167711107768],[0.212170725806658,51.6169957324851],[0.212181661672205,51.6172203542378],[0.212542454130314,51.6172135472808],[0.212553393240834,51.6174381692646],[0.212564332507351,51.6176627912441],[0.212925128830279,51.6176559832633],[0.212936070263249,51.6178806052839],[0.213296868440581,51.617873796234],[0.213307812040056,51.6180984182956],[0.213668612071787,51.6180916081766],[0.213679557837816,51.6183162302793],[0.214040359723939,51.6183094190911],[0.214051307656574,51.6185340412348],[0.21369050375993,51.6185408523777],[0.213329699707175,51.6185476624062],[0.213340643774824,51.6187722844552],[0.213351587998535,51.6189969064999],[0.213362532378313,51.6192215285405],[0.213001722137739,51.6192283373188],[0.213012664662956,51.6194529593098],[0.212651852255683,51.6194597669284],[0.212291039692367,51.6194665734325],[0.211930226973035,51.6194733788221],[0.211569414097714,51.6194801830973],[0.211580348736332,51.619704804903],[0.211591283530899,51.6199294267044],[0.211602218481416,51.6201540485017],[0.211963037388809,51.6201472443624],[0.211973974506021,51.6203718662007],[0.212334795268155,51.6203650609923],[0.212345734552111,51.6205896828717],[0.212706557168979,51.620582876594],[0.21271749861973,51.6208074985146],[0.213078323091326,51.6208006911677],[0.213439147406836,51.6207938827063],[0.213799971566235,51.6207870731305],[0.214160795569494,51.6207802624401],[0.214521619416589,51.6207734506352],[0.214882443107493,51.6207666377159],[0.215243269736427,51.6207598237896],[0.215232314032397,51.6205352015627],[0.21559314096936,51.6205283865959],[0.215582183395833,51.6203037643488],[0.215571225979508,51.6200791420956],[0.215560268720384,51.6198545198363],[0.215549311618458,51.6196298975709],[0.215538354673726,51.6194052752994],[0.215527397886187,51.6191806530217],[0.215516441255837,51.618956030738],[0.215505484782673,51.6187314084482],[0.215494528466694,51.6185067861523],[0.215855337007258,51.6184999699458],[0.215844378822013,51.6182753476297],[0.216205185178895,51.6182685302965],[0.216194225124436,51.6180439079602],[0.215833420793973,51.6180507253074],[0.215822462923134,51.6178261029791],[0.215461660461832,51.617832919228],[0.215100857843327,51.6178397343643],[0.215089904182428,51.6176151120581],[0.215078950678675,51.6173904897458],[0.215067997401255,51.6171658674462],[0.215428794017291,51.6171590522878],[0.215417841198888,51.6169344305921],[0.215406888530237,51.6167098088885],[0.215767681187841,51.6167029926466],[0.216128473695652,51.6166961752938],[0.216139430172932,51.6169207969701],[0.216500224435233,51.616913978493],[0.216511182966651,51.617138600148],[0.216871978983437,51.6171317805465],[0.216861018547687,51.6169071589051],[0.217221812510269,51.6169003382065],[0.217582606322956,51.616893516397],[0.217593570567363,51.6171181380111],[0.217954366134451,51.6171113150773],[0.218315161551591,51.6171044910326],[0.218326132109365,51.617329113215],[0.218686929259405,51.617322288038],[0.218697903026505,51.6175469104912],[0.218708876951005,51.6177715329383],[0.219069677996271,51.6177647066769],[0.219430478884065,51.6177578793031],[0.219419500906878,51.617533256828],[0.219780299610837,51.6175264283276],[0.220141098157273,51.6175195987147],[0.220130116284913,51.6172949762054],[0.220119136387179,51.6170703541477],[0.2204799309041,51.6170635234383],[0.220490912647493,51.6172881454661],[0.220851708852501,51.6172813136143],[0.220862694777476,51.6175059361515],[0.221223492851188,51.6174991032012],[0.221234480960043,51.6177237257464],[0.221595280902453,51.6177168916975],[0.221956080687205,51.6177100565362],[0.221945088525702,51.6174854339631],[0.222305886126449,51.6174785976753],[0.222294892096281,51.6172539750821],[0.222283901236359,51.61702935323],[0.222644694852167,51.617022515856],[0.222633703947448,51.6167978944337],[0.222622713192968,51.6165732730036],[0.222611722588725,51.6163486515658],[0.222972510341467,51.6163418131223],[0.222961517983241,51.6161171916904],[0.223322303681481,51.6161103521499],[0.223311309569322,51.615885730724],[0.22330031560744,51.6156611092903],[0.222939533717553,51.6156679488032],[0.222578751677385,51.6156747872054],[0.22256776167406,51.6154501657364],[0.222556771820958,51.6152255442596],[0.222917550052866,51.615218705885],[0.222906558445891,51.6149940844142],[0.222895566989159,51.6147694629355],[0.223256341262631,51.6147626234777],[0.223245348052095,51.6145380020051],[0.223234354991821,51.6143133805247],[0.223223362081805,51.6140887590365],[0.223212369322046,51.6138641375405],[0.223573135829205,51.6138572970272],[0.223562141315756,51.6136326755372],[0.223551146952583,51.6134080540394],[0.223540152739682,51.6131834325338],[0.223529158677051,51.6129588110205],[0.223518164764688,51.6127341894993],[0.223507171002589,51.6125095679704],[0.223496177390754,51.6122849464337],[0.22313542421069,51.6122917868506],[0.223124432652887,51.6120671652923],[0.222763681226333,51.6120740045849],[0.222752691722515,51.611849383005],[0.222741702368904,51.6116247614174],[0.222380954599594,51.6116315995718],[0.222369967299892,51.6114069779627],[0.222730713165496,51.611400139822],[0.222719724112289,51.6111755182188],[0.22270873520928,51.6109508966078],[0.223069477117317,51.6109440573841],[0.223430218875103,51.6109372170499],[0.223790960482611,51.6109303756051],[0.223779966018914,51.6107057540277],[0.224140705572499,51.6106989114862],[0.224129709355467,51.6104742899148],[0.224118713288725,51.6102496683355],[0.224479448884817,51.6102428247111],[0.224468451064811,51.6100182031379],[0.224829184607015,51.6100113584168],[0.224818185033795,51.6097867368497],[0.225178916522115,51.6097798910319],[0.225167915195729,51.6095552694708],[0.225156914019694,51.6093306479018],[0.225517641550667,51.6093238010012],[0.225528644630169,51.6095484225563],[0.225539647860045,51.6097730441036],[0.225550651240299,51.6099976656432],[0.225189917998853,51.6100045125852],[0.225200919625945,51.6102291341308],[0.224840184330565,51.6102359799762],[0.224851184204449,51.6104606015278],[0.224490446855131,51.6104674462766],[0.224501444975758,51.6106920678342],[0.224512443246698,51.610916689384],[0.224523441667957,51.6111413109261],[0.224534440239534,51.6113659324603],[0.224545438961434,51.6115905539868],[0.224556437833657,51.6118151755055],[0.224567436856209,51.6120397970164],[0.22457843602909,51.6122644185195],[0.224589435352304,51.6124890400148],[0.224600434825854,51.6127136615023],[0.224961191212197,51.6127068166154],[0.225321947448143,51.6126999706179],[0.225682703533667,51.6126931235098],[0.226043459468744,51.6126862752911],[0.22605446670796,51.6129108967155],[0.226065474097612,51.6131355181321],[0.226076481637704,51.613360139541],[0.22643724313386,51.6133532901701],[0.226448252728292,51.6135779115573],[0.226459262473194,51.6138025329367],[0.226820027626661,51.6137956824275],[0.22683103942598,51.6140203037853],[0.226470272368569,51.6140271543083],[0.226481282414419,51.6142517756722],[0.226120513302526,51.6142586250985],[0.226131521594857,51.6144832464684],[0.225770750428475,51.6144900947978],[0.225781756967239,51.6147147161738],[0.225792763656438,51.6149393375419],[0.225803770496073,51.6151639589023],[0.225442993467076,51.6151708061626],[0.225453998553052,51.615395427529],[0.225465003789446,51.6156200488877],[0.225476009176259,51.6158446702385],[0.225115226284438,51.6158515164296],[0.224754443242183,51.6158583615099],[0.22439366004952,51.6158652054796],[0.224404659874228,51.6160898268641],[0.224043874627,51.6160966697368],[0.224054872697856,51.6163212911273],[0.224065870919044,51.61654591251],[0.224426659974707,51.6165390696097],[0.224787448879978,51.6165322255987],[0.224798451060004,51.616756846946],[0.225159241719106,51.6167500018104],[0.225520032227764,51.616743155564],[0.225880822585954,51.6167363082069],[0.22624161279365,51.6167294597389],[0.226252622741134,51.6169540810232],[0.226613414702573,51.6169472314306],[0.226974206513464,51.6169403807273],[0.227334998173784,51.6169335289132],[0.227695789683508,51.6169266759884],[0.228056581042611,51.6169198219527],[0.228045561573841,51.6166952007379],[0.228406350878049,51.6166883456054],[0.228395329655658,51.6164637243966],[0.228384308583891,51.6162391031801],[0.22874509392901,51.6162322469646],[0.228734071103691,51.6160076257542],[0.22909485439395,51.6160007684419],[0.229083829815129,51.6157761472377],[0.229072805386972,51.6155515260256],[0.229433584718257,51.6155446676304],[0.229422558536667,51.6153200464245],[0.229411532505761,51.6150954252107],[0.229772307878155,51.6150885657327],[0.229761280093887,51.6148639445252],[0.229750252460322,51.6146393233098],[0.229739224977457,51.6144147020866],[0.230099994487049,51.6144078415397],[0.230088965250913,51.6141832203227],[0.230449732705771,51.6141763586791],[0.230438701716413,51.6139517374683],[0.230799467116542,51.613944874728],[0.231160232365861,51.613938010877],[0.231520997464343,51.6139311459154],[0.231509960913989,51.6137065247387],[0.231870733150676,51.6136996612827],[0.231859694283965,51.6134750399531],[0.231848655559824,51.6132504186134],[0.231837616978252,51.6130257972635],[0.231826578539246,51.6128011759034],[0.231465816220658,51.6128080399539],[0.231454780424335,51.6125834187382],[0.231443744778811,51.6123587975147],[0.23108299300719,51.6123656623785],[0.230722241084751,51.6123725261316],[0.230711209397506,51.6121479048724],[0.230700177861005,51.6119232836054],[0.231060925975982,51.6119164198802],[0.231049892686529,51.6116917986193],[0.231410638747002,51.6116849337975],[0.231399603704646,51.6114603125429],[0.231388568813075,51.6112356912805],[0.231377534072287,51.6110110700102],[0.231366499482279,51.6107864487322],[0.231355465043049,51.6105618274464],[0.230994728500673,51.6105686921984],[0.230983696115764,51.6103440708908],[0.230972663881603,51.6101194495754],[0.230961631798189,51.6098948282522],[0.23132236263,51.6098879635422],[0.231683093310997,51.6098810977217],[0.232043844930984,51.6098742367779],[0.232054883285327,51.6100988582173],[0.232415638037646,51.6100919965397],[0.232426678303035,51.6103166179155],[0.232787434681214,51.6103097550765],[0.232798476857693,51.6105343763888],[0.232809519176781,51.610758997691],[0.233170278949344,51.6107521336372],[0.233181323179594,51.6109767548758],[0.233542084578028,51.6109698896606],[0.233553130719487,51.6111945108356],[0.233913893743786,51.6111876444589],[0.234274656625355,51.6111807769741],[0.234285706446659,51.6114053980322],[0.234646470954062,51.6113985293859],[0.235007235318688,51.6113916596314],[0.235367999540511,51.6113847887688],[0.23572876361951,51.611377916798],[0.235717706723866,51.6111532959534],[0.236078468891439,51.6111464229279],[0.236067410370037,51.6109218021266],[0.236056351991455,51.6106971813149],[0.236417110479076,51.6106903072882],[0.23677786882381,51.6106834321533],[0.236788930739453,51.610908052858],[0.237149690709805,51.6109011765616],[0.237510450537223,51.610894299157],[0.237521516132825,51.6111189197447],[0.237160754536859,51.6111257972027],[0.237171818506804,51.6113504178336],[0.236811054999332,51.6113572942369],[0.236822117343575,51.6115819149111],[0.23683317983069,51.611806535575],[0.237193946875375,51.6117996590649],[0.237554713777115,51.6117927814465],[0.237915480535889,51.6117859027201],[0.237926548471793,51.6120105232135],[0.23828731685621,51.6120036433254],[0.238648085097613,51.6119967623292],[0.239008853195977,51.6119898802248],[0.239019926580786,51.6122145005476],[0.239380696304739,51.6122076172816],[0.239391771601237,51.6124322375406],[0.239752542950773,51.612425353113],[0.240113314157197,51.6124184675771],[0.24012439313412,51.612643087719],[0.240485165966097,51.6126362010214],[0.240496246854819,51.6128608210996],[0.240857021312345,51.6128539332403],[0.241217795626686,51.6128470442729],[0.241578569797818,51.6128401541973],[0.241589656135841,51.6130647741046],[0.241950431932466,51.6130578828673],[0.242311207585835,51.6130509905217],[0.242322297604535,51.6132756103118],[0.242683074883367,51.6132687168045],[0.243043852018894,51.613261822189],[0.243404629011095,51.6132549264653],[0.243765405859945,51.6132480296334],[0.243754308766296,51.6130234100577],[0.243743211815971,51.6127987904718],[0.24410398498401,51.6127918926389],[0.244092886408322,51.6125672730964],[0.244453657664286,51.612560374209],[0.244814428776838,51.6125534742133],[0.244803326807176,51.6123288547679],[0.24516409600764,51.6123219537177],[0.245524865064649,51.6123150515594],[0.245513759701112,51.612090432211],[0.245502654481003,51.6118658128523],[0.24514188896123,51.6118727149034],[0.245130785653132,51.6116480954809],[0.245119682488437,51.6114234760481],[0.244758920362365,51.6114303768838],[0.24474781910961,51.6112057573872],[0.244736718000228,51.6109811378804],[0.244375959267797,51.6109880375007],[0.244364860070284,51.6107634179301],[0.244725617034219,51.6107565183634],[0.244714516211577,51.6105318988362],[0.244703415532303,51.6103072792988],[0.244342662105295,51.6103141787582],[0.2439819085349,51.6103210771095],[0.243621154821141,51.6103279743528],[0.243260400964041,51.6103348704879],[0.242899646963623,51.610341765515],[0.242538892819911,51.610348659434],[0.242527802894608,51.6101240395648],[0.242516713112529,51.6098994196854],[0.242505623473672,51.6096747997958],[0.242866372312132,51.6096679060375],[0.242855281048122,51.6094432861912],[0.242494533978033,51.6094501798959],[0.242483444625613,51.6092255599859],[0.242472355416406,51.6090009400656],[0.242833098949819,51.608994046468],[0.24282201439561,51.6087694282547],[0.242810943636352,51.6085448136474],[0.242799873012452,51.6083201990278],[0.243160612010583,51.6083133047257],[0.243149539881822,51.6080886901817],[0.243138467888439,51.6078640756254],[0.243499203470841,51.6078571803933],[0.243488129972659,51.6076325659125],[0.243477056609869,51.6074079514194],[0.243837788776618,51.6074010552574],[0.243826713909095,51.6071764408399],[0.243815639176979,51.6069518264101],[0.243454910290457,51.6069587223963],[0.243443837333831,51.6067341078663],[0.243804564580272,51.606727211968],[0.244165291691364,51.6067203149639],[0.244154215590004,51.6064957005974],[0.244514940925671,51.6064888025755],[0.244526018667085,51.6067134168541],[0.244537096543949,51.6069380311203],[0.244897825024353,51.6069311318167],[0.245258553369344,51.6069242314073],[0.245247472212336,51.606699617317],[0.245236391190818,51.6064750032143],[0.245225310304789,51.6062503890993],[0.245214229554247,51.606025774972],[0.24520314893919,51.6058011608324],[0.245563868948614,51.605794259757],[0.245924588822593,51.6057873575759],[0.246285308561107,51.6057804542891],[0.246646028164134,51.6057735498964],[0.24665711533911,51.6059981636841],[0.247017836446602,51.6059912580978],[0.247378557418564,51.6059843514056],[0.247389648009099,51.606208965005],[0.247750370485499,51.6062020571191],[0.248111092826325,51.6061951481274],[0.24809999895581,51.6059705347041],[0.248088905220953,51.6057459212685],[0.248077811621751,51.6055213078205],[0.248066718158203,51.6052966943602],[0.248055624830306,51.6050720808875],[0.248416340183979,51.6050651716208],[0.248405245012676,51.604840558126],[0.248394149976308,51.6046159446183],[0.248383055074871,51.6043913310979],[0.248743775111273,51.604384423822],[0.248732678716869,51.6041598103841],[0.248721582457414,51.6039351969334],[0.248710486332905,51.6037105834699],[0.249071201350798,51.6037036753746],[0.24908229910316,51.6039282887428],[0.249443015614004,51.603921379447],[0.249454115129205,51.604145992707],[0.249814833132995,51.6041390822107],[0.250175551001838,51.6041321706091],[0.250186653907813,51.6043567836657],[0.250547373269575,51.6043498708635],[0.250908092496346,51.6043429569561],[0.250919198793173,51.6045675698092],[0.251279919512837,51.6045606547012],[0.251291027572673,51.6047852674462],[0.251651749785226,51.6047783511376],[0.252012471862721,51.6047714337237],[0.252001360547043,51.6045468211695],[0.252362080861542,51.6045399027458],[0.252350968053113,51.6043152902742],[0.252339855379852,51.6040906777899],[0.252700572303486,51.6040837584517],[0.252689458137539,51.60385914605],[0.252678344106775,51.6036345336354],[0.253039057639618,51.6036276133829],[0.25302794211623,51.6034030010509],[0.253016826728041,51.6031783887062],[0.25337753687017,51.6031714675392],[0.253366419989419,51.6029468552771],[0.253727128368643,51.6029399331005],[0.253716009995373,51.602715320921],[0.25370489175734,51.6024907087286],[0.254065596745953,51.6024837856377],[0.254054477015462,51.602259173528],[0.254415180241204,51.6022522494273],[0.254404059018301,51.6020276374003],[0.25439293793067,51.6018030253605],[0.25438181697831,51.6015784133078],[0.254021118635507,51.6015853371222],[0.254009999446019,51.6013607249613],[0.25364930259565,51.6013676475752],[0.253288605610133,51.6013745690839],[0.25327748981106,51.6011499567194],[0.252916794318004,51.6011568770276],[0.252556098689844,51.6011637962307],[0.252544986281106,51.6009391836626],[0.252184292145435,51.6009461016652],[0.252173181499401,51.600721488989],[0.251812488856221,51.6007284057911],[0.251451796078003,51.6007353214882],[0.251440688822164,51.6005107086084],[0.251079997536465,51.600517623105],[0.250719306115773,51.6005245364965],[0.250708208669701,51.6002999252568],[0.250697111883601,51.6000753141548],[0.250686015241733,51.5998507030424],[0.250325328786232,51.5998576150954],[0.249964642186629,51.5998645260409],[0.249603955442947,51.5998714358789],[0.249243268555208,51.5998783446094],[0.249232179163378,51.5996537332627],[0.248871493908065,51.5996606408298],[0.248860406436805,51.5994360294168],[0.248499722813921,51.5994429358204],[0.248139046138206,51.5994498432258],[0.248127962651194,51.5992252317775],[0.247767291393809,51.5992321391476],[0.247756209749501,51.5990075276122],[0.247395540055856,51.5990144338005],[0.247384460254208,51.598789822178],[0.247023792124308,51.5987967271846],[0.247012714165275,51.5985721154751],[0.246652047599124,51.5985790192999],[0.246640971482662,51.5983544075033],[0.246280306480266,51.5983613101465],[0.245919641338547,51.5983682116834],[0.245908568767691,51.5981435997242],[0.245547905189754,51.5981505000795],[0.245187241472541,51.5981573993286],[0.24517617244721,51.5979327872069],[0.244815510293808,51.5979396852743],[0.244454848001176,51.5979465822355],[0.244443782521287,51.5977219699513],[0.244083121792495,51.5977288657309],[0.244072058154939,51.5975042533598],[0.24371139898999,51.5975111479577],[0.243350739685882,51.5975180414494],[0.243339679593622,51.5972934289159],[0.242979021853387,51.597300321226],[0.24296796360335,51.5970757086055],[0.242607307426992,51.5970825997341],[0.242596251019134,51.5968579870267],[0.24258519475046,51.5966333743077],[0.242224541840933,51.5966402641793],[0.24221348741437,51.5964156513734],[0.241852836068708,51.5964225400634],[0.241841783484209,51.5961979271706],[0.241481133702418,51.5962048146791],[0.241120483781613,51.5962117010815],[0.241109434742024,51.5959870880264],[0.240748786385118,51.5959939732472],[0.240737739187483,51.5957693601052],[0.240377092394481,51.5957762441446],[0.240016445462534,51.5957831270779],[0.240005401809663,51.5955585137736],[0.239644756441649,51.5955653955255],[0.239633714630625,51.5953407821344],[0.239273070826547,51.5953476627047],[0.238912426883595,51.595354542169],[0.238901388617188,51.5951299286157],[0.2385407462382,51.5951368068986],[0.238529709813531,51.5949121932585],[0.238169068998514,51.5949190703599],[0.238158034415538,51.594694456633],[0.238518673527781,51.5946875796068],[0.238879312501201,51.5946807014745],[0.238890350489724,51.5949053150509],[0.239250991027069,51.5948984357372],[0.239611631425545,51.5948915553175],[0.239622672958591,51.5951161687317],[0.239983314920964,51.5951092871305],[0.240343956744423,51.5951024044232],[0.240332911805804,51.5948777911597],[0.239972271685131,51.5948846737916],[0.239961228588305,51.5946600604412],[0.239950185630485,51.5944354470792],[0.239589548776408,51.5944423284544],[0.239578507660311,51.5942177150056],[0.23921787237007,51.5942245951994],[0.239206833095652,51.5939999816637],[0.238846199369253,51.5940068606761],[0.238835161936469,51.5937822470536],[0.238824124642615,51.5935576334195],[0.238463494182722,51.5935645111753],[0.238452458730433,51.5933398974544],[0.238813087487687,51.5933330197738],[0.238802050471683,51.5931084061166],[0.238791013594602,51.5928837924479],[0.238430388242558,51.5928906699778],[0.238419353206968,51.5926660562223],[0.238058729418694,51.5926729325709],[0.237698105491641,51.5926798078136],[0.23733748142583,51.5926866819502],[0.237326451636797,51.5924620679573],[0.237315421986591,51.5922374539528],[0.237304393311686,51.5920128401338],[0.237665012274428,51.592005966225],[0.237653982318574,51.5917813525375],[0.237642952504081,51.591556738839],[0.238003567838479,51.5915498639573],[0.237992536421836,51.5913252503146],[0.237981505146569,51.5911006366609],[0.237970474012679,51.5908760229961],[0.237959443020161,51.5906514093204],[0.237948412169014,51.5904267956336],[0.237587805551922,51.5904336701809],[0.237576776585536,51.5902090564163],[0.237216171570593,51.5902159297904],[0.237205144488923,51.5899913159478],[0.23719411754857,51.5897667020943],[0.237183090749532,51.5895420882296],[0.237543690534424,51.589535215056],[0.237904290178079,51.589528340776],[0.237893260033746,51.5893037270341],[0.23788223003077,51.5890791132811],[0.237521633873699,51.5890859874274],[0.237161037575394,51.5890928604674],[0.237172064091807,51.589317474354],[0.236811465909008,51.5893243463544],[0.236800441135879,51.5890997324009],[0.236789416504035,51.5888751184364],[0.237150011200287,51.5888682465697],[0.237138984966487,51.588643632661],[0.236778392013474,51.5886505044609],[0.236767367664193,51.5884258904743],[0.236406776313217,51.588432761101],[0.236417798919277,51.5886573751544],[0.236428821666596,51.5888819891967],[0.236439844555176,51.5891066032281],[0.236079247833309,51.5891134729488],[0.236090269119861,51.5893380870359],[0.235729670513559,51.5893449557171],[0.235718650970298,51.5891203415632],[0.235358053966168,51.5891272090711],[0.234997456820939,51.5891340754727],[0.234636859534637,51.5891409407679],[0.234625845362414,51.5889163264026],[0.234265249678338,51.5889231905246],[0.233904653853233,51.5889300535402],[0.233893643308675,51.5887054390304],[0.233882632905215,51.5884808245095],[0.234243225243825,51.5884739616274],[0.234232213238248,51.5882493471624],[0.23422120137379,51.5880247326862],[0.234581790084977,51.5880178688313],[0.234570776618467,51.5877932544109],[0.234559763293092,51.5875686399795],[0.23454875010885,51.587344025537],[0.234909333449575,51.587337160776],[0.234898318663367,51.5871125463894],[0.23488730401831,51.5868879319916],[0.235247883731816,51.5868810662579],[0.235236867484859,51.5866564519159],[0.23522585137907,51.5864318375629],[0.234865275151636,51.5864387031631],[0.234854260930015,51.5862140887324],[0.235214835414447,51.5862072231989],[0.235203819590987,51.5859826088239],[0.235564392191377,51.5859757422509],[0.235575409757813,51.5862003565592],[0.23593598396009,51.5861934888131],[0.236296558021256,51.5861866199608],[0.236307579214872,51.5864112341244],[0.236668154877896,51.586404364099],[0.23667917795576,51.5866289781848],[0.237039755220639,51.5866221069863],[0.237400332344334,51.5866152346815],[0.237760909326823,51.5866083612704],[0.237749881019928,51.5863837473851],[0.238110456118183,51.5863768729345],[0.238099426209628,51.586152259105],[0.238459999423654,51.586145383615],[0.238448967913488,51.5859207698414],[0.238437936544686,51.5856961560567],[0.238798506131554,51.5856892795941],[0.238787473161204,51.5854646658652],[0.238426905317246,51.5854715422609],[0.238415874231166,51.5852469284541],[0.238055307988837,51.5852538036767],[0.237694741605269,51.5852606777931],[0.237683714146284,51.5850360638416],[0.237672686828608,51.5848114498791],[0.237661659652241,51.5845868359055],[0.238022220807267,51.5845799619897],[0.238011192029403,51.584355348072],[0.2383717513004,51.5843484731168],[0.238360720921085,51.5841238592548],[0.238000163392864,51.5841307341432],[0.237639605723418,51.5841376079253],[0.237650632617178,51.5843622219209],[0.237290073063749,51.5843690946637],[0.236929513369138,51.5843759663003],[0.236918489960943,51.584151352171],[0.236557931867958,51.5841582226346],[0.23619737363384,51.584165091992],[0.23618635385243,51.5839404777181],[0.236175334211128,51.583715863433],[0.236164314710398,51.5834912491369],[0.235803761570331,51.5834981171924],[0.235443208288907,51.5835049841415],[0.235082654866148,51.5835118499842],[0.235071640748432,51.5832872354861],[0.234711088931545,51.5832941001587],[0.234350536973373,51.583300963725],[0.233989984873936,51.583307826185],[0.233629432633258,51.5833146875385],[0.233618425645606,51.5830900727748],[0.233978976139116,51.5830832114849],[0.233967967545632,51.5828585967739],[0.233956959093481,51.5826339820522],[0.23394595078266,51.5824093673196],[0.233934942613168,51.5821847525762],[0.234295485977002,51.5821778904347],[0.234284476201784,51.5819532757441],[0.234273466567912,51.5817286610427],[0.234634006296417,51.5817217979223],[0.234994545883652,51.5817149336957],[0.235355085329595,51.5817080683627],[0.23534407059606,51.5814834538416],[0.235704608153691,51.5814765874661],[0.235693591814592,51.5812519729979],[0.236054127483915,51.5812451055798],[0.236043109539295,51.5810204911645],[0.236403643320317,51.5810136227039],[0.236414663011884,51.5812382370555],[0.236775198398475,51.5812313674248],[0.236786219978483,51.5814559817018],[0.236797241699994,51.581680595968],[0.236808263563007,51.5819052102233],[0.23716880404916,51.5818983392951],[0.237529344393884,51.5818914672606],[0.237889884597155,51.5818845941198],[0.237878857493119,51.5816599800559],[0.237867830530653,51.581435365981],[0.237856803709757,51.5812107518954],[0.238217338530611,51.5812038778397],[0.238577873209976,51.5811970026777],[0.238938407747827,51.5811901264095],[0.238927375827698,51.5809655125044],[0.238916344049201,51.5807408985884],[0.239276874951684,51.5807340213415],[0.239637405712614,51.5807271429884],[0.239648440984919,51.5809517567768],[0.240008973351173,51.5809448772536],[0.240369505575827,51.5809379966241],[0.240380544483653,51.5811626102739],[0.240741078313601,51.5811557284744],[0.241101612001901,51.5811488455686],[0.24146214554853,51.5811419615565],[0.241451101399957,51.5809173480983],[0.241811633057982,51.5809104630439],[0.241800587304312,51.5806858496387],[0.241789541692452,51.5804612362227],[0.241778496222401,51.5802366227958],[0.241417969804972,51.5802435076586],[0.24105744324586,51.5802503914151],[0.241046401411258,51.5800257778497],[0.240685876457309,51.5800326604362],[0.240674836511266,51.579808046796],[0.240663796706956,51.579583433145],[0.240652757044377,51.5793588194831],[0.240641717523526,51.5791342058104],[0.241002235490402,51.5791273234793],[0.241362753315629,51.5791204400421],[0.241373796329946,51.5793450535871],[0.241734315760231,51.5793381689797],[0.242094835048818,51.5793312832662],[0.242083788541045,51.579106669849],[0.242444305941189,51.5790997830932],[0.242804823199594,51.5790928952313],[0.243165340316237,51.5790860062631],[0.243525857291096,51.5790791161888],[0.243886374124147,51.5790722250083],[0.243897429365518,51.579296838106],[0.243908484748822,51.5795214511929],[0.244269004933491,51.5795145587784],[0.244257947803452,51.5792899457555],[0.244246890815369,51.5790653327217],[0.244607407364739,51.5790584393289],[0.244967923772236,51.5790515448299],[0.245328440037833,51.5790446492247],[0.245688956161512,51.5790377525134],[0.246049472143248,51.5790308546959],[0.246409987983021,51.5790239557723],[0.246398920656802,51.5787993431115],[0.246759434607914,51.5787924431457],[0.246748365677132,51.578567830538],[0.247108877739589,51.57856092953],[0.247097807204288,51.5783363169755],[0.247086736811115,51.5781117044101],[0.246726228241886,51.57811860529],[0.246365719530656,51.5781255050638],[0.246005210677449,51.5781324037315],[0.246016275830808,51.5783570164889],[0.245655765089036,51.5783639141144],[0.24529525420533,51.5783708106339],[0.24493474317971,51.5783777060471],[0.244574232012201,51.5783846003543],[0.244213720702824,51.5783914935553],[0.244202664282536,51.5781668804781],[0.244563173845294,51.578159987341],[0.244552115820353,51.5779353743169],[0.244541057937374,51.577710761282],[0.244901563865101,51.5777038671667],[0.245262069650945,51.5776969719453],[0.245622575294885,51.5776900756178],[0.245611512314228,51.5774654627639],[0.245972016069699,51.5774585653942],[0.245983080796896,51.5776831781842],[0.246343586156958,51.5776762796444],[0.246704091375046,51.5776693799986],[0.246693023154773,51.5774447673366],[0.246681955076594,51.5772201546638],[0.246670887140507,51.5769955419801],[0.24631038716196,51.577002441434],[0.246299321114431,51.5767778286754],[0.246288255208966,51.576553215906],[0.245927758581374,51.5765601141258],[0.245567261811842,51.5765670112396],[0.245206764900395,51.5765739072473],[0.244846267847055,51.5765808021489],[0.244857326766712,51.5768054151742],[0.244868385828343,51.5770300281886],[0.244507885140194,51.577036922112],[0.244147384310192,51.5770438149294],[0.244136328741525,51.5768192017871],[0.244125273314786,51.5765945886339],[0.244485770651845,51.5765876959445],[0.244474713620594,51.5763630828444],[0.244114218029974,51.57636997547],[0.244103162887085,51.5761453622951],[0.243742668901059,51.5761522537507],[0.243382174773234,51.5761591441002],[0.243021680503634,51.5761660333436],[0.242661186092282,51.576172921481],[0.242672234249487,51.5763975349115],[0.242683282548525,51.5766221483312],[0.242694330989398,51.57684676174],[0.242333831196966,51.576853648963],[0.241973331262819,51.5768605350799],[0.241612831186978,51.5768674200907],[0.241252330969469,51.5768743039955],[0.2412412895145,51.5766496903312],[0.24160178798553,51.5766428064903],[0.241962286314893,51.5766359215433],[0.241951241508757,51.5764113079959],[0.242311737949977,51.5764044220067],[0.242300691539199,51.5761798085124],[0.242289645270229,51.5759551950071],[0.241929152321845,51.5759620808685],[0.241568659231778,51.5759689656239],[0.241579702007933,51.5761935792569],[0.241219207029794,51.57620046297],[0.240858711910015,51.5762073455771],[0.240498216648619,51.5762142270781],[0.240137721245628,51.5762211074731],[0.239777225701063,51.576227986762],[0.239766191656991,51.5760033728098],[0.239755157754566,51.5757787588467],[0.239394665561277,51.5757856369019],[0.239383633546873,51.5755610228642],[0.239023142958443,51.5755678997495],[0.239012112576378,51.5753432855622],[0.238651623615074,51.5753501612838],[0.238291134511289,51.5753570358991],[0.237930645265043,51.5753639094081],[0.23757015587636,51.5753707818108],[0.237559132599547,51.5751461673488],[0.237548109465242,51.5749215528761],[0.237537086473444,51.5746969383929],[0.237526063624148,51.574472323899],[0.237165581144045,51.5744791949573],[0.23680509852156,51.5744860649093],[0.236444615756715,51.574492933755],[0.236084132849535,51.5744998014945],[0.236073117193521,51.574275186752],[0.236062101679914,51.5740505719989],[0.23642258106172,51.5740437043785],[0.236411563927865,51.5738190896743],[0.236400546936436,51.5735944749596],[0.236389530087428,51.5733698602343],[0.236750004039021,51.5733629916862],[0.236738985569853,51.5731383770098],[0.236727967243125,51.5729137623228],[0.236716949058835,51.5726891476253],[0.237077417580409,51.5726822781495],[0.237088437527233,51.5729068927875],[0.237448907668977,51.572900022146],[0.237437885959623,51.5726754075676],[0.237798354196451,51.5726685358794],[0.237787330867071,51.5724439213499],[0.238147797198988,51.5724370486151],[0.238508263388475,51.5724301747741],[0.23849723667664,51.5722055603531],[0.238486210107348,51.5719809459215],[0.2384751836806,51.5717563314794],[0.238114722778478,51.5717632051417],[0.237754261733936,51.5717700776978],[0.23774323897455,51.571545463126],[0.23810369825668,51.5715385906294],[0.238092673877397,51.5713139761065],[0.238081649640626,51.5710893615731],[0.238070625546366,51.570864747029],[0.238059601594613,51.5706401324744],[0.238420053684913,51.5706332591099],[0.238780505632783,51.5706263846392],[0.239140957438197,51.5706195090625],[0.239501409101135,51.5706126323796],[0.239861860621573,51.5706057545906],[0.240222311999488,51.5705988756955],[0.240582763234858,51.5705919956943],[0.240943214327661,51.5705851145871],[0.241303665277872,51.5705782323737],[0.241664116085469,51.5705713490542],[0.24202456675043,51.5705644646286],[0.242385017272732,51.5705575790969],[0.242745467652352,51.5705506924591],[0.24273442093345,51.5703260786688],[0.242723374357349,51.5701014648679],[0.243083821069758,51.5700945772434],[0.243444267639446,51.5700876885127],[0.243433217681708,51.5698630748206],[0.243793662346436,51.5698561850436],[0.243804714066388,51.570080798676],[0.243815765929205,51.5703054122979],[0.244176213975612,51.5702985212954],[0.244165160350561,51.5700739077333],[0.244525606491944,51.5700670156844],[0.244886052490512,51.5700601225295],[0.245246498346243,51.5700532282685],[0.245606944059117,51.5700463329015],[0.245967389629107,51.5700394364283],[0.246327835056193,51.5700325388491],[0.246316771000815,51.5698079256347],[0.246305707088461,51.5695833124097],[0.246666148848255,51.5695764138439],[0.247026590465102,51.5695695141721],[0.247387031938981,51.5695626133943],[0.24737596288321,51.5693380003379],[0.247736402451957,51.5693310985138],[0.248096841877693,51.5693241955836],[0.248085769440775,51.5690995826363],[0.247725331777155,51.5691064855067],[0.247714261245461,51.5688818724889],[0.24770319085687,51.5686572594606],[0.247342756574409,51.5686641611054],[0.24733168809097,51.5684395480066],[0.247320619750609,51.5682149348973],[0.246960188849248,51.5682218353166],[0.246949122413966,51.5679972221369],[0.246938056121735,51.5677726089466],[0.246577628601414,51.5677795081403],[0.246566564214193,51.5675548948797],[0.246555499969993,51.5673302816085],[0.246195075830654,51.5673371795767],[0.246184012288969,51.5671125659738],[0.246172945966201,51.566887951725],[0.245812525473853,51.5668948485313],[0.245452104831825,51.5669017442299],[0.245463167410158,51.5671263585412],[0.245102744746254,51.5671332531634],[0.244742321932716,51.5671401466778],[0.244753377844545,51.56736476039],[0.244392952990943,51.5673716528285],[0.244032527994555,51.5673785441609],[0.244043579905105,51.5676031578502],[0.243683153003997,51.5676100481364],[0.243322725960147,51.5676169373166],[0.24333377448959,51.5678415511146],[0.242973345541034,51.5678484392485],[0.24261291644978,51.5678553262764],[0.24225248721585,51.5678622121983],[0.242263530602074,51.5680868261648],[0.241903099463474,51.5680937110403],[0.241542668182241,51.5681005948099],[0.241553708187134,51.568325208885],[0.241193275001246,51.5683320916082],[0.24083284167277,51.5683389732254],[0.240843878296233,51.5685635874092],[0.240483443063116,51.56857046798],[0.240472408201726,51.5683458537366],[0.240461373482977,51.5681212394826],[0.240100941631443,51.5681281188281],[0.240089908817362,51.5679035045039],[0.240078876145895,51.5676788901691],[0.239718447675884,51.5676857682895],[0.239707416909013,51.5674611538845],[0.239696386284728,51.567236539469],[0.239335961196182,51.5672434163642],[0.239324931040017,51.5670188016272],[0.238964507707928,51.567025677387],[0.238953478979281,51.566801062506],[0.238942450399935,51.5665764476161],[0.238582030663095,51.5665833222061],[0.238221610777068,51.5665901956884],[0.23786119074188,51.566597068063],[0.237500770557554,51.5666039393299],[0.237489749616307,51.5663793243069],[0.237478728824259,51.5661547092751],[0.23711831223521,51.5661615793722],[0.237107293464518,51.5659369643006],[0.237096274842998,51.5657123492201],[0.237085256370646,51.5654877341308],[0.236724845248926,51.5654946030271],[0.236713828797829,51.5652699878979],[0.236702812495872,51.5650453727599],[0.236691796343051,51.564820757613],[0.236680780339365,51.5645961424574],[0.23666976448481,51.5643715272928],[0.237030166246321,51.5643646585516],[0.237019148668925,51.5641400434093],[0.237379548409405,51.5641331735915],[0.2377399480008,51.5641263026662],[0.23772892682867,51.5639016875771],[0.238089324399017,51.5638948155752],[0.238449721820233,51.5638879424657],[0.238810119092294,51.5638810682486],[0.238799092453623,51.5636564532438],[0.239159487704597,51.5636495779502],[0.23951988280637,51.563642701549],[0.239880277758916,51.5636358240403],[0.239869245653867,51.5634112091199],[0.240229638585288,51.5634043305347],[0.240590031367438,51.5633974508419],[0.24095042400029,51.5633905700415],[0.240939386429028,51.5631659552057],[0.241299777040715,51.5631590733289],[0.24166016750306,51.5631521903445],[0.241649126337566,51.5629275755621],[0.242009514778728,51.5629206915013],[0.241998471890892,51.5626960767413],[0.242358858310877,51.5626891916041],[0.242347813700745,51.5624645768664],[0.241987429152523,51.5624714619724],[0.241976386563622,51.5622468471947],[0.241965344124187,51.5620222324081],[0.241604963170043,51.5620291163443],[0.241593922751763,51.5618045015178],[0.241954301834212,51.5617976176127],[0.242314680767284,51.5617907326002],[0.2423036367551,51.5615661178271],[0.242664013667106,51.5615592317382],[0.24265296793276,51.5613346169875],[0.242292592892397,51.5613415030452],[0.241932217702637,51.5613483879954],[0.241943259693696,51.5615730028085],[0.241582882482918,51.5615798866824],[0.241571842363507,51.5613552718382],[0.241560802393525,51.5611306569851],[0.241549762572972,51.5609060421232],[0.241189390827724,51.5609129247962],[0.241178353028173,51.5606883098943],[0.241538722901843,51.5606814272525],[0.241899092626175,51.5606745435032],[0.242259462201143,51.5606676586464],[0.242619831626725,51.5606607726822],[0.242630876912573,51.5608853874594],[0.24299124806031,51.5608785003566],[0.243002295367246,51.5611031150938],[0.243013342823705,51.5613277298222],[0.243373717565205,51.5613208415495],[0.243384767042827,51.5615454562379],[0.243745143506493,51.5615385668266],[0.243734092157236,51.5613139521694],[0.244094466599776,51.5613070616817],[0.244454840892797,51.5613001700866],[0.244815215036277,51.5612932773839],[0.244804158221779,51.5610686628115],[0.245164530344093,51.5610617690326],[0.245524902316819,51.5610548741462],[0.245885274139933,51.5610479781524],[0.245874211860356,51.5608233636649],[0.246234581662266,51.5608164665948],[0.246594951314516,51.5608095684173],[0.246955320817083,51.5608026691323],[0.246966388711357,51.5610272835261],[0.246977456755417,51.561251897911],[0.246988524949266,51.5614765122871],[0.24734889991688,51.5614696118008],[0.247359970132151,51.5616942261368],[0.247371040497241,51.5619188404639],[0.247382111012151,51.5621434547821],[0.247393181676884,51.5623680690915],[0.247404252491441,51.5625926833921],[0.247764636667704,51.5625857816419],[0.247775709503839,51.5628103959023],[0.247786782489829,51.5630350101539],[0.247797855625676,51.5632596243967],[0.247808928911382,51.5634842386306],[0.248169320424997,51.5634773356476],[0.248180395732408,51.5637019498414],[0.248191471189708,51.5639265640263],[0.248202546796899,51.5641511782024],[0.247842149667686,51.5641580812792],[0.247853223552857,51.5643826954778],[0.248213622553984,51.5643757923696],[0.248574016938948,51.5643688871749],[0.24893440752084,51.5643619800718],[0.249294797954752,51.5643550718613],[0.249283716909139,51.5641304578523],[0.249644105353808,51.5641235485695],[0.250004493650452,51.5641166381794],[0.250364881799047,51.5641097266819],[0.250353795377871,51.5638851127691],[0.250714181537184,51.5638782001994],[0.251074567548404,51.5638712865223],[0.251085657651993,51.5640959003649],[0.251446045356296,51.5640889855454],[0.251457137449305,51.5643135993437],[0.251468229690531,51.564538213133],[0.251828620929161,51.5645312971359],[0.25183971515988,51.5647559108809],[0.251850809538847,51.5649805246169],[0.252211204311862,51.5649736074421],[0.252571598936675,51.5649666891599],[0.25293199341326,51.5649597697702],[0.253292387741595,51.5649528492732],[0.253281285997476,51.5647282356779],[0.253641678336254,51.5647213141087],[0.25363057489922,51.5644967005394],[0.253619471610547,51.5642720869611],[0.253979860118543,51.5642651643549],[0.253968755137023,51.5640405508027],[0.254329141655497,51.5640336271244],[0.254689528025634,51.5640267023387],[0.255049914247411,51.5640197764456],[0.255410300320804,51.5640128494452],[0.255399188122954,51.5637882360248],[0.255759572206766,51.5637813079523],[0.25611995614215,51.5637743787725],[0.256480339929078,51.5637674484853],[0.256840723567531,51.5637605170908],[0.257201107057481,51.563753584589],[0.257561490398906,51.5637466509798],[0.257921873591781,51.5637397162633],[0.258282256636084,51.5637327804395],[0.258293383563237,51.5639573935778],[0.258304510639055,51.5641820067069],[0.257944123912422,51.5641889426014],[0.25758373703721,51.5641958773884],[0.257594860579291,51.5644204905791],[0.257234471714318,51.5644274242941],[0.256874082700812,51.5644343569018],[0.256513693538797,51.5644412884021],[0.256153304228297,51.564448218795],[0.256164420554065,51.5646728321177],[0.255804029253864,51.5646797614385],[0.255443637805223,51.564686689652],[0.255432525161936,51.5644620762588],[0.255072135406124,51.5644690033297],[0.255083246208165,51.5646936167581],[0.254722854462715,51.5647005427568],[0.254733963571946,51.5649251562113],[0.254373569836854,51.5649320811379],[0.254013175953416,51.564939004957],[0.254024281528487,51.5651636184729],[0.254035387251953,51.5653882319797],[0.254395784818015,51.5653813080901],[0.254406892531225,51.5656059215526],[0.254418000392858,51.5658305350061],[0.254057599144077,51.5658374589661],[0.254068705312741,51.5660620724456],[0.253708302074231,51.5660689953334],[0.253347898687409,51.5660759171137],[0.2529874951523,51.5660828377866],[0.252627091468927,51.5660897573521],[0.252266687637314,51.5660966758101],[0.252277784747254,51.5663212894565],[0.251917378925992,51.5663282068423],[0.251556972956535,51.5663351231206],[0.251568066531847,51.5665597368282],[0.251579160255403,51.5667843505267],[0.251590254127207,51.5670089642161],[0.251601347185479,51.5672335776701],[0.251612437466265,51.5674581904261],[0.251972852886901,51.5674512740213],[0.251983945265473,51.5676758867514],[0.251995037798601,51.5679004994735],[0.252006130486287,51.5681251121876],[0.252017223328535,51.5683497248937],[0.252377646367874,51.5683428073091],[0.252738069252712,51.5683358886159],[0.253098491983026,51.568328968814],[0.253458914558789,51.5683220479036],[0.253819336979977,51.5683151258847],[0.253808234421113,51.5680905132678],[0.254168654744385,51.5680835901582],[0.254179759246563,51.5683082027571],[0.254540181358523,51.5683012785209],[0.254900603315828,51.5682943531762],[0.254911711859389,51.5685189657313],[0.25527213560535,51.5685120392601],[0.25528324624703,51.5687366517893],[0.255294357043501,51.5689612643105],[0.255654784521487,51.5689543366949],[0.255665897416153,51.5691789491902],[0.255305467994765,51.5691858768237],[0.255316579100826,51.5694104893289],[0.255677010465641,51.5694035616774],[0.255688123669952,51.5696281741567],[0.255327690361685,51.5696351018261],[0.254967256898697,51.5696420283869],[0.254606823281017,51.569648953839],[0.254246389508667,51.5696558781825],[0.253885955581674,51.5696628014173],[0.253525521500065,51.5696697235436],[0.253165087263863,51.5696766445611],[0.252804652873093,51.5696835644701],[0.252444218327783,51.5696904832704],[0.252455314195535,51.5699150959026],[0.252466410217894,51.5701397085267],[0.252477506394862,51.5703643211429],[0.252488602726444,51.5705889337511],[0.25249969921264,51.5708135463512],[0.252860143475686,51.5708066274617],[0.253220587584178,51.5707997074634],[0.253581031538089,51.5707927863565],[0.253941475337395,51.570785864141],[0.25430191898207,51.5707789408167],[0.254662362472088,51.5707720163837],[0.255022805807424,51.5707650908421],[0.25503391605353,51.5709897033091],[0.25539436117776,51.5709827766409],[0.255754806147254,51.570975848864],[0.256115250961989,51.5709689199784],[0.256475695621937,51.5709619899841],[0.256836140127072,51.5709550588812],[0.256825020162984,51.5707304465038],[0.256813900353809,51.5705058341184],[0.257174340816954,51.5704989019426],[0.257185462569693,51.5707235143101],[0.257196584477371,51.5709481266695],[0.257207706539989,51.5711727390209],[0.256847260246077,51.5711796712505],[0.25685838052,51.5714042836119],[0.256869500948845,51.5716288959652],[0.256880621532612,51.5718535083106],[0.256891742271307,51.5720781206479],[0.256902863164931,51.5723027329772],[0.256913984213487,51.5725273452985],[0.256925105416977,51.5727519576118],[0.256936226775404,51.572976569917],[0.257296688619108,51.5729696375438],[0.257307812076311,51.5731942498231],[0.25731893568848,51.5734188620944],[0.257330059455619,51.5736434743577],[0.257341183377731,51.573868086613],[0.257352307454818,51.5740926988602],[0.257712778863041,51.5740857652884],[0.258073250116337,51.5740788306077],[0.258433721214681,51.5740718948183],[0.258422591305811,51.5738472826249],[0.25841146155199,51.5736226704236],[0.258400331953215,51.5733980582142],[0.25876079706489,51.57339112137],[0.259121262021569,51.5733841834169],[0.259132395508088,51.5736087955902],[0.259492862253616,51.5736018565104],[0.259481726823229,51.573377244355],[0.259842191469843,51.5733703041844],[0.260202655961388,51.573363362905],[0.260563120297836,51.5733564205168],[0.260574261559809,51.573581032618],[0.260934727684991,51.573574089103],[0.261295193655024,51.5735671444792],[0.261284048505341,51.573342532414],[0.261644512376346,51.5733355866995],[0.262004976092154,51.5733286398762],[0.262365439652738,51.5733216919441],[0.262725903058074,51.5733147429033],[0.263086366308135,51.5733077927536],[0.263446829402897,51.5733008414952],[0.263807292342332,51.573293889128],[0.264167755126416,51.573286935652],[0.264528217755125,51.5732799810673],[0.264888680228432,51.5732730253738],[0.265249137643499,51.5732660675012],[0.265609591347661,51.5732591077435],[0.26597004490673,51.5732521468792],[0.266330498320684,51.5732451849084],[0.2666909515895,51.5732382218311],[0.266679778461133,51.5730136102491],[0.267040229808231,51.573006646119],[0.267400681010147,51.5729996808823],[0.267389504473933,51.5727750693977],[0.267749953754117,51.5727681031083],[0.267761132066859,51.5729927145391],[0.268121582978343,51.5729857470894],[0.268482033744576,51.5729787785331],[0.268842484365535,51.5729718088702],[0.268853668153203,51.5731964201292],[0.268864852086228,51.573421031378],[0.268504397912159,51.5734280011486],[0.268515580213956,51.573652612441],[0.268526762661093,51.5738772237231],[0.268537945253572,51.5741018349951],[0.268549127991398,51.5743264462568],[0.26856031087457,51.5745510575083],[0.268571493903094,51.5747756687495],[0.268931958737047,51.5747686986558],[0.26894314368765,51.574993309833],[0.268954328783632,51.5752179209999],[0.268593860396201,51.5752248912013],[0.26860504386079,51.5754495024119],[0.268244573551284,51.5754564715605],[0.267884103096501,51.5754634396025],[0.267523632496462,51.5754704065378],[0.267163161751192,51.5754773723665],[0.267174337715743,51.5757019838203],[0.267185513732082,51.5759265952706],[0.266825039240148,51.5759335600971],[0.266836213610868,51.5761581715888],[0.26684738812777,51.5763827830703],[0.267207866203375,51.5763758181411],[0.267196689894625,51.5761512067109],[0.26755716603224,51.5761442407262],[0.267917642023686,51.5761372736346],[0.268278117868944,51.5761303054363],[0.268638593567987,51.5761233361311],[0.268649777044098,51.5763479473556],[0.26901025438874,51.5763409768922],[0.269370731587119,51.576334005322],[0.269731208639213,51.5763270326449],[0.26974239763719,51.576551643705],[0.269381918793244,51.5765586164336],[0.269393106145718,51.5767832275351],[0.269032625363606,51.5767901992082],[0.268672144435226,51.5767971697745],[0.268683328350248,51.5770217809688],[0.269043811070532,51.5770148103511],[0.269054996923788,51.5772394214839],[0.269066182923379,51.5774640326066],[0.269426669081265,51.5774570607791],[0.269437857019164,51.5776816718403],[0.269798344822719,51.5776746988545],[0.269787155092852,51.5774500878448],[0.270147640958118,51.5774431138036],[0.270136449582692,51.5772185028352],[0.27012525835367,51.5769938918568],[0.270485740488735,51.5769869168117],[0.270496933509673,51.5772115277386],[0.27085741729029,51.5772045515352],[0.271217900924518,51.5771975742249],[0.271578384412334,51.5771905958077],[0.271938867753716,51.5771836162837],[0.271927667565135,51.5769590055627],[0.272288148968154,51.5769520249833],[0.272648630224695,51.5769450432971],[0.272637426598871,51.576720432669],[0.272997905917033,51.5767134499275],[0.272986700645916,51.5764888393409],[0.272626223119607,51.5764958220309],[0.272615019786901,51.5762712113827],[0.27260381660075,51.5760466007244],[0.272964290543423,51.5760396181375],[0.272975495521381,51.5762642287442],[0.273335971109343,51.5762572449989],[0.273696446550765,51.5762502601469],[0.274056921845622,51.576243274188],[0.274045711492259,51.5760186637358],[0.274406184848733,51.5760116767217],[0.274394972850243,51.575787066311],[0.274755444268338,51.5757800782416],[0.274766658058599,51.5760046886007],[0.275127131121834,51.5759976993729],[0.275487604038414,51.5759907090384],[0.275476386664618,51.5757660987825],[0.275465169437558,51.5755414885165],[0.275453952107962,51.5753168783273],[0.275442734885103,51.5750922681417],[0.27508226911698,51.5750992582623],[0.27507105381662,51.5748746480123],[0.274710589679492,51.5748816369723],[0.274350125396678,51.5748886248257],[0.27433891379546,51.5746640144575],[0.274699376301587,51.5746570266581],[0.274688163069425,51.5744324163336],[0.274327702339963,51.574439404079],[0.274316491030183,51.5742147936903],[0.274676949983003,51.5742078059989],[0.27466573704232,51.573983195654],[0.275026194072845,51.5739762069101],[0.27538665095767,51.5739692170595],[0.275375434609538,51.5737446068124],[0.275014979501305,51.5737515966089],[0.27500376507552,51.5735269862975],[0.274643311598159,51.5735339749334],[0.274632099094676,51.5733093645578],[0.274620886736922,51.5730847541719],[0.274609674524893,51.5728601437758],[0.274249226231441,51.5728671311432],[0.274238015941616,51.5726425206828],[0.274598462458588,51.5726355333694],[0.274958908829897,51.5726285449495],[0.275319355055523,51.5726215554231],[0.27530813958203,51.5723969451145],[0.275296924254301,51.5721723347956],[0.27493648158156,51.572179324214],[0.274925268176,51.571954713831],[0.274914054916176,51.5717301034376],[0.274902841802087,51.5715054930341],[0.274891628833729,51.5712808826203],[0.2748804160111,51.5710562721962],[0.274519982074497,51.5710632602381],[0.274508771173888,51.5708386497498],[0.274869203334198,51.5708316617619],[0.275229635348842,51.5708246726676],[0.275590067217799,51.5708176824668],[0.275578851134084,51.5705930721303],[0.275939281081066,51.5705860808771],[0.276299710882315,51.5705790885175],[0.276660140537811,51.5705720950514],[0.277020570047529,51.5705651004789],[0.277380999411446,51.5705581047999],[0.27774142862954,51.5705511080146],[0.278101857701787,51.5705441101228],[0.278090629330204,51.5703195001544],[0.277730202034183,51.5703264979921],[0.277718975584728,51.5701018879594],[0.277707749281175,51.5698772779165],[0.277347325391698,51.5698842745396],[0.277336101010201,51.5696596644324],[0.277324876774577,51.5694350543149],[0.276964456291586,51.5694420497235],[0.276953233977948,51.5692174395417],[0.277313652684822,51.5692104441871],[0.277674071245888,51.5692034477262],[0.278034489661123,51.5691964501588],[0.278394907930504,51.5691894514851],[0.278755326054006,51.5691824517051],[0.279115744031609,51.5691754508186],[0.279476161863288,51.5691684488258],[0.279487396609688,51.569393058629],[0.279847816071521,51.5693860554757],[0.279836579549021,51.5691614457266],[0.27982534317255,51.5689368359673],[0.28018575893624,51.5689298318158],[0.280174520929744,51.5687052221004],[0.279814106942104,51.5687122261977],[0.279802870857681,51.5684876164178],[0.280163283069294,51.5684806123747],[0.280152045354887,51.5682560026387],[0.280140807786521,51.5680313928925],[0.280129570364193,51.5678067831361],[0.280118333087902,51.5675821733694],[0.280107095957643,51.5673575635924],[0.280467499143491,51.5673505587136],[0.280456260384779,51.5671259489723],[0.280816661649569,51.5671189430416],[0.281177062768493,51.5671119360051],[0.281165820613382,51.5668873263457],[0.281526219812951,51.5668803182628],[0.281886618737694,51.5668733090573],[0.282247017388703,51.5668662987291],[0.282235770068374,51.5666416892304],[0.282224522894009,51.5664170797214],[0.281864127788307,51.5664240899423],[0.281503732393702,51.5664310990316],[0.281514976030344,51.5666557086525],[0.281154578604218,51.5666627166758],[0.280794181032206,51.5666697235931],[0.280782940942407,51.566445113853],[0.280771700998525,51.5662205041022],[0.280411306827478,51.5662275097944],[0.28042254499796,51.5664521196047],[0.280062148907676,51.5664591242506],[0.27970175267158,51.5664661277905],[0.27969051804791,51.566241517861],[0.279330123439432,51.5662485202354],[0.278969728685191,51.5662555215039],[0.278609333785208,51.5662625216665],[0.278248938739506,51.5662695207232],[0.278237711355241,51.5660449105447],[0.27787731793724,51.5660519084359],[0.277866092472101,51.5658272981873],[0.277854867152687,51.5656026879281],[0.277843641978997,51.5653780776583],[0.277832416951029,51.565153467378],[0.277472030480722,51.5651604639251],[0.277111643864779,51.5651674593663],[0.276751257103221,51.5651744537017],[0.27639087019607,51.5651814469312],[0.276030483143353,51.5651884390548],[0.275670095945089,51.5651954300726],[0.275658881702581,51.5649708194245],[0.275647667605651,51.5647462087658],[0.275636453654297,51.5645215980966],[0.275625239848518,51.5642969874167],[0.27561402618831,51.5640723767263],[0.27560281267367,51.5638477660253],[0.275591599304597,51.5636231553137],[0.275580386081087,51.5633985445916],[0.27522001292305,51.5634055340275],[0.275208801618217,51.5631809232353],[0.27519759045892,51.5629563124325],[0.275186379445157,51.5627317016191],[0.275175168576924,51.5625070907951],[0.275535534642637,51.5625001015971],[0.27552432214691,51.562275490822],[0.27551310979673,51.5620508800363],[0.275501897592098,51.5618262692401],[0.275141536845387,51.5618332582596],[0.274781175953213,51.5618402461735],[0.2744208149156,51.5618472329815],[0.274409608175383,51.5616226219963],[0.274398401580639,51.5613980110005],[0.274387195131366,51.561173399994],[0.274375988827559,51.560948788977],[0.274364782669217,51.5607241779495],[0.274353576656339,51.5604995669113],[0.27434237078892,51.5602749558626],[0.27433116506696,51.5600503448033],[0.274319959490453,51.5598257337334],[0.2743087540594,51.5596011226529],[0.274297548773797,51.5593765115618],[0.274286343633642,51.5591519004602],[0.274275138638932,51.5589272893479],[0.274263933556074,51.5587026782323],[0.27425272848609,51.5584780671105],[0.274613062920186,51.5584710811817],[0.274601856222951,51.5582464701015],[0.274590649671178,51.5580218590112],[0.274230318782446,51.5580288448366],[0.273869987748333,51.5580358295558],[0.273858784887317,51.557811218352],[0.273847582171715,51.5575866071381],[0.273836379601521,51.5573619959142],[0.273476053739938,51.5573689793723],[0.273464853087735,51.5571443680865],[0.273104528853411,51.557151350387],[0.272744204473784,51.5571583315813],[0.27273300751209,51.5569337201821],[0.273093330119153,51.5569267390394],[0.273082131530251,51.5567021276818],[0.273070933086702,51.556477516314],[0.273059734788505,51.5562529049362],[0.273048536635657,51.5560282935482],[0.273037338628156,51.5558036821502],[0.273026140765998,51.5555790707421],[0.273014943049181,51.5553544593239],[0.273003745477703,51.5551298478956],[0.27264343705034,51.5551368286249],[0.272283128477719,51.5551438082484],[0.271922819759865,51.5551507867658],[0.2715625108968,51.5551577641773],[0.271202201888547,51.5551647404828],[0.27121339059809,51.5553893521693],[0.270853079672278,51.5553963274204],[0.270864266754627,51.5556209391485],[0.270503953911251,51.5556279133453],[0.270515139366362,51.5558525251148],[0.270154824605416,51.5558594982572],[0.270166008433242,51.5560841100683],[0.269805691754721,51.5560910821562],[0.269816873955217,51.5563156940088],[0.269456555359118,51.5563226650423],[0.269445374931118,51.5560980531381],[0.269085057962455,51.556105023014],[0.269096236617955,51.5563296349698],[0.268735917731753,51.5563366037912],[0.268747094759827,51.5565612157884],[0.268386773956081,51.5565681835554],[0.268375598700535,51.5563435715066],[0.268015279524321,51.5563505381161],[0.26802645300734,51.5565751502164],[0.267666131913624,51.5565821157713],[0.267305810674958,51.5565890802201],[0.266945489291364,51.556596043563],[0.266956657601743,51.5568206558078],[0.266596334300683,51.5568276180961],[0.26660750098344,51.5570522303823],[0.266247175764908,51.5570591916161],[0.26625834082,51.5572838039438],[0.266269506020014,51.5575084162613],[0.26590917711137,51.557515376492],[0.265898013683992,51.557290764123],[0.265886850401513,51.5570661517438],[0.265875687263932,51.5568415393545],[0.266236010854738,51.5568345792783],[0.266224846089486,51.5566099669305],[0.265864524271246,51.5566169269552],[0.265853361423454,51.5563923145457],[0.265842198720552,51.5561677021262],[0.265831036162537,51.5559430896966],[0.265819873749408,51.5557184772569],[0.265808711481163,51.5554938648072],[0.265797549357796,51.5552692523473],[0.265786387379309,51.5550446398774],[0.265775225545697,51.5548200273973],[0.26541491776235,51.5548269859041],[0.26505460983421,51.5548339433049],[0.264694301007363,51.5548408995609],[0.264333992004869,51.5548478547096],[0.263973682855473,51.5548548087525],[0.263613373559199,51.5548617616896],[0.26325306411607,51.5548687135207],[0.262892754526111,51.5548756642461],[0.262532444789344,51.5548826138656],[0.262172134905792,51.5548895623793],[0.26181182487548,51.5548965097871],[0.261451514698429,51.5549034560891],[0.261091204374666,51.5549104012852],[0.260730893904212,51.5549173453755],[0.260370583287091,51.5549242883599],[0.260010272523326,51.5549312302385],[0.259649961612941,51.5549381710113],[0.259289650555958,51.5549451106781],[0.259278521307212,51.5547204972253],[0.259267392205095,51.5544958837623],[0.259256263249607,51.5542712702891],[0.259245134440743,51.5540466568057],[0.259234005778503,51.553822043312],[0.259222877262882,51.5535974298082],[0.259211748893881,51.5533728162941],[0.259200620671494,51.5531482027698],[0.25918949259572,51.5529235892353],[0.259178364666556,51.5526989756905],[0.259167236884001,51.5524743621356],[0.259156109248051,51.5522497485704],[0.259144981758703,51.552025134995],[0.259133854415956,51.5518005214094],[0.259122727219806,51.5515759078136],[0.259111600170252,51.5513512942076],[0.259100473267289,51.5511266805913],[0.259460753599938,51.5511197418354],[0.259449625036461,51.5508951282625],[0.259438496619597,51.5506705146793],[0.259427368297768,51.5504459010605],[0.259416240000639,51.5502212873718],[0.259405111848042,51.5499966736725],[0.259393983839975,51.5497720599629],[0.259382855976433,51.5495474462428],[0.259371728257417,51.5493228325123],[0.259011462209938,51.5493297708235],[0.259000336408896,51.5491051570254],[0.258989210752349,51.5488805432168],[0.258628948107317,51.5488874803083],[0.258617824368673,51.5486628664322],[0.258606700774497,51.5484382525457],[0.258595577324788,51.5482136386487],[0.258584454019542,51.5479890247412],[0.258573330858757,51.5477644108234],[0.258562207842431,51.5475397968951],[0.258922459847355,51.5475328601464],[0.258911335202214,51.5473082462648],[0.258900210701549,51.5470836323727],[0.25888908634536,51.5468590184703],[0.25852883966018,51.5468659550476],[0.25816859283061,51.5468728905196],[0.257808345856673,51.5468798248863],[0.257448098738392,51.5468867581477],[0.257436981619498,51.5466621440063],[0.257076736130109,51.5466690761053],[0.256716490496423,51.546676007099],[0.256356244718465,51.5466829369873],[0.256345133063523,51.5464583226643],[0.255984888914512,51.5464652513902],[0.255624644621275,51.5464721790109],[0.255264400183838,51.5464791055262],[0.255253293992732,51.5462544910216],[0.254893051184297,51.5462614163746],[0.254532808231708,51.5462683406223],[0.254521705731156,51.5460437259932],[0.254161464407601,51.5460506490786],[0.25380122293994,51.5460575710587],[0.253790124129857,51.5458329563051],[0.25342988429126,51.5458398771229],[0.253418787398438,51.5456152623019],[0.253058549188909,51.5456221819574],[0.253047454213302,51.5453975670689],[0.253036359381782,51.5451729521701],[0.25339659404513,51.5451660326285],[0.25338549758464,51.5449414177762],[0.253745730330885,51.5449344971864],[0.254105962933061,51.5449275754913],[0.254094863070617,51.5447029607426],[0.254455093755674,51.5446960379993],[0.254443992264376,51.5444714232971],[0.254432890917249,51.5442468085846],[0.254421789714287,51.5440221938616],[0.254782014936299,51.5440152701841],[0.254770912104572,51.5437906555077],[0.255131135409526,51.543783730782],[0.255491358570331,51.5437768049512],[0.255851581586965,51.5437698780151],[0.255840473580711,51.5435452634994],[0.255829365718708,51.5433206489733],[0.255818258000953,51.5430960344367],[0.255807150427446,51.5428714198896],[0.25544693450228,51.5428783465975],[0.255086718432951,51.5428852722002],[0.254726502219483,51.5428921966977],[0.254737604474486,51.5431168114158],[0.254377386344063,51.5431237348652],[0.254017168069543,51.5431306572094],[0.253656949650951,51.5431375784484],[0.253296731088309,51.5431444985823],[0.25293651238164,51.5431514176109],[0.252925418990861,51.5429268026078],[0.252914325744142,51.5427021875942],[0.252903232641481,51.5424775725702],[0.252543019109296,51.5424844903227],[0.252531927923474,51.5422598752313],[0.252520836806535,51.5420352601341],[0.252509745792503,51.5418106450294],[0.25286995400619,51.5418037274393],[0.252858861365348,51.5415791123762],[0.252498654922371,51.5415860299145],[0.252487564196139,51.5413614147895],[0.252847768868429,51.541354497303],[0.25283667651543,51.5411298822197],[0.252825584306347,51.5409052671263],[0.252814492241179,51.5406806520228],[0.252803400319923,51.5404560369092],[0.252792308542576,51.5402314217855],[0.252432112723379,51.5402383390131],[0.252443202730153,51.5404629541886],[0.252454292880813,51.540687569354],[0.252465383175363,51.5409121845093],[0.252105181900545,51.5409191007868],[0.252116270568342,51.5411437159838],[0.252127359380011,51.5413683311706],[0.251767154420067,51.5413752464463],[0.251778241604918,51.5415998616748],[0.251418034730487,51.5416067758968],[0.251429120288474,51.541831391167],[0.25106891149955,51.5418383043353],[0.251079995430627,51.5420629196471],[0.250719784727208,51.5420698317617],[0.250359573880057,51.5420767427709],[0.249999362889198,51.5420836526745],[0.249639151754653,51.5420905614727],[0.249278940476446,51.5420974691655],[0.249267865399121,51.541872853595],[0.249256790465491,51.5416482380145],[0.24961699820221,51.5416413304251],[0.249605921641565,51.5414167148862],[0.249594845224631,51.5411920993371],[0.249955049276302,51.5411851907458],[0.24994397123242,51.5409605752383],[0.250304173369757,51.5409536655933],[0.25029309369897,51.5407290501275],[0.250282014171933,51.5405044346516],[0.250642212624331,51.5404975240046],[0.250631131470458,51.5402729085703],[0.250991328008557,51.5402659968696],[0.250980245227891,51.5400413814769],[0.251340439851696,51.5400344687226],[0.251329355444283,51.5398098533716],[0.251318271180682,51.5395852380105],[0.251678462119686,51.5395783242543],[0.251667376229405,51.5393537089348],[0.251656290482951,51.5391290936053],[0.251296103084901,51.5391360072579],[0.251285019252717,51.5389113918665],[0.250924833481367,51.538918304362],[0.250564647566297,51.5389252157522],[0.250553567418761,51.5387006002472],[0.250193383130422,51.5387075104804],[0.249833198698411,51.5387144196082],[0.249844275305091,51.5389390352167],[0.24985535205548,51.5391636508151],[0.249495163938933,51.539170558941],[0.249506239062556,51.539395174581],[0.249517314329871,51.5396197902108],[0.24915712252871,51.5396266973348],[0.2491460490319,51.5394020816532],[0.248785858857632,51.5394089876201],[0.248796930583937,51.5396336033534],[0.248436738495575,51.5396405082666],[0.248425668539778,51.5394158924817],[0.248065478228842,51.5394227964564],[0.248076546383333,51.5396474122926],[0.248087614683301,51.5398720281181],[0.248098683128749,51.540096643933],[0.247738487292923,51.5401035470181],[0.247378291311697,51.5401104489983],[0.247018095185092,51.5401173498736],[0.246657898913133,51.5401242496441],[0.246297702495844,51.5401311483097],[0.245937505933248,51.5401380458705],[0.245948563717925,51.5403626620371],[0.245588365208993,51.5403695585534],[0.245599421337942,51.5405941747698],[0.24523922088267,51.5406010702416],[0.245250275355843,51.5408256865077],[0.245610477612215,51.5408187909756],[0.245621534031816,51.5410434071707],[0.24598173794404,51.5410365104733],[0.24634194171097,51.541029612671],[0.246353001878187,51.5412542287348],[0.246713207300938,51.5412473297672],[0.247073412578347,51.5412404296947],[0.247084476493263,51.5414650456271],[0.247444683426462,51.5414581443893],[0.247455749287987,51.5416827602506],[0.247815957876972,51.5416758578475],[0.248176166320537,51.5416689543395],[0.248187235929916,51.5418935700692],[0.248198305684797,51.5421181857884],[0.247838093638811,51.5421250894173],[0.247849161564355,51.5423497052064],[0.247860229581916,51.542574320993],[0.247500013669977,51.5425812235898],[0.247511079973412,51.5428058394006],[0.247522146426139,51.5430304552024],[0.24716192663806,51.5430373567587],[0.247172991376591,51.5432619725846],[0.247184056264396,51.5434865884015],[0.24754427977948,51.5434796867791],[0.247904503145324,51.5434727840499],[0.248264726361904,51.5434658802141],[0.248624948936034,51.5434589754262],[0.248636021340002,51.5436835910917],[0.248996245319033,51.5436766852115],[0.249356469154308,51.5436697782261],[0.249367545247963,51.5438943937674],[0.24937862148546,51.5441190092982],[0.24901839410427,51.5441259163974],[0.249007319639743,51.5439013008096],[0.248647093887763,51.5439082067467],[0.248286867766632,51.5439151116226],[0.247926640822962,51.5439220155246],[0.247566413730022,51.54392891832],[0.2475553466801,51.543704302554],[0.247195121301477,51.5437112042096],[0.246834895773635,51.5437181047584],[0.2464746700966,51.5437250042006],[0.246463608786604,51.5435003883265],[0.246103384823945,51.543507286629],[0.245743160712143,51.5435141838247],[0.245382936451223,51.5435210799139],[0.24537188088103,51.5432964639317],[0.245011658334545,51.5433033588811],[0.244651435638994,51.5433102527238],[0.244291212794398,51.5433171454599],[0.243930989800783,51.5433240370894],[0.243919941833787,51.5430994209662],[0.243559720554695,51.5431063114559],[0.243199499126634,51.543113200839],[0.24283927754963,51.5431200891155],[0.242828235322177,51.5428954728844],[0.242468015459754,51.5429023600212],[0.242107795448439,51.5429092460514],[0.241747575288255,51.5429161309749],[0.241387354979226,51.5429230147918],[0.241398389752661,51.5431476311547],[0.241409424674986,51.5433722475086],[0.241049200490092,51.5433791302847],[0.241060233697751,51.5436037466626],[0.241071267054282,51.5438283630316],[0.241082300559686,51.5440529793916],[0.240722070635238,51.5440598611597],[0.240733102425887,51.5442844775437],[0.240744134365392,51.5445090939188],[0.240755166453753,51.5447337102848],[0.240766198690977,51.544958326642],[0.240777231077063,51.5451829429902],[0.240788263612015,51.5454075593294],[0.240799296295835,51.5456321756597],[0.240439053176656,51.5456390565515],[0.240450084145545,51.5458636729058],[0.240461115263285,51.5460882892511],[0.240472146529875,51.5463129055874],[0.240483177945321,51.5465375219148],[0.240122927222005,51.5465444018315],[0.240133956922408,51.5467690181829],[0.240144986771647,51.5469936345253],[0.240156016769725,51.5472182508587],[0.240167046916644,51.5474428671832],[0.240178077212408,51.5476674834988],[0.240189107657018,51.5478920998054],[0.240200138250475,51.548116716103],[0.240211168992786,51.5483413323918],[0.23985090320882,51.5483482114648],[0.239861932235891,51.5485728277775],[0.239501664439069,51.5485797057766],[0.23914139649351,51.5485865826688],[0.238781128399235,51.5485934584541],[0.238792151982775,51.5488180748564],[0.238431881875684,51.5488249495677],[0.238071611619924,51.5488318231722],[0.238082631623923,51.5490564396313],[0.237722359355364,51.5490633121617],[0.237733377643902,51.5492879286447],[0.237373103362538,51.549294800101],[0.237384119935568,51.5495194166079],[0.237023843641396,51.5495262869901],[0.237012828932575,51.5493016704504],[0.236652554354034,51.5493085396929],[0.236292279626942,51.5493154078284],[0.236281268795148,51.5490907912141],[0.235920995783721,51.54909765821],[0.235909986964695,51.5488730415539],[0.235549715668938,51.54887990741],[0.235189444224707,51.5488867721593],[0.235178439282551,51.5486621554287],[0.234818169554023,51.5486690190383],[0.23480716662452,51.548444402266],[0.23516743448892,51.5484375386892],[0.235156429843809,51.5482129219407],[0.235145425347216,51.5479883051833],[0.234785161211002,51.5479951686945],[0.234774158726981,51.5477705518954],[0.23476315639145,51.5475459350873],[0.234752154204405,51.5473213182703],[0.234391895511884,51.5473281805764],[0.234380895337312,51.5471035637176],[0.234369895311197,51.5468789468499],[0.234009640198251,51.5468858079837],[0.233998642184535,51.5466611910743],[0.23363838878718,51.5466680510685],[0.233278135241499,51.5466749099559],[0.233267141104058,51.5464502929721],[0.232906889274001,51.5464571507199],[0.232546637295668,51.546464007361],[0.232557627705253,51.5466886244102],[0.23256861826317,51.5469132414506],[0.232579608969424,51.5471378584819],[0.232219351250971,51.5471447141143],[0.232230340241559,51.5473693311694],[0.232241329380464,51.5475939482156],[0.23225231866769,51.5478185652529],[0.232612581978225,51.5478117095224],[0.232972845140494,51.547804852685],[0.233333108154471,51.5477979947408],[0.233693371020132,51.5477911356897],[0.234053633737454,51.5477842755318],[0.234064632493352,51.5480088923965],[0.234075631397695,51.5482335092522],[0.234086630450483,51.548458126099],[0.233726362140895,51.5484649863551],[0.233366093682959,51.5484718455044],[0.233377089155922,51.5486964624077],[0.233388084777288,51.5489210793021],[0.233027812442722,51.54892793741],[0.233038806348307,51.5491525543282],[0.233399080547062,51.5491456961876],[0.233410076465245,51.5493703130641],[0.233049800402276,51.5493771712374],[0.233060794604633,51.5496017881377],[0.233071788955381,51.549826405029],[0.233082783454521,51.5500510219114],[0.233093778102058,51.5502756387849],[0.233104772897992,51.5505002556494],[0.233115764899478,51.5507248718741],[0.233476052284795,51.550718013535],[0.23348704617405,51.5509426296928],[0.233847335317838,51.5509357702245],[0.234207624310501,51.5509289096485],[0.234567913152011,51.5509220479649],[0.234578912921238,51.5511466640497],[0.23493920352116,51.5511398012368],[0.234950205351268,51.5513644172917],[0.235310497709594,51.5513575533495],[0.235670789916689,51.5513506882997],[0.236031081972526,51.5513438221421],[0.236042089682824,51.5515684381239],[0.236402383497005,51.5515615708371],[0.236413393268325,51.551786186789],[0.236424403191044,51.5520108027326],[0.236784700673234,51.5520039342948],[0.236795712657051,51.5522285502085],[0.236806724792298,51.552453166114],[0.237167025942558,51.5524462965251],[0.237178040138978,51.5526709124007],[0.237538343047608,51.5526640416824],[0.237549359305248,51.5528886575281],[0.237560375714375,51.5531132733654],[0.23757139227499,51.5533378891945],[0.237931700761576,51.5533310173035],[0.237942719383514,51.5535556331027],[0.2383030296285,51.5535487600822],[0.238663339722029,51.553541885954],[0.239023649664074,51.553535010718],[0.239034674167087,51.5537596264438],[0.238674362315192,51.5537665017015],[0.238685385059924,51.5539911174408],[0.238325071146667,51.5539979916124],[0.23833609213307,51.5542226073651],[0.238347113271022,51.5544472231095],[0.238358134560526,51.5546718388456],[0.238369156001586,51.5548964545735],[0.238729477554591,51.5548895803151],[0.238740501057206,51.5551141960131],[0.238380177594203,51.5551210702932],[0.238019853979724,51.5551279434654],[0.238030873813877,51.5553525591985],[0.23767054813792,51.5553594312846],[0.237681566213559,51.5555840470311],[0.237692584440717,51.5558086627693],[0.237703602819392,51.5560332784993],[0.237343271261771,51.5560401495426],[0.237332254793197,51.555815533791],[0.236971924994269,51.5558224037048],[0.236960910587272,51.5555977879232],[0.236949896331743,51.5553731721334],[0.236938882227681,51.5551485563353],[0.236578558007546,51.5551554250763],[0.236567545964957,51.5549308092483],[0.236927868275081,51.554923940529],[0.236916854473941,51.5546993247144],[0.236556534073805,51.5547061934121],[0.236545522334085,51.5544815775675],[0.236534510745796,51.5542569617148],[0.236523499308937,51.5540323458537],[0.236512488023503,51.5538077299844],[0.236501476889492,51.5535831141069],[0.236141165887592,51.5535899815885],[0.236130156814845,51.553365365681],[0.236119147893493,51.5531407497653],[0.236108139123529,51.5529161338413],[0.236097130504956,51.5526915179091],[0.235736826990988,51.5526983841964],[0.235725820433549,51.5524737682343],[0.235714814027469,51.5522491522639],[0.235354514181708,51.5522560174003],[0.235343509836688,51.5520314014],[0.235332505642998,51.5518067853914],[0.234972209465381,51.5518136493768],[0.234611913136552,51.5518205122546],[0.234622913510877,51.5520451283063],[0.234262615121174,51.552051990098],[0.233902316580306,51.5520588507819],[0.233891320025358,51.551834234687],[0.233531023243043,51.5518410942416],[0.233170726309616,51.5518479526885],[0.232810429225101,51.5518548100278],[0.232799438550395,51.5516301938599],[0.232439143224492,51.5516370500699],[0.232428154610593,51.5514124338721],[0.232417166147819,51.5511878176661],[0.232777457654442,51.5511809614992],[0.232766467433191,51.5509563453065],[0.232755477363086,51.5507317291056],[0.232395189675646,51.5507385852294],[0.23238420166624,51.5505139689986],[0.232023915737332,51.5505208239932],[0.232012926652063,51.5502962070559],[0.231652643374135,51.5503030612656],[0.231663630344172,51.550527678157],[0.231303349279807,51.5505345330186],[0.231314331596749,51.5507591493028],[0.230954048658402,51.5507660031286],[0.230593765579873,51.5507728558497],[0.230233482361184,51.550779707466],[0.230244459617009,51.5510043239457],[0.230255437013069,51.5512289404143],[0.230266414549368,51.5514535568718],[0.230277392225906,51.551678173318],[0.230288370042687,51.5519027897532],[0.230299347999713,51.5521274061771],[0.230310326096986,51.55235202259],[0.230670621452806,51.5523451704912],[0.230681601424295,51.5525697868239],[0.230321304334509,51.5525766389916],[0.230332282712285,51.5528012553821],[0.230343261230315,51.5530258717615],[0.230354239888601,51.5532504881297],[0.230365218687148,51.5534751044867],[0.230376197625956,51.5536997208326],[0.230387176705028,51.5539243371673],[0.230398155924367,51.5541489534909],[0.230409135283975,51.5543735698033],[0.230420114783854,51.5545981861045],[0.230431094424007,51.5548228023947],[0.230442074204435,51.5550474186736],[0.230453054125143,51.5552720349414],[0.230464034186132,51.555496651198],[0.230475014387404,51.5557212674435],[0.230485994728961,51.5559458836778],[0.230496975210807,51.556170499901],[0.230136650234303,51.5561773520666],[0.230147629122088,51.5564019683475],[0.230158608150143,51.5566265846173],[0.230518936595373,51.5566197323138],[0.230529917498097,51.5568443485035],[0.23016958731847,51.5568512008759],[0.229809256998664,51.5568580521433],[0.229798279564736,51.5566334358158],[0.229437950839174,51.5566402859093],[0.229426975279875,51.5564156695016],[0.229787302271057,51.5564088194771],[0.229776325117628,51.5561842031272],[0.229765348104442,51.5559595867662],[0.2297543712315,51.555734970394],[0.230114692879536,51.5557281194713],[0.230103714412548,51.5555035031568],[0.230092736085821,51.5552788868313],[0.229732417906336,51.5552857376163],[0.229721441454109,51.5550611212106],[0.230081757899352,51.5550542704946],[0.230070779853139,51.5548296541467],[0.229710465142116,51.5548365047938],[0.229699488970353,51.5546118883659],[0.230059801947181,51.5546050377877],[0.230048824181474,51.5543804214175],[0.230037846556014,51.5541558050362],[0.229677537047511,51.5541626554766],[0.229666561296427,51.5539380390152],[0.230026869070802,51.5539311886437],[0.230015891725834,51.55370657224],[0.229655585685566,51.5537134225426],[0.229644610214922,51.5534888060589],[0.229633634884495,51.553264189564],[0.229622659694283,51.553039573058],[0.229611684644282,51.5528149565408],[0.229600709734491,51.5525903400125],[0.229589734964908,51.552365723473],[0.229578760335529,51.5521411069224],[0.229567785846352,51.5519164903606],[0.229556811497375,51.5516918737876],[0.229545837288595,51.5514672572035],[0.229534863220011,51.5512426406083],[0.229523889291619,51.5510180240019],[0.229512915503418,51.5507934073843],[0.229501941855404,51.5505687907556],[0.22949096626535,51.550344173547],[0.229479990126348,51.5501195561374],[0.229469014132637,51.5498949387161],[0.229458038284214,51.5496703212833],[0.2290977637099,51.5496771692358],[0.229086789824117,51.5494525517149],[0.228726516921976,51.5494593984867],[0.228366243874679,51.5494662441542],[0.228355273768822,51.5492416264688],[0.227995002393731,51.5492484709556],[0.227984034250397,51.5490238531821],[0.227623764547516,51.5490306964883],[0.227612798366661,51.5488060786267],[0.227252530335994,51.5488129207522],[0.226892262160276,51.5488197617735],[0.22690322470654,51.5490443797879],[0.226542954568493,51.5490512197813],[0.226531993839528,51.5488266016906],[0.226171725373774,51.5488334405034],[0.225811456763037,51.5488402782119],[0.225800499813721,51.5486156599568],[0.22544023287531,51.5486224964847],[0.225429277888294,51.5483978781416],[0.225069012622213,51.548404713489],[0.224708747211225,51.5484115477321],[0.224348481655354,51.548418380871],[0.224337532265079,51.5481937622872],[0.223977268381596,51.5482005942456],[0.223966320953486,51.5479759755738],[0.223606058742395,51.5479828063516],[0.223245796386497,51.5479896360252],[0.223234852737711,51.5477650171891],[0.222874592054237,51.5477718456822],[0.222863650367503,51.5475472267583],[0.22285270882561,51.5473226078227],[0.222492451631729,51.547329435059],[0.222503391356458,51.5475540540709],[0.222143132200681,51.5475608802793],[0.221782872900196,51.5475677053834],[0.221793809135362,51.5477923245362],[0.221433547872999,51.5477991486125],[0.221073286465973,51.5478059715846],[0.221062353865197,51.5475813522792],[0.221051421409146,51.5473567329622],[0.221040489097817,51.5471321136337],[0.220680232997679,51.5471389352727],[0.220669302648198,51.5469143158563],[0.220658372443412,51.5466896964283],[0.220647442383316,51.5464650769887],[0.220636512467908,51.5462404575375],[0.220276263491547,51.5462472777674],[0.219916014370611,51.5462540968932],[0.219555765105124,51.5462609149147],[0.219544840785525,51.5460362952232],[0.21953391661054,51.5458116755201],[0.219173670834593,51.5458184922852],[0.218813424914145,51.545825307946],[0.218802504517771,51.5456006880789],[0.218791584265959,51.5453760682002],[0.218431341835022,51.5453828826045],[0.218420423544726,51.545158262638],[0.218060182786301,51.545165075862],[0.217699941883454,51.5451718879819],[0.21733970083621,51.5451786989977],[0.216979459644592,51.5451855089094],[0.216990370667034,51.5454101291806],[0.217350613675619,51.5454033191928],[0.217361526659494,51.5456279393762],[0.217001281833918,51.5456347494402],[0.216641036863986,51.5456415584001],[0.216630127514095,51.5454169380643],[0.216269884216828,51.5454237458439],[0.215909640775254,51.5454305525194],[0.215549397189399,51.5454373580907],[0.215538493434851,51.5452127375149],[0.215178251521717,51.545219541906],[0.215167349728471,51.5449949212425],[0.215156448079548,51.5447703005675],[0.215145546574943,51.5445456798808],[0.214785317189239,51.5445524831796],[0.214774417927386,51.5443278624066],[0.214763518808262,51.5441032416214],[0.214752619831864,51.543878620824],[0.214392398387857,51.5438854228471],[0.214381501345276,51.5436608019499],[0.214370604445393,51.5434361810405],[0.214010386440948,51.5434429817853],[0.213999491474811,51.5432183607762],[0.213988596651344,51.5429937397548],[0.2136283820864,51.5430005392215],[0.213617489196608,51.5427759181004],[0.213257276280121,51.5427827163763],[0.213246385323956,51.5425580951555],[0.213235494510408,51.5423334739225],[0.212875285033348,51.5423402709203],[0.212864396283351,51.5421156493406],[0.212504188438001,51.5421224451785],[0.212493301933671,51.5418978229023],[0.212133095725836,51.5419046175667],[0.212122211142621,51.5416799952102],[0.211762006572306,51.541686788701],[0.211401801860276,51.5416935810875],[0.211041597006554,51.5417003723695],[0.211052476251979,51.5419249949332],[0.21069226947732,51.5419317851798],[0.210332062561014,51.541938574322],[0.209971855503081,51.5419453623598],[0.209611648303547,51.5419521492931],[0.209622520573561,51.5421767721217],[0.209262311458679,51.5421835580085],[0.208902102206372,51.5421903427822],[0.208541892811823,51.5421971264526],[0.208531025855561,51.5419725034664],[0.208170818089848,51.541979285982],[0.208159953078632,51.5417546628662],[0.207799746950719,51.5417614442084],[0.207788883860346,51.5415368210125],[0.207778020911527,51.5413121978055],[0.207417818200662,51.5413189779053],[0.207406957172614,51.5410943546181],[0.207396096286092,51.5408697313198],[0.207385235541093,51.5406451080104],[0.207025038026395,51.5406518867989],[0.207014179202071,51.5404272634094],[0.207003320519242,51.5402026400087],[0.206643126421431,51.5402094175549],[0.206632269659206,51.5399847940742],[0.206621413038448,51.5397601705822],[0.206261222357464,51.5397669468862],[0.206250367657239,51.5395423233142],[0.206239513098453,51.5393176997311],[0.206228658681105,51.5390930761368],[0.206217804405191,51.5388684525313],[0.20620695027071,51.5386438289148],[0.205846768343496,51.5386506037698],[0.2058359161294,51.5384259800731],[0.205825064056708,51.5382013563653],[0.205814212125418,51.5379767326464],[0.205454035393693,51.5379835061904],[0.205093858520686,51.5379902786301],[0.205083010288575,51.5377656547622],[0.204722835053202,51.5377724260287],[0.204711988741312,51.5375478020808],[0.205072162197816,51.5375410308831],[0.205061314248405,51.537316406993],[0.204701142570748,51.5373231781217],[0.204690296541508,51.5370985541515],[0.204330126501449,51.5371053241071],[0.203969956320186,51.5371120929584],[0.203980798791771,51.5373367170663],[0.203620626690496,51.5373434848823],[0.203260454448062,51.5373502515939],[0.203271293503213,51.5375748758284],[0.202911119340783,51.5375816415047],[0.202921956758286,51.5378062657969],[0.2032821326996,51.5377995000519],[0.203292972037222,51.5380241242641],[0.203303811516084,51.5382487484652],[0.203314651136186,51.5384733726552],[0.203325490897533,51.538697996834],[0.202965307840462,51.5387047628545],[0.202605124642264,51.5387115277706],[0.202244941302959,51.5387182915824],[0.202234106878541,51.538493667197],[0.202223272595299,51.5382690428005],[0.201863092672851,51.5382758053703],[0.201852260309716,51.5380511808939],[0.201492082025152,51.5380579422906],[0.201481251582079,51.5378333177342],[0.201470421280127,51.5376086931666],[0.201459591119294,51.537384068588],[0.201099418030383,51.5373908286739],[0.201088589789515,51.5371662040154],[0.201448761099578,51.5371594439982],[0.201437931220977,51.5369348193972],[0.201798100611198,51.5369280583446],[0.201787269094909,51.5367034338013],[0.201776437719752,51.5364788092469],[0.201416271887109,51.5364855701619],[0.201405442431836,51.5362609455276],[0.201394613117669,51.5360363208821],[0.201383783944603,51.5358116962254],[0.201023623307146,51.5358184558298],[0.201012796053869,51.5355938310933],[0.201001968941665,51.5353692063456],[0.200641811720583,51.5353759647082],[0.200630986528095,51.5351513398805],[0.200620161476654,51.5349267150418],[0.200260007671888,51.5349334721626],[0.200249184540092,51.5347088472439],[0.199889032373002,51.5347156031918],[0.199878211160803,51.5344909781933],[0.200238361549315,51.5344842223141],[0.200227538699554,51.5342595973732],[0.200587687168589,51.5342528404587],[0.20057686268131,51.5340282155753],[0.200216715990807,51.5340349724211],[0.200205893270538,51.5338103482799],[0.199845748248714,51.5338171037995],[0.19948560308461,51.533823858216],[0.199496422187074,51.5340484828002],[0.199136275073889,51.5340552363335],[0.199147092447027,51.5342798614918],[0.199157909961111,51.534504486639],[0.199168727616141,51.5347291117751],[0.198808575026418,51.5347358644104],[0.198797759149974,51.5345112392056],[0.198437608198008,51.5345179906681],[0.198426794241055,51.5342933653834],[0.198066637503124,51.5343001147036],[0.198055825167219,51.5340754893151],[0.197695669013124,51.5340822373404],[0.197684858544514,51.5338576118827],[0.197324703982002,51.5338643587445],[0.197313894653555,51.5336397375069],[0.197303085403062,51.5334151166098],[0.196942934202087,51.5334218619311],[0.196932126828255,51.5331972408647],[0.196571977227251,51.5332039849338],[0.196561171730034,51.5329793636982],[0.196201023729008,51.5329861065152],[0.196190220108362,51.5327614851103],[0.195830073707316,51.5327682266752],[0.195819271963194,51.5325436051011],[0.195808470357375,51.5323189835107],[0.195448327294493,51.5323257236705],[0.195088184093424,51.5323324627314],[0.194728040754189,51.5323392006932],[0.194738837145468,51.5325638227427],[0.194378691929907,51.5325705597585],[0.194367897276812,51.532345937556],[0.194007753661316,51.5323526733198],[0.193996960884595,51.5321280509481],[0.193636818869167,51.5321347854599],[0.193626027968776,51.531910162919],[0.193615237206544,51.5316855403619],[0.193255098529314,51.5316922734687],[0.19324430964334,51.5314676507424],[0.19288417256617,51.5314743825973],[0.19287338555641,51.5312497597018],[0.192862598684757,51.5310251367902],[0.192502464945709,51.5310318672401],[0.192513250079301,51.5312564903047],[0.192153114464195,51.5312632198086],[0.191792978711116,51.5312699482136],[0.191782197053654,51.5310453248431],[0.19177141553423,51.5308207014564],[0.19176063415284,51.5305960780535],[0.191749852909483,51.5303714546344],[0.191739071804157,51.5301468311992],[0.191728290836858,51.5299222077478],[0.191717510007585,51.5296975842802],[0.191357386282557,51.5297043105156],[0.191346607329218,51.5294796868788],[0.191335828513877,51.5292550632259],[0.190975708126739,51.5292617880566],[0.19096493118726,51.5290371642345],[0.191325049836531,51.5290304395568],[0.19131427129718,51.5288058158715],[0.191674388070702,51.5287990902478],[0.191663607931522,51.5285744666993],[0.192023722829302,51.5285677401297],[0.192383837589136,51.5285610124611],[0.192394621203949,51.5287856357038],[0.192405404956821,51.5290102589303],[0.192765523054336,51.529003529857],[0.193125641013856,51.5289967996848],[0.193114853785315,51.5287721767642],[0.193104066694879,51.5285475538274],[0.193464181040743,51.5285408228623],[0.193824295248571,51.5285340907983],[0.193813504820668,51.5283094681513],[0.194173617152658,51.5283027351414],[0.194162825125142,51.5280781126312],[0.194522935581298,51.5280713786754],[0.194512141954213,51.527846756302],[0.194501348465314,51.5276221339123],[0.194141241484602,51.5276288675621],[0.194130449871572,51.5274042450033],[0.194119658396701,51.5271796224283],[0.193759554753276,51.5271863546733],[0.193748765154206,51.5269617319292],[0.193388663110385,51.5269684629224],[0.193028560928546,51.5269751928168],[0.193017774942858,51.5267505697505],[0.193006989095253,51.5265259466681],[0.192646890250654,51.5265326751578],[0.192636106278715,51.5263080519062],[0.19262532244483,51.5260834286384],[0.192614538748999,51.5258588053544],[0.19260375519122,51.5256341820543],[0.192243663158865,51.5256409088335],[0.192232881410496,51.5254162895251],[0.192222099718729,51.5251916755579],[0.192211318169982,51.5249670615863],[0.192200536764251,51.5247424476103],[0.191840451832064,51.5247491730638],[0.191829672390005,51.5245245591271],[0.191469589135576,51.5245312835137],[0.191458811657142,51.5243066696163],[0.191448034321672,51.5240820557144],[0.191437257129161,51.5238574418082],[0.191426480079608,51.5236328278976],[0.19178655605163,51.5236261033363],[0.19179733492175,51.5238507172906],[0.192157412571446,51.5238439916625],[0.192146631880762,51.5236193776646],[0.19250670756698,51.5236126508825],[0.19286678311026,51.5236059229899],[0.192855998921504,51.5233813089004],[0.192845214875794,51.5231566948064],[0.192485142973564,51.5231634227863],[0.192474360891387,51.5229388087316],[0.192834430973129,51.5229320807081],[0.192823647213505,51.5227074666054],[0.192463578952228,51.5227141946725],[0.192452797156085,51.522489580609],[0.192092730572326,51.5224963076093],[0.191732663845664,51.5225030334993],[0.191372596976125,51.5225097582788],[0.19101252996373,51.522516481948],[0.190652462808505,51.5225232045067],[0.190641690257507,51.5222985906571],[0.190630917849404,51.5220739768032],[0.190620145584191,51.5218493629448],[0.190980207278192,51.521842640255],[0.190969433335508,51.5216180263486],[0.190609373461868,51.5216247490821],[0.190598601482431,51.5214001352149],[0.190238543286334,51.5214068568817],[0.190227773270098,51.5211822430538],[0.19021700339672,51.5209576292216],[0.190577057952208,51.5209509074675],[0.190937112364904,51.520944184603],[0.191297166634787,51.5209374606283],[0.191657220761833,51.5209307355432],[0.192017274746017,51.5209240093477],[0.192377328587317,51.520917282042],[0.192737382285708,51.5209105536259],[0.193097435841168,51.5209038240995],[0.193108220276826,51.5211284382809],[0.193468275509603,51.5211217076877],[0.193479061908603,51.5213463219083],[0.193839118818695,51.5213395902485],[0.193849907181084,51.5215642045083],[0.194209965768483,51.5215574717816],[0.194220756094308,51.5217820860807],[0.19458081635901,51.5217753522873],[0.194940876480652,51.5217686173835],[0.195300936459211,51.5217618813693],[0.195660996294663,51.5217551442448],[0.195650198687506,51.5215305297715],[0.195639401223563,51.5213059152938],[0.195999457275254,51.5212991769718],[0.196359513183795,51.5212924375395],[0.196370314288342,51.5215170521042],[0.196730371874009,51.5215103116051],[0.197090429316476,51.5215035699955],[0.197450486615722,51.5214968272756],[0.19781054377172,51.5214900834454],[0.198170600784448,51.5214833385048],[0.198530653338888,51.5214765905712],[0.198541465182839,51.5217012052789],[0.198901513067083,51.5216944535716],[0.199261560808741,51.5216877007503],[0.199272376410918,51.5219123156638],[0.199632425817752,51.5219055618318],[0.199992475081948,51.5218988068858],[0.1999816558642,51.5216741917657],[0.200341703177956,51.5216674356025],[0.20070175034903,51.5216606783253],[0.201061797377399,51.5216539199341],[0.201421844263041,51.521647160429],[0.201781891005932,51.5216403998098],[0.201771062892156,51.5214157841729],[0.202131107684526,51.5214090223365],[0.202141937606048,51.5216336380767],[0.202501984063366,51.5216268752295],[0.202862030377861,51.5216201112684],[0.202851196840855,51.5213954953219],[0.203211241204768,51.5213887301436],[0.203571285425814,51.5213819638514],[0.203582122578295,51.5216065800042],[0.203592959873749,51.5218311961563],[0.203603797312179,51.5220558123076],[0.203614634893584,51.5222804284582],[0.203254583441454,51.5222871943378],[0.203265419358011,51.5225118103844],[0.203276255417528,51.5227364264303],[0.202916200206834,51.5227431909895],[0.202927034601434,51.5229678069314],[0.203287091620006,51.5229610424754],[0.203297927965448,51.5231856585197],[0.203657986649035,51.5231788930528],[0.204018045189712,51.5231721264719],[0.204028885293964,51.5233967427218],[0.204388945499627,51.5233899751299],[0.204399787554833,51.5236145914822],[0.204410629753081,51.5238392078337],[0.204421472094373,51.5240638241845],[0.204432314578711,51.5242884405346],[0.204072247141146,51.5242952077138],[0.204083087960498,51.5245198239599],[0.203723018571954,51.5245265899219],[0.203733857726275,51.5247512060641],[0.203744697023602,51.5249758222055],[0.20375553646394,51.5252004383461],[0.204115611276733,51.5251936726937],[0.204475685946571,51.5251869059271],[0.204486529146176,51.5254115222733],[0.204497371569371,51.5256361402015],[0.204857449760014,51.525629372342],[0.204868293342997,51.5258539915232],[0.204879137068614,51.5260786106922],[0.205239218717966,51.5260718415576],[0.205250064386878,51.5262964606282],[0.205260910198453,51.5265210796866],[0.205620995306575,51.5265143092768],[0.205631843061516,51.5267389282368],[0.205991929827741,51.5267321566381],[0.206002779526097,51.5269567754997],[0.206362867950422,51.526950002712],[0.206373719592239,51.5271746214752],[0.206733809674657,51.5271678474985],[0.206744663259981,51.5273924661632],[0.207104755000488,51.5273856909975],[0.207464846598293,51.527378914729],[0.207475703927955,51.527603533209],[0.207835797183818,51.5275967557514],[0.207846656457101,51.527821374133],[0.208206751371017,51.5278145954863],[0.208566846142156,51.5278078157369],[0.20857770915993,51.5280324339337],[0.208937805589091,51.5280256529951],[0.209297901875426,51.5280188709537],[0.209308768637777,51.5282434889658],[0.209668866582103,51.5282367057353],[0.209679735288255,51.5284613236489],[0.20969060413737,51.5286859415502],[0.210050705540566,51.5286791570443],[0.210061576333554,51.5289037748471],[0.210072447269534,51.5291283926378],[0.210083318348509,51.5293530104162],[0.210443425011585,51.5293462245484],[0.210454298034529,51.5295708422283],[0.210814406355644,51.5295640551713],[0.210825281322606,51.5297886727527],[0.211185391301753,51.5297818845065],[0.211545501137914,51.5297750951574],[0.211556379849954,51.5299997125539],[0.211916491344116,51.5299929220155],[0.212276602695246,51.5299861303743],[0.212636713903318,51.5299793376302],[0.212625829788254,51.5297547204928],[0.212614945816356,51.5295301033432],[0.212604061987617,51.5293054861815],[0.212964167649667,51.5292986925936],[0.21332427316862,51.5292918979029],[0.213684378544452,51.5292851021094],[0.214044483777141,51.529278305213],[0.214404588866662,51.5292715072138],[0.214764693812994,51.5292647081117],[0.215124799409591,51.5292579073824],[0.215484907808941,51.5292511035967],[0.215845016060014,51.5292442987],[0.216205124162785,51.5292374926922],[0.216565232117231,51.5292306855733],[0.216925339923326,51.5292238773435],[0.217285447581048,51.5292170680026],[0.217645555090369,51.5292102575506],[0.218005662451266,51.5292034459876],[0.217994750962245,51.5289788290808],[0.218354856291141,51.5289720163583],[0.218714961471568,51.5289652025247],[0.219075066503498,51.5289583875801],[0.219064149512427,51.5287337705238],[0.219053232669951,51.5285091534634],[0.219042315976068,51.5282845363991],[0.219031399430774,51.5280599193307],[0.219020483034068,51.5278353022583],[0.219380578500118,51.5278284859604],[0.219369660368596,51.5276038688355],[0.21935874238568,51.5273792517065],[0.219347824551367,51.5271546345736],[0.219336906865656,51.5269300174367],[0.219325989328542,51.5267054002957],[0.219686075229313,51.5266985826446],[0.219675155957519,51.5264739654512],[0.219664236834341,51.5262493482537],[0.219653317859779,51.5260247310522],[0.219642399033828,51.5258001138467],[0.2200024772531,51.5257932948909],[0.219991556692579,51.525568677633],[0.219980635117742,51.5253440589232],[0.219969713325708,51.5251194397532],[0.21995879168054,51.5248948205759],[0.220318862253241,51.5248880004045],[0.220307938900834,51.5246633812241],[0.22029701569531,51.5244387620365],[0.220286092636666,51.5242141428417],[0.2202751697249,51.5239895236396],[0.220264246960008,51.5237649044304],[0.220253324341989,51.5235402852139],[0.22061338364365,51.5235334639597],[0.220602459318547,51.5233088447401],[0.220591535140335,51.5230842255134],[0.220951590587291,51.5230774031598],[0.220962516619431,51.5233020223824],[0.221322573773468,51.523295198917],[0.221311645887402,51.5230705796986],[0.221300718148273,51.5228459604729],[0.221289790556077,51.52262134124],[0.221649842001544,51.5226145166795],[0.221638912702427,51.5223898974435],[0.221998962147158,51.5223830717796],[0.221988031141167,51.5221584525406],[0.221977100282149,51.5219338332944],[0.222337145872348,51.5219270065312],[0.222326213306527,51.521702387282],[0.222315280887695,51.5214777680255],[0.222304348615855,51.5212531487619],[0.222293416491,51.521028529491],[0.22228248451313,51.5208039102129],[0.222642520687772,51.5207970823631],[0.222631587003229,51.5205724630819],[0.222271552682241,51.5205792909276],[0.222260620998332,51.520354671635],[0.221900588384064,51.520361498369],[0.22154055562291,51.5203683239954],[0.2215296277932,51.5201437046873],[0.221169596738798,51.5201505292021],[0.220809565537561,51.5201573526093],[0.220449534189512,51.520164174909],[0.220438612067509,51.5199395555813],[0.220078582426271,51.5199463767694],[0.219718552638273,51.51995319685],[0.219358522703537,51.5199600158231],[0.21934760628912,51.5197353964758],[0.218987578061255,51.5197422143373],[0.218627549686703,51.5197490310913],[0.218267521165489,51.5197558467379],[0.217907492497639,51.519762661277],[0.217547463683174,51.5197694747086],[0.217558370829652,51.5199940940764],[0.217569278122793,51.520218713437],[0.217209245454525,51.5202255257692],[0.217220151040689,51.5204501451266],[0.2172310567735,51.5206747644769],[0.216871020251346,51.5206815757097],[0.216860116372204,51.5204569563554],[0.216500081557172,51.5204637664767],[0.216140046595614,51.5204705754904],[0.215780011487554,51.5204773833967],[0.215419976233018,51.5204841901954],[0.21505994083203,51.5204909958866],[0.214699906577683,51.520497798206],[0.21433987221995,51.5205045993409],[0.213979837718632,51.5205113993619],[0.213968948717432,51.5202867802183],[0.213958059859867,51.5200621610739],[0.213947171145932,51.5198375419288],[0.213936282575629,51.519612922783],[0.213576255160897,51.5196197221015],[0.213587141923699,51.5198443411445],[0.213227112557934,51.5198511392462],[0.213237997656815,51.5200757581855],[0.212877966340012,51.5200825550703],[0.212867083048662,51.5198579362339],[0.212507053395905,51.5198647321077],[0.212496172055625,51.5196401133735],[0.212136144066919,51.5196469082363],[0.212125264677662,51.5194222896042],[0.212114385431912,51.5191976709715],[0.211754360914731,51.5192044649262],[0.211743483619932,51.5189798463956],[0.211383460766792,51.5189866393393],[0.211372585422898,51.518762020911],[0.211012564233803,51.5187688128437],[0.211001690840767,51.5185441945176],[0.210641671315724,51.5185509854393],[0.210630799873498,51.5183263672154],[0.210270782012512,51.5183331571263],[0.210259912521051,51.5181085390046],[0.209899896324126,51.5181153279045],[0.209889028783383,51.5178907098851],[0.209529014250524,51.5178974977741],[0.209518148660454,51.5176728798569],[0.209158135791666,51.517679666735],[0.209147272152221,51.5174550489201],[0.208787260947509,51.5174618347874],[0.2084272495996,51.5174686195408],[0.208416389718015,51.5172440019311],[0.208056380034213,51.5172507856738],[0.208045519430614,51.5170261651983],[0.208405527326178,51.5170193813484],[0.208394664069952,51.5167947596382],[0.208383800945755,51.5165701379168],[0.208743805465906,51.5165633530997],[0.208732940852046,51.5163387314354],[0.209092943618522,51.5163319455831],[0.209082077515043,51.5161073239758],[0.209071211543627,51.5158827023575],[0.209431210934793,51.515875915538],[0.209420343473821,51.5156512939767],[0.209060345704276,51.515658080728],[0.208700347802732,51.5156648663759],[0.208689483717041,51.5154402446672],[0.208329487305122,51.5154470291435],[0.20831862497305,51.5152224073555],[0.20795863005076,51.5152291906602],[0.207947769472264,51.515004568793],[0.207587776039606,51.5150113509261],[0.207227782475039,51.5150181319558],[0.207216925271622,51.5147935099412],[0.206856933196714,51.5148002897994],[0.206846077746768,51.5145756677056],[0.206486087161523,51.5145824463922],[0.206126096444435,51.5145892239755],[0.206115244369426,51.5143646017344],[0.205755255142027,51.5143713781461],[0.205744404820384,51.5141467558258],[0.205384417082678,51.5141535310661],[0.205024429213196,51.5141603052029],[0.20501358226635,51.5139356827354],[0.204653595886587,51.5139424557008],[0.204642750693002,51.5137178331541],[0.204282765802963,51.513724604948],[0.204271922362596,51.5134999823222],[0.204261079053988,51.5132753596852],[0.204250235877138,51.5130507370371],[0.204610215902937,51.5130439654473],[0.20459937123647,51.5128193428562],[0.204959349509175,51.5128125702311],[0.204948503353136,51.512587947697],[0.204937657328891,51.5123633251518],[0.205297632227186,51.5123565515595],[0.205308479872754,51.5125811740366],[0.205668456260612,51.5125743992729],[0.206028432516687,51.5125676234059],[0.206039283536754,51.5127922457358],[0.206399261282365,51.5127854686973],[0.20675923889615,51.5127786905555],[0.20711921637809,51.5127719113104],[0.207108360494015,51.5125472891848],[0.207468336222756,51.5125405089044],[0.207457478849292,51.5123158868359],[0.207097504741861,51.5123226670481],[0.206737530502568,51.512329446157],[0.206726676503625,51.5121048239411],[0.206366703753784,51.5121116018786],[0.206006730872123,51.5121183787128],[0.205995880247622,51.5118937563495],[0.206355851508009,51.5118869795834],[0.206344999394106,51.5116623572772],[0.205985029754972,51.5116691339752],[0.205625059984045,51.5116759095699],[0.205265090081345,51.5116826840613],[0.205254242963013,51.5114580615398],[0.204894274549797,51.5114648348599],[0.204905120046892,51.5116894574495],[0.204545149880707,51.5116962297343],[0.204534306004853,51.5114716070766],[0.2041743373282,51.5114783781901],[0.204163495205327,51.5112537554533],[0.203803528018209,51.5112605253954],[0.203792687648275,51.5110359025795],[0.203432721950696,51.5110426713503],[0.203421883333658,51.5108180484552],[0.203061919125621,51.5108248160547],[0.203051082261435,51.5106001930806],[0.203040245528917,51.5103755700953],[0.202680284431571,51.5103823364555],[0.202669449451838,51.5101577133911],[0.202309489844023,51.5101644785801],[0.202298656617033,51.5099398554367],[0.201938698498752,51.5099466194544],[0.201949530104635,51.5101712426659],[0.201589570233697,51.5101780056484],[0.201600400350049,51.5104026289168],[0.201240438726449,51.510409390864],[0.201251267353226,51.5106340141892],[0.200891303976961,51.5106407751012],[0.20090213111412,51.5108653984833],[0.200542165985183,51.5108721583599],[0.200182200724771,51.5108789171332],[0.200193024751069,51.5111035406401],[0.200203848908865,51.511328164136],[0.19984388027457,51.5113349219419],[0.19985470294262,51.5115595454946],[0.199494732555637,51.5115663022652],[0.199505553733899,51.5117909258747],[0.199145581594224,51.5117976816099],[0.199156401282655,51.5120223052763],[0.198796427390283,51.5120290599761],[0.198807245588839,51.5122536836993],[0.198447269943765,51.5122604373637],[0.198458086652404,51.5124850611437],[0.198098102225715,51.5124918094658],[0.197738115881096,51.5124985555913],[0.197748929608105,51.5127231796252],[0.197388941429699,51.5127299246954],[0.197399753594795,51.5129545487685],[0.197410565895839,51.5131791728316],[0.197050574185735,51.5131859168956],[0.19669058233974,51.513192659855],[0.196701391380877,51.5134172840064],[0.19634139770108,51.5134240259104],[0.195981403885434,51.51343076671],[0.195992209666567,51.5136553909496],[0.195632214017134,51.5136621306937],[0.195643018236153,51.5138867549725],[0.195653822591018,51.5141113792413],[0.195293823409786,51.5141181179791],[0.195304626202473,51.514342742287],[0.19494462518742,51.5143494799693],[0.194584624036595,51.514356216547],[0.194595423569003,51.5145808409431],[0.194235420584371,51.5145875764653],[0.194246218554487,51.5148122009006],[0.193886213736044,51.5148189353672],[0.193526208781889,51.5148256687293],[0.193537003491562,51.5150502932527],[0.19317699670361,51.5150570255592],[0.193187789850878,51.5152816501217],[0.192827781229123,51.5152883813727],[0.192838572813941,51.5155130059742],[0.192478562358379,51.5155197361696],[0.192489352380705,51.5157443608102],[0.19212934009133,51.51575108995],[0.192140128551116,51.5159757146296],[0.191780114427925,51.5159824427138],[0.191790901325128,51.5162070674325],[0.191430885368115,51.516213794461],[0.19107086927553,51.5162205203849],[0.191081652911851,51.5164451451916],[0.190721634985458,51.5164518700599],[0.190732417059083,51.5166764949056],[0.190372397298877,51.5166832187181],[0.190361616923536,51.5164585938235],[0.190350836683733,51.5162339689188],[0.190340056579469,51.5160093440042],[0.189980041778542,51.5160160665652],[0.189969263508031,51.5157914415918],[0.189958485373033,51.5155668166083],[0.189598473833042,51.5155735379668],[0.189587697531728,51.5153489129245],[0.18922768755446,51.5153556331295],[0.189216913086787,51.5151310080283],[0.188856904672247,51.5151377270797],[0.188846132038169,51.5149131019197],[0.188486125186362,51.5149198198176],[0.188475354385836,51.5146951945987],[0.188464583720722,51.5144705693699],[0.188453813191015,51.5142459441311],[0.188093811298114,51.5142526607777],[0.188083042601867,51.5140280354801],[0.187723042271667,51.5140347509732],[0.187712275408834,51.5138101256168],[0.187352276641337,51.5138168399565],[0.187341511611874,51.5135922145412],[0.186981514407088,51.5135989277275],[0.186621517067019,51.5136056398093],[0.186610755568876,51.5133810142863],[0.186250759791545,51.5133877252146],[0.186240000126663,51.5131630996329],[0.185880005912073,51.5131698094078],[0.185520011562271,51.5131765180783],[0.18516001707728,51.5131832256443],[0.185149262641533,51.512958599906],[0.184789269719335,51.5129653063186],[0.184778517116721,51.5127406805216],[0.184418525757321,51.5127473857809],[0.184407774987796,51.5125227599251],[0.184767764649275,51.5125160547147],[0.185127754175615,51.5125093483997],[0.18511700014544,51.5122847226317],[0.185106246250451,51.5120600968537],[0.185095492490645,51.5118354710657],[0.18545547678821,51.5118287637928],[0.185815460950599,51.5118220554153],[0.185804703930322,51.5115974297151],[0.18616468625969,51.5115907202821],[0.186524668453841,51.5115840097445],[0.186884650512752,51.5115772981025],[0.186873888534305,51.511352672539],[0.187233868760161,51.5113459598414],[0.187223105219232,51.5111213343167],[0.186863126691147,51.5111280469654],[0.186503148027805,51.5111347585097],[0.186143169229228,51.5111414689495],[0.186153927676838,51.5113660946208],[0.185793947045269,51.511372804005],[0.185433966278508,51.5113795122848],[0.185444721465759,51.5116041380438],[0.185084738866021,51.5116108452679],[0.18472475613113,51.5116175513876],[0.184735508057925,51.5118421772342],[0.184375523490074,51.5118488822983],[0.18436477326111,51.5116242564028],[0.18435402316728,51.5113996304973],[0.183994041859963,51.5114063343593],[0.183634060417561,51.5114130371167],[0.183644807115765,51.5116376631198],[0.183655553949059,51.5118622891128],[0.183295568975939,51.5118689908634],[0.183306314246466,51.5120936168954],[0.182946327440438,51.5121003175902],[0.182935583867775,51.5118756915095],[0.182575598624587,51.5118823910512],[0.182564856884814,51.5116577649118],[0.182554115280067,51.5114331387624],[0.182194133297545,51.511439837102],[0.181834151180048,51.5114465343372],[0.181823413105926,51.5112219080804],[0.181463430117349,51.5112286006662],[0.181103446009644,51.5112352907495],[0.181092711723272,51.5110106642213],[0.180732729371863,51.5110173531417],[0.180721997136165,51.5107927265439],[0.180362016541057,51.5107994143014],[0.180002035798813,51.5108061009551],[0.179991307517183,51.5105814742288],[0.179631328531273,51.5105881597197],[0.17927134939828,51.5105948441067],[0.178911370118228,51.51060152739],[0.178551390691143,51.5106082095694],[0.178540670170345,51.5103835825966],[0.178900647694003,51.5103769004761],[0.179260625070628,51.5103702172519],[0.17924990089006,51.5101455903864],[0.178889925416836,51.5101522735518],[0.178879203286727,51.5099276466168],[0.179239176856574,51.5099209635105],[0.179228452970167,51.509696336624],[0.179588424489612,51.5096896524728],[0.179577698846955,51.5094650256348],[0.179937668316003,51.5094583404388],[0.179926940917145,51.5092337136492],[0.180286908335801,51.5092270274085],[0.180276179180789,51.5090024006673],[0.180636144549058,51.5089957133819],[0.180625410006159,51.5087710850817],[0.180985373011467,51.5087643965839],[0.180974629963929,51.5085397652713],[0.180614668870236,51.5085464537907],[0.180603927881975,51.5083218224941],[0.180593187041373,51.5080971911916],[0.180582446348426,51.5078725598835],[0.180571705803134,51.5076479285696],[0.180560965405492,51.50742329725],[0.180550225155499,51.5071986659246],[0.180539485053153,51.5069740345936],[0.180899432766209,51.5069673459228],[0.180888690900084,51.5067427145643],[0.180877949181623,51.5065180832002],[0.18123789292417,51.5065113933776],[0.181227149442001,51.5062867619861],[0.181216406107517,51.5060621305888],[0.181205662920714,51.5058374991859],[0.181565600781513,51.50583080819],[0.181554855831094,51.5056061767597],[0.181544111028376,51.5053815453236],[0.181904046745231,51.5053748513174],[0.181893300221317,51.5051502200049],[0.182253235959249,51.5051435231737],[0.182242487963865,51.5049188919165],[0.182231740097668,51.5046942606483],[0.182220992360655,51.504469629369],[0.182580923167524,51.5044629316331],[0.182940853845163,51.5044562327941],[0.182930103036188,51.5042316016362],[0.183290031984009,51.5042249017602],[0.183279279703709,51.5040002706575],[0.183639206921715,51.5039935697445],[0.183628453170133,51.503768938697],[0.183988378658331,51.5037622367471],[0.183977623435509,51.5035376057548],[0.184337547193902,51.5035309027679],[0.184326790499883,51.5033062718309],[0.183966868341967,51.5033129747516],[0.183956113377702,51.5030883437374],[0.183596192690945,51.5030950454888],[0.183585439456394,51.5028704143975],[0.183225520240796,51.5028771149796],[0.183214768735915,51.5026524838111],[0.183204017360263,51.5024278526316],[0.183193266113837,51.5022032214411],[0.183553180528242,51.5021965210575],[0.183542427810686,51.5019718899223],[0.183902340495469,51.5019651885018],[0.183891586306826,51.5017405574218],[0.183880832247443,51.5015159263308],[0.184240741602302,51.5015092239396],[0.184600650827857,51.5015025204455],[0.184589893697164,51.5012778894759],[0.184949801193113,51.5012711849449],[0.18493904259146,51.5010465540305],[0.184579136695772,51.5010532584953],[0.184219230670764,51.501059961857],[0.184208475398912,51.5008353307993],[0.183848570844849,51.5008420329918],[0.18348866616151,51.5008487340813],[0.183477914219381,51.5006241028802],[0.183118011007012,51.5006308028004],[0.183107259593599,51.5004061711561],[0.18274735795648,51.5004128699338],[0.182387456186059,51.5004195676078],[0.182027554282358,51.5004262641783],[0.181667653761098,51.5004329593909],[0.181307761930583,51.5004396520184],[0.180947869960531,51.5004463435405],[0.180958610378602,51.5006709753348],[0.180598716323831,51.5006776657193],[0.180609454203888,51.5009022972325],[0.180620192231543,51.50112692874],[0.180260294207589,51.501133617973],[0.180271030472031,51.5013582494532],[0.180281766884051,51.5015828809276],[0.180292503443655,51.5018075123963],[0.18065240720013,51.5018008232282],[0.181012310808969,51.5017941329518],[0.181023051337933,51.502018764458],[0.181382956709996,51.5020120730949],[0.181393699297504,51.5022367046169],[0.181033792014533,51.5022433959584],[0.180673884583896,51.5022500861916],[0.180684623497199,51.5024747176647],[0.180324714007985,51.502481406768],[0.180335451157944,51.5027060382137],[0.180346188455498,51.5029306696537],[0.180356925900649,51.503155301088],[0.179997010530852,51.503161989018],[0.180007746212566,51.503386620425],[0.18001848204186,51.5036112518261],[0.179658562702357,51.5036179386045],[0.179669296768145,51.5038425699783],[0.179680030981491,51.5040672013464],[0.179320107672202,51.5040738869731],[0.179330840121971,51.5042985183138],[0.179690765342399,51.5042918327088],[0.179701499850872,51.5045164640654],[0.17934157271928,51.5045231496488],[0.179352305464132,51.504747780978],[0.179363038356529,51.5049724123015],[0.179722969310521,51.5049657267614],[0.179733704261702,51.5051903581008],[0.179373771396475,51.5051970436193],[0.17938450458397,51.5054216749313],[0.17939523791902,51.5056463062376],[0.179405971401625,51.5058709375381],[0.179416705031787,51.506095568833],[0.17942743880951,51.506320200122],[0.179067496240152,51.5063268844238],[0.179056764373789,51.5061022531563],[0.179046032654962,51.5058776218832],[0.179035301083669,51.5056529906043],[0.179024569659907,51.5054283593196],[0.179013838383674,51.5052037280293],[0.178653905223324,51.5052104113309],[0.178293971915451,51.505217093524],[0.17830469936915,51.505441724771],[0.177944764002507,51.505448405834],[0.177955489692392,51.5056730370536],[0.177595552266975,51.5056797169865],[0.177606276192996,51.5059043481787],[0.177246336708801,51.5059110269814],[0.177257058870911,51.5061356581461],[0.176897117327933,51.5061423358187],[0.176907837726083,51.506366966956],[0.176547894124317,51.5063736434983],[0.176558612758459,51.5065982746081],[0.176198667097902,51.5066049500202],[0.176209383967986,51.5068295811026],[0.175849436248632,51.5068362553845],[0.17586015135461,51.5070608864394],[0.175500201576457,51.507067559591],[0.175510914918281,51.5072921906184],[0.175150963081322,51.5072988626398],[0.174791011097067,51.5073055335526],[0.174801720763175,51.5075301645307],[0.174441766720134,51.5075368343133],[0.174452474621964,51.5077614652639],[0.174092518520131,51.5077681339161],[0.174103224657635,51.5079927648392],[0.173743266497006,51.5079994323611],[0.173753970870135,51.5082240632567],[0.173394010650706,51.5082307296483],[0.173034050284094,51.5082373949312],[0.172674089770324,51.5082440591057],[0.17231412910942,51.5082507221716],[0.17195416830141,51.5082573841289],[0.171964863263614,51.5084820149096],[0.171604900396888,51.5084886757365],[0.171244937383102,51.5084953354549],[0.171255628669068,51.5087199661862],[0.170895663596584,51.5087266247741],[0.170906348518531,51.5089512543845],[0.170546381090192,51.5089579118093],[0.170557058709451,51.5091825401509],[0.170197089231353,51.5091891965308],[0.170207765093759,51.5094138249206],[0.169847793565897,51.5094204802554],[0.169858467671402,51.5096451086934],[0.169498494093772,51.5096517629832],[0.169138520369768,51.5096584161691],[0.169149190814923,51.5098830447141],[0.168789215041169,51.509889696855],[0.168429239121087,51.509896347892],[0.168439905905791,51.5101209765439],[0.168079927935977,51.5101276265359],[0.167719949819882,51.510134275424],[0.16773061294403,51.5103589041828],[0.167370632778221,51.5103655520257],[0.167010652466178,51.5103721987649],[0.167021311929666,51.5105968276305],[0.166661329567927,51.5106034733245],[0.166301347060002,51.5106101179146],[0.166312002862724,51.510834746887],[0.166322658811663,51.511059375849],[0.166682645126642,51.5110527311415],[0.166693303125363,51.5112773600343],[0.16670396127033,51.5115019889165],[0.166714619561544,51.5117266177882],[0.166725277999009,51.5119512466494],[0.166735936582726,51.5121758755],[0.166746595312699,51.5124005043401],[0.166757254188931,51.5126251331697],[0.166767913211422,51.5128497619888],[0.166778572380177,51.5130743907974],[0.166418568932259,51.5130810360329],[0.166429226343499,51.5133056648896],[0.166439883900983,51.5135302937357],[0.166450541604712,51.5137549225714],[0.166461199454691,51.5139795513965],[0.166471857450922,51.5142041802111],[0.166482515593407,51.5144288090152],[0.166493173882147,51.5146534378087],[0.166853190657038,51.5146467921625],[0.166863850995988,51.5148714208869],[0.166874511481223,51.5150960496007],[0.1672345319178,51.5150894027331],[0.167594552208115,51.5150827547615],[0.167954572352145,51.5150761056858],[0.168314592349863,51.5150694555061],[0.168325260597355,51.5152940839746],[0.168685282352722,51.5152874326322],[0.168674612201244,51.5150628042224],[0.169034631906264,51.5150561518347],[0.169045303961725,51.5152807801857],[0.169055976163621,51.5155054085262],[0.16941599953024,51.515498754917],[0.169426673782604,51.5157233831883],[0.169437348181433,51.515948011449],[0.16944802272673,51.5161726396992],[0.169087993647951,51.5161792934846],[0.169098666435617,51.516403921783],[0.169109339369731,51.5166285500709],[0.169469372256736,51.5166218961679],[0.169829404997313,51.5166152411609],[0.170189437591437,51.5166085850498],[0.170549470039082,51.5166019278346],[0.170909502340223,51.5165952695153],[0.171269534494837,51.516588610092],[0.171629566502897,51.5165819495646],[0.17198959836438,51.5165752879331],[0.172349630079259,51.5165686251975],[0.172709661647512,51.5165619613579],[0.172720353769461,51.5167865890474],[0.172360320297081,51.5167932529458],[0.172371010661575,51.5170178806836],[0.172010975138412,51.5170245435368],[0.171650939468641,51.5170312052859],[0.171290903652287,51.517037865931],[0.170930867689375,51.5170445254719],[0.17057083157993,51.5170511839087],[0.170210795323976,51.5170578412414],[0.169850758921539,51.5170644974701],[0.169490722372644,51.5170711525946],[0.169130685677314,51.517077806615],[0.169141353772097,51.5173024296907],[0.168781314809253,51.5173090824362],[0.168791976717187,51.5175337011852],[0.168802638763717,51.5177583199177],[0.168813300948847,51.5179829386338],[0.168823963272577,51.5182075573334],[0.168834625734911,51.5184321760165],[0.168845288335851,51.5186567946831],[0.168855951075399,51.5188814133333],[0.168866613953558,51.519106031967],[0.168877276970331,51.5193306505843],[0.168517221918376,51.5193373036608],[0.168527883301359,51.5195619224203],[0.168887940125718,51.519555269185],[0.169247996811556,51.5195486148515],[0.169608053358848,51.5195419594197],[0.169968109767573,51.5195353028898],[0.169957441294985,51.5193106847655],[0.170317495792724,51.5193040272962],[0.170677550151851,51.5192973687287],[0.170688222169228,51.5195219865353],[0.171048278162111,51.5195153267108],[0.171408334016335,51.5195086657881],[0.171419009717268,51.5197332832605],[0.171779067205219,51.5197266210807],[0.171789744817364,51.5199512383777],[0.171800422568315,51.5201758556583],[0.171811100458074,51.5204004729224],[0.171451037652759,51.5204071355788],[0.171461713908828,51.5206317529853],[0.171101649192319,51.5206384147024],[0.171090974708753,51.520413797137],[0.170730911626078,51.520420457597],[0.170370848404757,51.5204271169587],[0.170381519343311,51.5206517348418],[0.170021454210857,51.5206583932641],[0.1696613889398,51.5206650505882],[0.169650721546268,51.5204404323875],[0.16964005429141,51.5202158141703],[0.169629387175222,51.5199911959366],[0.169618720197702,51.5197665776864],[0.169258661877987,51.519773233277],[0.168898603419723,51.5197798877693],[0.168538544822937,51.5197865411634],[0.168549206483112,51.5200111598901],[0.168189145975371,51.5200178123448],[0.16819980600167,51.5202424312137],[0.167839743582969,51.520249082729],[0.167850401975347,51.5204737017403],[0.168210466166548,51.5204670500662],[0.168221126470007,51.5206916689022],[0.167861060506282,51.5206983207351],[0.167500994404092,51.5207049714697],[0.167140928163459,51.520711621106],[0.167151583287855,51.520936240402],[0.166791515136249,51.5209428890988],[0.166431446846245,51.5209495366974],[0.166071378417865,51.5209561831976],[0.166060728611138,51.5207315634254],[0.165700661816967,51.5207382086687],[0.165340594884468,51.5207448528137],[0.164980527796651,51.5207514958],[0.164991172289407,51.5209761160597],[0.164631103233046,51.5209827578904],[0.164271034038852,51.5209893986237],[0.16391096470685,51.5209960382596],[0.163550895237061,51.5210026767981],[0.163190825629511,51.5210093142393],[0.163201461433465,51.5212339353511],[0.162841389922815,51.5212405718687],[0.162481318274447,51.5212472072888],[0.162491950685477,51.5214718287311],[0.162502583234303,51.5216964501559],[0.162513215920926,51.5219210715634],[0.16252384874535,51.5221456929536],[0.162534481707576,51.5223703143264],[0.162545114807608,51.5225949356819],[0.162555748045446,51.52281955702],[0.162566381421094,51.5230441783408],[0.162926467193165,51.5230375415298]]],[[[0.213988596651344,51.5429937397548],[0.214348811073712,51.5429869391848],[0.21470902535348,51.5429801375114],[0.214698127090674,51.5427555166525],[0.215058339733262,51.5427487139705],[0.21504743952741,51.5425240931796],[0.21540765963861,51.5425172897019],[0.215396757760376,51.5422926689755],[0.215756975910676,51.5422858644699],[0.215746072559053,51.5420612432883],[0.215385856252141,51.54206804775],[0.215374955118954,51.5418434260222],[0.215364054134719,51.5416188042831],[0.215353153299432,51.5413941825327],[0.21499294392545,51.5414009857094],[0.214632742268902,51.5414077879664],[0.214643639164878,51.5416324098504],[0.214654536202848,51.5418570317231],[0.214665433382812,51.5420816535847],[0.214676330993192,51.5423062748981],[0.214316122086361,51.5423130763092],[0.214327018272792,51.54253769728],[0.21396680743241,51.5425444976752],[0.213977701970544,51.5427691187211],[0.213988596651344,51.5429937397548]]],[[[0.218420423544726,51.545158262638],[0.218780664158706,51.5451514483099],[0.218791584265959,51.5453760682002],[0.219151826552426,51.5453692526917],[0.219140904628219,51.5451446328776],[0.219129982848591,51.5449200130519],[0.21876974419601,51.5449268284079],[0.218758824377868,51.5447022084944],[0.218398587397733,51.5447090226702],[0.218409505398964,51.5449336426599],[0.218420423544726,51.545158262638]]],[[[0.248111092826325,51.6061951481274],[0.248122186832499,51.6064197615383],[0.24848291404555,51.6064128523214],[0.248494010161458,51.6066374657268],[0.24850510641232,51.6068620791193],[0.248516202798136,51.6070866924991],[0.248876942370997,51.6070797840794],[0.24888804051995,51.6073043973511],[0.249248781586073,51.6072974877307],[0.249259881498204,51.6075221008943],[0.249620624057586,51.6075151900733],[0.24960952251726,51.607290577005],[0.249598421111958,51.607065963924],[0.249959160280015,51.6070590521883],[0.249948057381586,51.6068344391898],[0.249936954618198,51.6066098261785],[0.249576218706417,51.6066167377236],[0.249565117706175,51.6063921246042],[0.249554016840948,51.606167511472],[0.249193284050414,51.6061744217211],[0.249204383287555,51.6063990349486],[0.248843648734005,51.6064059441877],[0.248832551124955,51.6061813308648],[0.248471818064591,51.6061882389033],[0.248111092826325,51.6061951481274]]],[[[0.20390793547878,51.6029872188621],[0.20354725716362,51.6029939999176],[0.203536371709335,51.6027693768819],[0.203175694998531,51.602776156775],[0.202815018148533,51.6027829355604],[0.202804136320571,51.6025583124053],[0.202443461074957,51.6025650900284],[0.202082785690197,51.6025718665437],[0.20209366403104,51.602796489808],[0.202104542511005,51.6030211130619],[0.202465221382911,51.6030143364374],[0.202476101745608,51.6032389596265],[0.202486982247455,51.6034635828053],[0.202126299888315,51.6034703595389],[0.202137178785663,51.603694982762],[0.201776494543734,51.6037017584423],[0.201787371836538,51.6039263817096],[0.201426685711816,51.6039331563367],[0.201065999447998,51.603939929856],[0.200705313045108,51.6039467022675],[0.200344626503168,51.6039534735712],[0.199983939822201,51.6039602437672],[0.199623253002231,51.6039670128553],[0.199262566043278,51.6039737808357],[0.198901878945365,51.6039805477083],[0.198541191708516,51.6039873134731],[0.198552053447031,51.6042119372206],[0.198562915324457,51.6044365609578],[0.198573777340795,51.6046611846847],[0.198934469808875,51.6046544187566],[0.198945333707917,51.6048790424188],[0.199306027780839,51.6048722753283],[0.199295162138011,51.6046476517206],[0.19965585432818,51.6046408835768],[0.20001654637936,51.6046341143252],[0.200377238291528,51.6046273439658],[0.200737930064662,51.6046205724986],[0.20109862169874,51.6046137999235],[0.201459313193738,51.6046070262407],[0.201820004549634,51.6046002514501],[0.201809126839486,51.6043756282135],[0.201798249268455,51.6041510049667],[0.20215893699776,51.6041442291773],[0.202169816312513,51.6043688523696],[0.202530505646397,51.6043620754179],[0.202519624587924,51.6041374522802],[0.202880312038923,51.6041306742752],[0.202869429375915,51.6039060511818],[0.203230114944035,51.6038992721236],[0.203219230676538,51.6036746490744],[0.203208346548242,51.603450026015],[0.203569028489843,51.6034432459582],[0.203558142757123,51.603218622943],[0.203918822815878,51.603211841833],[0.20390793547878,51.6029872188621]]],[[[0.206594127035937,51.561568843364],[0.206954491555865,51.5615620609674],[0.207314855934059,51.5615552774661],[0.207675220170497,51.5615484928601],[0.207686091656071,51.5617731131278],[0.20804645753483,51.5617663273401],[0.208035584265155,51.5615417071494],[0.208395948218011,51.5615349203339],[0.208385073306155,51.5613103002085],[0.208374198536211,51.5610856800714],[0.208363323908176,51.5608610599227],[0.208723682367059,51.5608542722335],[0.209084040684099,51.5608474834396],[0.20907316262997,51.5606228634333],[0.209062284717791,51.5603982434154],[0.208701929968728,51.5604050320553],[0.208341575077828,51.5604118195905],[0.208330700875509,51.5601871994069],[0.207970347626754,51.5601939857605],[0.207609994236211,51.5602007710094],[0.207249640703903,51.5602075551536],[0.207260509554337,51.5604321755681],[0.207271378546605,51.560656795971],[0.207282247680709,51.5608814163622],[0.20692188865469,51.5608881996327],[0.206911021304599,51.5606635791645],[0.20690015409632,51.5604389586846],[0.206539798496582,51.5604457406965],[0.206528933214082,51.5602211201281],[0.206518068073369,51.559996499548],[0.206157715899852,51.5600032803013],[0.205797363584664,51.5600100599499],[0.205437011127829,51.5600168384939],[0.205447870916691,51.5602414593047],[0.205458730847269,51.5604660801039],[0.205819086872033,51.5604593014061],[0.205829948728328,51.5606839221167],[0.205840810726368,51.5609085428157],[0.205851672866153,51.5611331635031],[0.206212034101324,51.5611263834698],[0.206222898166924,51.5613510040687],[0.206583261044476,51.5613442228538],[0.206594127035937,51.561568843364]]],[[[0.205623600871069,51.5564161196549],[0.205263277044545,51.5564228968121],[0.205274134260568,51.5566475184748],[0.20491380849914,51.5566542946215],[0.204924664064606,51.5568789163648],[0.204935519772283,51.5571035380954],[0.205295849119312,51.5570967617623],[0.205306706762037,51.5573213833871],[0.205317564547001,51.5575460049994],[0.205677897337573,51.5575392273763],[0.205667037759753,51.5573146058572],[0.206027368615297,51.5573078272238],[0.206016507386909,51.5570832057853],[0.206005646300804,51.5568585843342],[0.205645319030896,51.5568653627813],[0.205634459879856,51.5566407412244],[0.205623600871069,51.5564161196549]]],[[[0.192522276424241,51.5539638592692],[0.192161965674629,51.5539705929454],[0.191801654787438,51.5539773255172],[0.191790864513786,51.5537527004067],[0.19143055521998,51.5537594317944],[0.191441343762689,51.5539840569848],[0.191452132443022,51.5542086821634],[0.191091819549774,51.5542154126067],[0.191102606636741,51.5544400378534],[0.191462921260979,51.5544333073303],[0.191823235747678,51.5544265757028],[0.192183550096817,51.5544198429711],[0.192172757816887,51.5541952179641],[0.192533070297461,51.5541884842081],[0.192522276424241,51.5539638592692]]],[[[0.178682163515562,51.5360106920228],[0.178321979752348,51.5360173796922],[0.17831126168316,51.535792751153],[0.17795107953363,51.5357994376627],[0.177590897246204,51.5358061230673],[0.177601611812186,51.5360307517158],[0.177241427635282,51.5360374360699],[0.176881243320526,51.536044119319],[0.176891954521208,51.5362687480664],[0.176531768316989,51.536275430265],[0.176542477903929,51.5365000590568],[0.176182289810242,51.5365067402049],[0.176192997783397,51.536731369041],[0.175832807800238,51.5367380491385],[0.175822101578767,51.5365134202478],[0.175811395495147,51.5362887913468],[0.175800689549374,51.5360641624354],[0.175440504683438,51.5360708412641],[0.175080319679762,51.5360775189876],[0.17509102212225,51.5363021480081],[0.174730835229213,51.536308824681],[0.17437064819848,51.5363155002489],[0.174010461030072,51.5363221747116],[0.173650273724016,51.5363288480693],[0.173660969297618,51.5365534772977],[0.173671665008935,51.5367781065159],[0.173682360857968,51.5370027357237],[0.17404255341912,51.5369960622025],[0.174053251157616,51.5372206913455],[0.174063949033856,51.5374453204783],[0.174424144960855,51.5374386457428],[0.174784340750169,51.5374319699021],[0.175144536401776,51.5374252929563],[0.175504731915653,51.5374186149053],[0.175864927291776,51.5374119357491],[0.17585422065674,51.5371873068892],[0.176214414143335,51.5371806266825],[0.176574607492136,51.5371739453706],[0.176934800703118,51.5371672629536],[0.177294993776259,51.5371605794315],[0.177284280272176,51.5369359507797],[0.177644471455734,51.5369292662071],[0.178004662501407,51.5369225805293],[0.177993945631878,51.5366979519765],[0.178354134787953,51.5366912652483],[0.178343416304743,51.5364666367399],[0.178332697959542,51.5362420082212],[0.178692883474378,51.5362353204971],[0.178682163515562,51.5360106920228]]],[[[0.26800708525844,51.5779341639715],[0.267995904342169,51.5777095527146],[0.268356392730787,51.5777025841564],[0.268716880973174,51.5776956144912],[0.26870569661922,51.5774710033272],[0.268694512411578,51.577246392153],[0.268334027753119,51.5772533617153],[0.268322845483719,51.5770287504797],[0.268311663360603,51.5768041392339],[0.26830048138377,51.5765795279781],[0.267940001954812,51.5765864962793],[0.267951182139759,51.5768111075865],[0.267590700772717,51.5768180748323],[0.267579522379658,51.5765934634737],[0.267219042658332,51.5766004295612],[0.2672302192595,51.5768250409712],[0.267241396006882,51.5770496523711],[0.26725257290048,51.577274263761],[0.267263749940296,51.5774988751408],[0.267274927126333,51.5777234865105],[0.267286104458593,51.5779480978701],[0.267297281937081,51.5781727092197],[0.267308459561795,51.5783973205592],[0.267668953618894,51.5783903540605],[0.2680294475298,51.5783833864549],[0.268389941294492,51.5783764177423],[0.268401124441657,51.5786010289175],[0.268761619852178,51.5785940590467],[0.268750434912944,51.5783694479229],[0.268739250120034,51.5781448367891],[0.268728065473445,51.5779202256452],[0.268367575439059,51.5779271953618],[0.26800708525844,51.5779341639715]]],[[[0.260446784341802,51.6001128781748],[0.260435639591285,51.5998882685883],[0.26042449498562,51.5996636589914],[0.260063812429569,51.5996706009458],[0.260052669745136,51.5994459912823],[0.260041527205526,51.5992213816084],[0.259680848057497,51.5992283223428],[0.259669707439047,51.5990037126024],[0.259309029922665,51.5990106521731],[0.258948352261612,51.5990175906365],[0.258959489327379,51.5992422004894],[0.258598809745334,51.5992491379016],[0.258238130018662,51.5992560742063],[0.258249263676442,51.5994806841612],[0.257888582028795,51.5994876194147],[0.257527900236565,51.5994945535607],[0.257539030486257,51.5997191636177],[0.257178346773066,51.5997260967125],[0.257189475391,51.5999507068152],[0.256828789756843,51.5999576388587],[0.256839916742971,51.6001822490072],[0.256479229187844,51.6001891799994],[0.256490354542121,51.6004137901937],[0.256129665066016,51.6004207201345],[0.256140791655972,51.60064533123],[0.255780100499575,51.600652260188],[0.255791227421006,51.60087687191],[0.255802354477785,51.6011014836192],[0.255441659931041,51.6011084116631],[0.255452785495598,51.601333023455],[0.255813481669914,51.6013260953157],[0.255824608997396,51.6015507069993],[0.256185306664031,51.6015437776594],[0.256196435754481,51.6017683892347],[0.256557134913432,51.6017614586942],[0.256568265766893,51.6019860701613],[0.256928966418155,51.6019791384202],[0.25694009903467,51.6022037497789],[0.25730080117824,51.6021968168372],[0.257661503186444,51.6021898827904],[0.257672639193726,51.6024144939453],[0.258033342694211,51.6024075586978],[0.258394046059286,51.6024006223452],[0.258405185457414,51.6026252332962],[0.258765890314743,51.6026182957429],[0.258777031476093,51.6028429065856],[0.259137737825673,51.6028359678317],[0.259148880750288,51.603060578566],[0.259509588592113,51.6030536386113],[0.25987029629844,51.6030466975515],[0.259881442614104,51.6032713080819],[0.260242151812651,51.6032643658213],[0.260602860875654,51.6032574224556],[0.260591711304512,51.6030328121164],[0.260952418604217,51.6030258677411],[0.260941267541014,51.6028012574847],[0.260930116613481,51.6025766472155],[0.260918965821615,51.6023520369334],[0.260907815165416,51.6021274266386],[0.261268515818824,51.6021204815406],[0.261279668102669,51.6023450917398],[0.261640370248128,51.6023381454411],[0.261651524295326,51.602562755532],[0.261662678478236,51.60278736561],[0.262023383743424,51.6027804180149],[0.262384088872971,51.6027734693148],[0.262744793866854,51.6027665195094],[0.262755953068589,51.6029911292877],[0.263116659554487,51.6029841782817],[0.263477365904678,51.6029772261704],[0.263838072119142,51.6029702729541],[0.263849236339813,51.6031948824326],[0.26386040069633,51.6034194918983],[0.264221110030494,51.6034125373854],[0.264232276150618,51.6036371467426],[0.263871565188696,51.6036441013511],[0.263882729816914,51.6038687107911],[0.264243442406615,51.6038617560869],[0.264254608798487,51.6040863654185],[0.264615322880207,51.6040794095134],[0.264626491035777,51.6043040187364],[0.264987206609512,51.6042970616305],[0.265347921413404,51.604290103332],[0.265359093147049,51.6045147124007],[0.26537026503124,51.6047393214603],[0.265730983307459,51.6047323619666],[0.265719809560402,51.6045077529432],[0.266080525823284,51.6045007923767],[0.266091701433206,51.604725401364],[0.266102877193722,51.6049500103422],[0.265742157205087,51.6049569709809],[0.265753331253287,51.6051815799861],[0.265764505452063,51.6054061889821],[0.266125229166546,51.6053992282711],[0.266485952730525,51.6053922664512],[0.266497130805795,51.6056168753658],[0.2668578560822,51.6056099124008],[0.266869036171078,51.6058345212701],[0.267229763159902,51.60582755716],[0.267590489998143,51.6058205919409],[0.267601673963672,51.6060452007287],[0.267962402514301,51.6060382343646],[0.267973588493554,51.6062628431071],[0.268334318756565,51.6062558755977],[0.268695048868915,51.6062489069795],[0.268706238724976,51.6064735156404],[0.269066970549676,51.606466545877],[0.269078162419577,51.6066911544926],[0.26943889595662,51.606684183584],[0.269450089840409,51.6069087921543],[0.269810825089789,51.6069018201004],[0.269799629342924,51.6066772115664],[0.269788433746913,51.6064526030232],[0.269777238301757,51.6062279944709],[0.269766043007451,51.6060033859095],[0.269754847863993,51.605778777339],[0.269743652871381,51.6055541687593],[0.269382928800104,51.6055611405957],[0.2690222045781,51.6055681113232],[0.268661480205396,51.6055750809418],[0.268650290952437,51.6053504722443],[0.268639101850245,51.6051258635376],[0.268278381052723,51.6051328319749],[0.268267193964192,51.6049082232229],[0.267906474878918,51.604915190515],[0.267895289803999,51.6046905817177],[0.267884104879795,51.6044659729113],[0.267523389369627,51.6044729390221],[0.267534572430981,51.6046975478648],[0.267173854907367,51.6047045129029],[0.266813137233184,51.6047114768322],[0.266801957897541,51.6044868679172],[0.266790778712537,51.6042622589931],[0.266779599678171,51.6040376500599],[0.266418887441948,51.6040446127718],[0.266407710421003,51.6038200037932],[0.266396533550665,51.6035953948056],[0.266757242061336,51.603588432166],[0.266768420794438,51.6038130411175],[0.267129131017338,51.6038060773329],[0.267117950421475,51.6035814684176],[0.267106769976265,51.6033568594932],[0.266746063478864,51.6033638232054],[0.266734885047018,51.6031392142357],[0.266723706765796,51.6029146052568],[0.266363003843273,51.6029215677879],[0.266002300770251,51.6029285292101],[0.265641597546752,51.6029354895235],[0.265280894172802,51.6029424487282],[0.264920189947958,51.6029494066743],[0.264909020980061,51.60272479747],[0.264548316800595,51.6027317539061],[0.264537149596271,51.6025071445933],[0.264176446908685,51.6025140998285],[0.264165281467893,51.6022894904072],[0.263804580272191,51.6022964444416],[0.263793416594885,51.6020718349119],[0.263432716891072,51.6020787877455],[0.263421554977212,51.6018541781073],[0.26306085676529,51.6018611297402],[0.26304969661483,51.6016365199934],[0.262688999894804,51.6016434704256],[0.262677841507702,51.6014188605704],[0.262317146279576,51.6014258098019],[0.26230598965579,51.6012011998382],[0.261945295919567,51.601208147869],[0.261934141059052,51.6009835377968],[0.261573448814737,51.6009904846269],[0.26156229571745,51.6007658744464],[0.261201604965047,51.6007728200758],[0.261190453630946,51.6005482097868],[0.260829764370458,51.6005551542156],[0.260818616977753,51.6003305445204],[0.260807470305934,51.6001059350005],[0.260446784341802,51.6001128781748]]],[[[0.265121255096951,51.6069923703],[0.265132426774164,51.6072169792953],[0.265143598601927,51.6074415882815],[0.265154770580244,51.6076661972585],[0.265165942709118,51.6078908062265],[0.265526687218464,51.6078838473358],[0.265515513226388,51.6076592384041],[0.265876255722048,51.6076522784406],[0.265865080017374,51.6074276695358],[0.266225820499354,51.6074207084994],[0.266214643082132,51.6071960996217],[0.266203465815531,51.6069714907348],[0.265842729059828,51.6069784516989],[0.265481992153627,51.6069854115539],[0.265121255096951,51.6069923703]]],[[[0.265121255096951,51.6069923703],[0.265110083570288,51.6067677612956],[0.26509891219417,51.6065431522821],[0.265459645524653,51.6065361936082],[0.265448472436018,51.6063115846217],[0.265809203752975,51.606304624875],[0.26579802895187,51.6060800159155],[0.265786854301352,51.6058554069468],[0.266147581741778,51.6058484461635],[0.26613640537886,51.6056238372219],[0.265775679801418,51.605630797969],[0.265414954073491,51.6056377576073],[0.265426126710441,51.6058623666212],[0.265065398969067,51.6058693251866],[0.265076569893562,51.6060939342276],[0.26471584117299,51.6061008920586],[0.264727010551758,51.6063255011662],[0.264738180066449,51.6065501102609],[0.26437744807753,51.6065570672187],[0.264388616100089,51.6067816763963],[0.264027882347306,51.6067886323444],[0.263667148458734,51.6067955871872],[0.263678313361036,51.6070201965434],[0.264039048877689,51.6070132416049],[0.26405021554396,51.6072378508525],[0.263689478399202,51.6072448058867],[0.263700643573236,51.6074694152173],[0.264061382346119,51.6074624600873],[0.264422120983209,51.6074555038521],[0.264410952552926,51.607230894713],[0.264771689426079,51.6072239374682],[0.264760519503607,51.6069993284119],[0.265121255096951,51.6069923703]]],[[[0.255729401065825,51.5412991176153],[0.256089604442541,51.5412921901799],[0.256078496153674,51.5410675755631],[0.256438697615682,51.5410606470742],[0.256449807675189,51.5412852616391],[0.256810010763748,51.5412783319929],[0.256821122738062,51.5415029464959],[0.257181327453165,51.5414960156923],[0.257170213708192,51.5412714012413],[0.257530416508501,51.5412644693842],[0.257519301137091,51.541039854975],[0.257508185909895,51.5408152405556],[0.257497070826911,51.5405906261261],[0.257485955888137,51.5403660116865],[0.257125760170219,51.5403729433359],[0.256765564308176,51.54037987388],[0.256754453054692,51.5401552593265],[0.256743341945368,51.5399306447629],[0.257103534266349,51.5399237143226],[0.257092421530684,51.5396990998007],[0.257452611937049,51.539692168307],[0.257441497575089,51.5394675538269],[0.257430383357326,51.5392429393367],[0.257070196491883,51.5392498707267],[0.257059084188741,51.5390252561745],[0.256698898949613,51.5390321864072],[0.256687788561047,51.538807571793],[0.256676678316624,51.5385829571687],[0.256316496474201,51.5385898861924],[0.255956314487717,51.5385968141107],[0.255967421191367,51.5388214288388],[0.255978528039113,51.5390460435567],[0.255989635030961,51.5392706582645],[0.2556294475892,51.5392775852331],[0.255269260003417,51.5392845110964],[0.255258156552443,51.5390598962848],[0.254897970593102,51.5390668209909],[0.254909072273634,51.5392914358543],[0.254920174098202,51.5395160507076],[0.255280363598448,51.5395091258978],[0.255640552954693,51.5395021999827],[0.255651658464268,51.5397268147222],[0.255291467337539,51.5397337406891],[0.255302571220693,51.5399583554703],[0.255313675247911,51.5401829702414],[0.255324779419198,51.5404075850024],[0.254964582836867,51.5404145100196],[0.254975685381645,51.5406391248223],[0.254615486884745,51.5406460487859],[0.254626587802969,51.5408706636303],[0.254637688865221,51.5410952784647],[0.254277486683118,51.5411022014265],[0.254288586118749,51.5413268163026],[0.254299685698392,51.5415514311685],[0.253939479831007,51.5415583531286],[0.253950577783964,51.5417829680363],[0.253590370001943,51.5417898889427],[0.253601466328168,51.5420145038921],[0.253612562769674,51.5422391188291],[0.253623659273839,51.5424637337496],[0.253263446029669,51.5424706537125],[0.253274540905135,51.5426952686795],[0.253285635924681,51.5429198836361],[0.253645852714475,51.5429129635592],[0.254006069360222,51.5429060423772],[0.254366285861899,51.54289912009],[0.254355185523888,51.5426745053045],[0.254344085330027,51.5424498905084],[0.254704298141999,51.5424429672301],[0.254693196319513,51.5422183524807],[0.254682094554571,51.5419937377009],[0.255042303675436,51.5419868134263],[0.255031200266324,51.5417621986843],[0.255391407472468,51.541755273356],[0.255380302436726,51.5415306586557],[0.255369197545066,51.5413060439453],[0.255729401065825,51.5412991176153]]],[[[0.240888485425628,51.5914948250707],[0.240877440061019,51.5912702119631],[0.241238052379586,51.5912633271901],[0.241598664556672,51.5912564413105],[0.241609713408248,51.5914810542843],[0.241970327187309,51.5914741672313],[0.242330940824841,51.5914672790719],[0.242691554320821,51.591460389806],[0.242702608544504,51.5916850025678],[0.242713662909866,51.5919096153186],[0.243074279751284,51.5919027248123],[0.243085336001866,51.592127337485],[0.243445954445221,51.5921204458053],[0.243806572746951,51.592113553019],[0.244167190907031,51.5921066591262],[0.244156129425843,51.5918820466544],[0.244516745700721,51.5918751517221],[0.24452780892544,51.5920997641269],[0.244538872513401,51.5923243765896],[0.244899492097387,51.5923174804083],[0.244910557639613,51.5925420928189],[0.244921623321134,51.592766705218],[0.244932689141954,51.5929913176056],[0.244572064450373,51.5929982140132],[0.244583128707917,51.5932228264646],[0.244594193104741,51.5934474389045],[0.244605257640848,51.5936720513327],[0.244965887440225,51.5936651546988],[0.244954821201497,51.593440542346],[0.245315449159047,51.5934336446814],[0.245326517100394,51.5936582569589],[0.245687146621333,51.5936513581129],[0.246047776003021,51.5936444581608],[0.246408405245436,51.5936375571028],[0.246397332196249,51.5934129450517],[0.246386259286455,51.5931883329892],[0.246025633449241,51.5931952338963],[0.245665007472759,51.5932021336974],[0.245653938107493,51.5929775214723],[0.245642868881572,51.5927529092357],[0.246003491452939,51.5927460095855],[0.246364113885043,51.5927391088293],[0.246353041393418,51.592514496732],[0.246341969041178,51.5922898846232],[0.246330896891624,51.5920652725332],[0.24669151405953,51.5920583708949],[0.246680440373675,51.5918337588924],[0.247041055656239,51.5918268562148],[0.247401670796953,51.5918199524307],[0.247390593766046,51.5915953405513],[0.247751207021402,51.5915884357278],[0.248111820134867,51.5915815297978],[0.248472435401733,51.5915746234618],[0.248833056587728,51.5915677178688],[0.249193677626853,51.5915608111677],[0.249182591584585,51.5913361994754],[0.249171505689309,51.5911115877737],[0.249532122935424,51.5911046800464],[0.249543210653747,51.5913292917072],[0.249554298519087,51.5915539033586],[0.249914919264404,51.5915469944414],[0.250275539862781,51.5915400844161],[0.250636160314195,51.5915331732827],[0.250625066979656,51.5913085617541],[0.250613973792203,51.5910839502161],[0.250602880751833,51.5908593386686],[0.250591787858545,51.5906347271117],[0.250231174699246,51.5906416380813],[0.249870561392995,51.5906485479429],[0.249859472292727,51.5904239362947],[0.249498860662521,51.5904308450073],[0.249138248885411,51.5904377526119],[0.248777636961421,51.5904446591084],[0.248417024890575,51.590451564497],[0.24840594322916,51.5902269526757],[0.248394861714678,51.590002340845],[0.248383780347127,51.5897777290049],[0.24837269914568,51.5895531171611],[0.248361618304609,51.5893285053725],[0.248350537605554,51.5891038935729],[0.248339457048511,51.5888792817622],[0.247978864996975,51.5888861879934],[0.247618272803553,51.5888930931182],[0.247257680468267,51.5888999971367],[0.246897087991142,51.5889069000488],[0.246536495372201,51.5889138018545],[0.246547567213169,51.5891384140006],[0.246558639196038,51.5893630261357],[0.24656971132081,51.5895876382597],[0.246930309169479,51.5895807362528],[0.247290906876323,51.5895738331394],[0.247301982629571,51.5897984451182],[0.246941383179442,51.5898053482987],[0.246580783587485,51.5898122503727],[0.246591855996068,51.5900368624746],[0.246231254518994,51.5900437635093],[0.245870652900136,51.5900506634375],[0.24585958397818,51.5898260512015],[0.245848515198087,51.5896014389544],[0.245487916924078,51.5896083376422],[0.245127318508334,51.5896152352236],[0.244766719950878,51.5896221316986],[0.24477778350108,51.5898467441467],[0.244788847193076,51.5900713565838],[0.244799911026868,51.5902959690099],[0.244810975002458,51.590520581425],[0.244450369329968,51.5905274770616],[0.2440897635158,51.5905343715918],[0.243729157559978,51.5905412650156],[0.243368551462524,51.590548157333],[0.243357494460428,51.5903235446499],[0.242996889964744,51.5903304357939],[0.242636285327475,51.5903373258314],[0.242275680548644,51.5903442147625],[0.242286732320594,51.5905688276464],[0.241926125656837,51.590575715538],[0.24156551885156,51.5905826023232],[0.241204911904785,51.5905894880019],[0.240844304816536,51.5905963725742],[0.240483697586835,51.59060325604],[0.240123090215705,51.5906101383994],[0.240112048904113,51.5903855251139],[0.240472654531845,51.5903786428214],[0.24046161161838,51.5901540295917],[0.240450568846439,51.589929416351],[0.240089966705438,51.5899362985097],[0.240101007734025,51.5901609118173],[0.239740403708267,51.5901677929364],[0.23937979954113,51.5901746729492],[0.239019195232636,51.5901815518554],[0.23903023117258,51.5904061653527],[0.239041267253961,51.5906307788389],[0.238680659317337,51.5906376567725],[0.238691693796725,51.5908622703146],[0.23905230347678,51.5908553923141],[0.23906333984104,51.5910800057783],[0.239074376346742,51.5913046192314],[0.239085412993891,51.5915292326735],[0.239096449782488,51.5917538461045],[0.239457066295143,51.5917469667301],[0.239468104968731,51.5919715800832],[0.239828723083553,51.5919646995354],[0.240189341056976,51.591957817881],[0.240549958888975,51.5919509351201],[0.240910576579532,51.5919440512528],[0.240899530931798,51.5917194381673],[0.240888485425628,51.5914948250707]]],[[[0.250636160314195,51.5915331732827],[0.250647253795824,51.5917577848018],[0.250658347424543,51.5919823963115],[0.250297723326931,51.5919893075268],[0.250308815218082,51.5922139190566],[0.250319906957564,51.5924385305213],[0.250330998841192,51.5926631419756],[0.250342090868969,51.5928877534196],[0.250702722121207,51.5928808419953],[0.251063353229373,51.5928739294638],[0.251074448952813,51.5930985407854],[0.251435081692636,51.5930916270907],[0.251423984193444,51.5928670158252],[0.251784615013399,51.5928601010793],[0.251795714288339,51.5930847122889],[0.251806813707526,51.5933093234881],[0.252167447934856,51.5933024075229],[0.252178549274084,51.5935270186557],[0.252189650757586,51.5937516297782],[0.25255028839235,51.5937447125937],[0.252539185133035,51.5935201015274],[0.252528082018017,51.5932954904506],[0.252516979047294,51.5930708793635],[0.252505876220863,51.592846268266],[0.252494773538721,51.5926216571582],[0.252483671000868,51.59239704604],[0.252472568598689,51.5921724349093],[0.252461465707242,51.5919478236139],[0.252100842344829,51.5919547403696],[0.25174021883533,51.5919616560172],[0.251729119737292,51.5917370446304],[0.252089741423692,51.5917301290237],[0.252078640649739,51.5915055176684],[0.25243926036598,51.5914986009947],[0.252428157916158,51.5912739896709],[0.252417055613541,51.5910493783378],[0.25205643954338,51.5910562949295],[0.251695823326142,51.5910632104132],[0.25133520696185,51.5910701247889],[0.251324110275454,51.5908455133234],[0.250963495587146,51.59085242655],[0.250974590450529,51.5910770380565],[0.250985685461021,51.5913016495536],[0.250996780618621,51.5915262610412],[0.250636160314195,51.5915331732827]]],[[[0.23865508838762,51.5827693001566],[0.238666119693778,51.5829939140387],[0.238677151141565,51.5832185279101],[0.238688182730986,51.5834431417706],[0.238699214462043,51.5836677556202],[0.239059768217626,51.5836608786501],[0.239420321831645,51.5836540005736],[0.23978087530408,51.5836471213907],[0.240141428634907,51.5836402411015],[0.240130389915145,51.5834156275071],[0.24011935133711,51.5831910139019],[0.24047990103199,51.5831841326341],[0.240468860848554,51.5829595190819],[0.240457820806862,51.5827349055188],[0.240446780906912,51.582510291945],[0.240086236453338,51.5825171730213],[0.240097274606209,51.582741786659],[0.239736728263935,51.5827486666929],[0.239725691858147,51.5825240529913],[0.23936514712136,51.582530931855],[0.239004602243001,51.5825378096124],[0.238644057223091,51.5825446862635],[0.238283512061654,51.5825515618083],[0.23827248278582,51.5823269478406],[0.23791193922995,51.5823338222153],[0.237900911842765,51.582109208173],[0.237540369892465,51.5821160813775],[0.23717982780071,51.5821229534758],[0.237190851693792,51.5823475676456],[0.237201875728405,51.5825721818047],[0.237562421314288,51.5825653095789],[0.237573447237535,51.5827899236633],[0.237933994429057,51.5827830502674],[0.238294541479092,51.5827761757651],[0.23865508838762,51.5827693001566]]],[[[0.229742529314576,51.6218340944256],[0.229731491595317,51.621609471677],[0.230092324381908,51.6216026122886],[0.230081284794144,51.6213779895201],[0.230070245364617,51.6211533667456],[0.230059206093328,51.620928743965],[0.229698379386819,51.6209356033947],[0.229337552522024,51.6209424617118],[0.229348587739975,51.6211670844649],[0.228987758690245,51.6211739416556],[0.22862692948228,51.6211807977336],[0.228637960805013,51.621405420453],[0.228648992285881,51.6216300431663],[0.22828815886627,51.6216368981041],[0.228277129412132,51.6214122754046],[0.227916297861066,51.6214191292435],[0.227927325288471,51.6216437519292],[0.22756649155251,51.6216506046417],[0.227577517111239,51.6218752273074],[0.227588542828034,51.6220998499671],[0.227599568702897,51.6223244726206],[0.227960408519221,51.6223176199496],[0.227971436578992,51.6225422426109],[0.227982464796863,51.6227668652661],[0.228343308508713,51.6227600115101],[0.228704152062361,51.6227531566413],[0.22906499545778,51.6227463006599],[0.229425838694943,51.6227394435657],[0.229414802369645,51.6225148208553],[0.229403766202547,51.6222901981388],[0.229392730193647,51.6220655754162],[0.229381694342942,51.6218409526875],[0.229742529314576,51.6218340944256]]],[[[0.222991621177279,51.5205656341288],[0.223002556715475,51.5207902534057],[0.223362592596213,51.5207834233409],[0.223722628329964,51.5207765921685],[0.224082663916702,51.5207697598886],[0.224093605162939,51.5209943791456],[0.224453642456306,51.520987545754],[0.224442699356405,51.5207629265011],[0.224802734649047,51.5207560920062],[0.224791789842629,51.5205314727503],[0.224431756403626,51.5205383072411],[0.224071722817566,51.5205451406243],[0.224060781865527,51.5203205213528],[0.223700749986055,51.5203273536242],[0.223340717959574,51.5203341847882],[0.222980685786111,51.5203410148447],[0.222991621177279,51.5205656341288]]],[[[0.218874873060475,51.6285602142286],[0.218513976031265,51.6285670381304],[0.218153078852183,51.6285738609218],[0.218142106111182,51.6283492397326],[0.217781210684288,51.6283560613859],[0.217420315107574,51.6283628819288],[0.217409346320412,51.6281382606755],[0.217048452495919,51.6281450800803],[0.217059419381066,51.6283697013613],[0.217070386415958,51.6285943226337],[0.217081353600597,51.6288189438974],[0.217442253131206,51.6288121244094],[0.217453222367681,51.6290367456368],[0.217814123650577,51.6290299250107],[0.218175024783645,51.6290231032742],[0.218185997974112,51.6292477244375],[0.218196971314406,51.6294723455921],[0.218557876101855,51.6294655226897],[0.218546900859433,51.6292409015629],[0.218907803594874,51.6292340775778],[0.218896826600203,51.6290094564701],[0.218885849755404,51.6287848353536],[0.219246748536768,51.6287780103137],[0.219257727283641,51.6290026314024],[0.219268706180411,51.6292272524824],[0.21962960861602,51.6292204262765],[0.219618627817154,51.6289958052243],[0.219979528200716,51.6289889779358],[0.220340428434301,51.6289821495369],[0.22032944398122,51.6287575285316],[0.220690342162741,51.6287506990502],[0.221051240194239,51.6287438684583],[0.221040252087049,51.6285192475],[0.221401148066463,51.6285124158255],[0.221762043895808,51.6285055830407],[0.221751052134614,51.6282809621294],[0.222111945911858,51.628274128262],[0.222472839538986,51.6282672932843],[0.222833733015971,51.6282604571963],[0.22319462634279,51.6282536199978],[0.223555519519416,51.6282467816891],[0.22356652079061,51.6284714024612],[0.223577522211987,51.6286960232246],[0.223216625231347,51.6287028615892],[0.223227624900866,51.6289274823718],[0.222866725867984,51.6289343196539],[0.222505826684927,51.6289411558255],[0.222516822700468,51.6291657766552],[0.222155921465184,51.6291726117443],[0.221795020079775,51.629179445723],[0.221806012441233,51.6294040665998],[0.221817004952763,51.6296286874679],[0.221456099613015,51.6296355203918],[0.221095194123186,51.6296423522053],[0.221106182980481,51.6298669731205],[0.220745275438435,51.6298738038513],[0.220756262543577,51.6300984247856],[0.221117171987807,51.6300915940269],[0.221478081281973,51.6300847621578],[0.221838990426051,51.6300779291783],[0.222199899420015,51.6300710950883],[0.222188904706157,51.6298464742652],[0.222549811647811,51.6298396390927],[0.222910718439304,51.6298328028096],[0.222899720071255,51.6296081820336],[0.223260624810421,51.6296013446681],[0.223271625080613,51.6298259654162],[0.223282625500978,51.6300505861556],[0.223643533894241,51.6300437476239],[0.224004442137265,51.6300369079817],[0.224365350230027,51.6300300672291],[0.224376356507129,51.6302546878763],[0.224737266351784,51.6302478459854],[0.224748274681343,51.630472466596],[0.22475928316118,51.630697087198],[0.22512019665995,51.6306902441408],[0.225481110008375,51.6306833999732],[0.225470097724086,51.630458779427],[0.22583100901992,51.6304519341768],[0.225819994983761,51.6302273136499],[0.226180904227008,51.6302204673172],[0.226169888439029,51.6299958468096],[0.226530795629694,51.6299889993944],[0.226519778089942,51.6297643789061],[0.22688068322803,51.6297575304084],[0.226869663936554,51.6295329099394],[0.226508760700583,51.6295397584091],[0.226497743461615,51.6293151379035],[0.226858644795494,51.6293082894617],[0.226847625804844,51.6290836689754],[0.226486726373035,51.6290905173892],[0.226125826790798,51.6290973646927],[0.225764927058161,51.6291042108857],[0.225775940342597,51.6293288314558],[0.225415038557507,51.6293356765664],[0.225054136622063,51.6293425205666],[0.225065146252636,51.6295671411839],[0.224704242264758,51.6295739841016],[0.22469323453629,51.6293493634563],[0.224682226958089,51.6291247428024],[0.22504312714178,51.6291178999406],[0.225404027175146,51.6291110559684],[0.225393015943097,51.6288864353616],[0.225753913924059,51.6288795903069],[0.225742900940293,51.6286549697195],[0.225731888106858,51.6284303491234],[0.226092782133421,51.6284235030142],[0.226081767548338,51.6281988824374],[0.226442659522534,51.6281920352457],[0.226803551346315,51.6281851869437],[0.226792533107686,51.6279605664141],[0.226431643185852,51.6279674146882],[0.226070753113605,51.627974261852],[0.225709862890971,51.6279811079053],[0.225348972517972,51.6279879528484],[0.224988081994636,51.6279947966811],[0.224627191320986,51.6280016394034],[0.224616184644328,51.6277770186977],[0.224977073416042,51.6277701760032],[0.224966064987721,51.6275455553167],[0.22495505670967,51.6273209346216],[0.224944048581886,51.6270963139178],[0.225304931497636,51.6270894701968],[0.22529392161828,51.6268648495123],[0.225654802481869,51.6268580047088],[0.22564379085099,51.6266333840436],[0.225632779370419,51.6264087633697],[0.225271902310426,51.6264156081173],[0.225282911889211,51.6266402288191],[0.224922032777108,51.6266470724843],[0.224561153514709,51.6266539150393],[0.224572159440152,51.6268785357882],[0.224211278125662,51.6268853772607],[0.223850396660921,51.626892217623],[0.223839394539115,51.6266675968182],[0.22347851482597,51.6266744360422],[0.223489515045954,51.6268990568749],[0.223128633280786,51.6269058950164],[0.222767751365442,51.6269127320477],[0.222778747931891,51.6271373529274],[0.222417863964541,51.6271441888763],[0.222056979847062,51.6271510237148],[0.22206797275987,51.6273756446415],[0.22207896582275,51.6276002655596],[0.221718077751376,51.6276070993435],[0.221357189529915,51.627613932017],[0.221368178939005,51.6278385529821],[0.221007288665549,51.627845384573],[0.220646398242054,51.6278522150537],[0.220657383997247,51.6280768360658],[0.220296491521773,51.6280836654638],[0.219935598896308,51.6280904937516],[0.219924616945051,51.6278658726839],[0.219563726071593,51.6278726998335],[0.219552746172217,51.6276480787294],[0.219191857050772,51.6276549047408],[0.219180879203229,51.6274302836003],[0.219169901505565,51.6272056624512],[0.218809016038042,51.6272124872968],[0.218798040392135,51.6269878661112],[0.218437156676616,51.6269946898188],[0.218426183082417,51.6267700685968],[0.218415209638042,51.6265454473663],[0.218054329576367,51.626552269908],[0.218043358183625,51.626327648641],[0.217682479873942,51.6263344700447],[0.217693449364869,51.6265590913394],[0.217332569003574,51.6265659116605],[0.216971688492504,51.6265727308713],[0.216982654329515,51.6267973522128],[0.217343536742429,51.6267905329743],[0.217354504631036,51.6270151542794],[0.217715388796041,51.6270083339029],[0.217726358736291,51.6272329551716],[0.217737328826321,51.6274575764317],[0.218098216645323,51.6274507548894],[0.218109188787072,51.6276753761131],[0.21812016107863,51.6278999973283],[0.218481052551691,51.6278931746201],[0.218492026895043,51.6281177957988],[0.218503001388233,51.6283424169689],[0.218863896515415,51.6283355930949],[0.218874873060475,51.6285602142286]]],[[[0.221357189529915,51.627613932017],[0.221346200270854,51.6273893110432],[0.221707086590403,51.6273824783975],[0.221696095579478,51.6271578574429],[0.222056979847062,51.6271510237148],[0.222045987084325,51.6269264027794],[0.222406869299947,51.6269195679687],[0.222767751365442,51.6269127320477],[0.22275675494911,51.6266881111594],[0.223117634962628,51.626681274156],[0.223106636794606,51.6264566532868],[0.223467514756149,51.626449815201],[0.223828392567495,51.6264429760048],[0.22418927022862,51.6264361356984],[0.224200274102036,51.6266607564839],[0.224561153514709,51.6266539150393],[0.224550147739501,51.6264292942816],[0.224911025100111,51.6264224517546],[0.225271902310426,51.6264156081173],[0.22526089288192,51.6261909874068],[0.225249883603694,51.6259663666877],[0.224889010196882,51.6259732102692],[0.224878002970647,51.6257485895136],[0.224866995894661,51.6255239687493],[0.224506126140969,51.6255308111647],[0.224495116841813,51.6253061889068],[0.224855984431675,51.6252993464309],[0.22484497271893,51.6250747239675],[0.224833961164084,51.624850101498],[0.224473097628536,51.6248569440018],[0.224462088258705,51.6246323215402],[0.224101226592344,51.6246391629451],[0.224090219407478,51.6244145404913],[0.22372935961031,51.6244213807974],[0.223718354610359,51.6241967583514],[0.223357496682392,51.6242035975586],[0.223346493867304,51.6239789751205],[0.223335491209998,51.6237543526763],[0.223324488710475,51.6235297302259],[0.223685340557368,51.6235228909769],[0.22369634508389,51.6237475134411],[0.224057198799916,51.6237406730933],[0.224418052358048,51.6237338316327],[0.224429061096419,51.6239584541187],[0.224789916523648,51.6239516115593],[0.224800927446921,51.6241762340531],[0.224811938528082,51.6244008565408],[0.225172797851466,51.6243940128965],[0.22516178474324,51.6241693903948],[0.22552264188158,51.6241625456238],[0.225511626904233,51.6239379231021],[0.225872481857535,51.6239310772045],[0.225861465011116,51.6237064546629],[0.225500612084822,51.6237133005744],[0.225489597423346,51.6234886780406],[0.225128746366037,51.6234955228533],[0.225117733889452,51.6232709003273],[0.224756884701135,51.6232777440412],[0.224745874409392,51.623053121523],[0.22510672157077,51.6230462777952],[0.22509570940999,51.6228216552569],[0.225084697407108,51.6225970327126],[0.22544554035673,51.6225901878444],[0.225806383148368,51.6225833418634],[0.225795367249667,51.6223587192852],[0.225784351508911,51.6221340967009],[0.226145190088856,51.6221272495795],[0.226156207856439,51.6223518721776],[0.226517048305175,51.6223450239574],[0.226528068257577,51.6225696465633],[0.226888910575096,51.6225627972443],[0.226877888595848,51.6223381746245],[0.227238728728431,51.6223313241789],[0.227227704880383,51.6221067015392],[0.227216681190378,51.6218820788934],[0.226855845111407,51.6218889293667],[0.226495008874352,51.6218957787273],[0.226483989395925,51.6216711561031],[0.22684482360621,51.6216643067286],[0.226833802259024,51.6214396840845],[0.227194634284486,51.6214328335835],[0.227183611068593,51.6212082109194],[0.227172588010731,51.6209835882492],[0.227161565110898,51.6207589655729],[0.22680073916551,51.6207658161155],[0.226789718450344,51.6205411934469],[0.226428894373527,51.6205480428907],[0.226417875842977,51.6203234202299],[0.226778697893175,51.6203165707723],[0.227139519785309,51.6203097202021],[0.22750034151935,51.6203028685193],[0.227489317067001,51.6200782458109],[0.227478292772695,51.6198536230964],[0.227117475091801,51.6198604748068],[0.22675665725282,51.6198673254047],[0.226395839255781,51.6198741748901],[0.226406857470395,51.620098797563],[0.226046037288755,51.6201056459219],[0.226035021100709,51.6198810232628],[0.226024005070603,51.6196564005976],[0.226384821199131,51.619649552211],[0.226373803300442,51.6194249295258],[0.226362785559712,51.6192003068346],[0.226001973484196,51.6192071552489],[0.225990957927889,51.6189825325654],[0.225630147720846,51.618989379881],[0.225269337355835,51.6189962260841],[0.224908526832882,51.6190030711746],[0.224919536309769,51.6192276938164],[0.224930545944511,51.6194523164522],[0.22529136052044,51.6194454713895],[0.225302372339565,51.619670094033],[0.224941555737109,51.6196769390818],[0.224952565687566,51.6199015617054],[0.224591746900631,51.6199084056278],[0.224602754982371,51.6201330282313],[0.22461376322195,51.6203576508288],[0.224974586062072,51.6203508069342],[0.225335408744261,51.6203439619271],[0.225346421194943,51.6205685845462],[0.225357433803521,51.6207932071593],[0.225368446569997,51.6210178297662],[0.225379459494376,51.6212424523671],[0.225390472576658,51.6214670749619],[0.225401485816848,51.6216916975506],[0.225040650974504,51.6216985424744],[0.224679815974212,51.6217053862856],[0.224690825318746,51.6219300088404],[0.224329988133745,51.621936851525],[0.223969150790848,51.621943693097],[0.22360831329008,51.6219505335562],[0.223619316712029,51.6221751560632],[0.223630320291767,51.622399778564],[0.223641324029294,51.6226244010588],[0.223652327924616,51.6228490235475],[0.223663331977733,51.62307364603],[0.223302484184763,51.6230804853069],[0.223291482158568,51.6228558628383],[0.222930636234692,51.6228627010165],[0.222569790153013,51.6228695380819],[0.222208943913561,51.6228763740347],[0.22221993985897,51.6231009964615],[0.221859091434836,51.6231078312875],[0.221870085510983,51.6233324536942],[0.221881079744805,51.6235570760948],[0.222241932222884,51.6235502412967],[0.222252928641394,51.6237748637052],[0.222263925217608,51.6239994861076],[0.22262478159197,51.6239926502246],[0.222985637808545,51.6239858132289],[0.222996638596581,51.6242104356531],[0.223007639542379,51.6244350580712],[0.222646779271669,51.624441895039],[0.222657778348125,51.6246665174371],[0.222296915892511,51.6246733532781],[0.221936053279126,51.6246801880064],[0.22194704845905,51.6249048103704],[0.221586183660782,51.6249116439719],[0.221597176971235,51.6251362663159],[0.22195804379667,51.6251294327284],[0.221969039291984,51.6253540550802],[0.221980033659241,51.6255786769855],[0.222340904464231,51.6255718423419],[0.22235189822831,51.6257964633013],[0.222712770784897,51.6257896275196],[0.222723766600789,51.6260142484425],[0.222734762566787,51.6262388693568],[0.222373886206708,51.6262457051942],[0.222013009696511,51.6262525399213],[0.222024002009052,51.6264771608827],[0.221663123446975,51.6264839945273],[0.221302244734826,51.6264908270617],[0.220941365872631,51.6264976584858],[0.220580486860414,51.6265044887997],[0.220591471715757,51.6267291098636],[0.220230590651721,51.6267359390949],[0.220241573755188,51.626960560178],[0.219880690639328,51.6269673883268],[0.219891671990869,51.627192009429],[0.220252557008601,51.6271851812524],[0.220263540411963,51.6274098023183],[0.220274523965278,51.6276344233754],[0.220635412636842,51.6276275940329],[0.220996301158396,51.6276207635801],[0.221357189529915,51.627613932017]]],[[[0.22750034151935,51.6203028685193],[0.227511366129745,51.6205274912216],[0.227522390898189,51.6207521139178],[0.227883216527357,51.62074526115],[0.227894243480513,51.6209698838539],[0.228255070978188,51.6209630299874],[0.228615898317682,51.6209561750082],[0.228604867311214,51.6207315522766],[0.22896569246585,51.620724696171],[0.228954659590884,51.6205000734195],[0.228593836462874,51.6205069295389],[0.22858280577266,51.6202823067952],[0.228221984513052,51.6202891618158],[0.227861163095274,51.6202960157238],[0.22750034151935,51.6203028685193]]],[[[0.224930545944511,51.6194523164522],[0.22456973121066,51.6194591604024],[0.224558723602424,51.6192345377805],[0.224197910737187,51.619241380632],[0.224208916318917,51.6194660032399],[0.223848101269307,51.619472844965],[0.223859104982307,51.6196974675529],[0.22349828774832,51.6197043081514],[0.22350928959254,51.6199289307193],[0.22314847017417,51.6199357701914],[0.22315947014956,51.6201603927392],[0.223170470282686,51.620385015281],[0.223181470573555,51.6206096378167],[0.223542296071777,51.6206027983865],[0.223531293754266,51.6203781758369],[0.223892117068021,51.6203713352801],[0.224252940223925,51.6203644936108],[0.224241934010954,51.6201398710272],[0.224230927955798,51.6199152484376],[0.224591746900631,51.6199084056278],[0.224580738976728,51.6196837830181],[0.224941555737109,51.6196769390818],[0.224930545944511,51.6194523164522]]],[[[0.189462703692754,51.5052339848011],[0.189473483959693,51.5054586147114],[0.189833420181061,51.5054518945806],[0.190193356272781,51.5054451733466],[0.190204139870649,51.5056698031133],[0.190564077433353,51.5056630807097],[0.190574862761558,51.505887710399],[0.19058564821945,51.5061123400773],[0.190945588853827,51.5061056164378],[0.190956376042121,51.5063302460388],[0.191316318147494,51.5063235212297],[0.191327107066233,51.5065481507533],[0.191337896114706,51.5067727802659],[0.191697841291824,51.5067660542208],[0.191708632070809,51.506990683656],[0.191719422979553,51.5072153130802],[0.19173021401806,51.5074399424934],[0.192090163867793,51.5074332151459],[0.1921009566369,51.5076578444818],[0.192111749535796,51.5078824738066],[0.192471702457426,51.507875745223],[0.192482497086986,51.5081003744704],[0.192493291846361,51.5083250037069],[0.192853247839944,51.5083182738871],[0.19286404433005,51.5085429030461],[0.192874840949997,51.5087675321942],[0.193234800015588,51.5087608011383],[0.19324559396259,51.5089854276292],[0.193605554773753,51.5089786955419],[0.193616347652896,51.509203320275],[0.193627140667726,51.5094279449981],[0.193987104738317,51.5094212117083],[0.19399789958641,51.5096458363724],[0.194357865218894,51.5096391019293],[0.194368661900294,51.5098637265344],[0.194728629094667,51.5098569909379],[0.195088596153314,51.509850254237],[0.195099396365675,51.510074878734],[0.195459364986183,51.5100681408796],[0.195470167031959,51.5102927653176],[0.195830137214323,51.5102860263098],[0.196190107260892,51.5102792861976],[0.196550077171644,51.5102725449809],[0.196910046946557,51.5102658026599],[0.196899238110285,51.5100411784183],[0.197259206051719,51.510034435042],[0.197619173857272,51.5100276905613],[0.197979141526925,51.5100209449762],[0.197968327733769,51.509796320872],[0.198328293569908,51.5097895742317],[0.198688252632591,51.5097828221344],[0.19867743587956,51.5095581982893],[0.199037391938846,51.5095514443365],[0.199397347866752,51.5095446892805],[0.199386528002999,51.5093200655601],[0.199746482178451,51.5093133094688],[0.199735660825101,51.5090886858053],[0.200095613248102,51.5090819286787],[0.200084790405198,51.508857305072],[0.200444741075752,51.5088505469101],[0.200804691464963,51.5088437875439],[0.20079386017298,51.5086191604569],[0.201153808891463,51.5086124001152],[0.201142976192151,51.5083877731446],[0.201502923250802,51.5083810118349],[0.201492089144202,51.5081563849808],[0.201852034543026,51.508149622703],[0.202211979815561,51.5081428593259],[0.202201142768181,51.5079182327196],[0.202561086380878,51.5079114683745],[0.202550247926314,51.5076868418846],[0.202539409598098,51.5074622153798],[0.202179469052404,51.5074689794622],[0.202168632384001,51.5072443528111],[0.202157795841921,51.5070197261451],[0.20214695942616,51.5067950994642],[0.202506895371507,51.5067883357759],[0.202496057548655,51.5065637092115],[0.202855991834282,51.5065569445553],[0.202845152604381,51.5063323181073],[0.203205085230292,51.5063255524831],[0.203194244593382,51.5061009261516],[0.203183404082844,51.5058762998052],[0.203543333515706,51.5058695333445],[0.203532491598219,51.5056449071145],[0.203172563698676,51.5056516734438],[0.203161723440878,51.5054270470675],[0.203150883309445,51.5052024206763],[0.202790958350142,51.5052091856436],[0.202780119878334,51.5049845591061],[0.202769281532866,51.5047599325537],[0.202409359513748,51.504766696159],[0.202398522827841,51.5045420694603],[0.202387686268251,51.5043174427468],[0.202376849834975,51.5040928160183],[0.202016932289169,51.5040995781303],[0.202006097515368,51.5038749512555],[0.201995262867856,51.5036503243659],[0.201635348262086,51.503657085116],[0.201624515273984,51.5034324580801],[0.201613682412147,51.5032078310293],[0.201602849676572,51.5029832039636],[0.201242939543868,51.5029899632205],[0.201232108467618,51.5027653360086],[0.201221277517604,51.5025407087817],[0.200861370324789,51.5025474666769],[0.200850541034036,51.5023228393038],[0.200839711869496,51.5020982119158],[0.200828882831166,51.5018735845129],[0.200818053919046,51.5016489570951],[0.200807225133132,51.5014243296624],[0.200447325479045,51.501431085802],[0.200436498352259,51.501206458223],[0.200425671351654,51.5009818306292],[0.200414844477231,51.5007572030205],[0.200404017728984,51.5005325753968],[0.200393186298983,51.5003079465939],[0.200382354646624,51.5000833176931],[0.200371523118534,51.4998586887786],[0.20036069171471,51.4996340598503],[0.200349860435151,51.4994094309082],[0.199989974450697,51.499416184896],[0.199979144796553,51.4991915558274],[0.199619260189003,51.4991983086024],[0.199608432160234,51.4989736794075],[0.19924854892959,51.4989804309697],[0.199237722526156,51.4987558016483],[0.198877840672422,51.4987625519978],[0.198867015894282,51.49853792255],[0.198507135417459,51.4985446716867],[0.198496312264572,51.4983200421126],[0.198136430784201,51.4983267885488],[0.19812560927386,51.4981021588238],[0.197765728269116,51.4981089034376],[0.197754908561114,51.4978842736451],[0.197744088987274,51.4976596438422],[0.197733269547591,51.4974350140288],[0.197373393413075,51.4974417573681],[0.197384211184644,51.4976663872385],[0.197395029090348,51.4978910170985],[0.197405847130192,51.498115646948],[0.197045965857109,51.4981223893549],[0.196686084449889,51.4981291306584],[0.196696899287506,51.4983537606115],[0.196337016077984,51.4983605008685],[0.196347829381491,51.4985851308682],[0.195987944369662,51.4985918700787],[0.195628059223756,51.4985986081857],[0.195638869324874,51.498823238289],[0.195278982376674,51.4988299753495],[0.195289790943572,51.4990546054993],[0.194929902193074,51.4990613415133],[0.194570013308559,51.4990680764238],[0.194580818672906,51.4992927066772],[0.194220927986106,51.4992994405411],[0.19423173181612,51.4995240708409],[0.193871839327032,51.4995308036583],[0.193511946703985,51.4995375353721],[0.193522747331286,51.4997621657754],[0.193162852905964,51.4997688964427],[0.193173651998821,51.4999935268925],[0.19281375577122,51.5000002565131],[0.192824553329588,51.5002248870094],[0.192464655299701,51.5002316155834],[0.192104757135936,51.5002383430538],[0.192115551491361,51.5004629736535],[0.191755651525324,51.5004697000773],[0.191766441135213,51.5006943299593],[0.191406539300668,51.5007010553151],[0.191046637336421,51.5007077795679],[0.191057423012502,51.5009324093663],[0.190697519318366,51.5009391325825],[0.190337615494565,51.5009458546956],[0.190348398099876,51.5011704846157],[0.189988492546199,51.5011772056922],[0.189999273680899,51.5014018356677],[0.189639366397344,51.5014085557074],[0.189279458984179,51.5014152746442],[0.189290237047952,51.5016399047414],[0.18893032790492,51.5016466226414],[0.188941104497975,51.5018712527939],[0.188581193625072,51.5018779696572],[0.188221282622615,51.5018846854175],[0.188232056144585,51.5021093156915],[0.187872143412271,51.502116030415],[0.187882915463413,51.5023406607445],[0.187523001001236,51.5023473744312],[0.18753377158151,51.5025720048159],[0.187173855389462,51.5025787174658],[0.186813939067938,51.5025854290127],[0.186824706576905,51.5028100595189],[0.186835474215314,51.5030346900142],[0.187195393737653,51.5030279783349],[0.187206163105946,51.5032526087529],[0.187216932603708,51.50347723916],[0.187576855197461,51.5034705262449],[0.187587626425173,51.5036951565747],[0.187598397782379,51.5039197868935],[0.187609169269082,51.5041444172013],[0.187969096534823,51.5041377029843],[0.187979869751565,51.5043623332148],[0.187990643097828,51.5045869634344],[0.188001416573617,51.5048115936429],[0.188361348511503,51.5048048781238],[0.18872128031983,51.5047981615015],[0.188732057126346,51.5050227915665],[0.18909199040569,51.5050160737747],[0.189102768942397,51.5052407037624],[0.189462703692754,51.5052339848011]]],[[[0.188708231824111,51.4895098223032],[0.18871900672822,51.4897344536784],[0.189078826835641,51.4897277375705],[0.189438646805489,51.4897210203587],[0.189449425314398,51.4899456516365],[0.189809246880285,51.4899389332769],[0.190169068308555,51.4899322138133],[0.190179850422343,51.4901568449938],[0.190539673446623,51.4901501243824],[0.190899496333236,51.490143402667],[0.19125931908216,51.4901366798477],[0.191270106534583,51.4903613108868],[0.191629930879464,51.4903545869197],[0.191989755086609,51.4903478618486],[0.192000546144097,51.4905724927901],[0.19236037194717,51.4905657665712],[0.192720197612459,51.4905590392482],[0.192730992275096,51.4907836700922],[0.193090819536284,51.4907769416214],[0.193101616070426,51.4910015724118],[0.193112412742373,51.4912262031926],[0.193472243333202,51.4912194735298],[0.193483041876725,51.4914441042569],[0.193842874063464,51.4914373734462],[0.193853674478607,51.4916620041197],[0.194213508261252,51.491655272161],[0.194224310548061,51.4918799027809],[0.194584145926608,51.4918731696742],[0.194943981167221,51.4918664354635],[0.195303816269882,51.4918597001488],[0.195293008781657,51.491635069661],[0.195652842012541,51.4916283332863],[0.195642032928483,51.4914037028328],[0.195631223982392,51.4911790723697],[0.19599105360775,51.4911723349791],[0.196001864287595,51.4913969653982],[0.19636169550869,51.4913902268596],[0.196372508060297,51.491614857225],[0.196732340877125,51.4916081175383],[0.196721526591747,51.491383487217],[0.197081357536743,51.4913767464705],[0.197070541655652,51.4911521161836],[0.197059725912615,51.490927485887],[0.197048910307629,51.4907028555808],[0.197408735913378,51.4906961138625],[0.197397918712765,51.4904714835907],[0.19738710165022,51.4902468533092],[0.197376284725744,51.4900222230181],[0.197736104992439,51.4900154803281],[0.197725286472419,51.4897908500714],[0.198085104867396,51.4897841063216],[0.198444923505518,51.4897773614045],[0.198434101602047,51.4895527312409],[0.19842327983015,51.4893281010664],[0.198783097004102,51.4893213548619],[0.198772273739144,51.4890967247435],[0.198412458189824,51.4891034708807],[0.198052644935159,51.4891102156259],[0.198041825233949,51.4888855853747],[0.197682013773164,51.4888923289482],[0.197671195943544,51.4886676986432],[0.197311386078151,51.4886744410688],[0.196951576074681,51.4886811823905],[0.196591765933155,51.4886879226083],[0.196580953442029,51.4884632921615],[0.196221144895949,51.4884700312314],[0.195861336211862,51.4884767691975],[0.195501527389789,51.4884835060597],[0.195141718429752,51.488490241818],[0.194781909331774,51.4884969764724],[0.194771105645955,51.4882723457958],[0.194411298143527,51.4882790793024],[0.194051490503204,51.4882858117051],[0.194040690422167,51.4880611809309],[0.193680884377423,51.4880679121857],[0.193321078194832,51.4880746423367],[0.192961271874416,51.4880813713839],[0.192601465416199,51.4880880993272],[0.1922416588202,51.4880948261667],[0.191881852086445,51.4881015519023],[0.191522045214954,51.488108276534],[0.191162238205751,51.4881150000619],[0.19115145213004,51.4878903689264],[0.190791646716593,51.4878970913065],[0.190431841165479,51.4879038125828],[0.190421058694277,51.4876791813497],[0.190061254738948,51.4876859014783],[0.189701450646001,51.4876926205029],[0.189341646415457,51.4876993384238],[0.188981842047338,51.4877060552407],[0.188622037541667,51.4877127709539],[0.188262232898467,51.4877194855632],[0.18790242811776,51.4877261990686],[0.187542623199568,51.4877329114702],[0.187553391803276,51.4879575430542],[0.187913198454913,51.4879508306087],[0.187923968929522,51.4881754621392],[0.187934739541589,51.48840009366],[0.187574929422995,51.4884068061931],[0.18758569843901,51.4886314377481],[0.187225886449431,51.4886381492212],[0.187236653869351,51.4888627808104],[0.186876840008783,51.4888694912234],[0.18688760583256,51.4890941228468],[0.186527790100998,51.4891008321997],[0.186538554328589,51.4893254638572],[0.186898371793737,51.4893187544605],[0.186909137892317,51.4895433860646],[0.186549318693559,51.4895500955052],[0.186560083195911,51.4897747271434],[0.186200262126105,51.4897814355239],[0.185840440918904,51.4897881428003],[0.185851202091326,51.4900127745166],[0.185491379013091,51.4900194807329],[0.185502138589171,51.4902441124833],[0.185142313639899,51.4902508176395],[0.185153071619591,51.490475449424],[0.184793244799277,51.49048215352],[0.184804001182537,51.4907067853386],[0.185163829736586,51.4907000811989],[0.185523658153298,51.4906933759551],[0.18553441814135,51.4909180076766],[0.185894248154454,51.4909113012851],[0.186254078030176,51.4909045937896],[0.186243314574623,51.4906799621558],[0.186603142579192,51.4906732536001],[0.186592377527286,51.4904486220004],[0.186581612612772,51.4902239903911],[0.186941437012495,51.4902172808191],[0.186930670501693,51.4899926492439],[0.187290493030296,51.4899859386118],[0.187279724923253,51.4897613070708],[0.187639545580742,51.4897545953786],[0.187628775877501,51.4895299638718],[0.187988594663883,51.4895232511195],[0.18834841331276,51.4895165372633],[0.188708231824111,51.4895098223032]]],[[[0.19032927661074,51.5157847190797],[0.190689289577949,51.515777995463],[0.191049302409633,51.5157712707417],[0.191038519180052,51.5155466459051],[0.191027736086046,51.5153220210586],[0.190667726650723,51.515328745682],[0.190656945390437,51.5151041207766],[0.190296937517744,51.5151108442464],[0.19030771707988,51.5153354692008],[0.190318496777545,51.5155600941452],[0.19032927661074,51.5157847190797]]],[[[0.190511815708445,51.6171773007248],[0.190151000433897,51.617184030992],[0.190140180051671,51.6169594088501],[0.190129359724268,51.6167347866558],[0.190118539543425,51.6165101644541],[0.190107719509136,51.6162855422451],[0.190096899621401,51.6160609200286],[0.189736093650761,51.6160676491772],[0.189725275789122,51.6158430269468],[0.189364471551522,51.6158497549777],[0.189003667167445,51.6158564818974],[0.189014481269988,51.616081104141],[0.189025295519009,51.6163057263773],[0.189386103662209,51.6162989994443],[0.189396919937311,51.6165236216666],[0.189036109914512,51.6165303486061],[0.189046924456498,51.6167549708276],[0.188686112407614,51.6167616966625],[0.18832530021229,51.6167684213863],[0.187964487870551,51.6167751449989],[0.187975296920071,51.6169997672326],[0.188336111141464,51.6169930436135],[0.188346921910102,51.6172176656872],[0.188707737901589,51.6172109409669],[0.188718549425766,51.6174355624168],[0.189079367102014,51.617428836551],[0.189440184634895,51.6174221095757],[0.189801002024385,51.6174153814911],[0.1898118191763,51.6176400028232],[0.189822636471661,51.6178646241461],[0.190183457373995,51.6178578948796],[0.190544278132884,51.6178511645037],[0.190533457181245,51.6176265432532],[0.1905226363731,51.6174019219936],[0.190511815708445,51.6171773007248]]],[[[0.188563143070879,51.621710093666],[0.188573955634419,51.6219347149687],[0.188934810021006,51.6219279894884],[0.188923995628893,51.621703368222],[0.189284848043517,51.6216966416683],[0.189274031966275,51.6214720204289],[0.189263216032476,51.6212473991803],[0.189624064646621,51.6212406715895],[0.189613247027762,51.621016050368],[0.189602429552363,51.6207914291372],[0.189241584595192,51.6207981566556],[0.188880739494616,51.6208048830644],[0.188891553313063,51.6210295043675],[0.188902367274924,51.6212541256615],[0.188541518373986,51.6212608510332],[0.188552330650735,51.6214854723542],[0.188563143070879,51.621710093666]]],[[[0.159578459194548,51.5132070695388],[0.159589081225626,51.5134316999969],[0.159599703399531,51.5136563304427],[0.159610325716267,51.5138809608762],[0.159620948175834,51.5141055912975],[0.159631570778236,51.5143302217064],[0.159642193523475,51.5145548521031],[0.160002211930167,51.5145482283648],[0.160012836672204,51.5147728586606],[0.160023461557106,51.5149974889441],[0.160034086584875,51.5152221192153],[0.160044711755515,51.5154467494742],[0.160055337069028,51.5156713797209],[0.160065962525417,51.5158960099552],[0.160076588124684,51.5161206401773],[0.160436619366757,51.5161140147167],[0.160447246963025,51.5163386448379],[0.1604578747022,51.5165632749468],[0.160468502584283,51.5167879050434],[0.160828539245939,51.5167812782147],[0.160839169125123,51.5170059082104],[0.160849797558375,51.5172305365553],[0.160860420429581,51.5174551590049],[0.161220462620429,51.5174485309291],[0.161231087394299,51.5176731531875],[0.161241712305856,51.5178977754286],[0.161252337355103,51.5181223976524],[0.161612384703435,51.5181157679579],[0.161623011655444,51.5183403899905],[0.161633638745169,51.5185650120058],[0.161644265972614,51.5187896340038],[0.161654893337779,51.5190142559844],[0.161665520840669,51.5192388779477],[0.161676148481285,51.5194634998936],[0.162036206282749,51.5194568680589],[0.162046835826298,51.5196814898137],[0.162057465507601,51.5199061115511],[0.16206809532666,51.5201307332712],[0.162428158286144,51.5201240998177],[0.162438790008232,51.5203487213466],[0.162798854595299,51.5203420866218],[0.163158919044655,51.5203354507997],[0.163518983356278,51.5203288138802],[0.163879047530145,51.5203221758633],[0.164239111566232,51.520315536749],[0.164599175464518,51.5203088965374],[0.164588533150854,51.5200842760517],[0.164948595146061,51.5200776349166],[0.165308656930058,51.5200709924459],[0.165298011222044,51.5198463722904],[0.165658071064518,51.5198397287804],[0.165647423722446,51.5196151087671],[0.166007481654156,51.5196084643176],[0.166367539447527,51.5196018187698],[0.166727597102537,51.5195951721237],[0.167087654619161,51.5195885243795],[0.167077000325821,51.5193639049848],[0.167437055931625,51.5193572563011],[0.167426400004394,51.5191326370487],[0.167786453699381,51.5191259874256],[0.167775796138305,51.5189013683155],[0.167415744215685,51.5189080177799],[0.167055692154641,51.518914666146],[0.167066346170982,51.5191392855736],[0.166706292199167,51.5191459330004],[0.166695639955198,51.518921313414],[0.166335587617376,51.5189279595837],[0.16632493728423,51.5187033398222],[0.165964886580407,51.518709984735],[0.165604835738256,51.5187166285496],[0.165594189088218,51.5184920084541],[0.165583542576582,51.5182673883421],[0.165572896203344,51.5180427682137],[0.165562249968499,51.5178181480688],[0.165922293721461,51.5178115048891],[0.165911645852769,51.5175868848865],[0.165900998122491,51.5173622648674],[0.165890348833927,51.5171376431143],[0.165879692744589,51.5169130143192],[0.165869036801488,51.5166883855135],[0.165509002451562,51.5166950283756],[0.165498348558845,51.5164703995008],[0.165487694812334,51.5162457706154],[0.165477041212027,51.5160211417195],[0.165117012428335,51.5160277833016],[0.165106360878311,51.5158031543365],[0.165466387757923,51.5157965128131],[0.165826414491389,51.5157898701857],[0.165815759279429,51.5155652413274],[0.165455734450016,51.5155718838962],[0.165445081288307,51.5153472549688],[0.165434428272792,51.5151226260308],[0.165423775403468,51.5148979970823],[0.165413122680334,51.5146733681233],[0.165402470103385,51.5144487391538],[0.165042454618624,51.5144553802928],[0.165031804064636,51.5142307512255],[0.165021153653841,51.5140061221459],[0.165381165388038,51.5139994811832],[0.165370513249634,51.5137748521821],[0.165730522847483,51.5137682100825],[0.165719868951418,51.5135435811295],[0.165709215201552,51.513318952166],[0.165698561597882,51.513094323192],[0.165687908140404,51.5128696942074],[0.165677254829117,51.5126450652124],[0.165666601664018,51.5124204362068],[0.165306603488828,51.5124270779545],[0.165295952373605,51.5122024488797],[0.164935955522113,51.5122090890662],[0.164575957654777,51.512215727349],[0.164215959644349,51.5122223645297],[0.163855961490855,51.5122290006083],[0.163495963194318,51.5122356355847],[0.163506605044902,51.5124602651174],[0.163146604751651,51.5124668990803],[0.1627866043154,51.512473531941],[0.162426603736178,51.5124801636996],[0.162066603014006,51.5124867943561],[0.161706602148908,51.5124934239104],[0.161717234873949,51.5127180538739],[0.161357232012219,51.5127246824146],[0.160997229007609,51.5127313098532],[0.160637225860145,51.5127379361895],[0.160626598696308,51.5125133059602],[0.160266597259752,51.5125199311059],[0.16027722256985,51.5127445614238],[0.160287848022814,51.5129691917293],[0.159927842735947,51.5129758159499],[0.159938466477992,51.5132004463318],[0.159578459194548,51.5132070695388]]],[[[0.159578459194548,51.5132070695388],[0.159567837306294,51.5129824390683],[0.159927842735947,51.5129758159499],[0.159917219136748,51.5127511855558],[0.159906595680392,51.5125265551494],[0.160266597259752,51.5125199311059],[0.160255972092519,51.5122953007757],[0.159895972366877,51.5123019247306],[0.159535972498458,51.5123085475834],[0.159175972487284,51.512315169334],[0.159186592093354,51.5125397999298],[0.159197211842219,51.5127644305133],[0.159207831733879,51.5129890610846],[0.159218451768339,51.5132136916435],[0.159578459194548,51.5132070695388]]]]}}