{"type":"Feature","properties":{"code":"E63005033","name":"Wandsworth"},"geometry":{"type":"MultiPolygon","coordinates":[[[[-0.243696656209421,51.445300650705],[-0.243688039637817,51.4455253396405],[-0.244047599808053,51.4455307236777],[-0.244038984887699,51.4457554126466],[-0.244030369855691,51.4459801016058],[-0.24438993366339,51.4459854846268],[-0.244381320282698,51.4462101736194],[-0.24474088596494,51.4462155555811],[-0.244732274235609,51.4464402446071],[-0.244723662394664,51.4466649336234],[-0.245083231714472,51.4466703145688],[-0.245074621524956,51.4468950036185],[-0.245434192719339,51.4469003835045],[-0.245425584181295,51.4471250725875],[-0.245066011223843,51.4471196926585],[-0.245057400811134,51.4473443816889],[-0.244697826202126,51.4473390006144],[-0.244338251704676,51.4473336184374],[-0.243978677318806,51.447328235158],[-0.243970061505168,51.4475529240496],[-0.243961445579861,51.4477776129314],[-0.244321023491969,51.447782996297],[-0.244329637654146,51.447558307372],[-0.244689213914706,51.4475636895921],[-0.245048790286826,51.4475690707096],[-0.245408366770483,51.4475744507247],[-0.245416975531677,51.447349761661],[-0.245776550363732,51.4473551405306],[-0.245767943365654,51.4475798296374],[-0.246127520072317,51.4475852074475],[-0.246118914725824,51.4478098965877],[-0.246110309267797,51.4480345857182],[-0.246469889612236,51.4480399625119],[-0.24646128580586,51.4482646516757],[-0.246820868024938,51.44827002741],[-0.246812265870261,51.4484947166072],[-0.246803663604088,51.4487194057947],[-0.247163249461047,51.4487247805125],[-0.247154648846639,51.4489494697333],[-0.247514236578269,51.4489548433916],[-0.24750563761567,51.4491795326458],[-0.247865227221976,51.4491849052445],[-0.247856629911232,51.449409594532],[-0.248216221392218,51.4494149660711],[-0.248207625733375,51.4496396553919],[-0.248567219089043,51.4496450258715],[-0.248926812556038,51.4496503952485],[-0.248918220312502,51.4498750846456],[-0.249277815654163,51.4498804529631],[-0.249269225062643,51.4501051423934],[-0.249628822278974,51.4501105096512],[-0.249620233339515,51.4503351991149],[-0.249979832430521,51.450340565313],[-0.249971245144048,51.4505652548312],[-0.250330846109805,51.4505706199725],[-0.250322260478447,51.4507953095993],[-0.250681863318804,51.4508006736834],[-0.251041466270357,51.4508060366649],[-0.251032884054533,51.4510307263723],[-0.251392488880669,51.4510360882965],[-0.251752093822726,51.4510414491064],[-0.251743515024855,51.4512661388889],[-0.252103121851302,51.451271498618],[-0.25209454471061,51.4514961884244],[-0.252454153417035,51.4515015470834],[-0.252445577933569,51.4517262369135],[-0.252805188519975,51.4517315945024],[-0.252796614693781,51.4519562843564],[-0.252788040756209,51.4521809742012],[-0.253147654991296,51.452186330753],[-0.253507269337677,51.4521916862016],[-0.253866883795329,51.4521970405472],[-0.254226498364228,51.4522023937895],[-0.254217931390161,51.4524270837571],[-0.254577547839011,51.4524324359293],[-0.254568982522402,51.4526571259207],[-0.254928600851207,51.4526624770227],[-0.254920037192102,51.4528871670378],[-0.255279657400865,51.4528925170696],[-0.255639277720791,51.4528978659983],[-0.255630717488035,51.4531225560701],[-0.255990339687902,51.4531279039285],[-0.255981781112766,51.4533525940241],[-0.256341405192579,51.4533579408122],[-0.256332848275108,51.4535826309315],[-0.25669247423487,51.4535879766494],[-0.256683918975111,51.4538126667925],[-0.257043546814825,51.4538180114401],[-0.257403174765594,51.4538233549845],[-0.257394622932493,51.4540480451841],[-0.257754252763198,51.4540533876582],[-0.257745702587925,51.4542780778816],[-0.258105334298569,51.4542834192853],[-0.258096785781169,51.4545081095324],[-0.258456419371756,51.4545134498658],[-0.258816053073313,51.454518789096],[-0.258807507982809,51.4547434793996],[-0.259167143564291,51.4547488175594],[-0.259158600131777,51.4549735078867],[-0.259150056588271,51.4551981982047],[-0.259141512933771,51.4554228885136],[-0.259132969168275,51.4556475788133],[-0.259124425291781,51.4558722691039],[-0.259115881304289,51.4560969593853],[-0.259107337205795,51.4563216496575],[-0.258747689240818,51.4563163112677],[-0.258739143262159,51.4565410014978],[-0.258730597172471,51.4567656917188],[-0.258722050971754,51.4569903819306],[-0.258713504660006,51.4572150721333],[-0.258353849729212,51.4572097325088],[-0.258345301537178,51.4574344226693],[-0.258336753234086,51.4576591128207],[-0.258328204819933,51.457883802963],[-0.257968544692314,51.4578784621365],[-0.257959994397781,51.4581031522367],[-0.25795144399216,51.4583278423277],[-0.257591780436908,51.4583225003321],[-0.257583228150836,51.4585471903811],[-0.257574675753651,51.4587718804209],[-0.257215008770703,51.4587665372561],[-0.257206454750668,51.4589912266744],[-0.256846786091154,51.4589858824185],[-0.256855341898827,51.458761192988],[-0.256495675138049,51.4587558476165],[-0.256504232843378,51.4585311576754],[-0.256144567963097,51.4585258112335],[-0.255784903193957,51.4585204636881],[-0.255776341949876,51.4587451535633],[-0.255416675522527,51.4587398048816],[-0.255408112570984,51.4589644943426],[-0.255399549666497,51.4591891834543],[-0.255390986650084,51.4594138725587],[-0.255382423521745,51.4596385616557],[-0.255022750070903,51.4596332118892],[-0.255014185047126,51.4598579009841],[-0.255005619911394,51.4600825900716],[-0.254645943005405,51.4600772392102],[-0.254637375974165,51.4603019282954],[-0.254628808830944,51.4605266173734],[-0.254269128469745,51.460521265417],[-0.254260559430945,51.4607459544927],[-0.254251990280137,51.4609706435611],[-0.253892306463668,51.4609652905097],[-0.253883735417209,51.4611899795759],[-0.253524049929068,51.4611846254244],[-0.253532622759165,51.4609599363531],[-0.253172939166653,51.4609545810912],[-0.252813255686154,51.460949224724],[-0.252453572317693,51.4609438672515],[-0.252093889061291,51.4609385086737],[-0.251734205916973,51.4609331489906],[-0.251725624168714,51.4611578380875],[-0.252085309096662,51.4611631977655],[-0.252076729019882,51.4613878868498],[-0.252436415843568,51.4613932454174],[-0.252796102779317,51.4613986028797],[-0.252787526157741,51.4616232919465],[-0.253147214989212,51.4616286482983],[-0.253138640039231,51.4618533373527],[-0.253498330766426,51.4618586925941],[-0.253858021605619,51.4618640467301],[-0.253866592988187,51.4616393576861],[-0.253875164258717,51.4614146686347],[-0.25423485164249,51.4614200216757],[-0.254594539138211,51.4614253736114],[-0.254954226745858,51.4614307244418],[-0.254945660826393,51.4616554134778],[-0.255305350329634,51.4616607631977],[-0.255296786081914,51.4618854522211],[-0.254937094794958,51.4618801025064],[-0.254928528651552,51.4621047915276],[-0.254568835692767,51.4620994407127],[-0.254560267653628,51.4623241297317],[-0.254919962396172,51.4623294805414],[-0.254911396028818,51.4625541695479],[-0.255271092667056,51.4625595192472],[-0.255279657250627,51.4623348302459],[-0.255639352216968,51.4623401788449],[-0.255630789417183,51.4625648678411],[-0.255990486279175,51.4625702153296],[-0.256350183253009,51.4625755617128],[-0.256709880338663,51.4625809069906],[-0.256701322778385,51.4628055959638],[-0.256341623908916,51.4628002506912],[-0.256333064452936,51.4630249396622],[-0.255973363911453,51.4630195932894],[-0.255613663481816,51.4630142458113],[-0.255605100346232,51.4632389347853],[-0.25559653709871,51.463463623752],[-0.25523683321321,51.4634582751789],[-0.255228268069849,51.4636829641434],[-0.255219702814523,51.4639076531006],[-0.254859995473098,51.4639023034324],[-0.254851428321862,51.4641269923874],[-0.254491719308418,51.4641216416189],[-0.254483150261226,51.4643463305717],[-0.254123439575765,51.464340978703],[-0.25411486863257,51.4645656676536],[-0.253755156275097,51.4645603146846],[-0.253746583435853,51.464785003633],[-0.253386869406373,51.4647796495637],[-0.253027155488916,51.464774294389],[-0.25301857896955,51.4649989833403],[-0.252658863380114,51.4649936270652],[-0.252299147902748,51.4649882696848],[-0.252307727990163,51.4647635807233],[-0.25231630796542,51.4645388917544],[-0.25195659616817,51.4645335332583],[-0.251596884483034,51.4645281736567],[-0.251588300939781,51.4647528626357],[-0.251579717284324,51.4649775516074],[-0.251220002729336,51.4649721893756],[-0.250860288306666,51.4649668259855],[-0.250500573995448,51.4649614614921],[-0.25049198493603,51.465186150308],[-0.25013226896759,51.4651807846741],[-0.249772553110649,51.4651754179368],[-0.249412837365231,51.4651700500961],[-0.24905312173136,51.4651646811518],[-0.248693406209058,51.4651593111042],[-0.248333690798349,51.4651539399531],[-0.247973975499253,51.4651485676986],[-0.247614260311796,51.4651431943406],[-0.247254545235999,51.4651378198791],[-0.246894830271886,51.4651324443143],[-0.24653511541948,51.465127067646],[-0.246175400678802,51.4651216898742],[-0.245815686049877,51.465116310999],[-0.245455971532726,51.4651109310204],[-0.245447357599835,51.4653356193087],[-0.245087641425787,51.4653302381896],[-0.244727925363562,51.465324855967],[-0.244368209413182,51.4653194726409],[-0.244008493574671,51.4653140882114],[-0.243648777848051,51.4653087026785],[-0.243289062233346,51.4653033160421],[-0.242929346730577,51.4652979283023],[-0.242569631339768,51.4652925394591],[-0.242209916060941,51.4652871495124],[-0.241850200894121,51.4652817584622],[-0.241490485839329,51.4652763663087],[-0.241130770896588,51.4652709730516],[-0.241139406053694,51.4650462852089],[-0.2407796929917,51.4650408908857],[-0.240419980041801,51.465035495459],[-0.240060267204019,51.4650300989288],[-0.239700554478379,51.4650247012953],[-0.239340841864903,51.4650193025583],[-0.238981129363613,51.4650139027179],[-0.238621416974533,51.4650085017741],[-0.238630064400007,51.4647838141825],[-0.238270353891795,51.4647784121725],[-0.237910643495836,51.4647730090591],[-0.237550933212154,51.4647676048423],[-0.23719122304077,51.464762199522],[-0.236831512981709,51.4647567930984],[-0.236471803034993,51.4647513855713],[-0.236480460959821,51.464526698194],[-0.236120752894074,51.4645212896008],[-0.235761044940715,51.4645158799042],[-0.235401337099768,51.4645104691042],[-0.235041629371255,51.4645050572009],[-0.234681921402872,51.4644996441771],[-0.234322213325254,51.4644942300393],[-0.234330881799088,51.4642695428847],[-0.23397117562637,51.4642641276858],[-0.233611469567274,51.4642587113838],[-0.233602797510846,51.4644833984543],[-0.233594125340706,51.4647080855153],[-0.233585453056853,51.4649327725666],[-0.233576780659285,51.4651574596084],[-0.233936493883705,51.4651628760786],[-0.233927823163809,51.4653875631528],[-0.233919152330218,51.4656122502173],[-0.233910481382929,51.4658369372722],[-0.23390181032194,51.4660616243176],[-0.23389313914725,51.4662863113533],[-0.233533416965653,51.4662808946728],[-0.233524743885755,51.4665055816568],[-0.233165020026319,51.4665001638311],[-0.233156345041167,51.4667248507634],[-0.233147669942261,51.4669495376862],[-0.2331389947296,51.4671742245993],[-0.232779265609212,51.4671688055441],[-0.232787942613443,51.466944118673],[-0.232796619503895,51.4667194317923],[-0.232436894080337,51.466714011718],[-0.232077168770516,51.4667085905404],[-0.231717443574454,51.4667031682595],[-0.231357718492176,51.4666977448754],[-0.230997993523704,51.4666923203881],[-0.230638268669061,51.4666868947975],[-0.230278543928271,51.4666814681036],[-0.229918819301356,51.4666760403065],[-0.229559094788341,51.4666706114061],[-0.229550401774057,51.4668952979078],[-0.229541708645786,51.4671199843998],[-0.229533015191201,51.4673446708119],[-0.229173285418007,51.4673392406892],[-0.229164589970085,51.4675639270311],[-0.228804858510523,51.4675584957697],[-0.228445127165384,51.4675530634047],[-0.228436428001432,51.4677777496671],[-0.228427728722972,51.4680024359204],[-0.228419029330003,51.4682271221643],[-0.228410329822521,51.4684518083989],[-0.228050591388558,51.4684463747901],[-0.227690853069071,51.4684409400775],[-0.227682149845328,51.4686656262328],[-0.227673446507023,51.4688903123788],[-0.227664743054154,51.4691149985155],[-0.227656039486719,51.4693396846429],[-0.227647335804716,51.4695643707611],[-0.227638632008144,51.46978905687],[-0.227629928097,51.4700137429696],[-0.227989679023088,51.4700191779276],[-0.22799838113322,51.4697944917929],[-0.228007083128802,51.469569805649],[-0.228015785009839,51.4693451194957],[-0.22802448677633,51.4691204333332],[-0.22838423061299,51.4691258670473],[-0.228392930464017,51.4689011808404],[-0.228401630200527,51.4686764946243],[-0.228761370549822,51.4686819271646],[-0.229121111013549,51.4686873586012],[-0.229480851591684,51.4686927889341],[-0.229472157257881,51.4689174752553],[-0.229112414878842,51.4689120448874],[-0.229103718629664,51.4691367311643],[-0.229095022266013,51.4693614174319],[-0.228735276399509,51.4693559858902],[-0.228726578120411,51.4695806721136],[-0.228717879726813,51.4698053583277],[-0.228709181218712,51.4700300445324],[-0.228700482596108,51.470254730728],[-0.228691783858998,51.4704794169142],[-0.22868308500738,51.4707041030912],[-0.228674386041251,51.4709287892589],[-0.228314627681908,51.4709233563681],[-0.228323328449146,51.4706986702354],[-0.227963572005384,51.470693236276],[-0.227954869437039,51.4709179223736],[-0.227946166754137,51.4711426084619],[-0.227937463956674,51.4713672945409],[-0.227928761044649,51.4715919806106],[-0.227568997510824,51.4715865454071],[-0.227209234091527,51.4715811090999],[-0.2272179406059,51.4713564231002],[-0.226858179102325,51.4713509857242],[-0.226498417713322,51.4713455472445],[-0.22650712771538,51.4711208613058],[-0.226147368242117,51.4711154217574],[-0.225787608883471,51.4711099811052],[-0.225427849639466,51.4711045393492],[-0.225436564930227,51.4708798535066],[-0.225076807602,51.470874410682],[-0.225068090510125,51.4710990964895],[-0.224708331495471,51.471093652526],[-0.224348572595527,51.4710882074588],[-0.224357293289626,51.4708635217216],[-0.224366013868934,51.4706388359751],[-0.224006258685919,51.4706333898744],[-0.223646503617657,51.47062794267],[-0.22363777943618,51.4708526283461],[-0.223278022681613,51.4708471800028],[-0.223286748664171,51.4706224943618],[-0.222926993825487,51.4706170449499],[-0.222935721494245,51.4703923593348],[-0.222575968571437,51.4703869088544],[-0.222216215763475,51.4703814572702],[-0.22220748449261,51.4706061428148],[-0.222567239101625,51.4706115944342],[-0.222558509516908,51.4708362800048],[-0.222198753106818,51.4708308283502],[-0.221838996811599,51.4708253755919],[-0.221479240631276,51.4708199217298],[-0.221487975619214,51.4705952362648],[-0.221128221354879,51.4705897813342],[-0.221136958028889,51.4703650958952],[-0.22077720568054,51.4703596398961],[-0.220785944040577,51.470134954483],[-0.220426193608208,51.4701294974154],[-0.220434933654227,51.4699048120283],[-0.220443673585208,51.469680126632],[-0.220083926869787,51.4696746685312],[-0.220092668486681,51.4694499831608],[-0.21973292368721,51.4694445239915],[-0.21974166698997,51.4692198386471],[-0.219381924106443,51.4692143784095],[-0.219390669095023,51.468989693091],[-0.219030928127436,51.468984231785],[-0.219039674801792,51.4687595464925],[-0.218679935750141,51.4687540841181],[-0.218688684110224,51.4685293988517],[-0.218328946974507,51.4685239354088],[-0.218337697020271,51.4682992501684],[-0.217977958829033,51.4682937861004],[-0.217986710610466,51.4680691008951],[-0.217626973114017,51.4680636359657],[-0.217267235729206,51.4680581699343],[-0.217275990856465,51.467833484858],[-0.217284745872008,51.4676087997707],[-0.216925012056331,51.4676033327773],[-0.216565278352334,51.4675978646819],[-0.216574036713564,51.4673731797235],[-0.216214304849968,51.4673677105962],[-0.216223064788003,51.4671430256887],[-0.215863334770651,51.4671375555222],[-0.215854573098097,51.4673622403669],[-0.215845811279474,51.4675869251854],[-0.215486077910653,51.4675814537842],[-0.21549484145797,51.4673567690358],[-0.215135109929612,51.4673512966027],[-0.215143875080076,51.4671266118789],[-0.215503604868001,51.4671320842523],[-0.215512368072388,51.4669073993719],[-0.215152640073747,51.4669019270371],[-0.215161404952615,51.4666772421859],[-0.21517016971668,51.4664525573252],[-0.214810445411283,51.4664470839642],[-0.214819211849762,51.4662223991327],[-0.214459489448342,51.4662169247069],[-0.214099767161709,51.4662114491778],[-0.213740044989886,51.4662059725452],[-0.213748816681103,51.4659812878202],[-0.213389096413296,51.4659758101229],[-0.213029376260343,51.4659703313222],[-0.213038151414989,51.465745646665],[-0.21267843316607,51.4657401667996],[-0.212687209994916,51.4655154821716],[-0.212327493650027,51.4655100012415],[-0.211967777420057,51.465504519208],[-0.211976557712162,51.4652798346479],[-0.211616843386239,51.4652743515498],[-0.211257129175282,51.4652688673483],[-0.210897415079312,51.4652633820434],[-0.210906200623655,51.4650386975899],[-0.21054648843177,51.4650332112204],[-0.210186776354918,51.4650277237476],[-0.210195565362297,51.4648030393622],[-0.209835855189547,51.4647975508247],[-0.209476145131874,51.4647920611839],[-0.209484937602191,51.4645673768665],[-0.209125229448638,51.4645618861611],[-0.208765521410206,51.4645563943524],[-0.208774317343363,51.464331710103],[-0.208414611209069,51.4643262172298],[-0.20805490518994,51.4643207232532],[-0.207695199285998,51.4643152281733],[-0.207704000470864,51.4640905440309],[-0.207344296471099,51.4640850478864],[-0.207353099329641,51.4638603637733],[-0.206993397234049,51.4638548665644],[-0.207002201766223,51.4636301824806],[-0.207361902072899,51.4636356796507],[-0.207370704700873,51.4634109955187],[-0.207379507213566,51.4631863113772],[-0.20738830961098,51.4629616272262],[-0.207397111893117,51.4627369430658],[-0.207405914059978,51.462512258896],[-0.207414716111566,51.4622875747167],[-0.207055026537904,51.4622820777794],[-0.207063830262975,51.4620573936294],[-0.206704142593306,51.4620518956277],[-0.206344455038899,51.4620463965228],[-0.205984767599775,51.4620408963146],[-0.20562508027596,51.4620353950032],[-0.205633891040648,51.4618107109991],[-0.205274205620885,51.4618052086234],[-0.204914520316475,51.4617997051444],[-0.20455483512744,51.4617942005622],[-0.204563651142835,51.4615695166652],[-0.204203967857892,51.4615640110187],[-0.203844284688368,51.461558504269],[-0.203853104165653,51.4613338204402],[-0.203493422900237,51.4613283126262],[-0.203133741750287,51.461322803709],[-0.202774060715822,51.4613172936886],[-0.202765235872546,51.4615419774006],[-0.202756410913705,51.4617666611032],[-0.202747585839296,51.4619913447963],[-0.202387899554293,51.461985833556],[-0.202028213384829,51.4619803212124],[-0.201668527330928,51.4619748077656],[-0.201308840704176,51.4619692932719],[-0.200949153938499,51.4619637776965],[-0.200940319873526,51.4621884611471],[-0.200931485695438,51.4624131445871],[-0.201291175934123,51.4624186602862],[-0.201282343379456,51.4626433437775],[-0.201273510711689,51.4628680272582],[-0.200913816999903,51.4628625114352],[-0.200554123401186,51.4628569945101],[-0.20019442991556,51.4628514764829],[-0.199834736543048,51.4628459573536],[-0.199475043283674,51.4628404371221],[-0.199115350137457,51.4628349157886],[-0.199106506937119,51.4630595988871],[-0.199097663623544,51.463284281975],[-0.19945736024293,51.4632898034325],[-0.199448518552736,51.4635144865718],[-0.199439676749324,51.4637391697004],[-0.199079976656676,51.4637336481191],[-0.198720276677216,51.4637281254355],[-0.198729121953911,51.4635034424308],[-0.198369423824301,51.4634979187071],[-0.198009725807924,51.4634923938813],[-0.1976500279048,51.4634868679533],[-0.197290330114953,51.4634813409232],[-0.197299182224834,51.4632566581558],[-0.197308034221363,51.4630319753778],[-0.197667728538014,51.4630375022839],[-0.198027422967936,51.4630430280879],[-0.19838711751111,51.4630485527897],[-0.198746812167511,51.4630540763895],[-0.198755657104422,51.4628293933529],[-0.198395964184592,51.4628238698151],[-0.198036271377986,51.4628183451753],[-0.19767657868463,51.4628128194333],[-0.197316886104544,51.4628072925892],[-0.196957193637751,51.462801764643],[-0.196948340018008,51.4630264473696],[-0.196588645927971,51.4630209182592],[-0.196228951951273,51.4630153880468],[-0.196237809044135,51.4627907054442],[-0.195878116917357,51.4627851741917],[-0.195518424903962,51.4627796418371],[-0.195527285356475,51.462554959348],[-0.195167595193015,51.4625494259533],[-0.195158733003971,51.4627741083804],[-0.194799041217409,51.4627685738215],[-0.194790177178331,51.4629932561759],[-0.19443048376867,51.4629877204529],[-0.194070790472482,51.4629821836278],[-0.193711097289791,51.4629766457006],[-0.19335140422062,51.4629711066713],[-0.19299171126499,51.4629655665399],[-0.192632018422924,51.4629600253064],[-0.192623143850939,51.4631847072777],[-0.1922634493859,51.4631791648799],[-0.191903755034471,51.4631736213801],[-0.191544060796676,51.4631680767781],[-0.191535180901305,51.4633927585524],[-0.191175485040588,51.4633872127862],[-0.190815789293551,51.4633816659178],[-0.190456093660216,51.4633761179474],[-0.190096398140606,51.4633705688749],[-0.190087511185137,51.4635952503898],[-0.189727814042681,51.463589700153],[-0.189368117013998,51.463584148814],[-0.189359226471497,51.463808830194],[-0.188999527819997,51.4638032776907],[-0.188639829282315,51.4637977240854],[-0.188280130858474,51.4637921693778],[-0.188271234992227,51.4640168505606],[-0.187911534945622,51.4640112946887],[-0.187551835012904,51.4640057377147],[-0.187542935559439,51.4642304187623],[-0.187183234003985,51.464224860624],[-0.186823532562465,51.4642193013834],[-0.186814629521696,51.464443982296],[-0.186454926457468,51.464438421891],[-0.18609522350722,51.464432860384],[-0.186086316879065,51.4646575411613],[-0.185726612306137,51.4646519784898],[-0.185366907847237,51.4646464147162],[-0.185357997631609,51.4648710953584],[-0.184998291550058,51.4648655304203],[-0.184638587079836,51.4648599632287],[-0.184629673363589,51.4650846436662],[-0.184269967826153,51.4650790748799],[-0.184261052309559,51.4653037552021],[-0.183901345195272,51.4652981852129],[-0.183892427878287,51.4655228654197],[-0.183532719187152,51.4655172942276],[-0.183523800069731,51.4657419743191],[-0.183164089801751,51.4657364019241],[-0.183155168883851,51.4659610819001],[-0.182795457039031,51.4659555083022],[-0.182786534320606,51.4661801881629],[-0.182777611490297,51.466404868011],[-0.182768688548099,51.4666295478464],[-0.182759765494013,51.4668542276692],[-0.182750842328036,51.4670789074794],[-0.182391122151516,51.4670733322674],[-0.182382198983336,51.4672980107827],[-0.182022477110169,51.4672924344513],[-0.181662755352237,51.4672868570169],[-0.181653830227584,51.4675115343292],[-0.181294106828247,51.4675059557437],[-0.180934383544194,51.4675003760552],[-0.180925454790828,51.4677250532612],[-0.180916525922075,51.4679497304574],[-0.180556799239938,51.4679441495695],[-0.180547868499068,51.4681688267075],[-0.180538937642784,51.4683935038356],[-0.180179207562504,51.4683879217484],[-0.180170274834031,51.4686125988183],[-0.180161341990119,51.4688372758784],[-0.179801608511634,51.4688316925917],[-0.179792673795463,51.4690563695936],[-0.179783738963826,51.4692810465855],[-0.179774804016718,51.4695057235676],[-0.179415065383111,51.4695001390332],[-0.179406128563651,51.4697248159571],[-0.179765868954141,51.4697304005397],[-0.17975693377609,51.469955077502],[-0.179747998482564,51.4701797544542],[-0.179388254578242,51.4701741697751],[-0.17902851078934,51.4701685839929],[-0.179019571866438,51.4703932608388],[-0.178659826436034,51.4703876739053],[-0.178650885640639,51.470612350693],[-0.178641944729695,51.4708370274708],[-0.1786330037032,51.4710617042387],[-0.178273253117294,51.4710561160573],[-0.17826431021821,51.471280792767],[-0.178255367203549,51.4715054694667],[-0.178246424073308,51.4717301461566],[-0.178237480827485,51.4719548228365],[-0.177877723328806,51.471949233359],[-0.177868778210275,51.4721739099807],[-0.177859832976136,51.4723985865924],[-0.177850887626386,51.4726232631943],[-0.177841942161024,51.4728479397863],[-0.177482177749247,51.4728423490124],[-0.177473230411057,51.4730670255462],[-0.177464282957229,51.47329170207],[-0.177455335387759,51.4735163785839],[-0.177095565819836,51.473510786562],[-0.177086616377444,51.4737354630177],[-0.177077666819384,51.4739601394634],[-0.177068717145654,51.4741848158992],[-0.177059767356253,51.4744094923251],[-0.177050817451178,51.4746341687411],[-0.177041867430427,51.4748588451472],[-0.177032917293999,51.4750835215433],[-0.177023967041891,51.4753081979295],[-0.176664183530698,51.475302604418],[-0.176304400135129,51.4752970098032],[-0.176295446254413,51.4755216860784],[-0.176286492314927,51.4757463622164],[-0.175926705509658,51.4757407664089],[-0.175917749687636,51.4759654424928],[-0.175908793749418,51.4761901185669],[-0.176268584087435,51.4761957144633],[-0.176259629799424,51.4764203905722],[-0.176250675395235,51.4766450666713],[-0.175890881524377,51.476639470686],[-0.175881925237552,51.476864146731],[-0.175872968834521,51.4770888227662],[-0.175864012315282,51.4773134987917],[-0.175504213261123,51.4773079015695],[-0.175495254859154,51.4775325775408],[-0.175486296340949,51.4777572535024],[-0.175126493869883,51.4777516550879],[-0.175117533468878,51.4779763309953],[-0.175108572951611,51.4782010068929],[-0.174748767063577,51.4781954072859],[-0.174739804663439,51.4784200831293],[-0.174730842147011,51.478644758963],[-0.174371032841949,51.4786391581635],[-0.174362068442579,51.478863833943],[-0.1740022574871,51.4788582319954],[-0.173993291204743,51.4790829077207],[-0.173984324806047,51.4793075834362],[-0.173624510433462,51.4793019802961],[-0.173615542151706,51.4795266559574],[-0.173255726128692,51.4795210516691],[-0.173246755963832,51.4797457272762],[-0.172886938290394,51.4797401218398],[-0.172877966242384,51.4799647973926],[-0.172518146918524,51.4799591908081],[-0.172158327711023,51.47995358312],[-0.172149352013042,51.480178258574],[-0.171789531155148,51.4801726497377],[-0.171780553573905,51.4803973251374],[-0.171420731065623,51.480391715153],[-0.171060908673773,51.4803861040649],[-0.170701086398379,51.4803804918731],[-0.170692103400196,51.4806051671294],[-0.170332279474467,51.4805995537895],[-0.16997245566524,51.4805939393459],[-0.169612631972539,51.4805883237987],[-0.169603643557297,51.4808129989115],[-0.169243818214314,51.4808073822161],[-0.168883992987905,51.480801764417],[-0.16887500092233,51.4810264394308],[-0.168515174045668,51.4810208204835],[-0.168155347302468,51.4810152004221],[-0.167795520728118,51.4810095792251],[-0.16778652324953,51.4812342540895],[-0.167426695026885,51.4812286317406],[-0.16706686692083,51.4812230082883],[-0.16670703893139,51.4812173837325],[-0.166698036041508,51.4814420584419],[-0.166338206403827,51.4814364327342],[-0.165978376882806,51.4814308059231],[-0.165987383302441,51.4812061313106],[-0.165996389605315,51.4809814566881],[-0.166005395791428,51.4807567820558],[-0.166014401860784,51.4805321074135],[-0.165654579515807,51.4805264796925],[-0.16566358723319,51.4803018050887],[-0.165303766769693,51.4802961763128],[-0.164943946422915,51.4802905464334],[-0.164952957553035,51.4800658719165],[-0.164593139087754,51.4800602409822],[-0.164602151865786,51.4798355665038],[-0.164242335281997,51.4798299345145],[-0.164251349707893,51.4796052600747],[-0.163891535005593,51.4795996270304],[-0.163900551079309,51.4793749526291],[-0.163540738258494,51.4793693185299],[-0.163549755979983,51.4791446441671],[-0.163558773584568,51.4789199697944],[-0.163198964409866,51.4789143346887],[-0.163207983662159,51.4786896603546],[-0.163217002797529,51.4784649860105],[-0.162857197268863,51.4784593498984],[-0.162866218051874,51.4782346755929],[-0.162875238717945,51.4780100012774],[-0.162515436835237,51.478004364159],[-0.162524459148882,51.4777796898821],[-0.162533481345566,51.4775550155952],[-0.162542503425293,51.4773303412985],[-0.162551525388063,51.4771056669917],[-0.162911320212851,51.4771113039162],[-0.162902300014527,51.4773359782714],[-0.162893279699269,51.4775606526167],[-0.163253078169826,51.4775662885348],[-0.163244059502126,51.4777909629186],[-0.163235040717511,51.4780156372925],[-0.163226021815979,51.4782403116565],[-0.163585825696923,51.4782459466167],[-0.163576808443036,51.4784706210192],[-0.163567791072252,51.4786952954117],[-0.163927598599165,51.4787009293655],[-0.163918582876092,51.4789256037966],[-0.164278392284416,51.4789312366955],[-0.164287406242876,51.478706562216],[-0.164647214003361,51.478712193963],[-0.164656226080374,51.4784875194251],[-0.165016032193016,51.4784931500204],[-0.165025042388629,51.4782684754241],[-0.164665238040558,51.4782628448772],[-0.164674249883916,51.4780381703194],[-0.164683261610447,51.4778134957517],[-0.164692273220156,51.477588821174],[-0.164701284713043,51.4773641465865],[-0.16434148753977,51.4773585151301],[-0.164350500680293,51.477133840581],[-0.164359513703977,51.476909166022],[-0.164368526610822,51.476684491453],[-0.164008734847602,51.4766788590387],[-0.164017749401997,51.4764541845083],[-0.164026763839534,51.4762295099679],[-0.164035778160217,51.4760048354177],[-0.163675991806856,51.4759992020454],[-0.163316205570292,51.4759935675699],[-0.162956419450546,51.4759879319912],[-0.162596633447642,51.4759822953092],[-0.162605654708717,51.4757576209429],[-0.162965438947313,51.4757632575764],[-0.162974458327161,51.4755385831516],[-0.162614675852851,51.4755329465666],[-0.162623696831805,51.4753082720978],[-0.16298347753822,51.4753139086392],[-0.162992496625833,51.4750892341075],[-0.163001515596255,51.4748645595661],[-0.162641738429393,51.4748589231158],[-0.162281961379664,51.4748532855622],[-0.161922184447091,51.4748476469053],[-0.161562407631697,51.4748420071449],[-0.161202630933505,51.4748363662813],[-0.160842854352537,51.4748307243142],[-0.160833824763555,51.4750553985821],[-0.160474046530082,51.4750497554661],[-0.160114268413881,51.4750441112467],[-0.159754490414975,51.475038465924],[-0.159394712533388,51.4750328194979],[-0.159385675747985,51.4752574935734],[-0.15902589621397,51.4752518459983],[-0.158666116797322,51.4752461973198],[-0.158306337498062,51.475240547538],[-0.157946558316213,51.4752348966528],[-0.157937514334237,51.4754595705358],[-0.15757773350004,51.4754539185015],[-0.157217952783304,51.4754482653639],[-0.15685817218405,51.4754426111229],[-0.156849122799982,51.4756672847659],[-0.156489340551149,51.4756616293774],[-0.156129558419566,51.4756559728856],[-0.155769776405256,51.4756503152906],[-0.1557607216227,51.475874988734],[-0.155400937961418,51.4758693299871],[-0.155041154417455,51.4758636701369],[-0.154681370990836,51.4758580091836],[-0.154672310798035,51.476082682471],[-0.154312525724497,51.4760770203657],[-0.15395274076835,51.4760713571572],[-0.153943676929486,51.4762960303373],[-0.15358389032645,51.4762903659768],[-0.153224103840851,51.4762847005131],[-0.15321503635584,51.4765093735859],[-0.153574824605764,51.4765150390983],[-0.153934612973128,51.4765207035075],[-0.15429440145791,51.4765263668134],[-0.15430346364994,51.4763016935945],[-0.154663250487786,51.4763073557485],[-0.155023037443003,51.4763130167992],[-0.155032095988941,51.4760883434731],[-0.155391881297193,51.4760940033719],[-0.155751666722767,51.4760996621674],[-0.156111452265641,51.4761053198597],[-0.156471237925791,51.4761109764488],[-0.156831023703196,51.4761166319346],[-0.156821973978837,51.4763413055041],[-0.156462186437112,51.4763356499696],[-0.156102399012644,51.4763299933319],[-0.155742611705454,51.4763243355909],[-0.155733556570759,51.4765490090045],[-0.155373767616535,51.4765433501116],[-0.155013978779636,51.4765376901155],[-0.154654190060087,51.4765320290161],[-0.154645129514936,51.4767567022737],[-0.154285339148405,51.4767510400223],[-0.153925548899272,51.4767453766677],[-0.153916484707915,51.476970049818],[-0.153556692811829,51.4769643853114],[-0.153196901033187,51.4769587197015],[-0.153187833195541,51.4771833927444],[-0.152828039769976,51.4771777259826],[-0.152468246461902,51.4771720581174],[-0.152459174977881,51.4773967310529],[-0.152099380022912,51.4773910620357],[-0.151739585185483,51.4773853919152],[-0.151379790529924,51.4773797206662],[-0.151370713637745,51.4776043934474],[-0.151010917387573,51.4775987210308],[-0.151001838612872,51.4778233937589],[-0.150642040715499,51.4778177201952],[-0.150632960058233,51.4780423928701],[-0.15027316051366,51.4780367181594],[-0.15028224293578,51.477812045528],[-0.150291325240142,51.4775873728869],[-0.15030040742675,51.4773627002361],[-0.149940613294342,51.4773570245522],[-0.149931529342928,51.4775816971595],[-0.149571733563412,51.4775760203287],[-0.149562647729395,51.4778006928828],[-0.149553561777575,51.4780253654273],[-0.149544475707949,51.4782500379621],[-0.149184674751613,51.4782443598972],[-0.149175586799288,51.4784690323788],[-0.148815784195811,51.4784633531667],[-0.14880669436074,51.4786880255952],[-0.148797604407813,51.4789126980139],[-0.148788514337027,51.479137370423],[-0.14877942414838,51.4793620428223],[-0.14877033384187,51.479586715212],[-0.148761243417496,51.4798113875921],[-0.149121056610797,51.4798170670651],[-0.149111967833607,51.480041739479],[-0.14910287893857,51.4802664118832],[-0.149093789925686,51.4804910842776],[-0.149084700794951,51.4807157566624],[-0.149075611546364,51.4809404290376],[-0.149066522179924,51.481165101403],[-0.149426346081646,51.4811707800335],[-0.149417258362539,51.4813954524327],[-0.149408170525597,51.4816201248223],[-0.149399082570817,51.4818447972022],[-0.149389994498198,51.4820694695725],[-0.149380906307739,51.482294141933],[-0.149371817999435,51.4825188142839],[-0.149362729573286,51.4827434866251],[-0.149722565949582,51.4827491644563],[-0.149713479170938,51.4829738368313],[-0.15007331743033,51.4829795136023],[-0.150064232299235,51.4832041860111],[-0.149704392274466,51.4831985091967],[-0.149695305260167,51.4834231815523],[-0.150055147050335,51.4834288584103],[-0.150046061683626,51.4836535307998],[-0.149686218128036,51.4836478538983],[-0.149326374690199,51.483642175893],[-0.148966531370136,51.4836364967839],[-0.148606688167873,51.483630816571],[-0.148246845083429,51.4836251352544],[-0.147887002116831,51.4836194528339],[-0.14789609807604,51.4833947807055],[-0.147905193917304,51.4831701085675],[-0.147914289640625,51.4829454364198],[-0.147923385246006,51.4827207642624],[-0.147932480733449,51.4824960920953],[-0.147941576102954,51.4822714199185],[-0.147950671354526,51.482046747732],[-0.147959766488164,51.4818220755359],[-0.147968861503872,51.4815974033301],[-0.147977956401651,51.4813727311145],[-0.147987051181504,51.4811480588894],[-0.147996145843433,51.4809233866545],[-0.14763632417811,51.4809177036528],[-0.147645420487252,51.4806930314517],[-0.147285600704928,51.4806873473899],[-0.147276502630653,51.4809120195473],[-0.147267404438409,51.4811366916951],[-0.146907581243685,51.4811310064424],[-0.146916681201083,51.4809063343382],[-0.14692578104049,51.4806816622243],[-0.146565961493962,51.4806759759551],[-0.146575062980487,51.4804513038751],[-0.146584164349002,51.4802266317854],[-0.146224348450592,51.4802209444996],[-0.146233451466159,51.4799962724438],[-0.145873637450756,51.479990584098],[-0.145864532670133,51.4802152561102],[-0.145855427771455,51.4804399281127],[-0.146215245316994,51.4804456165457],[-0.146206142065365,51.4806702885822],[-0.1461970386957,51.4808949606089],[-0.146187935207999,51.481119632626],[-0.146547758166874,51.4811253200861],[-0.146538656326307,51.481349992137],[-0.146529554367723,51.4815746641783],[-0.146889380974908,51.4815803506218],[-0.147249207700009,51.4815860359616],[-0.147240109153849,51.4818107080803],[-0.146880280663524,51.481805022697],[-0.146871180234142,51.4820296947625],[-0.146862079686759,51.4822543668183],[-0.146852979021373,51.4824790388644],[-0.147212812807503,51.4824847243784],[-0.147203713789426,51.4827093964584],[-0.147194614653365,51.4829340685288],[-0.147185515399318,51.4831587405894],[-0.147176416027282,51.4833834126403],[-0.147167316537255,51.4836080846816],[-0.146807473924324,51.4836023989498],[-0.146447631429329,51.4835967121141],[-0.146087789052292,51.4835910241747],[-0.146078684147993,51.4838156960756],[-0.146069573218508,51.4840403691612],[-0.145709727609506,51.4840346799897],[-0.145349882118129,51.4840289897147],[-0.14535899621704,51.4838043167981],[-0.144999152428594,51.4837986255037],[-0.1446393087582,51.4837929331055],[-0.144648420724176,51.4835682613791],[-0.145008262629154,51.4835739537337],[-0.145368104652181,51.4835796449845],[-0.145727946793234,51.4835853351315],[-0.145737053344871,51.4833606632645],[-0.145746159778427,51.4831359913879],[-0.145386321168146,51.483130301328],[-0.145395429248973,51.4829056294853],[-0.145035592522064,51.4828999383653],[-0.145044702250118,51.4826752665565],[-0.144684867406578,51.4826695743764],[-0.144325032681101,51.4826638810925],[-0.143965198073711,51.4826581867049],[-0.143605363584431,51.4826524912135],[-0.143245529213284,51.4826467946184],[-0.143236410658625,51.482871466209],[-0.142876574640318,51.4828657684665],[-0.142867454202083,51.4830904400038],[-0.14250761653662,51.4830847411138],[-0.142147778989363,51.4830790411201],[-0.141787941560332,51.4830733400226],[-0.141428104249553,51.4830676378213],[-0.141068267057047,51.4830619345163],[-0.141059137673777,51.4832866058254],[-0.140699298834219,51.4832809013729],[-0.140339460112981,51.4832751958167],[-0.140348593026945,51.4830505245949],[-0.140357725822488,51.4828258533635],[-0.139997890750261,51.4828201467909],[-0.139638055796396,51.4828144391146],[-0.139628919470212,51.4830391102585],[-0.139619783025561,51.4832637813928],[-0.139979621510088,51.4832694891566],[-0.139970486712332,51.4834941603249],[-0.139610646462439,51.4834884525174],[-0.139250806330939,51.4834827436061],[-0.138890966317853,51.483477033591],[-0.138531126423204,51.4834713224721],[-0.138171286647016,51.4834656102494],[-0.138180430271578,51.4832409392999],[-0.138189573777579,51.4830162683407],[-0.13782973765056,51.4830105551018],[-0.137469901642044,51.4830048407592],[-0.137479048560103,51.4827801698779],[-0.137119214435416,51.4827744544753],[-0.137128363000154,51.4825497836281],[-0.136768530759294,51.4825440671655],[-0.136759380429274,51.482768737969],[-0.136399546541701,51.4827630203589],[-0.136390394327732,51.4829876911088],[-0.13638124199509,51.4832123618491],[-0.136021404695486,51.4832066430476],[-0.135661567514499,51.4832009231424],[-0.135670723377784,51.4829762524898],[-0.135310888080756,51.4829705315247],[-0.135301730452153,51.4831952021334],[-0.134941893508471,51.4831894800207],[-0.13495105290239,51.4829648094558],[-0.134960212177544,51.4827401388813],[-0.134600378884975,51.4827344156747],[-0.134591217844721,51.4829590862009],[-0.134582056685687,51.4831837567174],[-0.134222219981797,51.4831780323028],[-0.134213056938801,51.4834027027632],[-0.133853218588456,51.4833969771987],[-0.13349338035686,51.4833912505306],[-0.133484213664658,51.4836159208885],[-0.133124373786636,51.4836101930705],[-0.132764534027411,51.4836044641488],[-0.132404694387005,51.4835987341235],[-0.132413866374794,51.4833740639045],[-0.132054028618423,51.4833683328218],[-0.132044854865442,51.4835930029945],[-0.132035680993516,51.4838176731573],[-0.13202650132111,51.4840423443224],[-0.131666658562263,51.484036611967],[-0.131657476149169,51.4842612832298],[-0.131297631751963,51.4842555497241],[-0.130937787473276,51.4842498151148],[-0.130928601427885,51.4844744862744],[-0.130568755510868,51.4844687505147],[-0.130208909712417,51.4844630136513],[-0.130199720034644,51.4846876847077],[-0.129839872597892,51.484681946694],[-0.129480025279753,51.4846762075766],[-0.129120178080252,51.4846704673556],[-0.128760330999409,51.4846647260309],[-0.128400484037249,51.4846589836024],[-0.128391285456285,51.4848836544154],[-0.128382086756567,51.4851083252185],[-0.12802223639928,51.485102581593],[-0.128031436855926,51.4848779108366],[-0.127671588374296,51.4848721661541],[-0.127311740011419,51.4848664203679],[-0.127320943863089,51.4846417496952],[-0.126961097375885,51.4846360028522],[-0.126601251007477,51.4846302549054],[-0.126241404757887,51.484624505855],[-0.126250613761355,51.4843998353128],[-0.126259822645936,51.4841751647607],[-0.126269031411631,51.4839504941988],[-0.126628872390676,51.4839562431089],[-0.126638075968676,51.4837315730895],[-0.12664727631857,51.4835069036228],[-0.127007114054762,51.4835126513063],[-0.127016312520208,51.4832879817833],[-0.127025510866391,51.4830633122505],[-0.127034709093314,51.4828386427078],[-0.127043907200978,51.4826139731552],[-0.127053105189385,51.4823893035929],[-0.127412934219176,51.4823950499405],[-0.127772763368117,51.4824007951846],[-0.127781957707171,51.4821761255195],[-0.128141785210189,51.4821818696136],[-0.12850161283231,51.482187612604],[-0.128510803522094,51.4819629428362],[-0.128870629498263,51.4819686846767],[-0.129230455593487,51.4819744254135],[-0.129590281807746,51.4819801650468],[-0.129599467083331,51.48175549513],[-0.129959291651582,51.4817612336133],[-0.129968475043083,51.4815365636403],[-0.130328297965324,51.4815423009736],[-0.130337479472787,51.4813176309444],[-0.130697300749013,51.4813233671278],[-0.130706480372484,51.4810986970424],[-0.13106630000269,51.4811044320759],[-0.131075477742216,51.4808797619342],[-0.130715659876942,51.4808740269471],[-0.130355842130599,51.4808682908564],[-0.130346660861211,51.4810929609053],[-0.129986841468896,51.4810872236647],[-0.129977658315521,51.4813118936574],[-0.129617837277236,51.4813061552669],[-0.129608652239826,51.4815308252034],[-0.129248829555576,51.4815250856628],[-0.128889006990355,51.4815193450188],[-0.128898195557701,51.4812946751751],[-0.129258016357955,51.4813004157728],[-0.129267203041226,51.4810757458728],[-0.12962702219556,51.4810814853205],[-0.129636206994801,51.4808568153644],[-0.129996024503212,51.4808625536621],[-0.130005207418469,51.4806378836498],[-0.130014390214671,51.4804132136276],[-0.130374204312271,51.480418950729],[-0.13038338522456,51.4801942806507],[-0.130392566017819,51.4799696105624],[-0.130752376704669,51.4799753464676],[-0.130761555614086,51.4797506763232],[-0.130770734404501,51.4795260061689],[-0.131130541680661,51.4795317408779],[-0.131139718587304,51.4793070706675],[-0.13114889537497,51.4790824004472],[-0.131508699240502,51.47908813396],[-0.131517874144467,51.4788634636836],[-0.131527048929484,51.4786387933973],[-0.131536223595555,51.4784141231012],[-0.131896022285832,51.4784198553715],[-0.131905195068296,51.4781951850193],[-0.131914367731841,51.4779705146572],[-0.132274163011653,51.4779762457314],[-0.132283333791661,51.4777515753131],[-0.132292504452778,51.4775269048851],[-0.132652296322186,51.4775326347632],[-0.132661465099836,51.477307964279],[-0.132670633758621,51.477083293785],[-0.132679802298542,51.4768586232811],[-0.133039588993075,51.4768643519169],[-0.133048755649626,51.4766396813569],[-0.13305792218734,51.4764150107871],[-0.133417705471632,51.4764207382269],[-0.133426870126046,51.4761960676009],[-0.133436034661651,51.4759713969652],[-0.133795814535763,51.475977123209],[-0.133804977188138,51.4757524525172],[-0.13381413972173,51.4755277818155],[-0.133823302323556,51.4753031110969],[-0.133832464817677,51.4750784403683],[-0.134192237735314,51.4750841653331],[-0.134201398339441,51.4748594945535],[-0.134561169605204,51.4748652183733],[-0.134570328319384,51.4746405475426],[-0.134579486914503,51.4744158767024],[-0.134939254759181,51.4744215993326],[-0.13494841146549,51.4741969284396],[-0.134588645390562,51.4741912058526],[-0.134228879437311,51.4741854821571],[-0.134238039565106,51.4739608113392],[-0.134247199573821,51.4737361405117],[-0.134256359463461,51.4735114696746],[-0.134265519234026,51.473286798828],[-0.134625278104245,51.4732925223578],[-0.134634435985038,51.4730678514601],[-0.134994193215454,51.4730735738262],[-0.135003349209144,51.4728489028738],[-0.135363104833251,51.4728546240252],[-0.135372258942605,51.472629953015],[-0.135732012919796,51.4726356730154],[-0.136091767015624,51.4726413919126],[-0.136451521230064,51.4726471097067],[-0.136811275563094,51.4726528263977],[-0.137171030014692,51.4726585419855],[-0.13718017517752,51.4724338707262],[-0.137539927982099,51.4724395851631],[-0.137549071260766,51.4722149138461],[-0.137908822418321,51.472220627132],[-0.13791796381287,51.4719959557573],[-0.137927105088848,51.4717712843727],[-0.138286852833877,51.4717769964599],[-0.138646600697375,51.471782707444],[-0.139006348679318,51.471788417325],[-0.13901548454029,51.4715637457872],[-0.139024620282763,51.4713390742394],[-0.139384364852186,51.4713447829217],[-0.139744109540005,51.471350490501],[-0.140103854346196,51.4713561969771],[-0.140463599270737,51.4713619023502],[-0.140454470590115,51.4715865740889],[-0.14081421739845,51.4715922784066],[-0.140805090364909,51.4718169501832],[-0.141164839057043,51.4718226534455],[-0.141524587867462,51.4718283556047],[-0.141884336796144,51.4718340566608],[-0.142244085843066,51.4718397566137],[-0.142253205814625,51.4716150846463],[-0.142612953214263,51.4716207834484],[-0.142972700732093,51.4716264811475],[-0.1429818170544,51.4714018090747],[-0.143341562924918,51.471407505623],[-0.14335067736352,51.4711828334927],[-0.142990933258462,51.4711771369921],[-0.143000049344278,51.4709524648996],[-0.142640307122819,51.4709467673436],[-0.142649424855804,51.4707220952889],[-0.142658542470526,51.4704974232243],[-0.142667659966986,51.4702727511497],[-0.143027396892281,51.4702784485627],[-0.143387133935732,51.4702841448726],[-0.143396247783246,51.4700594726928],[-0.143755983179485,51.470065167852],[-0.144115718693833,51.4700708619081],[-0.144124828892486,51.4698461896232],[-0.144484562759592,51.4698518825286],[-0.144493671074776,51.4696272101861],[-0.144853403294637,51.4696329019409],[-0.145213135632535,51.4696385925926],[-0.145222240299009,51.4694139201449],[-0.145581970989633,51.469419609646],[-0.145591073772749,51.4691949371408],[-0.145950802816095,51.4692006254913],[-0.146310531977405,51.4692063127387],[-0.146319631111963,51.4689816401284],[-0.146679358625965,51.4689873262252],[-0.146688455877279,51.4687626535575],[-0.14704818174397,51.4687683385037],[-0.147407907728554,51.4687740223469],[-0.14741700133146,51.4685493495742],[-0.147776725668703,51.4685550322668],[-0.147785817388477,51.4683303594366],[-0.148145540078376,51.4683360409787],[-0.148505262886095,51.4683417214177],[-0.148514350957613,51.4681170484826],[-0.148874072117959,51.4681227277711],[-0.148883158306457,51.4678980547785],[-0.149242877819426,51.4679037329166],[-0.149602597450142,51.4679094099516],[-0.149611679990536,51.4676847368541],[-0.149971397973846,51.4676904127387],[-0.149980478631331,51.4674657395838],[-0.150340194967231,51.4674714143179],[-0.150349273741854,51.4672467411057],[-0.15035835242105,51.467022068008],[-0.150367430991109,51.4667973949511],[-0.150376509442953,51.466572721885],[-0.150385587776583,51.4663480488094],[-0.150394665992001,51.4661233757245],[-0.15040374408921,51.4658987026302],[-0.150763448134273,51.4659043759833],[-0.150772524339102,51.4656797028426],[-0.150781600425747,51.4654550296924],[-0.150790676394212,51.4652303565329],[-0.150799752244499,51.4650056833641],[-0.150808827976608,51.4647810101859],[-0.150817903590544,51.4645563369983],[-0.151177597109006,51.4645620090252],[-0.151186670830731,51.4643373357912],[-0.150826979086307,51.4643316638014],[-0.150836054463899,51.4641069905951],[-0.150845129723323,51.4638823173794],[-0.150854204864581,51.4636576441544],[-0.150494518560218,51.4636519711726],[-0.150503595357255,51.4634272979754],[-0.150512672036107,51.4632026247688],[-0.150521748596776,51.4629779515528],[-0.150530825039263,51.4627532783275],[-0.150171145948639,51.462747604391],[-0.150180224046797,51.4625229311934],[-0.150189302026756,51.4622982579866],[-0.150198379888516,51.4620735847703],[-0.149838706237491,51.462067909842],[-0.149847785754835,51.4618432366535],[-0.149856865153962,51.4616185634557],[-0.14949719516861,51.4616128874984],[-0.149506276223254,51.4613882143284],[-0.149515357159662,51.461163541149],[-0.149875023597573,51.4611692170319],[-0.150234690153616,51.4611748918117],[-0.150594356827769,51.4611805654882],[-0.150954023620007,51.4611862380614],[-0.151313690530308,51.4611919095315],[-0.151673357714969,51.4611975797754],[-0.152033025441353,51.4612032485829],[-0.152392693284586,51.4612089162879],[-0.152752361244647,51.4612145828906],[-0.153112029321513,51.4612202483908],[-0.153471697515161,51.4612259127885],[-0.153831365825567,51.4612315760839],[-0.154191034252711,51.4612372382768],[-0.154550702796568,51.4612428993672],[-0.154910371457117,51.4612485593552],[-0.155270040234334,51.4612542182408],[-0.155629709128198,51.461259876024],[-0.155989378138685,51.4612655327046],[-0.156349047265773,51.4612711882829],[-0.15670871650944,51.4612768427587],[-0.157068385869663,51.4612824961321],[-0.157428055346418,51.461288148403],[-0.157787724939685,51.4612937995715],[-0.158147394649439,51.4612994496375],[-0.158507064475659,51.4613050986011],[-0.158866734418321,51.4613107464622],[-0.159226404477404,51.4613163932209],[-0.159586074652884,51.4613220388772],[-0.159595106326601,51.461097364283],[-0.159954774867358,51.4611030087838],[-0.160314443524465,51.4611086521823],[-0.1606741122979,51.4611142944782],[-0.16103378118764,51.4611199356718],[-0.161393450193663,51.4611255757629],[-0.161753119315945,51.4611312147515],[-0.16176214036673,51.4609065398298],[-0.161771161301203,51.460681864898],[-0.161780182119364,51.460457189956],[-0.161789202821218,51.4602325150038],[-0.161798223406763,51.4600078400415],[-0.161438563039681,51.4600022013172],[-0.161447585259893,51.4597775263976],[-0.161087926760031,51.4597718866238],[-0.160728268376438,51.4597662457476],[-0.160719242654287,51.4599909205614],[-0.160710216815764,51.4602155953651],[-0.160701190860865,51.4604402701586],[-0.1603415273406,51.4604346280213],[-0.159981863936657,51.4604289847816],[-0.159622200649058,51.4604233404395],[-0.159631231856984,51.4601986658047],[-0.159640262948468,51.4599739911597],[-0.159999922734075,51.459979635396],[-0.160008951958156,51.459754960688],[-0.159649293923511,51.4597493165046],[-0.159289636005227,51.4597436712188],[-0.159280603279224,51.459968345821],[-0.158920943726366,51.4599626993799],[-0.158561284289916,51.4599570518364],[-0.158201624969896,51.4599514031906],[-0.15784196576633,51.4599457534423],[-0.157482306679241,51.4599401025916],[-0.15712264770865,51.4599344506385],[-0.15676298885458,51.4599287975831],[-0.156753943755291,51.4601534718044],[-0.156394283266797,51.4601478175935],[-0.156403330117054,51.4599231434252],[-0.156043671496094,51.4599174881649],[-0.155684012991724,51.4599118318023],[-0.155693063227217,51.4596871577298],[-0.155702113346022,51.4594624836471],[-0.156061768348535,51.4594681399037],[-0.156421423467633,51.459473795058],[-0.156430469967961,51.4592491208592],[-0.156439516351649,51.4590244466501],[-0.156448563109034,51.4587997720257],[-0.156088913285596,51.458794116993],[-0.156097963349739,51.4585694410214],[-0.156107013299825,51.458344765038],[-0.156116063135857,51.4581200890426],[-0.155756418524229,51.4581144331729],[-0.155765469945437,51.4578897572535],[-0.155774521252573,51.4576650813222],[-0.155783572445638,51.4574404053789],[-0.155792623524632,51.4572157294237],[-0.155432985823787,51.457210072805],[-0.155442038487854,51.4569853969258],[-0.155451091037834,51.4567607210346],[-0.15509145684926,51.4567550634912],[-0.155082402600166,51.4569797392945],[-0.154722766826519,51.4569740805626],[-0.154731822774725,51.4567494048472],[-0.154740878608802,51.4565247291199],[-0.154749934328751,51.4563000533808],[-0.154390303766431,51.4562943938121],[-0.154399361071298,51.4560697181489],[-0.1540397323221,51.4560640575676],[-0.15404879121184,51.4558393819804],[-0.153689164275758,51.4558337203866],[-0.153698224750328,51.4556090448753],[-0.153338599627358,51.455603382269],[-0.153347661686714,51.4553787068337],[-0.153356723631864,51.4551540313866],[-0.152997102020949,51.4551483678557],[-0.152637480524192,51.4551427032243],[-0.152646545752985,51.4549180279411],[-0.152655610867531,51.4546933526459],[-0.152295992882773,51.45468768709],[-0.152305059581951,51.4544630118709],[-0.151945443410265,51.4544573453026],[-0.151585827352794,51.4544516776338],[-0.15122621429329,51.4544460071855],[-0.151217142463063,51.4546706821532],[-0.150857527795188,51.4546650105233],[-0.150497913247133,51.45465933779],[-0.150488837680396,51.454884012685],[-0.150129221443864,51.4548783388167],[-0.150138298818919,51.4546536639536],[-0.149778684510572,51.4546479890138],[-0.149787763573984,51.4544233141734],[-0.150147376074039,51.4544289890813],[-0.150156453209223,51.4542043142],[-0.150165530224475,51.4539796393095],[-0.150174607119795,51.45375496441],[-0.150534214314966,51.4537606381192],[-0.150543289282156,51.4535359631787],[-0.150902894788957,51.4535416357529],[-0.150911967828062,51.4533169607715],[-0.151271571646487,51.4533226322106],[-0.151280642757555,51.4530979571883],[-0.150921040747289,51.453092285781],[-0.150930113546641,51.4528676107815],[-0.150570513464315,51.4528619383028],[-0.150210913501815,51.452856264721],[-0.149851313659165,51.4528505900359],[-0.149842235435415,51.45307526494],[-0.149482633904509,51.4530695891199],[-0.1491230324935,51.4530639121966],[-0.148763431202414,51.4530582341701],[-0.148403830031274,51.4530525550405],[-0.148044228980101,51.4530468748076],[-0.14768462804892,51.4530411934716],[-0.147325027237756,51.4530355110323],[-0.147334118118364,51.4528108363514],[-0.147343208878867,51.4525861616613],[-0.147352299519265,51.4523614869621],[-0.146992704252413,51.4523558035154],[-0.146633109105617,51.4523501189656],[-0.146642203242,51.4521254443211],[-0.146282610023324,51.4521197587],[-0.14592301692475,51.4521140719757],[-0.14593211455702,51.451889397386],[-0.145572523386583,51.4518837095906],[-0.145212932336292,51.451878020692],[-0.14485334140617,51.4518723306902],[-0.144862444342213,51.4516476561873],[-0.144502855340268,51.4516419651143],[-0.144143266458537,51.4516362729383],[-0.144152372890241,51.4514115984902],[-0.143792785936704,51.4514059052429],[-0.143433199103426,51.4514002108926],[-0.143442309030692,51.4511755364994],[-0.143082724125626,51.4511698410779],[-0.142723139340863,51.4511641445534],[-0.142363554676427,51.4511584469257],[-0.142003970132343,51.4511527481949],[-0.142013087170872,51.4509280739206],[-0.142022204088964,51.4507033996373],[-0.142031321298338,51.4504787252431],[-0.142390900361969,51.4504844238905],[-0.142400017658911,51.4502597489477],[-0.14240913483686,51.450035073995],[-0.142768710459547,51.4500407714435],[-0.142777825738598,51.4498160964326],[-0.142786940898684,51.4495914214118],[-0.143146513080488,51.4495971176614],[-0.143155626341747,51.4493724425824],[-0.143164739484068,51.4491477674934],[-0.143524308225048,51.4491534625443],[-0.143533419468613,51.4489287873971],[-0.143892986548631,51.4489344812974],[-0.143902095893484,51.448709806092],[-0.144261661312534,51.448715498842],[-0.144270768758724,51.4484908235784],[-0.144630332516801,51.4484965151779],[-0.144639438064373,51.4482718398561],[-0.144648543493108,51.4480471645244],[-0.144657648803009,51.4478224891828],[-0.145017207340661,51.4478281795353],[-0.145026310752039,51.4476035041356],[-0.145035414044611,51.4473788287259],[-0.145044517218377,51.4471541533062],[-0.14505362027334,51.4469294778767],[-0.145062723209502,51.4467048024372],[-0.145422272967675,51.4467104914464],[-0.14543137400546,51.4464858159488],[-0.145440474924471,51.4462611404412],[-0.145449575724709,51.4460364649237],[-0.145458676406178,51.4458117893963],[-0.14546777696888,51.445587113859],[-0.145476877412815,51.4453624383118],[-0.145485977737986,51.4451377627546],[-0.145126440436376,51.445132074083],[-0.145135542422203,51.4449073985641],[-0.145144644289247,51.4446827230353],[-0.144785110665175,51.4446770333582],[-0.144794214192808,51.4444523578677],[-0.144803317601638,51.4442276823673],[-0.144443787655028,51.4442219916846],[-0.144452892724381,51.4439973162226],[-0.144461997674913,51.4437726407506],[-0.144471102506627,51.4435479652686],[-0.144111578016673,51.4435422736287],[-0.144120684508821,51.4433175981851],[-0.144129790882132,51.4430929227316],[-0.143770270069438,51.4430872300862],[-0.143779378103116,51.442862554671],[-0.143788486017938,51.4426378792459],[-0.143797593813905,51.4424132038109],[-0.143438078457548,51.4424075102083],[-0.143447187917868,51.4421828348061],[-0.143456297740757,51.44195815874],[-0.143096786039925,51.4419524641668],[-0.142737274456273,51.4419467684941],[-0.142377762989825,51.4419410717221],[-0.142018251640601,51.4419353738507],[-0.141658740408625,51.4419296748799],[-0.14129922929392,51.4419239748097],[-0.140939718296508,51.4419182736401],[-0.14058020741641,51.4419125713711],[-0.140220696653652,51.4419068680027],[-0.139861186008254,51.4419011635349],[-0.139501675480238,51.4418954579678],[-0.139142165069628,51.4418897513012],[-0.138782654776446,51.4418840435353],[-0.138423144600715,51.44187833467],[-0.138063634542457,51.4418726247053],[-0.137704124601695,51.4418669136412],[-0.137344614778451,51.4418612014778],[-0.137353754171986,51.441636527067],[-0.137713262248902,51.4416422391323],[-0.138072770443334,51.4416479500982],[-0.138432278755259,51.4416536599647],[-0.138791787184656,51.4416593687319],[-0.139151295731501,51.4416650763997],[-0.139510804395772,51.4416707829681],[-0.139870313177448,51.4416764884371],[-0.140229822076503,51.4416821928068],[-0.140589331092918,51.4416878960771],[-0.140948840226668,51.441693598248],[-0.141308349477732,51.4416992993195],[-0.141667858846087,51.4417049992916],[-0.14202736833171,51.4417106981644],[-0.142386877934579,51.4417163959377],[-0.142746387654671,51.4417220926117],[-0.143105897491965,51.4417277881863],[-0.143465407446436,51.4417334826614],[-0.143474517034907,51.4415088065705],[-0.143115008826774,51.4415031121933],[-0.143124120044355,51.4412784361879],[-0.143483626506173,51.441284130467],[-0.143492735860235,51.4410594543511],[-0.14313323114471,51.44105376017],[-0.142773726546357,51.4410480648896],[-0.142414222065198,51.4410423685098],[-0.142423336540863,51.4408176926756],[-0.142063833923185,51.4408119952944],[-0.142054717701257,51.4410366710306],[-0.141695213454555,51.4410309724521],[-0.141335709325117,51.4410252727742],[-0.141344829039567,51.4408005972342],[-0.141353948636683,51.4405759216817],[-0.141363068116465,51.4403512461168],[-0.141372187478916,51.4401265705394],[-0.141381306724037,51.4399018949495],[-0.141740802122402,51.4399075941371],[-0.142100297638019,51.4399132922252],[-0.142459793270866,51.4399189892141],[-0.142450679264259,51.4401436650982],[-0.142810176760489,51.4401493610858],[-0.142819289020921,51.4399246851037],[-0.142828401164115,51.4397000091092],[-0.142468907160213,51.4396943133176],[-0.142478020932303,51.4394696374087],[-0.142487134587137,51.4392449614873],[-0.142496248124717,51.4390202855534],[-0.142136759476339,51.4390145889568],[-0.142145874642729,51.4387899131085],[-0.142154989691846,51.4385652372478],[-0.142164104623693,51.4383405613746],[-0.142173219438272,51.438115885489],[-0.141813737891214,51.4381101881853],[-0.141822854334495,51.4378855123853],[-0.142182334135586,51.4378912095909],[-0.142191448715634,51.4376665336804],[-0.142200563178421,51.4374418577574],[-0.142560039604851,51.4374475536678],[-0.142569152204475,51.4372228776343],[-0.142578264686865,51.4369982015883],[-0.142937737738693,51.4370038962034],[-0.14294684835799,51.436779220047],[-0.142955958860077,51.4365545438781],[-0.143315428537365,51.4365602371979],[-0.14332453717643,51.4363355609185],[-0.143684005225032,51.4363412530411],[-0.14369311200112,51.4361165766513],[-0.143702218660049,51.4358919002491],[-0.144061683334187,51.4358975910765],[-0.144421148125407,51.4359032808047],[-0.144780613033685,51.4359089694338],[-0.144789714338197,51.4356842927251],[-0.145149177617753,51.435689980157],[-0.145508641014322,51.4356956664898],[-0.145517738710274,51.4354709895727],[-0.145877200478092,51.4354766747083],[-0.145886296311289,51.4352519976808],[-0.146245756450353,51.4352576816193],[-0.146605216706356,51.4352633644587],[-0.146614308931145,51.4350386872229],[-0.146973767558367,51.4350443688652],[-0.14698285792051,51.434819691519],[-0.147342314918946,51.4348253719642],[-0.147701772034249,51.4348310513103],[-0.147692685163466,51.4350557288523],[-0.1480521441413,51.4350614071972],[-0.148411603235958,51.4350670844428],[-0.148420686615371,51.434842406705],[-0.148780144081145,51.4348480827537],[-0.148789225598042,51.4346234049056],[-0.149148681434928,51.4346290797572],[-0.149508137388568,51.4346347535097],[-0.149499059363007,51.4348594315536],[-0.149489981220662,51.435084109585],[-0.149849440782398,51.4350897824341],[-0.149858517179049,51.4348651043048],[-0.150217975111802,51.4348707759568],[-0.150227049646018,51.4346460977173],[-0.150586505949785,51.4346517681723],[-0.150595578621612,51.4344270898225],[-0.150955033296388,51.4344327590806],[-0.150964104105872,51.4342080806205],[-0.151323557151654,51.4342137486816],[-0.151332626098839,51.4339890701112],[-0.151692079237261,51.4339947363565],[-0.151701146538554,51.4337700572849],[-0.152060601585175,51.4337757211301],[-0.152069667154364,51.4335510413864],[-0.152429120546812,51.4335567040957],[-0.15243818422599,51.4333320243094],[-0.152797635964261,51.4333376858828],[-0.152806697753473,51.4331130060537],[-0.153166147837562,51.4331186664912],[-0.153175207736854,51.4328939866194],[-0.153534656166757,51.4328996459211],[-0.153543714176176,51.4326749660066],[-0.153184267518268,51.4326693067385],[-0.152824820978188,51.432663646368],[-0.152833882413694,51.4324389665114],[-0.152842943731302,51.4322142866456],[-0.152483500852986,51.4322086252398],[-0.15249256382462,51.4319839453984],[-0.152133122836094,51.4319782829238],[-0.151773681965458,51.431972619347],[-0.151414243417072,51.4319669541765],[-0.151054807710669,51.4319612872995],[-0.150695372120154,51.4319556193248],[-0.150704443609584,51.4317309398917],[-0.150713514983057,51.4315062604447],[-0.150354082970246,51.4315005916229],[-0.150345009865886,51.4317252709446],[-0.149985576238119,51.4317196008998],[-0.149976501286873,51.4319442800824],[-0.149617066044152,51.4319386088148],[-0.149626142726304,51.4317139297574],[-0.149635219292431,51.4314892506862],[-0.149275787627471,51.4314835785714],[-0.149266709330462,51.4317082575173],[-0.148907276050617,51.4317025841796],[-0.148916356078505,51.4314779053589],[-0.148925435990326,51.4312532265244],[-0.149284865808435,51.4312588996116],[-0.149293943873356,51.431034220638],[-0.149303021822237,51.4308095416506],[-0.149312099655079,51.4305848626493],[-0.149321177371886,51.4303601836342],[-0.149330254972657,51.4301355046054],[-0.149339332457395,51.4299108255627],[-0.149348409826103,51.4296861465061],[-0.149707827644824,51.4296918176189],[-0.149716903166825,51.4294671384233],[-0.14972597857282,51.4292424592139],[-0.15008539304616,51.4292481289787],[-0.150094466605518,51.4290234496302],[-0.150103540048898,51.4287987702679],[-0.150462951176914,51.4288044386847],[-0.150472022773725,51.4285797591833],[-0.15083143228705,51.4285854263773],[-0.150840502037337,51.428360746737],[-0.150849571671697,51.4281360670828],[-0.151208977839776,51.4281417329289],[-0.151218045627682,51.4279170531357],[-0.151577450212196,51.4279227177631],[-0.151936859074334,51.4279283818383],[-0.151945923348864,51.4277037018895],[-0.151954987505469,51.4274790219315],[-0.152314392942539,51.4274846848375],[-0.152673798497459,51.4274903466414],[-0.153033204170206,51.4274960073431],[-0.153042262894569,51.4272713272753],[-0.152682858993263,51.4272656666071],[-0.152691919371193,51.4270409865637],[-0.152332517359131,51.4270353248269],[-0.151973115464915,51.427029661988],[-0.151613713688568,51.427023998047],[-0.151254315620317,51.4270183338248],[-0.150894918104662,51.4270126686047],[-0.150535520704872,51.4270070022872],[-0.150176123420971,51.4270013348722],[-0.14981672625298,51.4269956663597],[-0.149457329200922,51.4269899967498],[-0.14909793226482,51.4269843260424],[-0.148738535444695,51.4269786542375],[-0.148729456007343,51.4272033332094],[-0.14872037645394,51.4274280121675],[-0.148711296784483,51.4276526911117],[-0.148351894889012,51.4276470178336],[-0.14799249310957,51.4276413434581],[-0.147983409863072,51.427866022138],[-0.14762400646919,51.4278603465396],[-0.147264603191383,51.4278546698438],[-0.146905200029673,51.4278489920506],[-0.146896111475543,51.4280736703407],[-0.146536706699446,51.4280679913247],[-0.146177302039493,51.4280623112111],[-0.145817897495705,51.4280566300001],[-0.145808803633825,51.4282813079005],[-0.145449397475702,51.4282756254666],[-0.145089991433792,51.4282699419353],[-0.145080893994583,51.4284946195712],[-0.145071796439085,51.4287192971932],[-0.145062698767296,51.4289439748015],[-0.145422110000902,51.4289496587089],[-0.145413013943432,51.4291743364286],[-0.14540391776969,51.4293990141345],[-0.145394821479675,51.4296236918266],[-0.145754238021402,51.4296293750125],[-0.145745143345791,51.4298540528161],[-0.145736048553924,51.4300787306058],[-0.146095468673239,51.4300844129448],[-0.146104561734402,51.4298597350297],[-0.146113654679332,51.4296350571008],[-0.146122747508032,51.4294103791581],[-0.146131840220502,51.4291857012015],[-0.146491253533312,51.4291913819416],[-0.146500344398939,51.4289667038459],[-0.146859756097284,51.4289723833632],[-0.147219167911758,51.428978061783],[-0.147210080507369,51.4292027401294],[-0.147569494168571,51.4292084175769],[-0.147560408378667,51.4294330960347],[-0.147919823886602,51.42943877251],[-0.147910739711228,51.4296634510793],[-0.147901655419735,51.4298881296348],[-0.1482610745051,51.4298938052631],[-0.148251991828202,51.43011848393],[-0.147892571012121,51.4301128081764],[-0.147883486488385,51.4303374867042],[-0.147874401848525,51.4305621652182],[-0.14751497768702,51.4305564881164],[-0.147505891200252,51.4307811664913],[-0.147146465424066,51.4307754881666],[-0.146787039764003,51.4307698087444],[-0.146777949699483,51.4309944868548],[-0.146768859518765,51.4312191649514],[-0.146759769221848,51.4314438430341],[-0.146750678808728,51.431668521103],[-0.147110111392124,51.4316742010265],[-0.14710102259369,51.4318988792069],[-0.147091933679074,51.4321235573735],[-0.147082844648272,51.4323482355263],[-0.146723406872139,51.4323425552268],[-0.146363969212165,51.4323368738297],[-0.146373061704834,51.4321121959276],[-0.146382154081273,51.4318875180116],[-0.146391246341484,51.4316628400819],[-0.146400338485468,51.4314381621383],[-0.146040907865263,51.4314324801448],[-0.146031813990415,51.4316571579631],[-0.145672381755543,51.4316514747467],[-0.145681477361252,51.4314267970538],[-0.14532204697346,51.4314211128651],[-0.145331144193736,51.4311964352837],[-0.145690572850692,51.431202119347],[-0.146050001623864,51.4312078023128],[-0.146409430513229,51.4312134841809],[-0.146418522424767,51.4309888062096],[-0.14605909526622,51.4309831244668],[-0.145699668223864,51.4309774416265],[-0.145340241297723,51.4309717576885],[-0.144980814487817,51.430966072653],[-0.144989913206306,51.4307413951692],[-0.144630488243446,51.4307357091614],[-0.144271063396865,51.4307300220561],[-0.143911638666585,51.4307243338531],[-0.143552214052629,51.4307186445526],[-0.143192789555017,51.4307129541545],[-0.142833365173774,51.4307072626588],[-0.142842474160517,51.4304825859136],[-0.142483051626417,51.4304768934458],[-0.142123629208728,51.4304711998804],[-0.14211451676048,51.4306958763748],[-0.141755092728473,51.4306901815864],[-0.141764206907471,51.4304655052175],[-0.14140478472267,51.430459809457],[-0.141045362654346,51.4304541125989],[-0.140685940702521,51.4304484146433],[-0.140326518867219,51.4304427155901],[-0.140335639852598,51.4302180397091],[-0.139976219864557,51.4302123396839],[-0.139967097148461,51.4304370154394],[-0.139957974315745,51.4306616911811],[-0.139598550982815,51.4306559898073],[-0.139239127766477,51.430650287336],[-0.138879704666752,51.4306445837672],[-0.138520281683662,51.4306388791008],[-0.138529411439317,51.4304142038611],[-0.138538541078261,51.4301895286076],[-0.138179121673266,51.4301838230947],[-0.138188252926188,51.4299591479529],[-0.138197384062381,51.4297344727972],[-0.138206515081847,51.4295097976276],[-0.138215645984588,51.4292851224442],[-0.138224776770607,51.4290604472469],[-0.138233907439905,51.4288357720358],[-0.138243037992484,51.4286110968108],[-0.138602445283157,51.4286168014451],[-0.138611573988492,51.4283921260807],[-0.138620702577135,51.4281674507025],[-0.138629831049087,51.4279427753104],[-0.138638959404351,51.4277180999045],[-0.13899835988968,51.4277238029393],[-0.139007486397817,51.427499127394],[-0.139016612789294,51.4272744518349],[-0.13902573906411,51.4270497762619],[-0.138666343770034,51.4270440736035],[-0.138675471658564,51.4268193981422],[-0.138684599430416,51.4265947226669],[-0.139043991263771,51.4266004250743],[-0.139053117188619,51.4263757494597],[-0.138693727085592,51.4263700471779],[-0.138702854624094,51.4261453716749],[-0.138711982045923,51.4259206961581],[-0.138721109351081,51.4256960206275],[-0.138730236541705,51.4254713450829],[-0.138739363623552,51.4252466695241],[-0.138748490588919,51.4250219939511],[-0.138757617437807,51.4247973183638],[-0.138766744170219,51.4245726427623],[-0.138775870786156,51.4243479671466],[-0.138784997285621,51.4241232915167],[-0.138794123668615,51.4238986158725],[-0.138434752688369,51.4238929139255],[-0.138443880681334,51.4236682383997],[-0.138803249935141,51.4236739402141],[-0.1388123760852,51.4234492645415],[-0.138821502118795,51.4232245888547],[-0.138830628035928,51.4229999131537],[-0.138471263961303,51.4229942117372],[-0.138111900003107,51.4229885092239],[-0.138121029256476,51.4227638337739],[-0.138130158393341,51.4225391583097],[-0.138489518898865,51.4225448605578],[-0.138498646192926,51.4223201849467],[-0.13850777337051,51.4220955093215],[-0.13851690043162,51.421870833682],[-0.138526027376256,51.4216461580283],[-0.138535154204421,51.4214214823603],[-0.138544280916117,51.4211968066782],[-0.138553407511346,51.4209721309818],[-0.138562533990111,51.4207474552712],[-0.13892188080225,51.4207531553613],[-0.138931005438425,51.4205284795039],[-0.138940129958162,51.4203038036322],[-0.139299473434455,51.4203095023603],[-0.139308596111672,51.4200848263418],[-0.138949254361462,51.4200791277463],[-0.138958378648327,51.4198544518463],[-0.139317718672477,51.4198601503091],[-0.139677058812983,51.4198658476752],[-0.139686179531338,51.4196411714957],[-0.140045518062137,51.4196468676325],[-0.140054636938086,51.4194221913061],[-0.140413973859173,51.4194278862135],[-0.140423090892762,51.4192032097404],[-0.140782426204134,51.4192089034185],[-0.140791541395408,51.4189842267986],[-0.141150875097061,51.4189899192473],[-0.141159988446063,51.4187652424806],[-0.141519320537993,51.4187709337001],[-0.141878652746137,51.4187766238228],[-0.141887762526973,51.4185519467768],[-0.142247093125366,51.4185576356703],[-0.142256201064041,51.4183329584775],[-0.142615530052679,51.4183386461417],[-0.14297485915746,51.4183443327092],[-0.142983963528119,51.4181196552372],[-0.143343291023117,51.4181253405755],[-0.143702618634212,51.418131024817],[-0.143711719436937,51.4179063470658],[-0.144071045438221,51.4179120300781],[-0.144430371555554,51.4179177119937],[-0.144789697788915,51.4179233928126],[-0.144780602163849,51.4181480709612],[-0.145139930239105,51.4181537508158],[-0.145499258430346,51.4181594295736],[-0.145490166141048,51.418384107973],[-0.145849496174169,51.4183897857666],[-0.145840405494794,51.4186144642841],[-0.146199737369798,51.4186201411134],[-0.146190648300391,51.4188448197493],[-0.146549982017282,51.4188504956142],[-0.146540894557889,51.4190751743683],[-0.146900230116672,51.4190808492689],[-0.147259565791337,51.4190865230727],[-0.147618901581861,51.4190921957798],[-0.147609819184555,51.4193168749169],[-0.147969156816934,51.4193225466596],[-0.147960076029779,51.4195472259149],[-0.148319415504018,51.4195528966932],[-0.148310336327058,51.4197775760667],[-0.14866967764316,51.4197832458806],[-0.149029019075038,51.4197889145976],[-0.149019943234411,51.4200135942217],[-0.149379286508137,51.4200192619743],[-0.149738629897597,51.42002492863],[-0.149729557393396,51.4202496085047],[-0.150088902624687,51.420255274196],[-0.150448247971669,51.4202609387904],[-0.150807593434321,51.420266602288],[-0.150816660760157,51.4200419220163],[-0.15117600461233,51.4200475842848],[-0.151535348580126,51.4200532454564],[-0.15189469511745,51.4200589088462],[-0.151885632936094,51.420283589343],[-0.152244981657736,51.4202892520787],[-0.152604330497011,51.420294913713],[-0.152595271732482,51.4205195942849],[-0.152954622456639,51.4205252548601],[-0.153313973298386,51.420530914334],[-0.153304917950782,51.420755594981],[-0.153664270677394,51.4207612533957],[-0.154023623521553,51.4207669107091],[-0.15401457159097,51.4209915914311],[-0.154373926319977,51.4209972476854],[-0.154733281166487,51.4210029028382],[-0.154724232653023,51.4212275836352],[-0.155083589384363,51.4212332377289],[-0.155442946233164,51.4212388907212],[-0.155802303199402,51.4212445426121],[-0.15579325987053,51.4214692235263],[-0.156152618721561,51.421474874358],[-0.156511977689985,51.4214805240882],[-0.156502937778453,51.4217052050773],[-0.156862298631653,51.4217108537484],[-0.157221659602203,51.421716501318],[-0.157212623108108,51.421941182382],[-0.157571985963418,51.4219468288924],[-0.157931348936032,51.4219524743013],[-0.157922315859472,51.4221771554401],[-0.15828168071683,51.4221827997898],[-0.15864104569145,51.4221884430379],[-0.158632016032521,51.4224131242516],[-0.158991382891866,51.4224187664405],[-0.158982354883156,51.4226434476868],[-0.159341723627231,51.4226490888164],[-0.159701092488503,51.4226547288445],[-0.16006046146695,51.4226603677711],[-0.160069484173122,51.4224356863983],[-0.160078506762095,51.4222110050158],[-0.16008752923387,51.4219863236238],[-0.160446893026988,51.4219919613224],[-0.16045591361412,51.4217672798785],[-0.160815275756912,51.4217729164335],[-0.160824294459446,51.4215482349379],[-0.160833313044834,51.4213235534326],[-0.161192671769887,51.4213291888018],[-0.161201688470748,51.4211045072448],[-0.16121070505449,51.4208798256782],[-0.161219721521115,51.420655144102],[-0.161579075061151,51.4206607782433],[-0.161588089643344,51.4204360966153],[-0.161597104108447,51.4202114149777],[-0.161606118456461,51.4199867333304],[-0.16196546681165,51.419992366244],[-0.162324815283853,51.4199979980561],[-0.162684163873047,51.4200036287668],[-0.163043512579209,51.4200092583761],[-0.163402861402317,51.420014886884],[-0.163762210342347,51.4200205142906],[-0.164121559399278,51.4200261405957],[-0.164112557422222,51.4202508225376],[-0.164471908363317,51.4202564477834],[-0.164831259421268,51.4202620719278],[-0.164822260861907,51.4204867539443],[-0.165181613804006,51.4204923770293],[-0.165540966862917,51.4204979990129],[-0.165900320038619,51.420503619895],[-0.165891326664391,51.420728302028],[-0.166250681724203,51.4207339218508],[-0.166610036900761,51.4207395405721],[-0.166969392194041,51.420745158192],[-0.167328747604022,51.4207507747105],[-0.167319761182453,51.4209754570019],[-0.167679118476486,51.4209810724609],[-0.168038475887174,51.4209866868185],[-0.168397833861239,51.4209923006181],[-0.168388852605018,51.4212169829855],[-0.168748213044502,51.4212225963933],[-0.169107573601211,51.4212282086985],[-0.169098595787953,51.4214528910955],[-0.169457958242001,51.4214585023172],[-0.16981732081323,51.4214641124363],[-0.169808346443033,51.4216887948629],[-0.170167710911583,51.4216944038984],[-0.170158738204359,51.4219190863356],[-0.170518104570232,51.4219246942875],[-0.170877471053223,51.4219303011368],[-0.170868501789229,51.4221549836036],[-0.171227870169526,51.4221605893692],[-0.171218902568622,51.4223852718466],[-0.17157827284623,51.4223908765286],[-0.171569306908461,51.4226155590165],[-0.171928679083385,51.4226211626149],[-0.172288051375339,51.4226267651106],[-0.172279088881039,51.422851447628],[-0.172638463070291,51.42285704904],[-0.172629502239243,51.4230817315679],[-0.172988878325797,51.4230873318962],[-0.173348254529316,51.4230929311219],[-0.173339297141906,51.4233176136793],[-0.17369867524271,51.4233232118212],[-0.174058053460435,51.4233288088604],[-0.17441743179506,51.4233344047969],[-0.174408479631754,51.4235590874027],[-0.174767859863624,51.4235646822554],[-0.175127240212349,51.4235702760054],[-0.175118291492904,51.4237949586406],[-0.175477673738858,51.4238005513069],[-0.175837056101623,51.4238061428704],[-0.175828110826135,51.4240308255349],[-0.176187495086112,51.4240364160147],[-0.176546879462856,51.4240420053917],[-0.176906263956343,51.424047593666],[-0.176897323905362,51.4242722763787],[-0.177256710296023,51.4242778635691],[-0.177247771908744,51.4245025462922],[-0.176888383737606,51.4244969590829],[-0.176879443453074,51.4247216417786],[-0.176870503051764,51.424946324466],[-0.177229894783923,51.424951911713],[-0.177589286632787,51.4249574978573],[-0.177948678598334,51.4249630828988],[-0.177939743421884,51.4251877656342],[-0.177930808128721,51.4254124483612],[-0.178290203772052,51.4254180323376],[-0.17828126997339,51.425642714864],[-0.178640667493795,51.4256482977529],[-0.178631735200724,51.4258729801284],[-0.178991134595584,51.4258785619439],[-0.17898220394586,51.4261032443394],[-0.179341605215183,51.4261088250816],[-0.17933267620885,51.4263335074971],[-0.179323747086966,51.4265581899036],[-0.179314817849528,51.4267828723012],[-0.179674224511316,51.426788452028],[-0.179665296917357,51.4270131344456],[-0.179656369207864,51.4272378168542],[-0.180015779503229,51.4272433955366],[-0.180375189914057,51.4272489731167],[-0.180366265607193,51.4274736555742],[-0.180725677892547,51.4274792320809],[-0.180716755229298,51.4277039145584],[-0.180707832450577,51.427928597027],[-0.180698909556381,51.4281532794866],[-0.180689986546709,51.4283779619372],[-0.180681063421559,51.4286026443788],[-0.180672140180928,51.4288273268116],[-0.180663216824815,51.4290520092353],[-0.18102264153984,51.4290575848422],[-0.181013719827512,51.4292822672859],[-0.181004797999721,51.4295069497206],[-0.181364226348722,51.4295125242829],[-0.181355306164783,51.4297372067376],[-0.181346385865399,51.4299618891834],[-0.181705817848452,51.4299674627011],[-0.181696899192986,51.4301921451668],[-0.182056333050778,51.430197717611],[-0.182047416039276,51.4304224000966],[-0.182038498912368,51.4306470825733],[-0.182029581670053,51.430871765041],[-0.182389020921439,51.4308773364695],[-0.182380105323174,51.4311020189571],[-0.182739546449357,51.4311075893119],[-0.182730632495189,51.4313322718195],[-0.183090075496172,51.4313378411007],[-0.183098987690855,51.4311131585642],[-0.183458429047644,51.4311187267141],[-0.183817870519703,51.4311242937614],[-0.183808961843998,51.4313489763556],[-0.184168405190795,51.4313545423293],[-0.184159498159305,51.4315792249434],[-0.184150591012537,51.4318039075486],[-0.184141683750489,51.4320285901448],[-0.184501132491129,51.4320341551025],[-0.184492226873383,51.4322588377186],[-0.184851677488819,51.4322644016026],[-0.184842773515421,51.4324890842386],[-0.185202224660045,51.4324946469244],[-0.185193322417474,51.4327193295904],[-0.185184420056833,51.4329440122471],[-0.185543874669275,51.4329495738781],[-0.18553497400767,51.4331742565624],[-0.185894430555219,51.4331798171281],[-0.186253887220742,51.4331853765917],[-0.186613344004218,51.4331909349531],[-0.186972800905623,51.4331964922123],[-0.187332257924931,51.4332020483694],[-0.187341149500967,51.4329773655008],[-0.187350040959072,51.432752682623],[-0.187358932299246,51.4325279997357],[-0.187718383985146,51.4325335546801],[-0.187727273390344,51.4323088717467],[-0.188086723377043,51.4323144255521],[-0.188446173481568,51.4323199782553],[-0.188455059134804,51.4320952952389],[-0.188814507540099,51.4321008468031],[-0.18917395606317,51.4321063972653],[-0.18918283796453,51.4318817141659],[-0.189542284788341,51.4318872634891],[-0.189551164754907,51.4316625803436],[-0.189910609879453,51.4316681285279],[-0.189901731729879,51.4318928117102],[-0.190261178789121,51.4318983588291],[-0.190252302338806,51.4321230420388],[-0.190243425770755,51.4323477252392],[-0.190234549084963,51.4325724084302],[-0.190594001713014,51.4325779545573],[-0.19058512672657,51.4328026377757],[-0.190576251622407,51.4330273209847],[-0.190935708002326,51.4330328660832],[-0.190926834597579,51.4332575493196],[-0.190917961075131,51.4334822325468],[-0.19090908743498,51.4337069157645],[-0.190900213672275,51.4339315989998],[-0.19054075002899,51.4339260537511],[-0.190531874338117,51.4341507369842],[-0.190172409009476,51.4341451905927],[-0.190163531399293,51.4343698737753],[-0.190154653672094,51.4345945569484],[-0.190145775827873,51.4348192401119],[-0.189786305209181,51.4348136924959],[-0.189795184855761,51.4345890093732],[-0.189435716156419,51.4345834606959],[-0.189444597488291,51.4343587776045],[-0.189085130708293,51.4343532278661],[-0.188725664045328,51.4343476770256],[-0.188366197499421,51.4343421250832],[-0.188357310760554,51.434566808052],[-0.188348423904551,51.4347914910112],[-0.188339536931411,51.4350161739609],[-0.18833064984113,51.4352408569011],[-0.187971176202854,51.4352353036931],[-0.18761170268169,51.435229749383],[-0.18760281186943,51.4354544322318],[-0.187243336662984,51.4354488767788],[-0.187234443931094,51.4356735595771],[-0.187593920939978,51.4356791150711],[-0.187585029893335,51.4359037979008],[-0.187944508821822,51.4359093523335],[-0.188303987867427,51.4359149056642],[-0.188663467030125,51.4359204578928],[-0.188672352669371,51.4356957749404],[-0.18903183014667,51.4357013260261],[-0.189022946309895,51.4359260090193],[-0.189014062356018,51.4361506920029],[-0.189005178285038,51.4363753749771],[-0.188996294096951,51.4366000579416],[-0.188987409791758,51.4368247408966],[-0.188627923301876,51.4368191896066],[-0.188636809409633,51.4365945066925],[-0.188645695400258,51.4363698237688],[-0.188286212632554,51.4363642714585],[-0.187926729981947,51.4363587180461],[-0.187917840386248,51.436583400888],[-0.187908950673372,51.4368080837204],[-0.188268436929072,51.4368136372146],[-0.188259548901599,51.4370383200783],[-0.188250660756966,51.4372630029324],[-0.188241772495175,51.437487685777],[-0.188601264275799,51.4374932382917],[-0.188610150734961,51.4372685554062],[-0.188619037076986,51.4370438725112],[-0.188978525369454,51.437049423842],[-0.188969640830038,51.4372741067779],[-0.188960756173509,51.4374987897043],[-0.188951871399863,51.437723472621],[-0.189311365217291,51.4377290229723],[-0.189302482129209,51.4379537059204],[-0.1889429865091,51.4379481555283],[-0.188583491006057,51.437942604034],[-0.188574604195472,51.4381672868908],[-0.188934101501217,51.4381728384259],[-0.188925216376212,51.438397521314],[-0.188916331134083,51.4386222041926],[-0.188907445774828,51.4388468870616],[-0.189266948605892,51.4388524376172],[-0.189275832162373,51.4386277547073],[-0.189635333307711,51.4386333041198],[-0.189626451554005,51.4388579870705],[-0.189985954619145,51.4388635354217],[-0.189977074551158,51.4390882184037],[-0.189968194366111,51.4393129013761],[-0.189959314064001,51.439537584339],[-0.189950433644826,51.4397622672924],[-0.189941553108586,51.4399869502362],[-0.189932672455277,51.4402116331704],[-0.189573158572987,51.4402060845742],[-0.189564275999668,51.440430767458],[-0.189204760431479,51.4404252177187],[-0.189195875938104,51.4406499005521],[-0.189186991327609,51.440874583376],[-0.189546510501742,51.440880133197],[-0.189555393309254,51.4406554503323],[-0.189914910797446,51.4406609990102],[-0.18990602979292,51.4408856819158],[-0.189897148671318,51.4411103648118],[-0.189888267432636,51.4413350476983],[-0.189879386076876,51.4415597305752],[-0.190238910894177,51.4415652783142],[-0.190598435828484,51.4415708249508],[-0.19095796087977,51.4415763704852],[-0.190966836826354,51.4413516874858],[-0.191326360191535,51.441357231877],[-0.191685883673648,51.441362775166],[-0.19204540727267,51.4413683173526],[-0.192054277693116,51.4411436342212],[-0.192413799605977,51.4411491752648],[-0.192773321635697,51.441154715206],[-0.193132843782255,51.4411602540449],[-0.193492366045626,51.4411657917815],[-0.193501229137028,51.4409411084775],[-0.193860749714158,51.4409466450711],[-0.194220270408052,51.4409521805624],[-0.194579791218686,51.4409577149513],[-0.194939312146039,51.440963248238],[-0.195298833190086,51.4409687804224],[-0.195307687149585,51.4407440969052],[-0.195667206507285,51.4407496279466],[-0.19602672598163,51.4407551578857],[-0.196035576218411,51.4405304742775],[-0.19639509400638,51.4405360030736],[-0.196754611910946,51.4405415307674],[-0.197114129932085,51.440547057359],[-0.197122974643255,51.4403223736192],[-0.197482490977962,51.4403278990678],[-0.197842007429195,51.4403334234142],[-0.19820152399693,51.4403389466582],[-0.198210363182611,51.440114262787],[-0.198569878063859,51.4401197848881],[-0.19892939306156,51.440125305887],[-0.199288908175689,51.4401308257836],[-0.199297741836005,51.4399061417809],[-0.199657255263593,51.4399116605346],[-0.200016768807563,51.4399171781861],[-0.200376282467889,51.4399226947353],[-0.200385110602962,51.4396980106013],[-0.200744622576693,51.4397035260076],[-0.201104134666731,51.4397090403117],[-0.201463646873055,51.4397145535136],[-0.201472469483009,51.4394898692483],[-0.201831975919376,51.4394953819746],[-0.202191480929222,51.4395008938503],[-0.202550986053805,51.4395064046236],[-0.202559803083019,51.4392817202626],[-0.202919306549405,51.4392872298976],[-0.203278810130481,51.43929273843],[-0.203638313826226,51.43929824586],[-0.203997817636615,51.4393037521875],[-0.204006627459475,51.439079067674],[-0.204366129611587,51.4390845728632],[-0.204725631878297,51.43909007695],[-0.205085134259582,51.4390955799343],[-0.205444636755418,51.4391010818161],[-0.205435834024169,51.4393257664728],[-0.205076329755427,51.4393202645552],[-0.204716825601239,51.4393147615351],[-0.204708019209543,51.4395394461109],[-0.205067525136658,51.4395449491668],[-0.205058720403271,51.4397696337691],[-0.205049915555264,51.4399943183621],[-0.20540942514286,51.439999820387],[-0.205400621953229,51.4402245050065],[-0.205391818648997,51.4404491896166],[-0.205383015230164,51.4406738742175],[-0.205742530251361,51.4406793752472],[-0.20573372849099,51.4409040598745],[-0.205724926616036,51.4411287444925],[-0.205716124626497,51.4413534291012],[-0.206075645081491,51.4413589291357],[-0.206084445297916,51.4411342444912],[-0.206443964094295,51.4411397433874],[-0.206803483005153,51.4411452411809],[-0.207163002030464,51.441150737872],[-0.207522521170208,51.4411562334605],[-0.20788204042436,51.4411617279464],[-0.208241559792898,51.4411672213298],[-0.208601079275799,51.4411727136107],[-0.20896059887304,51.4411782047889],[-0.208969384790092,51.4409535198494],[-0.208609866965959,51.4409480287068],[-0.208618654541718,51.4407233437937],[-0.208259138605006,51.4407178515843],[-0.208267927839428,51.4404931666976],[-0.208276716959429,51.4402684818015],[-0.208636229350043,51.4402739739396],[-0.208627442003079,51.4404986588713],[-0.208986956281064,51.4405041499425],[-0.20934647067336,51.4405096399112],[-0.209355254474243,51.4402849549081],[-0.209714767207785,51.4402904437386],[-0.210074280055589,51.4402959314666],[-0.210433793017634,51.440301418092],[-0.210425014535887,51.4405261032021],[-0.210784529385198,51.4405315887606],[-0.210793306093897,51.4403069036149],[-0.210802082688337,51.4400822184599],[-0.210810859168522,51.4398575332956],[-0.211170368812946,51.4398630176447],[-0.211179143405895,51.4396383324355],[-0.211538651391501,51.4396438156465],[-0.21154742409726,51.4394191303923],[-0.211556196688815,51.4391944451289],[-0.21191570124266,51.4391999271661],[-0.211924471947096,51.4389752418577],[-0.211933242537354,51.4387505565401],[-0.212292743659498,51.4387560374036],[-0.212301512362708,51.438531352041],[-0.212310280951767,51.4383066666692],[-0.212669778642271,51.4383121463591],[-0.212678545344352,51.4380874609423],[-0.213038041376086,51.4380929394942],[-0.213046806191234,51.4378682540325],[-0.213406300564194,51.4378737314464],[-0.213765795051167,51.4378792077578],[-0.21412528965213,51.4378846829669],[-0.21448478436706,51.4378901570734],[-0.214844279195934,51.4378956300776],[-0.215203774138728,51.4379011019793],[-0.21556326919542,51.4379065727786],[-0.215554516789992,51.4381312584891],[-0.215914013733385,51.4381367282214],[-0.215905262986864,51.4383614139582],[-0.21626476181696,51.4383668826236],[-0.216256012729393,51.4385915683865],[-0.216615513446197,51.438597035985],[-0.216975014276813,51.438602502481],[-0.216966268621144,51.4388271883056],[-0.21732577133845,51.4388326537346],[-0.217685274169525,51.4388381180611],[-0.218044777114345,51.4388435812852],[-0.218404280017424,51.4388490434674],[-0.218763782857291,51.4388545046165],[-0.219123285810302,51.4388599646638],[-0.219132020847714,51.438635278597],[-0.219491522151869,51.4386407374939],[-0.219851023569121,51.4386461952889],[-0.220210525099447,51.4386516519822],[-0.220570026742823,51.4386571075736],[-0.220929528499227,51.4386625620632],[-0.221289030368637,51.4386680154509],[-0.221280305903117,51.4388927018086],[-0.22092080227172,51.4388872483724],[-0.220912075931142,51.4391119346717],[-0.221271581324548,51.4391173881564],[-0.221631086830941,51.4391228405392],[-0.221990592450297,51.4391282918201],[-0.222350098182594,51.4391337419992],[-0.22270960402781,51.4391391910764],[-0.222718321558321,51.4389145045349],[-0.223077825754413,51.4389199524618],[-0.223437330063375,51.4389253992869],[-0.223796834485186,51.4389308450102],[-0.224156339019822,51.4389362896316],[-0.224147628537397,51.4391609763667],[-0.224507134946863,51.4391664199346],[-0.22449842611362,51.4393911067081],[-0.224489717167531,51.4396157934718],[-0.224130207233944,51.4396103498071],[-0.22412149641291,51.4398350365124],[-0.224112785479003,51.4400597232078],[-0.224104074432219,51.4402844098933],[-0.224095363272557,51.4405090965689],[-0.223735846403269,51.4405036516088],[-0.223727133368543,51.440728338226],[-0.223718420220913,51.4409530248333],[-0.223358899940077,51.4409475786745],[-0.222999379772104,51.4409421314138],[-0.222990662987115,51.4411668179144],[-0.223350184917312,51.4411722652235],[-0.223341469781616,51.4413969517626],[-0.223700993586933,51.4414023980182],[-0.223692280100577,51.4416270845957],[-0.223332754532988,51.4416216382917],[-0.223324039171425,51.441846324811],[-0.22368356650131,51.4418517711634],[-0.223674852789129,51.4420764577211],[-0.22366613896399,51.4423011443797],[-0.223306608109329,51.4422956979299],[-0.22329789240863,51.442520384639],[-0.223289176594976,51.4427450713387],[-0.223280460668367,51.442969758029],[-0.2232717446288,51.4431944447097],[-0.222912206836517,51.4431889969992],[-0.222903488921305,51.4434136836309],[-0.222894770893109,51.4436383702531],[-0.222886052751927,51.4438630568658],[-0.222877334497757,51.444087743469],[-0.222868616130596,51.4443124300627],[-0.222859897650445,51.444537116647],[-0.222851179057298,51.4447618032217],[-0.222842460351155,51.4449864897869],[-0.222833741532015,51.4452111763427],[-0.222474187987684,51.4452057271739],[-0.222465467292657,51.4454304136806],[-0.222456746484604,51.4456551001778],[-0.222448025563525,51.4458797866655],[-0.222439304529418,51.4461044731437],[-0.222430583382281,51.4463291596124],[-0.222421862122111,51.4465538460716],[-0.222062298113082,51.4465483955629],[-0.222053574976855,51.4467730819731],[-0.22204485172757,51.4469977683738],[-0.222036128365224,51.447222454765],[-0.222395697663389,51.4472279053924],[-0.222386975951071,51.4474525918136],[-0.222027404889815,51.4474471411467],[-0.222018681301341,51.4476718275189],[-0.222009957599801,51.4478965138816],[-0.222001233785193,51.4481212002348],[-0.221641657547533,51.4481157483465],[-0.221632931856673,51.4483404346507],[-0.221624206052719,51.4485651209453],[-0.221983785816762,51.4485705729127],[-0.221975061662936,51.4487952592374],[-0.221966337396034,51.4490199455527],[-0.221606754105517,51.4490144935061],[-0.221598027962265,51.4492391797723],[-0.22158930170591,51.4494638660289],[-0.221580575336451,51.4496885522761],[-0.221220986869095,51.4496830990082],[-0.221212258623191,51.4499077852062],[-0.221203530264156,51.4501324713949],[-0.221194801791987,51.450357157574],[-0.221186073209661,51.450581843698],[-0.221177344521305,51.4508065297037],[-0.221168615719814,51.4510312156996],[-0.221159886805184,51.4512559016859],[-0.221519487616373,51.4512613552406],[-0.221879088540615,51.4512668076928],[-0.221870363039689,51.4514914937566],[-0.221861637425667,51.4517161798108],[-0.221852911698547,51.4519408658552],[-0.221493305483971,51.4519354132722],[-0.221484577880262,51.4521600992634],[-0.221475850163428,51.4523847852448],[-0.221467122333468,51.4526094712166],[-0.221107510941416,51.4526040174001],[-0.221098781234771,51.4528287033185],[-0.22145839439038,51.4528341571787],[-0.221449666334162,51.453058843131],[-0.221809281366419,51.4530642959322],[-0.221800554960674,51.4532889819185],[-0.222160171869584,51.4532944336606],[-0.222168896511722,51.4530697476307],[-0.222528511770048,51.4530751982265],[-0.222888127141372,51.4530806477197],[-0.222879406026452,51.4533053338369],[-0.223239023274366,51.453310782271],[-0.223247742625674,51.4530860961103],[-0.22360735822293,51.4530915433983],[-0.223966973933117,51.4530969895835],[-0.224326589756214,51.4531024346662],[-0.224317875695754,51.4533271209576],[-0.224677493395355,51.4533325649812],[-0.224668780985587,51.4535572513065],[-0.224660068462888,51.4537819376221],[-0.224651355827257,51.454006623928],[-0.225010978930725,51.4540120669795],[-0.225019689802667,51.4537873806301],[-0.225028400561698,51.4535626942709],[-0.225037111207822,51.4533380079021],[-0.22504582174104,51.4531133215235],[-0.225405437902724,51.4531187632982],[-0.225765054177226,51.4531242039703],[-0.225756347171258,51.4533488904359],[-0.226115965322183,51.4533543300488],[-0.226124670564523,51.4531296435397],[-0.226484287064591,51.4531350820064],[-0.226492990430489,51.4529103954441],[-0.226852605279697,51.4529158327647],[-0.226843903677409,51.4531405193705],[-0.227203520402952,51.453145955632],[-0.22721222024163,51.4529212689827],[-0.227571835316265,51.452926704098],[-0.227580533278588,51.4527020173956],[-0.227940146702309,51.4527074513648],[-0.228299760238684,51.4527128842313],[-0.22865937388769,51.4527183159952],[-0.22866806644656,51.4524936291527],[-0.2290276784446,51.4524990597706],[-0.229387290555223,51.4525044892858],[-0.229746902778408,51.4525099176984],[-0.23010651511413,51.4525153450083],[-0.230466127562368,51.4525207712156],[-0.230474811190788,51.4522960841462],[-0.230834421987958,51.4523015092075],[-0.231194032897594,51.4523069331662],[-0.231553643919675,51.4523123560222],[-0.231562322144919,51.452087668813],[-0.231921931515878,51.452093090523],[-0.232281540999235,51.4520985111304],[-0.232641150594966,51.4521039306352],[-0.232649823417155,51.4518792432862],[-0.233009431361711,51.4518846616451],[-0.233369039418593,51.4518900789013],[-0.233728647587781,51.4518954950549],[-0.234088255869249,51.4519009101058],[-0.234096921524994,51.4516762225738],[-0.234456528155209,51.4516816364789],[-0.234816134897659,51.4516870492813],[-0.234824796914101,51.451462361653],[-0.235184402005011,51.4514677733221],[-0.235544007208035,51.4514731838922],[-0.235552665585393,51.4512484961639],[-0.23591226913718,51.4512539055859],[-0.236271872801101,51.4512593139054],[-0.236631476577136,51.4512647211225],[-0.236640129552142,51.4510400332479],[-0.236648782414997,51.4508153453635],[-0.236289182165697,51.4508099382374],[-0.236297836679735,51.4505852503888],[-0.236306491086309,51.4503605625364],[-0.23666608780875,51.4503659695727],[-0.236674740341923,51.4501412816701],[-0.237034335413084,51.4501466875605],[-0.237393930596305,51.4501520923485],[-0.237753525891566,51.4501574960339],[-0.237762173022555,51.4499328079919],[-0.237402579490642,51.4499274043497],[-0.237411228272879,51.4497027163413],[-0.237051636616324,51.4496973116398],[-0.237042986070766,51.449921999605],[-0.236683392762948,51.4499165937578],[-0.236692045071828,51.4496919058358],[-0.236332453639412,51.4496864989293],[-0.236341107599443,51.449461811041],[-0.236349761447309,51.4492371231429],[-0.236709349353157,51.4492425299629],[-0.23671800132561,51.449017842012],[-0.237077587580282,51.4490232476862],[-0.237086237677367,51.4487985596823],[-0.237094887662339,51.4485738716688],[-0.2371035375352,51.4483491836455],[-0.236743956570148,51.448343778101],[-0.236752608094061,51.4481190901114],[-0.236393029004237,51.4481136835076],[-0.236401682179155,51.4478889955515],[-0.236761259505842,51.447894402112],[-0.236769910805495,51.447669714103],[-0.236778561993021,51.4474450260843],[-0.236418988192538,51.4474396196104],[-0.236427641031008,51.4472149316253],[-0.236436293757331,51.4469902436305],[-0.236076723595042,51.4469848361406],[-0.236085377972243,51.4467601481794],[-0.235725809685075,51.4467547396303],[-0.235366241510031,51.4467493299789],[-0.235374899301057,51.4465246420946],[-0.235734465713107,51.4465300517027],[-0.235743121628953,51.4463053637655],[-0.235383556979874,51.4462999542006],[-0.235023992442938,51.4462945435332],[-0.235032651772496,51.4460698556729],[-0.235392214546486,51.4460752662969],[-0.235400872000892,51.4458505783835],[-0.235760433124098,51.4458559878619],[-0.235769088703398,51.4456312998956],[-0.235777744170522,51.4454066119197],[-0.236137301880056,51.4454120202091],[-0.236496859701678,51.4454174273962],[-0.236856417635369,51.4454228334809],[-0.236865067701733,51.4451981453655],[-0.236505511530906,51.445192739324],[-0.236514163248005,51.4449680512422],[-0.236154608952081,51.4449626441416],[-0.236163262319868,51.4447379560933],[-0.236522814852977,51.4447433631507],[-0.236531466345825,51.4445186750495],[-0.236891017228199,51.4445240809612],[-0.236899666846153,51.4442993928071],[-0.237259216077789,51.4443047975733],[-0.237618765421437,51.4443102012371],[-0.237978314877074,51.4443156037986],[-0.237969670547448,51.4445402920824],[-0.23832922187783,51.4445456935849],[-0.238320579198975,51.4447703819022],[-0.238680132404106,51.4447757823455],[-0.239039685721162,51.4447811816864],[-0.239048324874406,51.4445564932827],[-0.238688773320157,51.4445510939849],[-0.238697414124222,51.4443264056147],[-0.239056963915688,51.4443318048693],[-0.239416513819051,51.4443372030215],[-0.239425150985609,51.4441125145552],[-0.239784699238082,51.444117911562],[-0.240144247602406,51.4441233074664],[-0.240152881131542,51.4438986189041],[-0.239793334529962,51.4438932230429],[-0.23943378804023,51.4438878260793],[-0.239442424982916,51.4436631375937],[-0.23945106181367,51.4434384490985],[-0.239810604777987,51.4434438459757],[-0.239819239734136,51.4432191574275],[-0.240178781047622,51.4432245531593],[-0.240538322472928,51.4432299477888],[-0.240546953791864,51.4430052591446],[-0.240555584998942,51.4427805704909],[-0.240915123010754,51.4427859639318],[-0.240923752343365,51.4425612752252],[-0.241283288704335,51.4425666675206],[-0.241291916162523,51.4423419787612],[-0.241651450872647,51.4423473699114],[-0.242010985694493,51.4423527599592],[-0.242019609517462,51.4421280710821],[-0.242379142688261,51.4421334599865],[-0.242387764642335,51.4419087709874],[-0.242747296162255,51.4419141587453],[-0.242738675970734,51.4421388477887],[-0.242730055673255,51.4423635367481],[-0.242370520628037,51.4423581489048],[-0.242361898457629,51.4425828377935],[-0.242353276175482,51.4428075266726],[-0.241993737716724,51.4428021376408],[-0.241985113560191,51.4430268264671],[-0.241976489291892,51.4432515152837],[-0.241967864911823,51.4434762040907],[-0.242327408658571,51.4434815932518],[-0.24231878592944,51.4437062820923],[-0.242310163088558,51.443930970923],[-0.242669710472437,51.4439363590681],[-0.24266108928256,51.4441610479322],[-0.243020638540864,51.4441664350181],[-0.243012019002036,51.4443911239157],[-0.243003399351498,51.4446158128036],[-0.242994779589247,51.4448405016819],[-0.243354334247615,51.4448458877947],[-0.243345716136502,51.4450705767064],[-0.243337097913694,51.4452952656084],[-0.243696656209421,51.445300650705]]],[[[-0.164943946422915,51.4802905464334],[-0.164934935175973,51.4805152209404],[-0.164925923812207,51.4807398954374],[-0.164916912331613,51.4809645699245],[-0.16455708680718,51.4809589387963],[-0.164548073444913,51.4811836132251],[-0.164188246272408,51.481177980945],[-0.163828419216699,51.4811723475615],[-0.163468592277809,51.4811667130746],[-0.16310876545576,51.4811610774842],[-0.162748938750577,51.4811554407903],[-0.16275796093704,51.480930766604],[-0.162766983006538,51.4807060924077],[-0.163126806182073,51.4807117290046],[-0.16348662947447,51.480717364498],[-0.163495647897423,51.4804926901948],[-0.163855469541864,51.4804983245363],[-0.16386448608313,51.4802736501747],[-0.164224306079612,51.4802792833644],[-0.164233320739237,51.4800546089444],[-0.164593139087754,51.4800602409822],[-0.16458412619288,51.4802849154506],[-0.164943946422915,51.4802905464334]]],[[[-0.139957974315745,51.4306616911811],[-0.140317397765242,51.4306673914572],[-0.140308276546666,51.4308920673105],[-0.140299155211487,51.4311167431499],[-0.140290033759705,51.4313414189755],[-0.140280912191317,51.4315660947872],[-0.139921481818636,51.4315603940091],[-0.139912358402787,51.4317850696815],[-0.139903234870308,51.43200974534],[-0.139894111221193,51.4322344209847],[-0.139884987455442,51.4324590966155],[-0.139875863573053,51.4326837722325],[-0.139516424662475,51.4326780697293],[-0.139507298932483,51.4329027452069],[-0.139498173085827,51.4331274206706],[-0.139138730829914,51.4331217168188],[-0.139147858407553,51.4328970414806],[-0.138788417999256,51.4328913366566],[-0.138797547191166,51.43266666143],[-0.138806676266368,51.4324419861896],[-0.138815805224865,51.4322173109353],[-0.138824934066658,51.4319926356671],[-0.138465500698706,51.4319869302476],[-0.138474631154664,51.4317622550911],[-0.1384837614939,51.4315375799208],[-0.138492891716416,51.4313129047366],[-0.138852319891835,51.4313186097795],[-0.139211748183896,51.4313243137249],[-0.139571176592577,51.4313300165727],[-0.139580301505971,51.4311053409981],[-0.139939728300443,51.4311110426228],[-0.139948851366406,51.4308863669088],[-0.139957974315745,51.4306616911811]]],[[[-0.222001233785193,51.4481212002348],[-0.222360810135858,51.4481266510204],[-0.222720386599508,51.4481321007033],[-0.223079963176119,51.4481375492837],[-0.223071244537993,51.448362235746],[-0.222711666198196,51.4483567871262],[-0.222352087971361,51.4483513374037],[-0.222343365693815,51.4485760237774],[-0.221983785816762,51.4485705729127],[-0.221992509857514,51.4483458865785],[-0.222001233785193,51.4481212002348]]],[[[-0.240923752343365,51.4425612752252],[-0.240564216094162,51.4425558818274],[-0.240204679956751,51.4425504873274],[-0.240213312702703,51.4423257986975],[-0.240221945339365,51.4421011100274],[-0.240230577868711,51.441876421294],[-0.24059010871826,51.441881815665],[-0.240581477951456,51.4421065044427],[-0.240941010675333,51.4421118977559],[-0.241300543510975,51.4421172899668],[-0.241291916162523,51.4423419787612],[-0.240932381564143,51.4423365865089],[-0.240923752343365,51.4425612752252]]],[[[-0.160419855840155,51.4763978001694],[-0.160428887921203,51.4761731261141],[-0.160437919885168,51.4759484520488],[-0.160797705186544,51.4759540953503],[-0.161157490604898,51.4759597375486],[-0.161166518923187,51.4757350633763],[-0.161175547123903,51.4755103891923],[-0.161535329131174,51.4755160301921],[-0.161895111254835,51.4755216700868],[-0.161886086582136,51.4757463443661],[-0.162245870586985,51.4757519832061],[-0.162236847561602,51.4759766575239],[-0.162227824419254,51.4762013318318],[-0.161868036885774,51.4761956928948],[-0.161859011862106,51.4764203671442],[-0.16149922268119,51.4764147270554],[-0.161490195776158,51.4766394012464],[-0.16113040494781,51.4766337600058],[-0.160770614236423,51.476628117662],[-0.160779644670192,51.476403443568],[-0.160419855840155,51.4763978001694]]],[[[-0.182415767023923,51.4302032889527],[-0.182424682160654,51.4299786064292],[-0.182784114489757,51.4299841766395],[-0.183143546934166,51.4299897457474],[-0.183152458436821,51.4297650631572],[-0.18351188923716,51.4297706311338],[-0.183502979493857,51.4299953137529],[-0.183862412168806,51.4300008806559],[-0.183853504069568,51.4302255632949],[-0.183844595855041,51.430450245925],[-0.183485159661316,51.4304446789642],[-0.183125723582854,51.430439110901],[-0.183134635316178,51.4302144283287],[-0.182775201112397,51.4302088591919],[-0.182415767023923,51.4302032889527]]],[[[-0.223413388901906,51.4488170562386],[-0.223404671688018,51.449041742712],[-0.223395954361142,51.449266429176],[-0.223036368855425,51.4492609815006],[-0.22304508794558,51.4490362950762],[-0.222685504316088,51.4490308463377],[-0.222694225056487,51.4488061599434],[-0.223053806922725,51.4488116086423],[-0.223062525786861,51.4485869221989],[-0.22342210600281,51.4485923697557],[-0.223413388901906,51.4488170562386]]],[[[-0.222883353758446,51.471740472886],[-0.222523590028964,51.4717350221944],[-0.222532320073316,51.4715103366609],[-0.222172558259859,51.4715048849007],[-0.222181289990444,51.4712801993932],[-0.222541050002756,51.4712856511182],[-0.222549779817286,51.4710609655661],[-0.222909538143326,51.4710664161522],[-0.223269296584194,51.4710718656345],[-0.223260570371913,51.4712965512569],[-0.22325184404477,51.47152123687],[-0.222892082001627,51.4715157873174],[-0.222883353758446,51.471740472886]]],[[[-0.25043479954969,51.4384320062041],[-0.250426218151717,51.4386566963303],[-0.2500667107281,51.4386513323794],[-0.249707203415649,51.4386459673263],[-0.249698618381972,51.4388706573546],[-0.249339109418461,51.4388652911555],[-0.249330522511262,51.43908998113],[-0.248971011896696,51.4390846137847],[-0.248611501393367,51.4390792453373],[-0.248602910850311,51.4393039352139],[-0.248243398695955,51.4392985656203],[-0.248234806279265,51.439523255443],[-0.247875292473887,51.4395178847032],[-0.247866698183517,51.4397425744721],[-0.247507182727119,51.4397372025861],[-0.247147667382055,51.439731829598],[-0.247139069455611,51.439956519269],[-0.246779552459557,51.4399511451346],[-0.246770952659321,51.4401758347517],[-0.246411434012279,51.440170459471],[-0.246402832338206,51.4403951490342],[-0.246043312040182,51.4403897726073],[-0.245683791853588,51.4403843950783],[-0.245675186543221,51.4406090845434],[-0.245315664705673,51.4406037058681],[-0.245307057521358,51.4408283952793],[-0.244947534032859,51.4408230154576],[-0.244588010655862,51.4408176345338],[-0.244579399835103,51.4410423238469],[-0.244219874807184,51.4410369417768],[-0.244211262112363,51.441261631036],[-0.243851735433526,51.4412562478194],[-0.243492208866264,51.4412508635007],[-0.243500825086019,51.44102617433],[-0.243860349890815,51.4410315586044],[-0.243868964236469,51.4408068693797],[-0.244228487390391,51.4408122525078],[-0.244237099861987,51.4405875632292],[-0.243877578470487,51.4405821801453],[-0.243886192592873,51.4403574909012],[-0.244245712221973,51.4403628739408],[-0.24425432447035,51.4401381846428],[-0.244613842448616,51.4401435665361],[-0.24462245282303,51.4399188771841],[-0.244631063085863,51.4396941878224],[-0.244271548632289,51.4396888060174],[-0.243912034290252,51.4396834231104],[-0.243920647966126,51.4394587338274],[-0.244280160545853,51.4394641166902],[-0.244288772347817,51.4392394273532],[-0.244648283276793,51.4392448090697],[-0.245007794317281,51.4392501896842],[-0.245016402483114,51.4390255002491],[-0.245375911872822,51.4390308797172],[-0.245735421373995,51.4390362580833],[-0.245744025903783,51.4388115685501],[-0.246103533754146,51.43881694577],[-0.246112136410202,51.4385922561829],[-0.246471642609754,51.4385976322565],[-0.246831148920699,51.4386030072281],[-0.246839747940861,51.438378317543],[-0.247199252600964,51.4383836913683],[-0.247558757372413,51.4383890640916],[-0.247567352756767,51.4381643743085],[-0.247575948029736,51.4379396845157],[-0.247216446782643,51.4379343118807],[-0.246856945646892,51.4379289381436],[-0.246848346849591,51.4381536278482],[-0.246488844063041,51.4381482529649],[-0.24612934138788,51.4381428769796],[-0.24612073895478,51.4383675665861],[-0.245761234628847,51.4383621894546],[-0.245752630322065,51.4385868790072],[-0.245393124345367,51.4385815007295],[-0.245384518164858,51.4388061902282],[-0.245025010537396,51.4388008108043],[-0.244665503021421,51.4387954302782],[-0.244656893204894,51.4390201196788],[-0.244297384038183,51.4390147380065],[-0.243937874983006,51.4390093552322],[-0.243578366039384,51.4390039713557],[-0.243218857207341,51.4389985863772],[-0.243227474072825,51.4387738971535],[-0.242867967114619,51.4387685111171],[-0.242876585630653,51.4385438219279],[-0.243236090826648,51.43854920792],[-0.243244707468809,51.4383245186769],[-0.243253323999311,51.4380998294239],[-0.242893822327672,51.4380944435203],[-0.24290244050866,51.4378697543019],[-0.242911058577971,51.4376450650738],[-0.242919676535605,51.437420375836],[-0.242928294381565,51.4371956865885],[-0.242936912115852,51.4369709973312],[-0.243296404976999,51.4369763830136],[-0.243305020837585,51.4367516937024],[-0.242945529738468,51.4367463080642],[-0.242954147249416,51.4365216187875],[-0.242962764648698,51.4362969295011],[-0.242971381936314,51.4360722402049],[-0.243330867749478,51.4360776257104],[-0.243339483163492,51.4358529363603],[-0.243698967326291,51.4358583207196],[-0.244058451600643,51.4358637039769],[-0.244049839710512,51.4360883934155],[-0.244409325858336,51.4360937756151],[-0.244417935986522,51.4358690861323],[-0.244777420483909,51.4358744671858],[-0.245136905092779,51.4358798471373],[-0.245128298488487,51.4361045367085],[-0.245487784970769,51.4361099156022],[-0.245847271564489,51.436115293394],[-0.245838668372619,51.4363399830438],[-0.246198156839735,51.4363453597778],[-0.246557645418245,51.4363507354098],[-0.246549045638895,51.4365754251382],[-0.246540445748105,51.4368001148569],[-0.24689993796202,51.4368054894752],[-0.246891339721838,51.4370301792283],[-0.246882741370237,51.4372548689717],[-0.24724223721963,51.4372602425764],[-0.247233640518703,51.4374849323542],[-0.247225043706375,51.4377096221223],[-0.247584543191323,51.4377149947132],[-0.247944042787588,51.4377203662021],[-0.247935449388147,51.4379450560487],[-0.248294950857854,51.4379504264797],[-0.248654452438833,51.4379557958086],[-0.248663042313976,51.4377311058738],[-0.249022542244055,51.4377364740566],[-0.249382042285358,51.4377418411373],[-0.24939062852493,51.4375171511046],[-0.249750126915304,51.4375225170392],[-0.249758711281502,51.4372978269527],[-0.250118208020942,51.4373031917412],[-0.250477704871535,51.4373085554278],[-0.250486285602314,51.4370838652434],[-0.250845780801944,51.4370892277839],[-0.250854359659461,51.4368645375457],[-0.251213853208126,51.4368698989401],[-0.251222430192425,51.4366452086482],[-0.251581922183739,51.436650568966],[-0.251941416267037,51.4366559296513],[-0.252300910457557,51.4366612892318],[-0.252660404755278,51.4366666477074],[-0.252668974874716,51.4364419574479],[-0.252677544886916,51.4362172671816],[-0.253037035927295,51.4362226245827],[-0.25304560415003,51.4359979343246],[-0.253405093615334,51.436003290636],[-0.253396527074828,51.4362279808789],[-0.253387960427128,51.436452671115],[-0.253379393672233,51.4366773613442],[-0.253370826810141,51.4369020515665],[-0.253362259840849,51.4371267417819],[-0.253721757824656,51.4371320969128],[-0.253713192430504,51.4373567871062],[-0.253353692764357,51.4373514319905],[-0.253345125580662,51.4375761221921],[-0.252985624339295,51.4375707659867],[-0.252626123205093,51.4375654086764],[-0.25261755254943,51.4377900989014],[-0.252258049840034,51.4377847405014],[-0.252249477394719,51.4380094307346],[-0.251889973110134,51.4380040712449],[-0.25153046908976,51.4379987107667],[-0.25152189320075,51.4382234010444],[-0.251162388968219,51.4382180404878],[-0.251153811205866,51.4384427307117],[-0.250794305322219,51.438437369009],[-0.25043479954969,51.4384320062041]]]]}}