{"type":"Feature","properties":{"code":"E63002644","name":"Tamworth"},"geometry":{"type":"MultiPolygon","coordinates":[[[[-1.68580037423944,52.6054844840267],[-1.6854312211433,52.6054835084527],[-1.68506206806873,52.6054825317286],[-1.68506367979195,52.605257790738],[-1.68506529149354,52.6050330497382],[-1.68543444074597,52.6050340263219],[-1.68580359001997,52.6050350017557],[-1.68580198214049,52.6052597428958],[-1.68580037423944,52.6054844840267]]],[[[-1.68580037423944,52.6054844840267],[-1.6861695273571,52.6054854584509],[-1.68653868049628,52.6054864317251],[-1.68653707639586,52.6057111729872],[-1.68653547227392,52.6059359142402],[-1.6861663153125,52.6059349408257],[-1.68579715837259,52.6059339662613],[-1.68579555040681,52.6061587073649],[-1.68616470925787,52.6061596819994],[-1.68653386813045,52.606160655484],[-1.68690302702451,52.6061616278187],[-1.68690462925682,52.6059368865047],[-1.68727378626119,52.6059378576192],[-1.68727538656087,52.605713116226],[-1.68727698683907,52.6054883748236],[-1.68764614004263,52.605489344648],[-1.6880152932676,52.6054903133224],[-1.68838444651395,52.6054912808468],[-1.68838285196907,52.6057160224594],[-1.68838125740278,52.6059407640629],[-1.68801210033419,52.6059397963983],[-1.68764294328698,52.6059388275837],[-1.68764134487699,52.6061635690379],[-1.68801050383535,52.6061645379226],[-1.6883796628151,52.6061655056573],[-1.68874882181621,52.606166472242],[-1.68874722911832,52.6063912138974],[-1.68874563639905,52.6066159555436],[-1.6887440436584,52.6068406971807],[-1.68911320841447,52.6068416628256],[-1.68948237319186,52.6068426273205],[-1.68948078425235,52.6070673690886],[-1.68984995096228,52.6070683325036],[-1.68984836391274,52.6072930743326],[-1.68984677684189,52.6075178161525],[-1.68984518974975,52.6077425579633],[-1.6898436026363,52.607967299765],[-1.68984201550154,52.6081920415575],[-1.68984042834549,52.608416783341],[-1.68983884116813,52.6086415251153],[-1.68983725079245,52.60886626606],[-1.68983565903409,52.6090910066443],[-1.68983406725371,52.6093157472194],[-1.6898324754513,52.6095404877855],[-1.68983088362687,52.6097652283425],[-1.68982929178042,52.6099899688904],[-1.68982769991194,52.6102147094293],[-1.68982610802143,52.6104394499591],[-1.69019530404585,52.6104404132338],[-1.69019371412817,52.6106651538199],[-1.69019212418849,52.6108898943969],[-1.6901905342268,52.6111146349649],[-1.69018894424312,52.6113393755237],[-1.69055814826908,52.6113403379099],[-1.69055656025835,52.611565078525],[-1.69055497222565,52.6117898191311],[-1.69018576420976,52.6117888566142],[-1.69018417416007,52.6120135971458],[-1.69018258408838,52.6122383376683],[-1.69055179609432,52.6122393003161],[-1.69055020799569,52.6124640408949],[-1.69054861987508,52.6126887814647],[-1.69017940387899,52.6126878186862],[-1.69017781374129,52.6129125591815],[-1.69017622358159,52.6131372996677],[-1.69017463339989,52.6133620401448],[-1.69017304319617,52.6135867806129],[-1.69017145297046,52.6138115210719],[-1.69016986272274,52.6140362615218],[-1.69016827245301,52.6142610019626],[-1.69053750241542,52.614261965199],[-1.69053591411899,52.6144867056962],[-1.69053432580057,52.6147114461842],[-1.69053273746016,52.6149361866632],[-1.69053114909778,52.6151609271332],[-1.69052956071342,52.615385667594],[-1.69052797230707,52.6156104080458],[-1.69089721426361,52.6156113705242],[-1.69126645624209,52.6156123318522],[-1.69126487180467,52.6158370724256],[-1.69126328734531,52.6160618129901],[-1.6908940413759,52.6160608515313],[-1.69089245489911,52.6162855920212],[-1.69089086840036,52.6165103325021],[-1.69088928187966,52.6167350729739],[-1.69088769533699,52.6169598134366],[-1.69088610979274,52.617184553218],[-1.69088452480694,52.6174092926088],[-1.69088293979975,52.6176340319909],[-1.69051368005036,52.6176330690657],[-1.69014442032236,52.6176321049895],[-1.6901428314346,52.6178568443364],[-1.69014124252539,52.6180815836747],[-1.69013965359475,52.6183063230044],[-1.69013806464266,52.6185310623254],[-1.69013647566914,52.6187558016378],[-1.69013488667416,52.6189805409416],[-1.69013329765775,52.6192052802368],[-1.69013170861989,52.6194300195233],[-1.69013011956058,52.6196547588012],[-1.69012853047983,52.6198794980704],[-1.69012694137764,52.6201042373311],[-1.690125352254,52.6203289765831],[-1.69012376310891,52.6205537158264],[-1.69012217394238,52.6207784550612],[-1.6901205847544,52.6210031942873],[-1.68975129610132,52.6210022288607],[-1.68974970496192,52.6212269680649],[-1.68974811380105,52.6214517072605],[-1.68937882130946,52.6214507406562],[-1.68900952883934,52.6214497729008],[-1.68900793379696,52.6216745120611],[-1.68863863941831,52.6216735431413],[-1.68863704242436,52.6218982822796],[-1.68826774613719,52.6218973121954],[-1.68826614719162,52.6221220513118],[-1.68789684899594,52.622121080063],[-1.68752755082182,52.6221201076632],[-1.68715825266931,52.6221191341122],[-1.68678895453843,52.6221181594101],[-1.68679056120427,52.6218934203471],[-1.68679216784844,52.6216686812756],[-1.68716146211922,52.6216696559509],[-1.68716306681169,52.6214449168574],[-1.68716467148251,52.6212201777552],[-1.68679538107174,52.6212192031065],[-1.68642609068263,52.6212182273069],[-1.68642769919173,52.6209934882228],[-1.68605841075426,52.6209925112854],[-1.68568912233849,52.6209915331969],[-1.68568750996945,52.6212162722542],[-1.68531821964544,52.6212152930013],[-1.68531660532467,52.6214400320365],[-1.68531499098211,52.6216647710631],[-1.68531337661778,52.6218895100811],[-1.68531176223167,52.6221142490904],[-1.68531014782377,52.6223389880911],[-1.68567944779799,52.6223399674112],[-1.68604874779393,52.62234094558],[-1.68641804781158,52.6223419225978],[-1.68678734785091,52.6223428984644],[-1.6867857411417,52.6225676375101],[-1.68641643917226,52.6225666616301],[-1.68641483051124,52.6227914006537],[-1.68604552663333,52.6227904236092],[-1.68604391602043,52.6230151626109],[-1.68641322182851,52.6230161396688],[-1.68678252765827,52.6230171155756],[-1.68715183350968,52.6230180903312],[-1.68752113938271,52.6230190639356],[-1.68751953646887,52.6232438029821],[-1.6878888442937,52.6232447754488],[-1.68788724328845,52.6234695145001],[-1.68788564226159,52.6236942535427],[-1.68825495396847,52.6236952248849],[-1.6886242656969,52.6236961950758],[-1.68899357744687,52.6236971641156],[-1.68936288921833,52.6236981320042],[-1.68973220101126,52.6236990987416],[-1.69010151282565,52.6237000643278],[-1.69009992335883,52.6239248034418],[-1.69009833387055,52.6241495425471],[-1.69046764956694,52.6241505070087],[-1.69046606198754,52.6243752461187],[-1.69046447438671,52.6245999852201],[-1.69046288676445,52.6248247243128],[-1.69009356527701,52.6248237598113],[-1.69009197570293,52.6250484988822],[-1.69009038610739,52.6252732379444],[-1.68972106078054,52.625272272265],[-1.68935173547515,52.6252713054344],[-1.68898241019124,52.6252703374526],[-1.68861308492883,52.6252693683195],[-1.68861468224608,52.6250446293106],[-1.68861627954177,52.624819890293],[-1.68824695816172,52.6248189200353],[-1.68824535893562,52.6250436590396],[-1.68787603564673,52.6250426876173],[-1.6875067123794,52.6250417150438],[-1.68750510927088,52.6252664540127],[-1.68713578409474,52.6252654802745],[-1.68713417910285,52.6254902193351],[-1.68750350620442,52.6254911930853],[-1.68787283332751,52.6254921656842],[-1.68824216047208,52.6254931371318],[-1.68861148763812,52.6254941074281],[-1.68860989036753,52.6257188466217],[-1.68897921947479,52.6257198157757],[-1.68934854860346,52.6257207837784],[-1.68971787775352,52.6257217506297],[-1.68971628622091,52.6259464898418],[-1.68971469466691,52.6261712290453],[-1.68971310309152,52.6263959682402],[-1.68971151149474,52.6266207074265],[-1.68970991987657,52.6268454466042],[-1.68970832823702,52.6270701857734],[-1.68970673657607,52.6272949249339],[-1.68970514489373,52.6275196640858],[-1.69007448942438,52.6275206298578],[-1.69007289964066,52.6277453690101],[-1.68970355319,52.6277444032292],[-1.68970196146488,52.627969142364],[-1.69007130983559,52.6279701081539],[-1.69006972000914,52.6281948472891],[-1.69006813016133,52.6284195864156],[-1.69006654029215,52.6286443255336],[-1.6900649504016,52.628869064643],[-1.68969559435046,52.6288680988171],[-1.68969400251838,52.6290928379089],[-1.6896924106649,52.6293175769921],[-1.68932305079476,52.6293166099968],[-1.68895369094602,52.62931564185],[-1.68895209523071,52.6295403809066],[-1.68858273348316,52.6295394115993],[-1.68821337175706,52.6295384411406],[-1.68821177217981,52.6297631801706],[-1.68821017258107,52.629987919192],[-1.68820857296083,52.6302126582048],[-1.68783920549539,52.6302116865674],[-1.68784080703592,52.6299869475637],[-1.68747144151227,52.6299859747839],[-1.68710207601014,52.6299850008526],[-1.68673271052955,52.6299840257699],[-1.68673110322813,52.6302087647465],[-1.68636173584882,52.6302077885031],[-1.68636334507054,52.6299830495356],[-1.68636495427062,52.6297583105595],[-1.68599559075347,52.6297573331828],[-1.68599397963312,52.6299820721499],[-1.68562461421732,52.6299810936126],[-1.68562622725794,52.6297563546547],[-1.68525686378406,52.6297553749751],[-1.68488750033185,52.629754394144],[-1.6848858834507,52.6299791330837],[-1.68451650182636,52.6299781489172],[-1.68451488298792,52.6302028878302],[-1.68414549448771,52.6302019018289],[-1.68414387381053,52.6304266407289],[-1.68414225311248,52.6306513796203],[-1.68451164524848,52.6306523656306],[-1.68451002634749,52.630877104518],[-1.68487941570883,52.6308780887567],[-1.68524878876262,52.6308790696334],[-1.68524717369323,52.6311038085393],[-1.68561654868909,52.6311047882735],[-1.68561493551842,52.6313295271799],[-1.68598431245635,52.6313305057717],[-1.68598270118445,52.6315552446786],[-1.68598108989089,52.6317799835769],[-1.68561170911204,52.6317790049669],[-1.68561009587634,52.6320037438475],[-1.68524071319865,52.6320027640769],[-1.68523909802075,52.6322275029398],[-1.68486971344422,52.6322265220085],[-1.68450031250363,52.6322255376628],[-1.68449869345666,52.6324502764903],[-1.68449707438885,52.6326750153093],[-1.68449545530018,52.6328997541197],[-1.68412604498374,52.6328987680645],[-1.68412442405604,52.6331235068619],[-1.68375501194227,52.6331225196505],[-1.68375338917549,52.6333472584349],[-1.68338397526439,52.6333462700673],[-1.68338235065848,52.6335710088386],[-1.6833807265694,52.6337957474977],[-1.6830113090695,52.6337947579762],[-1.68300968403351,52.6340194964807],[-1.68300805897729,52.6342442349768],[-1.68263863802666,52.6342432443226],[-1.68263701121473,52.6344679828199],[-1.68226758854883,52.6344669910234],[-1.68226595998114,52.6346917295218],[-1.68189653559995,52.6346907365831],[-1.68152711123902,52.6346897424926],[-1.68152547917999,52.6349144810017],[-1.6811560531038,52.6349134857688],[-1.68115441928889,52.635138224279],[-1.68078499149745,52.6351372279038],[-1.68078335592661,52.6353619664152],[-1.68041392641991,52.6353609688977],[-1.68041228909311,52.6355857074101],[-1.68004285787115,52.6355847087502],[-1.68004121878833,52.6358094472638],[-1.67967178585111,52.6358084474615],[-1.67967014501223,52.6360331859761],[-1.67930071035975,52.6360321850315],[-1.67929906776476,52.6362569235472],[-1.6792974251493,52.6364816620545],[-1.67892798704587,52.6364806599769],[-1.67892634267424,52.6367053984852],[-1.67892469828212,52.6369301369851],[-1.67892305386951,52.6371548754766],[-1.67892140943642,52.6373796139597],[-1.6785519644104,52.6373786107682],[-1.67855031822101,52.6376033492523],[-1.67818087147965,52.6376023449183],[-1.67781142475877,52.6376013394322],[-1.6774419780584,52.6376003327943],[-1.67707253137856,52.6375993250043],[-1.67670308471927,52.6375983160624],[-1.67670142983019,52.6378230545854],[-1.67633198145564,52.6378220445009],[-1.6759625331017,52.6378210332645],[-1.67559308476838,52.6378200208761],[-1.67559474486498,52.6375952823248],[-1.67522529828814,52.637594268775],[-1.67485585173197,52.6375932540732],[-1.67485751527948,52.6373685154948],[-1.67448807047981,52.6373674996317],[-1.67411862570086,52.6373664826166],[-1.67412029269921,52.637141744011],[-1.67375084967677,52.6371407258345],[-1.6733814066751,52.6371397065062],[-1.6730119636942,52.6371386860259],[-1.67301363587905,52.6369139473838],[-1.67264419465472,52.6369129257421],[-1.67264586855444,52.6366881870823],[-1.67301530804303,52.6366892087332],[-1.67301698018616,52.6364644700743],[-1.67301865230843,52.6362397314069],[-1.67338808834642,52.6362407519246],[-1.67338975871216,52.6360160132581],[-1.67339142905706,52.6357912745832],[-1.67302199649039,52.6357902540468],[-1.67302366855008,52.6355655153542],[-1.67265423773983,52.6355644936566],[-1.6722848069504,52.6355634708071],[-1.67191537618182,52.6355624468057],[-1.67191369891526,52.6357871855263],[-1.67154426643193,52.6357861603823],[-1.67117483396949,52.6357851340865],[-1.67117315321072,52.6360098728173],[-1.67080371903355,52.6360088453788],[-1.67043428487731,52.6360078167884],[-1.67043260062624,52.6362325555294],[-1.6700631647553,52.6362315257963],[-1.66969372890534,52.6362304949114],[-1.66932429307639,52.6362294628746],[-1.66932260359722,52.6364542016349],[-1.66932091409696,52.6366789403868],[-1.66969035339731,52.6366799724051],[-1.66968866561169,52.6369047111393],[-1.67005810666878,52.6369057419965],[-1.67005642059785,52.637130480713],[-1.67042586341168,52.6371315104089],[-1.67079530624648,52.6371325389529],[-1.67079362362607,52.6373572776425],[-1.67116306821759,52.6373583050253],[-1.67153251283002,52.637359331256],[-1.67153083366022,52.6375840699186],[-1.67190028002936,52.6375850949881],[-1.67226972641937,52.6375861189057],[-1.67263917283024,52.6375871416712],[-1.67263749884697,52.6378118802974],[-1.67300694701449,52.6378129019017],[-1.6730052747462,52.6380376405101],[-1.67263582484283,52.6380366189151],[-1.67226637496028,52.6380355961682],[-1.67189692509858,52.6380345722693],[-1.67152747525775,52.6380335472184],[-1.67115802543782,52.6380325210155],[-1.67078857563881,52.6380314936606],[-1.67041912586073,52.6380304651538],[-1.67041744142043,52.6382552038189],[-1.67004798992745,52.6382541741693],[-1.67004967610362,52.6380294354949],[-1.6696802263675,52.638028404684],[-1.66931077665239,52.6380273727212],[-1.6689413269583,52.6380263396064],[-1.66857187728527,52.6380253053395],[-1.66857018416559,52.6382500440509],[-1.66820073277776,52.6382490086413],[-1.66820242763332,52.6380242699207],[-1.66783300464773,52.6380232355961],[-1.6678347011584,52.6377984968571],[-1.66783639764682,52.6375737581095],[-1.66746698463475,52.6375727231714],[-1.66709757164488,52.6375716870815],[-1.66672815867725,52.6375706498397],[-1.66635874573188,52.6375696114462],[-1.66598933280879,52.6375685719007],[-1.66561991990801,52.6375675312035],[-1.66525050702956,52.6375664893544],[-1.66524879758607,52.6377912280617],[-1.66487938287925,52.637790185055],[-1.66487767156258,52.638014923748],[-1.66487596022347,52.6382396624324],[-1.66450654183751,52.6382386182622],[-1.66450482862514,52.6384633569323],[-1.66413540841079,52.6384623116044],[-1.66376598821887,52.6384612651247],[-1.66339656804941,52.6384602174932],[-1.66339484926211,52.6386849561372],[-1.6630254272643,52.6386839073479],[-1.662656005289,52.6386828574067],[-1.66265772777794,52.6384581187744],[-1.66265945024429,52.6382333801335],[-1.66229003199313,52.6382323290522],[-1.66228830767599,52.6384570676872],[-1.66191888759659,52.6384560154481],[-1.66154946753977,52.6384549620572],[-1.66118004750554,52.6384539075144],[-1.66081062749395,52.6384528518197],[-1.660441207505,52.6384517949732],[-1.66007178753873,52.6384507369748],[-1.65970236759516,52.6384496778245],[-1.65933294767431,52.6384486175224],[-1.65933120852801,52.6386733561016],[-1.65896178677909,52.6386722946416],[-1.65896352777621,52.6384475560683],[-1.65859410790088,52.6384464934624],[-1.65859236505295,52.6386712320298],[-1.6582229433496,52.6386701682661],[-1.65785352166908,52.6386691033505],[-1.6578517750966,52.6388938418974],[-1.65822119862796,52.6388949068189],[-1.65859062218215,52.6388959705886],[-1.65896004575913,52.6388970332064],[-1.65932946935889,52.6388980946723],[-1.65969889298139,52.6388991549863],[-1.66006831662662,52.6389002141485],[-1.66043774029455,52.6389012721587],[-1.66080716398516,52.638902329017],[-1.66117658769841,52.6389033847235],[-1.6615460114343,52.6389044392781],[-1.66154428334755,52.6391291778757],[-1.6619137089569,52.6391302312842],[-1.66191198269837,52.6393549698792],[-1.66191025641719,52.6395797084655],[-1.66227968575093,52.6395807607339],[-1.66227796129804,52.6398054993176],[-1.66227623682253,52.6400302378927],[-1.66227451232439,52.6402549764592],[-1.66190507743775,52.6402539241732],[-1.66190335106596,52.6404786627253],[-1.66153391435089,52.6404776092815],[-1.66116447765842,52.6404765546857],[-1.66116620773223,52.6402518161454],[-1.66079677291341,52.6402507604035],[-1.66042733811723,52.6402497035097],[-1.66042907187033,52.6400249649726],[-1.66005963894782,52.6400239069328],[-1.65969020604802,52.6400228477411],[-1.65969194348029,52.6397981092072],[-1.65932251245417,52.6397970488695],[-1.65895308145081,52.6397959873798],[-1.65895482256216,52.6395712488493],[-1.65858539343251,52.6395701862136],[-1.65858713637193,52.6393454476805],[-1.65821770911599,52.6393443838989],[-1.65784828188287,52.6393433189654],[-1.6574788546726,52.63934225288],[-1.65747710618045,52.6395669913952],[-1.65710767714214,52.6395659241519],[-1.65710942748521,52.6393411856427],[-1.6571111778053,52.6391164471249],[-1.65748060314181,52.6391175143562],[-1.65748235158808,52.6388927758239],[-1.65711292810243,52.6388917085986],[-1.65674350463968,52.6388906402213],[-1.65637408119985,52.6388895706922],[-1.65600465778296,52.6388885000112],[-1.65563523438904,52.6388874281783],[-1.65563347668847,52.6391121666806],[-1.65526405146668,52.6391110936898],[-1.65489462626791,52.6391100195471],[-1.65452520109218,52.6391089442524],[-1.65415577593952,52.6391078678059],[-1.65415754104354,52.6388831293279],[-1.65415930612438,52.6386583908412],[-1.65378988469651,52.638657313255],[-1.65378811776483,52.6388820517355],[-1.65341869450923,52.6388809729913],[-1.65304927127678,52.6388798930952],[-1.65267984806748,52.6388788120472],[-1.65231042488138,52.6388777298474],[-1.65230865052307,52.639102468295],[-1.65193922550933,52.6391013849371],[-1.65193744927685,52.6393261233701],[-1.65156802243546,52.6393250388542],[-1.65119859609007,52.6393239532559],[-1.65082916994428,52.6393228665317],[-1.65045974382218,52.6393217786556],[-1.6500903177238,52.6393206896277],[-1.64972089164916,52.6393195994479],[-1.64935146559829,52.6393185081162],[-1.64898203957122,52.6393174156327],[-1.64861261356797,52.6393163219973],[-1.64824318758856,52.63931522721],[-1.64787376163302,52.6393141312709],[-1.64787555860473,52.6390893929474],[-1.64750613456332,52.639088295867],[-1.64750793340125,52.6388635575454],[-1.64787735555246,52.6388646546153],[-1.64787915247621,52.6386399162746],[-1.647880949376,52.6384151779253],[-1.64751153100514,52.6384140808765],[-1.64751332977109,52.6381893425292],[-1.64751512851304,52.6379646041732],[-1.64714571394634,52.6379635059937],[-1.64714751455438,52.6377387676397],[-1.6471493151384,52.637514029277],[-1.6471511156984,52.6372892909058],[-1.64752052459493,52.6372903890536],[-1.64788993351537,52.6372914860497],[-1.64788813673544,52.637516224442],[-1.6482575475698,52.6375173202968],[-1.64862695842804,52.6375184149998],[-1.6486287514279,52.6372936765864],[-1.64863054440385,52.6370689381644],[-1.64899995150588,52.6370700316946],[-1.64900174256793,52.6368452932535],[-1.64900353360608,52.6366205548037],[-1.64900532462034,52.6363958163454],[-1.6493747260763,52.6363969086923],[-1.64937651517676,52.6361721702148],[-1.64974591476661,52.6361732613995],[-1.65011531438022,52.6361743514324],[-1.65048471401756,52.6361754403136],[-1.65085411367863,52.6361765280431],[-1.65122351336338,52.6361776146208],[-1.65122529299054,52.6359528760824],[-1.65159469123534,52.635953961553],[-1.65159646896864,52.6357292229978],[-1.65196586619889,52.6357303074156],[-1.65233526345237,52.6357313906817],[-1.65270466072905,52.635732472796],[-1.65270643288756,52.6355077342138],[-1.65233703746136,52.6355066521056],[-1.65196764205837,52.6355055688457],[-1.65196941789454,52.6352808302672],[-1.65160002436524,52.6352797458616],[-1.65123063172957,52.6352786604153],[-1.65123241126177,52.6350539218424],[-1.65123419077023,52.6348291832609],[-1.65086480242442,52.634828096746],[-1.6504954141023,52.6348270090793],[-1.65049719736649,52.6346022705102],[-1.65012781095782,52.6346011817024],[-1.65012602580389,52.634825920261],[-1.64975663752922,52.634824830291],[-1.64975485046172,52.6350495688306],[-1.64938546032105,52.6350484776985],[-1.64938367133992,52.635273216219],[-1.64901427933325,52.6352721239246],[-1.6486448873504,52.6352710304785],[-1.64864309456578,52.6354957689694],[-1.64827370071696,52.6354946743611],[-1.64790430689199,52.6354935786011],[-1.64790610345622,52.6352688401314],[-1.64753671154495,52.6352677432302],[-1.64716731965759,52.6352666451774],[-1.64716551931375,52.6354913836261],[-1.64716371894589,52.6357161220662],[-1.64679432330283,52.6357150228405],[-1.6467925210211,52.6359397612615],[-1.64716191855401,52.6359408604977],[-1.64716011813812,52.6361655989205],[-1.64715831769821,52.6363903373348],[-1.64752771903486,52.6363914354404],[-1.64752592046087,52.6366161738566],[-1.64789532371136,52.636617270821],[-1.64789352700333,52.6368420092392],[-1.64789173027134,52.6370667476487],[-1.6475223232409,52.6370656506632],[-1.64715291623438,52.637064552526],[-1.6467835092518,52.6370634532369],[-1.64678170682582,52.6372881916062],[-1.6464122979772,52.6372870911548],[-1.64604288915257,52.6372859895517],[-1.64604469535857,52.6370612512036],[-1.64567528844796,52.6370601484592],[-1.6453058815614,52.6370590445631],[-1.64530407157538,52.6372837828901],[-1.64493466282288,52.6372826778316],[-1.64456525409446,52.6372815716213],[-1.64419584539017,52.6372804642593],[-1.64419766104619,52.6370557259643],[-1.64382825425604,52.6370546174611],[-1.64345884749005,52.6370535078062],[-1.64345702805402,52.6372782460799],[-1.64308761942222,52.6372771352626],[-1.64271821081464,52.6372760232935],[-1.6423488022313,52.6372749101726],[-1.64197939367222,52.6372737958999],[-1.64160998513744,52.6372726804755],[-1.64124057662697,52.6372715638993],[-1.64087116814084,52.6372704461713],[-1.64087300080689,52.6370457079723],[-1.64050359423513,52.6370445891033],[-1.64013418768776,52.6370434690825],[-1.63976478116481,52.6370423479099],[-1.6393953746663,52.6370412255856],[-1.6393972148678,52.636816487421],[-1.63939905504476,52.6365917492477],[-1.63940089519717,52.6363670110659],[-1.63940273532504,52.6361422728754],[-1.63940457542836,52.6359175346764],[-1.63977397247726,52.635918656947],[-1.63977581066619,52.6356939187285],[-1.63977764883061,52.6354691805015],[-1.63977948697051,52.6352444422659],[-1.6397813250859,52.6350197040217],[-1.63978316317677,52.6347949657688],[-1.63978500124312,52.6345702275074],[-1.63978683928496,52.6343454892373],[-1.64015622312988,52.634346610281],[-1.64015805925753,52.6341218719916],[-1.64015989536069,52.6338971336935],[-1.64016173138641,52.6336723955066],[-1.64053110958971,52.6336735153582],[-1.64053294341394,52.6334487777902],[-1.64090231975994,52.6334498964503],[-1.64090415167821,52.6332251588334],[-1.64127352616692,52.6332262763021],[-1.64127535617928,52.6330015386362],[-1.64127718616731,52.6327768009613],[-1.64164655691718,52.6327779171986],[-1.64164838499938,52.6325531794747],[-1.64201775389197,52.6325542945206],[-1.64201958006838,52.6323295567478],[-1.6423889471037,52.6323306706024],[-1.64239077137438,52.6321059327806],[-1.6423925956208,52.63188119495],[-1.64239441984297,52.6316564571104],[-1.64239624404088,52.6314317192619],[-1.64239806821454,52.6312069814046],[-1.64239989236395,52.6309822435383],[-1.6424017164891,52.6307575056632],[-1.64240354059,52.6305327677791],[-1.64240536466665,52.6303080298861],[-1.64240718871904,52.6300832919843],[-1.64240901274719,52.6298585540735],[-1.64203966640649,52.6298574406596],[-1.64204149229156,52.62963270278],[-1.64204331815236,52.6294079648915],[-1.64167397559819,52.6294068504065],[-1.64130463306824,52.6294057347704],[-1.64130646266702,52.6291809969532],[-1.64093712204244,52.629179880206],[-1.640938953498,52.6289551424199],[-1.6405696147788,52.6289540245617],[-1.64057144809109,52.6287292868068],[-1.64020211127725,52.6287281678375],[-1.64020394644622,52.6285034301138],[-1.64020578159079,52.6282786923812],[-1.64020761671096,52.6280539546397],[-1.64020945180673,52.6278292168893],[-1.64021128687811,52.6276044791299],[-1.63984195949361,52.6276033592101],[-1.63984379642151,52.627378621482],[-1.639845633325,52.627153883745],[-1.63947630972667,52.6271527627543],[-1.63947814848661,52.6269280250485],[-1.63947998722211,52.6267032873338],[-1.63911066740987,52.6267021652723],[-1.63874134762202,52.6267010420598],[-1.63837202785858,52.6266999176963],[-1.63837387221211,52.6264751800931],[-1.63800455435394,52.6264740546186],[-1.63763523652023,52.6264729279932],[-1.63763708461084,52.6262481904614],[-1.63726776868242,52.6262470627251],[-1.6368984527785,52.6262459338377],[-1.6369003046061,52.6260211963774],[-1.63690215640908,52.6257964589081],[-1.63690400818744,52.6255717214299],[-1.63653469795031,52.6255705915122],[-1.63653655155357,52.6253458541659],[-1.63616724322085,52.6253447231407],[-1.63616909846797,52.6251199865152],[-1.6361709536904,52.6248952498808],[-1.63580164914963,52.6248941177751],[-1.635803506231,52.624669381167],[-1.63617280888813,52.6246705132375],[-1.63654211156988,52.624671644157],[-1.63654025825578,52.6248963808355],[-1.63690956284575,52.6248975106392],[-1.63727886746028,52.624898639292],[-1.63727701788883,52.625123376032],[-1.63764632441156,52.6251245035689],[-1.6380156309588,52.6251256299549],[-1.63801378513009,52.6253503667564],[-1.63838309358551,52.6253514920265],[-1.63838124938106,52.6255762295912],[-1.63875055974062,52.625577353754],[-1.63874871736589,52.625802091433],[-1.63874687496666,52.626026829103],[-1.63874503254294,52.6262515667642],[-1.63911434856916,52.6262526898964],[-1.63911618911211,52.6260279521952],[-1.63948550328194,52.6260290741363],[-1.63985481747614,52.6260301949264],[-1.64022413169468,52.6260313145655],[-1.64059344593753,52.6260324330535],[-1.64096276020467,52.6260335503906],[-1.64133207449607,52.6260346665767],[-1.64170138881171,52.6260357816118],[-1.64170321616491,52.6258110436209],[-1.64207252862401,52.6258121574649],[-1.64207435407219,52.6255874194251],[-1.64244366467474,52.625588532078],[-1.64281297530146,52.6255896435799],[-1.64318228595232,52.6255907539309],[-1.64318046614633,52.6258154920908],[-1.64354977870203,52.6258166013308],[-1.64391909128182,52.6258177094198],[-1.64391727521316,52.6260424476508],[-1.64428658969777,52.6260435546288],[-1.64428477548574,52.626268292891],[-1.64428296124959,52.6264930311442],[-1.64391364300339,52.6264919240863],[-1.64391182686229,52.6267166622906],[-1.64391001069704,52.6269414004861],[-1.64390819450765,52.6271661386727],[-1.64427751839642,52.6271672458507],[-1.64427570406379,52.6273919840683],[-1.64427388970704,52.6276167222771],[-1.64427207532617,52.627841460477],[-1.64464140488178,52.6278425666239],[-1.64501073446141,52.6278436716197],[-1.64538006406503,52.6278447754645],[-1.64574939369262,52.6278458781581],[-1.64574758681156,52.628070616509],[-1.64611691834407,52.6280717180915],[-1.64611872334416,52.6278469797006],[-1.64612052832024,52.6276222413008],[-1.64612233327232,52.6273975028922],[-1.64575300738268,52.6273964014296],[-1.64575481419168,52.627171663052],[-1.64575662097666,52.6269469246655],[-1.64575842773761,52.6267221862701],[-1.64538910751457,52.6267210837763],[-1.64539091613233,52.6264963454119],[-1.64502159781409,52.6264952418071],[-1.64502340828862,52.6262705034738],[-1.64502521873908,52.6260457651317],[-1.64502702916548,52.6258210267806],[-1.64539634184137,52.6258221302656],[-1.64539815036296,52.6255973918656],[-1.64539995885841,52.6253726534629],[-1.6457692677984,52.6253737557124],[-1.64613857676128,52.6253748568138],[-1.6461403811499,52.6251501192374],[-1.64614218551343,52.6249253816551],[-1.64614398985295,52.624700644064],[-1.64577468654,52.6246995430705],[-1.64577649273911,52.6244748055055],[-1.64577829891417,52.6242500679316],[-1.64578010506519,52.6240253303489],[-1.64541080742699,52.6240242283094],[-1.6454126154375,52.6237994907529],[-1.64541442342395,52.6235747531875],[-1.64541623138632,52.6233500156132],[-1.64541803932463,52.6231252780301],[-1.64541984723887,52.6229005404382],[-1.64542165512904,52.6226758028374],[-1.64542346299515,52.6224510652278],[-1.64542527083718,52.6222263276093],[-1.64505598829061,52.6222252246988],[-1.64505779799193,52.6220004871065],[-1.64505960766915,52.6217757495053],[-1.64506141732228,52.6215510118953],[-1.64506322695132,52.6213262742764],[-1.64506503655627,52.6211015366487],[-1.64506684613713,52.6208767990121],[-1.64469757491425,52.6208756951607],[-1.6443283037154,52.6208745901585],[-1.64395903254062,52.6208734840055],[-1.64358976138991,52.6208723767016],[-1.64322049026331,52.6208712682469],[-1.64322230923604,52.6206465307766],[-1.64285304001677,52.620645421206],[-1.64248377082165,52.6206443104847],[-1.64211450165071,52.6206431986125],[-1.64211632624872,52.6204184612385],[-1.64174705898516,52.6204173482506],[-1.64137779174582,52.6204162341118],[-1.64137962008583,52.6201914967992],[-1.64101035475389,52.6201903815447],[-1.64064108944623,52.6201892651393],[-1.64027182416288,52.6201881475832],[-1.63990255890385,52.6201870288763],[-1.6399007230313,52.6204117660485],[-1.63953145591349,52.6204106461556],[-1.63916218882007,52.6204095251119],[-1.63879292175105,52.6204084029173],[-1.63842365470647,52.620407279572],[-1.63805438768633,52.6204061550758],[-1.63805623297457,52.6201814180794],[-1.63768696786205,52.6201802924676],[-1.63731770277404,52.620179165705],[-1.63694843771056,52.6201780377916],[-1.63657917267163,52.6201769087274],[-1.63658102546774,52.6199521718629],[-1.6362117623365,52.6199510416831],[-1.63621361699104,52.6197263048449],[-1.63621547162088,52.619501567998],[-1.63621732622604,52.6192768311421],[-1.63621918080652,52.6190520942774],[-1.63622103536231,52.6188273574039],[-1.63622288989341,52.6186026205215],[-1.63659214172653,52.61860375049],[-1.63659399435002,52.6183790135635],[-1.63659584694885,52.6181542766282],[-1.63659769952302,52.617929539684],[-1.63659955207254,52.6177048027309],[-1.6366014045974,52.617480065769],[-1.63697064704067,52.6174811944107],[-1.63697249765806,52.6172564574048],[-1.63697434824334,52.6170317204097],[-1.63697619864806,52.6168069838185],[-1.63734543546852,52.6168081112131],[-1.6377146723135,52.616809237457],[-1.63808390918298,52.6168103625501],[-1.63845314607693,52.6168114864924],[-1.63882238299532,52.6168126092839],[-1.63919161993814,52.6168137309247],[-1.63918978082902,52.6170384676613],[-1.63955901967884,52.6170395881755],[-1.63992825855303,52.6170407075389],[-1.63993009389693,52.6168159707539],[-1.63993192921641,52.6165912339601],[-1.6395626941074,52.6165901146451],[-1.63919345902277,52.6165889941793],[-1.63919529808293,52.6163642574252],[-1.63882606490524,52.6163631358328],[-1.63845683175198,52.6163620130897],[-1.63808759862316,52.6163608891958],[-1.63808944330642,52.6161361525056],[-1.63845867455271,52.6161372763753],[-1.63846051732892,52.6159125396521],[-1.63882974671715,52.6159136623467],[-1.63883158758635,52.6156889255906],[-1.63920081511652,52.6156900471103],[-1.63920265407877,52.6154653103212],[-1.63920449301654,52.6152405735233],[-1.63957371680622,52.6152416938439],[-1.63957555383711,52.6150169570131],[-1.63957739084355,52.6147922201736],[-1.63994661089282,52.6147933392951],[-1.63994844599245,52.6145686024226],[-1.63995028106766,52.6143438655414],[-1.63995211611844,52.6141191286515],[-1.63958290171616,52.6141180096025],[-1.6395847386248,52.613893272728],[-1.63958657550899,52.6136685358447],[-1.63921736489561,52.6136674156935],[-1.63884815430663,52.6136662943916],[-1.63884999493083,52.613441557548],[-1.63921920363759,52.6134426788256],[-1.63922104235509,52.6132179419491],[-1.63922288104812,52.6129932050638],[-1.63959208601488,52.6129943251424],[-1.63959392280128,52.6127695882242],[-1.63922471971667,52.6127684681697],[-1.63885551665645,52.6127673469646],[-1.63885735718267,52.612542610086],[-1.63885919768438,52.6123178731987],[-1.63922839698037,52.6123189943554],[-1.63923023557552,52.6120942574351],[-1.63923207414619,52.6118695205061],[-1.63923391269239,52.6116447835683],[-1.63923575121413,52.6114200466218],[-1.6392375897114,52.6111953096665],[-1.63960677962162,52.6111964295516],[-1.63960861621246,52.6109716925634],[-1.63961045277886,52.6107469555665],[-1.63997963894956,52.6107480742527],[-1.6403488251446,52.6107491917884],[-1.64035065792274,52.6105244547344],[-1.64071984226018,52.6105255710954],[-1.6410890266219,52.6105266863058],[-1.64145821100789,52.6105278003658],[-1.6418273954181,52.6105289132753],[-1.64219657985253,52.6105300250342],[-1.64256576431114,52.6105311356426],[-1.6425675857736,52.610306398435],[-1.64256940721182,52.6100816612186],[-1.64220022651695,52.6100805506584],[-1.64183104584626,52.6100794389477],[-1.64146186519978,52.6100783260866],[-1.64109268457754,52.6100772120749],[-1.64072350397956,52.6100760969127],[-1.64035432340586,52.6100749806],[-1.63998514285647,52.6100738631369],[-1.63961596233141,52.6100727445232],[-1.63961779880005,52.6098480074913],[-1.63961963524424,52.6096232704506],[-1.63962147166399,52.6093985334012],[-1.6396233080593,52.609173796343],[-1.63962514443018,52.6089490592761],[-1.63999431554633,52.6089501777689],[-1.63999615001106,52.608725440669],[-1.63999798854048,52.6085007042554],[-1.63962882093268,52.608499585766],[-1.63963066133409,52.6082748493685],[-1.63926149533296,52.6082737297002],[-1.63926333729816,52.6080489932666],[-1.63889417290371,52.6080478724194],[-1.6385250085307,52.6080467504212],[-1.63815584417915,52.6080456272721],[-1.63815399745818,52.6082703637896],[-1.63815215071566,52.6084951002987],[-1.63778298321507,52.6084939760546],[-1.63778483154287,52.6082692395175],[-1.63778667984909,52.6080445029721],[-1.63741751554053,52.6080433775212],[-1.63741566564905,52.6082681140944],[-1.63704649977676,52.6082669875204],[-1.63704835125349,52.6080422509193],[-1.63705020270861,52.60781751431],[-1.63741936541041,52.6078186409397],[-1.6374212152587,52.6075939043501],[-1.6374230650854,52.6073691677522],[-1.6374249148905,52.6071444311461],[-1.63779407285826,52.6071455567086],[-1.63779592105663,52.6069208201222],[-1.63779776923342,52.6066960835276],[-1.63816692405242,52.6066972079951],[-1.63816877062254,52.6064724714201],[-1.63817061717112,52.6062477348369],[-1.63853976884141,52.6062488582093],[-1.63854161378338,52.6060241216458],[-1.63891076389008,52.6060252438953],[-1.63891260722549,52.6058005073515],[-1.6389144505394,52.6055757707995],[-1.63928359749749,52.605576891954],[-1.6392854392049,52.6053521554217],[-1.63928728089083,52.6051274188812],[-1.63965642470037,52.6051285389407],[-1.63965458459941,52.6053532754533],[-1.64002373001532,52.6053543943341],[-1.64002556853131,52.6051296578494],[-1.64039471238362,52.6051307756073],[-1.64039654929322,52.6049060391425],[-1.64039838618141,52.6046813026693],[-1.6407675268852,52.6046824193324],[-1.64113666761033,52.6046835348446],[-1.64113850130729,52.6044587984192],[-1.64114033498288,52.6042340619856],[-1.64150947255953,52.604235176403],[-1.64187861015747,52.6042362896697],[-1.64224774777669,52.6042374017855],[-1.64224591885576,52.6044621381351],[-1.64224408991352,52.6046868744765],[-1.64261323072378,52.6046879853856],[-1.64261505808111,52.6044632490722],[-1.64261688541716,52.6042385127506],[-1.64298602307886,52.6042396225649],[-1.64335516076178,52.6042407312284],[-1.64372429846588,52.6042418387412],[-1.64372612102605,52.6040171024954],[-1.64409525716647,52.6040182088855],[-1.64409707812058,52.6037934726596],[-1.6440988990535,52.6035687364255],[-1.64446803204539,52.6035698417208],[-1.64483716505842,52.6035709458655],[-1.64483898280055,52.6033462096793],[-1.64520811424988,52.6033473127013],[-1.64520993038608,52.6031225765349],[-1.64557906027172,52.6031236784342],[-1.64558087480204,52.6028989422877],[-1.64595000312399,52.6029000430644],[-1.64595181604846,52.6026753069378],[-1.64632094280673,52.6026764065919],[-1.64632275412541,52.6024516704851],[-1.64669187931998,52.6024527690166],[-1.64669368903291,52.6022280329297],[-1.6470628126638,52.6022291303387],[-1.64706462077101,52.6020043942717],[-1.64743374283821,52.6020054905581],[-1.64743554933976,52.601780754511],[-1.64780466984328,52.6017818496748],[-1.64780647473921,52.6015571136477],[-1.64817559367904,52.601558207689],[-1.6481773969694,52.6013334716818],[-1.64854651434554,52.6013345646006],[-1.64854831603036,52.6011098286133],[-1.64891743184283,52.6011109204096],[-1.64891923192216,52.6008861844423],[-1.64928834617094,52.6008872751162],[-1.64928654767618,52.6011120110553],[-1.64965566353039,52.6011131005504],[-1.64965386659933,52.6013378364532],[-1.65002298405896,52.6013389247694],[-1.65002118869165,52.6015636606358],[-1.65039030775672,52.6015647477732],[-1.6503885139532,52.6017894836031],[-1.6507576346237,52.6017905695616],[-1.65075584238402,52.6020153053551],[-1.65075405012354,52.6022400411403],[-1.65112317398415,52.6022411258917],[-1.65149229949427,52.6022422096746],[-1.65149051027219,52.6024669453849],[-1.65185965830751,52.6024680303594],[-1.65185787063878,52.6026927660619],[-1.65185608294941,52.602917501756],[-1.65222523415337,52.6029185855817],[-1.65222344801741,52.603143321268],[-1.652592600816,52.6031444039441],[-1.65296175363517,52.6031454854697],[-1.65295997062674,52.6033702211491],[-1.65332912504053,52.6033713015251],[-1.65332734358561,52.6035960371967],[-1.65369649959402,52.603597116423],[-1.65369471969266,52.6038218520869],[-1.6540638772957,52.6038229301635],[-1.65406209894795,52.6040476658196],[-1.65443125814562,52.6040487427465],[-1.65442948135152,52.6042734783948],[-1.65479864214381,52.604274554172],[-1.65479686690341,52.6044992898125],[-1.65516602929033,52.6045003644399],[-1.6555351916977,52.6045014379168],[-1.65590435412548,52.6045025102432],[-1.65627351657366,52.6045035814191],[-1.65627174760958,52.604728317054],[-1.65664091165234,52.60472938708],[-1.6566391442421,52.6049541227071],[-1.65700830987944,52.6049551915834],[-1.65700654402309,52.6051799272026],[-1.65700477814642,52.6054046628134],[-1.6573739469526,52.6054057305405],[-1.65737218262989,52.6056304661433],[-1.65774135303066,52.6056315327206],[-1.65773959026195,52.6058562683156],[-1.65810876225733,52.6058573337429],[-1.658477934273,52.6058583980197],[-1.65847617463266,52.6060831336075],[-1.65884534824291,52.6060841967344],[-1.65884359015668,52.6063089323143],[-1.65884183205022,52.6065336678857],[-1.65921100882944,52.6065347298633],[-1.65958018562887,52.6065357906903],[-1.65994936244851,52.6065368503667],[-1.65994760904502,52.6067615859314],[-1.65994585562138,52.6069863214876],[-1.66031503561001,52.6069873800146],[-1.66031328374065,52.607212115563],[-1.66031153185115,52.6074368511028],[-1.66068071500884,52.6074379084803],[-1.66104989818667,52.6074389647073],[-1.66141908138462,52.6074400197837],[-1.66178826460268,52.6074410737094],[-1.66178651899098,52.607665809243],[-1.6621557038036,52.6076668620187],[-1.66215744784081,52.6074421264846],[-1.662159191858,52.6072173909419],[-1.66179001019433,52.6072163381673],[-1.66179175576593,52.6069916026167],[-1.66179350131749,52.6067668670576],[-1.66142432282275,52.6067658131336],[-1.66142606992866,52.6065410775665],[-1.66105689302842,52.6065400224924],[-1.66105864168864,52.6063152869174],[-1.66068946638289,52.6063142306933],[-1.66032029109729,52.6063131733186],[-1.66032204288612,52.6060884377363],[-1.65995286919503,52.6060873792116],[-1.65995462253806,52.6058626436214],[-1.65958545044147,52.6058615839468],[-1.65958720533865,52.6056368483486],[-1.65958896021566,52.6054121127419],[-1.65921979128787,52.605411051918],[-1.65922154771897,52.6051863163034],[-1.65885238038566,52.6051852543295],[-1.6588541383708,52.604960518707],[-1.65885589633572,52.604735783076],[-1.65848673217111,52.604734719953],[-1.65811756802676,52.6047336556794],[-1.65811932911986,52.6045089200411],[-1.65812109019271,52.6042841843944],[-1.65812285124529,52.6040594487391],[-1.65775369184374,52.604058383317],[-1.6577554544502,52.6038336476538],[-1.65738629664308,52.6038325810819],[-1.65738806080336,52.6036078454109],[-1.65738982494334,52.6033831097314],[-1.65739158906302,52.6031583740434],[-1.65776074214788,52.6031594406133],[-1.65776250467321,52.6029347049162],[-1.65776426717827,52.6027099692104],[-1.65776602966304,52.6024852334962],[-1.65739688130025,52.6024841669282],[-1.65739864533873,52.6022594312062],[-1.65702949857023,52.6022583634885],[-1.65703126416236,52.6020336277585],[-1.65666211898815,52.6020325588911],[-1.6566638861339,52.6018078231533],[-1.65629474255398,52.6018067531362],[-1.65629651125329,52.6015820173906],[-1.65592736926766,52.6015809462238],[-1.6559291395205,52.6013562104704],[-1.65555999912915,52.6013551381539],[-1.65556177093547,52.6011304023927],[-1.65556354272139,52.600905666623],[-1.65593267996502,52.6009067389381],[-1.6559344501567,52.6006820031591],[-1.65630358584691,52.6006830743232],[-1.6563053544444,52.600458338535],[-1.655936220328,52.6004572673717],[-1.65556708623199,52.600456195058],[-1.6551979521564,52.600455121594],[-1.65482881810124,52.6004540469797],[-1.65482704320853,52.600678782765],[-1.65445790760002,52.6006777069996],[-1.65408877201199,52.6006766300839],[-1.65409055005229,52.6004518943001],[-1.65409233544857,52.6002271589524],[-1.65372320346876,52.6002260809521],[-1.65372499466213,52.6000013459081],[-1.65372678582943,52.5997766108547],[-1.65335765817403,52.599775531888],[-1.65335945146438,52.5995507969168],[-1.65336124472863,52.5993260619362],[-1.65299212139755,52.5993249820032],[-1.65299391678476,52.5991002471047],[-1.65299571214585,52.5988755121968],[-1.65262659313902,52.5988744312976],[-1.65262839062298,52.5986496964719],[-1.65263018808081,52.5984249616368],[-1.65226107339813,52.5984238797712],[-1.65189195874168,52.5984227967563],[-1.65189376047123,52.598198062095],[-1.65189556217458,52.5979733274242],[-1.65226467253318,52.597974410256],[-1.65226647206146,52.5977496754842],[-1.65263558029742,52.5977507570751],[-1.65263737765068,52.5975260222024],[-1.65263917497779,52.5973012873204],[-1.65300827894228,52.5973023675788],[-1.65337738293295,52.5973034466879],[-1.65337917593633,52.5970787116134],[-1.65374827780435,52.5970797894817],[-1.65411737969848,52.5970808662006],[-1.65411916837824,52.5968561309337],[-1.65448826814968,52.5968572064118],[-1.65485736794718,52.5968582807407],[-1.65522646777072,52.5968593539202],[-1.65522824997822,52.5966346183694],[-1.65559734767901,52.5966356903081],[-1.65596644540576,52.5966367610976],[-1.65596466749574,52.5968614968314],[-1.65596288955984,52.5970862325558],[-1.65596111159804,52.5973109682708],[-1.65633021579705,52.5973120381854],[-1.65669932002198,52.5973131069506],[-1.65670109368617,52.5970883710527],[-1.65670286732454,52.5968636351454],[-1.65670464093707,52.5966388992287],[-1.65707373874156,52.5966399665702],[-1.6574428365719,52.5966410327625],[-1.65744106725686,52.5968657688621],[-1.65781016726178,52.5968668339965],[-1.65817926729249,52.5968678979816],[-1.65854836734897,52.5968689608173],[-1.65854660445447,52.5970936971818],[-1.65891570668546,52.5970947589596],[-1.65928480894216,52.5970958195881],[-1.65965391122454,52.5970968790673],[-1.65965215475076,52.5973216156965],[-1.6600212592076,52.5973226741178],[-1.66001950485704,52.597547410829],[-1.66001775048089,52.5977721475308],[-1.66038685926104,52.5977732049855],[-1.66038861148833,52.5975484681922],[-1.66039036369006,52.5973237313897],[-1.66075946819811,52.5973247875122],[-1.66112857273173,52.5973258424854],[-1.66112682482767,52.5975505794707],[-1.66149593153566,52.5975516333859],[-1.66186503826916,52.5975526861517],[-1.66186329463731,52.5977774233103],[-1.66223240354515,52.5977784750181],[-1.66260151247844,52.5977795255765],[-1.66297062143714,52.5977805749855],[-1.66333973042125,52.5977816232452],[-1.66333799535951,52.5980063607596],[-1.66370710651787,52.5980074079612],[-1.66407621770156,52.5980084540134],[-1.66444532891056,52.5980094989162],[-1.66481444014483,52.5980105426697],[-1.66481616661099,52.5977858047902],[-1.66518527572161,52.597786847303],[-1.66518355140435,52.5980115852737],[-1.66555266268909,52.5980126267284],[-1.66592177399901,52.5980136670337],[-1.6662908853341,52.5980147061895],[-1.66665999669432,52.598015744196],[-1.66702910807965,52.5980167810531],[-1.66702739448179,52.5982415194705],[-1.66739650804111,52.5982425552694],[-1.66739821949004,52.5980178167608],[-1.66739993091394,52.5977930782429],[-1.66776904020048,52.59779411271],[-1.66776733092548,52.5980188513191],[-1.66776562162548,52.5982435899189],[-1.66813473515935,52.5982446233979],[-1.66813644226648,52.5980198846952],[-1.6685055444666,52.5980209144014],[-1.66887464669284,52.5980219429581],[-1.66924374894515,52.5980229703654],[-1.66924204865921,52.5982477093312],[-1.66961115321131,52.5982487356767],[-1.66998025778942,52.5982497608728],[-1.67034936239352,52.5982507849194],[-1.67034766890283,52.5984755241388],[-1.67034597538619,52.5987002633489],[-1.67034428184358,52.5989250025496],[-1.67034258827501,52.5991497417411],[-1.67034089468048,52.5993744809232],[-1.67033920105998,52.599599220096],[-1.67033750741353,52.5998239592595],[-1.67033581374111,52.6000486984136],[-1.67033412004272,52.6002734375585],[-1.67070324513771,52.6002744612444],[-1.67070493656209,52.6000497220119],[-1.67107405940901,52.6000507444606],[-1.67107237025862,52.6002754837808],[-1.67144149540543,52.6002765051676],[-1.67144318228182,52.6000517657598],[-1.67144486913234,52.5998270263428],[-1.67181398975705,52.5998280464049],[-1.67218311040759,52.5998290653174],[-1.67255223108394,52.5998300830804],[-1.67255391108675,52.5996053433913],[-1.67292302951493,52.5996063599172],[-1.67292135178606,52.5998310996939],[-1.67329047251392,52.5998321151579],[-1.6736595932675,52.5998331294724],[-1.67366126644849,52.5996083895205],[-1.67329214796885,52.5996073752936],[-1.67329382339805,52.59938263542],[-1.67329549880152,52.5991578955371],[-1.67366461273335,52.5991589095888],[-1.67366628583723,52.598934169609],[-1.67403539752088,52.5989351824238],[-1.67403706832523,52.5987104423471],[-1.67440617776071,52.5987114539248],[-1.67440784626558,52.5984867137513],[-1.67477695345287,52.598487724092],[-1.67477861965834,52.5982629838217],[-1.67514772459744,52.5982639929254],[-1.6755168295621,52.5982650008796],[-1.67588593455228,52.5982660076843],[-1.67588427516813,52.5984907482172],[-1.67625338245757,52.5984917539599],[-1.67662248977247,52.5984927585532],[-1.67699159711281,52.598493761997],[-1.67699324967564,52.5982690212018],[-1.6773623547676,52.5982700234086],[-1.67773145988492,52.598271024466],[-1.67810056502759,52.5982720243739],[-1.67846967019556,52.5982730231323],[-1.67846802672783,52.5984977642774],[-1.67846638323478,52.5987225054132],[-1.6784647397164,52.5989472465397],[-1.67846309617269,52.5991719876569],[-1.67809398190945,52.5991709885488],[-1.67809233606652,52.5993957295692],[-1.67846145260366,52.5993967287648],[-1.67845980900931,52.5996214698635],[-1.67809069019825,52.5996204705804],[-1.67808904430462,52.5998452115823],[-1.67845816538962,52.5998462109528],[-1.67845652174461,52.6000709520328],[-1.67808739838563,52.6000699525749],[-1.67808575244128,52.6002946935582],[-1.67845487807427,52.6002956931035],[-1.67845322847118,52.600520432917],[-1.67845157550721,52.6007451720165],[-1.67882070576586,52.6007461706275],[-1.67882235639879,52.6005214314107],[-1.67882400373254,52.6002966914993],[-1.67919312941606,52.6002976887456],[-1.6795622551248,52.6002986848423],[-1.67993138085873,52.6002996797894],[-1.68030050661781,52.6003006735869],[-1.68066963240201,52.6003016662349],[-1.68103875821131,52.6003026577333],[-1.68103712450523,52.6005273982377],[-1.68140625261281,52.6005283886863],[-1.68177538074598,52.6005293779855],[-1.68214450890469,52.6005303661355],[-1.68214613578946,52.6003056253311],[-1.68177700990507,52.6003046372814],[-1.68177863310932,52.6000798954241],[-1.68140950952394,52.6000789063122],[-1.68141113497711,52.599854164533],[-1.68141276040518,52.5996294227445],[-1.68104364139276,52.5996284326577],[-1.68104526906967,52.5994036909473],[-1.68104689672144,52.5991789492276],[-1.6810485243481,52.5989542074986],[-1.68067941218243,52.5989532165244],[-1.6806810420578,52.5987284748735],[-1.68031193219105,52.5987274828372],[-1.67994282234943,52.5987264896514],[-1.67957371253296,52.5987254953161],[-1.67920460274167,52.5987244998313],[-1.6788354929756,52.598723503197],[-1.67883713419485,52.5984987619738],[-1.6788387753888,52.5982740207413],[-1.67884041655746,52.5980492794995],[-1.67884205770082,52.5978245382484],[-1.67884369881889,52.5975997969879],[-1.67884533991167,52.5973750557182],[-1.67884698097915,52.5971503144393],[-1.67884862202134,52.596925573151],[-1.67921771359777,52.596926569086],[-1.6792193523411,52.596701827701],[-1.67922099105915,52.5964770863067],[-1.67922262975195,52.5962523449031],[-1.67922426841948,52.5960276034902],[-1.67959335092701,52.5960285979262],[-1.67959498729582,52.5958038564166],[-1.6795966236394,52.5955791148977],[-1.67959825995775,52.5953543733696],[-1.67959989625086,52.5951296318321],[-1.67960153251875,52.5949048902854],[-1.67997060368444,52.594905883135],[-1.67997223765378,52.5946811414916],[-1.67997387159792,52.5944563998389],[-1.67997550551686,52.5942316581769],[-1.6799771394106,52.5940069165056],[-1.68034620150835,52.5940079078564],[-1.68034783310369,52.5937831660884],[-1.68034946467386,52.5935584243112],[-1.68071852225035,52.593559414338],[-1.6807201515222,52.5933346724641],[-1.68072178076892,52.5931099305809],[-1.68109083382423,52.5931109192836],[-1.68109246077272,52.5928861773038],[-1.6810940876961,52.5926614353147],[-1.68146313623032,52.5926624226935],[-1.68183218478956,52.5926634089231],[-1.68183380714178,52.59243866675],[-1.68220285345297,52.592439651743],[-1.68257189978912,52.5924406355867],[-1.6829409461502,52.5924416182811],[-1.68330999253616,52.5924425998264],[-1.68367903894699,52.5924435802223],[-1.68404808538265,52.592444559469],[-1.68441713184311,52.5924455375665],[-1.68478617832834,52.5924465145147],[-1.68515522200954,52.5924474897777],[-1.68515682425762,52.5922227468638],[-1.6855258660037,52.5922237209317],[-1.68589490777095,52.59222469385],[-1.68589330926791,52.5924494368228],[-1.68552426562814,52.5924484638751],[-1.68552266523132,52.5926732068097],[-1.68552106481326,52.5928979497355],[-1.68551946437393,52.5931226926526],[-1.68551786391335,52.5933474355609],[-1.68551626343151,52.5935721784604],[-1.68551466292842,52.5937969213511],[-1.68514560807418,52.5937959470771],[-1.68514400567713,52.5940206899296],[-1.6851424032588,52.5942454327733],[-1.6851408008192,52.5944701756083],[-1.6851391983583,52.5946949184345],[-1.68550826070348,52.5946958928263],[-1.6855098612916,52.5944711499707],[-1.68551146185846,52.5942464071063],[-1.6858805204793,52.5942473802894],[-1.68588211915218,52.5940226373867],[-1.68625117592145,52.5940236093906],[-1.68662023271183,52.5940245802446],[-1.68661863778439,52.594249323206],[-1.68661704283576,52.5944740661587],[-1.68698610339271,52.5944750359217],[-1.6869876964686,52.5942502929396],[-1.68735675517388,52.5942512615233],[-1.68772581390022,52.5942522289572],[-1.68809487264758,52.5942531952412],[-1.68809646008414,52.5940284521621],[-1.68846551697978,52.594029417267],[-1.6888345738964,52.5940303812219],[-1.68883299020528,52.5942551243597],[-1.68883140649313,52.5944798674887],[-1.68882982275995,52.5947046106089],[-1.68919888531576,52.594705573502],[-1.68919730343434,52.5949303166428],[-1.68919572153191,52.5951550597749],[-1.68882665523048,52.595154096823],[-1.68882507143419,52.5953788399169],[-1.68919413960847,52.5953798028981],[-1.68919255766401,52.5956045460126],[-1.68882348761686,52.595603583002],[-1.6888219037785,52.5958283260784],[-1.6888203199191,52.596053069146],[-1.68881873603866,52.5962778122048],[-1.68881715213719,52.5965025552549],[-1.68881556821468,52.5967272982962],[-1.68881398427113,52.5969520413287],[-1.68918306555603,52.5969530045154],[-1.68918148346449,52.5971777475685],[-1.68881240030654,52.5971767843525],[-1.68881081632091,52.5974015273674],[-1.68917990135194,52.5974024906128],[-1.68917831921836,52.5976272336484],[-1.68917673706378,52.5978519766752],[-1.68880764828654,52.5978510133711],[-1.68843855953026,52.597850048917],[-1.68843697360836,52.5980747918763],[-1.68843538766541,52.5982995348268],[-1.68843380170139,52.5985242777686],[-1.6884322157163,52.5987490207016],[-1.68880131196531,52.5987499852732],[-1.6887997278324,52.5989747282268],[-1.68843062971014,52.5989737636258],[-1.68842904368292,52.5991985065413],[-1.68842745763463,52.599423249448],[-1.68842587156528,52.5996479923459],[-1.68842428547485,52.599872735235],[-1.68842269936336,52.6000974781154],[-1.6884211132308,52.600322220987],[-1.68879022259304,52.6003231857642],[-1.68878863231759,52.600547927894],[-1.68878704015397,52.6007726697774],[-1.68841792701372,52.6007717048743],[-1.68841633291815,52.6009964466785],[-1.68841473880119,52.6012211884736],[-1.68841314466284,52.6014459302596],[-1.68804402581213,52.6014449639965],[-1.68767490698279,52.6014439965837],[-1.68730578817486,52.6014430280211],[-1.68693666938836,52.6014420583087],[-1.6865675506233,52.6014410874465],[-1.68619843187973,52.6014401154345],[-1.68582931315766,52.6014391422728],[-1.68546019445712,52.6014381679613],[-1.68545858501215,52.6016629091773],[-1.68545697554558,52.6018876503842],[-1.68508785304526,52.6018866747826],[-1.68508946442251,52.6016619336458],[-1.68472033979372,52.6016609563675],[-1.68435119980152,52.6016599756772],[-1.68434958400737,52.6018847166041],[-1.68434796818785,52.6021094575214],[-1.68434635234295,52.6023341984292],[-1.68397720538242,52.6023332162381],[-1.68397558718088,52.6025579570192],[-1.68397396895393,52.6027826977908],[-1.68434312057706,52.6027836802162],[-1.68434150465605,52.6030084210953],[-1.68433988870967,52.603233161965],[-1.68433827273793,52.603457902825],[-1.6843366567408,52.6036826436756],[-1.68433504071831,52.6039073845165],[-1.68433342467044,52.604132125348],[-1.6843318085972,52.6043568661699],[-1.68396264065408,52.6043558829245],[-1.68396102222392,52.6045806236197],[-1.68395940376835,52.6048053643054],[-1.68395778528738,52.6050301049815],[-1.68395616678101,52.6052548456481],[-1.6835869895369,52.6052538607846],[-1.68358536867345,52.6054786013245],[-1.68395454824922,52.6054795863051],[-1.68432372785037,52.6054805701362],[-1.68432211162487,52.6057053109009],[-1.68469129358305,52.6057062936996],[-1.68506045632388,52.6057072727102],[-1.68542961130956,52.6057082495043],[-1.6857987663168,52.6057092251486],[-1.68580037423944,52.6054844840267]]],[[[-1.64787376163302,52.6393141312709],[-1.64787196463735,52.6395388695858],[-1.6478701676177,52.6397636078921],[-1.64823959735378,52.6397647038523],[-1.64860902711373,52.6397657986606],[-1.64897845689753,52.639766892317],[-1.64934788670515,52.6397679848216],[-1.64934609722276,52.6399927231613],[-1.64934430771651,52.6402174614925],[-1.64934251818637,52.6404421998151],[-1.64897308270775,52.640441107279],[-1.64897487412824,52.6402163689669],[-1.6486054405638,52.6402152752895],[-1.64860723385073,52.6399905369793],[-1.64823780220047,52.6399894421605],[-1.6482360070232,52.6402141804601],[-1.64823421182199,52.6404389187511],[-1.64823241659683,52.6406636570335],[-1.64786297929936,52.6406625610312],[-1.64749354202579,52.6406614638769],[-1.64712410477614,52.6406603655707],[-1.64712590567246,52.64043562732],[-1.64712770654474,52.6402108890606],[-1.64675827309978,52.6402097896237],[-1.64676007583838,52.6399850513663],[-1.64639064430772,52.639983950788],[-1.64639244891258,52.6397592125326],[-1.64639425349336,52.6395344742685],[-1.64639605805007,52.6393097359959],[-1.64676548390988,52.6393108365424],[-1.64713490979366,52.6393119359371],[-1.64750433570138,52.6393130341799],[-1.64787376163302,52.6393141312709]]],[[[-1.6392375897114,52.6111953096665],[-1.63886839982556,52.6111941886308],[-1.63849920996413,52.6111930664446],[-1.63813002012713,52.6111919431078],[-1.6377608303146,52.6111908186205],[-1.63739164052655,52.6111896929827],[-1.63702245076301,52.6111885661943],[-1.63665326102401,52.6111874382553],[-1.63628407130957,52.6111863091658],[-1.63628592483799,52.6109615723957],[-1.63628777834175,52.6107368356168],[-1.63628963182084,52.6105120988291],[-1.63629148527527,52.6102873620327],[-1.63666066746205,52.6102884910252],[-1.63702984967339,52.6102896188671],[-1.63739903190927,52.6102907455585],[-1.63776821416966,52.6102918710994],[-1.63813739645453,52.6102929954898],[-1.63850657876385,52.6102941187297],[-1.63887576109761,52.6102952408191],[-1.63924494345578,52.610296361758],[-1.63924310505639,52.6105210987482],[-1.63924126663253,52.6107458357297],[-1.63923942818419,52.6109705727025],[-1.6392375897114,52.6111953096665]]],[[[-1.64520993038608,52.6031225765349],[-1.64484080052152,52.6031214734848],[-1.64484261822135,52.6028967372821],[-1.64447348996266,52.6028956330533],[-1.64447530922608,52.6026708968143],[-1.64410618257325,52.6026697914067],[-1.64410800340021,52.6024450551314],[-1.64373887835325,52.6024439485451],[-1.64336975332745,52.602442840808],[-1.6433715773026,52.6022181044684],[-1.64374070074371,52.6022192122335],[-1.64410982420598,52.602220318848],[-1.64411164499056,52.6019955825562],[-1.64448076688931,52.6019966880481],[-1.64484988880919,52.6019977923892],[-1.64485170640328,52.6017730561454],[-1.64485352397623,52.6015483198933],[-1.64522264274795,52.6015494231399],[-1.64522445871514,52.6013246869078],[-1.64522627466122,52.6010999506674],[-1.64559539028483,52.6011010528195],[-1.64559720462522,52.6008763165989],[-1.64559901894451,52.6006515803701],[-1.64596813142009,52.6006526814278],[-1.64596994413376,52.6004279452189],[-1.64633905504586,52.600429045154],[-1.64634087601039,52.6002043098793],[-1.646709985425,52.6002054086929],[-1.64707909485902,52.6002065063559],[-1.64707727693312,52.6004312415724],[-1.64744638790823,52.6004323380558],[-1.64781549890431,52.6004334333884],[-1.64781369411323,52.6006581694567],[-1.64818280671476,52.6006592636107],[-1.64818100348725,52.6008839996426],[-1.6481792002388,52.6011087356663],[-1.6481773969694,52.6013334716818],[-1.64780827961417,52.6013323776123],[-1.64780647473921,52.6015571136477],[-1.64743735582032,52.6015560184557],[-1.64743554933976,52.601780754511],[-1.64706642885721,52.6017796581965],[-1.64706462077101,52.6020043942717],[-1.64669549872479,52.6020032968346],[-1.64669368903291,52.6022280329297],[-1.64632456542302,52.6022269343701],[-1.64632275412541,52.6024516704851],[-1.64595362895185,52.6024505708029],[-1.64595181604846,52.6026753069378],[-1.64558268931125,52.602674206133],[-1.64558087480204,52.6028989422877],[-1.64521174650115,52.6028978403603],[-1.64520993038608,52.6031225765349]]],[[[-1.65670464093707,52.5966388992287],[-1.65633554315846,52.5966378307378],[-1.65633731889387,52.5964130949031],[-1.65596822328989,52.5964120253544],[-1.65597000114813,52.5961872896019],[-1.65560090771878,52.5961862189953],[-1.65560268769979,52.5959614833249],[-1.65523359644507,52.5959604116605],[-1.6552353785488,52.5957356760721],[-1.6548662894687,52.59573460335],[-1.65486807369509,52.5955098678437],[-1.65523716062658,52.5955109404744],[-1.65560624758406,52.5955120119557],[-1.65597533456751,52.5955130822879],[-1.6559771123222,52.5952883464978],[-1.65634619718301,52.5952894155892],[-1.65671528206973,52.5952904835314],[-1.65708436698233,52.5952915503244],[-1.65708259567338,52.5955162863888],[-1.65708082433862,52.5957410224439],[-1.65707905297807,52.5959657584895],[-1.6570772815917,52.5961904945258],[-1.65707551017953,52.5964152305527],[-1.65670641452376,52.5964141633026],[-1.65670464093707,52.5966388992287]]],[[[-1.66776904020048,52.59779411271],[-1.66777074945047,52.5975693740915],[-1.66777245867545,52.5973446354636],[-1.66814156343109,52.5973456685311],[-1.66851065881018,52.5973466979742],[-1.66850895405509,52.5975714367926],[-1.6685072492739,52.5977961756016],[-1.66813814934748,52.5977951459831],[-1.66776904020048,52.59779411271]]],[[[-1.64077303266663,52.6040082099476],[-1.64077486788433,52.6037834734696],[-1.64077670308063,52.6035587369833],[-1.64114583588144,52.6035598526355],[-1.64151496870357,52.6035609671368],[-1.6415131366769,52.6037857035671],[-1.64151130462889,52.6040104399892],[-1.6411421686371,52.6040093255438],[-1.64077303266663,52.6040082099476]]],[[[-1.64565539806524,52.6395322696987],[-1.6456535897039,52.6397570079415],[-1.64602301929623,52.639758110813],[-1.64602121280107,52.6399828490578],[-1.6460194062818,52.6402075872941],[-1.64564997290883,52.6402064844014],[-1.64528053955991,52.6402053803569],[-1.64528234985983,52.6399806421418],[-1.64528416013561,52.6397559039182],[-1.64528597038723,52.6395311656859],[-1.64565539806524,52.6395322696987]]],[[[-1.6552552533631,52.6402347860426],[-1.65525349367309,52.6404595244874],[-1.65488405736865,52.6404584503085],[-1.65488581890966,52.6402337118696],[-1.65488758042755,52.6400089734222],[-1.65451814784813,52.6400078981034],[-1.65451991119386,52.6397831596535],[-1.65452167451644,52.639558421195],[-1.65452343781589,52.639333682728],[-1.6548928648425,52.6393347580287],[-1.65526229189215,52.6393358321775],[-1.65526053229453,52.6395605706566],[-1.65525877267381,52.6397853091271],[-1.65525701303,52.6400100475891],[-1.6552552533631,52.6402347860426]]],[[[-1.65673474366978,52.6400143327374],[-1.65673299140681,52.6402390712149],[-1.65673123912085,52.6404638096839],[-1.65636180272446,52.6404627401127],[-1.65599236635103,52.6404616693896],[-1.65599412233901,52.6402369309326],[-1.65562468783956,52.6402358590636],[-1.65562644565548,52.6400111206041],[-1.65562820344833,52.6397863821361],[-1.65562996121811,52.6395616436595],[-1.65599939016469,52.6395627155104],[-1.65636881913424,52.6395637862095],[-1.65636706506632,52.6397885246981],[-1.65636531097539,52.6400132631782],[-1.65673474366978,52.6400143327374]]],[[[-1.72623829162398,52.6325538376878],[-1.72660766199202,52.6325546875549],[-1.72660626026361,52.6327794278183],[-1.72660485851659,52.6330041680731],[-1.72660345675097,52.6332289083191],[-1.7262340807218,52.6332280583829],[-1.72623267705047,52.6334527985973],[-1.7262312733605,52.6336775388029],[-1.72622986967326,52.6339022785193],[-1.72622846597029,52.6341270181595],[-1.72585908238767,52.634126167012],[-1.72548969882376,52.6341253147128],[-1.72549110632609,52.6339005750864],[-1.72512172468061,52.6338997216424],[-1.72475234305391,52.6338988670468],[-1.724382961446,52.6338980112995],[-1.72401357985692,52.6338971544005],[-1.72364419828668,52.6338962963499],[-1.72327481673532,52.6338954371475],[-1.72327623560514,52.6336706974895],[-1.72290685597006,52.6336698371434],[-1.72290543520285,52.6338945767935],[-1.72290401440276,52.6341193163715],[-1.72253463098954,52.6341184548588],[-1.72216524759527,52.6341175921945],[-1.72216667219472,52.6338928526305],[-1.7217972907191,52.6338919888215],[-1.72142790926248,52.6338911238608],[-1.72142933761826,52.6336663842436],[-1.72105995807756,52.6336655181398],[-1.72069057855581,52.6336646508845],[-1.72032119905304,52.6336637824776],[-1.71995181956926,52.6336629129192],[-1.71958244010451,52.6336620422092],[-1.7195838777626,52.6334373024197],[-1.71921450020401,52.6334364305814],[-1.71884512266451,52.6334355575916],[-1.71884656407768,52.6332108178397],[-1.71884800547172,52.6329860780791],[-1.71847863172547,52.6329852039843],[-1.71848007498742,52.6327604642382],[-1.71811070313418,52.6327595890049],[-1.71774133102838,52.6327587124111],[-1.71737195894187,52.6327578346657],[-1.71737340787382,52.6325330949557],[-1.71700403770684,52.6325322160693],[-1.71663466755919,52.6325313360312],[-1.7162652974309,52.6325304548416],[-1.71626675204415,52.6323057151549],[-1.716268206638,52.6320809754596],[-1.71626966121243,52.6318562357557],[-1.71590029680407,52.6318553534464],[-1.71590175325923,52.6316306137445],[-1.71553239077041,52.6316297302943],[-1.71516302830102,52.6316288456925],[-1.71516448853696,52.6314041060034],[-1.71516594875341,52.6311793663056],[-1.71479659010367,52.6311784805736],[-1.71479805220069,52.6309537408778],[-1.71479951427821,52.6307290011735],[-1.71480097633622,52.6305042614606],[-1.71443162340605,52.6305033746091],[-1.71406227049539,52.6305024866061],[-1.71406373633385,52.6302777469059],[-1.71406520215276,52.6300530071971],[-1.71369585306156,52.630052118064],[-1.71369732076084,52.6298273783573],[-1.71369878844053,52.629602638642],[-1.71332944316873,52.6296017483789],[-1.71333091272872,52.6293770086656],[-1.71296156937637,52.6293761172617],[-1.71259222604363,52.6293752247063],[-1.71222288273051,52.6293743309995],[-1.71185353943704,52.6293734361412],[-1.71148419616325,52.6293725401315],[-1.71111485290916,52.6293716429703],[-1.71111337194989,52.6295963826191],[-1.71074402681564,52.6295954842957],[-1.71037468170115,52.6295945848208],[-1.7103731969223,52.6298193244394],[-1.7107425439367,52.6298202239251],[-1.71074106103797,52.6300449635459],[-1.71037171212365,52.6300440640495],[-1.71037022730518,52.630268803651],[-1.71000087651068,52.6302679029923],[-1.7100023632291,52.6300431634016],[-1.70963301435435,52.6300422616022],[-1.70963450295287,52.6298175220137],[-1.70926515599788,52.6298166190736],[-1.70926366549944,52.6300413586513],[-1.70889431666437,52.630040454549],[-1.70852496784918,52.6300395492951],[-1.70852347353095,52.6302642888426],[-1.70815412283571,52.6302633824264],[-1.70778477216041,52.6302624748588],[-1.70778627027855,52.630037735333],[-1.70741692152315,52.6300368266247],[-1.70704757278773,52.630035916765],[-1.70667822407231,52.6300350057537],[-1.70630887537693,52.630034093591],[-1.70631038107479,52.6298093541001],[-1.70594103429939,52.6298084407968],[-1.7059395267016,52.6300331802768],[-1.70557017804634,52.6300322658112],[-1.7052008294112,52.630031350194],[-1.70483148079618,52.6300304334254],[-1.70483299409375,52.629805693978],[-1.70446364739881,52.6298047760689],[-1.70446516257608,52.6295800366238],[-1.70446667773315,52.6293552971702],[-1.70446819287,52.629130557708],[-1.70446970798663,52.6289058182372],[-1.70447122308306,52.6286810787578],[-1.70410188590754,52.6286801597518],[-1.70373254875223,52.6286792395944],[-1.70336321161715,52.6286783182855],[-1.70336473239269,52.6284535788303],[-1.70299539717763,52.628452656381],[-1.70299387450233,52.6286773958253],[-1.70262453740778,52.6286764722136],[-1.70262301281236,52.6289012116383],[-1.70262148819661,52.6291259510543],[-1.70299082909078,52.6291268746879],[-1.70298930635454,52.6293516141064],[-1.70335864916883,52.6293525365995],[-1.70335712831215,52.6295772760203],[-1.70298778359798,52.6295763535162],[-1.70298626082112,52.6298010929174],[-1.70261691422733,52.6298001692509],[-1.70224756765385,52.6297992444329],[-1.70187822110071,52.6297983184634],[-1.70150887456792,52.6297973913425],[-1.70151040494437,52.6295726519852],[-1.70114104476243,52.6295717220702],[-1.70077168232156,52.6295707907615],[-1.70077321658966,52.6293460514213],[-1.70040385608962,52.6293451189699],[-1.70003449561022,52.629344185367],[-1.70003295750166,52.6295689246899],[-1.70003141937242,52.6297936640041],[-1.69966205507318,52.6297927292323],[-1.69929269079462,52.629791793309],[-1.69892332653676,52.6297908562343],[-1.69892178262599,52.6300155955137],[-1.69855241646858,52.6300146572787],[-1.69818305033193,52.6300137178921],[-1.69818459808326,52.6297889786303],[-1.69781523388767,52.6297880381011],[-1.69744586971288,52.6297870964204],[-1.697444318121,52.6300118356646],[-1.69744276650825,52.6302365749003],[-1.69744121487463,52.6304613141274],[-1.69743966322015,52.630686053346],[-1.69780903507621,52.6306869950618],[-1.69780748532125,52.6309117342806],[-1.69780593554545,52.6311364734907],[-1.69780438574881,52.6313612126923],[-1.69743500813154,52.63136027095],[-1.6970656305351,52.6313593280562],[-1.69706407687671,52.6315840672316],[-1.6974334563936,52.6315850101342],[-1.69780283593133,52.6315859518852],[-1.69780128609301,52.6318106910696],[-1.69817066757203,52.6318116316779],[-1.69816911963337,52.6320363708625],[-1.69853850305369,52.632037310328],[-1.69890788649476,52.6320382486419],[-1.69927726995656,52.6320391858042],[-1.69964665343907,52.632040121815],[-1.69964511316174,52.632264861026],[-1.70001449858547,52.632265795894],[-1.70038388402986,52.6322667296103],[-1.70038234757293,52.6324914688302],[-1.70038081109534,52.6327162080415],[-1.70037927459708,52.6329409472443],[-1.70074866582386,52.6329418798352],[-1.7007502004015,52.6327171406237],[-1.70075173495851,52.6324924014037],[-1.70112112236469,52.6324933328256],[-1.70149050845805,52.6324942629585],[-1.7014920390795,52.6322695237045],[-1.7018614065128,52.6322704509464],[-1.70185987779155,52.6324951902114],[-1.70185834904991,52.6327199294678],[-1.70148897781618,52.6327190022039],[-1.70148744715389,52.6329437414407],[-1.70185682028787,52.6329446687156],[-1.70222619344221,52.6329455948389],[-1.702227720304,52.6327208555801],[-1.70259709157842,52.6327217805409],[-1.70296646287316,52.63272270435],[-1.70333583418818,52.6327236270076],[-1.70333431302714,52.6329483662993],[-1.7033327918458,52.6331731055824],[-1.70370216698161,52.6331740271103],[-1.70370368626267,52.6329492878162],[-1.70407305951844,52.6329502081816],[-1.70444243279442,52.6329511273953],[-1.70481180609058,52.6329520454574],[-1.70481029251035,52.6331767847843],[-1.70517966772695,52.6331777017057],[-1.70517815602683,52.6334024410349],[-1.70517664430653,52.6336271803554],[-1.7055460233439,52.6336280961471],[-1.70554451330116,52.6338528353576],[-1.70517513236358,52.6338519195562],[-1.70517362029177,52.6340766586886],[-1.70480423747222,52.6340757417253],[-1.70480272347808,52.6343004808388],[-1.70517210819977,52.6343013978125],[-1.70554149294162,52.6343023136344],[-1.70554300313147,52.6340775745003],[-1.7059123859913,52.6340784891603],[-1.70591087770359,52.6343032283047],[-1.70628026248567,52.6343041418233],[-1.70664964728782,52.6343050541903],[-1.70701903211002,52.6343059654056],[-1.70738841695225,52.6343068754692],[-1.70775780181449,52.6343077843812],[-1.7081271866967,52.6343086921415],[-1.70849657159886,52.6343095987502],[-1.70886595652094,52.6343105042072],[-1.70886446343048,52.6345352434245],[-1.70923385027464,52.63453614774],[-1.70960323713867,52.6345370509038],[-1.70997262402256,52.634537952916],[-1.71034201092628,52.6345388537765],[-1.71071139784979,52.6345397534853],[-1.71070991425039,52.6347644927448],[-1.71107930309588,52.634765391312],[-1.71144869196112,52.6347662887276],[-1.71144721214636,52.6349910279987],[-1.71181660293355,52.6349919242727],[-1.71218599374044,52.634992819395],[-1.71218746975074,52.6347680801037],[-1.71255685867508,52.6347689740642],[-1.712555384567,52.6349937133656],[-1.71292477541322,52.6349946061845],[-1.71329416627906,52.6349954978517],[-1.71329269595581,52.6352202371646],[-1.7136620887435,52.6352211276902],[-1.71366062030289,52.6354458670045],[-1.71365915184268,52.6356706063103],[-1.7132897552504,52.6356697157646],[-1.71328828486825,52.6358944550517],[-1.71328681446646,52.6361191943302],[-1.71328534404505,52.6363439336001],[-1.71365474634438,52.6363448241759],[-1.71365621486342,52.636120084896],[-1.71402561527995,52.63612097431],[-1.71402708187703,52.6358962350114],[-1.71439648041076,52.6358971232637],[-1.71439794508592,52.6356723839464],[-1.71476734173685,52.635673271037],[-1.71476587896401,52.6358980103642],[-1.71513527753677,52.635898896313],[-1.715504676129,52.6358997811101],[-1.71550321714134,52.6361245204488],[-1.71587261765537,52.6361254041041],[-1.71587116055062,52.6363501434442],[-1.71624056298646,52.6363510259578],[-1.71623910776465,52.6365757652992],[-1.71660851212229,52.636576646671],[-1.71660705878348,52.6368013860139],[-1.71697646506294,52.6368022662439],[-1.71734587136174,52.6368031453221],[-1.71734442180844,52.6370278846763],[-1.71771383002903,52.6370287626128],[-1.71771238235885,52.6372535019683],[-1.71808179250122,52.6372543787629],[-1.71808034671422,52.6374791181197],[-1.71844975844567,52.6374799935862],[-1.71844831454127,52.6377047329427],[-1.7188177281429,52.637705607237],[-1.71881628611933,52.637930346592],[-1.71918570164027,52.6379312197414],[-1.71955511718039,52.6379320917391],[-1.71955367893784,52.6381568310996],[-1.71992309639725,52.6381577019524],[-1.72029251387578,52.6381585716534],[-1.72029107941436,52.6383833110195],[-1.72066049881215,52.6383841795756],[-1.72102991822903,52.6383850469799],[-1.72102848754883,52.6386097863514],[-1.72139790888494,52.6386106526108],[-1.72139648008585,52.6388353919808],[-1.7217659033412,52.6388362570954],[-1.72176447642328,52.6390609964638],[-1.72213390159787,52.6390618604334],[-1.72213247656116,52.6392865998003],[-1.72250190365499,52.639287462625],[-1.72287133076778,52.6392883242979],[-1.72286990951262,52.63951306367],[-1.72323933854462,52.6395139241979],[-1.72360876759553,52.639514783574],[-1.72397819666531,52.6395156417981],[-1.72434762575396,52.6395164988703],[-1.72434621208107,52.6397412382617],[-1.72434479838932,52.6399659776445],[-1.72397536550003,52.6399651205584],[-1.72397394988906,52.6401898599257],[-1.72360451511827,52.6401890016808],[-1.72360309758802,52.6404137410326],[-1.72360168003885,52.6406384803759],[-1.72397111861043,52.6406393386346],[-1.72434055720088,52.6406401957415],[-1.72433914343366,52.64086493509],[-1.72470858394337,52.6408657910518],[-1.72470717205775,52.6410905303987],[-1.72507661448673,52.6410913852155],[-1.72507520448275,52.6413161245607],[-1.725444648831,52.6413169782324],[-1.72544324070872,52.641541717576],[-1.72581268697624,52.6415425701026],[-1.72618213326249,52.6415434214772],[-1.72618353758374,52.6413186821199],[-1.72655298198819,52.6413195323356],[-1.72692242641132,52.6413203813994],[-1.7272918708531,52.6413212293112],[-1.72729047223338,52.6415459686891],[-1.72692102589109,52.6415451207705],[-1.72691962535216,52.6417698601329],[-1.72691822479455,52.6419945994869],[-1.72728767493795,52.6419954474192],[-1.72765712509998,52.6419962941996],[-1.72802657528062,52.6419971398279],[-1.72802518038788,52.6422218791411],[-1.72802378547261,52.6424466184341],[-1.72839323944955,52.6424474629332],[-1.72839184640357,52.6426722022296],[-1.72876130228678,52.6426730455888],[-1.72875991111014,52.6428977848885],[-1.72875851991504,52.6431225241797],[-1.72912797959238,52.6431233664108],[-1.72912659026668,52.6433481057053],[-1.72912520092254,52.6435728449912],[-1.72949466439409,52.6435736860943],[-1.72949327691943,52.6437984253835],[-1.72949188942636,52.6440231646642],[-1.72986135669219,52.6440240046391],[-1.72985997106868,52.6442487439231],[-1.72985858542677,52.6444734831985],[-1.72985719976646,52.6446982224653],[-1.72985581408776,52.6449229617235],[-1.72985442839065,52.645147700973],[-1.72985304267515,52.645372440214],[-1.72948356408103,52.6453716001673],[-1.729482176459,52.6455963393877],[-1.72911269599514,52.6455954981769],[-1.72874321554969,52.645594655814],[-1.728744606948,52.6453699166176],[-1.72837512840913,52.6453690731145],[-1.72837373512268,52.645593812299],[-1.72800425471414,52.6455929676318],[-1.72800285952105,52.6458177067957],[-1.72763337724284,52.6458168609644],[-1.72726389498315,52.645816013981],[-1.72689441274199,52.6458151658455],[-1.72689301186582,52.6460399049647],[-1.72652352775505,52.646039055665],[-1.72615404366287,52.6460382052132],[-1.72578455958931,52.6460373536093],[-1.72541507553439,52.6460365008532],[-1.72541366708679,52.6462612399156],[-1.72504418116233,52.6462603859953],[-1.72504277080779,52.6464851250369],[-1.72467328301379,52.6464842699524],[-1.72467187075228,52.6467090089734],[-1.72430238108874,52.6467081527246],[-1.72430096692019,52.6469328917249],[-1.72393147538711,52.6469320343119],[-1.7235619838728,52.6469311757467],[-1.72356056590886,52.6471559147142],[-1.72319107252504,52.6471550549847],[-1.72282157916004,52.647154194103],[-1.72282300090059,52.6469294551598],[-1.72282442262226,52.646704716208],[-1.72282584432505,52.6464799772475],[-1.72245635664373,52.6464791152501],[-1.72245778021588,52.6462543762932],[-1.72245920376913,52.6460296373277],[-1.72208971988311,52.6460287742024],[-1.72209114530563,52.6458040352404],[-1.72172166332668,52.6458031709751],[-1.72135218136664,52.6458023055577],[-1.72098269942555,52.6458014389882],[-1.72098126833849,52.6460261779137],[-1.72097983723243,52.6462509168306],[-1.72061035153392,52.6462500490845],[-1.7202408658544,52.6462491801864],[-1.72024230073687,52.6460244412939],[-1.71987281696457,52.6460235712558],[-1.7198713801939,52.6462483101361],[-1.71950189455244,52.6462474389337],[-1.71950045587447,52.6464721777931],[-1.71913096836385,52.6464713054263],[-1.71876148087232,52.6464704319074],[-1.71839199339991,52.6464695572363],[-1.71839343774256,52.6462448184135],[-1.71802395189151,52.6462439425671],[-1.71802539811582,52.6460192037462],[-1.71802684432069,52.6457944649169],[-1.71765736159928,52.645793587837],[-1.71765880970399,52.6455688490035],[-1.7172893289213,52.6455679707759],[-1.7172878788973,52.6457927096049],[-1.71691839621479,52.6457918302206],[-1.71691694425199,52.6460165690366],[-1.71691549226967,52.646241307844],[-1.716546005768,52.6462404272986],[-1.71617651928585,52.646239545601],[-1.71617506344529,52.6464642843909],[-1.7165445518468,52.646465166093],[-1.71654309790605,52.6466899048788],[-1.71654164394576,52.6469146436561],[-1.71691113620558,52.646915524215],[-1.71690968414517,52.6471402629882],[-1.71690823206523,52.6473650017528],[-1.71690677996577,52.647589740509],[-1.71690532784679,52.6478144792565],[-1.71727482780399,52.6478153586811],[-1.71727337758502,52.6480400974245],[-1.71727192734655,52.6482648361595],[-1.71727047708858,52.6484895748858],[-1.71690097137269,52.6484886954479],[-1.71689951917561,52.6487134341612],[-1.71726902681111,52.6487143136037],[-1.71763853446608,52.6487151918938],[-1.71800804214049,52.6487160690317],[-1.71837754891864,52.6487169449903],[-1.71874705527468,52.6487178197839],[-1.71874849792064,52.648493081035],[-1.71911800240733,52.648493954664],[-1.71911944314568,52.6482692158943],[-1.71948894576301,52.6482700883589],[-1.71985844839941,52.6482709596712],[-1.71985701143796,52.6484956984654],[-1.72022651598186,52.6484965686377],[-1.72022508088981,52.6487213074355],[-1.72022364577871,52.6489460462246],[-1.72059315411861,52.6489469152691],[-1.72059172087697,52.6491716540619],[-1.7209612311244,52.6491725219663],[-1.72095979975229,52.6493972607626],[-1.72095836836117,52.6496219995503],[-1.7213278824047,52.6496228663268],[-1.72132645288318,52.6498476051181],[-1.72132502334268,52.6500723439007],[-1.72169454118239,52.6500732095493],[-1.72169311351156,52.6502979483355],[-1.72169168588733,52.6505226871889],[-1.72206120753151,52.6505235517046],[-1.72205978181937,52.6507482905896],[-1.7220583560882,52.6509730294661],[-1.72205693033801,52.651197768334],[-1.72242645770183,52.6511986317104],[-1.72242503383289,52.6514233705742],[-1.72242360994495,52.6516481094293],[-1.72242218603801,52.6518728482759],[-1.72279171912167,52.651873710513],[-1.72279029709607,52.6520984493555],[-1.7227888750515,52.6523231881893],[-1.72315841195481,52.6523240492827],[-1.72315699179166,52.6525487881124],[-1.72315557160956,52.6527735269335],[-1.72315415140852,52.6529982657461],[-1.72278460880395,52.6529974046397],[-1.72241506621833,52.6529965423808],[-1.72204552365167,52.6529956789695],[-1.72167598110401,52.6529948144056],[-1.72130643857535,52.6529939486893],[-1.72093689606574,52.6529930818205],[-1.7205673535752,52.6529922137992],[-1.72019781110374,52.6529913446255],[-1.7198282686514,52.6529904742992],[-1.71945872621821,52.6529896028205],[-1.71908918380417,52.6529887301893],[-1.71871964140934,52.6529878564056],[-1.71835009903371,52.6529869814694],[-1.71798055593647,52.6529861053471],[-1.71798200276005,52.6527613666],[-1.71798344956414,52.6525366278443],[-1.71798489634876,52.65231188908],[-1.7179863431139,52.6520871503071],[-1.7176168066175,52.6520862730347],[-1.7176182552864,52.6518615342664],[-1.71724872073272,52.6518606558548],[-1.71725017130532,52.6516359170911],[-1.71688063869435,52.6516350375404],[-1.71688209117062,52.6514102987813],[-1.71651256050236,52.6514094180916],[-1.71614302985365,52.6514085362494],[-1.71577349922451,52.6514076532549],[-1.71540396861498,52.6514067691081],[-1.71503443802506,52.6514058838089],[-1.7146649074548,52.6514049973574],[-1.71429537690421,52.6514041097536],[-1.71392584637332,52.6514032209973],[-1.71392731421533,52.651178482336],[-1.71355778562733,52.6511775924408],[-1.71318825705908,52.6511767013932],[-1.71318972872761,52.6509519627499],[-1.71282020210228,52.6509510705634],[-1.71282167567411,52.6507263319249],[-1.71282314922611,52.6505015932777],[-1.71245362646677,52.6505006999655],[-1.71208410372725,52.6504998055011],[-1.71171458100759,52.6504989098843],[-1.71171606027875,52.6502741712834],[-1.71134653950034,52.650273274524],[-1.7109770187418,52.6502723766124],[-1.71060749800317,52.6502714775483],[-1.71023797728446,52.6502705773319],[-1.71023649032798,52.6504953158942],[-1.70986696770796,52.6504944145159],[-1.70949744510795,52.6504935119854],[-1.70912792252797,52.6504926083025],[-1.70912642974514,52.6507173468156],[-1.70875690526213,52.6507164419669],[-1.70875839996805,52.6504917034672],[-1.70875989460943,52.6502669649425],[-1.70839037399075,52.6502660589642],[-1.7083918704796,52.6500413204163],[-1.70802235180078,52.6500404132904],[-1.70765283314206,52.6500395050121],[-1.70765133281364,52.6502642435506],[-1.70728181225528,52.6502633341153],[-1.70691229171707,52.6502624235275],[-1.70654277119904,52.6502615117874],[-1.70617325070122,52.650260598895],[-1.70580373022363,52.6502596848501],[-1.70543420976631,52.650258769653],[-1.70506468932926,52.6502578533034],[-1.70469516891253,52.6502569358015],[-1.70469668459918,52.6500321973009],[-1.70432716612257,52.6500312786514],[-1.70432564851613,52.6502560171472],[-1.70432413082268,52.650480755565],[-1.70432261303982,52.6507054939025],[-1.70432109523655,52.6509302322314],[-1.70431957741285,52.6511549705516],[-1.70431805956874,52.6513797088632],[-1.70431654170421,52.6516044471662],[-1.70431502381926,52.6518291854605],[-1.70431350591389,52.6520539237463],[-1.70468304169321,52.6520548425041],[-1.70468152569067,52.6522795807948],[-1.70468000966774,52.6525043190768],[-1.70467849362441,52.6527290573502],[-1.70467697756069,52.652953795615],[-1.70504652105355,52.6529547132747],[-1.70504500689278,52.6531794515445],[-1.70467546147657,52.6531785338712],[-1.70467394537205,52.6534032721188],[-1.70430439805282,52.6534023532795],[-1.7043028800045,52.6536270915049],[-1.70393333078225,52.6536261714996],[-1.70356378158043,52.653625250342],[-1.70356225966482,52.6538499885315],[-1.70319270856001,52.6538490662078],[-1.70282315747567,52.6538481427317],[-1.70282468323814,52.6536234045693],[-1.70245513409773,52.6536224799544],[-1.70208558497784,52.653621554187],[-1.70171603587849,52.6536206272671],[-1.70134648165357,52.6536196985794],[-1.70097691639246,52.6536187674166],[-1.70060735115166,52.6536178351014],[-1.7002377859312,52.6536169016337],[-1.69986822073109,52.6536159670136],[-1.69949865555136,52.6536150312409],[-1.6994971126121,52.6538397693135],[-1.69912754556721,52.6538388323824],[-1.69875797854277,52.6538378942988],[-1.69838841153878,52.6538369550626],[-1.69838996013473,52.6536122170078],[-1.69839150871017,52.6533874789444],[-1.69839305726511,52.6531627408725],[-1.69839460579953,52.652938002792],[-1.69839615431344,52.6527132647029],[-1.69839770280684,52.6524885266053],[-1.69839925127973,52.6522637884991],[-1.69840079973212,52.6520390503844],[-1.69840234816399,52.651814312261],[-1.69840389657536,52.6515895741292],[-1.69877344472486,52.6515905133057],[-1.69914299289481,52.6515914513298],[-1.69914453751505,52.6513667131774],[-1.69951408382012,52.6513676500431],[-1.6998836301456,52.6513685857565],[-1.70025317649145,52.6513695203174],[-1.70062272285766,52.6513704537259],[-1.70062425991628,52.6511457155413],[-1.70099380441753,52.6511466477915],[-1.70099533957054,52.6509219095924],[-1.70062579695455,52.6509209773481],[-1.7002562543589,52.6509200439514],[-1.6998867117836,52.6509191094023],[-1.69951716922867,52.6509181737008],[-1.69914762669415,52.650917236847],[-1.69877808418006,52.6509162988408],[-1.69840854168642,52.6509153596822],[-1.69803899921326,52.6509144193712],[-1.69803744897815,52.6511391575228],[-1.69766790464023,52.6511382160534],[-1.69729836032284,52.6511372734317],[-1.69692881602601,52.6511363296575],[-1.69655927174975,52.651135384731],[-1.69618972749409,52.6511344386521],[-1.69582018325907,52.6511334914208],[-1.69545063904469,52.6511325430371],[-1.695081094851,52.6511315935009],[-1.69471155067801,52.6511306428125],[-1.69434200652574,52.6511296909716],[-1.69397246239423,52.6511287379783],[-1.6936029182835,52.6511277838327],[-1.69323337419357,52.6511268285346],[-1.69286383012447,52.6511258720842],[-1.69249428607622,52.6511249144814],[-1.69212474204885,52.6511239557261],[-1.69175519804239,52.6511229958185],[-1.69175361573694,52.6513477338586],[-1.69138406986612,52.6513467727924],[-1.69101452401625,52.6513458105739],[-1.69101611009226,52.6511210725461],[-1.69064656614865,52.6511201091814],[-1.69027702222604,52.6511191446642],[-1.69027861205155,52.6508944066402],[-1.690280201856,52.6506696686076],[-1.69028179163939,52.6504449305664],[-1.6899122533935,52.6504439649154],[-1.6899106617249,52.6506687029504],[-1.68990907003522,52.6508934409768],[-1.68953952803995,52.650892474161],[-1.68916998606575,52.6508915061929],[-1.68917158152589,52.6506667681789],[-1.68880204145802,52.6506657990646],[-1.68880363878222,52.6504410610482],[-1.68843410062069,52.6504400907877],[-1.6880645624803,52.6504391193749],[-1.68769502436109,52.6504381468097],[-1.68769342138128,52.6506628848074],[-1.68732388139807,52.6506619110836],[-1.68695434143609,52.6506609362075],[-1.68658480149535,52.650659960179],[-1.6862152615759,52.6506589829981],[-1.68621365103396,52.6508837209622],[-1.68584410925058,52.6508827426226],[-1.68547456748853,52.6508817631307],[-1.68510502574783,52.6508807824864],[-1.68510340952881,52.6511055204231],[-1.68510179328839,52.6513302583512],[-1.68510017702656,52.6515549962707],[-1.68546972442308,52.6515559769339],[-1.68546811002516,52.6517807148512],[-1.68546649560586,52.6520054527599],[-1.68509694443867,52.6520044720841],[-1.68509532811261,52.652229209978],[-1.68472577420999,52.652228227896],[-1.68472739240256,52.6520034900103],[-1.68472901057544,52.6517787521163],[-1.68473062872864,52.6515540142138],[-1.68473224686215,52.651329276303],[-1.68436269617534,52.6513282920101],[-1.68436107635526,52.6515530299334],[-1.68435945651548,52.6517777678483],[-1.68435783665598,52.6520025057548],[-1.68435621677678,52.6522272436529],[-1.68435459687787,52.6524519815426],[-1.68398503777768,52.6524509961595],[-1.68398341617237,52.6526757340533],[-1.68361385540521,52.6526747475299],[-1.68324429465777,52.652673759854],[-1.68324266965933,52.6528984977643],[-1.68287310724493,52.6528975089482],[-1.68287148053999,52.6531222468625],[-1.68250191645863,52.6531212569061],[-1.68213235239707,52.6531202657972],[-1.68213072229883,52.6533450037279],[-1.68176115657033,52.6533440114787],[-1.68139159086167,52.6533430180769],[-1.68138995737004,52.653567756024],[-1.68102038999447,52.6535667614819],[-1.68065082263877,52.6535657657872],[-1.68064918575366,52.6537905037507],[-1.68027961673107,52.6537895069156],[-1.67991004772841,52.6537885089279],[-1.67990840744973,52.6540132469078],[-1.6795388367802,52.6540122477797],[-1.67916926613063,52.654011247499],[-1.6791676224583,52.6542359854952],[-1.67879805014188,52.6542349840741],[-1.67842847784548,52.6542339815004],[-1.67842683077939,52.6544587195128],[-1.67805725681616,52.6544577157987],[-1.67768768287299,52.6544567109319],[-1.67768933331279,52.6542319728949],[-1.67769098373246,52.6540072348494],[-1.677692634132,52.6537824967956],[-1.6773230652694,52.6537814907392],[-1.67732471733561,52.6535567526647],[-1.67732636938167,52.6533320145818],[-1.67695680391272,52.6533310073482],[-1.67695845762537,52.6531062692446],[-1.67696011131784,52.6528815311326],[-1.67659054924247,52.6528805227218],[-1.67659220460147,52.6526557845891],[-1.67659385994028,52.6524310464481],[-1.67622430125842,52.6524300368601],[-1.67622595826368,52.6522052986983],[-1.67622761524873,52.6519805605282],[-1.67622927221356,52.6517558223497],[-1.67585971861173,52.6517548115724],[-1.67586137724292,52.6515300733732],[-1.67586303585388,52.6513053351656],[-1.67549348564537,52.6513043232112],[-1.67549514592262,52.651079584983],[-1.67549680617962,52.6508548467464],[-1.67512725936435,52.6508538336149],[-1.67512892128757,52.6506290953576],[-1.67513058319051,52.650404357092],[-1.67513224504029,52.6501796188893],[-1.67550178680164,52.6501806320515],[-1.67587132858312,52.6501816440612],[-1.67587298704657,52.6499569058737],[-1.67550344694524,52.6499558938584],[-1.67550510706865,52.6497311556569],[-1.67550676717185,52.649506417447],[-1.67513723045092,52.649505404268],[-1.67513889221401,52.649280666044],[-1.67514055395689,52.6490559278116],[-1.67514221567953,52.6488311895706],[-1.67551174736026,52.6488322027663],[-1.67551340738267,52.6486074645225],[-1.67588293740352,52.6486084765714],[-1.67588127906114,52.6488332148096],[-1.67625081078213,52.6488342257005],[-1.67624915409962,52.6490589639246],[-1.67624749739695,52.6492837021403],[-1.67661703249816,52.6492847118676],[-1.67661537745543,52.6495094500692],[-1.67661372239257,52.6497341882623],[-1.67661206730957,52.649958926447],[-1.6769816074712,52.649959935005],[-1.67698326087406,52.6497351968259],[-1.67735279937561,52.6497362042371],[-1.67772233789719,52.6497372104958],[-1.67772398791971,52.6495124723195],[-1.67809352478119,52.6495134774314],[-1.67846306166266,52.6495144813909],[-1.6788325985641,52.649515484198],[-1.67883424352627,52.6492907460302],[-1.67920377876756,52.6492917476905],[-1.67957331402878,52.6492927481984],[-1.6799428493099,52.6492937475539],[-1.67994448921186,52.6490690093947],[-1.68031402283279,52.6490700076035],[-1.68068355647358,52.6490710046598],[-1.68068519299551,52.6488462665036],[-1.68031566103477,52.6488452694416],[-1.68031729921685,52.6486205312712],[-1.679947768956,52.648619533051],[-1.67994940879818,52.6483947948665],[-1.67995104862044,52.6481700566735],[-1.67958152173945,52.6481690572896],[-1.67958316322174,52.6479443190824],[-1.67958480468409,52.6477195808668],[-1.67921528118289,52.6477185803191],[-1.67921692430521,52.6474938420894],[-1.67958644612649,52.6474948426427],[-1.67958808754894,52.6472701044102],[-1.67921856740755,52.6472691038512],[-1.67884904728608,52.6472681021398],[-1.67885069204832,52.6470433638874],[-1.67848117362665,52.6470423610181],[-1.67848282004874,52.6468176227516],[-1.67811330332689,52.6468166187242],[-1.67811495140878,52.6465918804437],[-1.67774543638673,52.6465908752583],[-1.67774708612839,52.6463661369636],[-1.67737757280614,52.6463651306204],[-1.67737922420751,52.6461403923116],[-1.67700971258506,52.6461393848104],[-1.6770113656461,52.6459146464875],[-1.6773808755888,52.6459156539944],[-1.67738252695001,52.6456909156687],[-1.67775203523301,52.6456919220289],[-1.67775368489443,52.6454671837003],[-1.67812319151773,52.6454681889139],[-1.67812154353601,52.6456929272368],[-1.678491051859,52.6456939312924],[-1.67848940553698,52.6459186696012],[-1.67885891555966,52.6459196724989],[-1.67885727089737,52.6461444107935],[-1.67922678261975,52.6461454125333],[-1.67922842560228,52.6459206742443],[-1.67923006856485,52.6456959359469],[-1.67886056020196,52.6456949341958],[-1.67886220482427,52.6454701958843],[-1.67886384942659,52.6452454575643],[-1.67886549400893,52.6450207192358],[-1.67886713857127,52.6447959808989],[-1.67923664021549,52.6447969826727],[-1.67923828307823,52.644572244333],[-1.67960778306275,52.6445732449602],[-1.67960942422594,52.6443485066178],[-1.67997892255076,52.6443495060985],[-1.67998056201444,52.6441247677532],[-1.67961106536919,52.6441237682668],[-1.6796127064925,52.6438990299074],[-1.6799822014582,52.6439000293995],[-1.67998384088205,52.6436752910374],[-1.68035333418811,52.643676289383],[-1.68035497191254,52.6434515510181],[-1.68072446355895,52.6434525482172],[-1.680726099584,52.6432278098496],[-1.68072773558919,52.6430030714734],[-1.6810972238965,52.6430040675318],[-1.68109885820238,52.642779329153],[-1.68110049248842,52.6425545907657],[-1.68146997745669,52.6425555856834],[-1.68147161004349,52.6423308472933],[-1.68184109335216,52.6423318410646],[-1.68221057668059,52.6423328336838],[-1.68221220588884,52.6421080952968],[-1.68221383511058,52.641883357022],[-1.68258331506081,52.6418843485024],[-1.68258494254105,52.6416596102832],[-1.68295442077524,52.641660600621],[-1.68295604649898,52.641435862403],[-1.68332552301713,52.6414368515983],[-1.68332714698442,52.6412121133814],[-1.68295767220249,52.6412111241765],[-1.68258819744076,52.6412101338195],[-1.68258982486023,52.640985395575],[-1.68222035185491,52.6409844040563],[-1.68222198099029,52.6407596657938],[-1.6822236101054,52.6405349275229],[-1.68222523920022,52.6403101892436],[-1.68185577142359,52.6403091965441],[-1.68185740223423,52.6400844582467],[-1.68222686827476,52.6400854509558],[-1.68222849732903,52.6398607126596],[-1.68223012636302,52.639635974355],[-1.68223175537673,52.639411236042],[-1.68223338437016,52.6391864977205],[-1.68223501334332,52.6389617593906],[-1.6822366422962,52.6387370210523],[-1.68260609794087,52.6387380126668],[-1.68260772513754,52.6385132743296],[-1.68297717906649,52.6385142648017],[-1.68297880450699,52.6382895264657],[-1.68334825672022,52.6382905157953],[-1.6833498804046,52.6380657774605],[-1.68371933090211,52.6380667656477],[-1.68372095283043,52.6378420273141],[-1.68409040161222,52.637843014359],[-1.68409202178451,52.6376182760265],[-1.68446146885058,52.637619261929],[-1.68483091443646,52.6376202464678],[-1.68483253102807,52.6373955081336],[-1.68446308726689,52.6373945235978],[-1.68409364193664,52.6373935376856],[-1.68409526206862,52.6371687993363],[-1.68446470566307,52.6371697852581],[-1.68446632403912,52.63694504691],[-1.68446794239503,52.6367203085534],[-1.68483738067407,52.6367212930793],[-1.68483899717979,52.6364965547107],[-1.68520841788172,52.6364975358548],[-1.68521003247506,52.6362727974651],[-1.68521164704696,52.6360480590668],[-1.68521326159741,52.6358233206598],[-1.68521487612642,52.6355985822442],[-1.68558428928628,52.635599562187],[-1.68558590190304,52.6353748237504],[-1.68595531319348,52.6353758025291],[-1.68632472450529,52.6353767801562],[-1.68632311567015,52.6356015186175],[-1.68632150681364,52.6358262570703],[-1.68669092192843,52.6358272335704],[-1.68668931494141,52.636051972027],[-1.68705873196837,52.6360529473877],[-1.68742814901662,52.6360539215968],[-1.68742975222192,52.6358291831155],[-1.68706033706453,52.6358282089188],[-1.68706194213937,52.6356034704413],[-1.68706354719289,52.6353787319551],[-1.68706515222509,52.6351539934604],[-1.68706675723598,52.634929254957],[-1.68706836222554,52.634704516445],[-1.68706996719379,52.6344797779243],[-1.68707157214072,52.6342550393951],[-1.68707317706633,52.6340303008572],[-1.68707478197062,52.6338055623107],[-1.68707638732316,52.6335808235924],[-1.68707799302792,52.6333560847356],[-1.68707959871111,52.6331313458702],[-1.68708120437271,52.6329066069962],[-1.68708281001274,52.6326818681137],[-1.68708441563119,52.6324571292225],[-1.68708602122806,52.6322323903227],[-1.68708762680336,52.6320076514144],[-1.68708923235707,52.6317829124974],[-1.68709083788922,52.6315581735719],[-1.68746021683394,52.6315591475666],[-1.68746182042406,52.6313344086234],[-1.68783119746986,52.6313353814574],[-1.68820057453716,52.63133635314],[-1.68820217426489,52.6311116141701],[-1.68857154943323,52.631112584692],[-1.68856995162593,52.6313373236709],[-1.68893932873614,52.6313382930503],[-1.68930870586777,52.6313392612782],[-1.6896780830208,52.6313402283546],[-1.6900474601952,52.6313411942793],[-1.69004905032082,52.6311164552644],[-1.69041842559614,52.6311174200287],[-1.69041683739094,52.6313421590526],[-1.69078621460801,52.6313431226743],[-1.69078462830191,52.6315678616985],[-1.69115400746072,52.6315688241776],[-1.69152338664079,52.6315697855052],[-1.69152180415433,52.6317945245388],[-1.69152022164659,52.6320192635638],[-1.69188960468889,52.6320202237577],[-1.69189118527612,52.6317954847237],[-1.69189276584211,52.6315707456812],[-1.69189434638685,52.63134600663],[-1.69152496910598,52.631345046463],[-1.6915265515499,52.6311203074122],[-1.69152813397255,52.6308955683529],[-1.69152971637393,52.6306708292849],[-1.69153129875404,52.6304460902084],[-1.69116192917597,52.6304451289256],[-1.69116351345513,52.6302203898494],[-1.69079414581864,52.6302194274241],[-1.69079573199681,52.6299946883483],[-1.69042636630191,52.6299937247804],[-1.69042795437903,52.629768985705],[-1.69005859062573,52.6297680209947],[-1.69006018060175,52.6295432819196],[-1.69042954243481,52.629544246621],[-1.69043113046924,52.6293195075284],[-1.69043271848233,52.6290947684272],[-1.69080207649629,52.6290957319592],[-1.69080366256787,52.6288709928404],[-1.69117301868295,52.628871955212],[-1.69117460281306,52.6286472160757],[-1.69117618692188,52.6284224769308],[-1.69154553921795,52.628423438133],[-1.69154712138539,52.6281986989706],[-1.69154870353155,52.6279739597996],[-1.69155028565646,52.6277492206199],[-1.69191963221356,52.6277501806439],[-1.69228897879187,52.6277511395164],[-1.69229055705547,52.6275264003104],[-1.69265990173495,52.6275273580226],[-1.69302924643558,52.6275283145834],[-1.69339859115735,52.6275292699929],[-1.69339701865382,52.6277540092257],[-1.69376636531672,52.6277549634927],[-1.69376479471209,52.6279797027258],[-1.69413414331612,52.6279806558503],[-1.69413257461046,52.6282053950837],[-1.69376322408635,52.6282044419504],[-1.6937616534395,52.6284291811663],[-1.69376008277153,52.6286539203737],[-1.69412943713586,52.6286548735248],[-1.69449879152124,52.6286558255245],[-1.69449722467246,52.628880564741],[-1.69486658099902,52.6288815155981],[-1.6952359373466,52.6288824653038],[-1.69560529371516,52.628883413858],[-1.69560685480349,52.6286586746149],[-1.69523750035508,52.6286577260695],[-1.69486814592766,52.6286567763727],[-1.69486971083525,52.6284320371387],[-1.69523906334256,52.6284329868266],[-1.69560841587084,52.6284339353632],[-1.69597776842008,52.6284348827482],[-1.69634712099025,52.6284358289819],[-1.69671647358133,52.6284367740641],[-1.69671802886739,52.6282120347773],[-1.69708737955925,52.6282129786993],[-1.69745673027196,52.6282139214699],[-1.6978260810055,52.628214863089],[-1.69782763051042,52.6279901237672],[-1.69819697934469,52.6279910642262],[-1.69819543175985,52.6282158035567],[-1.69819388415419,52.6284405428787],[-1.69856323684942,52.6284414822038],[-1.6989325895654,52.6284424203775],[-1.6993019423021,52.6284433573997],[-1.69930348414745,52.6282186180514],[-1.69967283498475,52.6282195539135],[-1.69967129505951,52.6284442932705],[-1.7000406478376,52.6284452279898],[-1.70004218584273,52.6282204886241],[-1.70041153672136,52.6282214221833],[-1.70041307278574,52.6279966828002],[-1.70004372382719,52.6279957492497],[-1.69967437488928,52.6279948145478],[-1.69930502597206,52.6279938786945],[-1.69893567707553,52.6279929416898],[-1.69893722079946,52.6277682023331],[-1.69856787384372,52.6277672641858],[-1.69856941946692,52.6275425248293],[-1.69820007445195,52.6275415855393],[-1.69820162197436,52.6273168461829],[-1.69820316947597,52.627092106818],[-1.69783382832176,52.6270911663942],[-1.69746448718835,52.627090224819],[-1.69746603850905,52.6268654854631],[-1.69746758980889,52.6266407460986],[-1.69746914108788,52.6264160067254],[-1.697470692346,52.6261912673438],[-1.69747224358328,52.6259665279535],[-1.69747379479969,52.6257417885546],[-1.69747534599525,52.6255170491471],[-1.69747689710968,52.6252923097666],[-1.6978462228811,52.6252932512695],[-1.69784777193758,52.6250685119301],[-1.69784932097314,52.624843772582],[-1.6982186429046,52.6248447129074],[-1.69858796485691,52.6248456520816],[-1.69895728683007,52.6248465901046],[-1.69932660882403,52.6248475269762],[-1.69969593083878,52.6248484626967],[-1.70006525287428,52.6248493972659],[-1.70043457493052,52.6248503306838],[-1.70043611043246,52.6246255912357],[-1.70080543057902,52.6246265234894],[-1.70117475074627,52.6246274545918],[-1.70154406713048,52.624628384094],[-1.70191336999048,52.6246293108464],[-1.70228267287079,52.6246302364478],[-1.70265197577138,52.6246311608982],[-1.70265045180734,52.6248559005386],[-1.70228114701263,52.6248549760423],[-1.70227962113416,52.6250797156279],[-1.70264892782301,52.6250806401701],[-1.70301823453211,52.6250815635612],[-1.70338754126144,52.6250824858013],[-1.70375684801098,52.6250834068905],[-1.70412615478069,52.6250843268287],[-1.70449546157056,52.6250852456159],[-1.70449394703679,52.6253099854676],[-1.70486325574096,52.6253109031496],[-1.70486476838056,52.6250861632521],[-1.70486628100001,52.6248614233457],[-1.70523558593597,52.6248623397851],[-1.70523407521066,52.6250870797373],[-1.70560338206083,52.6250879950715],[-1.70597268893107,52.6250889092548],[-1.70597419586808,52.624864169211],[-1.70634350086419,52.6248650821975],[-1.70671280588031,52.624865994033],[-1.7070821109164,52.6248669047175],[-1.70745141597245,52.6248678142511],[-1.70782072104842,52.6248687226336],[-1.70819002614429,52.6248696298652],[-1.70819152169651,52.6246448895382],[-1.70856082491813,52.6246457955731],[-1.70893012815961,52.624646700457],[-1.70929943142092,52.6246476041899],[-1.70929794155108,52.624872344654],[-1.70966724672631,52.6248732472816],[-1.70966873470203,52.6246485067718],[-1.70967022265793,52.6244237662531],[-1.70930092127092,52.6244228637169],[-1.70930241110109,52.624198123235],[-1.70967171059403,52.6241990257256],[-1.71004101010673,52.6241999270652],[-1.71003952406471,52.6244246676384],[-1.71040882549125,52.6244255678728],[-1.71077812693751,52.6244264669562],[-1.71114742840347,52.6244273648885],[-1.71114594802397,52.6246521055898],[-1.71114446762476,52.6248768462822],[-1.71151377289863,52.6248777431549],[-1.71151229437386,52.6251024838841],[-1.71188160156153,52.6251033796514],[-1.71188012491125,52.6253281204173],[-1.71187864813351,52.6255528604294],[-1.71150933715385,52.6255519646024],[-1.71150785842989,52.6257767044082],[-1.71187717130901,52.625777600246],[-1.7122464842078,52.6257784949325],[-1.71261579712624,52.6257793884677],[-1.71261432408099,52.6260041282972],[-1.71298363891853,52.6260050206918],[-1.71335295377566,52.6260059119351],[-1.71372226865236,52.626006802027],[-1.71372080128597,52.62623154188],[-1.71409011808172,52.6262324308313],[-1.71408865259529,52.6264571706864],[-1.71371933390001,52.6264562817243],[-1.71371786649447,52.6266810215601],[-1.71334854591918,52.626680131436],[-1.71334707659447,52.6269048712525],[-1.71297775413917,52.6269039799664],[-1.71297628289526,52.6271287197635],[-1.71297481163172,52.627353459552],[-1.71297334034854,52.627578199332],[-1.71297186904573,52.6278029391033],[-1.71297039772329,52.628027678866],[-1.71333972967687,52.6280285702057],[-1.71334119909961,52.6278038304322],[-1.71334266850273,52.6275790906502],[-1.7137119966765,52.6275799808171],[-1.71408132486981,52.6275808698326],[-1.71408279045402,52.6273561300205],[-1.71408425601867,52.6271313901999],[-1.71445358043221,52.6271322780427],[-1.7144550440777,52.6269075382027],[-1.71445650770366,52.6266827983542],[-1.71482582833752,52.6266836850243],[-1.71519514899084,52.626684570543],[-1.71556446966361,52.6266854549103],[-1.7155630117364,52.6269101947908],[-1.71593233432817,52.6269110780175],[-1.71630165693934,52.6269119600928],[-1.71630020279189,52.6271366999859],[-1.71666952732203,52.6271375809205],[-1.71666807505481,52.6273623208157],[-1.71703740150394,52.6273632006095],[-1.71740672797238,52.627364079252],[-1.71777605446013,52.6273649567431],[-1.7181453809687,52.6273658330576],[-1.71814393628003,52.6275905729892],[-1.71851326472514,52.6275914476782],[-1.71851182190375,52.6278161876243],[-1.71888115225444,52.6278170611852],[-1.71887971130039,52.6280418011458],[-1.71924904355666,52.6280426735786],[-1.719618375832,52.6280435448601],[-1.71961693863185,52.6282682848585],[-1.71998627281274,52.6282691550119],[-1.72035560701265,52.6282700240139],[-1.72035417356651,52.6284947640499],[-1.72072350967195,52.6284956319239],[-1.72072207809335,52.6287203719743],[-1.72109141610433,52.6287212387201],[-1.72108998639331,52.6289459787851],[-1.72108855666331,52.6291707188413],[-1.72145789846644,52.629171584482],[-1.72145932630982,52.6289468444026],[-1.72182866624525,52.6289477088688],[-1.72182724028849,52.6291724489714],[-1.72219658212943,52.6291733123094],[-1.72219515804038,52.6293980524264],[-1.72256450178683,52.6293989146362],[-1.72256307956555,52.6296236547676],[-1.72293242521751,52.6296245158491],[-1.72293100486404,52.629849255995],[-1.72330035242152,52.6298501159483],[-1.72329893393591,52.6300748561085],[-1.72329751543147,52.6302995962601],[-1.7236668667812,52.6303004551081],[-1.7236654501447,52.6305251952741],[-1.72403480339997,52.6305260529939],[-1.72403338863146,52.6307507931742],[-1.72440274379227,52.6307516497656],[-1.7244013308918,52.6309763899603],[-1.72477068795815,52.6309772454234],[-1.72476927692577,52.6312019856325],[-1.72476786587465,52.6314267258329],[-1.72513722673342,52.6314275801907],[-1.72513581755046,52.6316523204054],[-1.72550518031479,52.6316531736348],[-1.72550377300005,52.6318779138639],[-1.72587313766995,52.6318787659649],[-1.72587173222348,52.6321035062084],[-1.72587032675834,52.6323282464431],[-1.72623969522078,52.6323290974387],[-1.72623829162398,52.6325538376878]]],[[[-1.70356225966482,52.6538499885315],[-1.70393181079008,52.6538509097028],[-1.70430136193575,52.6538518297216],[-1.7043028800045,52.6536270915049],[-1.70467242924714,52.6536280103577],[-1.70467394537205,52.6534032721188],[-1.70504349271165,52.6534041898056],[-1.70504197851014,52.653628928058],[-1.70504046428826,52.6538536663019],[-1.70503895004601,52.6540784045371],[-1.70540850317625,52.6540793211122],[-1.70540699083711,52.6543040593523],[-1.70540547847762,52.6545287975838],[-1.70503592150039,52.6545278809817],[-1.7046663645435,52.6545269632271],[-1.70429680760698,52.65452604432],[-1.70392725069086,52.6545251242605],[-1.70355769379515,52.6545242030484],[-1.70355921577218,52.6542994648848],[-1.70356073772874,52.6540747267124],[-1.70356225966482,52.6538499885315]]],[[[-1.70875690526213,52.6507164419669],[-1.70875541053611,52.650941180458],[-1.70912493694222,52.6509420853201],[-1.70949446336839,52.6509429890299],[-1.70986398981459,52.6509438915874],[-1.70986250083785,52.6511686301101],[-1.70986101184107,52.6513933686242],[-1.70949148154858,52.6513924660399],[-1.70912195127612,52.6513915623032],[-1.70875242102372,52.6513906574142],[-1.7083828907914,52.6513897513728],[-1.70801336057919,52.6513888441791],[-1.70801485919176,52.6511641057322],[-1.70764533092284,52.6511631973997],[-1.70764683143838,52.6509384589577],[-1.70727730511275,52.6509375494863],[-1.7072788075312,52.6507128110491],[-1.70728030992943,52.6504880726034],[-1.70764983240887,52.6504889820478],[-1.70764833193372,52.650713720507],[-1.7080178563564,52.6507146288127],[-1.70838738079921,52.6507155359659],[-1.70875690526213,52.6507164419669]]],[[[-1.69105048826911,52.5938113974825],[-1.69104891583522,52.594036140805],[-1.69067985879327,52.5940351837491],[-1.69067828446577,52.5942599270335],[-1.69030922557192,52.5942589687984],[-1.68994016669892,52.5942580094135],[-1.6895711078468,52.5942570488788],[-1.68957268779247,52.5940323056823],[-1.68957426771715,52.5938075624771],[-1.68957584762085,52.5935828192631],[-1.68957742750357,52.5933580760404],[-1.6895790073653,52.5931333328088],[-1.68994805685406,52.593134293197],[-1.69031710636368,52.5931352524353],[-1.6903155302472,52.5933599957254],[-1.69031395410978,52.5935847390068],[-1.69068300738553,52.593585697154],[-1.69105206068211,52.5935866541513],[-1.69105048826911,52.5938113974825]]]]}}