{"type":"Feature","properties":{"code":"E63001362","name":"Wallasey"},"geometry":{"type":"MultiPolygon","coordinates":[[[[-3.0826096942914,53.4205766758314],[-3.08261539943274,53.4208013446593],[-3.08262110465025,53.4210260134788],[-3.08262680994393,53.4212506822899],[-3.08263251531378,53.4214753510926],[-3.08225640637017,53.4214787581082],[-3.08188029735038,53.4214821639389],[-3.08187459591024,53.4212574951129],[-3.08186889454622,53.4210328262784],[-3.08224499963632,53.421029420471],[-3.08223929638361,53.4208047516398],[-3.08186319325832,53.4208081574355],[-3.08185749204654,53.4205834885842],[-3.08185179091087,53.4203588197246],[-3.08147569163897,53.4203622243121],[-3.08109959229096,53.4203656277149],[-3.08072349286685,53.420369029933],[-3.08072918810826,53.4205936988276],[-3.08110528949711,53.4205902965979],[-3.08148139080988,53.4205868931835],[-3.08148709005689,53.4208115620464],[-3.08111098677934,53.4208149654726],[-3.0807348834257,53.4208183677139],[-3.08035877999599,53.4208217687704],[-3.08035308664334,53.4205970998725],[-3.07997698510238,53.4206004997326],[-3.07998267649025,53.4208251686421],[-3.0799883679541,53.4210498375432],[-3.07961226240753,53.4210532362417],[-3.07961795198254,53.421277905146],[-3.0796236416335,53.4215025740419],[-3.07962933136042,53.4217272429294],[-3.07925321984327,53.421730640478],[-3.07925890768123,53.4219553093687],[-3.07888279412319,53.421958705744],[-3.07888848007215,53.4221833746379],[-3.07889416609702,53.4224080435233],[-3.07927028358499,53.4224046471248],[-3.07927597165078,53.4226293159903],[-3.07889985219781,53.4226327124004],[-3.07890553837451,53.422857381269],[-3.07852941688058,53.4228607765059],[-3.0785237326689,53.4226361076256],[-3.07851804853312,53.422411438737],[-3.07851236447322,53.4221867698399],[-3.07850668048921,53.4219621009344],[-3.07850099658109,53.4217374320206],[-3.07887710825015,53.4217340368417],[-3.07887142245301,53.421509367931],[-3.07886573673179,53.4212846990119],[-3.0784896289925,53.4212880941676],[-3.07849531274885,53.4215127630983],[-3.07811920296878,53.4215161570807],[-3.0781135211773,53.4212914881385],[-3.07773741328622,53.4212948809245],[-3.07773173353544,53.4210702119623],[-3.07810783946167,53.4210668191878],[-3.07848394531203,53.4210634252285],[-3.07886005108647,53.4210600300844],[-3.07885436551706,53.4208353611484],[-3.07923046925076,53.4208319648311],[-3.07922478179246,53.4206072958984],[-3.07884868002356,53.4206106922041],[-3.07884299460596,53.4203860232514],[-3.07883730926426,53.4201613542902],[-3.07846121134893,53.420164749388],[-3.07845552804784,53.4199400804068],[-3.07844984482263,53.4197154114173],[-3.07844416167329,53.4194907424193],[-3.07882025369457,53.4194873473563],[-3.07919634563993,53.4194839511086],[-3.07957243750933,53.4194805536761],[-3.07957812655264,53.4197052226393],[-3.07995422031072,53.4197018240105],[-3.0803303139928,53.4196984241969],[-3.08032462102019,53.419473755257],[-3.08031892812357,53.4192490863086],[-3.08069501780034,53.4192456853336],[-3.08107110740106,53.4192422831738],[-3.08106541065125,53.4190176142403],[-3.08068932301513,53.4190210163885],[-3.08068362830595,53.4187963474349],[-3.08067793367279,53.418571678473],[-3.08067223911565,53.4183470095027],[-3.08104832085814,53.4183436073895],[-3.08142440252455,53.4183402040915],[-3.08143010101072,53.4185648730386],[-3.08180618456554,53.4185614685443],[-3.08218226804424,53.4185580628654],[-3.08218797053557,53.4187827317807],[-3.08256405590265,53.4187793249053],[-3.08294014119355,53.4187759168452],[-3.08294584769014,53.4190005857287],[-3.08332193486939,53.4189971764723],[-3.0836980219724,53.4189937660311],[-3.08370373247435,53.4192184348828],[-3.08407982146569,53.4192150232451],[-3.0840855340085,53.4194396920767],[-3.08409124662757,53.4196643608998],[-3.08409695932292,53.4198890297145],[-3.08410267209453,53.4201136985208],[-3.08447876886818,53.4201102856515],[-3.08448448368078,53.4203349544377],[-3.08410838494242,53.4203383673187],[-3.08373228612775,53.420341779015],[-3.08335618723681,53.4203451895265],[-3.08298008826963,53.4203485988532],[-3.08298579529955,53.4205732676778],[-3.0826096942914,53.4205766758314]]],[[[-3.07773173353544,53.4210702119623],[-3.07735562753336,53.4210736035519],[-3.07736130531929,53.4212982725257],[-3.07773741328622,53.4212948809245],[-3.07774309311283,53.4215195498783],[-3.07736698318103,53.4215229414911],[-3.07699087317339,53.4215263319191],[-3.07661476308994,53.4215297211622],[-3.07662043709768,53.4217543901423],[-3.07624432497355,53.4217577782122],[-3.0762499970921,53.4219824471954],[-3.07625566928638,53.4222071161702],[-3.07626134155639,53.4224317851366],[-3.07626701390213,53.4226564540945],[-3.0762726863236,53.4228811230441],[-3.0762783588208,53.4231057919853],[-3.07628403139374,53.423330460918],[-3.07666015727294,53.4233270727675],[-3.07666583188673,53.4235517416803],[-3.07704195965526,53.4235483523333],[-3.07704763630996,53.4237730212262],[-3.07742376596781,53.4237696306827],[-3.07779989554982,53.4237662389543],[-3.07817602505596,53.423762846041],[-3.0785521544862,53.4237594519428],[-3.07854646997095,53.4235347830961],[-3.07892259736014,53.4235313878246],[-3.07892828384052,53.4237560566596],[-3.07893397039683,53.4239807254862],[-3.07893965702906,53.4242053943044],[-3.07894534373722,53.4244300631142],[-3.0789510305213,53.4246547319156],[-3.07895671738132,53.4248794007086],[-3.07858057820093,53.4248827960497],[-3.07858626317158,53.4251074648459],[-3.07859194817919,53.4253321337418],[-3.07821580498219,53.4253355279201],[-3.07822148799311,53.425560197032],[-3.07822717108065,53.4257848661362],[-3.07785102382712,53.4257882591153],[-3.0778567050013,53.4260129282047],[-3.07748055568115,53.4260163199913],[-3.07748623494192,53.426240989066],[-3.07749191427926,53.4264656581329],[-3.07711576090246,53.4264690487202],[-3.07712143832631,53.4266937177724],[-3.07712711582671,53.4269183868167],[-3.07675095839317,53.4269217762047],[-3.07675663398,53.4271464452343],[-3.07638047447978,53.4271498334297],[-3.07638614815299,53.4273745024446],[-3.07600998658609,53.4273778894475],[-3.07601565834561,53.4276025584476],[-3.07563949471204,53.427605944258],[-3.07564516455783,53.4278306132434],[-3.07526899885757,53.4278339978612],[-3.07527466678958,53.4280586668318],[-3.07489849902263,53.428062050257],[-3.07452233117926,53.4280654324966],[-3.07452799520717,53.4282901014455],[-3.07415182529714,53.4282934824925],[-3.07415748741112,53.4285181514266],[-3.07453365931145,53.4285147703865],[-3.0745393234921,53.4287394393197],[-3.07416314960145,53.4287428203528],[-3.07416881186813,53.4289674892712],[-3.07417447421116,53.4291921581817],[-3.07379829626342,53.4291955380152],[-3.0738039566924,53.4294202069109],[-3.0734277766779,53.4294235855517],[-3.07305159658708,53.4294269630068],[-3.07267541641996,53.4294303392761],[-3.07229923617656,53.4294337143598],[-3.07230488872014,53.4296583832197],[-3.07231054133994,53.4298830520719],[-3.07193435703941,53.4298864259558],[-3.07155817266265,53.4298897986539],[-3.0715638213777,53.4301144674842],[-3.07156947016891,53.4303391363066],[-3.07157511903629,53.4305638051211],[-3.07119892861179,53.4305671766125],[-3.07082273811111,53.430570546918],[-3.07082838307353,53.4307952157107],[-3.07045219050613,53.4307985848234],[-3.07007599786262,53.4308019527504],[-3.07008163891995,53.4310266215211],[-3.06970544420974,53.4310299882552],[-3.06969980514302,53.4308053194916],[-3.06932361234735,53.430808685047],[-3.06931797534725,53.4305840162826],[-3.06931233842316,53.4303593475103],[-3.06930670157508,53.4301346787301],[-3.06893051467503,53.430138043121],[-3.06855432769898,53.4301414063261],[-3.06817814064695,53.4301447683455],[-3.06780195351908,53.4301481297334],[-3.06742576631578,53.4301514904209],[-3.06743139323606,53.4303761592143],[-3.06705520398317,53.4303795187524],[-3.06706082900465,53.4306041875718],[-3.06668463770217,53.4306075459606],[-3.0666790146549,53.4303828771061],[-3.06630282525127,53.4303862342753],[-3.06630844632434,53.4306109031649],[-3.06593225487118,53.4306142591847],[-3.0655560633427,53.43061761402],[-3.06517987173895,53.4306209676708],[-3.06518548696465,53.4308456366565],[-3.0648092933114,53.4308489891579],[-3.06481490663808,53.4310736581696],[-3.06443871093535,53.4310770095215],[-3.06406251515741,53.4310803596888],[-3.0636863193043,53.4310837086716],[-3.06369192678331,53.4313083777794],[-3.06331572888076,53.4313117256127],[-3.06331012337604,53.4310870564699],[-3.06293392737265,53.4310904030837],[-3.06292832391729,53.4308657338967],[-3.06255212981307,53.4308690792909],[-3.06217593563378,53.4308724235005],[-3.06179974137945,53.4308757665256],[-3.061805338912,53.4311004358176],[-3.06142914260838,53.4311037776932],[-3.06105294622976,53.4311071183843],[-3.06067674977619,53.4311104578908],[-3.06030055324767,53.4311137962127],[-3.0602949636122,53.4308891267808],[-3.06028937405162,53.4306644573398],[-3.06028378456593,53.4304397878896],[-3.05990759388525,53.4304431249222],[-3.05953140312968,53.4304464607702],[-3.05953698866693,53.4306711302903],[-3.05954257427901,53.4308957998012],[-3.05954815996592,53.431120469303],[-3.05955374572767,53.4313451387958],[-3.05917754700018,53.431348473599],[-3.05918313086243,53.4315731431176],[-3.05955933156425,53.4315698082794],[-3.05956491747566,53.4317944777539],[-3.05957050346192,53.4320191472192],[-3.05957608952301,53.4322438166755],[-3.05958167565894,53.4324684861227],[-3.05995788418348,53.4324651499602],[-3.05996347236872,53.4326898193633],[-3.05996906062883,53.4329144887573],[-3.05997464896381,53.4331391581422],[-3.05998023737366,53.433363827518],[-3.06035645372132,53.433360490031],[-3.06036204418061,53.4335851593627],[-3.06036763421191,53.4338098288411],[-3.06037322430076,53.4340344983163],[-3.06037881446476,53.4342591677828],[-3.06075503866792,53.4342558290173],[-3.06076063088996,53.4344804984567],[-3.06076622318718,53.4347051678875],[-3.06077181555959,53.4349298373096],[-3.06077740800717,53.4351545067231],[-3.06115364006686,53.4351511666982],[-3.06115923457263,53.4353758360845],[-3.06116482915361,53.4356005054622],[-3.06078859312788,53.4356038455243],[-3.06079418580102,53.4358285149119],[-3.06041794771703,53.4358318538074],[-3.06004170955786,53.4358351915176],[-3.06004729834002,53.4360598609337],[-3.0596710581226,53.4360631974772],[-3.05967664499678,53.4362878669033],[-3.05930040272112,53.4362912022801],[-3.05892416037036,53.4362945364717],[-3.05892974335337,53.4365192059262],[-3.05855349894438,53.436522538951],[-3.05855908001927,53.4367472084154],[-3.05818283355207,53.4367505402735],[-3.05818841271879,53.4369752097478],[-3.05781216419336,53.4369785404391],[-3.05743591559292,53.4369818699451],[-3.0574414908682,53.4372065394477],[-3.05706524020956,53.4372098677869],[-3.05668898947597,53.4372131949408],[-3.05669456085968,53.4374378644718],[-3.05631830806791,53.4374411904589],[-3.05594205520124,53.4374445152607],[-3.0555658022597,53.4374478388771],[-3.05518954924331,53.4374511613083],[-3.0548132961521,53.4374544825541],[-3.0544370429861,53.4374578026147],[-3.05406078974534,53.4374611214899],[-3.05405523224446,53.4372364518299],[-3.05367898091222,53.4372397695014],[-3.05330272950528,53.4372430859877],[-3.05292647802365,53.4372464012886],[-3.05255022646736,53.4372497154042],[-3.05217397483645,53.4372530283346],[-3.05179772313093,53.4372563400796],[-3.05142147135083,53.4372596506394],[-3.051045219399,53.4372629600539],[-3.05105076104454,53.4374876298671],[-3.05142701496882,53.4374843204279],[-3.05143255866133,53.4377089902079],[-3.051808814408,53.4377056796115],[-3.05218507008009,53.4377023678297],[-3.05256132567758,53.4376990548627],[-3.05293758120044,53.4376957407103],[-3.05331383664864,53.4376924253726],[-3.05369009202214,53.4376891088496],[-3.05406634732094,53.4376857911413],[-3.054442602545,53.4376824722477],[-3.05481885769429,53.4376791521687],[-3.05519511276878,53.4376758309044],[-3.05557136776846,53.4376725084549],[-3.05594762269329,53.43766918482],[-3.05632387754325,53.4376658599997],[-3.0567001323183,53.4376625339942],[-3.05670570385183,53.437887203508],[-3.05671127546026,53.4381118730131],[-3.05633501671855,53.4381151990556],[-3.05634058641852,53.4383398685705],[-3.05596432561855,53.4383431934461],[-3.05558806474369,53.4383465171363],[-3.05559363055176,53.4385711866796],[-3.05521736761866,53.4385745092029],[-3.05521180379399,53.4383498396412],[-3.05483554276946,53.4383531609608],[-3.05482998100296,53.438128491372],[-3.05445372188701,53.4381318114878],[-3.05445928167014,53.4383564810949],[-3.05446484152801,53.4385811506935],[-3.05447040146064,53.4388058202834],[-3.05409413631972,53.438809139269],[-3.05371787110405,53.4388124570693],[-3.05334160581366,53.4388157736843],[-3.05334715987067,53.4390404433207],[-3.05297089252213,53.4390437587687],[-3.05296534044858,53.4388190891138],[-3.05258907500883,53.438822403358],[-3.05258352499336,53.4385977336762],[-3.0522072614624,53.4386010467166],[-3.05221280949445,53.4388257164168],[-3.05221835760108,53.4390503861084],[-3.05184209002862,53.4390536980002],[-3.05146582238157,53.4390570087066],[-3.05108955463978,53.439060318311],[-3.05071328681344,53.4390636267727],[-3.05071882708054,53.4392882965425],[-3.05034255720831,53.4392916038467],[-3.04996628726194,53.4392949099659],[-3.04959001724146,53.4392982148999],[-3.0492137471469,53.4393015186489],[-3.04883747697828,53.4393048212127],[-3.04884300746077,53.4395294911115],[-3.04884853801726,53.4397541610014],[-3.04922481212942,53.4397508583824],[-3.04960108616751,53.4397475545784],[-3.04997736013152,53.4397442495891],[-3.04998289667745,53.4399689193874],[-3.05035917253915,53.4399656131855],[-3.0507354483267,53.4399623057984],[-3.0511117240401,53.4399589972261],[-3.05148799968582,53.4399556875335],[-3.05148245524795,53.4397310178397],[-3.05147691088461,53.4395063481373],[-3.05147136659582,53.4392816784263],[-3.05184763622636,53.4392783677015],[-3.05222390578231,53.4392750557914],[-3.05260017526364,53.4392717426958],[-3.05297644467033,53.4392684284149],[-3.05335271400235,53.4392651129486],[-3.05372898325968,53.4392617962969],[-3.05410525244228,53.4392584784598],[-3.05448152155014,53.4392551594373],[-3.05485779058321,53.4392518392295],[-3.0548633527236,53.4394765087751],[-3.05486891493876,53.4397011783121],[-3.05449264193865,53.4397044985568],[-3.05411636886376,53.4397078176161],[-3.05412192718659,53.4399324871813],[-3.05374565205338,53.4399358050736],[-3.05375120846735,53.4401604746486],[-3.05375676495603,53.4403851442149],[-3.05338048578089,53.4403884609586],[-3.05300420653105,53.4403917765168],[-3.05300975912715,53.4406164461113],[-3.05263347781899,53.4406197605024],[-3.05263902850607,53.4408444301067],[-3.05226274513958,53.4408477433307],[-3.05225719643618,53.4406230737081],[-3.05225164780737,53.4403984040768],[-3.05224609925316,53.440173734437],[-3.05262237666871,53.440170421268],[-3.05299865400961,53.4401671069136],[-3.05299310156281,53.4399424373019],[-3.05261682620551,53.4399457516379],[-3.05224055077356,53.4399490647885],[-3.05186427526698,53.4399523767537],[-3.051869821763,53.4401770464205],[-3.05187536833358,53.4404017160787],[-3.05188091497874,53.4406263857283],[-3.05150463344671,53.4406296965631],[-3.05112835186911,53.4406330063192],[-3.05075207024016,53.4406363149743],[-3.05075761102627,53.4408609846818],[-3.05038132735124,53.4408642921793],[-3.05000504360207,53.4408675984917],[-3.04962875977877,53.4408709036189],[-3.04925247588138,53.4408742075609],[-3.04887619190993,53.4408775103177],[-3.04849990786443,53.4408808118893],[-3.04812362374493,53.4408841122758],[-3.04812915080162,53.4411087821675],[-3.04775286463618,53.4411120813963],[-3.04737657839678,53.4411153794399],[-3.04700029208345,53.4411186762983],[-3.0466240056962,53.4411219719715],[-3.04624771923508,53.4411252664595],[-3.0458714327001,53.4411285597624],[-3.04587694799891,53.4413532298103],[-3.04550065941812,53.4413565219554],[-3.04512437076353,53.4413598129153],[-3.04474808203516,53.44136310269],[-3.04474257265229,53.4411384325596],[-3.04473706334314,53.4409137624204],[-3.04473155410771,53.4406890922722],[-3.04435527122146,53.4406923807793],[-3.04434976403166,53.4404677105948],[-3.04397348304359,53.4404709978893],[-3.04396797789937,53.4402463276685],[-3.04359169880948,53.4402496137503],[-3.04359720198183,53.4404742839986],[-3.04360270522782,53.440698954238],[-3.04322642212049,53.4407022391895],[-3.04285013893951,53.4407055229559],[-3.04284463963734,53.4404808526617],[-3.04246835835466,53.4404841352155],[-3.04209207699839,53.4404874165841],[-3.04171579556857,53.4404906967675],[-3.04172128895501,53.440715367144],[-3.04172678241496,53.4409400375115],[-3.04135049696775,53.4409433165645],[-3.04134500547974,53.4407186461696],[-3.04096872193096,53.4407219240101],[-3.04059243830869,53.4407252006653],[-3.04059792585282,53.440949871115],[-3.04060341347038,53.4411745415558],[-3.04060890116138,53.4413992119877],[-3.04098519069955,53.4413959352503],[-3.040990680436,53.441620605646],[-3.04136697187271,53.4416173276961],[-3.04137246365467,53.4418419980555],[-3.04174875698991,53.4418387188929],[-3.0421250502516,53.4418354385451],[-3.04213054575396,53.44206010873],[-3.04213604113287,53.4422847788323],[-3.04175974390506,53.4422880592339],[-3.04176523737655,53.4425127293557],[-3.04177073092183,53.4427373994687],[-3.04139442965772,53.4427406787418],[-3.04139992129549,53.4429653488742],[-3.0410236179763,53.4429686269905],[-3.04064731458335,53.4429719039215],[-3.04027101111668,53.4429751796673],[-3.04026552542278,53.4427505094497],[-3.04026003980257,53.4425258392232],[-3.04063633930669,53.4425225635341],[-3.04063085177892,53.4422978933271],[-3.04062536432485,53.4420732231112],[-3.04024906878319,53.4420764987434],[-3.04024358320797,53.4418518284317],[-3.04023809734215,53.4416271579902],[-3.03986180568506,53.4416304323845],[-3.03985632186468,53.4414057619068],[-3.03948003210621,53.4414090350885],[-3.03947455033122,53.4411843645745],[-3.03946906862957,53.4409596940517],[-3.0390927827417,53.4409629659936],[-3.03871649678047,53.4409662367502],[-3.03871101909608,53.4407415661639],[-3.03870554148498,53.4405168955687],[-3.0383292593943,53.4405201650855],[-3.0383237838284,53.4402954944541],[-3.03794750363633,53.4402987627585],[-3.03794203011556,53.4400740920909],[-3.0375657518221,53.4400773591828],[-3.03756028034643,53.4398526884791],[-3.03718400395157,53.4398559543585],[-3.0368077274835,53.4398592190529],[-3.03643145094225,53.439862482562],[-3.03642598545526,53.4396378117676],[-3.03642052004139,53.4394131409643],[-3.03641505470066,53.4391884701522],[-3.03640958943306,53.4389637993311],[-3.03640412423858,53.4387391285012],[-3.03602785748304,53.438742390689],[-3.03602239433338,53.4385177198229],[-3.03601693125682,53.438293048948],[-3.03639319406901,53.4382897868147],[-3.03676945680805,53.4382865234963],[-3.03714571947391,53.4382832589928],[-3.03714025055554,53.4380585881908],[-3.03713478171034,53.4378339173798],[-3.03712931293831,53.43760924656],[-3.03750556961614,53.4376059809533],[-3.03750009894574,53.4373813101518],[-3.03749462834852,53.4371566393415],[-3.03748915782451,53.4369319685223],[-3.03748368737369,53.4367072976943],[-3.03710743858192,53.436710563192],[-3.03673118971696,53.4367138275046],[-3.03672572328224,53.4364891566131],[-3.03634947631557,53.4364924197135],[-3.03634401192541,53.4362677487859],[-3.03596776685702,53.436271010674],[-3.03596230451138,53.4360463397103],[-3.03595684223882,53.4358216687377],[-3.0355806010401,53.4358249293864],[-3.0352043597683,53.4358281888501],[-3.03482811842344,53.4358314471288],[-3.03483357478187,53.4360561181831],[-3.03445733136635,53.4360593752178],[-3.03445187698302,53.4358347041328],[-3.03444642267289,53.4356100330388],[-3.03444096843594,53.4353853619359],[-3.03406473086426,53.4353886176336],[-3.03405927867922,53.4351639464921],[-3.03405382656734,53.4349392753417],[-3.03404837452862,53.4347146041824],[-3.03404292256306,53.4344899330141],[-3.03403747067066,53.4342652618368],[-3.03366124291912,53.4342685162019],[-3.03365579307846,53.4340438449861],[-3.03365034331092,53.4338191737614],[-3.03402656710531,53.4338159194555],[-3.03403201885141,53.4340405906507],[-3.03440824455118,53.4340373351304],[-3.034784470184,53.434034078375],[-3.03516069575878,53.434030820314],[-3.03553692126053,53.4340275610681],[-3.0355423809773,53.4342522321389],[-3.03591860837713,53.4342489716809],[-3.03629483570387,53.4342457100379],[-3.03628937204477,53.4340210390215],[-3.03628390845877,53.4337963679962],[-3.03590768507433,53.4337996295847],[-3.0359022234884,53.4335749585097],[-3.03552600201025,53.4335782188887],[-3.03552054196423,53.4333535476226],[-3.03551508199138,53.4331288763476],[-3.03589129951933,53.4331256160201],[-3.03626751697407,53.4331223545076],[-3.03627298089709,53.4333470257311],[-3.03664920025368,53.433343763008],[-3.03702541953699,53.4333404991],[-3.03703088748345,53.4335651702633],[-3.03740710866858,53.4335619051446],[-3.03740163874701,53.4333372340071],[-3.03739616889874,53.4331125628608],[-3.03739069912375,53.4328878917056],[-3.03701448386386,53.432891156747],[-3.03663826853069,53.4328944206036],[-3.03626205312425,53.4328976832752],[-3.03588583764457,53.432900944762],[-3.03550962209169,53.4329042050638],[-3.03550416226515,53.4326795337712],[-3.03512794861411,53.4326827928624],[-3.03475173488992,53.4326860507688],[-3.03437552115504,53.4326893073514],[-3.03437006733643,53.4324646359705],[-3.03399385553007,53.4324678913066],[-3.03361764365033,53.4324711454578],[-3.03361219387635,53.4322464740171],[-3.03323598390888,53.4322497269579],[-3.03323053619383,53.4320250554829],[-3.03285432813864,53.4320283072134],[-3.03284888248247,53.4318036357041],[-3.03284343689957,53.4315789641859],[-3.03321964098363,53.4315757125064],[-3.03321419348848,53.4313510410049],[-3.03320874606662,53.4311263694945],[-3.03320329871805,53.4309016979754],[-3.03282710059048,53.4309049495785],[-3.03282165530065,53.4306802780251],[-3.03244545908523,53.430683528418],[-3.03244001585408,53.4304588568303],[-3.03243457269617,53.4302341852337],[-3.03242912961149,53.4300095136283],[-3.03205293927898,53.4300127627601],[-3.03204749825288,53.4297880911204],[-3.03204205729999,53.4295634194719],[-3.03203661642029,53.4293387478146],[-3.03166043197049,53.4293419956853],[-3.03165499314926,53.4291173239937],[-3.03164955440121,53.4288926522933],[-3.0312733738487,53.4288958989284],[-3.03126793715903,53.4286712271937],[-3.03126250054251,53.4284465554503],[-3.03125706399913,53.428221883698],[-3.03088088932899,53.4282251290721],[-3.03087545484389,53.4280004572855],[-3.03087002043189,53.4277757854902],[-3.03049384965885,53.4277790296288],[-3.03048841730505,53.4275543577992],[-3.03048298502434,53.4273296859607],[-3.03010681814831,53.4273329288638],[-3.03010138792571,53.4271082569912],[-3.03009595777616,53.4268835851097],[-3.03009052769967,53.4266589132194],[-3.03008509769623,53.4264342413203],[-3.03007966776584,53.4262095694124],[-3.0300742379085,53.4259848974956],[-3.03006880812422,53.42576022557],[-3.03044496110562,53.4257569828446],[-3.03043952940954,53.4255323109355],[-3.03043409778653,53.4253076390177],[-3.03042866629787,53.4250829670526],[-3.03005251926553,53.4250862097017],[-3.02967637216028,53.4250894511663],[-3.02967094471925,53.4248647791294],[-3.02966551735109,53.4246401070836],[-3.02928937413148,53.4246433473109],[-3.02929479952039,53.424868019383],[-3.02891865424867,53.4248712584522],[-3.02891323083902,53.4246465863537],[-3.02890780750217,53.4244219142463],[-3.0292839488154,53.4244186752299],[-3.02966009005578,53.424415435029],[-3.03003623122327,53.4244121936436],[-3.03003080202162,53.4241875216066],[-3.03002537289285,53.4239628495606],[-3.02964923568373,53.4239660908933],[-3.02964380860698,53.4237414188121],[-3.02926767330413,53.4237446589338],[-3.02889153792842,53.4237478978711],[-3.02888611488277,53.4235232257283],[-3.02850998141336,53.4235264634546],[-3.02851540247989,53.4237511356238],[-3.02813926695855,53.4237543721921],[-3.02813384787116,53.4235296999965],[-3.0281284288565,53.4233050277922],[-3.02775229722062,53.4233082631233],[-3.02774688025778,53.4230835908837],[-3.02774146336765,53.4228589186353],[-3.02773604655024,53.422634246378],[-3.02735992077876,53.4226374804456],[-3.02735450601305,53.4224128081531],[-3.02734909132003,53.4221881358518],[-3.0269729694338,53.4221913686823],[-3.02696755679241,53.4219666963458],[-3.02734367669969,53.4219634635416],[-3.02733826215204,53.4217387912226],[-3.02696214422367,53.4217420240005],[-3.02658602622261,53.4217452555939],[-3.02658061570542,53.4215205832134],[-3.02657520526085,53.421295910824],[-3.0265697948889,53.4210712384258],[-3.02619368275179,53.4210744687559],[-3.02618827443128,53.4208497963225],[-3.02656438458958,53.4208465660187],[-3.02655897436287,53.4206218936028],[-3.02618286618336,53.4206251238803],[-3.02580675793123,53.4206283529735],[-3.02580135173467,53.4204036804961],[-3.02579594561067,53.4201790080098],[-3.02541984124344,53.4201822358661],[-3.02541443717071,53.4199575633447],[-3.02540903317053,53.4197328908145],[-3.02540362924287,53.4195082182754],[-3.02502753073913,53.4195114448684],[-3.02465143216284,53.4195146702772],[-3.02427533351405,53.4195178945017],[-3.02426993559483,53.4192932218749],[-3.02389383885218,53.4192964448888],[-3.02388844298402,53.419071772227],[-3.02388304718828,53.4188470995563],[-3.02425913997373,53.4188438765949],[-3.02425374227186,53.4186192039416],[-3.02424834464244,53.4183945312795],[-3.02387225581407,53.4183977541884],[-3.0238668602356,53.4181730814912],[-3.02386146472954,53.4179484087851],[-3.02385606929591,53.4177237360701],[-3.02347998633051,53.4177269577161],[-3.02347459294772,53.4175022849661],[-3.02309851188833,53.4175055054016],[-3.02309312055632,53.4172808326165],[-3.02346919963731,53.4172776122072],[-3.02346380639929,53.4170529394394],[-3.0234584133103,53.4168282666073],[-3.02308233818196,53.416831486971],[-3.02307694723483,53.4166068140468],[-3.02270087400883,53.4166100332114],[-3.02269548510853,53.4163853602642],[-3.02269009628046,53.4161606873084],[-3.02231402693135,53.4161639052594],[-3.02230864015003,53.4159392322806],[-3.02230325344091,53.4157145592933],[-3.02267931884098,53.4157113413714],[-3.02267393022957,53.4154866683901],[-3.02229786680398,53.4154898862975],[-3.02192180330616,53.4154931030204],[-3.02154573973616,53.4154963185588],[-3.02154035712033,53.4152716455254],[-3.02116429545262,53.4152748598648],[-3.02078823371277,53.4152780730198],[-3.02078285511794,53.4150533999489],[-3.02040679528041,53.4150566119049],[-3.02040141873207,53.4148319388109],[-3.02039604225579,53.4146072657085],[-3.02001998629496,53.4146104764511],[-3.02001461186509,53.4143858033257],[-3.01963855780656,53.4143890128694],[-3.01963318542304,53.414164339721],[-3.02000923750724,53.4141611301917],[-3.02000386322141,53.4139364570493],[-3.02037991325925,53.4139332463501],[-3.02037453707117,53.4137085732136],[-3.02075058506266,53.4137053613445],[-3.02074520697238,53.413480688214],[-3.02036916095514,53.4134839000686],[-3.02036378491115,53.4132592269151],[-3.01998774079606,53.4132624375708],[-3.01998236679832,53.4130377643942],[-3.01960632458538,53.4130409738511],[-3.01923028230041,53.4130441821236],[-3.01885423994346,53.4130473892118],[-3.01884887194025,53.4128227159833],[-3.01922491232303,53.4128195089097],[-3.01960095263382,53.4128163006516],[-3.01959558075425,53.4125916274436],[-3.01959020894668,53.412366954227],[-3.01921417258415,53.4123701624562],[-3.01921954241761,53.4125948356872],[-3.01884350400898,53.4125980427464],[-3.01846746552838,53.4126012486213],[-3.01809142697584,53.4126044533118],[-3.01771538840937,53.4126076567058],[-3.01771002647801,53.4123829834049],[-3.01808606306475,53.4123797800375],[-3.01808069922553,53.4121551067546],[-3.01770466461866,53.4121583100951],[-3.01769930283133,53.4119336367765],[-3.01769394111602,53.411708963449],[-3.01731791041295,53.4117121655192],[-3.0173232701485,53.4119368388738],[-3.01694723739365,53.4119400397871],[-3.01694187963787,53.4117153664055],[-3.01693652195405,53.4114906930149],[-3.01693116434219,53.4112660196156],[-3.01655513745458,53.4112692192637],[-3.01654978189436,53.4110445458284],[-3.01654442640607,53.4108198723842],[-3.01653907098972,53.4105951989311],[-3.01616304996913,53.4105983973142],[-3.01615769660431,53.4103737238252],[-3.01615234331139,53.4101490503273],[-3.01577632617807,53.4101522474724],[-3.01578167749141,53.4103769209973],[-3.01540565830661,53.4103801169856],[-3.01541100771221,53.4106047905287],[-3.01503498647592,53.41060798536],[-3.01465896516779,53.4106111790075],[-3.01465361972142,53.4103865054104],[-3.01464827434684,53.4101618318044],[-3.01464292904406,53.4099371581895],[-3.01426691360287,53.4099403505721],[-3.01426157035141,53.4097156769213],[-3.01425622717171,53.4094910032617],[-3.01463223865385,53.4094878109332],[-3.01500825006418,53.4094846174208],[-3.01538426140267,53.4094814227245],[-3.01537891235629,53.4092567491371],[-3.01575492164342,53.4092535532839],[-3.01574957068943,53.4090288797146],[-3.0157442198073,53.4088042061365],[-3.01612022506366,53.4088010091536],[-3.01649623024811,53.4087978109868],[-3.01649087555365,53.4085731372846],[-3.01611487233783,53.4085763354487],[-3.01610952033159,53.4083516602653],[-3.01610416839706,53.4081269850735],[-3.01609881653423,53.4079023098731],[-3.01609346474312,53.4076776346643],[-3.01571746934808,53.4076808315921],[-3.01571211960173,53.4074561563618],[-3.01570676992706,53.407231481123],[-3.01608276137601,53.4072282842212],[-3.01607740980001,53.407003608987],[-3.01570142032407,53.4070068058758],[-3.01569607079276,53.40678213062],[-3.0153200832181,53.4067853263116],[-3.01531473573142,53.4065606510344],[-3.01493875005805,53.4065638455288],[-3.01493340461595,53.4063391702301],[-3.01492805924547,53.406114494923],[-3.0149227139466,53.4058898196073],[-3.01454673412031,53.4058930128787],[-3.01454139086591,53.4056683375415],[-3.01453604768311,53.4054436621959],[-3.01491202356372,53.4054404689506],[-3.01490667847971,53.4052157936095],[-3.01528265231589,53.405212599193],[-3.01527730533071,53.4049879238565],[-3.01565327712246,53.4049847282689],[-3.01602924884251,53.4049815314973],[-3.01602389798349,53.4047568561783],[-3.01564792823617,53.4047600529369],[-3.01527195841717,53.4047632485114],[-3.01489598852651,53.4047664429019],[-3.01489064365733,53.4045417675354],[-3.01488529885976,53.4043170921604],[-3.01450933284287,53.4043202853408],[-3.01450399008958,53.4040956099444],[-3.01487995413379,53.4040924167769],[-3.01487460947944,53.403867741385],[-3.01449864740786,53.4038709345395],[-3.01412268526468,53.4038741265099],[-3.01411734462716,53.4036494510835],[-3.01411200406119,53.4034247756487],[-3.01410666356677,53.4032001002053],[-3.01448261979218,53.4031969082738],[-3.01447727739677,53.402972232835],[-3.01447193507294,53.4027475573877],[-3.01446659282067,53.4025228819319],[-3.01446125063998,53.4022982064676],[-3.01445590853086,53.4020735309948],[-3.0144505664933,53.4018488555136],[-3.01482651081231,53.401845662476],[-3.01482116687394,53.4016209869993],[-3.01519710914895,53.4016177927907],[-3.01519176330984,53.4013931173185],[-3.01556770354086,53.401389921939],[-3.01594364370021,53.4013867253757],[-3.01631958378786,53.4013835276283],[-3.01631423210341,53.4011588521867],[-3.01669017014703,53.4011556532685],[-3.0170661081189,53.4011524531663],[-3.017442046019,53.4011492518803],[-3.01781798384729,53.4011460494104],[-3.01819392187194,53.401142845092],[-3.01818856039529,53.4009181697123],[-3.01856449666415,53.4009149635067],[-3.01894043286145,53.4009117561163],[-3.01931636898716,53.4009085475411],[-3.01969230504126,53.4009053377813],[-3.01968693579156,53.400680662328],[-3.02006286981288,53.400677451367],[-3.02043880376254,53.4006742392212],[-3.02043343066223,53.4004495637275],[-3.02080936257908,53.4004463503805],[-3.02118529442422,53.4004431358489],[-3.02117991802332,53.4002184587082],[-3.02155584787593,53.400215242863],[-3.02155047174447,53.3999905594154],[-3.02192639957223,53.3999873423704],[-3.02230232732843,53.3999841241406],[-3.02267825501305,53.3999809047262],[-3.02268363700447,53.4002055882188],[-3.02305956657079,53.4002023676347],[-3.02343549606548,53.4001991458658],[-3.02381142548851,53.4001959229122],[-3.02418735483984,53.4001926987739],[-3.02419274660039,53.4004173769455],[-3.0245686777989,53.4004141517513],[-3.02457407247133,53.4006388274251],[-3.02495000555895,53.4006356010625],[-3.02495540226446,53.400860276745],[-3.02533133724119,53.4008570492139],[-3.02533673597983,53.4010817249051],[-3.02571267284567,53.4010784962056],[-3.02608860963946,53.4010752663214],[-3.02609401237245,53.4012999420375],[-3.02646995105531,53.4012967109847],[-3.02647535582157,53.4015213867095],[-3.0268512963935,53.4015181544883],[-3.02685670319308,53.4017428302217],[-3.02723264565409,53.4017395968319],[-3.02723805448703,53.4019642725739],[-3.02761399883711,53.4019610380156],[-3.02761940970347,53.4021857137662],[-3.02799535594263,53.4021824780394],[-3.02800076884246,53.4024071537986],[-3.0280061818145,53.4026318295502],[-3.02801159485875,53.4028565052942],[-3.02838754690964,53.4028532684312],[-3.02839296198747,53.4030779441838],[-3.02876891592748,53.4030747061522],[-3.02914486979519,53.4030714669358],[-3.02915028886806,53.4032961427131],[-3.02952624462486,53.403292902328],[-3.02990220030932,53.4032896607581],[-3.02990762337732,53.4035143365602],[-3.03028358095084,53.4035110938216],[-3.03065953845197,53.4035078498982],[-3.0306649655152,53.403732525725],[-3.03104092490535,53.4037292806328],[-3.03104635400245,53.4039539564682],[-3.03142231528162,53.4039507102073],[-3.03179827648832,53.4039474627615],[-3.03180370958084,53.4041721386215],[-3.03217967267653,53.404168890007],[-3.03255563569969,53.4041656402076],[-3.03256107278772,53.4043903160923],[-3.03293703769985,53.4043870651241],[-3.03331300253939,53.404383812971],[-3.03368896730632,53.404380559633],[-3.03368352433374,53.4041558837],[-3.03405948706653,53.404152629161],[-3.03443544972665,53.4041493734371],[-3.03481141240768,53.4041461162318],[-3.03518737517759,53.4041428573294],[-3.03556333787499,53.4041395972413],[-3.03593930049985,53.4041363359676],[-3.03631526305215,53.4041330735081],[-3.03630980645248,53.4039083973485],[-3.03668576697861,53.4039051336601],[-3.03706172743213,53.4039018687861],[-3.037437687813,53.4038986027264],[-3.03744315027342,53.4041232790157],[-3.03744861280648,53.4043479552981],[-3.03782457702188,53.4043446881391],[-3.03820054116458,53.4043414197944],[-3.03857650523456,53.404338150264],[-3.03857103684068,53.4041134738521],[-3.03894699888431,53.4041102030928],[-3.03932296085517,53.4041069311479],[-3.03969892275323,53.4041036580173],[-3.04007488457847,53.404100383701],[-3.04045084633085,53.404097108199],[-3.04082680801036,53.4040938315113],[-3.04120276961697,53.4040905536379],[-3.04157873115065,53.4040872745788],[-3.04195469261137,53.404083994334],[-3.04233065399911,53.4040807129036],[-3.04233614192894,53.4043053897466],[-3.04271210519726,53.4043021071735],[-3.04308806839255,53.4042988234147],[-3.04346403151477,53.4042955384702],[-3.04346952537843,53.4045202154355],[-3.04384549038118,53.4045169293483],[-3.04422145531081,53.4045136420754],[-3.04422695315482,53.4047383191199],[-3.04460291996495,53.4047350307043],[-3.04460841983574,53.404959707785],[-3.04498438852636,53.4049564182267],[-3.04498989042399,53.4051810953435],[-3.0453658609951,53.4051778046424],[-3.04537136491962,53.4054024817955],[-3.04574733737121,53.4053991899516],[-3.04575284332268,53.4056238671408],[-3.04575834934739,53.4058485443232],[-3.04613432563323,53.4058452513795],[-3.04613983368496,53.4060699285981],[-3.0465158118513,53.4060666345116],[-3.04652132193011,53.4062913117662],[-3.04689730197695,53.4062880165369],[-3.0469028140829,53.4065126938277],[-3.04727879601024,53.4065093974555],[-3.04728431014337,53.4067340747824],[-3.04766029395121,53.4067307772674],[-3.04766581011157,53.4069554546304],[-3.04804179579991,53.4069521559725],[-3.04804731398756,53.4071768333716],[-3.04842330155639,53.4071735335707],[-3.04879928905177,53.4071702325841],[-3.0488048112207,53.4073949100622],[-3.04918080059655,53.4073916079325],[-3.0491863247929,53.4076162854467],[-3.0495623160492,53.4076129821742],[-3.04993830723198,53.4076096777157],[-3.04994383540979,53.4078343553088],[-3.050319828473,53.4078310497074],[-3.05032535867836,53.4080557273366],[-3.050701353622,53.4080524205921],[-3.05070688585496,53.4082770982574],[-3.05108288267902,53.4082737903699],[-3.05108841693963,53.4084984680711],[-3.05146441561071,53.4084951590824],[-3.05146995319576,53.4087198338122],[-3.05147549191593,53.4089445060728],[-3.05185149434621,53.4089411960701],[-3.05185703511067,53.4091658683147],[-3.05223303943694,53.4091625571199],[-3.05223858224575,53.4093872293485],[-3.05261458846801,53.4093839169616],[-3.05262013332122,53.4096085891741],[-3.05262567824863,53.4098332613784],[-3.05300168833712,53.4098299477917],[-3.05300723530901,53.4100546199799],[-3.05338324729351,53.410051305201],[-3.05338879630994,53.4102759773732],[-3.05376481019044,53.4102726614022],[-3.05375925920372,53.4100479892377],[-3.05413527103962,53.4100446720899],[-3.05412971815692,53.4098199999249],[-3.05412416534854,53.4095953277516],[-3.05374815745315,53.4095986448839],[-3.0537426066893,53.4093739726945],[-3.05411861261447,53.4093706555699],[-3.05449461846531,53.4093673372609],[-3.05487062424178,53.4093640177675],[-3.05524662994386,53.4093606970897],[-3.05562263557152,53.4093573752275],[-3.05561707503103,53.4091327030686],[-3.05599307861407,53.4091293800297],[-3.05636908212264,53.4091260558064],[-3.05636351771626,53.4089013836548],[-3.05673951918019,53.4088980582549],[-3.05711552056959,53.4088947316706],[-3.05710995229743,53.4086700595263],[-3.05748595164217,53.4086667317654],[-3.05748038325251,53.4084420552892],[-3.05785638060117,53.4084387262214],[-3.05785081114406,53.4082140477108],[-3.05784524176109,53.4079893691934],[-3.05783967245225,53.4077646906693],[-3.05821566386039,53.4077613602809],[-3.05821009267029,53.4075366817052],[-3.05820452155435,53.4073120031227],[-3.05819895051257,53.4070873245335],[-3.05819337954494,53.4068626459376],[-3.05856936305745,53.4068593141839],[-3.05856379020869,53.4066346355363],[-3.0589397716917,53.4066313025519],[-3.05894534649576,53.4068559812443],[-3.05932132985985,53.4068526471188],[-3.05932690669345,53.4070773258492],[-3.05970289193861,53.4070739905826],[-3.0600788771095,53.4070706541301],[-3.06045486220609,53.4070673164916],[-3.06046044497996,53.4072919953497],[-3.06008445792802,53.4072953329434],[-3.05970847080179,53.4072986693511],[-3.05933248360127,53.4073020045729],[-3.05933806058334,53.4075266832899],[-3.05971404973923,53.4075233481129],[-3.05971962875094,53.4077480268679],[-3.06009561978794,53.4077446905498],[-3.06047161075064,53.4077413530457],[-3.06047719374747,53.4079660318836],[-3.06010120082934,53.4079693693429],[-3.06010678194504,53.4081940481292],[-3.06048277681862,53.4081907107148],[-3.06048835996409,53.4084153895392],[-3.0608643567188,53.4084120509835],[-3.06124035339915,53.4084087112418],[-3.06124594098367,53.4086333890153],[-3.0612515309271,53.4088580610729],[-3.06125712094534,53.4090827331223],[-3.06126271103839,53.4093074051634],[-3.06088670653016,53.4093107447919],[-3.06089229472785,53.4095354168326],[-3.06089788300032,53.4097600888649],[-3.06127389144895,53.4097567492206],[-3.06164989982273,53.4097534083917],[-3.06165549211048,53.4099780803999],[-3.06166108447307,53.4102027523998],[-3.06128507215878,53.4102060932445],[-3.06129066262593,53.410430765244],[-3.0612962531679,53.4106554372352],[-3.0616722694228,53.4106520963747],[-3.06167786200995,53.4108767683496],[-3.06168345467194,53.4111014403163],[-3.06205947479268,53.4110980982554],[-3.06206506949993,53.4113227702058],[-3.06244109151616,53.4113194269524],[-3.06281711345747,53.4113160825145],[-3.06282271218044,53.4115407544407],[-3.0631987360172,53.4115374088104],[-3.06320433678555,53.4117620807203],[-3.06282831097834,53.4117654263586],[-3.06283390985119,53.4119900982682],[-3.06283950879897,53.4122147701694],[-3.06284510782169,53.4124394420624],[-3.06285070691936,53.412664113947],[-3.06247467315513,53.4126674584327],[-3.06248027035715,53.4128921303169],[-3.0624858676341,53.4131168021929],[-3.06249146498596,53.4133414740606],[-3.06249706241274,53.41356614592],[-3.06287310405945,53.4135628014025],[-3.06287870353184,53.4137874732455],[-3.06325474707426,53.4137841275355],[-3.06326034859231,53.4140087993623],[-3.06363639403045,53.4140054524596],[-3.06364199759421,53.4142301242701],[-3.06364760123298,53.4144547960723],[-3.06402365053759,53.4144514479691],[-3.06439969976713,53.4144480986811],[-3.06440530742248,53.4146727704591],[-3.06478135854773,53.4146694199785],[-3.06478696824896,53.4148940917401],[-3.06479257802527,53.4151187634934],[-3.06441652295838,53.41512211399],[-3.06404046781639,53.4151254633019],[-3.06403486198175,53.4149007915326],[-3.06365880873555,53.4149041396519],[-3.06328275541431,53.4149074865865],[-3.06327715359634,53.4146828147929],[-3.06290110217091,53.4146861605348],[-3.06252505067051,53.4146895050922],[-3.0625194528691,53.4144648332744],[-3.06214340326454,53.4144681766391],[-3.06176735358505,53.4144715188191],[-3.06176175980011,53.4142468469771],[-3.06138571201649,53.4142501879646],[-3.061009664158,53.4142535277675],[-3.06100407438942,53.4140288559013],[-3.06099848469566,53.4138041840268],[-3.06062244070379,53.4138075226292],[-3.06061685305554,53.4135828507385],[-3.06024081095955,53.4135861881484],[-3.05986476878878,53.4135895243737],[-3.05985918515665,53.4133648524588],[-3.05948314488179,53.4133681874916],[-3.05948872654324,53.4135928594144],[-3.05911268422297,53.4135961932705],[-3.05911826398844,53.4138208651928],[-3.05949430827941,53.4138175313288],[-3.05987035249564,53.4138141962802],[-3.05987593627724,53.4140388681784],[-3.06025198238943,53.4140355319373],[-3.06025756821652,53.4142602038194],[-3.06063361622467,53.4142568663858],[-3.06063920409729,53.4144815382516],[-3.06026315411837,53.4144848756931],[-3.06026874009499,53.4147095475585],[-3.06064479204471,53.4147062101091],[-3.06065038006693,53.4149308819582],[-3.06102643391266,53.4149275433163],[-3.06103202398053,53.4151522151492],[-3.06140807972226,53.4151488753146],[-3.06178413538912,53.4151455342954],[-3.06178972947356,53.4153702061042],[-3.06216578703639,53.4153668638923],[-3.06217138316662,53.4155915356849],[-3.06217697937175,53.4158162074691],[-3.06180091786709,53.4158195496969],[-3.06180651217618,53.4160442214808],[-3.0621825756518,53.4160408792451],[-3.06218817200675,53.4162655510127],[-3.06219376843661,53.416490222772],[-3.06256983577928,53.4164868793357],[-3.06257543425508,53.4167115510787],[-3.06295150349382,53.4167082064497],[-3.06295710403194,53.4169328781386],[-3.06333317515465,53.416929532345],[-3.06333877855377,53.4171542021363],[-3.0637148515863,53.417150855129],[-3.06372045704613,53.4173755248818],[-3.0633443820283,53.4173788719187],[-3.06334998557826,53.4176035416921],[-3.06297390849966,53.4176068875745],[-3.06297951013969,53.4178315573686],[-3.06335558920363,53.4178282114565],[-3.06336119290443,53.418052881212],[-3.06373727387828,53.4180495340862],[-3.06373166819212,53.4178248643604],[-3.06410774710512,53.4178215160801],[-3.06448382594263,53.4178181666157],[-3.06448943559953,53.4180428362823],[-3.06411335477666,53.4180461857763],[-3.06411896252368,53.4182708554636],[-3.06449504533194,53.4182675059399],[-3.06450065513986,53.4184921755886],[-3.06450626502328,53.4187168452284],[-3.06488235172688,53.4187134944612],[-3.06487673985801,53.4184888248511],[-3.06487112806467,53.4182641552321],[-3.06524721072185,53.4182608033401],[-3.06524159701865,53.4180361337417],[-3.06561767761484,53.4180327806953],[-3.06561206200184,53.4178081111177],[-3.06598814053706,53.4178047569167],[-3.0659825230143,53.4175800873598],[-3.06635859948854,53.4175767320045],[-3.06673467588712,53.417573375465],[-3.06672905446936,53.4173487059585],[-3.06710512880695,53.4173453482646],[-3.06748120306881,53.4173419893866],[-3.06748682845719,53.4175666588337],[-3.06749245392127,53.4177913282718],[-3.06786853207803,53.4177879681502],[-3.06787415960319,53.4180126375496],[-3.06787978720409,53.4182373069401],[-3.06788541488074,53.4184619763216],[-3.0682614991082,53.4184586146245],[-3.06826712883547,53.4186832839737],[-3.06827275863789,53.4189079533145],[-3.06827838851546,53.4191326226469],[-3.06828401846819,53.4193572919709],[-3.06866011056477,53.4193539289073],[-3.06866574255732,53.4195785982116],[-3.06867137462505,53.4198032675074],[-3.06867700676797,53.4200279367949],[-3.06868263898607,53.4202526060739],[-3.06868827127936,53.4204772753446],[-3.06869390364784,53.4207019446068],[-3.0690700074576,53.4206985802905],[-3.0690756418661,53.420923249533],[-3.06945174756544,53.4209198840206],[-3.06944611119213,53.4206952147894],[-3.06982221485138,53.4206918481036],[-3.07019831843533,53.4206884802329],[-3.07057442194396,53.4206851111774],[-3.07095052537724,53.4206817409372],[-3.07094488121998,53.4204570717431],[-3.0713209826131,53.4204537003295],[-3.07169708393081,53.420450327731],[-3.07207318517309,53.4204469539478],[-3.07244928633992,53.4204435789797],[-3.07244363439895,53.4202189098229],[-3.07281973352554,53.4202155336815],[-3.07319583257663,53.4202121563554],[-3.07357193155218,53.4202087778445],[-3.07394803045217,53.4202053981488],[-3.07394237072773,53.4199807290293],[-3.07431846758741,53.4199773481603],[-3.07469456437148,53.4199739661065],[-3.0746889007932,53.4197492970016],[-3.07468323729052,53.4195246278883],[-3.07430714443582,53.4195280099191],[-3.07393105150552,53.4195313907652],[-3.07355495849964,53.4195347704265],[-3.07356061610829,53.4197594395742],[-3.07318452106217,53.4197628180623],[-3.07280842594053,53.4197661953655],[-3.07243233074338,53.419769571484],[-3.07243798253344,53.4199942406577],[-3.07206188529611,53.4199976156029],[-3.07168578798333,53.4200009893633],[-3.07130969059512,53.4200043619389],[-3.07093359313151,53.4200077333298],[-3.07092794920029,53.4197830641105],[-3.07130404469918,53.419779692731],[-3.07168014012268,53.4197763201668],[-3.07167449233743,53.4195516509619],[-3.07205058572082,53.4195482772243],[-3.07242667902877,53.419544902302],[-3.07280277226123,53.4195415261949],[-3.07279711865741,53.4193168570159],[-3.07317320984973,53.4193134797355],[-3.07354930096651,53.4193101012704],[-3.07354364350891,53.4190854321059],[-3.07391973258552,53.4190820524675],[-3.07392539200775,53.4193067216206],[-3.0743014829734,53.419303340786],[-3.07429582158656,53.4190786716444],[-3.07467191051198,53.4190752896365],[-3.07466624723612,53.418850620498],[-3.07429016027529,53.4188540024943],[-3.0742844990396,53.4186293333359],[-3.07427883787948,53.4184046641691],[-3.07427317679493,53.4181799949939],[-3.07426751578596,53.4179553258102],[-3.07389143660764,53.417958706576],[-3.0738857776387,53.4177340373725],[-3.0738801187453,53.4175093681606],[-3.07387445992745,53.4172846989402],[-3.07386880118513,53.4170600297115],[-3.0738631429434,53.4168353594101],[-3.07423921231567,53.4168319786524],[-3.07461528161239,53.4168285967094],[-3.0746096201223,53.4166039248659],[-3.07498568738041,53.4166005417243],[-3.07499135083353,53.416825213581],[-3.07536741997908,53.4168218292671],[-3.07537308601397,53.4170464997241],[-3.07537875261381,53.417271168907],[-3.07575482559629,53.417267783437],[-3.07613089850307,53.4172643967824],[-3.07613656910737,53.4174890659338],[-3.07651264390282,53.417485678083],[-3.07688871862252,53.4174822890476],[-3.07689439323138,53.4177069581675],[-3.07690006791599,53.4179316272789],[-3.0765239892674,53.4179350163374],[-3.07652966206329,53.4181596854521],[-3.07615358137447,53.4181630733374],[-3.07577750060992,53.4181664600381],[-3.07578316955251,53.4183911291673],[-3.07540708674775,53.4183945146948],[-3.07541275380148,53.4186191838272],[-3.07578883857079,53.4186157982882],[-3.07579450766474,53.4188404674006],[-3.0761705943229,53.4188370806654],[-3.07654668090532,53.4188336927454],[-3.07692276741199,53.4188303036408],[-3.07692844247539,53.4190549727102],[-3.07693411761455,53.4192796417712],[-3.07655802717869,53.419283030899],[-3.07656370042897,53.4195076999631],[-3.07693979282947,53.4195043108239],[-3.07731588515418,53.4195009204998],[-3.07731020797462,53.4192762514588],[-3.07768629825887,53.4192728599616],[-3.07769197740307,53.4194975289911],[-3.07769765662309,53.4197221980122],[-3.07770333591892,53.4199468670249],[-3.07732723974068,53.4199502585568],[-3.07733291714762,53.4201749275726],[-3.07733859463036,53.4203995965801],[-3.07771469473806,53.4203962050251],[-3.07770901529058,53.4201715360292],[-3.07808511335769,53.420168143301],[-3.07809079476991,53.4203928122853],[-3.07809647625798,53.4206174812612],[-3.07772037426136,53.4206208740125],[-3.07772605386049,53.4208455429916],[-3.07773173353544,53.4210702119623]]],[[[-3.03361764365033,53.4324711454578],[-3.03362309349763,53.4326958168897],[-3.03362854341826,53.4329204883127],[-3.03400475926934,53.4329172341105],[-3.03438097504704,53.4329139787235],[-3.03438642901242,53.4331386500867],[-3.03439188305119,53.4333633214411],[-3.03401566330205,53.4333665768792],[-3.03363944347953,53.4333698311323],[-3.03363399341223,53.4331451597269],[-3.03325777550208,53.4331484127697],[-3.03325232749383,53.43292374133],[-3.03324687955887,53.4326990698814],[-3.03324143169723,53.4324743984241],[-3.03361764365033,53.4324711454578]]],[[[-3.07008163891995,53.4310266215211],[-3.07045783355406,53.4310232536012],[-3.07083402811206,53.4310198844955],[-3.0712102225939,53.431016514204],[-3.07121586969918,53.4312411829879],[-3.07122151688061,53.4314658517641],[-3.07084531841749,53.4314692220415],[-3.07085096368439,53.4316938908028],[-3.07085660902741,53.4319185595561],[-3.07086225444657,53.4321432283017],[-3.07086789994185,53.4323678970394],[-3.07087354551327,53.4325925657692],[-3.07124975393006,53.4325891955269],[-3.07125540156842,53.4328138642559],[-3.07126104928294,53.4330385329771],[-3.07126669707362,53.4332632016904],[-3.07127234494047,53.4334878703958],[-3.07164856124449,53.4334844989958],[-3.07165421109452,53.4337091682536],[-3.07203042932562,53.4337057956883],[-3.07240664747988,53.4337024219354],[-3.07241230135,53.4339270918326],[-3.07241795529695,53.4341517617237],[-3.07242360932074,53.4343764316087],[-3.07242926342137,53.4346011014877],[-3.07280548954171,53.4345977268111],[-3.07281114572999,53.43482239675],[-3.07318737378423,53.4348190209516],[-3.07318171558515,53.4345943509467],[-3.07355794155167,53.4345909738946],[-3.07355228141871,53.4343663038177],[-3.07392850529751,53.4343629255119],[-3.07430472909933,53.4343595460184],[-3.07429906502182,53.4341348758034],[-3.07429340102129,53.4339102055824],[-3.07391718124092,53.4339135852078],[-3.07391151932805,53.4336889150467],[-3.07428773709773,53.4336855353553],[-3.07428207323714,53.4334608659901],[-3.07465828893069,53.4334574851028],[-3.07465262314586,53.4332328163345],[-3.07427640944319,53.4332361972287],[-3.07390019566412,53.4332395769371],[-3.07352398180867,53.4332429554595],[-3.07351832207281,53.4330182867042],[-3.07351266241328,53.4327936179411],[-3.07388887228703,53.4327902394047],[-3.07388321071301,53.4325655706267],[-3.07425941851959,53.4325621908976],[-3.07426508208442,53.4327868596825],[-3.0746412918054,53.4327834787744],[-3.07501750144996,53.4327800966804],[-3.07539371101807,53.4327767134006],[-3.0757699205097,53.4327733289349],[-3.07576424898167,53.4325486601222],[-3.076140456406,53.4325452744637],[-3.07613478296369,53.4323206056363],[-3.07651098832071,53.4323172187851],[-3.07688719360118,53.432313830748],[-3.07688151625389,53.432089161899],[-3.07725771946704,53.4320857726692],[-3.07763392260357,53.4320823822535],[-3.07762824135142,53.4318577133829],[-3.07800444242061,53.4318543217745],[-3.07838064341314,53.4318509289803],[-3.07838632864671,53.4320755978647],[-3.07801012566348,53.432078990652],[-3.07801580898298,53.4323036595216],[-3.07763960393234,53.4323070511163],[-3.07726339880506,53.4323104415251],[-3.07726907821968,53.4325351103731],[-3.07689287102503,53.4325384995892],[-3.07689854852543,53.4327631684225],[-3.07652233926341,53.4327665564458],[-3.07614612992482,53.4327699432833],[-3.07615180352014,53.432994612095],[-3.0757755921142,53.4329979977396],[-3.07578126379518,53.4332226665366],[-3.07578693555265,53.4334473353256],[-3.07579260740618,53.4336720047128],[-3.07579827937248,53.4338966752036],[-3.07580395141586,53.4341213456884],[-3.07542772993295,53.4341247299988],[-3.07543340004267,53.4343494004115],[-3.07505717647194,53.4343527834682],[-3.07468095282415,53.4343561653372],[-3.07468661898941,53.434580835612],[-3.07431039325382,53.4345842162273],[-3.07431605748529,53.4348088864301],[-3.07393982966191,53.4348122657917],[-3.07356360176155,53.4348156439655],[-3.07356926204835,53.4350403140303],[-3.07319303206021,53.4350436909504],[-3.07281680199514,53.4350470666828],[-3.07282245833717,53.4352717366095],[-3.07244622618435,53.4352751110881],[-3.07245188059238,53.4354997809428],[-3.0720756463518,53.4355031541676],[-3.07169941203438,53.4355065262047],[-3.07170506249743,53.4357311959212],[-3.07132882609227,53.4357345667045],[-3.07095258961032,53.4357379363],[-3.07095823612829,53.4359626058783],[-3.07058199755863,53.43596597422],[-3.07058764214238,53.4361906437262],[-3.070211401485,53.4361940108141],[-3.06983516075092,53.4361973767141],[-3.06984080138938,53.4364220460821],[-3.06946455856761,53.4364254107282],[-3.06908831566917,53.4364287741866],[-3.06909395236224,53.4366534434163],[-3.06871770737614,53.4366568056208],[-3.06872334213477,53.4368814747783],[-3.06834709506099,53.4368848357289],[-3.0679708479668,53.436888195741],[-3.06797647877193,53.4371128647223],[-3.06760023022273,53.4371162262495],[-3.06722398159783,53.4371195865915],[-3.06722960851223,53.4373442556017],[-3.06685335782844,53.4373476147772],[-3.06647710706901,53.4373509727673],[-3.06648273009256,53.4375756418063],[-3.06610647727426,53.4375789986299],[-3.06573022438037,53.4375823542681],[-3.06573584351296,53.4378070233359],[-3.06535958856022,53.4378103778076],[-3.06498333353195,53.4378137310939],[-3.06498894877347,53.4380384001905],[-3.06461269168637,53.4380417523102],[-3.06423643452378,53.4380451032445],[-3.06424204587412,53.4382697723698],[-3.06386578665273,53.4382731221375],[-3.0634895273559,53.4382764707199],[-3.06349513481496,53.4385011398738],[-3.06311887345936,53.4385044872895],[-3.06274261202836,53.4385078335198],[-3.06274821559602,53.4387325027024],[-3.06237195210628,53.4387358477659],[-3.0619956885412,53.4387391916442],[-3.06200128821734,53.4389638608554],[-3.06162502259353,53.4389672035668],[-3.06124875689444,53.4389705450929],[-3.06087249112009,53.4389738854337],[-3.06087808492116,53.439198554692],[-3.06050181708812,53.4392018938659],[-3.06050740898092,53.4394265631342],[-3.0601311390892,53.4394299011413],[-3.0597548691223,53.4394332379631],[-3.05937859908025,53.4394365735994],[-3.05938418509769,53.4396612429147],[-3.059007912997,53.4396645773842],[-3.05863164082121,53.4396679106683],[-3.05825536857035,53.4396712427669],[-3.05826094871226,53.4398959121292],[-3.05788467440281,53.439899243061],[-3.05750840001834,53.4399025728074],[-3.05713212555887,53.4399059013683],[-3.05675585102444,53.4399092287439],[-3.05676142330708,53.4401338981714],[-3.05638514671412,53.4401372243801],[-3.05600887004626,53.4401405494033],[-3.05563259330351,53.440143873241],[-3.05525631648589,53.4401471958934],[-3.05488003959344,53.4401505173603],[-3.05450376262618,53.4401538376418],[-3.05449820224504,53.4399291681036],[-3.05487447722871,53.4399258478405],[-3.05525075213758,53.439922526392],[-3.05562702697161,53.4399192037581],[-3.05600330173078,53.4399158799388],[-3.05599773349017,53.4396912104657],[-3.0563740061909,53.4396878854794],[-3.05636843604162,53.4394632160161],[-3.05636286596723,53.4392385465443],[-3.05635729596773,53.4390138770638],[-3.05673356264305,53.4390105509475],[-3.05673913462603,53.4392352204095],[-3.05674470668392,53.4394598898629],[-3.05712097725128,53.4394565625243],[-3.0571265513676,53.4396812319506],[-3.05750282384352,53.4396779034081],[-3.05787909624444,53.4396745736802],[-3.05787351816107,53.4394499042909],[-3.05824978850346,53.4394465733961],[-3.0586260587708,53.4394432413159],[-3.05862047679544,53.439218571955],[-3.05899674500423,53.4392152387079],[-3.05937301313791,53.4392119042755],[-3.05974928119647,53.4392085686577],[-3.05974369334578,53.4389838993437],[-3.06011995934573,53.4389805625591],[-3.06011436958672,53.438755893255],[-3.06049063352807,53.4387525553035],[-3.06086689739422,53.4387492161667],[-3.06124316118514,53.4387458758446],[-3.06123756555107,53.4385212065876],[-3.06161382728334,53.4385178650987],[-3.06199008894033,53.4385145224244],[-3.06236635052201,53.4385111785648],[-3.06236074901306,53.438286509355],[-3.06235514757942,53.4380618401365],[-3.06273140511905,53.4380584951288],[-3.0627258017774,53.4378338259203],[-3.06310205725837,53.4378304797459],[-3.06347831266395,53.4378271323861],[-3.06348391997223,53.4380518015573],[-3.06386017728572,53.4380484529936],[-3.06385456799413,53.437823783841],[-3.06423082324887,53.4378204341107],[-3.06460707842815,53.437817083195],[-3.0646014652454,53.4375924140711],[-3.06497771836591,53.4375890619888],[-3.06535397141091,53.4375857087211],[-3.06534835433712,53.437361039626],[-3.06572460532332,53.4373576851917],[-3.06610085623396,53.4373543295722],[-3.06609523526924,53.4371296605058],[-3.06647148412106,53.4371263037197],[-3.06646586124871,53.4369016346634],[-3.06684210804172,53.4368982767107],[-3.06683648326179,53.4366736076646],[-3.06721272799599,53.4366702485453],[-3.06758897265453,53.4366668882408],[-3.06796521723737,53.436663526751],[-3.06795958658365,53.4364388577524],[-3.06833582964241,53.4364354975399],[-3.06871207269409,53.4364321364572],[-3.06870643808863,53.4362074672875],[-3.0690826790527,53.4362041049508],[-3.06945891994014,53.4362007414263],[-3.06945328138932,53.4359760721183],[-3.06982952018912,53.43597270734],[-3.07020575891223,53.4359693413739],[-3.07020011641615,53.4357446719277],[-3.07057635305161,53.4357413047077],[-3.0705707086213,53.4355166351893],[-3.0709469431691,53.4355132667155],[-3.07132317764014,53.435509897054],[-3.07131752926477,53.4352852273974],[-3.07169376164812,53.4352818564821],[-3.07168811133866,53.4350571867534],[-3.071682461106,53.4348325170186],[-3.07167681095012,53.4346078472778],[-3.07167116087104,53.4343831775308],[-3.07129493653096,53.4343865487103],[-3.07128928853941,53.4341618790233],[-3.0709130661333,53.4341652490811],[-3.07091871211409,53.4343899187021],[-3.07054248762046,53.4343932875061],[-3.0701662630501,53.4343966551225],[-3.07017190508606,53.4346213246052],[-3.06979567842822,53.4346246909677],[-3.06980131853005,53.4348493603783],[-3.06942508978471,53.4348527254871],[-3.06904886096272,53.4348560894081],[-3.06905449711954,53.4350807586804],[-3.06867826621008,53.4350841213476],[-3.06830203522402,53.4350874828271],[-3.0683076674357,53.4353121519611],[-3.06793143445044,53.4353155126303],[-3.06755520176602,53.4353188740075],[-3.06756083005827,53.435543543068],[-3.06718459531516,53.4355469032788],[-3.06680836049639,53.4355502623044],[-3.06681398489824,53.4357749313937],[-3.0664377480208,53.4357782892528],[-3.0664433705152,53.4360029583522],[-3.06644899308519,53.4362276274429],[-3.06607275216599,53.4362309841542],[-3.06606713157909,53.4360063150447],[-3.06569089256739,53.4360096705521],[-3.06568527403912,53.4357850014153],[-3.06567965558637,53.4355603322699],[-3.06567403720916,53.4353356631159],[-3.06566841890748,53.4351109939532],[-3.06566280068133,53.4348863247819],[-3.06528657150913,53.4348896790106],[-3.06528095534144,53.434665009812],[-3.0656571825307,53.434661655602],[-3.06603340964442,53.4346583002068],[-3.06602778958641,53.434433631037],[-3.06640401464165,53.4344302744754],[-3.06678023962128,53.4344269167286],[-3.06677461567308,53.4342022475876],[-3.06715083859422,53.4341988886743],[-3.06714521273877,53.4339742195434],[-3.06752143360141,53.4339708594637],[-3.06751580583877,53.4337461903429],[-3.06789202464291,53.4337428290969],[-3.06788639485498,53.4335181601485],[-3.06826261176772,53.433514798904],[-3.06825697982807,53.4332901302551],[-3.06863319474995,53.4332867683351],[-3.06862756089537,53.4330620996712],[-3.06900377375038,53.4330587365583],[-3.06899813798092,53.4328340678794],[-3.06899250228747,53.4326093991927],[-3.06936871108478,53.4326060348798],[-3.06936307347653,53.4323813661781],[-3.06898686667001,53.4323847304982],[-3.06898123112855,53.4321600617958],[-3.0693574359443,53.4321566974687],[-3.0693517984881,53.4319320287514],[-3.06972800123706,53.4319286632313],[-3.06972236186616,53.4317039944991],[-3.06971672257131,53.431479325759],[-3.0697110833525,53.4312546570111],[-3.07008728005334,53.431251290284],[-3.07008163891995,53.4310266215211]]],[[[-3.07838064341314,53.4318509289803],[-3.07837495825623,53.4316262600882],[-3.07799875925439,53.4316296528892],[-3.07762256017587,53.4316330445044],[-3.07724636102073,53.4316364349338],[-3.07687016178898,53.4316398241774],[-3.07649396248065,53.4316432122352],[-3.07611776309577,53.4316465991071],[-3.07611208995947,53.4314219302483],[-3.07610641689967,53.4311972613817],[-3.07648261230326,53.4311938744959],[-3.07685880763029,53.4311904864244],[-3.07723500288075,53.4311870971671],[-3.07722932392563,53.4309624282719],[-3.07760551710888,53.4309590378219],[-3.07759983623976,53.4307343689121],[-3.07797602735581,53.4307309772694],[-3.0783522183952,53.430727584441],[-3.07835790324547,53.4309522533646],[-3.07873409619876,53.4309488593572],[-3.07873978311629,53.4311735282797],[-3.07911597798346,53.4311701330934],[-3.07911028907533,53.430945464164],[-3.07948648187517,53.4309420677851],[-3.07986267459825,53.4309386702203],[-3.07985698178569,53.4307140012695],[-3.08023317244141,53.4307106025121],[-3.08060936302032,53.430707202569],[-3.08098555352238,53.4307038014401],[-3.08097985481497,53.430479132461],[-3.08135604324963,53.4304757301395],[-3.08173223160739,53.4304723266323],[-3.08173793429587,53.4306969956249],[-3.08136174394757,53.4307003991254],[-3.08136744472239,53.4309250681034],[-3.08099125230663,53.4309284704113],[-3.080615059814,53.4309318715334],[-3.08062075668451,53.43115654049],[-3.08024456212445,53.4311599404196],[-3.08025025708115,53.4313846093615],[-3.07987406045365,53.4313880080985],[-3.07949786374935,53.4313914056496],[-3.07950355480156,53.4316160745701],[-3.07912735602985,53.4316194709286],[-3.07913304516811,53.4318441398345],[-3.07875684432898,53.4318475350003],[-3.07838064341314,53.4318509289803]]],[[[-3.08173223160739,53.4304723266323],[-3.08172652899581,53.4302476576318],[-3.08210271528615,53.4302442529321],[-3.08209701076098,53.430019583917],[-3.08247319498389,53.4300161780247],[-3.08284937912983,53.4300127709467],[-3.08285508763595,53.4302374399752],[-3.08247890149954,53.4302408470465],[-3.08248460809213,53.4304655160605],[-3.08210841988824,53.4304689219393],[-3.08173223160739,53.4304723266323]]],[[[-3.0356133639431,53.4371729552522],[-3.03560790327661,53.4369482842968],[-3.03598415433247,53.436945023512],[-3.03636040531522,53.4369417615421],[-3.03636586992472,53.437166432443],[-3.03637133460734,53.4373911033351],[-3.03599507968155,53.4373943653595],[-3.03561882468265,53.4373976261988],[-3.0356133639431,53.4371729552522]]],[[[-3.03561882468265,53.4373976261988],[-3.03562428549526,53.4376222971365],[-3.03600054246573,53.4376190362699],[-3.036006005323,53.4378437071715],[-3.03601146825336,53.4380683780642],[-3.03563520733969,53.4380716389852],[-3.03562974638094,53.4378469680653],[-3.03525348736579,53.4378502277739],[-3.0352480284517,53.4376255568179],[-3.03524256961065,53.437400885853],[-3.03561882468265,53.4373976261988]]],[[[-3.06156904905272,53.4367205108811],[-3.06156345211251,53.4364958415651],[-3.06193969592011,53.4364924990582],[-3.06231593965241,53.436489155366],[-3.06232154055894,53.4367138246448],[-3.06269778619908,53.4367104797488],[-3.06270338916409,53.4369351490003],[-3.06232714154076,53.436938493915],[-3.06233274259789,53.4371631631765],[-3.06233834373032,53.4373878324295],[-3.06196209206522,53.4373911761961],[-3.06195649291603,53.4371665069245],[-3.06158024315888,53.4371698494872],[-3.06157464606818,53.4369451801885],[-3.06156904905272,53.4367205108811]]],[[[-3.08115656777554,53.4226123161666],[-3.08115086988477,53.4223876473593],[-3.08077475277691,53.4223910496821],[-3.08039863559297,53.4223944508201],[-3.08039294170821,53.4221697819811],[-3.08001682641319,53.4221731819226],[-3.0800111345694,53.4219485130635],[-3.08038724789946,53.4219451131337],[-3.08038155416674,53.4217204442778],[-3.08075766545584,53.4217170431747],[-3.08113377666888,53.4217136408869],[-3.08150988780582,53.4217102374141],[-3.08188599886664,53.4217068327565],[-3.08189170045903,53.4219315015658],[-3.08189740212753,53.4221561703666],[-3.08152128713686,53.4221595750475],[-3.08152698691653,53.4223842438516],[-3.0815326867723,53.4226089126472],[-3.08115656777554,53.4226123161666]]],[[[-3.08039863559297,53.4223944508201],[-3.08040432955375,53.4226191196507],[-3.08078044870269,53.4226157185011],[-3.08078614470452,53.4228403873117],[-3.08041002359056,53.4228437884729],[-3.08003390240056,53.4228471884493],[-3.07965778113453,53.4228505872408],[-3.07965209102777,53.4226259183953],[-3.07964640099698,53.4224012495414],[-3.08002251833299,53.4223978507732],[-3.08039863559297,53.4223944508201]]],[[[-3.11123735718818,53.3931214696813],[-3.11161321563685,53.3931179707782],[-3.11160736727151,53.3928932915345],[-3.11198322364694,53.3928897914652],[-3.11197737336659,53.3926651122302],[-3.11235322766876,53.3926616109948],[-3.11234737547345,53.3924369317687],[-3.11272322770238,53.3924334293672],[-3.11309907985212,53.3924299257822],[-3.11309322374785,53.3922052465822],[-3.11346907382432,53.3922017418311],[-3.11346321580523,53.3919770626399],[-3.11383906380843,53.3919735567227],[-3.11384492382154,53.3921982358966],[-3.1142207737395,53.3921947287786],[-3.11459662357817,53.3921912204771],[-3.11460248765865,53.3924158996076],[-3.11497833941205,53.3924123901052],[-3.11498420556592,53.3926370692097],[-3.11536005923404,53.3926335585065],[-3.11536592746137,53.3928582375849],[-3.11574178304421,53.3928547256808],[-3.11611763854765,53.3928512125932],[-3.1161235108426,53.3930758916281],[-3.11649936826073,53.3930723773396],[-3.1168752255994,53.3930688618675],[-3.11725108285858,53.393065345212],[-3.11762694003824,53.3930618273729],[-3.1180027972314,53.3930583084368],[-3.11837865904018,53.3930547926816],[-3.11875452076907,53.3930512757435],[-3.11913038241804,53.3930477576227],[-3.11950624398707,53.3930442383192],[-3.11988210547612,53.3930407178329],[-3.12025796688518,53.3930371961638],[-3.1206338282142,53.3930336733119],[-3.12100968946318,53.3930301492773],[-3.12101558791225,53.3932548279586],[-3.1210214864414,53.3934795066305],[-3.12102738505062,53.3937041852932],[-3.12140325223033,53.3937006599532],[-3.12140915292329,53.3939253385656],[-3.12141505369636,53.3941500171688],[-3.12142095454953,53.3943746957626],[-3.1214268554828,53.3945993743472],[-3.12143275649619,53.3948240529224],[-3.12143865758969,53.3950487314883],[-3.1214445587633,53.3952734100448],[-3.12145046001703,53.3954980885921],[-3.12182634314666,53.3954945617424],[-3.12182043988909,53.395269883236],[-3.12181453671165,53.3950452047203],[-3.12180863361436,53.3948205261952],[-3.12218451065239,53.3948169982853],[-3.12256038761024,53.3948134691925],[-3.12255448058556,53.3945887907399],[-3.12293035545945,53.3945852605052],[-3.12330623025311,53.3945817290877],[-3.12330031930115,53.3943570507076],[-3.12367619201083,53.3943535181482],[-3.1236702791354,53.3941288397998],[-3.1240461497611,53.3941253060985],[-3.12404023496227,53.3939006277817],[-3.12403432024372,53.3936759494555],[-3.12365845362535,53.393679483075],[-3.12365254099073,53.3934548046986],[-3.12364662843636,53.3932301263129],[-3.12364071596226,53.3930054479179],[-3.12401657656984,53.3930019144213],[-3.12439243709712,53.3929983797419],[-3.1243865206962,53.3927737014195],[-3.12438060437558,53.3925490230877],[-3.12437468813528,53.3923243447467],[-3.12436877197529,53.3920996663963],[-3.12436285584869,53.3918749878122],[-3.12435693965878,53.3916503085321],[-3.12473278807275,53.391646772844],[-3.12510863640616,53.3916432359717],[-3.12548448465897,53.3916396979153],[-3.12586033283115,53.3916361586748],[-3.12585440867928,53.3914114793689],[-3.12584848460805,53.3911868000552],[-3.12584256061745,53.3909621207336],[-3.1262184026772,53.3909585802956],[-3.12659424465628,53.3909550386735],[-3.12697008655465,53.3909514958673],[-3.12696415661308,53.3907268165245],[-3.12695822675222,53.3905021371737],[-3.12695229697208,53.3902774578152],[-3.1273281327582,53.3902739138116],[-3.12732220104831,53.3900492344407],[-3.12769803474323,53.3900456892486],[-3.12769210110366,53.3898210098654],[-3.12806793270737,53.3898174634849],[-3.12806199713816,53.3895927840894],[-3.12805606164975,53.3893681046861],[-3.12843188915189,53.3893645571127],[-3.1288077165732,53.3893610083553],[-3.12918354391367,53.3893574584139],[-3.12918948543319,53.3895821378304],[-3.12919542703358,53.3898068172391],[-3.12957125831391,53.3898032661223],[-3.12957720200559,53.3900279455275],[-3.12920136871484,53.3900314966398],[-3.1288255353432,53.3900350465681],[-3.12844970189069,53.3900385953123],[-3.12807386835736,53.3900421428725],[-3.12807980408815,53.3902668222522],[-3.12845563963193,53.3902632746965],[-3.12846157745399,53.3904879540727],[-3.12846751535688,53.390712633441],[-3.12847345334058,53.3909373128015],[-3.12809761176529,53.3909408603441],[-3.12810354781926,53.3911655396922],[-3.1277277041526,53.3911690860463],[-3.12773363827678,53.3913937653822],[-3.12810948395404,53.3913902190326],[-3.12848532955047,53.3913866714987],[-3.12849126777666,53.3916113508355],[-3.12886711530287,53.391607802122],[-3.12924296274821,53.3916042522243],[-3.1292489050765,53.391828931562],[-3.12962475445158,53.3918253804845],[-3.1296306987156,53.3920500589929],[-3.13000655002129,53.3920465067367],[-3.13001249623303,53.3922711844718],[-3.13001844252547,53.3924958621976],[-3.12964258721288,53.392499414536],[-3.12926673181959,53.3925029656917],[-3.12889087634563,53.3925065156647],[-3.12889681670831,53.3927311935044],[-3.12890275715162,53.3929558713348],[-3.12890869767557,53.3931805491559],[-3.1292845591601,53.3931769990597],[-3.12929050176826,53.3934016768304],[-3.1292964444571,53.3936263545917],[-3.12930238722659,53.3938510323438],[-3.12967825464125,53.3938474809416],[-3.12968419949508,53.3940721586433],[-3.13006006883269,53.3940686060173],[-3.13005412197521,53.3938439283567],[-3.13042998922843,53.393840374589],[-3.13042404044805,53.3936156969602],[-3.13004817519845,53.3936192506868],[-3.13004222850242,53.3933945730076],[-3.13041809174842,53.3933910193221],[-3.13079395491366,53.3933874644538],[-3.13116981799811,53.3933839084028],[-3.13117577070493,53.3936085859587],[-3.13155163571217,53.3936050286838],[-3.13155759050342,53.3938297061892],[-3.1315635453755,53.3940543836853],[-3.13118767636099,53.3940579410425],[-3.13081180726567,53.3940614972169],[-3.13081775821123,53.3942861747859],[-3.13082370923757,53.3945108523456],[-3.13044783605407,53.3945144074194],[-3.13007196278982,53.3945179613104],[-3.13007790988947,53.394742638943],[-3.13008385706985,53.3949673165663],[-3.13008980433097,53.3951919941802],[-3.13009575167281,53.3954166717849],[-3.13010169909539,53.3956413493802],[-3.1301076465987,53.3958660269662],[-3.13048353188576,53.3958624728286],[-3.13048948147371,53.3960871503642],[-3.13086536868389,53.3960835950026],[-3.13085941709205,53.3958589175081],[-3.13123530221754,53.3958553610048],[-3.13124125581327,53.3960800384581],[-3.13161714286181,53.3960764807308],[-3.13199302982951,53.3960729218206],[-3.13236891671632,53.3960693617275],[-3.13274480352222,53.3960658004516],[-3.13275076521442,53.396290477731],[-3.13275672698755,53.3965151550012],[-3.13276268884161,53.396739832262],[-3.1327686507766,53.3969645095134],[-3.13239275595489,53.396968070954],[-3.13239871596679,53.3971927482373],[-3.1324046760596,53.3974174255113],[-3.13241063623331,53.397642102776],[-3.13203473531854,53.3976456631571],[-3.13204069356906,53.3978703404536],[-3.13166479056929,53.3978738996929],[-3.13167074689657,53.3980985770212],[-3.1312948418118,53.3981021351187],[-3.13130079621577,53.3983268124788],[-3.13092488904601,53.3983303694345],[-3.13093084152662,53.3985550468264],[-3.13130675070058,53.3985514898296],[-3.13168265979369,53.3985479316498],[-3.1316767033047,53.3983232543402],[-3.13205261031276,53.3983196950186],[-3.13242851723991,53.398316134514],[-3.13280442408615,53.3983125728264],[-3.13281038658769,53.3985372500126],[-3.13281634917017,53.3987619271895],[-3.13282231183359,53.3989866043571],[-3.13319822461149,53.398983041363],[-3.13320418936012,53.3992077184801],[-3.13321015418972,53.3994323955878],[-3.13358607089518,53.3994288313284],[-3.13359203781007,53.3996535083857],[-3.13396795643883,53.3996499429021],[-3.13397392543906,53.3998746199088],[-3.13397989452032,53.4000992969061],[-3.13435581707674,53.4000957301571],[-3.13434984599111,53.3998710532009],[-3.13434387498655,53.3996463762354],[-3.13433790406304,53.3994216992606],[-3.13433193322059,53.3991970222765],[-3.13470784766197,53.399193454137],[-3.13470187490347,53.3989687772395],[-3.13507778719099,53.3989652054646],[-3.13507181255364,53.39874052867],[-3.13544772280302,53.3987369558289],[-3.13544174628687,53.3985122791373],[-3.13581765449811,53.3985087052301],[-3.13581167610321,53.3982840286413],[-3.13618758227632,53.3982804536681],[-3.13619356262964,53.3985051301423],[-3.13619954306268,53.3987298066048],[-3.13620552357545,53.3989544830557],[-3.13621150416796,53.3991791594949],[-3.13658741809516,53.3991755828828],[-3.13659340072592,53.3994002591957],[-3.13696931653188,53.3993966812883],[-3.13697530120095,53.399621357475],[-3.13735121888565,53.3996177782723],[-3.13735720559309,53.3998424543328],[-3.13736319238034,53.4000671303816],[-3.13698727077845,53.4000707098135],[-3.13661134909677,53.4000742880647],[-3.13661733227377,53.40029896362],[-3.13624140855716,53.400302540736],[-3.13624739093706,53.4005272126849],[-3.13625337340013,53.400751884622],[-3.13662930124962,53.4007483072619],[-3.13663528586235,53.4009729790651],[-3.13625935594638,53.4009765565471],[-3.13588342594721,53.4009801328487],[-3.13587744546745,53.4007554608015],[-3.13550151745161,53.4007590358006],[-3.13512558935263,53.4007626096192],[-3.13513156569943,53.4009872819104],[-3.13550749586489,53.4009837079698],[-3.13551347436128,53.4012083801271],[-3.13588940651012,53.401204804884],[-3.13589538715617,53.4014294769074],[-3.13590136788538,53.4016541489189],[-3.13627730408415,53.4016505722512],[-3.13628328696309,53.4018752441288],[-3.13665922514526,53.4018716661586],[-3.13666521017401,53.4020963379022],[-3.13704115033957,53.4020927586295],[-3.13704713751816,53.4023174302392],[-3.13705312477999,53.4025421018369],[-3.13742906899561,53.4025385211395],[-3.13743505840738,53.4027631926034],[-3.13705911212506,53.4027667734228],[-3.13706509955337,53.4029914449968],[-3.13668915112106,53.4029950247577],[-3.13669513656586,53.4032196964419],[-3.13670112209387,53.4034443681141],[-3.13632516944479,53.4034479469386],[-3.13633115298921,53.403672618721],[-3.13670710770509,53.4036690397745],[-3.13671309339954,53.4038937114229],[-3.13671907917721,53.4041183830594],[-3.13634312032761,53.40412196225],[-3.13596716139481,53.40412554026],[-3.1359731431219,53.4043502121288],[-3.13559718203902,53.4043537890802],[-3.13522122087297,53.404357364851],[-3.13484525962379,53.4043609394411],[-3.13485123523328,53.404585611664],[-3.13447527220344,53.4045891836177],[-3.13409930947291,53.4045927527632],[-3.13372334666115,53.4045963207282],[-3.13334738376818,53.4045998875127],[-3.13297142079403,53.4046034531167],[-3.13297738639557,53.4048281260081],[-3.13335335137956,53.4048245602778],[-3.13335931907211,53.4050492330309],[-3.13298335207824,53.4050527988875],[-3.13260738500322,53.4050563635636],[-3.13261334875713,53.4052810365573],[-3.13223737959107,53.4052846001793],[-3.13186141034391,53.4052881626206],[-3.13148544101567,53.4052917238815],[-3.13149139882091,53.4055163972421],[-3.13111542740169,53.4055199574487],[-3.13073945590144,53.4055235164747],[-3.13074540976779,53.4057481900759],[-3.13036943617659,53.4057517480476],[-3.12999346250441,53.4057553048387],[-3.12961748875129,53.4057588604493],[-3.12962343666864,53.4059835344173],[-3.12924746082461,53.4059870889735],[-3.12925340681285,53.4062117630557],[-3.1288774288779,53.4062153165576],[-3.12887148489969,53.4059906423492],[-3.1284955088939,53.4059941945443],[-3.12811953280728,53.4059977455587],[-3.12812547276543,53.4062224200196],[-3.12774949458797,53.4062259699797],[-3.12737351632973,53.4062295187592],[-3.12699753799072,53.4062330663581],[-3.12662155957099,53.4062366127763],[-3.12624558107055,53.406240158014],[-3.12625151105922,53.4064648330938],[-3.12587553046804,53.406468377277],[-3.12549954979622,53.4064719202796],[-3.12512356904377,53.4064754621015],[-3.12474758821073,53.4064790027428],[-3.12437160729711,53.4064825422035],[-3.12436568735877,53.4062578664929],[-3.12398970837469,53.4062614046468],[-3.12398379052692,53.4060367287981],[-3.12360781347236,53.4060402656452],[-3.12323183633732,53.4060438013118],[-3.123237750165,53.4062684774127],[-3.12324366407313,53.4064931535016],[-3.12324957806171,53.4067178295785],[-3.12287359481599,53.4067213644427],[-3.12249761148983,53.4067248981263],[-3.12212162808327,53.4067284306292],[-3.12174564459633,53.4067319619514],[-3.12136966102903,53.4067354920929],[-3.12099367738141,53.4067390210538],[-3.12099957938964,53.4069636978752],[-3.12062359365158,53.4069672257815],[-3.12024760783325,53.406970752507],[-3.11987162193467,53.406974278052],[-3.1198775179927,53.4071989552394],[-3.12025350590145,53.4071954295685],[-3.12062949372994,53.4071919027169],[-3.12100548147817,53.4071883746846],[-3.12101138364698,53.4074130514819],[-3.12101728589609,53.4076377282673],[-3.12064129412746,53.4076412565517],[-3.12026530227855,53.4076447836554],[-3.12027120058747,53.4078694606809],[-3.11989520664806,53.4078729867299],[-3.11990110302694,53.4080976638694],[-3.11952510699703,53.4081011888637],[-3.11914911088692,53.4081047126772],[-3.11915500332541,53.4083293900568],[-3.11953100144582,53.4083258661172],[-3.11953689597481,53.4085505433588],[-3.11954279414896,53.4087752161952],[-3.11991879615896,53.4087716909201],[-3.11992469734023,53.4089963625343],[-3.11993059860248,53.4092210341369],[-3.1199364999457,53.409445705728],[-3.11994240136991,53.4096703773075],[-3.12031841143727,53.4096668504039],[-3.12032431497712,53.4098915218601],[-3.12070032699808,53.4098879936635],[-3.12107633893797,53.4098844642856],[-3.12145235079675,53.4098809337265],[-3.12145826052167,53.4101056048356],[-3.1210822466282,53.4101091355065],[-3.12108815439951,53.410333806716],[-3.12071213839023,53.4103373363175],[-3.12071804420786,53.4105620076273],[-3.12109406225188,53.4105584779138],[-3.12109997018533,53.4107831491002],[-3.12110587819985,53.411007820275],[-3.12148190023231,53.4110042891566],[-3.12148781036272,53.411228960208],[-3.12149372057424,53.4114536312478],[-3.12186974659523,53.4114500987244],[-3.12187565892272,53.4116747696408],[-3.12188157133134,53.4118994405457],[-3.12225760134093,53.4118959066172],[-3.12226351586561,53.4121205773987],[-3.1218874838211,53.4121241114391],[-3.12151145169542,53.4121276442981],[-3.12113541948859,53.4121311759759],[-3.12112951106868,53.4119065048588],[-3.12075348081567,53.4119100352434],[-3.12037745048156,53.4119135644466],[-3.12037154621254,53.4116888930943],[-3.11999551783228,53.4116924210044],[-3.11961948937098,53.4116959477332],[-3.11961358925274,53.4114712761457],[-3.11923756274532,53.4114748015814],[-3.11886153615693,53.4114783258358],[-3.11848550948758,53.4114818489089],[-3.11847961555487,53.4112571769744],[-3.11810359083946,53.4112606987544],[-3.11772756992208,53.4112642189183],[-3.11773345969316,53.4114888910343],[-3.11773934954537,53.4117135631412],[-3.11774523947872,53.4119382352388],[-3.11812126677562,53.4119347148588],[-3.11812715891606,53.4121593868706],[-3.11813305113736,53.4123840588708],[-3.11850908602732,53.4123805365318],[-3.11851498036449,53.4126052084087],[-3.11813894343954,53.4126087308595],[-3.11814483582257,53.4128334028366],[-3.11852087478255,53.412829880274],[-3.11852676928151,53.4130545521278],[-3.1189028101956,53.4130510282721],[-3.11927885102873,53.413047503235],[-3.11928474967873,53.4132721748536],[-3.11929064840968,53.4134968464608],[-3.11891460350638,53.4135003717215],[-3.11892050028316,53.413725043429],[-3.11929654722158,53.4137215180564],[-3.11967259407902,53.4137179915024],[-3.11967849500704,53.4139426629746],[-3.11968439601604,53.4141673344353],[-3.11930834508827,53.414170861213],[-3.11931424414305,53.414395532774],[-3.11893819109908,53.414399058482],[-3.11894408819958,53.4146237301434],[-3.11856803303941,53.4146272547818],[-3.1181919777983,53.4146307782389],[-3.11819787090921,53.4148554501123],[-3.11857392818559,53.4148519265434],[-3.11857982341267,53.4150765982935],[-3.1189558826434,53.4150730734313],[-3.11896177998671,53.4152977450581],[-3.11896767741097,53.4155224166732],[-3.11934374063138,53.415518890406],[-3.11934964017195,53.4157435618978],[-3.11935553979348,53.4159682333781],[-3.11973160700366,53.4159647057057],[-3.12010767413281,53.4159611768518],[-3.12010177044048,53.4157365055953],[-3.12047783545317,53.4157329756718],[-3.12085390038478,53.4157294445668],[-3.12084799270275,53.4155047735225],[-3.12122405551788,53.4155012413479],[-3.12160011825187,53.4154977079919],[-3.12197618090469,53.4154941734545],[-3.12197026719773,53.4152695027343],[-3.12234632773402,53.4152659671273],[-3.12234041207292,53.4150412965074],[-3.12271647049269,53.4150377598309],[-3.12309252883122,53.4150342219729],[-3.12346858708847,53.4150306829336],[-3.12346266540272,53.4148060126379],[-3.1238387215434,53.4148024725291],[-3.12421477760275,53.4147989312388],[-3.12420885192778,53.4145742611555],[-3.12458490587053,53.4145707187958],[-3.12496095973191,53.4145671752547],[-3.12533701351188,53.4145636305322],[-3.12533108181258,53.4143389607733],[-3.1257071334759,53.4143354149814],[-3.12608318505776,53.4143318680081],[-3.12645923655813,53.4143283198534],[-3.12645329883469,53.4141036504189],[-3.12682934821836,53.4141001011949],[-3.12720539752049,53.4140965507895],[-3.12758144674105,53.4140929992027],[-3.12757550299364,53.4138683300927],[-3.12719945580823,53.4138718815675],[-3.12682340854125,53.4138754318609],[-3.12681746894564,53.4136507625153],[-3.12681152943152,53.4134260931582],[-3.12643548615322,53.4134296420462],[-3.12642954875568,53.4132049725655],[-3.12680558999891,53.4132014237895],[-3.12679965064779,53.4129767544093],[-3.12717568977445,53.412973204564],[-3.12718163116061,53.4131978738322],[-3.12755767224074,53.4131943226935],[-3.12756361574349,53.4134189918382],[-3.12756955932779,53.4136436609712],[-3.12794560439648,53.4136401084272],[-3.12795155009746,53.4138647774366],[-3.12832759711965,53.4138612235992],[-3.12870364406019,53.4138576685803],[-3.12907969091905,53.4138541123802],[-3.12907373911273,53.4136294437069],[-3.12944978385477,53.4136258864375],[-3.12982582851508,53.4136223279867],[-3.13020187309363,53.4136187683546],[-3.13019591526372,53.4133941000061],[-3.1305719577254,53.4133905393047],[-3.13094800010527,53.4133869774221],[-3.13132404240329,53.4133834143581],[-3.13170008461945,53.4133798501128],[-3.13169411873108,53.4131551822012],[-3.13207015883029,53.4131516168867],[-3.13244619884758,53.413148050391],[-3.13282223878292,53.4131444827139],[-3.13319827863629,53.4131409138555],[-3.13319230468969,53.412916246381],[-3.13356834242603,53.4129126764535],[-3.13394438008035,53.4129091053447],[-3.13432041765261,53.4129055330546],[-3.1346964552449,53.4129019594081],[-3.13507249372318,53.4128983829191],[-3.13506650970602,53.4126737159504],[-3.13544254610482,53.4126701383228],[-3.13581858242263,53.4126665595118],[-3.1361946186594,53.4126629795174],[-3.13618862872779,53.4124383126737],[-3.13656466288504,53.4124347315407],[-3.13694069696121,53.4124311492244],[-3.13731673095627,53.4124275657246],[-3.13731073511039,53.4122028990061],[-3.13768676702588,53.4121993143678],[-3.13806279886021,53.4121957285461],[-3.13843883061334,53.4121921415411],[-3.13881486228526,53.4121885533526],[-3.13880885852688,53.4119638868043],[-3.13918488811916,53.4119602974773],[-3.13956091763017,53.411956706967],[-3.13993694705988,53.4119531152734],[-3.1399309373876,53.4117284488503],[-3.14030696473763,53.4117248560183],[-3.14068299200631,53.4117212620028],[-3.14105901919361,53.411717666804],[-3.1410530036076,53.4114930005064],[-3.14142902871516,53.4114894041692],[-3.1418050537413,53.4114858066486],[-3.14179903424004,53.4112611404315],[-3.14217505718642,53.4112575417726],[-3.14216903576829,53.4110328755911],[-3.14254505663491,53.4110292757939],[-3.14253903329997,53.4108046096479],[-3.14291505208684,53.4108010087123],[-3.14329107079218,53.4107974065935],[-3.14329709812362,53.4110220726494],[-3.14292107742003,53.4110256748133],[-3.14292710283471,53.4112503409048],[-3.14255108005132,53.4112539419304],[-3.14255710354918,53.4114786080574],[-3.14218107868598,53.4114822079447],[-3.14218710026699,53.4117068741073],[-3.14181107332397,53.4117104728562],[-3.14143504629951,53.4117140704218],[-3.14144106396523,53.4119387366649],[-3.14106503486097,53.4119423330921],[-3.14068900567531,53.4119459283359],[-3.14069501942565,53.4121705946596],[-3.14031898816023,53.4121741887649],[-3.13994295681345,53.4121777816869],[-3.13956692538534,53.4121813734255],[-3.13957293322176,53.4124060398746],[-3.13919689971394,53.4124096304748],[-3.13882086612485,53.4124132198915],[-3.1384448324545,53.4124168081249],[-3.13806879870294,53.4124203951749],[-3.13807479862683,53.4126450617942],[-3.13769876279562,53.4126486477056],[-3.13732272688325,53.4126522324337],[-3.13694669088974,53.4126558159783],[-3.13695268489933,53.4128804827228],[-3.13657664682622,53.4128840651289],[-3.13620060867202,53.4128876463516],[-3.13582457043677,53.4128912263909],[-3.13583055853189,53.4131158932605],[-3.13545451821709,53.4131194721611],[-3.13507847782127,53.4131230498784],[-3.13470243734448,53.4131266264122],[-3.13432639770425,53.4131302001926],[-3.13433237783793,53.413354867319],[-3.13395633619562,53.4133584398335],[-3.13358029447125,53.4133620111666],[-3.13320425266485,53.4133655813185],[-3.13321022677537,53.4135902487699],[-3.13283418285189,53.4135938178526],[-3.13245813884643,53.413597385754],[-3.13208209475902,53.4136009524741],[-3.13170605058968,53.4136045180129],[-3.13171201664177,53.4138291859013],[-3.13133597035543,53.4138327503709],[-3.13095992398722,53.4138363136591],[-3.13058387753716,53.413839875766],[-3.13020783100529,53.4138434366916],[-3.13021378899869,53.414068105017],[-3.1298377403499,53.4140716648733],[-3.12946169161934,53.4140752235483],[-3.12908564280704,53.4140787810419],[-3.12870959391304,53.4140823373541],[-3.12871554384752,53.4143070061163],[-3.12833949283667,53.4143105613593],[-3.12796344174416,53.4143141154209],[-3.12758739057002,53.4143176683011],[-3.12759333448055,53.4145423373879],[-3.12721728118962,53.4145458891987],[-3.1268412278171,53.4145494398282],[-3.12646517436305,53.4145529892763],[-3.12647111224944,53.4147776586877],[-3.12609505667863,53.4147812070664],[-3.12571900102633,53.4147847542637],[-3.12534294529257,53.4147883002796],[-3.12534887715466,53.4150129700154],[-3.12497281930419,53.4150165149619],[-3.12459676137231,53.4150200587269],[-3.12422070335904,53.4150236013106],[-3.12422662919665,53.4152482713708],[-3.12385056906673,53.4152518128849],[-3.12347450885548,53.4152553532177],[-3.12309844856293,53.415258892369],[-3.12310436837588,53.4154835627535],[-3.12272830596672,53.4154871008352],[-3.12235224347632,53.4154906377356],[-3.12235815929979,53.4157153083324],[-3.12198209469281,53.4157188441632],[-3.12160603000462,53.4157223788125],[-3.12161194183852,53.4159470496216],[-3.12123587503378,53.4159505832014],[-3.12085980814789,53.4159541155997],[-3.12086571599208,53.416178786621],[-3.12048964698967,53.4161823179497],[-3.12011357790616,53.4161858480969],[-3.12011948176054,53.4164105193304],[-3.11974341056052,53.416414048408],[-3.11936733927947,53.416417576304],[-3.11937323914392,53.4166422477497],[-3.11899716574638,53.4166457745761],[-3.11862109226786,53.416649300221],[-3.11824501870838,53.4166528246844],[-3.11825091254729,53.416877496454],[-3.11787483854343,53.416881019056],[-3.11749876798351,53.416884538806],[-3.11750465987587,53.4171092075929],[-3.11712858721471,53.4171127261548],[-3.11675251447176,53.4171162435335],[-3.11675840282732,53.4173409116812],[-3.11638232793758,53.4173444279373],[-3.11600625296612,53.4173479430104],[-3.11601213727325,53.4175726112692],[-3.11563606015502,53.4175761252196],[-3.11525998295512,53.4175796379869],[-3.11526586321372,53.4178043063569],[-3.11488978386707,53.4178078180016],[-3.11451370443881,53.4178113284631],[-3.11451958064876,53.4180359969442],[-3.11414349907378,53.4180395062831],[-3.11414937330013,53.4182641748148],[-3.11377328957843,53.418267683031],[-3.11339720577518,53.418271190064],[-3.11340307595269,53.4184958587068],[-3.11302699000275,53.4184993646171],[-3.11265090397132,53.4185028693442],[-3.11265677009987,53.418727538098],[-3.11228068192177,53.4187310417024],[-3.11190459366224,53.4187345441235],[-3.11191045574172,53.4189592129884],[-3.11153436533554,53.4189627142868],[-3.11115827484799,53.4189662144019],[-3.11116413287827,53.4191908833777],[-3.1107880402441,53.4191943823701],[-3.1104119475286,53.4191978801793],[-3.11041780150958,53.419422549266],[-3.11004170664748,53.4194260459523],[-3.10966561170412,53.4194295414554],[-3.10967146163568,53.419654210653],[-3.10929536454574,53.4196577050333],[-3.10891926737458,53.4196611982303],[-3.10892511325662,53.4198858675387],[-3.10854901393891,53.4198893596128],[-3.10855485783669,53.4201140289717],[-3.10817875637243,53.4201175199229],[-3.10780265482703,53.4201210096909],[-3.10780849467509,53.4203456791606],[-3.10743239098316,53.4203491678056],[-3.10705628721016,53.4203526552673],[-3.10706212300837,53.4205773248478],[-3.10668601708886,53.4205808111865],[-3.10630991108832,53.4205842963419],[-3.10631574283658,53.4208089660332],[-3.10593963468956,53.4208124500656],[-3.10556352646157,53.4208159329147],[-3.1055576988443,53.4205912631029],[-3.1059338050068,53.4205877803141],[-3.10592797540497,53.4203631105526],[-3.10630407942103,53.4203596266408],[-3.10668018335611,53.4203561415457],[-3.10667434970434,53.420131471895],[-3.10705045149296,53.4201279856769],[-3.10704461585678,53.4199033160766],[-3.10742071549895,53.4198998287355],[-3.10779681506005,53.4198963402112],[-3.10779097537413,53.4196716707217],[-3.10816707278875,53.4196681810744],[-3.10854317012224,53.419664690244],[-3.1085373263867,53.4194400208652],[-3.1089134215737,53.4194365289119],[-3.10928951667951,53.4194330357753],[-3.10928366889446,53.4192083665073],[-3.10965976185375,53.4192048722479],[-3.11003585473181,53.4192013768052],[-3.11003000289736,53.4189767076482],[-3.11040609362887,53.4189732110826],[-3.11040023981039,53.4187485419761],[-3.11077632839536,53.4187450442878],[-3.11115241689901,53.4187415454162],[-3.11114655903134,53.4185168764206],[-3.11152264538842,53.4185133764263],[-3.11189873166413,53.4185098752488],[-3.11189286974738,53.4182852063641],[-3.1122689538765,53.4182817040639],[-3.11264503792419,53.4182782005804],[-3.11263917195847,53.4180535318068],[-3.11301525385955,53.4180500272006],[-3.11339133567914,53.4180465214113],[-3.11338546566457,53.4178218527486],[-3.11376154533753,53.4178183458366],[-3.11413762492895,53.4178148377414],[-3.11413175086564,53.4175901691899],[-3.1145078283104,53.417586659972],[-3.11488390567357,53.4175831495711],[-3.11487802756164,53.4173584811306],[-3.11525410277812,53.417354969607],[-3.11563017791295,53.4173514569002],[-3.11562429575251,53.4171267885709],[-3.11600036874064,53.4171232747416],[-3.11637644164706,53.4171197597291],[-3.1163705558168,53.4168950909528],[-3.11674662662017,53.4168915747544],[-3.11712269734242,53.4168880573721],[-3.11711680971412,53.4166633854016],[-3.11749287830998,53.4166598668732],[-3.11786894682466,53.416656347161],[-3.11786305518707,53.4164316752569],[-3.11823912495037,53.4164281529032],[-3.11861519647437,53.4164246285517],[-3.1186093007618,53.4161999568708],[-3.11823323127326,53.4162034811105],[-3.11822733767703,53.4159788093063],[-3.11822144416169,53.4157541374906],[-3.11821555072724,53.4155294656633],[-3.11820965737368,53.4153047938245],[-3.11783359821659,53.4153083155978],[-3.11782770706599,53.4150836436383],[-3.11782181599655,53.4148589716696],[-3.11744576384276,53.4148624910796],[-3.11743987489947,53.414637819064],[-3.1174339860373,53.4144131470391],[-3.1170579378923,53.4144166651898],[-3.1170520511562,53.4141919931179],[-3.11742809725626,53.414188475005],[-3.11742220855636,53.4139638029617],[-3.11741631993757,53.4137391309092],[-3.11779236186669,53.4137356116881],[-3.11778647128418,53.4135109396642],[-3.11778058078282,53.4132862676311],[-3.11740454294338,53.4132897867766],[-3.11739865456797,53.4130651146965],[-3.11739276627367,53.4128404426072],[-3.1173868780605,53.4126157705086],[-3.11738098992844,53.4123910984009],[-3.11700496018688,53.4123946162117],[-3.11699907418063,53.4121699440569],[-3.11699318825546,53.411945271893],[-3.11698730241138,53.4117205997198],[-3.11698141664838,53.4114959275375],[-3.11697553096647,53.4112712553459],[-3.11659951136698,53.4112747717843],[-3.1165936278107,53.4110500995458],[-3.11621761017468,53.4110536147628],[-3.11584159245761,53.4110571287963],[-3.11583571307144,53.4108324564731],[-3.11545969731787,53.4108359692852],[-3.11545382005721,53.4106112969151],[-3.11544794287751,53.4103866245357],[-3.11544206577878,53.4101619521472],[-3.11506605607765,53.4101654636626],[-3.11469004629555,53.4101689739944],[-3.11469591930538,53.4103936464584],[-3.11431990739788,53.4103971556443],[-3.11394389540948,53.4104006636467],[-3.11356788334018,53.4104041704655],[-3.11319187119003,53.4104076761008],[-3.11281585895905,53.4104111805524],[-3.11280999617151,53.4101865079001],[-3.11243398590419,53.4101900111306],[-3.1120579755561,53.4101935131774],[-3.11168196512725,53.4101970140407],[-3.11130595461769,53.4102005137205],[-3.11131180922737,53.4104251865233],[-3.11093579659265,53.4104286850571],[-3.11055978387726,53.4104321824072],[-3.11018377108124,53.4104356785738],[-3.11017792260497,53.4102110056582],[-3.10980191177281,53.4102145006037],[-3.10942590086007,53.4102179943656],[-3.1094317452474,53.4104426673563],[-3.10905573220963,53.4104461599722],[-3.10867971909133,53.4104496514044],[-3.10830370589254,53.4104531416531],[-3.10792769261327,53.4104566307182],[-3.10755167925356,53.4104601185997],[-3.10717566581344,53.4104636052977],[-3.10716983369299,53.4102389320817],[-3.10716400165291,53.4100142588566],[-3.10678799222134,53.4100177442959],[-3.10679382221696,53.4102424175585],[-3.10679965229293,53.410467090812],[-3.10642363869205,53.4104705751427],[-3.10604762501084,53.4104740582899],[-3.10567161124933,53.4104775402535],[-3.10566578730683,53.4102528668876],[-3.10565996344458,53.4100281935125],[-3.10528395369175,53.4100316742176],[-3.10527813195419,53.4098070007958],[-3.10565413966259,53.4098035201282],[-3.10564831596085,53.4095788467348],[-3.10527231029685,53.4095823273649],[-3.10526648871974,53.4093576539248],[-3.10526066722286,53.4091329804755],[-3.10525484580619,53.4089083070169],[-3.10524902446974,53.4086836335492],[-3.10524320490654,53.4084589567864],[-3.10523738651234,53.4082342778992],[-3.10486139291702,53.4082377572117],[-3.10485557659941,53.4080130782823],[-3.10484976036056,53.4077883993439],[-3.10447377068208,53.4077918774066],[-3.10409778092488,53.4077953542857],[-3.10372179108898,53.4077988299812],[-3.1033458011744,53.407802304493],[-3.10296981118117,53.4078057778211],[-3.10297561743106,53.4080304569246],[-3.10335160942208,53.4080269835635],[-3.10335741774841,53.4082516626249],[-3.10336322615338,53.4084763416773],[-3.10298723016668,53.4084798151044],[-3.10299303786589,53.4087044915773],[-3.10261703981816,53.408707963773],[-3.10224104169039,53.4087114347851],[-3.1022468466724,53.4089361085522],[-3.1018708464203,53.4089395784182],[-3.10149484608821,53.4089430471007],[-3.10150064706153,53.4091677209332],[-3.10112464615833,53.409171189254],[-3.10113044516013,53.409395863056],[-3.10150644811481,53.4093923947566],[-3.10151224924803,53.4096170685708],[-3.10113624423974,53.4096205368511],[-3.10114204339716,53.409845210639],[-3.10076603776362,53.4098486783251],[-3.10077183502282,53.4100733520747],[-3.10039582733543,53.410076818544],[-3.10001981957026,53.4100802838275],[-3.09964381172734,53.4100837479254],[-3.09926780380669,53.4100872108375],[-3.09927359323942,53.410311884455],[-3.09927938274983,53.4105365580653],[-3.09928517233792,53.4107612316686],[-3.09890915841128,53.4107646933012],[-3.09853314440696,53.4107681537481],[-3.09815713032499,53.4107716130092],[-3.09778111616539,53.4107750710846],[-3.09740510192819,53.4107785279743],[-3.09741088171321,53.411003201414],[-3.09703486542229,53.4110066570866],[-3.09702908761342,53.4107819836783],[-3.09702330988209,53.4105573102629],[-3.09664729746591,53.4105607648125],[-3.0966415217882,53.4103360914214],[-3.09626551127061,53.4103395448166],[-3.09625973764648,53.4101148714498],[-3.09625396409982,53.4098901980758],[-3.09587795745688,53.4098936503481],[-3.09588372902748,53.4101183236907],[-3.09588950067552,53.4103429970262],[-3.09589527240101,53.4105676703546],[-3.09551925975235,53.4105711213471],[-3.09552502957915,53.410795794637],[-3.09553079948338,53.4110204679199],[-3.09553656946502,53.4112451411956],[-3.09591258804216,53.4112416902973],[-3.09591836007745,53.4114663635974],[-3.09592413219019,53.4116910368904],[-3.09630015464231,53.411687584869],[-3.09667617701695,53.4116841316619],[-3.09705219931405,53.4116806772691],[-3.09742822153361,53.4116772216905],[-3.09780424367559,53.4116737649261],[-3.09818026573996,53.411670306976],[-3.0985562877267,53.4116668478401],[-3.09893230963579,53.4116633875184],[-3.09930833146719,53.411659926011],[-3.09930254156834,53.411435252436],[-3.0996785613458,53.4114317897116],[-3.10005458104552,53.4114283258014],[-3.10043060066749,53.4114248607054],[-3.10080662021166,53.4114213944237],[-3.10118263967802,53.4114179269563],[-3.10155866119211,53.4114144587532],[-3.10193468401345,53.4114109896597],[-3.10192888019598,53.4111863159564],[-3.10155285941925,53.4111897850125],[-3.10154705772635,53.4109651112627],[-3.10117104035153,53.4109685794724],[-3.10116524080502,53.4107439057199],[-3.10154125611341,53.4107404375037],[-3.10191727280099,53.4107369685223],[-3.10191146922347,53.4105122947915],[-3.10153545458042,53.4105157637355],[-3.10152965312739,53.4102910899581],[-3.10190566572594,53.4102876210515],[-3.10228167824448,53.4102841509612],[-3.10228748378652,53.4105088246639],[-3.10229328940857,53.4107334983573],[-3.10229909511063,53.4109581720416],[-3.10267511368273,53.4109547006556],[-3.10305113217478,53.410951228086],[-3.10304532238361,53.4107265544765],[-3.10342133875101,53.4107230807607],[-3.10342715058674,53.4109477543328],[-3.10380316891858,53.410944279396],[-3.10417918717028,53.4109408032755],[-3.10417337124545,53.4107161297783],[-3.10454938737244,53.4107126525116],[-3.10455520534181,53.4109373259714],[-3.10456102339136,53.4111619994221],[-3.10493704352727,53.411158520897],[-3.1049428637016,53.411383194301],[-3.10494868395615,53.4116078676958],[-3.10532470810106,53.4116043879121],[-3.10533053048046,53.4118290612603],[-3.1053363529401,53.4120537345992],[-3.10571238109409,53.412050253557],[-3.10570655658977,53.4118255802555],[-3.10570073216571,53.4116009069448],[-3.10569490782191,53.411376233625],[-3.10531888580189,53.4113797145548],[-3.10531306358295,53.4111550411882],[-3.10530724144425,53.4109303678125],[-3.10530141938578,53.4107056944276],[-3.10567743527209,53.4107022136101],[-3.10605345107812,53.4106987316091],[-3.10642946680384,53.4106952484245],[-3.10643529499594,53.410919921697],[-3.10681131268587,53.4109164372912],[-3.10718733029543,53.4109129517019],[-3.1075633478246,53.410909464929],[-3.10793936527336,53.4109059769724],[-3.10794520172403,53.4111306500858],[-3.1083212211369,53.4111271609081],[-3.10832705971259,53.4113518339747],[-3.10833289836873,53.411576507032],[-3.10833873710533,53.4118011800802],[-3.10834457592238,53.4120258531192],[-3.10872060343329,53.4120223626078],[-3.1087264443755,53.4122470356],[-3.10873228539819,53.412471708583],[-3.109108316918,53.4124682168128],[-3.10948434835728,53.412464723859],[-3.10986037971599,53.4124612297214],[-3.10986622695342,53.4126859025826],[-3.11024226027628,53.4126824072238],[-3.11061829351851,53.4126789106813],[-3.11099432668009,53.4126754129552],[-3.1110001801324,53.4129000856944],[-3.11100603366537,53.4131247584244],[-3.11138207083584,53.4131212594393],[-3.1117581079256,53.4131177592706],[-3.11213414493462,53.4131142579182],[-3.11212828526727,53.412889585301],[-3.11250432015073,53.4128860828025],[-3.11249845851936,53.4126614102138],[-3.11249259696874,53.4124367376159],[-3.11248673549889,53.4122120650088],[-3.11286276416736,53.4122085614396],[-3.11323879275501,53.4122050566867],[-3.11324465831427,53.4124297292185],[-3.11325052395436,53.4126544017411],[-3.11325638967526,53.4128790742545],[-3.11363242431627,53.412875568205],[-3.11363829216277,53.4131002406715],[-3.11364416009012,53.4133249131288],[-3.11365002809832,53.4135495855769],[-3.11402606879289,53.4135460782307],[-3.11403193892681,53.4137707506319],[-3.11403780914161,53.4139954230239],[-3.11404367943728,53.4142200954067],[-3.11404954981384,53.4144447677804],[-3.11405542027128,53.4146694401447],[-3.11406129080961,53.4148941125],[-3.11406716142882,53.4151187848459],[-3.11407303212892,53.4153434571827],[-3.11444908910227,53.4153399483513],[-3.11445496192834,53.4155646206411],[-3.1140789029099,53.4155681295103],[-3.11370284381054,53.4155716371956],[-3.11332678463029,53.4155751436972],[-3.11295072536917,53.415578649015],[-3.11295659009571,53.4158033214463],[-3.11258052870864,53.415806825618],[-3.11220446724076,53.4158103286058],[-3.11182840569209,53.4158138304098],[-3.11145234406267,53.4158173310299],[-3.11145820068942,53.4160420036027],[-3.11108213693413,53.4160455030767],[-3.11070607309813,53.4160490013668],[-3.11033000918145,53.4160524984732],[-3.10995394518413,53.4160559943957],[-3.10995979371087,53.4162806671096],[-3.10958372758774,53.4162841618859],[-3.10920766138403,53.4162876554783],[-3.10921350590093,53.4165123282582],[-3.10883743757144,53.4165158207043],[-3.10846136916141,53.4165193119666],[-3.10808530067086,53.4165228020451],[-3.10809113913258,53.4167474749284],[-3.10771506851631,53.4167509638605],[-3.10733899781958,53.4167544516088],[-3.10734483275233,53.4169791238142],[-3.10735066940052,53.417203793483],[-3.10772674417895,53.4172003056827],[-3.10810281887629,53.4171968166993],[-3.10810865973565,53.4174214862375],[-3.10811450067609,53.4176461557658],[-3.10849057942248,53.4176426654785],[-3.10849642250912,53.4178673349365],[-3.1088725032395,53.4178638434057],[-3.10887834847239,53.4180885127935],[-3.10888419378643,53.4183131821713],[-3.10850810892572,53.4183166738229],[-3.10851395225569,53.4185413432511],[-3.10851979566677,53.4187660126695],[-3.10814370659448,53.4187695032586],[-3.10776761744108,53.4187729926644],[-3.10776177816046,53.4185483231253],[-3.1073856909912,53.4185518112876],[-3.10700960374087,53.4185552982666],[-3.10700376867173,53.418330628597],[-3.1069979336836,53.4181059589174],[-3.10662185048263,53.4181094445926],[-3.10624576720065,53.4181129290847],[-3.10625159805841,53.4183375988848],[-3.10587551263027,53.418341082254],[-3.10588134150377,53.4185657521045],[-3.10588717045818,53.4187904219452],[-3.10626326001678,53.4187869384555],[-3.10626909111739,53.419011608226],[-3.10627492229894,53.4192362779865],[-3.10589882860978,53.4192397615969],[-3.10589299949352,53.419015091776],[-3.10551690778869,53.4190185741428],[-3.10514081600294,53.4190220553263],[-3.10476472413629,53.4190255353267],[-3.10438863218876,53.4190290141437],[-3.1040125401604,53.4190324917776],[-3.10401835895015,53.4192571618998],[-3.10402417782069,53.4194818320121],[-3.10402999677201,53.4197065021145],[-3.10365389846683,53.4197099787459],[-3.10327780008085,53.4197134541939],[-3.10327198526025,53.419488783971],[-3.10326617052038,53.4192641137382],[-3.10326035586124,53.4190394434956],[-3.10325454128283,53.418814773243],[-3.10287845107738,53.4188182472668],[-3.10287263864496,53.4185935769441],[-3.10286682629323,53.4183689066115],[-3.1028610140222,53.418144236269],[-3.10248492993171,53.418147708929],[-3.10247911980655,53.4179230385164],[-3.10247330976206,53.4176983680939],[-3.10246749979824,53.4174736976614],[-3.10209142182248,53.4174771689577],[-3.10208561400441,53.4172524984552],[-3.10170953801309,53.417255968508],[-3.10171534376606,53.4174806390707],[-3.101339265629,53.4174841080006],[-3.10096319266658,53.4174875745839],[-3.10058711974091,53.4174910399555],[-3.1002110467369,53.4174945041409],[-3.10021684443931,53.4177191746567],[-3.09984076936343,53.417722637616],[-3.09946469420926,53.4177260993891],[-3.09908861897682,53.4177295599759],[-3.09871254366613,53.4177330193765],[-3.09871833347255,53.4179576897264],[-3.09834225609007,53.4179611479009],[-3.09796617862941,53.4179646048891],[-3.09759010109058,53.4179680606911],[-3.09759588499437,53.4181927309148],[-3.0972198053838,53.4181961854907],[-3.09684372569511,53.4181996388803],[-3.09646764592834,53.4182030910835],[-3.09609156608352,53.4182065421005],[-3.09609734209087,53.4184312121582],[-3.09572126017438,53.4184346619491],[-3.09534517817988,53.4184381105536],[-3.0949690961074,53.4184415579719],[-3.09459301395697,53.4184450042039],[-3.09459878206766,53.4186696740953],[-3.09422269784563,53.4186731191011],[-3.09384661354571,53.4186765629206],[-3.09347052916791,53.4186800055538],[-3.09309444471227,53.4186834470008],[-3.09310020492605,53.4189081167257],[-3.09272411839888,53.4189115569464],[-3.09272987669672,53.4191362266245],[-3.09310596521762,53.4191327864437],[-3.09311172558698,53.4193574561549],[-3.09311748603414,53.4195821258593],[-3.0931232465591,53.4198067955569],[-3.09274715205685,53.4198102356179],[-3.09275291066577,53.4200349052687],[-3.09237681409188,53.4200383441034],[-3.0923710574768,53.4198136744926],[-3.09199496281898,53.4198171121808],[-3.09161886808341,53.4198205486828],[-3.09162462071081,53.4200452182138],[-3.09163037341589,53.4202698877379],[-3.09125427461489,53.4202733229736],[-3.09126002540378,53.4204979924509],[-3.09163612619868,53.4204945572552],[-3.09164187905916,53.4207192267657],[-3.09164763199734,53.4209438962694],[-3.09165338501321,53.4211685657662],[-3.09127727823646,53.421172000842],[-3.09127152721456,53.4209473313851],[-3.09089542235409,53.4209507653145],[-3.09090117138201,53.4211754347313],[-3.09052506444988,53.4211788674343],[-3.09051931741594,53.4209541980574],[-3.09014321240015,53.420957629614],[-3.09013746743779,53.4207329602703],[-3.09013172255302,53.4205082909197],[-3.09012597774583,53.4202836215624],[-3.09050207677983,53.4202801898858],[-3.09049633005636,53.4200555204816],[-3.09087242701885,53.4200520875787],[-3.09086667837915,53.4198274181276],[-3.09086092981708,53.4196027486698],[-3.09048483684226,53.4196061816527],[-3.09047909035162,53.419381512228],[-3.0904733439386,53.4191568427965],[-3.0900972548737,53.4191602746731],[-3.09010299929296,53.4193849440646],[-3.08972690815669,53.4193883747148],[-3.08973265065974,53.4196130440595],[-3.0901087437898,53.4196096134493],[-3.09011448836423,53.4198342828271],[-3.09012023301624,53.4200589521982],[-3.0897441358985,53.4200623827284],[-3.08974987863422,53.4202870520526],[-3.08937377944501,53.4202904813564],[-3.08936803870317,53.4200658120723],[-3.08936229803886,53.4198411427813],[-3.08935655745209,53.4196164734834],[-3.08898046416688,53.419619901721],[-3.08897472565144,53.4193952324564],[-3.0885986342825,53.4193986595477],[-3.08860437080415,53.4196233287723],[-3.08822827736391,53.4196267546372],[-3.0878521838462,53.4196301793158],[-3.08785791645767,53.4198548484534],[-3.08748182086868,53.4198582719056],[-3.08748755156371,53.4200829409964],[-3.08711145390343,53.4200863632222],[-3.08711718268197,53.420311032266],[-3.08674108295042,53.4203144532654],[-3.08636498314148,53.4203178730784],[-3.08635925835072,53.4200932041147],[-3.08635353363727,53.4198685351442],[-3.08634780900115,53.4196438661669],[-3.08672390282849,53.4196404462336],[-3.08709999657846,53.419637025114],[-3.08709426803203,53.4194123560496],[-3.08708853956297,53.4191876869785],[-3.08671244980059,53.4191911081783],[-3.08670672340265,53.4189664391403],[-3.08670099708205,53.4187417700956],[-3.08669527083878,53.418517101044],[-3.08707135461998,53.418513679724],[-3.0874474383238,53.4185102572177],[-3.0878235219502,53.4185068335251],[-3.08819960549916,53.4185034086462],[-3.08819387135855,53.4182787394275],[-3.08818813729537,53.418054070202],[-3.08818240330964,53.4178294009696],[-3.0878063257416,53.4178328259686],[-3.08743024809614,53.4178362497815],[-3.08705417037326,53.417839672408],[-3.08667809257299,53.4178430938483],[-3.08668381858426,53.4180677629204],[-3.08668954467285,53.4182924319856],[-3.08631346280796,53.4182958521595],[-3.08630773871302,53.4180711831343],[-3.08593165876444,53.418074602162],[-3.08592593674043,53.4178499331701],[-3.08592021479369,53.4176252641714],[-3.08591449292422,53.4174005951659],[-3.08590877113204,53.4171759261535],[-3.08590304941712,53.4169512571343],[-3.08589732878349,53.4167265851884],[-3.08552126068731,53.4167300033125],[-3.08551554222196,53.4165053310578],[-3.08550982383335,53.4162806587961],[-3.08513375961411,53.4162840757975],[-3.08512804327905,53.4160594035603],[-3.0847519809599,53.4160628194075],[-3.08437591936669,53.4160662335476],[-3.08438163174288,53.4162909057459],[-3.0843873441953,53.4165155779365],[-3.08401127883504,53.4165189907125],[-3.0840169894007,53.4167436628826],[-3.08402270023206,53.4169683344671],[-3.08402841201226,53.4171930033828],[-3.08365234070125,53.4171964149149],[-3.08327626931399,53.4171998252624],[-3.0829001978505,53.4172032344252],[-3.08252412631081,53.4172066424034],[-3.08214805469495,53.417210049197],[-3.08177198300294,53.4172134548059],[-3.08139591123481,53.4172168592302],[-3.08101983939058,53.4172202624699],[-3.0810141433252,53.4169955934607],[-3.08063807336927,53.4169989955041],[-3.08063238006407,53.4167743244081],[-3.08025631197968,53.4167777253173],[-3.08025062104415,53.4165530532772],[-3.08062668716552,53.4165496523549],[-3.08062099434295,53.4163249802941],[-3.08061530159634,53.4161003082256],[-3.08023923940093,53.416103709174],[-3.08023354869323,53.4158790371108],[-3.08060960892571,53.4158756361495],[-3.08060391633104,53.4156509640656],[-3.08097997452462,53.4156475619059],[-3.08135603264218,53.4156441585608],[-3.08135033619771,53.4154194864433],[-3.08172639227635,53.4154160818999],[-3.08210244827893,53.4154126761712],[-3.08209674798477,53.41518800402],[-3.0824728019484,53.4151845970929],[-3.08284885583591,53.4151811889805],[-3.08284315169217,53.4149565167957],[-3.08321920354072,53.4149531074851],[-3.0835952553131,53.4149496969891],[-3.08358954731988,53.4147250247707],[-3.08358383940285,53.4145003525447],[-3.08395988717347,53.4144969408375],[-3.08433593486787,53.414493527945],[-3.08433022310152,53.4142688556855],[-3.08470626885438,53.4142654415081],[-3.08470055518622,53.4140407692388],[-3.08507659971524,53.4140373531066],[-3.0850708841472,53.4138126807985],[-3.08544692662296,53.4138092634488],[-3.0854412091551,53.413584591102],[-3.08543549176396,53.4133599187481],[-3.08581153020996,53.4133565001493],[-3.08580581091908,53.4131318277566],[-3.08618184731185,53.4131284079404],[-3.08655788362784,53.4131249869383],[-3.08655216046082,53.4129003144753],[-3.08692819472356,53.4128968922558],[-3.08730422890945,53.4128934688506],[-3.08768026301847,53.4128900442595],[-3.08767453399903,53.4126653716946],[-3.08729850186641,53.4126687963172],[-3.08729277490022,53.4124441237768],[-3.08766880505646,53.4124406991226],[-3.08766307619077,53.4122160265435],[-3.08803910429376,53.4122126006719],[-3.08841513231984,53.4122091736145],[-3.08840939957837,53.4119845009651],[-3.08878542555119,53.4119810726904],[-3.08916145144703,53.4119776432299],[-3.08953747726589,53.4119742125837],[-3.08953173867245,53.4117495398326],[-3.08990776243799,53.4117461079691],[-3.09028378612649,53.4117426749198],[-3.0906598097379,53.4117392406848],[-3.09103583327222,53.411735805264],[-3.09141185672942,53.4117323686575],[-3.09178788010945,53.4117289308652],[-3.09178212973546,53.4115042579179],[-3.09140610833168,53.4115076957417],[-3.09103008685074,53.4115111323797],[-3.09065406529269,53.411514567832],[-3.09027804365753,53.4115180020986],[-3.09027230126562,53.4112933292702],[-3.09026655895077,53.4110686564348],[-3.09026081671297,53.4108439835923],[-3.09025507455222,53.4106193107426],[-3.09024933246852,53.4103946378859],[-3.09024359046186,53.4101699650221],[-3.09023784853225,53.4099452921513],[-3.08986184065311,53.4099487254527],[-3.0898561007766,53.4097240526063],[-3.08985036097709,53.4094993797528],[-3.0898446212546,53.4092747068921],[-3.08946861922651,53.4092781391025],[-3.08946288155701,53.4090534662663],[-3.08945714396449,53.4088287934231],[-3.08945140644895,53.4086041205727],[-3.08982740254921,53.4086006882677],[-3.09020339857243,53.4085972547771],[-3.09057939454323,53.4085938200391],[-3.09095539045382,53.4085903840735],[-3.09133138628685,53.4085869469238],[-3.09170738204228,53.4085835085902],[-3.0920833777201,53.4085800690725],[-3.09245937332027,53.4085766283708],[-3.09283536884277,53.408573186485],[-3.09321136428757,53.4085697434153],[-3.09320560972458,53.4083450637335],[-3.0935816031003,53.4083416195017],[-3.09395759639828,53.4083381740859],[-3.09433358961847,53.408334727486],[-3.09432782915925,53.4081100478614],[-3.09432206877782,53.407885368228],[-3.09431630847419,53.407660688586],[-3.09431054824836,53.4074360089352],[-3.09430478810033,53.4072113292756],[-3.09429902803008,53.4069866496074],[-3.09429326803763,53.4067619699304],[-3.09428750812297,53.4065372902448],[-3.09428174828609,53.4063126105504],[-3.09427598852701,53.4060879308472],[-3.09427022884571,53.4058632511354],[-3.09426446924219,53.4056385714148],[-3.09464043849056,53.4056351238947],[-3.09463467697383,53.4054104441874],[-3.09501064415339,53.4054069955054],[-3.0953866112551,53.4054035456395],[-3.09538084583425,53.4051788659674],[-3.09537508049126,53.4049541862866],[-3.09499911737145,53.4049576361085],[-3.09499335409724,53.404732956397],[-3.0946173928905,53.4047364050131],[-3.09424143160596,53.4047398524453],[-3.09386547024363,53.4047432986937],[-3.09385971301991,53.4045186189075],[-3.09385395587394,53.4042939391127],[-3.09422991325451,53.4042904929082],[-3.0946058705573,53.40428704552],[-3.09460010950741,53.4040623657603],[-3.09459434853531,53.403837685992],[-3.09421839521416,53.4038411333363],[-3.09421263631065,53.4036164535372],[-3.0938366849025,53.4036198996757],[-3.09346073341661,53.4036233446304],[-3.09345497857238,53.4033986647787],[-3.09344922380587,53.4031739849183],[-3.09382517131027,53.4031705400075],[-3.09420111873693,53.4031670939129],[-3.09419536006672,53.4029424140877],[-3.09457130542491,53.4029389668313],[-3.0949472507053,53.4029355183911],[-3.09532319590786,53.4029320687671],[-3.09569914103257,53.4029286179594],[-3.0960750860794,53.4029251659679],[-3.09645103104833,53.4029217127926],[-3.09682697593933,53.4029182584335],[-3.0968212034122,53.4026935787536],[-3.09681543096302,53.4024688990649],[-3.09680965859179,53.4022442193676],[-3.09680388629851,53.4020195396615],[-3.09642794937002,53.4020229939324],[-3.09642217914524,53.4017983141955],[-3.09641640899839,53.4015736344499],[-3.09641063892946,53.4013489546956],[-3.09603470789464,53.4013524077168],[-3.0960289398941,53.4011277279317],[-3.09602317197145,53.400903048138],[-3.09601740412669,53.4006783683355],[-3.09564147898535,53.4006818201069],[-3.09563571320887,53.4004571402737],[-3.09562994754849,53.4002324604373],[-3.0956241822073,53.4000077806276],[-3.09561841694342,53.3997831008091],[-3.09524249964309,53.3997865513013],[-3.09523673642876,53.3995618714488],[-3.0952309732917,53.3993371915874],[-3.09522521023192,53.3991125117172],[-3.0952194472494,53.3988878318381],[-3.09521368434415,53.3986631519503],[-3.09520792151617,53.3984384720536],[-3.09558382698337,53.3984350217126],[-3.09557806226056,53.3982103418323],[-3.09595396567837,53.398206890333],[-3.09632986901886,53.3982034376503],[-3.09632410042921,53.3979787578116],[-3.09670000172029,53.3979753039706],[-3.09669423123595,53.3977506241484],[-3.09707013047762,53.3977471691492],[-3.09744602964189,53.3977437129665],[-3.0974402552909,53.3975190331859],[-3.09781615240574,53.3975155758451],[-3.09781037616018,53.397290896081],[-3.0981862712256,53.3972874375819],[-3.09856216621354,53.3972839778995],[-3.09855638610153,53.3970592981771],[-3.09893227904002,53.3970558373365],[-3.09930817190099,53.3970523753125],[-3.09930238792262,53.3968276956319],[-3.09967827873412,53.3968242324498],[-3.10005416946804,53.3968207680843],[-3.10043006012436,53.3968173025354],[-3.10080595070305,53.396813835803],[-3.10080015891467,53.3965891562149],[-3.10117604744381,53.3965856883245],[-3.1015519370936,53.3965822203493],[-3.10154614139471,53.3963575407695],[-3.10117025376121,53.3963610087529],[-3.1011644601563,53.3961363291725],[-3.10115866662905,53.3959116495832],[-3.10153455023214,53.3959081815842],[-3.10152875476845,53.3956835019787],[-3.10152295938317,53.3954588223646],[-3.10114707980759,53.3954622903783],[-3.10114128651336,53.3952376107625],[-3.10076540981499,53.3952410785008],[-3.10075961857014,53.3950163988509],[-3.10075382740293,53.3947917191922],[-3.10112970015793,53.3947882515046],[-3.10150557369771,53.394784783471],[-3.10149977862602,53.3945601038226],[-3.10187565108784,53.3945566355882],[-3.10225152347124,53.3945531661701],[-3.10224572448925,53.3943284865473],[-3.10262159479986,53.3943250159628],[-3.102997465032,53.3943215441947],[-3.10337333518563,53.3943180712431],[-3.10336753029916,53.3940933916631],[-3.10374339837996,53.3940899175451],[-3.1041192663822,53.3940864422435],[-3.10449513430586,53.3940829657583],[-3.10448932351508,53.3938582862212],[-3.10486518936586,53.3938548085696],[-3.10487100215091,53.3940794880896],[-3.10524686991733,53.3940760092374],[-3.105241055138,53.3938513297346],[-3.10561692083149,53.393847849716],[-3.10599278644628,53.3938443685138],[-3.10636865198236,53.3938408861281],[-3.10636283129895,53.3936162066684],[-3.10598696775712,53.3936196890368],[-3.10598114914666,53.3933950095513],[-3.10635701069428,53.3933915272],[-3.10673287216317,53.3933880436652],[-3.10710873355329,53.3933845589469],[-3.10711455814639,53.3936092383808],[-3.10712038281828,53.3938339178062],[-3.10749624811806,53.3938304318699],[-3.10750207486301,53.3940551112695],[-3.10750790168677,53.3942797906605],[-3.10788377089629,53.3942763035062],[-3.10825964002695,53.3942728151684],[-3.1082538092146,53.3940481358119],[-3.10824797848113,53.3938234564468],[-3.10862384354436,53.3938199669599],[-3.1089997085287,53.3938164762895],[-3.10899387388562,53.3935917969504],[-3.1093697367968,53.3935883051137],[-3.10974559962901,53.3935848120936],[-3.11012146238225,53.3935813178899],[-3.11011562183549,53.393356638594],[-3.11049148251552,53.3933531432241],[-3.11048564005359,53.393128463937],[-3.11086149866041,53.3931249674009],[-3.11123735718818,53.3931214696813]]],[[[-3.08748755156371,53.4200829409964],[-3.08786364914656,53.4200795175843],[-3.08823974665195,53.4200760929858],[-3.08824548141215,53.4203007621498],[-3.0882512162498,53.4205254313071],[-3.08862731766551,53.4205220056023],[-3.08863305457456,53.4207466747928],[-3.08825695116491,53.4207501004575],[-3.08826268615747,53.420974769601],[-3.08863879156108,53.4209713439764],[-3.08864452862509,53.4211960131532],[-3.08826842122749,53.4211994387377],[-3.08789231375241,53.4212028631359],[-3.08789804690587,53.4214275322258],[-3.08752193735931,53.4214309553975],[-3.08751620619987,53.4212062863477],[-3.08714009856989,53.4212097083731],[-3.08713436948185,53.4209850393566],[-3.08675826376846,53.4209884602356],[-3.08675253675176,53.4207637912524],[-3.08712864047118,53.4207603703332],[-3.08712291153789,53.420535701303],[-3.08711718268197,53.420311032266],[-3.08749328233613,53.4203076100803],[-3.08748755156371,53.4200829409964]]],[[[-3.09388696458883,53.4202492514103],[-3.09389272933497,53.4204739211673],[-3.09389849415897,53.4206985909174],[-3.09390425906082,53.4209232606607],[-3.09391002404054,53.4211479303972],[-3.09353391773055,53.4211513725914],[-3.0935281547448,53.4209267028948],[-3.09315205035092,53.4209301439425],[-3.09277594587921,53.4209335838038],[-3.09277018695918,53.4207089141803],[-3.09314628943695,53.420705474279],[-3.09314052860078,53.4204808046088],[-3.09276442811694,53.4204842445499],[-3.09275866935247,53.4202595749127],[-3.09313476784242,53.4202561349316],[-3.09312900716186,53.4200314652477],[-3.09350510358013,53.4200280240403],[-3.09351086625455,53.4202526937642],[-3.09388696458883,53.4202492514103]]],[[[-3.12438344741538,53.4069318935887],[-3.12438936759531,53.4071565692633],[-3.12401338057079,53.4071601079217],[-3.12363739346574,53.4071636453994],[-3.1232614062802,53.4071671816964],[-3.12325549213073,53.4069425056435],[-3.12363147730611,53.4069389694725],[-3.12362556122696,53.4067142935337],[-3.12400154431173,53.4067107563082],[-3.12400746240101,53.4069354321209],[-3.12438344741538,53.4069318935887]]],[[[-3.1335144742342,53.3967327059144],[-3.13350850837221,53.396508028736],[-3.13313261772036,53.39651159246],[-3.1331266539433,53.3962869152311],[-3.13312069024718,53.3960622379928],[-3.13349657689118,53.3960586743512],[-3.13387246345419,53.3960551095266],[-3.13387843115812,53.3962797866825],[-3.13425431964402,53.3962762206339],[-3.13463020804887,53.3962726534024],[-3.13500609679941,53.3962690831606],[-3.13501207056068,53.3964937600834],[-3.13463617984167,53.3964973304666],[-3.13464215171554,53.3967220075215],[-3.13464812367047,53.396946684567],[-3.13465409570647,53.3971713616032],[-3.13427819928573,53.3971749289995],[-3.13428416939876,53.3973996060676],[-3.13390827089292,53.3974031723222],[-3.13353237230607,53.3974067373938],[-3.13352640620112,53.3971820602434],[-3.13352044017717,53.3969573830836],[-3.1335144742342,53.3967327059144]]]]}}