{"type":"Feature","properties":{"code":"E63001274","name":"Salford"},"geometry":{"type":"MultiPolygon","coordinates":[[[[-2.2999345657492,53.4970161187332],[-2.29955770458656,53.4970170543544],[-2.29955928354764,53.4972417596151],[-2.29918242036574,53.4972426939911],[-2.29918399735013,53.4974673991873],[-2.29880713214896,53.497468332318],[-2.29880555716256,53.4972436271784],[-2.29842869393813,53.497244559177],[-2.29842712097094,53.497019854086],[-2.29805025972325,53.4970207849526],[-2.2980486887752,53.4967960799102],[-2.29767182950425,53.4967970096447],[-2.29767026057529,53.496572304651],[-2.29804711784833,53.4965713748599],[-2.29804554694264,53.4963466698016],[-2.29842240219659,53.4963457387653],[-2.29842397510017,53.4965704438802],[-2.29880083233079,53.4965695117118],[-2.29880240725348,53.4967942168753],[-2.29917926646076,53.4967932835748],[-2.29917768954016,53.4965685783547],[-2.29955454672826,53.4965676438091],[-2.29955612564676,53.4967923490857],[-2.29993298481147,53.4967914134079],[-2.2999345657492,53.4970161187332]]],[[[-2.2999345657492,53.4970161187332],[-2.3003114268905,53.4970151819233],[-2.30030984395484,53.4967904765415],[-2.30030826104052,53.4965657711518],[-2.29993140389505,53.4965667080747],[-2.29955454672826,53.4965676438091],[-2.29955296783104,53.4963429385244],[-2.29955138895511,53.4961182332319],[-2.29917453576275,53.4961191678907],[-2.29917295890593,53.4958944626467],[-2.29879610769012,53.4958953961734],[-2.29879453285237,53.4956706909781],[-2.29841768361311,53.4956716233728],[-2.29804083435264,53.4956725545789],[-2.29803926353167,53.4954478494887],[-2.29766241624778,53.4954487795628],[-2.29766084744573,53.4952240745213],[-2.29765927866484,53.4949993694717],[-2.29728243535525,53.4950002984705],[-2.2972808685932,53.4947755934696],[-2.29690402726017,53.4947765213364],[-2.29690246251692,53.4945518163841],[-2.29652562316044,53.494552743119],[-2.29614878378289,53.4945536686652],[-2.29614722305601,53.4943289638183],[-2.29577038565505,53.4943298882327],[-2.29576882694683,53.4941051834344],[-2.29539199152245,53.4941061067169],[-2.29539043483283,53.4938814019673],[-2.29501360138504,53.4938823241179],[-2.29501204671397,53.493657619417],[-2.29463521524277,53.4936585404358],[-2.2946336625902,53.4934338357836],[-2.29425683309559,53.4934347556706],[-2.29425838375062,53.4936594602661],[-2.29388155223755,53.4936603789078],[-2.29388000358005,53.493435674369],[-2.29350317404362,53.493436591879],[-2.29312634448633,53.4934375082004],[-2.29274951490819,53.4934384233334],[-2.29275105757308,53.4936631277021],[-2.29275260025876,53.4938878320628],[-2.29312943383199,53.4938869170433],[-2.29313097853606,53.4941116214527],[-2.29313252326096,53.4943363258542],[-2.29275568569251,53.4943372407603],[-2.29237884810325,53.4943381544778],[-2.29238038885368,53.4945628587579],[-2.29200354924599,53.4945637712301],[-2.2920020104932,53.4943390670068],[-2.2916251728624,53.4943399783473],[-2.29162670961753,53.4945646825139],[-2.29162824639339,53.4947893866724],[-2.29200508801952,53.4947884754455],[-2.2920066268138,53.4950131796528],[-2.29200816562883,53.4952378838522],[-2.2920097044646,53.4954625880436],[-2.29201124332112,53.495687292227],[-2.29238809291745,53.4956863800385],[-2.29238963379253,53.4959110842707],[-2.29239117468838,53.4961357884949],[-2.29276802825957,53.4961348752312],[-2.29276957117406,53.4963595795042],[-2.29314642672229,53.4963586651087],[-2.29314797165547,53.4965833694304],[-2.29314951660948,53.4968080737441],[-2.29277265706545,53.4968089880262],[-2.29277420004235,53.4970336922753],[-2.29239733847956,53.497034605312],[-2.2923988794793,53.4972593094963],[-2.29202201589774,53.4972602212876],[-2.29202047689598,53.4970355171601],[-2.29164361529163,53.4970364278195],[-2.29164207830856,53.4968117237407],[-2.29126521868141,53.4968126332682],[-2.29126675366655,53.4970373372903],[-2.29126828867237,53.4972620413043],[-2.29164515229543,53.4972611318903],[-2.29164668931995,53.4974858359532],[-2.29164822636519,53.497710540008],[-2.29202509396353,53.4977096295189],[-2.29202663302755,53.4979343336225],[-2.29202817211233,53.4981590377182],[-2.29240504368603,53.4981581261539],[-2.29240658478966,53.4983828302984],[-2.29240812591406,53.4986075344348],[-2.29203125034413,53.4986084458857],[-2.29203278949116,53.4988331499574],[-2.29203432865895,53.4990578540212],[-2.29203586784749,53.499282558077],[-2.29203740705678,53.4995072621248],[-2.29203894628683,53.4997319661646],[-2.29204048553763,53.4999566701965],[-2.29241737309692,53.4999557590862],[-2.2924189143668,53.5001804631668],[-2.29242045758068,53.5004051680028],[-2.29279734900665,53.5004042557307],[-2.29279889518321,53.5006289609212],[-2.29280044137932,53.5008536661026],[-2.29317733647631,53.500852752498],[-2.29317888453732,53.5010774575981],[-2.29318043261792,53.5013021626891],[-2.29355733138601,53.5013012477521],[-2.29355888133158,53.5015259527617],[-2.29356043129676,53.5017506577623],[-2.29393733373602,53.5017497414928],[-2.29393578192542,53.5015250365645],[-2.2943126824996,53.5015241191796],[-2.29431112886324,53.5012994143147],[-2.29468802757234,53.5012984958143],[-2.29506492626173,53.5012975761262],[-2.29544182493139,53.5012966552503],[-2.29544338410391,53.501521359898],[-2.29544494329616,53.5017460645366],[-2.29544650250816,53.5019707691663],[-2.29582340669429,53.5019698468853],[-2.29582496777149,53.5021945514335],[-2.29582652886845,53.5024192559727],[-2.29544962099136,53.5024201783985],[-2.29507271309451,53.5024210996364],[-2.29507427052021,53.5026458043113],[-2.2946973607581,53.5026467244338],[-2.29432045097628,53.5026476433685],[-2.29431889724162,53.5024229385488],[-2.29431734352662,53.50219823372],[-2.29431578983128,53.5019735288822],[-2.29393888556625,53.501974446412],[-2.29394043741612,53.5021991513221],[-2.29394198928563,53.5024238562233],[-2.29394354117478,53.5026485611154],[-2.29394509308356,53.5028732659984],[-2.29394664501198,53.5030979708724],[-2.2935697314997,53.5030988875762],[-2.29357128160217,53.5033235925136],[-2.29319436622465,53.5033245081018],[-2.29281745082751,53.5033254225022],[-2.29281899725836,53.5035501275752],[-2.29244207999601,53.50355104086],[-2.2920651627141,53.503551952957],[-2.29168824541264,53.5035528638661],[-2.29131132809167,53.5035537735873],[-2.2909344107512,53.5035546821206],[-2.29055749339126,53.503555589466],[-2.29018057601188,53.5035564956235],[-2.28980365861307,53.5035574005931],[-2.28942674119487,53.5035583043749],[-2.28942521137461,53.5033335986511],[-2.28904829578266,53.5033345011727],[-2.28904676782734,53.5031097953676],[-2.28866985406164,53.5031106966291],[-2.28829294027662,53.5031115967027],[-2.2879160264723,53.5031124955884],[-2.287914504073,53.5028877895576],[-2.28753759209498,53.5028886871833],[-2.28716068009771,53.502889583621],[-2.28715916140874,53.5026648774368],[-2.2867822512378,53.5026657726145],[-2.28678073441354,53.5024410663491],[-2.28640382606892,53.5024419602667],[-2.28640231110932,53.5022172539201],[-2.28602540459102,53.5022181465777],[-2.28602389149602,53.5019934401499],[-2.28564698680405,53.5019943315475],[-2.28527008209296,53.5019952217573],[-2.28526857270796,53.5017705151761],[-2.28489166982322,53.5017714041259],[-2.2848901623027,53.5015466974636],[-2.28451325799013,53.501547583639],[-2.28451175240075,53.5013228769219],[-2.284134848455,53.5013237611512],[-2.28413334485811,53.5010990544056],[-2.28375644286479,53.5010999374268],[-2.28375494126033,53.5008752306526],[-2.28337804121945,53.5008761124657],[-2.28337654160737,53.500651405663],[-2.28299964351893,53.5006522862679],[-2.28262274541054,53.5006531656847],[-2.28224584728223,53.5006540439133],[-2.28224435360725,53.5004293370423],[-2.28186745743143,53.5004302140628],[-2.28186596717611,53.5002055080503],[-2.28148907291613,53.5002063838396],[-2.2811121786368,53.500207258441],[-2.28073528433813,53.5002081318545],[-2.2807338041029,53.4999834283066],[-2.28035691169943,53.499984300475],[-2.27998001927667,53.4999851714555],[-2.27960312683465,53.4999860412482],[-2.27922623437341,53.4999869098531],[-2.27884934189295,53.49998777727],[-2.27847244939332,53.4999886434991],[-2.27809555687453,53.4999895085404],[-2.27809702370824,53.5002142124891],[-2.27772012925582,53.5002150763997],[-2.27734323478429,53.5002159391224],[-2.27696634029369,53.5002168006572],[-2.27696780534712,53.5004415072038],[-2.27659090889552,53.5004423675897],[-2.27659237298456,53.5006670747578],[-2.27621547454106,53.5006679339751],[-2.27621693667713,53.5008926411543],[-2.27584003624173,53.5008934992032],[-2.27584149642478,53.5011182063935],[-2.27584295662723,53.5013429135753],[-2.27546605222745,53.5013437704754],[-2.27546751047679,53.5015684776683],[-2.27546896874551,53.5017931848525],[-2.27509206038126,53.5017940406038],[-2.2750935166968,53.5020187477992],[-2.2747166063406,53.5020196023819],[-2.27433969596503,53.5020204557763],[-2.27396278557012,53.5020213079825],[-2.27396133517227,53.501796600728],[-2.2735844267306,53.5017974517263],[-2.27320751826965,53.5017983015363],[-2.27320896472238,53.50202300883],[-2.27321041119432,53.5022477161152],[-2.27321185768548,53.5024724233917],[-2.2728349432875,53.5024732720724],[-2.27245802887028,53.5024741195648],[-2.27208111443385,53.5024749658689],[-2.27207967386054,53.5022502585334],[-2.27170276137753,53.5022511036296],[-2.27170132279594,53.5020263962659],[-2.27169988423346,53.5018016888937],[-2.27207679277131,53.5018008438367],[-2.27207535225539,53.5015761364754],[-2.27207391175862,53.5013514291056],[-2.27169700716581,53.5013522741233],[-2.27169556866065,53.5011275667253],[-2.27169413017459,53.5009028593186],[-2.27169269170764,53.5006781519034],[-2.27169125325979,53.5004534444796],[-2.27168981543631,53.5002287374173],[-2.27168838114922,53.5000040324973],[-2.27168694688079,53.4997793275685],[-2.27168551263103,53.4995546226307],[-2.27130862360077,53.4995554661762],[-2.27130719128411,53.4993307611725],[-2.27130575898609,53.49910605616],[-2.2713043267067,53.4988813511386],[-2.27130289444596,53.4986566461083],[-2.27130146220385,53.4984319410691],[-2.27167834166221,53.4984310978089],[-2.27167690752443,53.4982063928179],[-2.27130002998038,53.4982072360211],[-2.27129859777554,53.4979825309642],[-2.2709217221271,53.4979833729225],[-2.27092029185515,53.4977586677997],[-2.27091886160182,53.497533962668],[-2.27091743136709,53.4973092575274],[-2.27054056144268,53.4973100981269],[-2.27053913314074,53.4970853929205],[-2.27053770485738,53.4968606877051],[-2.27091457095347,53.4968598472197],[-2.27091314077457,53.4966351420525],[-2.2705362765926,53.4966359824809],[-2.27053484834641,53.4964112772478],[-2.27091171061429,53.4964104368764],[-2.27128857286353,53.4964095953173],[-2.27166543509411,53.4964087525704],[-2.27166400112429,53.4961840474995],[-2.27128714080778,53.4961848901893],[-2.27091028047261,53.4961857316915],[-2.2705334201188,53.4961865720059],[-2.27015655974638,53.4961874111326],[-2.27015513345139,53.4959627058247],[-2.27015370717496,53.495738000508],[-2.27015228091709,53.4955132951824],[-2.27015085467777,53.495288589848],[-2.270149428457,53.4950638845046],[-2.27052627925947,53.495063045663],[-2.27052485114335,53.4948383403677],[-2.27052342304581,53.4946136350637],[-2.27014657607114,53.4946144737913],[-2.27014514990604,53.4943897684214],[-2.27052199496685,53.4943889297507],[-2.27089884000905,53.4943880898924],[-2.27089741003484,53.4941633846276],[-2.27127425314457,53.4941625436387],[-2.27127282127515,53.493937838422],[-2.27164966245242,53.4939369963025],[-2.27164822868785,53.4937122911339],[-2.27202506793265,53.4937114478838],[-2.27240190715874,53.4937106034461],[-2.27240046958532,53.4934858983828],[-2.27202363227298,53.4934867427635],[-2.272022196632,53.4932620376342],[-2.27239903203061,53.4932611933106],[-2.27277586741048,53.4932603477994],[-2.27315270277159,53.4932595011006],[-2.27352953811392,53.4932586532142],[-2.27352809483681,53.4930339483044],[-2.27390492824662,53.4930330992875],[-2.27390348307462,53.4928083944258],[-2.27390203792143,53.4925836895553],[-2.27352520833894,53.492584538458],[-2.27352665157848,53.4928092433856],[-2.27314982006353,53.4928100911578],[-2.2727729885298,53.4928109377425],[-2.27277154911756,53.4925862327007],[-2.27239471947871,53.4925870780408],[-2.27239328199883,53.4923623729331],[-2.27239184453766,53.4921376678165],[-2.27276867034928,53.4921368225905],[-2.27276723169276,53.4919121178791],[-2.27239040776865,53.4919129630386],[-2.27238897950104,53.4916882626309],[-2.272387551253,53.491463562215],[-2.27276437112358,53.4914627169457],[-2.27276294086838,53.4912380164669],[-2.27313975869267,53.4912371699543],[-2.27313832643036,53.4910124694126],[-2.27351514220835,53.4910116216568],[-2.273513707939,53.4907869210522],[-2.27351227368929,53.4905622204396],[-2.27351083945923,53.4903375198189],[-2.27388764913767,53.4903366707101],[-2.27388621290067,53.4901119700266],[-2.27426302053286,53.4901111196747],[-2.27426158228897,53.4898864189282],[-2.27388477668334,53.489887269335],[-2.27350797105805,53.4898881185536],[-2.27313116541314,53.4898889665838],[-2.27275435974863,53.4898898134258],[-2.27275578988627,53.4901145139527],[-2.27275722004351,53.4903392144716],[-2.27238041030628,53.4903400600155],[-2.27237898217563,53.4901153595515],[-2.27200217444545,53.4901162039621],[-2.27162536669575,53.4901170471843],[-2.27124855892657,53.4901178892183],[-2.27087175113792,53.490118730064],[-2.27049494332984,53.4901195697214],[-2.27011813550236,53.4901204081906],[-2.26974132765549,53.4901212454715],[-2.26936451978928,53.4901220815641],[-2.26898771190374,53.4901229164684],[-2.26898630203173,53.489898216491],[-2.26898489217904,53.4896735165055],[-2.26898348234567,53.489448816512],[-2.26898207253161,53.4892241165105],[-2.26898066273688,53.4889994165009],[-2.26897925296146,53.4887747164833],[-2.26897784320536,53.4885500164577],[-2.26897643346858,53.488325316424],[-2.26897502375111,53.4881006163823],[-2.26897361405296,53.4878759163326],[-2.26897220437413,53.4876512162749],[-2.26934898996895,53.4876503807657],[-2.26934757828316,53.4874256806449],[-2.26934616661672,53.4872009805161],[-2.26934475496962,53.4869762803792],[-2.2697215344664,53.4869754435169],[-2.26972012081246,53.4867507433171],[-2.26971870717789,53.4865260431092],[-2.26971729356268,53.4863013428933],[-2.27009406696165,53.486300504678],[-2.27009265133971,53.4860758043991],[-2.27009123573717,53.4858511041122],[-2.27008982015402,53.4856264038172],[-2.27046658745539,53.4856255642489],[-2.27046516986561,53.485400863891],[-2.27046375229526,53.485176163525],[-2.27046233474432,53.484951463151],[-2.27046091721281,53.484726762769],[-2.27045949970072,53.4845020623789],[-2.27045808220804,53.4842773619808],[-2.27045666473478,53.4840526615747],[-2.27045524728095,53.4838279611605],[-2.27007849618698,53.4838288011684],[-2.27007708077836,53.4836041008012],[-2.26970033169082,53.483604939676],[-2.26932358258394,53.4836057773628],[-2.26932217614919,53.4833810778073],[-2.26894542923358,53.4833819145258],[-2.26856868229712,53.4833827500549],[-2.26856728055101,53.4831580509794],[-2.26819053583216,53.4831588855489],[-2.26781379398714,53.4831597193877],[-2.26743705302423,53.4831605521811],[-2.26706031204229,53.4831613837866],[-2.26668357104136,53.4831622142039],[-2.26668496244374,53.4833869127498],[-2.26630821941491,53.4833877419146],[-2.26593147636714,53.4833885698914],[-2.26593286423495,53.483613268449],[-2.26593425819013,53.4838379689421],[-2.26593565216331,53.4840626694263],[-2.26593704615449,53.4842873699014],[-2.26556029547677,53.4842881968616],[-2.2651835447811,53.4842890226346],[-2.26518493503281,53.484513723246],[-2.26556168760722,53.4845128974004],[-2.26556307975564,53.4847375979302],[-2.26556447192204,53.484962298451],[-2.26594122823603,53.4849614712729],[-2.26594262229921,53.4851861717122],[-2.2659440163804,53.4854108721424],[-2.26594541047959,53.4856355725636],[-2.26594680459678,53.4858602729759],[-2.26557004076739,53.4858611004444],[-2.26557143302367,53.4860858009203],[-2.26557282529793,53.4863105013873],[-2.26557421759017,53.4865352018452],[-2.26557560990039,53.4867599022942],[-2.26557700222858,53.4869846027341],[-2.26557839457475,53.4872093031651],[-2.26557978693891,53.4874340035871],[-2.26520300993863,53.4874348303769],[-2.26520440044167,53.4876595308626],[-2.26520579096267,53.4878842313393],[-2.26520718150161,53.4881089318069],[-2.26520857205852,53.4883336322656],[-2.26520996263338,53.4885583327153],[-2.26521135322619,53.4887830331561],[-2.26521274383696,53.4890077335878],[-2.26483595366457,53.4890085596988],[-2.26483734241402,53.4892332601942],[-2.26483873118141,53.4894579606806],[-2.26484011996672,53.4896826611581],[-2.26446332413852,53.4896834862997],[-2.26446471106242,53.4899081868407],[-2.26408791333698,53.4899090108676],[-2.26371111559367,53.4899098337072],[-2.26370973242848,53.489685133021],[-2.26333293654668,53.4896859546006],[-2.26295614064708,53.489686774993],[-2.26295752005358,53.4899114758245],[-2.26333431783253,53.4899106553595],[-2.26333569913621,53.4901353561094],[-2.26295889947788,53.4901361766469],[-2.26296027891998,53.4903608774604],[-2.26258347736446,53.4903616968832],[-2.26220667579117,53.4903625151187],[-2.26182987420015,53.4903633321668],[-2.26145307259141,53.4903641480275],[-2.26145170066692,53.4901394469238],[-2.26145032876012,53.489914745811],[-2.26107353089248,53.4899155603394],[-2.26107216088274,53.4896908591452],[-2.26107079089068,53.489466157942],[-2.26069399676405,53.4894669711379],[-2.26069536487678,53.4896916724136],[-2.26031856885319,53.4896924844948],[-2.26031993510422,53.4899171858341],[-2.26032130137288,53.4901418871644],[-2.26032266765916,53.4903665884857],[-2.25994586597982,53.4903673995971],[-2.25956906428289,53.4903682095211],[-2.25957042682794,53.4905929109784],[-2.2599472304043,53.4905921009819],[-2.25994859484637,53.4908168023578],[-2.25994995930605,53.4910415037247],[-2.25995132378332,53.4912662050826],[-2.2599526882782,53.4914909064316],[-2.26032949935495,53.4914900949577],[-2.26033086574698,53.4917147962252],[-2.26070767868568,53.4917139834913],[-2.26108449160673,53.4917131695701],[-2.26146130451012,53.4917123544614],[-2.26183811739582,53.4917115381654],[-2.26183674348555,53.4914868371881],[-2.26183536959301,53.4912621362018],[-2.2614585604664,53.4912629523527],[-2.2614571884711,53.4910382512849],[-2.2614558164935,53.4908135502081],[-2.26183262186112,53.4908127342022],[-2.26220942721103,53.490811917009],[-2.26221080294759,53.4910366179407],[-2.26221217870191,53.4912613188634],[-2.26258898779306,53.4912605003377],[-2.26258761015924,53.4910357994876],[-2.2625862325432,53.4908110986284],[-2.26296303785761,53.4908102790605],[-2.26333984315422,53.4908094583052],[-2.26333846179705,53.4905847575822],[-2.2637152651964,53.4905839357122],[-2.26409206857791,53.4905831126548],[-2.26409068347972,53.4903584120681],[-2.26446748496394,53.4903575878959],[-2.26446609800423,53.4901328873728],[-2.26484289759115,53.490132062086],[-2.26521969716017,53.4901312356118],[-2.26521830645961,53.489906535225],[-2.26521691577702,53.4896818348292],[-2.26559371156937,53.489681007313],[-2.2655923190254,53.4894563069808],[-2.26559092649942,53.4892316066397],[-2.26596771851519,53.4892307780814],[-2.26596632412792,53.489006077804],[-2.26634311424643,53.4890052481311],[-2.26634171799792,53.4887805479173],[-2.26671850621918,53.4887797171299],[-2.26671990434693,53.489004417271],[-2.26709669442939,53.4890035852237],[-2.26709529442239,53.4887788851552],[-2.26709389443348,53.4885541850777],[-2.26671710810948,53.4885550169798],[-2.26634032176745,53.4885558476945],[-2.266338925555,53.4883311474628],[-2.26596214107415,53.4883319769176],[-2.26596074675891,53.4881072766042],[-2.26595935246168,53.4878825762818],[-2.26595795818245,53.4876578759504],[-2.26595656392122,53.4874331756101],[-2.265955169678,53.4872084752607],[-2.26595377545279,53.4869837749024],[-2.26633054865901,53.4869829458834],[-2.26632915257279,53.4867582455887],[-2.26632775650459,53.4865335452851],[-2.26632636045443,53.4863088449724],[-2.26670312800567,53.4863080149843],[-2.26707989553889,53.4863071838089],[-2.26708129534698,53.4865318839763],[-2.26708269517315,53.4867565841346],[-2.26745946644626,53.4867557516268],[-2.2674580647411,53.4865310515411],[-2.26783483411713,53.4865302179188],[-2.26783623770128,53.4867549179318],[-2.26821301081427,53.4867540838574],[-2.26858978834274,53.4867532505045],[-2.26859119591813,53.4869779505394],[-2.2685926035128,53.4872026505663],[-2.26859401112677,53.4874273505851],[-2.26821722751966,53.487428183773],[-2.26821863312664,53.4876528837288],[-2.26822003875289,53.4878775836765],[-2.2682214443984,53.4881022836163],[-2.26822285006317,53.4883269835479],[-2.2682242557472,53.4885516834716],[-2.2682256614505,53.4887763833872],[-2.26822706717306,53.4890010832948],[-2.26822847291488,53.4892257831944],[-2.26822987867596,53.4894504830859],[-2.26823128445631,53.4896751829694],[-2.26823269025592,53.4898998828448],[-2.26785588978342,53.4899007171695],[-2.26747909221987,53.4899015518822],[-2.26747769026118,53.4896768519224],[-2.26747628832061,53.4894521519536],[-2.26709949449764,53.4894529853336],[-2.26672270065662,53.4894538175263],[-2.26672409883855,53.4896785176405],[-2.26672549703854,53.4899032177457],[-2.26672689525659,53.4901279178419],[-2.2667282934927,53.4903526179291],[-2.26672969174688,53.4905773180074],[-2.26673109001911,53.4908020180766],[-2.26710789513646,53.4908011854478],[-2.26710929530623,53.4910258854354],[-2.26748610228498,53.4910250515465],[-2.26748750435234,53.4912497514524],[-2.26748890643782,53.4914744513493],[-2.26786571715751,53.4914736161277],[-2.26824253139265,53.4914727817481],[-2.26824393734639,53.4916974815593],[-2.2682453433194,53.4919221813624],[-2.26824675937905,53.4921468869238],[-2.26862358539533,53.4921460547609],[-2.2686250037205,53.4923707604475],[-2.26900183163191,53.49236992704],[-2.26900325188916,53.4925946326608],[-2.26900467216488,53.4928193382727],[-2.26938150388506,53.4928185035637],[-2.26938292609294,53.4930432091098],[-2.26938434831932,53.493267914647],[-2.26938577056419,53.4934926201753],[-2.26976260800696,53.4934917841078],[-2.26976403218409,53.4937164895703],[-2.26976545637975,53.4939411950238],[-2.26938861510944,53.4939420312053],[-2.26939003740982,53.4941667367069],[-2.2693914597287,53.4943914421997],[-2.26901461461221,53.4943922773075],[-2.26863776947722,53.4943931112275],[-2.26863918798688,53.4946178168254],[-2.26864060651499,53.4948425224144],[-2.26826375753377,53.4948433552607],[-2.26788691421725,53.4948441903238],[-2.2678883289118,53.4950688960099],[-2.26788974362457,53.495293601687],[-2.26751290083074,53.4952944383168],[-2.26713605801868,53.4952952737592],[-2.26713746896869,53.4955199795926],[-2.26751431367124,53.4955191440676],[-2.26789115835556,53.495518307355],[-2.26826800748697,53.4955174721454],[-2.26826659081748,53.495292766526],[-2.26864344362655,53.4952919335658],[-2.26864202506154,53.4950672279945],[-2.26901887593819,53.4950663939036],[-2.26939572679634,53.4950655586249],[-2.26939430442196,53.4948408531587],[-2.26977115334766,53.4948400167494],[-2.26977257763595,53.4950647221586],[-2.26977400194278,53.4952894275589],[-2.26977542626813,53.4955141329504],[-2.26977685061201,53.495738838333],[-2.26977827497443,53.4959635437067],[-2.26977969935537,53.4961882490715],[-2.26978112375484,53.4964129544275],[-2.26978254817284,53.4966376597746],[-2.26978397260938,53.4968623651128],[-2.26978539706445,53.4970870704421],[-2.26978682153804,53.4973117757626],[-2.26978824603017,53.4975364810742],[-2.26978967054083,53.4977611863769],[-2.27016654433087,53.497760348039],[-2.27016797077431,53.4979850532758],[-2.27016939723632,53.4982097585038],[-2.27017082371688,53.4984344637229],[-2.27054770323116,53.4984336240261],[-2.27054913164461,53.4986583291793],[-2.270172250216,53.4986591689331],[-2.27017367673369,53.4988838741345],[-2.27055056007665,53.4988830343237],[-2.27055198852727,53.4991077394592],[-2.27055341699648,53.4993324445857],[-2.27093030414962,53.4993316034731],[-2.27093173455185,53.4995563085337],[-2.27093316497269,53.4997810135856],[-2.27093459541215,53.5000057186285],[-2.27093602587022,53.5002304236626],[-2.27093745979628,53.5004551307936],[-2.2713143565376,53.5004542882307],[-2.27131579301304,53.5006789956741],[-2.27131722950757,53.5009037031089],[-2.27131866602117,53.5011284105352],[-2.27132010255385,53.5013531179528],[-2.27132153910561,53.5015778253619],[-2.27094463250201,53.5015786680228],[-2.2705677258793,53.5015795094954],[-2.27019081923752,53.5015803497797],[-2.27018938860329,53.5013556423119],[-2.26981248391497,53.5013564813885],[-2.26943557920762,53.5013573192768],[-2.26943700589683,53.5015820267837],[-2.26906009919798,53.5015828635034],[-2.2690615239336,53.5018075710212],[-2.26906294868814,53.5020322785305],[-2.26943985933209,53.5020314417718],[-2.26944128607815,53.502256149253],[-2.2690643734616,53.5022569860313],[-2.26868746082608,53.5022578216212],[-2.26868888364584,53.5024825291329],[-2.2686903064845,53.502707236636],[-2.26869172934206,53.5029319441304],[-2.26906864789551,53.5029311084818],[-2.26944556642999,53.5029302716449],[-2.26982248494547,53.5029294336197],[-2.26982391374002,53.503154141047],[-2.27020083420917,53.5031533018139],[-2.27057775465927,53.5031524613925],[-2.27095467509029,53.5031516197827],[-2.27095610982198,53.5033763271427],[-2.27095754457273,53.503601034494],[-2.27058062019624,53.5036018761429],[-2.27058205299326,53.5038265835052],[-2.27058348580932,53.5040512908589],[-2.27020655746817,53.5040521313587],[-2.26982962910796,53.50405297067],[-2.26945270072873,53.504053808793],[-2.26907577233049,53.5040546457277],[-2.26907719727426,53.5042793531511],[-2.26907862223695,53.5045040605659],[-2.26870168987405,53.5045048963512],[-2.26870311288278,53.504729603777],[-2.26832617852804,53.5047304383935],[-2.26832759958276,53.5049551458302],[-2.26832902065635,53.5051798532583],[-2.26833044174881,53.5054045606778],[-2.26870738202236,53.5054037260027],[-2.26870880510669,53.5056284333941],[-2.26833186286015,53.5056292680888],[-2.26833328399036,53.5058539754911],[-2.26833470513944,53.5060786828848],[-2.26795776339475,53.5060795192514],[-2.26795634424544,53.5058548118541],[-2.26757941166888,53.5058556515666],[-2.26720247907377,53.505856490091],[-2.26720389436616,53.5060811975884],[-2.26758082888972,53.506080359014],[-2.26758224612906,53.5063050664526],[-2.26758366338689,53.5065297738823],[-2.26720672500631,53.5065306125568],[-2.26720814035407,53.5067553200278],[-2.26683120002643,53.5067561575641],[-2.2664542596803,53.5067569939122],[-2.26645567118939,53.5069817014744],[-2.26607872889622,53.5069825366843],[-2.26608013849512,53.5072072442877],[-2.26570319425491,53.5072080783594],[-2.2653262499963,53.5072089112427],[-2.26532765575633,53.5074336189373],[-2.2649507095507,53.5074344506824],[-2.26457376332672,53.5074352812392],[-2.2641968170844,53.5074361106077],[-2.26381987082377,53.507436938788],[-2.26382126888752,53.5076616466737],[-2.26344432067995,53.5076624737157],[-2.26344571683325,53.5078871816426],[-2.26306876667875,53.5078880075461],[-2.26307016092154,53.5081127155142],[-2.26307155518251,53.5083374234734],[-2.26307294946165,53.5085621314238],[-2.26307434393088,53.5087868394627],[-2.26269738604738,53.5087876643792],[-2.26269877863841,53.5090123724765],[-2.26270017124756,53.509237080565],[-2.26270156387484,53.5094617886446],[-2.26270295652023,53.5096864967155],[-2.26270434918375,53.5099112047775],[-2.26308131669138,53.5099103796055],[-2.26345828418079,53.5099095532451],[-2.26383525165198,53.5099087256963],[-2.26383665010833,53.5101334335961],[-2.26421361948616,53.5101326048078],[-2.26421501988564,53.5103573126476],[-2.26421642030334,53.5105820204787],[-2.26459339351277,53.5105811903997],[-2.26459479587369,53.5108058981707],[-2.26459619825286,53.511030605933],[-2.26497317529396,53.5110297745632],[-2.26535015231673,53.511028942005],[-2.26572712932113,53.5110281082584],[-2.26572853749365,53.5112528158583],[-2.2661055164047,53.5112519808721],[-2.26610692652061,53.511476688412],[-2.26610833665489,53.511701395943],[-2.26648531939766,53.5117005596659],[-2.26686230212199,53.5116997222004],[-2.26686088813755,53.5114750147718],[-2.26723786891833,53.5114741761691],[-2.26761484968063,53.5114733363779],[-2.26761626751523,53.511698043704],[-2.26799325018408,53.5116972026731],[-2.26799466996226,53.5119219099392],[-2.26799608975893,53.5121466171965],[-2.26761910323983,53.5121474583299],[-2.26724211670221,53.5121482982748],[-2.26724353266705,53.5123730056257],[-2.26762052112983,53.5123721656295],[-2.26799750957409,53.5123713244449],[-2.26837450736843,53.51237048802],[-2.26875150871883,53.5123696526762],[-2.26912851005031,53.5123688161437],[-2.26950551136285,53.5123679784225],[-2.26988251265642,53.5123671395126],[-2.26988394236684,53.5125918466589],[-2.2702609456094,53.512591006537],[-2.27063794883295,53.5125901652264],[-2.27101495203744,53.5125893227271],[-2.27139195522285,53.5125884790391],[-2.27176895838916,53.5125876341625],[-2.27214596153635,53.5125867880971],[-2.27214452001794,53.5123620810908],[-2.27252152117797,53.5123612338601],[-2.27289852231881,53.5123603854408],[-2.27289707688358,53.5121356784726],[-2.27327407603725,53.512134828888],[-2.27365107517168,53.5121339781146],[-2.27402807428685,53.5121331261526],[-2.27440507338273,53.512132273002],[-2.27440652668984,53.5123569798765],[-2.27478352773438,53.5123561255137],[-2.27516052875957,53.5123552699623],[-2.2755375297654,53.5123544132221],[-2.27591453075183,53.5123535552933],[-2.27629153171884,53.5123526961758],[-2.27629299488519,53.5125774029245],[-2.27666999780074,53.5125765425949],[-2.2766685326664,53.5123518358697],[-2.27704553359449,53.5123509743748],[-2.27704406651161,53.5121262676645],[-2.27742106545224,53.5121254050045],[-2.27741959642087,53.5119006983091],[-2.27741812740899,53.511675991605],[-2.27779512239423,53.5116751278033],[-2.27779365143394,53.5114504211142],[-2.27817064443175,53.5114495561474],[-2.2781691715231,53.5112248494731],[-2.27854616253348,53.5112239833412],[-2.27854468767653,53.5109992766818],[-2.27892167669947,53.5109984093848],[-2.27892019989427,53.5107737027403],[-2.27929718692978,53.5107728342782],[-2.27967417394562,53.5107719646275],[-2.27967269322446,53.5105472580215],[-2.28004967825285,53.5105463872058],[-2.28042666326153,53.5105455152015],[-2.28042517862449,53.510320808634],[-2.28080216164569,53.5103199354646],[-2.28080364825047,53.5105446420085],[-2.28118063321965,53.510543767627],[-2.28118212181193,53.5107684741387],[-2.2815591087291,53.510767598545],[-2.28155761816905,53.5105428920569],[-2.28193460309863,53.5105420152982],[-2.2819331105906,53.5103173088251],[-2.28155612762877,53.5103181855602],[-2.28117914464712,53.5103190611067],[-2.28117765609433,53.5100943545778],[-2.28080067506062,53.5100952289121],[-2.28079918849527,53.5098705223509],[-2.28042220940949,53.5098713954731],[-2.28042072483152,53.5096466888798],[-2.28041924027324,53.5094219822778],[-2.28004226510304,53.5094228541642],[-2.28004078253206,53.50919814753],[-2.27966380930977,53.5091990182044],[-2.2792868360678,53.5091998876902],[-2.27928831470355,53.5094245943715],[-2.27891133947431,53.5094254626923],[-2.27891281616201,53.5096501693886],[-2.2785358389455,53.5096510365444],[-2.27853731368512,53.5098757432555],[-2.27816033448133,53.5098766092463],[-2.2781618072728,53.5101013159723],[-2.27778482608174,53.510102180798],[-2.27740784487113,53.5101030444351],[-2.27740637601505,53.5098783376621],[-2.27740490717845,53.5096536308804],[-2.27702792988369,53.509654493282],[-2.27702646303421,53.5094297864682],[-2.27664948768759,53.5094306476577],[-2.27664802282518,53.5092059408118],[-2.27627104942672,53.5092068007893],[-2.27626958655132,53.5089820939113],[-2.275892615101,53.5089829526768],[-2.27551564363128,53.5089838102537],[-2.27513867214216,53.5089846666421],[-2.27513721518886,53.5087599596852],[-2.2751357582648,53.5085352527269],[-2.2755127258174,53.5085343963845],[-2.27588969335058,53.5085335388535],[-2.27588823252716,53.5083088319468],[-2.27626519806754,53.508307973247],[-2.27664216358844,53.5083071133587],[-2.27664362835852,53.508531820226],[-2.27702059583323,53.5085309591294],[-2.2773975632884,53.5085300968443],[-2.27739609457167,53.5083053900165],[-2.27777306003395,53.5083045265626],[-2.27777453072401,53.5085292333706],[-2.27815149814003,53.5085283687084],[-2.27852846553643,53.5085275028577],[-2.2785269908997,53.5083027960893],[-2.27890395630312,53.5083019290698],[-2.27928092168688,53.5083010608617],[-2.27965788705093,53.5083001914652],[-2.27965936760764,53.5085248981742],[-2.2800363349253,53.5085240275693],[-2.28003485239526,53.5082993208801],[-2.28041181771984,53.5082984491065],[-2.2804103332362,53.5080737424286],[-2.28003336988492,53.5080746141823],[-2.28003188739429,53.5078499074759],[-2.28003040492336,53.5076252007609],[-2.27965344549886,53.5076260712865],[-2.27927648605463,53.5076269406237],[-2.2788995265907,53.5076278087723],[-2.27889805005914,53.5074031019892],[-2.27852109254876,53.5074039689296],[-2.27851961801002,53.5071792621181],[-2.2781426624532,53.5071801278502],[-2.27776570687676,53.5071809923937],[-2.27776423630395,53.5069562855341],[-2.27738728268109,53.5069571488695],[-2.27701032903866,53.5069580110163],[-2.2766333753767,53.5069588719746],[-2.27625642169523,53.5069597317445],[-2.27625495903454,53.5067350247974],[-2.27625349639328,53.5065103178416],[-2.27663044612849,53.5065094581112],[-2.27662898153358,53.5062847511666],[-2.27662751695812,53.5060600442133],[-2.27662605240213,53.5058353372515],[-2.2766245878656,53.5056106302811],[-2.27662312334852,53.5053859233021],[-2.27662165885091,53.5051612163145],[-2.27662019437275,53.5049365093183],[-2.27661872991406,53.5047118023136],[-2.27624179596283,53.5047126618861],[-2.27624033349647,53.504487954853],[-2.27623887104954,53.5042632478113],[-2.27623740862205,53.504038540761],[-2.27586048056989,53.504039399086],[-2.27585902013462,53.5038146920073],[-2.27623594621398,53.5038138337021],[-2.27623448382534,53.5035891266346],[-2.27661140791245,53.5035882671607],[-2.27660994357049,53.5033635601044],[-2.27698686566535,53.5033626994619],[-2.27736378774067,53.5033618376312],[-2.27736231947274,53.5031371306057],[-2.27698539937014,53.5031379924167],[-2.27698393309441,53.5029132853629],[-2.27660701494496,53.5029141459659],[-2.27660555066138,53.5026894388838],[-2.27698246683816,53.5026885783005],[-2.27698100060139,53.5024638712295],[-2.27735791478601,53.5024630094778],[-2.27735644659611,53.5022383024179],[-2.27773335878856,53.5022374394977],[-2.27811027096143,53.5022365753891],[-2.27810879884587,53.5020118683602],[-2.27810732674988,53.5017871613227],[-2.27810585467345,53.5015624542766],[-2.27772894841825,53.5015633183259],[-2.27735204214347,53.5015641811869],[-2.27697513584914,53.5015650428596],[-2.27697660200798,53.501789749965],[-2.27659969372159,53.5017906104693],[-2.27660115792736,53.5020153175858],[-2.2762242476489,53.5020161769215],[-2.27622278541569,53.5017914697853],[-2.27622132320191,53.5015667626404],[-2.27659822953528,53.5015659033441],[-2.27659676536842,53.5013411962104],[-2.27697366970978,53.5013403357457],[-2.27697220358989,53.5011156286231],[-2.27697073748949,53.5008909214919],[-2.27734763786639,53.5008900598784],[-2.27734616981304,53.5006653527584],[-2.27772306819797,53.5006644899765],[-2.27809996656331,53.5006636260063],[-2.27847686490905,53.5006627608479],[-2.27885376323515,53.5006618945014],[-2.2792306615416,53.5006610269666],[-2.27960755982836,53.5006601582436],[-2.2799844580954,53.5006592883325],[-2.27998593995571,53.5008839953139],[-2.28036284017544,53.5008831241948],[-2.2807397403754,53.5008822518873],[-2.28074122620029,53.5011069588206],[-2.28074271204493,53.5013316657452],[-2.28036580790005,53.5013325380923],[-2.28036729179193,53.5015572450281],[-2.28036877570354,53.5017819519554],[-2.28037025963486,53.5020066588741],[-2.28037174358591,53.5022313657841],[-2.28074865562095,53.5022304933577],[-2.28075014156433,53.5024552002393],[-2.28112705555219,53.5024543266048],[-2.28112854348794,53.502679033458],[-2.28113003144347,53.5029037403026],[-2.28113151941878,53.5031284471386],[-2.28075459951294,53.5031293208327],[-2.2803776795873,53.5031301933385],[-2.28037916363696,53.5033549002056],[-2.28075608553531,53.5033540276799],[-2.28075757157743,53.5035787345186],[-2.28075905763929,53.5038034413486],[-2.28076054372091,53.5040281481701],[-2.28076202982228,53.504252854983],[-2.28038510003281,53.5042537275879],[-2.28038658418108,53.5044784344121],[-2.28038806834907,53.5047031412276],[-2.28076500208427,53.5047022685829],[-2.28076648824489,53.50492697537],[-2.28076797442526,53.5051516821484],[-2.28114491208648,53.5051508082757],[-2.28114640025956,53.5053755150257],[-2.28152333987391,53.5053746399447],[-2.28152483003975,53.5055993466663],[-2.28190177160722,53.505598470377],[-2.28190326376587,53.5058231770701],[-2.28190475594436,53.5060478837546],[-2.28228170143799,53.5060470062372],[-2.28228319560937,53.5062717128932],[-2.28266014305615,53.5062708341675],[-2.28266163922047,53.506495540795],[-2.28266313540468,53.5067202474139],[-2.28304008677773,53.50671936746],[-2.28304158495497,53.5069440740504],[-2.28341853828119,53.506943192888],[-2.28342003845151,53.50716789945],[-2.28342153864176,53.5073926060033],[-2.28379849589435,53.5073917236126],[-2.28379999807777,53.5076164301374],[-2.28380150028116,53.5078411366537],[-2.2841784614602,53.5078402530346],[-2.28417695728357,53.5076155465383],[-2.28417545312693,53.5073908400335],[-2.28455241033946,53.5073899552658],[-2.28492936402159,53.5073890677541],[-2.28492785602524,53.5071643613171],[-2.28530480320775,53.5071634706357],[-2.28530329338441,53.5069387642619],[-2.28568023870177,53.5069378724645],[-2.28568175037115,53.5071625787662],[-2.28605869751542,53.5071616857086],[-2.28606021104993,53.507386391929],[-2.2864371600211,53.5073854976112],[-2.28643867542081,53.5076102037505],[-2.28644019083967,53.5078349098807],[-2.28644170627766,53.5080596160019],[-2.28644322173479,53.5082843221141],[-2.28682017807125,53.5082834263194],[-2.2868216953937,53.5085081323503],[-2.28644473721106,53.5085090282172],[-2.28644625264515,53.5087337342751],[-2.28644776806087,53.5089584403019],[-2.28644928349574,53.5091831463197],[-2.28645079894979,53.5094078523284],[-2.28682776452744,53.5094069561803],[-2.28682928184962,53.5096316621099],[-2.28683079919099,53.5098563680304],[-2.28683231655155,53.510081073942],[-2.2868338339313,53.5103057798446],[-2.28721080688578,53.5103048822275],[-2.28720928765698,53.5100801763951],[-2.28758625874315,53.5100792776601],[-2.28796322981005,53.5100783777368],[-2.28834020085764,53.5100774766254],[-2.28833867610098,53.5098527709946],[-2.28871564528022,53.5098518687652],[-2.2890926144401,53.5098509653476],[-2.2894695835806,53.5098500607418],[-2.28946805329624,53.5096253553128],[-2.28984502056835,53.5096244495891],[-2.28984655270171,53.5098491549479],[-2.29022352180338,53.5098482479658],[-2.29022505580516,53.5100729532453],[-2.29022658982635,53.5102976585158],[-2.29022812386695,53.5105223637773],[-2.28985114921814,53.5105232709703],[-2.28947417454989,53.510524176975],[-2.28947570491172,53.510748882368],[-2.28909872837497,53.5107497872548],[-2.28910025690704,53.510974492709],[-2.28947723529292,53.510973587752],[-2.28947876569348,53.511198293127],[-2.28948029611342,53.511422998493],[-2.28948182655272,53.5116477038501],[-2.2894833570114,53.511872409198],[-2.28948488748944,53.512097114537],[-2.28986187510191,53.5120962080405],[-2.2898634074486,53.5123209133002],[-2.29024039689092,53.5123200055451],[-2.29061738631378,53.5123190966017],[-2.29061892237847,53.5125438017119],[-2.29062045846261,53.512768506813],[-2.29062199456619,53.5129932119051],[-2.29099898951755,53.5129923015626],[-2.29100052748996,53.5132170065754],[-2.29100206548184,53.5134417115792],[-2.2910036034932,53.513666416574],[-2.29138060397326,53.5136655048323],[-2.29138214385354,53.5138902097477],[-2.29138368375332,53.5141149146542],[-2.29176068791278,53.5141140015835],[-2.29176222968156,53.5143387064106],[-2.29176377146987,53.5145634112288],[-2.29214077930881,53.514562496829],[-2.2921423229662,53.5147872015678],[-2.2925193326351,53.5147862859093],[-2.29252087816162,53.5150109905688],[-2.29252242370772,53.5152356952192],[-2.2925239692734,53.5154603998606],[-2.29214695405568,53.5154613157301],[-2.29176993881838,53.5154622304112],[-2.29139292356153,53.5154631439039],[-2.29139138354474,53.5152384390515],[-2.29101437011798,53.5152393512854],[-2.2910128319703,53.5150146463537],[-2.29063582037363,53.5150155573289],[-2.29063428409501,53.5147908523179],[-2.29025727432844,53.5147917620344],[-2.28988026454241,53.5147926705626],[-2.28987873198235,53.5145679654019],[-2.29025573991882,53.5145670569441],[-2.29025420552862,53.5143423518447],[-2.29025267115785,53.5141176467363],[-2.28987566692041,53.5141185550536],[-2.28987413441855,53.513893849866],[-2.28949713201115,53.5138947569247],[-2.28949560137814,53.5136700516577],[-2.28911860080079,53.5136709574578],[-2.28874160020406,53.5136718620695],[-2.28836459958797,53.5136727654929],[-2.28798759895254,53.513673667728],[-2.28761059829781,53.5136745687746],[-2.28760907693131,53.5134498631475],[-2.28723207810672,53.5134507629356],[-2.28723055860888,53.5132260572293],[-2.28722903913025,53.5130013515139],[-2.28760603425606,53.5130004518662],[-2.2876045129473,53.5127757462121],[-2.28722751967085,53.5127766457896],[-2.28722600023066,53.5125519400562],[-2.28722448080969,53.5123272343139],[-2.28684749121262,53.5123281325627],[-2.28684597366015,53.5121034267411],[-2.28684445612687,53.5118787209105],[-2.28646747020909,53.5118796178307],[-2.28646595454424,53.5116549119209],[-2.28646443889855,53.5114302060022],[-2.28608745665999,53.5114311015937],[-2.28608594288265,53.5112063955958],[-2.28570896247409,53.5112072899288],[-2.28533198204637,53.5112081830737],[-2.28533047198647,53.5109834769264],[-2.28495349338877,53.5109843688129],[-2.28457650967309,53.5109852572957],[-2.28419952094738,53.510986142422],[-2.28419801659297,53.510761436108],[-2.28382102981506,53.5107623200219],[-2.28344404301718,53.5107632027473],[-2.28306705619935,53.510764084284],[-2.2826900693616,53.5107649646322],[-2.28269156584482,53.5109896710408],[-2.28269306234789,53.5112143774407],[-2.28307005312127,53.5112134970453],[-2.28344704387472,53.5112126154613],[-2.28382403460823,53.5112117326886],[-2.28420102532176,53.5112108487273],[-2.28457801601529,53.5112099635774],[-2.28495500159952,53.5112090750303],[-2.28495650982932,53.5114337812386],[-2.28533349212536,53.5114328892119],[-2.28533500222343,53.5116575953411],[-2.28571198634954,53.511656702056],[-2.28571349831593,53.5118814081061],[-2.28571501030145,53.5121061141472],[-2.28571652230608,53.5123308201793],[-2.28571803432983,53.5125555262023],[-2.28534104280666,53.5125564197681],[-2.28534255300019,53.5127811258524],[-2.28534406321282,53.5130058319276],[-2.28496706797183,53.5130067244454],[-2.28459006747227,53.51300761352],[-2.28459157399432,53.513232319724],[-2.28459308053636,53.5134570259194],[-2.28459458709838,53.5136817321061],[-2.28421757475702,53.5136826175166],[-2.28421907937089,53.5139073237184],[-2.28384206504137,53.5139082079637],[-2.28384356770703,53.5141329141806],[-2.28346655138936,53.5141337972608],[-2.28346805210675,53.5143585034927],[-2.28346955284405,53.514583209716],[-2.28309253257,53.5145840916548],[-2.28271551227603,53.5145849724049],[-2.28271700909673,53.5148096786668],[-2.28271850593729,53.5150343849201],[-2.28234148168689,53.5150352645287],[-2.28196445741661,53.5150361429485],[-2.2819659503404,53.5152608492405],[-2.28158892408197,53.5152617264951],[-2.28159041505724,53.515486432802],[-2.28121338681065,53.5154873088915],[-2.28083635854426,53.5154881837921],[-2.28083784560258,53.5157128901376],[-2.28046081534806,53.515713763873],[-2.2800837850738,53.5157146364196],[-2.27970675477982,53.5157155077773],[-2.27932972446615,53.5157163779463],[-2.27932824528127,53.5154916715065],[-2.2789512169163,53.5154925404631],[-2.27894973971938,53.5152678339911],[-2.27894826254204,53.5150431275105],[-2.2789467853843,53.5148184210212],[-2.27932380784434,53.5148175521353],[-2.27932232873793,53.514592845661],[-2.27969934921006,53.5145919756099],[-2.27969786815503,53.5143672691505],[-2.27969638711965,53.5141425626825],[-2.28007340363566,53.5141416914897],[-2.28007192065174,53.5139169850366],[-2.28007043768749,53.513692278575],[-2.27969342510781,53.5136931497206],[-2.27931641250844,53.5136940196775],[-2.27931789153639,53.5139187261863],[-2.27894087694921,53.5139195949781],[-2.27856386234239,53.513920462581],[-2.27818684771597,53.5139213289953],[-2.27818832085901,53.5141460355661],[-2.27781130424483,53.5141469008151],[-2.27743428761109,53.5141477648754],[-2.27705727095782,53.5141486277469],[-2.27705873821578,53.5143733343796],[-2.2766817195748,53.5143741960858],[-2.27630470091435,53.5143750566033],[-2.27592768223444,53.514375915932],[-2.27555066353511,53.514376774072],[-2.2755521229396,53.51460148079],[-2.27517510225264,53.5146023377646],[-2.27479808154631,53.5146031935505],[-2.27442106082063,53.5146040481475],[-2.27404404007564,53.5146049015559],[-2.27366701931135,53.5146057537754],[-2.27366846889389,53.5148304606019],[-2.27404549162644,53.514829608359],[-2.27404694319647,53.5150543151534],[-2.27404839478575,53.5152790219393],[-2.27404984639427,53.5155037287166],[-2.27405129802204,53.5157284354852],[-2.27405274966905,53.5159531422452],[-2.27405420133531,53.5161778489966],[-2.27405565302081,53.5164025557393],[-2.27367861650969,53.5164034081462],[-2.27368006624597,53.5166281149037],[-2.2733030277471,53.5166289661451],[-2.27330447553409,53.5168536729175],[-2.27292743504749,53.5168545229934],[-2.27255039454167,53.5168553718804],[-2.27255183812181,53.5170800786141],[-2.27217479565628,53.5170809263505],[-2.27217335401666,53.5168562195786],[-2.27179631347248,53.5168570660879],[-2.2717948735595,53.516632359222],[-2.2717934336656,53.5164076523475],[-2.27141639703927,53.5164084976212],[-2.27141783496469,53.5166332045191],[-2.27104079635077,53.5166340486273],[-2.27104223232675,53.5168587555399],[-2.27104366814678,53.5170834624273],[-2.27066662560607,53.5170843054088],[-2.270668059444,53.517309012326],[-2.2710451039102,53.5173081692989],[-2.27104653969232,53.5175328761618],[-2.27066949330061,53.5175337192343],[-2.27029244689018,53.5175345611182],[-2.26991540046104,53.5175354018132],[-2.26991683048526,53.5177601088038],[-2.2695397821119,53.5177609483557],[-2.26916273371989,53.5177617867188],[-2.26878568530925,53.5177626238932],[-2.26840863688001,53.5177634598788],[-2.26841005922061,53.5179881670425],[-2.26803301136344,53.5179890034915],[-2.26765597474834,53.517989845942],[-2.26727893811466,53.5179906872038],[-2.26690190146242,53.5179915272768],[-2.26690331604423,53.5182162345884],[-2.26652627744052,53.5182170735205],[-2.2661492388183,53.5182179112639],[-2.2657722001776,53.5182187478185],[-2.26539516151845,53.5182195831843],[-2.26501812284087,53.5182204173614],[-2.26501952777626,53.5184451249033],[-2.26464248714731,53.5184459579394],[-2.26426544649998,53.5184467897867],[-2.2638884058343,53.5184476204453],[-2.2635113651503,53.5184484499151],[-2.263512762372,53.5186731576394],[-2.26313571973669,53.5186739859682],[-2.26275867708312,53.5186748131082],[-2.2623816344113,53.5186756390594],[-2.26200459172126,53.5186764638218],[-2.26200598122906,53.5189011717283],[-2.26162893658779,53.5189019953496],[-2.26125189192835,53.5189028177822],[-2.26087484725077,53.518903639026],[-2.26087346354208,53.5186789309763],[-2.26125050628662,53.5186781097803],[-2.26124912066298,53.5184534017696],[-2.26162616145637,53.5184525794324],[-2.26200320223159,53.5184517559065],[-2.26238024298862,53.5184509311918],[-2.26275728372743,53.5184501052884],[-2.26275589038994,53.5182253974598],[-2.26313292917752,53.5182245704153],[-2.26350996794684,53.518223742182],[-2.26350857076162,53.5179990344402],[-2.26313153392526,53.5179998626257],[-2.26275449707063,53.5180006896224],[-2.26237746019776,53.5180015154304],[-2.26237885158411,53.5182262233155],[-2.26200181276006,53.5182270479825],[-2.26200042330667,53.5180023400497],[-2.26162338639739,53.5180031634801],[-2.26162477391782,53.5182278714607],[-2.26124773505742,53.5182286937501],[-2.26087069617887,53.5182295148508],[-2.26049365728221,53.5182303347626],[-2.26011661836746,53.5182311534858],[-2.25973957943465,53.5182319710201],[-2.2593625404838,53.5182327873657],[-2.25936391642444,53.5184574956236],[-2.25974095730827,53.5184566792303],[-2.25974233519987,53.5186813874318],[-2.25936529238302,53.5186822038727],[-2.25898824954817,53.5186830191248],[-2.25898687552259,53.518458310828],[-2.25860983460276,53.5184591248437],[-2.25823279366497,53.5184599376706],[-2.25785575270924,53.5184607493087],[-2.25785438450055,53.5182360408602],[-2.25747734545991,53.5182368512619],[-2.25747597920202,53.518012142757],[-2.25785301630971,53.5180113324029],[-2.25785164813671,53.5177866239369],[-2.25747461296196,53.5177874342434],[-2.25709757776933,53.5177882433611],[-2.25709894207646,53.5180129519223],[-2.25672190493304,53.5180137598989],[-2.25672054255884,53.51778905129],[-2.25634350733053,53.5177898580302],[-2.25596647208441,53.5177906635816],[-2.25558943682052,53.5177914679443],[-2.25521240153887,53.5177922711182],[-2.25521104691409,53.5175675623103],[-2.25483401354763,53.5175683642479],[-2.25445698016347,53.5175691649967],[-2.25445562942211,53.5173444560849],[-2.25407859795317,53.5173452555975],[-2.25370156646657,53.5173460539213],[-2.25370021960854,53.5171213449057],[-2.25332319003719,53.5171221419932],[-2.25294616044824,53.517122937892],[-2.25256913084172,53.5171237326021],[-2.25256778977445,53.5168990234365],[-2.25219076208311,53.5168998169099],[-2.2518137343743,53.5169006091946],[-2.25181239699389,53.5166758999274],[-2.25143537121288,53.5166766909852],[-2.25105834994402,53.5166774837885],[-2.25105701652474,53.5164527744663],[-2.25067999723948,53.5164535660747],[-2.25030297793634,53.516454356494],[-2.25030164853791,53.5162296471515],[-2.2499246312184,53.5162304363759],[-2.24992330383925,53.5160057270191],[-2.24954628850338,53.5160065150486],[-2.24954496314346,53.5157818056774],[-2.24916794979122,53.515782592512],[-2.24916662645046,53.5155578831264],[-2.24878961508187,53.5155586687662],[-2.24878829376023,53.5153339593662],[-2.24878697245627,53.5151092499577],[-2.24878565117001,53.5148845405408],[-2.24840864578777,53.514885324974],[-2.2480316403878,53.5148861082183],[-2.24765463497013,53.5148868902737],[-2.24765331970551,53.5146621808307],[-2.24727631627148,53.5146629616912],[-2.24727500302575,53.5144382522339],[-2.24689800157537,53.5144390318997],[-2.24689669034848,53.5142143224281],[-2.24651969088174,53.5142151008992],[-2.24651838167365,53.5139903914132],[-2.24651707248308,53.5137656819188],[-2.2461400770012,53.5137664591893],[-2.24613876982934,53.5135417496806],[-2.24613746267498,53.5133170401634],[-2.24613615553812,53.5130923306376],[-2.24575916604214,53.5130931067019],[-2.24575786092388,53.5128683971619],[-2.24575655582309,53.5126436876134],[-2.24537957031176,53.5126444624773],[-2.24537826722949,53.5124197529145],[-2.24537696416466,53.5121950433433],[-2.24537566111727,53.5119703337635],[-2.24575264062554,53.511969558917],[-2.24575133559463,53.5117448493346],[-2.2461283130844,53.5117440733051],[-2.24612700607001,53.51151936372],[-2.24650398154127,53.5115185865075],[-2.24650267254347,53.5112938769197],[-2.24687964599623,53.5112930985242],[-2.24687833501506,53.5110683889338],[-2.24650136356319,53.5110691673234],[-2.24650005460043,53.5108444577186],[-2.24649874565519,53.5106197481054],[-2.24687571310536,53.5106189697273],[-2.24687702405144,53.5108436793348],[-2.24725399348483,53.5108428997622],[-2.24725268053793,53.5106181901606],[-2.24762964795284,53.5106174094051],[-2.24800661535009,53.5106166274608],[-2.24800529841915,53.5103919178624],[-2.24800398150584,53.5101672082554],[-2.24762701811017,53.510167990188],[-2.24762570321524,53.5099432805668],[-2.24800266461015,53.50994249864],[-2.2480013477321,53.5097177890161],[-2.24800003087167,53.5094930793838],[-2.24837698824747,53.50949229628],[-2.24875394560554,53.5094915119876],[-2.24913090294587,53.5094907265064],[-2.24912958010106,53.5092660168831],[-2.24912825727395,53.5090413072514],[-2.24950521059519,53.5090405205933],[-2.24950388578518,53.5088158109589],[-2.249880837088,53.5088150231181],[-2.24987951030333,53.5085903134843],[-2.2498781840213,53.5083656040332],[-2.25025513126541,53.5083648150051],[-2.25025380296025,53.5081401055407],[-2.25025247467316,53.5079153960679],[-2.24987553151137,53.5079161851059],[-2.24949858833148,53.5079169729552],[-2.24912164513351,53.5079177596157],[-2.24874470191748,53.5079185450876],[-2.24874338181294,53.5076938356261],[-2.24874206172637,53.5074691261563],[-2.24874074165775,53.507244416678],[-2.2487394216071,53.5070197071913],[-2.24836248653736,53.5070204914943],[-2.24798555144964,53.5070212746087],[-2.24760861634394,53.5070220565344],[-2.24760730243428,53.5067973470542],[-2.24723036935165,53.5067981277962],[-2.24685343625112,53.5067989073496],[-2.24647650313269,53.5067996857143],[-2.24647519536387,53.5065749762407],[-2.24609826426857,53.5065757534218],[-2.24572133315544,53.5065765294142],[-2.24572002948633,53.5063518199423],[-2.24571872583496,53.506127110462],[-2.24571742220132,53.5059024009733],[-2.24571611858542,53.5056776914762],[-2.24533919561817,53.5056784663002],[-2.24533789406086,53.5054537567997],[-2.24533659252126,53.5052290472908],[-2.24533529099938,53.5050043377734],[-2.2453339894952,53.5047796282477],[-2.24571090429922,53.5047788534036],[-2.24608781908544,53.5047780773708],[-2.2460865135175,53.5045533678266],[-2.24608520796731,53.5043286582739],[-2.24646211865425,53.5043278810426],[-2.24646081108115,53.5041031714765],[-2.24645950352584,53.503878461902],[-2.24645819598832,53.5036537523191],[-2.24683510053543,53.5036529738841],[-2.2468337909751,53.5034282642877],[-2.24683248143258,53.503203554683],[-2.24683117190788,53.5029788450698],[-2.246829862401,53.5027541354482],[-2.24682855291194,53.5025294258182],[-2.24720544723843,53.5025286461697],[-2.24720675876799,53.5027533558047],[-2.24758365511707,53.5027525749727],[-2.24796055144821,53.5027517929521],[-2.24833744776139,53.5027510097432],[-2.24833876543035,53.5029757193847],[-2.24871566376606,53.5029749349922],[-2.2487169834935,53.5031996446303],[-2.24909388385173,53.5031988590543],[-2.24909520563769,53.503423568689],[-2.24947210801846,53.5034227819294],[-2.24984901038115,53.5034219939812],[-2.25022591272574,53.5034212048446],[-2.25022724065148,53.5036459144857],[-2.25060414501854,53.5036451241655],[-2.25098104936744,53.5036443326567],[-2.2509823813925,53.5038690422992],[-2.25135928776384,53.5038682496068],[-2.25173620178973,53.5038674602686],[-2.25173486573866,53.5036427506395],[-2.25211177978822,53.5036419613288],[-2.25211044182634,53.5034172517405],[-2.25248735393024,53.5034164612913],[-2.2524860140576,53.5031917517439],[-2.25248467420239,53.5029670421877],[-2.25248333436462,53.5027423326227],[-2.25248199454428,53.5025176230489],[-2.25285889891817,53.5025168316102],[-2.25285755718721,53.5022921220773],[-2.25323445961552,53.5022913295002],[-2.25323311597398,53.5020666200081],[-2.25323177234993,53.5018419105072],[-2.25360867090465,53.5018411168414],[-2.2536073253701,53.5016164073815],[-2.25360597985307,53.5013916979127],[-2.25398287453427,53.5013909031582],[-2.25398152710682,53.5011661937303],[-2.25398017969691,53.5009414842936],[-2.25435707050467,53.5009406884505],[-2.25435572118442,53.5007159790547],[-2.25473261004668,53.5007151820733],[-2.25473125881615,53.5004904727184],[-2.2547299076032,53.5002657633548],[-2.25472855863384,53.5000410549686],[-2.25435167551105,53.5000418517654],[-2.25435032849192,53.4998171433064],[-2.25434898149008,53.4995924348383],[-2.25434763450555,53.4993677263612],[-2.25472451195537,53.4993669298116],[-2.25510138938781,53.4993661320743],[-2.2551000386387,53.499141423753],[-2.2554769141628,53.4991406249104],[-2.25547556154013,53.4989159166624],[-2.25509868790694,53.4989167154226],[-2.25509733719253,53.4986920070832],[-2.25472046543283,53.4986928045734],[-2.25471911662664,53.4984680961425],[-2.25471776783777,53.4982433877027],[-2.25434089984239,53.4982441838403],[-2.25433955296165,53.498019475309],[-2.25433820609822,53.4977947667687],[-2.25396134186708,53.497795561554],[-2.2539599969117,53.4975708529223],[-2.25433685925208,53.4975700582194],[-2.25471372157511,53.4975692623289],[-2.25471237285554,53.4973445538529],[-2.25471102415329,53.4971198453679],[-2.25470967546837,53.4968951368739],[-2.25433281881746,53.4968959325172],[-2.25433147204052,53.4966712239317],[-2.25395461726292,53.4966720183051],[-2.2539532723939,53.4964473096282],[-2.25395192754215,53.4962226009423],[-2.25357507652846,53.4962233939634],[-2.25357373358456,53.4959986851861],[-2.25357239065791,53.4957739763997],[-2.25319554340805,53.4957747680685],[-2.25319420238917,53.4955500591908],[-2.25281735701257,53.4955508495897],[-2.25281601790141,53.4953261406206],[-2.25243917439807,53.4953269297496],[-2.25243783719457,53.4951022206891],[-2.25243650000824,53.4948775116197],[-2.25281333973066,53.4948767226554],[-2.25281200067108,53.4946520136592],[-2.25281066162868,53.494427304654],[-2.25280932260348,53.4942025956398],[-2.25280798359546,53.4939778866166],[-2.25318481573909,53.4939770967941],[-2.25318347485794,53.4937523878442],[-2.25318213399401,53.4935276788852],[-2.2531807931473,53.4933029699172],[-2.25280396667456,53.4933037594927],[-2.25242714018457,53.4933045478808],[-2.25242580313556,53.4930798387391],[-2.25204897851861,53.4930806258574],[-2.25167215388446,53.4930814117882],[-2.25167082063305,53.4928567024729],[-2.2512940044093,53.4928574907475],[-2.25129267319453,53.4926327814094],[-2.25091586986696,53.4926335744996],[-2.2509145407408,53.4924088651626],[-2.25091321163296,53.4921841558172],[-2.25053641242754,53.4921849477383],[-2.25053508540823,53.4919602383941],[-2.25053376665398,53.4917355343677],[-2.25091056190185,53.4917347425445],[-2.25090924258764,53.4915100394625],[-2.25090792329054,53.4912853363713],[-2.25090660401055,53.4910606332709],[-2.25090528474767,53.4908359301614],[-2.2509039655019,53.4906112270428],[-2.25128075124511,53.4906104345355],[-2.2516575477058,53.4906096466233],[-2.25203435164573,53.4906088615616],[-2.2524111555686,53.4906080753125],[-2.25278795947438,53.490607287876],[-2.25316476336305,53.4906064992522],[-2.25316609397486,53.4908312019316],[-2.25316742460381,53.491055904602],[-2.25279061695619,53.4910566933705],[-2.25279194572277,53.4912813961043],[-2.25279327450646,53.4915060988291],[-2.25317008591313,53.4915053099159],[-2.2531687552499,53.4912806072634],[-2.2535455647599,53.4912798172352],[-2.25354423223429,53.4910551146461],[-2.25354289972585,53.490830412048],[-2.25391970545968,53.490829620977],[-2.25429651117633,53.4908288287187],[-2.25467331687575,53.4908280352729],[-2.25505012255795,53.4908272406398],[-2.25542692822287,53.4908264448193],[-2.25542827012874,53.4910511470556],[-2.25580507765587,53.4910503499753],[-2.25580642145854,53.4912750521302],[-2.25618323084787,53.4912742537902],[-2.25618188516568,53.4910495517077],[-2.25618053950084,53.4908248496162],[-2.25655734511383,53.4908240502335],[-2.25655869265815,53.4910487522526],[-2.25693550013326,53.4910479516101],[-2.25693415070945,53.4908232496635],[-2.25731095628769,53.4908224479061],[-2.25768776184852,53.4908216449613],[-2.2580645673919,53.4908208408292],[-2.25844137291782,53.4908200355096],[-2.25881817842626,53.4908192290027],[-2.25919498391718,53.4908184213084],[-2.25919362323401,53.4905937197876],[-2.2591922625684,53.4903690182577],[-2.25881546083637,53.4903698258071],[-2.25843865908682,53.490370632169],[-2.25806185731979,53.4903714373436],[-2.2576850555353,53.4903722413309],[-2.25730825373336,53.4903730441308],[-2.25693145191402,53.4903738457433],[-2.25655465007728,53.4903746461685],[-2.25655330258506,53.4901499441226],[-2.25617650261037,53.490150743288],[-2.25579970261835,53.490151541266],[-2.25542290260901,53.4901523380567],[-2.25504610258239,53.4901531336601],[-2.2546693025385,53.4901539280761],[-2.25429250247738,53.4901547213047],[-2.25429116627882,53.4899300188155],[-2.25391436807987,53.4899308107845],[-2.25391570239904,53.490155513346],[-2.25353890230352,53.4901563042],[-2.25353756986373,53.489931601566],[-2.25316077163043,53.4899323911603],[-2.25278397337999,53.4899331795672],[-2.25240717511244,53.4899339667867],[-2.25240850191408,53.4901586696376],[-2.25203170175006,53.4901594557421],[-2.25203037682781,53.4899347528189],[-2.25165357852611,53.4899355376637],[-2.25127678791824,53.4899363254266],[-2.25090000786725,53.4899371176319],[-2.25052322779915,53.4899379086501],[-2.25052191051917,53.4897132053943],[-2.25014513233134,53.4897139951247],[-2.24976835412645,53.489714783668],[-2.24976704065821,53.4894900802018],[-2.24939026433362,53.4894908674573],[-2.24938895277972,53.4892661638814],[-2.24938764124282,53.4890414602963],[-2.24938632972292,53.4888167567021],[-2.24900955907316,53.4888175424688],[-2.24900824946749,53.4885928387648],[-2.24900693987881,53.4883681350517],[-2.24863017300648,53.4883689194301],[-2.24862886533195,53.4881442156073],[-2.24825210033984,53.4881449986981],[-2.24825079457941,53.4879202947656],[-2.24787403146753,53.4879210765688],[-2.24787272762114,53.4876963725266],[-2.24749596638948,53.4876971530422],[-2.24711920514093,53.4876979323707],[-2.24711790510564,53.4874732281183],[-2.24674114573734,53.4874740061593],[-2.24673984761597,53.4872493017972],[-2.24636309012791,53.4872500785506],[-2.24636179392042,53.4870253740789],[-2.24673854951143,53.4870245974261],[-2.2467372514237,53.4867998930458],[-2.24711400510086,53.4867991153064],[-2.24711270513296,53.4865744110174],[-2.24748945689627,53.4865736321915],[-2.2478662086427,53.4865728521785],[-2.24786490489771,53.4863481480815],[-2.24748815504825,53.4863489279939],[-2.24711140518191,53.4863497067193],[-2.24673465529871,53.4863504842577],[-2.2467359533528,53.4865751886563],[-2.24635920155581,53.4865759651082],[-2.24636049772972,53.4868006695981],[-2.24598374401893,53.4868014449635],[-2.24560699029136,53.4868022191417],[-2.24560569791144,53.4865775144508],[-2.24522894606412,53.4865782873416],[-2.24522765559792,53.4863535825411],[-2.24522636514844,53.4861288777315],[-2.24522507471567,53.4859041729128],[-2.24560182087215,53.4859034003234],[-2.24560052855921,53.4856786955959],[-2.245599236263,53.4854539908594],[-2.24559794398354,53.4852292861136],[-2.24597468443267,53.4852285126386],[-2.24597597860897,53.4854532172839],[-2.24597727280205,53.48567792192],[-2.24635401702811,53.4856771470571],[-2.24635272093817,53.4854524425214],[-2.24672946325056,53.485451666572],[-2.24672816528057,53.4852269621277],[-2.24635142486502,53.4852277379767],[-2.24635012880866,53.4850030334228],[-2.2463488327691,53.4847783288597],[-2.24634753674632,53.4845536242875],[-2.2467242714715,53.48455284874],[-2.24672297356878,53.4843281442592],[-2.2470997063804,53.4843273676252],[-2.24709840659778,53.4841026632357],[-2.24747513749584,53.4841018855153],[-2.24785186837702,53.484101106608],[-2.24785056481787,53.4838764024103],[-2.24822729378546,53.4838756224166],[-2.24822598834655,53.4836509183103],[-2.24860271540056,53.4836501372302],[-2.2486014158754,53.4834254385149],[-2.24897814118847,53.4834246564166],[-2.24897684237077,53.4831999594882],[-2.24935356595041,53.4831991763617],[-2.24935226543072,53.4829744795818],[-2.24972898727694,53.4829736954269],[-2.25010570910743,53.4829729100856],[-2.2501044051681,53.4827482136124],[-2.25048112526515,53.4827474272428],[-2.25085784534643,53.4827466396868],[-2.25085653798754,53.4825219435203],[-2.25123325633536,53.4825211549361],[-2.25160998271465,53.4825203688042],[-2.25160867174163,53.4822956728145],[-2.25198540544452,53.482294889658],[-2.25236213912951,53.4822941053135],[-2.2523608241568,53.482069409186],[-2.25273755581504,53.4820686235887],[-2.25311428745532,53.4820678368035],[-2.25311296848304,53.4818431405383],[-2.25348969809655,53.4818423525002],[-2.25348837713356,53.4816176561622],[-2.25386510472029,53.4816168668714],[-2.25386378176665,53.4813921704606],[-2.25424050732661,53.481391379917],[-2.25461723286851,53.4813905881855],[-2.25461590591556,53.481165891637],[-2.25499262943066,53.4811650986528],[-2.25499130048719,53.4809404020315],[-2.2553680219755,53.4809396077945],[-2.25536669104156,53.4807149111005],[-2.25574341050307,53.4807141156108],[-2.25574207757872,53.480489418844],[-2.25611879501344,53.4804886221017],[-2.25649551242995,53.4804878241715],[-2.25649417550665,53.4802631272672],[-2.25687089089635,53.4802623280843],[-2.25686955198277,53.4800376311072],[-2.25724626534564,53.4800368306717],[-2.25724492444184,53.4798121336219],[-2.25762163577789,53.4798113319338],[-2.25799834709564,53.4798105290579],[-2.25799700219316,53.4795858318706],[-2.25799565730907,53.4793611346754],[-2.25837236459149,53.4793603304821],[-2.25837101771734,53.4791356332141],[-2.25874772297294,53.4791348277684],[-2.25912442821015,53.4791340211348],[-2.2591257791012,53.4793587185322],[-2.25912713001073,53.4795834159216],[-2.25950383924646,53.4795826082295],[-2.25950248632845,53.4793579107754],[-2.25987919353725,53.4793571018308],[-2.25987783862928,53.4791324043041],[-2.26025454381116,53.479131594107],[-2.26025590072757,53.4793562916984],[-2.26025725766254,53.4795809892818],[-2.25988054846374,53.4795817993496],[-2.25988190340876,53.4798064968603],[-2.25988325837231,53.4800311943631],[-2.26025997158816,53.4800303844247],[-2.26063668478551,53.4800295732984],[-2.26101339796433,53.4800287609842],[-2.26139011112459,53.4800279474821],[-2.26176682426628,53.4800271327922],[-2.26214353738936,53.4800263169143],[-2.2625202504938,53.4800254998486],[-2.2625216195358,53.4802501977959],[-2.26289833463014,53.4802493796069],[-2.26289970569945,53.4804740776109],[-2.2629010767875,53.4806987756068],[-2.26252435767596,53.4806995936666],[-2.26214763854576,53.4807004105385],[-2.26177091939692,53.4807012262225],[-2.26139420022947,53.4807020407185],[-2.26101748104344,53.4807028540267],[-2.26101884210704,53.4809275516915],[-2.26064212089381,53.4809283637471],[-2.26026539966206,53.4809291746148],[-2.26026675672693,53.4811538721424],[-2.259890033468,53.4811546817575],[-2.2595133101906,53.4811554901846],[-2.25913658689476,53.4811562974238],[-2.2591379379521,53.4813809947494],[-2.25876121262913,53.481381800736],[-2.25838448728777,53.4813826055347],[-2.25838314024783,53.4811579083385],[-2.2580064168968,53.481158712014],[-2.25800776192805,53.4813834091454],[-2.25800910697769,53.4816081062689],[-2.2576323795909,53.481608908627],[-2.2572556521858,53.4816097097971],[-2.25725699323633,53.4818344067831],[-2.25688026380419,53.4818352067005],[-2.25688160286429,53.4820599036138],[-2.25725833430521,53.4820591037611],[-2.25725967539243,53.4822838007311],[-2.25763640882387,53.4822829997551],[-2.25763506572785,53.4820583027204],[-2.25801179713217,53.4820575004918],[-2.25801045204573,53.4818328033843],[-2.25838718142293,53.481831999903],[-2.25876391078177,53.4818311952338],[-2.25876256169622,53.4816064979889],[-2.25913928902791,53.481605692067],[-2.25951601634118,53.4816048849571],[-2.259892743636,53.4816040766593],[-2.25989138854274,53.4813793792124],[-2.26026811381036,53.481378569662],[-2.26064483905948,53.4813777589236],[-2.26102156429007,53.4813769469974],[-2.2613982895021,53.4813761338831],[-2.26177501469555,53.481375319581],[-2.26177364957734,53.4811506218028],[-2.26215037274349,53.4811498062481],[-2.26252709589099,53.4811489895054],[-2.26290381901984,53.4811481715748],[-2.26290244789429,53.4809234735948],[-2.26327916899578,53.4809226544117],[-2.26365589007855,53.4809218340407],[-2.26403261114257,53.4809210124817],[-2.26440933218782,53.4809201897348],[-2.26478605321427,53.4809193658],[-2.26478743438315,53.4811440641029],[-2.26516415739944,53.4811432390447],[-2.26554088039687,53.4811424127986],[-2.26591760337543,53.4811415853645],[-2.26629432633507,53.4811407567425],[-2.26629293713154,53.4809160581815],[-2.26591621618056,53.480916886868],[-2.26553949521067,53.4809177143666],[-2.2651627742219,53.4809185406773],[-2.26516139106327,53.4806938423019],[-2.26478467206428,53.4806946674892],[-2.26478329093317,53.4804699691703],[-2.26440657392397,53.4804707932342],[-2.26402985689597,53.4804716161102],[-2.26402847980091,53.4802469179126],[-2.26365176476272,53.4802477396652],[-2.26365038969505,53.4800230415242],[-2.26327367664667,53.4800238621535],[-2.26327230360633,53.479799164069],[-2.26289559254777,53.4797999835751],[-2.26251888147052,53.4798008018933],[-2.26214217037461,53.4798016190237],[-2.26214080337855,53.479576921125],[-2.26213943640118,53.4793522232184],[-2.26213806944251,53.4791275253038],[-2.2617613643534,53.4791283414401],[-2.26175999942183,53.4789036435822],[-2.26175863450894,53.4786789457162],[-2.26213533558122,53.4786781294507],[-2.26251203663488,53.4786773119973],[-2.2625106677239,53.4784526139942],[-2.26288736675053,53.4784517952884],[-2.26326406575846,53.4784509753948],[-2.26326543868618,53.4786756735271],[-2.26364213968377,53.4786748525102],[-2.26364076474769,53.4784501543133],[-2.2636393898304,53.4782254561085],[-2.26326269284952,53.4782262772545],[-2.26326131995934,53.4780015791062],[-2.26325994708793,53.47777688095],[-2.26288325410494,53.4777777010374],[-2.26288462496806,53.478002399129],[-2.26288599584992,53.4782270972127],[-2.26250929883164,53.4782279159831],[-2.2621326017947,53.4782287335657],[-2.26213123492947,53.4780040356112],[-2.26175453988221,53.4780048520706],[-2.26137784481635,53.4780056673422],[-2.26100114973191,53.478006481426],[-2.26062445462891,53.478007294322],[-2.26062309581553,53.4777825966181],[-2.26099978891024,53.4777817836574],[-2.26137648198639,53.477780969509],[-2.26137511917506,53.4775562716678],[-2.26137375638237,53.4773315738187],[-2.26175044542344,53.4773307583532],[-2.26212713444591,53.4773299416999],[-2.26212576765543,53.4771052437136],[-2.26250245465107,53.477104425808],[-2.2625010858711,53.476879727749],[-2.26287777083989,53.4768789085911],[-2.26287640007048,53.4766542104596],[-2.26325308301243,53.4766533900493],[-2.26325171025363,53.4764286918452],[-2.2632503375136,53.4762039936331],[-2.26362701642062,53.476203171906],[-2.26362564169129,53.4759784736214],[-2.26400231857149,53.4759776506419],[-2.26400094185291,53.4757529522848],[-2.26362426698074,53.4757537753288],[-2.26324759208985,53.4757545971852],[-2.26324621940612,53.4755298989492],[-2.263622892289,53.4755290770283],[-2.26362151761604,53.4753043787198],[-2.26362013530052,53.4750796727308],[-2.26399680402227,53.4750788493872],[-2.26399541799373,53.4748541416242],[-2.26399403198484,53.4746294338538],[-2.26399264599558,53.474404726076],[-2.26399126002596,53.474180018291],[-2.26398987407597,53.4739553104986],[-2.26398848814562,53.4737306026988],[-2.26436514413304,53.4737297772615],[-2.26436375610331,53.4735050693036],[-2.26436236809324,53.4732803613382],[-2.26473901982299,53.4732795344109],[-2.26473762971363,53.4730548262874],[-2.26511427930473,53.4730539980209],[-2.26549092887612,53.4730531685661],[-2.26548953454858,53.4728284601335],[-2.26548814024079,53.4726037516936],[-2.2658647855546,53.4726029207488],[-2.26624143084863,53.4726020886158],[-2.26624003232283,53.4723773798669],[-2.26661667547819,53.4723765463948],[-2.26699331861372,53.4723757117344],[-2.26736996172938,53.4723748758857],[-2.26736855686685,53.4721501666771],[-2.26774519784379,53.4721493294893],[-2.26774379088232,53.4719246201225],[-2.26812042958088,53.4719237814299],[-2.2681190205356,53.4716990719232],[-2.26849565456741,53.4716982288966],[-2.26887228858001,53.4716973846827],[-2.26887087551776,53.4714726751229],[-2.26924750749303,53.4714718296993],[-2.26962413944903,53.4714709830884],[-2.27000077138573,53.4714701352903],[-2.26999935228857,53.4712454256551],[-2.27037598218789,53.4712445766473],[-2.27037456109203,53.4710198669815],[-2.27075118895397,53.4710190167641],[-2.27074976585947,53.4707943070676],[-2.27112639168404,53.4707934556406],[-2.27112496659094,53.4705687459135],[-2.27150159037813,53.4705678932769],[-2.2715001632865,53.4703431835192],[-2.27187678503632,53.470342329673],[-2.2718753559462,53.4701176198847],[-2.27225197565864,53.470116764829],[-2.2726285953516,53.4701159085861],[-2.27262716224517,53.4698911987449],[-2.27300377990072,53.4698903412924],[-2.27300234479595,53.4696656314206],[-2.2733789604141,53.4696647727587],[-2.27337752331103,53.4694400628563],[-2.27375413689178,53.4694392029849],[-2.27375269779048,53.469214493052],[-2.27412930933383,53.4692136319711],[-2.27412786823434,53.4689889220076],[-2.2745044777403,53.4689880597173],[-2.27450303464268,53.4687633497233],[-2.2745015915647,53.468538639721],[-2.27487819701554,53.468537776199],[-2.27487675193952,53.4683130661662],[-2.27525335535298,53.4683122014348],[-2.27525190827896,53.4680874913715],[-2.27562850965506,53.4680866254308],[-2.2756270605831,53.4678619153369],[-2.27600365992182,53.4678610481868],[-2.27600220885198,53.4676363380625],[-2.27600075780189,53.4674116279299],[-2.27637735308566,53.4674107595482],[-2.27637590003776,53.4671860493851],[-2.2767524932842,53.4671851797942],[-2.27675103823855,53.4669604696006],[-2.27712762944764,53.4669595988004],[-2.27712617163392,53.4667348880307],[-2.27750276082765,53.4667340160504],[-2.27750130094083,53.466509305212],[-2.27787788812609,53.4665084320585],[-2.27787642627011,53.4662837212252],[-2.27787496443379,53.4660590103833],[-2.27825154762183,53.4660581360701],[-2.27825008381643,53.4658334252332],[-2.27862666499603,53.4658325497468],[-2.27900324615589,53.4658316730736],[-2.27900177839277,53.4656069622553],[-2.27937835754417,53.4656060844089],[-2.2793768878121,53.4653813735957],[-2.27975346495504,53.4653804945761],[-2.27975199325409,53.4651557837679],[-2.28012856838857,53.4651549035752],[-2.28050514350321,53.4651540221958],[-2.280881718598,53.4651531396297],[-2.2812582936729,53.4651522558769],[-2.28163486872789,53.4651513709373],[-2.28201144376294,53.4651504848109],[-2.28238801877803,53.4651495974979],[-2.28276459377312,53.4651487089981],[-2.28276608138332,53.4653734196972],[-2.28314265834704,53.465372529997],[-2.28351923529072,53.4653716391101],[-2.28352072689829,53.4655963497733],[-2.28389730581058,53.4655954576859],[-2.28427388470276,53.4655945644118],[-2.28427538030781,53.465819275039],[-2.28465196116857,53.4658183805644],[-2.28465345878247,53.4660430911694],[-2.28503003853064,53.4660421940734],[-2.28503153816103,53.4662669046631],[-2.2854081185908,53.4662660057781],[-2.28540962026609,53.4664907163672],[-2.28541112196186,53.466715426948],[-2.28578770642004,53.4667145268915],[-2.2861642908577,53.4667136256481],[-2.28654087527481,53.4667127232177],[-2.28654238305853,53.4669374338152],[-2.28691896948072,53.4669365302052],[-2.28729555588232,53.4669356254082],[-2.28767214226328,53.4669347194242],[-2.28767365585423,53.4671594301176],[-2.28805024423906,53.4671585229515],[-2.2880517598752,53.4673832336412],[-2.28767516946583,53.4673841408025],[-2.28767668309807,53.467608851479],[-2.28730009064347,53.4676097574486],[-2.28692349816824,53.4676106622311],[-2.2865469056724,53.4676115658267],[-2.28654841325149,53.4678362764804],[-2.28617181871047,53.4678371788841],[-2.28579522414891,53.4678380801008],[-2.28579672769931,53.4680627907364],[-2.28542013109259,53.4680636907613],[-2.28504353446538,53.4680645895992],[-2.28504503398698,53.4682893002167],[-2.28466843421507,53.4682901973288],[-2.28466993175101,53.4685149079368],[-2.28467142930732,53.4687396185364],[-2.28504803309156,53.4687387214264],[-2.28542463579282,53.4687378226031],[-2.28542313420559,53.4685131119976],[-2.28579973486165,53.4685122119824],[-2.28617633549718,53.4685113107802],[-2.28617482988107,53.4682866001566],[-2.28655142847137,53.4682856977625],[-2.28692802704109,53.4682847941814],[-2.28730462559021,53.4682838894134],[-2.28730311392068,53.4680591787668],[-2.28767971042451,53.4680582728069],[-2.28805630690768,53.46805736566],[-2.28843290337017,53.4680564573261],[-2.28880949981194,53.4680555478052],[-2.28881101958009,53.4682802584709],[-2.28881253936898,53.4685049691282],[-2.28918913983934,53.4685040584298],[-2.28919066167366,53.4687287690834],[-2.28919218352874,53.4689534797287],[-2.28919370540458,53.4691781903655],[-2.28957031192838,53.4691772784944],[-2.28957183584977,53.4694019891276],[-2.28994844437756,53.4694010760741],[-2.28994997034455,53.4696257867037],[-2.28995149633236,53.4698504973248],[-2.2895748837549,53.4698514103688],[-2.28957640773865,53.4700761209767],[-2.28919979311553,53.4700770328288],[-2.28882317847164,53.4700779434938],[-2.28882469842639,53.4703026540839],[-2.28882621840186,53.4705273646655],[-2.28920283709557,53.4705264540101],[-2.28957945576851,53.4705255421675],[-2.28995607442066,53.4705246291378],[-2.28995454837041,53.4702999185419],[-2.2903311649768,53.4702990043204],[-2.29070778156233,53.4702980889117],[-2.29108439812699,53.470297172316],[-2.29108286602286,53.4700724616975],[-2.29145948054171,53.4700715439099],[-2.29183609503963,53.4700706249353],[-2.29183455890667,53.469845914299],[-2.29221117135875,53.4698449941325],[-2.29258778378985,53.469844072779],[-2.29296439619992,53.4698431502384],[-2.29334100858896,53.4698422265108],[-2.29333946437758,53.4696175158473],[-2.2937160747207,53.4696165909279],[-2.29409268504273,53.4696156648215],[-2.29409423330377,53.4698403754942],[-2.29447084562951,53.4698394482053],[-2.29484745793409,53.4698385197293],[-2.29522407021749,53.4698375900662],[-2.29522562457424,53.4700623007444],[-2.29560223886129,53.4700613698989],[-2.29597885312711,53.4700604378663],[-2.29598041155485,53.4702851485453],[-2.29635702782429,53.4702842153301],[-2.29673364407244,53.4702832809279],[-2.29673520657126,53.4705079916077],[-2.29711182482301,53.4705070560229],[-2.29711338936808,53.4707317666988],[-2.29749000962342,53.4707308299315],[-2.2974915762148,53.4709555406036],[-2.29749314282753,53.4711802512673],[-2.29711651852221,53.4711811880255],[-2.29673989419555,53.4711821235966],[-2.29674145677959,53.4714068342427],[-2.29636483040658,53.4714077686221],[-2.29598820401228,53.4714087018143],[-2.29598976256752,53.4716334124429],[-2.29599132114402,53.4718581230631],[-2.29599287974177,53.4720828336749],[-2.29636951221131,53.4720819004964],[-2.29636795158846,53.4718571898801],[-2.2967445820116,53.4718562555098],[-2.29712121241342,53.4718553199525],[-2.29711964776168,53.4716306093185],[-2.29749627611708,53.4716296725694],[-2.29787290445109,53.4716287346331],[-2.29824953276371,53.4716277955097],[-2.29824796205815,53.4714030848538],[-2.29862458832428,53.4714021445386],[-2.29900121456895,53.4714012030364],[-2.29937784079214,53.471400260347],[-2.29975446699381,53.4713993164704],[-2.29975604579957,53.4716240271444],[-2.30013267400476,53.4716230820852],[-2.30013425485712,53.4718477927553],[-2.30051088506581,53.4718468465134],[-2.30088751525291,53.4718458990843],[-2.30088910017703,53.472070609755],[-2.30126573236761,53.4720696611432],[-2.30126731933847,53.4722943718099],[-2.30164394552473,53.4722934185874],[-2.3016455344652,53.4725181292176],[-2.30202215643149,53.4725171721492],[-2.30202374738788,53.4727418827632],[-2.30240037132723,53.4727409244999],[-2.30277699524511,53.4727399650495],[-2.30277859021201,53.4729646756394],[-2.30315521610292,53.4729637149941],[-2.30315681308587,53.4731884255677],[-2.30353344094982,53.4731874637275],[-2.30391006879221,53.4731865007002],[-2.30391166978585,53.4734112112497],[-2.30428829960125,53.4734102470274],[-2.30466492939505,53.4734092816179],[-2.30466653439948,53.4736339921433],[-2.30504316616626,53.4736330255389],[-2.30504477318696,53.4738577360479],[-2.30542140692671,53.4738567682486],[-2.30542301596373,53.4740814787412],[-2.30579965167646,53.4740805097468],[-2.30617628736747,53.4740795395652],[-2.30655292303673,53.4740785681965],[-2.30655453807951,53.4743032786571],[-2.30655615314405,53.4745279891091],[-2.30655776823034,53.4747526995527],[-2.306934409862,53.4747517269731],[-2.30693602696482,53.4749764374003],[-2.30731267056946,53.4749754636256],[-2.30731428968887,53.4752001740364],[-2.30769093526647,53.4751991990666],[-2.30806758082222,53.4751982229097],[-2.30806920386784,53.4754229333993],[-2.30844585139508,53.4754219560465],[-2.3084474764186,53.4756466665631],[-2.30882412591598,53.4756456880149],[-2.30882575295342,53.4758703985149],[-2.30920240442095,53.4758694187714],[-2.30920403347236,53.4760941292547],[-2.30958068691004,53.4760931483158],[-2.30995734032574,53.4760921661897],[-2.30995897338329,53.4763168766482],[-2.31033562876912,53.4763158933267],[-2.31033726384078,53.4765406037686],[-2.31071392119671,53.4765396192516],[-2.3110905785306,53.4765386335473],[-2.31109221760859,53.4767633439644],[-2.31146887691256,53.4767623570647],[-2.31147051800479,53.476987067465],[-2.3114721591191,53.4772117778569],[-2.31184882238538,53.4772107897535],[-2.31222548562952,53.4772098004628],[-2.3122271307504,53.4774345108298],[-2.31222877589341,53.4776592211882],[-2.31260544309991,53.4776582306938],[-2.31298211028422,53.4776572390121],[-2.31298375943396,53.4778819493456],[-2.31336042858835,53.4778809564683],[-2.31335877744632,53.4776562461431],[-2.31373544458618,53.4776552520868],[-2.31373709772051,53.4778799624038],[-2.3141137668304,53.4778789671519],[-2.31411542197929,53.4781036774521],[-2.31411707715045,53.4783283877438],[-2.31411873234389,53.478553098027],[-2.31374205725697,53.4785540933037],[-2.31374371048029,53.4787788035866],[-2.31412038755961,53.4787778083017],[-2.31449706461664,53.4787768118295],[-2.31449872184706,53.4790015220874],[-2.31487540087419,53.4790005244195],[-2.31525207987898,53.4789995255642],[-2.3152537411166,53.4792242357971],[-2.31563042209146,53.4792232357461],[-2.31563208534392,53.4794479459622],[-2.31600876828886,53.4794469447156],[-2.31601043355621,53.4796716549148],[-2.31638711847122,53.4796706524725],[-2.31638878575351,53.4798953626549],[-2.31639045305824,53.4801200728288],[-2.31601376415813,53.4801210752878],[-2.31601542949271,53.4803457854615],[-2.31601709484971,53.4805704956267],[-2.31564040194198,53.4805714969148],[-2.31564206532875,53.4807962070798],[-2.31564372873791,53.4810209172363],[-2.31526703182247,53.4810219173536],[-2.31489033488466,53.4810229162834],[-2.3145136379245,53.4810239140258],[-2.31451198049334,53.4807992038444],[-2.31413528550352,53.4808002003911],[-2.3137585904914,53.4808011957503],[-2.31376024393723,53.4810259059482],[-2.31413694094201,53.4810249105807],[-2.31413859640278,53.4812496207618],[-2.31451529537796,53.4812486241986],[-2.31489199433082,53.481247626448],[-2.31489365379931,53.481472336604],[-2.31527035472254,53.4814713376576],[-2.31527201620611,53.4816960477969],[-2.3156487190997,53.4816950476547],[-2.31565038259841,53.4819197577771],[-2.31565204611951,53.4821444678911],[-2.31565370966299,53.4823691779965],[-2.31565537322887,53.4825938880934],[-2.31565703681714,53.4828185981818],[-2.31565870042779,53.4830433082617],[-2.31566036406084,53.4832680183331],[-2.31566202771628,53.483492728396],[-2.3160387465304,53.4834917269999],[-2.316037080882,53.4832670169453],[-2.31603541525602,53.4830423068823],[-2.31603374965245,53.4828175968107],[-2.31603208407131,53.4825928867305],[-2.31640879489131,53.4825918841802],[-2.31640712733973,53.4823671740999],[-2.31640545981059,53.482142464011],[-2.31678216662245,53.4821414602898],[-2.31678049712296,53.4819167502008],[-2.31715720191954,53.4819157453003],[-2.31715553044975,53.4816910352112],[-2.31753223323104,53.4816900291316],[-2.317530559791,53.4814653190422],[-2.31752888637348,53.4812406089444],[-2.31752721297848,53.481015898838],[-2.317525539606,53.4807911887232],[-2.31752386625605,53.4805664785998],[-2.31752219292861,53.4803417684679],[-2.3175205196237,53.4801170583275],[-2.31789720843382,53.4801160511189],[-2.31827389721491,53.4801150427],[-2.31827557450443,53.4803397528219],[-2.31865226524725,53.4803387431784],[-2.31902895596747,53.4803377323476],[-2.31903063726267,53.4805624424374],[-2.31903231858049,53.4807871525186],[-2.31865562387713,53.480788163373],[-2.31865730322595,53.4810128734575],[-2.31903399992092,53.4810118625914],[-2.31941069659326,53.4810108505378],[-2.31941237994795,53.4812355605902],[-2.31978907858926,53.4812345473374],[-2.31979076395827,53.4814592573695],[-2.32016746456855,53.4814582429175],[-2.32054416515612,53.481457227278],[-2.32054247580378,53.4812325172695],[-2.32016577720788,53.4812335328972],[-2.32016408986991,53.4810088228684],[-2.32016240255464,53.480784112831],[-2.32016071526207,53.4805594027851],[-2.32053740788314,53.4805583871928],[-2.32091410048147,53.4805573704132],[-2.32129079305703,53.4805563524461],[-2.32166748560979,53.4805553332917],[-2.32204417813973,53.4805543129498],[-2.32204587539021,53.4807790229366],[-2.32242256988888,53.4807780013955],[-2.32279926436467,53.480776978667],[-2.32317595881756,53.480775954751],[-2.32355265324752,53.4807749296477],[-2.32392934765451,53.4807739033569],[-2.32430604203852,53.4807728758787],[-2.32430775126148,53.4809975857857],[-2.32468444761409,53.4809965571082],[-2.32468615885167,53.4812212669948],[-2.32430946050744,53.4812222956842],[-2.32431116977639,53.4814470055742],[-2.32393446941747,53.481448033088],[-2.32355776903558,53.4814490594145],[-2.32318106863072,53.4814500845535],[-2.32318277194761,53.4816747944705],[-2.32318447528741,53.4818995043791],[-2.32356117967566,53.4818984792163],[-2.32355947434415,53.4816737693197],[-2.32393617671773,53.4816727429813],[-2.32393788404096,53.4818974528661],[-2.32431458838327,53.4818964253284],[-2.32431287906833,53.4816717154556],[-2.32468958139591,53.4816706867423],[-2.32469129270257,53.4818953966033],[-2.32506799699882,53.4818943666907],[-2.32506628370046,53.4816696568417],[-2.32544298598193,53.4816686257535],[-2.32581968824032,53.4816675934779],[-2.32581797098163,53.4814428836442],[-2.32544127071493,53.4814439159079],[-2.32506457042514,53.4814449469841],[-2.32506285717287,53.481220237118],[-2.32506114394366,53.4809955272433],[-2.32505943073749,53.4807708173601],[-2.32468273639952,53.4807718472131],[-2.32468102520798,53.4805471373094],[-2.32467931403946,53.4803224273972],[-2.32467760289396,53.4800977174765],[-2.32505429125727,53.4800966876592],[-2.32543097959751,53.4800956566546],[-2.32543269472606,53.4803203665515],[-2.32543440987768,53.4805450764398],[-2.32543612505238,53.4807697863197],[-2.32581281934419,53.4807687540918],[-2.32618951361287,53.4807677206766],[-2.32656620785841,53.4807666860739],[-2.32694290208077,53.4807656502839],[-2.32731959627994,53.4807646133064],[-2.32731787114736,53.4805399034863],[-2.32769456333172,53.4805388653334],[-2.32807125549283,53.4805378259931],[-2.32844794763067,53.4805367854654],[-2.32882463974519,53.4805357437503],[-2.32920133183638,53.4805347008478],[-2.32957802390421,53.4805336567579],[-2.32957976098624,53.4807583665059],[-2.32958149809164,53.4809830762453],[-2.32920480204064,53.4809841203593],[-2.32882810596627,53.4809851632859],[-2.32882983911178,53.4812098730408],[-2.32845314102246,53.481210914792],[-2.32807644290982,53.4812119553557],[-2.3276997447739,53.481212994732],[-2.32732304661473,53.4812140329208],[-2.32732477181694,53.4814387427152],[-2.32732649704237,53.4816634525011],[-2.32770319918488,53.4816624142883],[-2.32770492642522,53.4818871240536],[-2.3277066536888,53.4821118338104],[-2.32770838097562,53.4823365435587],[-2.32771010828568,53.4825612532984],[-2.32771183561898,53.4827859630295],[-2.32733512351765,53.4827870013023],[-2.32733684888234,53.4830117110369],[-2.32733857427025,53.483236420763],[-2.32734029968137,53.4834611304805],[-2.32734202557276,53.483685840115],[-2.32734375218421,53.4839105496274],[-2.32734547881898,53.4841352591313],[-2.32734720547705,53.4843599686267],[-2.32734893215843,53.4845846781135],[-2.32735065886313,53.4848093875918],[-2.32735238559114,53.4850340970616],[-2.32697565348604,53.4850351342582],[-2.32659892135764,53.4850361702672],[-2.32622218920596,53.4850372050886],[-2.32584545703103,53.4850382387224],[-2.32546872483287,53.4850392711686],[-2.32509199261151,53.4850403024272],[-2.32471526036697,53.4850413324982],[-2.32471354765593,53.484816622953],[-2.32433681739067,53.4848176518257],[-2.3239600871023,53.4848186795108],[-2.32358335679083,53.4848197060082],[-2.3232066264563,53.4848207313181],[-2.32282989609873,53.4848217554403],[-2.32245316571815,53.484822778375],[-2.32245146504463,53.4845980687571],[-2.32207473664346,53.4845990904935],[-2.32169800821935,53.4846001110423],[-2.3213212797723,53.4846011304035],[-2.32094455130235,53.4846021485772],[-2.32094624396627,53.4848268582377],[-2.32094793665304,53.4850515678897],[-2.32132466912782,53.4850505496948],[-2.3217014015797,53.4850495303122],[-2.32207813400865,53.4850485097421],[-2.32207983272564,53.4852732193536],[-2.32245656713409,53.4852721975852],[-2.32283330151955,53.4852711746292],[-2.32321003588199,53.4852701504855],[-2.32358677022141,53.4852691251543],[-2.32396350453775,53.4852680986354],[-2.324340238831,53.4852670709289],[-2.32434194958581,53.4854917804677],[-2.32471868585843,53.4854907515629],[-2.32509542210789,53.4854897214704],[-2.32547215833418,53.4854886901903],[-2.32584889453727,53.4854876577226],[-2.3258506133252,53.4857123672099],[-2.32622735150757,53.4857113335438],[-2.32660408966668,53.48571029869],[-2.32698082780251,53.4857092626487],[-2.32698255262124,53.4859339720951],[-2.32735929273628,53.4859329348553],[-2.32736101958085,53.4861576442824],[-2.32773776167512,53.4861566058441],[-2.32773949054559,53.4863813152519],[-2.3277412194394,53.4866060246511],[-2.32774294835655,53.4868307340418],[-2.32774467729704,53.487055443424],[-2.32774640626088,53.4872801527976],[-2.32774813524806,53.4875048621627],[-2.32774986425858,53.4877295715193],[-2.32775159329244,53.4879542808674],[-2.32775332234965,53.4881789902069],[-2.32775505143021,53.4884036995378],[-2.32775678053411,53.4886284088603],[-2.32813354463491,53.4886273691154],[-2.32813527576503,53.4888520784185],[-2.32775850966135,53.4888531181742],[-2.3273817435343,53.4888541567421],[-2.32738347068199,53.4890788660583],[-2.32700670252869,53.4890799034493],[-2.32662993435208,53.4890809396525],[-2.32625316615217,53.4890819746679],[-2.32587639792901,53.4890830084956],[-2.32587811708827,53.4893077178464],[-2.32587983627075,53.4895324271886],[-2.32588155547644,53.4897571365224],[-2.32625832970849,53.4897561026624],[-2.32626005094041,53.4899808119768],[-2.32626177219557,53.4902055212827],[-2.32626349347396,53.4904302305801],[-2.3262652147756,53.4906549398689],[-2.32626693610049,53.4908796491492],[-2.32626865744861,53.491104358421],[-2.32627037881998,53.4913290676842],[-2.32627210021458,53.4915537769389],[-2.32664889044825,53.4915527418049],[-2.32665061386934,53.4917774510403],[-2.32665233759269,53.4920021601924],[-2.32665406192068,53.4922268691799],[-2.32665578627191,53.492451578159],[-2.32665751064638,53.4926762871296],[-2.32665923504409,53.4929009960916],[-2.32666095946503,53.4931257050452],[-2.32666268390921,53.4933504139902],[-2.32703949011827,53.4933493775981],[-2.32704121658534,53.4935740865262],[-2.32666440837663,53.4935751229267],[-2.32666613286729,53.4937998318548],[-2.32666785738119,53.4940245407743],[-2.32629104514983,53.4940255760036],[-2.32629276768723,53.494250284923],[-2.32629449024785,53.4944749938338],[-2.32629621283169,53.4946997027362],[-2.32629793543874,53.4949244116301],[-2.326299658069,53.4951491205154],[-2.32630138072248,53.4953738293923],[-2.32667820495264,53.4953727941126],[-2.32667992962923,53.4955975029725],[-2.32668165432906,53.4958222118239],[-2.32705848253577,53.4958211753393],[-2.32706020925879,53.4960458841739],[-2.32668337905214,53.4960469206669],[-2.32630654882222,53.4960479559718],[-2.32592971856905,53.4960489900886],[-2.32593143931543,53.4962736989398],[-2.32555460703907,53.4962747318769],[-2.32517777473952,53.4962757636259],[-2.32480094241681,53.4962767941868],[-2.32442411007096,53.4962778235595],[-2.324047277702,53.4962788517442],[-2.32404898847154,53.4965035606287],[-2.32442582284051,53.4965025324357],[-2.32442753563314,53.4967272413033],[-2.32442924844886,53.4969519501625],[-2.32443096128766,53.4971766590131],[-2.32443267414955,53.4974013678552],[-2.32443438703452,53.4976260766888],[-2.32405754266513,53.4976271049235],[-2.3240558317803,53.4974023960816],[-2.32405412091852,53.4971776872311],[-2.3236772805263,53.497178714261],[-2.32367557168767,53.4969540053937],[-2.32329873327248,53.4969550312271],[-2.32329702645693,53.496730322343],[-2.32292019001877,53.4967313469799],[-2.3225433535576,53.4967323704287],[-2.32216651707345,53.4967333926894],[-2.32216821788882,53.4969581015985],[-2.32216991872711,53.497182810499],[-2.32217161958832,53.497407519391],[-2.32217332047245,53.4976322282745],[-2.32217502137951,53.4978569371496],[-2.32217672230949,53.4980816460161],[-2.3221784232624,53.4983063548741],[-2.32218012423823,53.4985310637236],[-2.32255697672361,53.4985300413965],[-2.32255867972264,53.4987547502292],[-2.32256038274463,53.4989794590534],[-2.32256208578957,53.4992041678691],[-2.32293894425287,53.4992031443289],[-2.32331580269316,53.4992021196005],[-2.32369266111042,53.4992010936839],[-2.3236909520645,53.4989763848932],[-2.32406780845837,53.4989753577966],[-2.32444466482915,53.4989743295118],[-2.32444295180566,53.4987496207293],[-2.32481980615303,53.4987485912646],[-2.32519666047725,53.4987475606118],[-2.32519494347631,53.4985228518374],[-2.32557179577709,53.4985218200047],[-2.32594864805468,53.4985207869838],[-2.32632550030905,53.4985197527747],[-2.32632377733051,53.498295044017],[-2.32670062756138,53.4982940086281],[-2.32707747776898,53.4982929720509],[-2.32707575081323,53.4980682633015],[-2.32745259899731,53.4980672255446],[-2.32782944715806,53.4980661865995],[-2.32782771622521,53.4978414778585],[-2.32820456236241,53.4978404377336],[-2.32858140847623,53.4978393964206],[-2.32895825456665,53.4978383539195],[-2.32933510063362,53.4978373102301],[-2.32933683956722,53.4980620189374],[-2.32933857852426,53.4982867276361],[-2.32896172845689,53.4982877713424],[-2.32896346543712,53.4985124800411],[-2.32896520244076,53.4987371887313],[-2.32858834834944,53.4987382312663],[-2.3285900833762,53.4989629399565],[-2.32821322726117,53.4989639813117],[-2.32821496031099,53.4991886900018],[-2.32821669338417,53.4994133986834],[-2.32783983324509,53.4994144388673],[-2.32784156434125,53.4996391475488],[-2.32784329546074,53.4998638562218],[-2.32746643129751,53.4998648952343],[-2.32746816043991,53.5000896039073],[-2.32709129425292,53.5000906417399],[-2.32709302133856,53.5003153502015],[-2.32671615312277,53.5003163868396],[-2.32671787796293,53.5005410945834],[-2.32634100770877,53.5005421299973],[-2.32634273055735,53.5007668376975],[-2.32671960282647,53.5007658023191],[-2.32709647507218,53.5007647657519],[-2.32709820197411,53.5009894735149],[-2.32709992889945,53.5012141812698],[-2.3271016558482,53.5014388890166],[-2.32747853411556,53.5014378513671],[-2.3274802631028,53.5016625591412],[-2.32748199211349,53.5018872669072],[-2.32710510981595,53.5018883044859],[-2.32710683683494,53.5021130122084],[-2.32748372114762,53.5021119746652],[-2.32748545020519,53.502336682415],[-2.32710856387735,53.5023377199228],[-2.32673167752607,53.5023387562418],[-2.32635479115138,53.5023397913721],[-2.3259779047533,53.5023408253135],[-2.32560101833186,53.5023418580663],[-2.32522413188709,53.5023428896302],[-2.32484724541902,53.5023439200054],[-2.32447035892766,53.5023449491918],[-2.32409347241306,53.5023459771895],[-2.32371658587523,53.5023470039984],[-2.32333969931421,53.5023480296185],[-2.32296281273002,53.5023490540499],[-2.32296451762874,53.5025737613656],[-2.32258762900621,53.5025747845727],[-2.32221074036057,53.5025758065909],[-2.32183385169184,53.5025768274204],[-2.3218321528387,53.5023521202114],[-2.32220903949224,53.5023510993464],[-2.32220733864697,53.5021263920936],[-2.32220563782477,53.5019016848328],[-2.32220393702562,53.5016769775639],[-2.32220223624954,53.5014522702869],[-2.32220053549652,53.5012275630017],[-2.32219883476656,53.5010028557085],[-2.32182196020362,53.501003876787],[-2.32182026151173,53.5007791695212],[-2.32144338894074,53.5007801894467],[-2.32106651634672,53.5007812081835],[-2.3206896437297,53.5007822257315],[-2.32031277108971,53.5007832420909],[-2.31993589842676,53.5007842572616],[-2.31993758704363,53.5010089643494],[-2.31956071234276,53.5010099782958],[-2.31918383761899,53.5010109910534],[-2.31880696287236,53.5010120026224],[-2.31880528030052,53.5007872956416],[-2.31880359775149,53.5005625886527],[-2.31842672701201,53.5005635991043],[-2.31804985600572,53.5005646078331],[-2.31767298324602,53.5005656115846],[-2.31729611046329,53.5005666141471],[-2.31691923765758,53.5005676155206],[-2.3165423648289,53.5005686157049],[-2.31616549197729,53.5005696147003],[-2.31578861910278,53.5005706125066],[-2.31579028536171,53.5007953189688],[-2.31541341042007,53.5007963155077],[-2.31503653545559,53.5007973108576],[-2.31503819764884,53.5010220171555],[-2.3150398598649,53.5012467234456],[-2.31504152210375,53.501471429728],[-2.31541840320112,53.501470434613],[-2.31541673891794,53.5012457282523],[-2.31579361794813,53.5012447318699],[-2.31617049695544,53.5012437342985],[-2.31617216532726,53.5014684408157],[-2.31617383372197,53.5016931473252],[-2.31617550213956,53.501917853827],[-2.3157986169992,53.5019188511636],[-2.31542173183597,53.5019198473111],[-2.31542339618764,53.5021445536485],[-2.31504650895715,53.5021455485286],[-2.31504484664988,53.5019208422695],[-2.31466796144097,53.5019218360388],[-2.31429107620926,53.501922828619],[-2.31391419095477,53.5019238200101],[-2.31391253480344,53.5016991139781],[-2.31353565157059,53.5017001042585],[-2.31315876831503,53.5017010933497],[-2.31278188503678,53.5017020812519],[-2.31278023504122,53.5014773754473],[-2.31240335378467,53.5014783622387],[-2.31202647250548,53.501479347841],[-2.31164959120369,53.5014803322543],[-2.31164794736375,53.5012556266771],[-2.31127106808371,53.5012566099797],[-2.31089418878112,53.5012575920932],[-2.31051730945601,53.5012585730177],[-2.31014043010841,53.5012595527532],[-2.30976355073835,53.5012605312995],[-2.30938667134585,53.5012615086569],[-2.30938830291984,53.5014862137635],[-2.30901142146061,53.5014871898533],[-2.30900979193094,53.5012624848251],[-2.30900816242364,53.5010377797891],[-2.30863128503065,53.5010387548468],[-2.30862965758999,53.5008140498815],[-2.30825278221892,53.5008150238286],[-2.30825115684484,53.500590318934],[-2.30787428349569,53.5005912917705],[-2.30787590682553,53.5008159965866],[-2.30787753017764,53.501040701395],[-2.30825440761531,53.5010397287154],[-2.30825603303401,53.5012644335945],[-2.30863291249365,53.5012634598043],[-2.30863453997899,53.5014881647541],[-2.30825765847502,53.5014891384658],[-2.30788077694872,53.5014901109884],[-2.30788240036768,53.5017148157734],[-2.30750551677473,53.5017157870285],[-2.3071286331595,53.5017167570945],[-2.30713025251198,53.5019414617148],[-2.30675336683012,53.5019424305132],[-2.30637648112605,53.5019433981225],[-2.30599959539979,53.5019443645427],[-2.30600120864126,53.5021690689197],[-2.30562432084842,53.5021700340723],[-2.30524743303346,53.5021709980359],[-2.30487054519638,53.5021719608103],[-2.30487215232667,53.5023966649438],[-2.30449526242308,53.5023976264506],[-2.30411837249743,53.5023985867684],[-2.30374148254976,53.502399545897],[-2.30374308356871,53.502624249787],[-2.30336619155457,53.5026252076479],[-2.30298929951846,53.5026261643198],[-2.30261240746042,53.5026271198025],[-2.30223551538046,53.5026280740962],[-2.30185862327861,53.5026290272007],[-2.30148173115491,53.5026299791162],[-2.30110482401282,53.5026309208063],[-2.30072791456947,53.502631859934],[-2.30035100510601,53.502632797874],[-2.30034942184313,53.5024080942136],[-2.2999725142051,53.5024090308932],[-2.29959560654702,53.5024099663849],[-2.29959402699518,53.5021852625705],[-2.29921712116255,53.5021861968019],[-2.29921554347618,53.5019614929059],[-2.29883863946901,53.501962425877],[-2.29846173544185,53.5019633576604],[-2.29846016146635,53.5017386536103],[-2.29808325926467,53.5017395841334],[-2.29808168715452,53.5015148800018],[-2.29808011506429,53.5012901758612],[-2.29770321653347,53.5012911050515],[-2.29732631798275,53.501292033054],[-2.29694941941215,53.5012929598688],[-2.29694785287791,53.5010682555018],[-2.29657095613281,53.5010691810564],[-2.29656939146375,53.5008444766078],[-2.29619249654415,53.5008454009022],[-2.29619093374022,53.5006206963722],[-2.29581404064612,53.5006216194064],[-2.29581247970726,53.500396914795],[-2.29618937095607,53.5003959918332],[-2.29618780879458,53.5001712872482],[-2.29618624754152,53.4999465826005],[-2.29618468630953,53.4997218779449],[-2.29618312509858,53.4994971732813],[-2.29656000843107,53.4994962489811],[-2.29693689174247,53.4994953234922],[-2.29693845694994,53.4997200282691],[-2.29731534223849,53.499719101648],[-2.29731690946535,53.4999438064736],[-2.29769379673104,53.4999428787204],[-2.29769536597735,53.5001675835946],[-2.29807225522017,53.5001666547092],[-2.2984491444418,53.500165724635],[-2.29845071803207,53.5003904291201],[-2.29882760914171,53.5003894978442],[-2.29882918484286,53.500614201876],[-2.2992060777778,53.5006132693398],[-2.29958297069273,53.500612335616],[-2.29958139130101,53.5003876317291],[-2.29995828235063,53.5003866968901],[-2.3003351733802,53.5003857608633],[-2.30033359023096,53.500161056432],[-2.30071047932481,53.500160119225],[-2.30070889409201,53.4999354138982],[-2.30070730888057,53.4997107085634],[-2.30070572369051,53.4994860032206],[-2.30108260676813,53.4994850646552],[-2.30108101960121,53.499260359248],[-2.30145789931014,53.4992594186032],[-2.30145631024583,53.4990347131809],[-2.30145472120334,53.4988100077509],[-2.30145313218266,53.4985853023131],[-2.30107625822887,53.4985862429784],[-2.30107467114755,53.4983615375393],[-2.30069779806082,53.4983624763874],[-2.300696212999,53.4981377709969],[-2.30031934188897,53.4981387087127],[-2.30031775884659,53.4979140033708],[-2.30031617582556,53.4976892980208],[-2.30069304293947,53.4976883601919],[-2.301069910032,53.4976874211743],[-2.30106832303627,53.4974627157033],[-2.30144518740657,53.4974617750075],[-2.30182203250056,53.4974608212626],[-2.30182044156607,53.4972361156985],[-2.30144359851681,53.4972370695231],[-2.30106673606195,53.4972380102244],[-2.30106514910902,53.4970133047375],[-2.30106356217749,53.4967885992427],[-2.30068670307685,53.4967895384864],[-2.30068828801045,53.4970142439247],[-2.30068987296542,53.4972389493551],[-2.30031300984751,53.4972398872971],[-2.29993614670824,53.4972408240504],[-2.2999345657492,53.4970161187332]]],[[[-2.26710789513646,53.4908011854478],[-2.26710649498477,53.4905764854512],[-2.26710509485117,53.4903517854457],[-2.26748189619158,53.4903509517749],[-2.26748049419667,53.4901262518331],[-2.26785729363959,53.4901254170477],[-2.2678586975139,53.4903501169168],[-2.26786010140634,53.490574816777],[-2.26786150531693,53.4907995166281],[-2.26748470023574,53.4908003516316],[-2.26710789513646,53.4908011854478]]],[[[-2.2925239692734,53.5154603998606],[-2.2929009844715,53.5154594828027],[-2.2928994370562,53.5152347782316],[-2.29327645038504,53.5152338600557],[-2.29327799964997,53.5154585645564],[-2.29365501480879,53.5154576451216],[-2.29365656594301,53.5156823495429],[-2.29327954893454,53.515683269048],[-2.29290253190641,53.5156841873647],[-2.29290407936092,53.5159088919178],[-2.29252706046349,53.5159098091164],[-2.29252551485865,53.515685104493],[-2.2925239692734,53.5154603998606]]],[[[-2.27125282513765,53.4907919900919],[-2.27162963898669,53.4907911482227],[-2.27163106312269,53.4910158485527],[-2.2716324872782,53.4912405488748],[-2.27200930516112,53.4912397059271],[-2.27201073136287,53.4914644062961],[-2.27163391145322,53.4914652491888],[-2.27125709152409,53.4914660908931],[-2.27125851369187,53.4916907911442],[-2.27088169171652,53.4916916316053],[-2.27088027157549,53.4914669314092],[-2.27050345160746,53.4914677707369],[-2.27050203351261,53.4912430705877],[-2.2701252155519,53.491243908782],[-2.27012379950319,53.4910192086798],[-2.27012238347388,53.4907945085696],[-2.27049919738122,53.4907936702653],[-2.27049777934466,53.490568970092],[-2.27087459120595,53.4905681305445],[-2.27125140304781,53.4905672898087],[-2.27125282513765,53.4907919900919]]],[[[-2.27636572378137,53.4656130739508],[-2.27674230307048,53.4656122044117],[-2.27674084725921,53.4653874935035],[-2.27711742454004,53.4653866227912],[-2.27749400180125,53.4653857508921],[-2.27749254203224,53.4651610400025],[-2.27786911728515,53.4651601669302],[-2.27824569251839,53.4651592926712],[-2.27824715626471,53.4653840035338],[-2.27787057904282,53.4653848778063],[-2.27787204082015,53.4656095886739],[-2.27749546158989,53.4656104617732],[-2.27749692139817,53.4658351726457],[-2.27712034015956,53.4658360445719],[-2.27712179799874,53.4660607554494],[-2.27674521475177,53.4660616262023],[-2.27674667062178,53.4662863370848],[-2.27674812651139,53.4665110479587],[-2.27674958242057,53.4667357588241],[-2.27637299318763,53.4667366284308],[-2.27599640393511,53.4667374968507],[-2.27599785576096,53.4669622076398],[-2.27599930677155,53.467186917789],[-2.27562271348558,53.4671877850057],[-2.27562126449252,53.4669630748788],[-2.27524467320435,53.4669639409307],[-2.2752432253715,53.46673923013],[-2.2752417774176,53.4665145192106],[-2.27486519009537,53.4665153840566],[-2.27486374414974,53.4662906731152],[-2.27486229822356,53.4660659621652],[-2.27523888156823,53.4660650973462],[-2.27523743367276,53.4658403864011],[-2.27561401500919,53.4658395204088],[-2.27599059632612,53.4658386532297],[-2.27598914447269,53.4656139423031],[-2.27636572378137,53.4656130739508]]]]}}