{"type":"Feature","properties":{"code":"E63000601","name":"Harrogate"},"geometry":{"type":"MultiPolygon","coordinates":[[[[-1.57036201351717,53.9797314120836],[-1.57035970581734,53.9799560988273],[-1.56997852157902,53.9799547358223],[-1.56998083133893,53.9797300490914],[-1.56998314106711,53.9795053623519],[-1.56998545076358,53.979280675604],[-1.57036662882174,53.9792820385708],[-1.57036893642648,53.9790573518016],[-1.57075011245628,53.9790587135466],[-1.57113128851768,53.9790600740825],[-1.57151246461064,53.9790614334093],[-1.57151016318589,53.9792861202166],[-1.57112898503293,53.9792847608771],[-1.57112668151654,53.9795094476632],[-1.57112437796851,53.9797341344408],[-1.57112207438884,53.9799588212099],[-1.57074089008729,53.9799574606232],[-1.57074319572704,53.9797327738668],[-1.57036201351717,53.9797314120836]]],[[[-1.56997852157902,53.9799547358223],[-1.56997621178738,53.9801794225447],[-1.56997390196402,53.9804041092586],[-1.56959271363712,53.980402745019],[-1.56959040172187,53.9806274317117],[-1.56958808977486,53.9808521183958],[-1.56920689735929,53.9808507529215],[-1.56920458332031,53.9810754395844],[-1.56882338887624,53.9810740728882],[-1.56882107274523,53.9812987595299],[-1.56920226924954,53.9813001262388],[-1.56958346578558,53.9813014917386],[-1.5695811537433,53.9815261783972],[-1.5699623523713,53.9815275427005],[-1.56996004235757,53.9817522293633],[-1.57034124307754,53.9817535924701],[-1.57033893509241,53.9819782791372],[-1.57033662707558,53.9822029657957],[-1.56995542223492,53.9822016026634],[-1.569953112126,53.9824262893007],[-1.56957190525662,53.9824249249465],[-1.56919069841893,53.982423559383],[-1.56918838415745,53.9826482459863],[-1.56880717529107,53.9826468792008],[-1.56880485893735,53.9828715657828],[-1.56842364804228,53.9828701977753],[-1.56804243719991,53.9828688285196],[-1.56804011668031,53.9830935150609],[-1.56765890380578,53.983092144522],[-1.56727769096345,53.9830907727739],[-1.56727536623163,53.9833154592542],[-1.56689415133153,53.9833140862709],[-1.5668918244774,53.9835387727164],[-1.56651060751954,53.9835373984977],[-1.56612939059396,53.9835360230699],[-1.56612706000872,53.983760709048],[-1.56574584105611,53.9837593323938],[-1.5653646221354,53.9837579545304],[-1.56536695683975,53.983533268587],[-1.56536929205394,53.9833085822463],[-1.56575050682486,53.9833099600661],[-1.56575283991663,53.9830852736905],[-1.5653716272357,53.9830838958969],[-1.56499041458714,53.9830825168942],[-1.5649880773154,53.9833072032173],[-1.56460686260924,53.9833058229793],[-1.56460452321502,53.9835305092675],[-1.56422330645128,53.9835291277941],[-1.56384208972,53.9835277451115],[-1.56346087302119,53.9835263612198],[-1.5630796563549,53.983524976119],[-1.56307730928251,53.9837496619564],[-1.56345852801126,53.9837510470751],[-1.56345618304041,53.983975732886],[-1.56307496225746,53.9839743477477],[-1.56307261520024,53.9841990335304],[-1.56307026811086,53.9844237193044],[-1.56268904325152,53.9844223329177],[-1.56230781842431,53.9844209453218],[-1.56192659362924,53.9844195565166],[-1.56192424034485,53.9846442422232],[-1.5623054671942,53.9846456310481],[-1.5626866940757,53.9846470186636],[-1.56268434486768,53.9848717044009],[-1.56268199562747,53.9850963901296],[-1.56230076463732,53.9850950024748],[-1.56191953367932,53.9850936136108],[-1.56191718029819,53.9853182992916],[-1.561535947318,53.9853169091987],[-1.56115471437002,53.9853155178964],[-1.56077348145428,53.9853141253849],[-1.5603922485708,53.9853127316642],[-1.56039461016939,53.9850880460619],[-1.56001337937257,53.9850866511515],[-1.56001101571961,53.9853113367341],[-1.55962978290074,53.9853099405948],[-1.559627417161,53.9855346261491],[-1.55924618232009,53.9855332287808],[-1.55924381449351,53.9857579143068],[-1.55924144663449,53.9859825998243],[-1.55886020771709,53.9859812012073],[-1.55885783777115,53.9862058866964],[-1.55847659683168,53.9862044868504],[-1.55847422479877,53.9864291723112],[-1.55809298183723,53.9864277712362],[-1.55809060771728,53.9866524566687],[-1.55770936273368,53.9866510543646],[-1.55770698652665,53.9868757397688],[-1.55732573952098,53.9868743362356],[-1.5573233612268,53.9870990216115],[-1.55694211219908,53.9870976168492],[-1.55693973181769,53.9873223021967],[-1.55655848076791,53.9873208962053],[-1.55655609829927,53.9875455815244],[-1.55617484522742,53.9875441743039],[-1.55579359218818,53.987542765874],[-1.55579120557756,53.987767451145],[-1.55540995051629,53.9877660414859],[-1.55540756181828,53.9879907267285],[-1.55502630473498,53.9879893158402],[-1.55464504768437,53.9879879037426],[-1.55464265484419,53.988212588937],[-1.55426139577158,53.9882111756101],[-1.55388013673172,53.9882097610738],[-1.55387773974925,53.98843444622],[-1.55349647868742,53.9884330304545],[-1.55311521765839,53.9884316134795],[-1.55311281653354,53.9886562985774],[-1.55273155348257,53.9886548803732],[-1.55272915027002,53.9888795654426],[-1.55234788519711,53.9888781460091],[-1.5523454798968,53.98910283105],[-1.55234307456353,53.9893275160823],[-1.5523406691973,53.989552201106],[-1.55272194043477,53.9895536205992],[-1.5527195370905,53.9897783056342],[-1.55271713371329,53.9900029906605],[-1.55233585836596,53.9900015711277],[-1.55233345290085,53.9902262561256],[-1.55271473030314,53.9902276756783],[-1.5530960077383,53.9902290940216],[-1.55347728520629,53.9902305111553],[-1.5534796845065,53.9900058260978],[-1.55386095995233,53.9900072420022],[-1.55424223543094,53.9900086566972],[-1.55424463058838,53.9897839715914],[-1.55462590404481,53.989785385057],[-1.55500717753395,53.9897867973132],[-1.55538845105579,53.9897882083598],[-1.55538606206317,53.990012893525],[-1.55576733767262,53.990014303382],[-1.55576495070224,53.9902389885585],[-1.5561462283993,53.9902403972258],[-1.55652750612898,53.9902418046835],[-1.55690878389124,53.9902432109319],[-1.55691116469671,53.9900185256961],[-1.55729244043655,53.9900199307152],[-1.55767371620893,53.9900213345248],[-1.5580549920138,53.9900227371249],[-1.5580573666218,53.9897980518213],[-1.5584386404042,53.9897994531922],[-1.55844101292474,53.9895747678603],[-1.55882228468466,53.989576168002],[-1.55920355647699,53.9895775669342],[-1.55920592485523,53.9893528815543],[-1.55958719462506,53.9893542792574],[-1.55996846442725,53.989355675751],[-1.5599708286633,53.9891309903231],[-1.55997319286695,53.9889063048867],[-1.55997555703821,53.9886816194416],[-1.56035682070821,53.9886830146667],[-1.56035918279228,53.9884583291934],[-1.5607404444398,53.9884597231894],[-1.56074280443674,53.9882350376879],[-1.56112406406178,53.9882364304548],[-1.56112642197166,53.988011744925],[-1.5615076795742,53.9880131364629],[-1.56151003539707,53.9877884509048],[-1.56189129097713,53.9877898412137],[-1.56227254658938,53.9877912303132],[-1.56227019487592,53.9880159159105],[-1.56265145257503,53.9880173038202],[-1.56264910288407,53.9882419894286],[-1.56303036267004,53.9882433761485],[-1.56303271030627,53.9880186905205],[-1.56303505791032,53.987794004884],[-1.56265380223379,53.9877926182033],[-1.56265615186034,53.9875679325778],[-1.5630374054822,53.9875693192389],[-1.56303975302192,53.9873446335851],[-1.56342100462123,53.9873460190173],[-1.56342335007415,53.9871213333354],[-1.56380459965092,53.9871227175385],[-1.56418584925973,53.9871241005324],[-1.56456709890056,53.9871254823168],[-1.56494834857338,53.9871268628919],[-1.56494601133895,53.9873515486521],[-1.56494367407248,53.9875762344036],[-1.56494133677399,53.9878009201466],[-1.56456008093722,53.9877995395129],[-1.56455774155198,53.9880242252278],[-1.5641764836925,53.9880228433651],[-1.56379522586503,53.988021460293],[-1.56379288233827,53.9882461459601],[-1.56379053877939,53.9884708316186],[-1.56340927687448,53.9884694472979],[-1.56302801500164,53.9884680617678],[-1.56302566730107,53.9886927473786],[-1.56302331956832,53.9889174329807],[-1.56340458555076,53.98891881855],[-1.56340223984068,53.9891435041632],[-1.56339989409846,53.9893681897677],[-1.56378116422269,53.9893695741667],[-1.56377882050322,53.9895942597823],[-1.56339754832409,53.9895928753637],[-1.56339520251757,53.989817560951],[-1.56377647675163,53.9898189453892],[-1.56377413296792,53.9900436309876],[-1.56415540928899,53.9900450142358],[-1.56415306752814,53.9902696998452],[-1.56453434593622,53.9902710819035],[-1.56453200619829,53.9904957675238],[-1.56491328669338,53.9904971483922],[-1.56529456722045,53.9904985280511],[-1.56529223156054,53.9907232137019],[-1.56567351417458,53.9907245921708],[-1.56567118053773,53.9909492778325],[-1.56605246523877,53.9909506551114],[-1.56605013362503,53.9911753407841],[-1.56643142041305,53.991176716873],[-1.56681270723293,53.9911780917523],[-1.5668103796975,53.9914027774554],[-1.56719166860434,53.9914041511447],[-1.56718934309216,53.9916288368587],[-1.56757063408597,53.9916302093579],[-1.5675683105971,53.9918548950828],[-1.56794960367787,53.991856266392],[-1.56795192511155,53.9916315806476],[-1.56795424651341,53.9914068948946],[-1.56833553549112,53.9914082648994],[-1.56833785480588,53.9911835791177],[-1.56871914170888,53.9911849477755],[-1.56872145893774,53.9909602619672],[-1.56910274381829,53.9909616293974],[-1.56910505896131,53.9907369435624],[-1.56948634181942,53.9907383097649],[-1.56986762470915,53.9907396747579],[-1.57024890763047,53.9907410385414],[-1.57024659864974,53.9909657244305],[-1.57024428963738,53.9911904103111],[-1.56986300260783,53.9911890464915],[-1.56986069150967,53.9914137323455],[-1.56947940245757,53.9914123672983],[-1.56947708927357,53.9916370531256],[-1.56909579819891,53.9916356868508],[-1.5687145071559,53.9916343193664],[-1.56871218983179,53.991859005149],[-1.569093482929,53.9918603726515],[-1.56947477605787,53.9918617389444],[-1.56947246257978,53.992086423828],[-1.56909116739448,53.9920850575222],[-1.56908885180617,53.9923097422973],[-1.56870755459422,53.9923083747629],[-1.56870523691577,53.9925330595103],[-1.56832393767717,53.9925316907472],[-1.56832161790851,53.9927563754669],[-1.56831929810802,53.992981060178],[-1.56793799475076,53.9929796900556],[-1.56793567286453,53.9932043747417],[-1.56755436747435,53.9932030033531],[-1.56755204350446,53.9934276880165],[-1.56754971950277,53.9936523726713],[-1.56754739546927,53.9938770573176],[-1.56754507140396,53.9941017419554],[-1.56716375783788,53.9941003693003],[-1.56716143168879,53.9943250539154],[-1.5667801161025,53.9943236800364],[-1.56677778786956,53.9945483646288],[-1.56639647026306,53.9945469895259],[-1.56601515268839,53.9945456132132],[-1.56601282031951,53.9947702977686],[-1.56563150072466,53.9947689202319],[-1.5656291662718,53.9949936047645],[-1.56524784465677,53.9949922260039],[-1.56524550811987,53.9952169105138],[-1.56486418448467,53.9952155305291],[-1.56448286088141,53.9952141493346],[-1.56448052020829,53.9954388338075],[-1.56409919458488,53.995437451389],[-1.56409685182759,53.995662135839],[-1.56371552418404,53.9956607521965],[-1.56333419657251,53.9956593673441],[-1.56333184967881,53.995884051757],[-1.56295052004716,53.9958826656806],[-1.5625691904476,53.9958812783943],[-1.56256683941739,53.9961059627701],[-1.56218550779774,53.9961045742597],[-1.56218315468313,53.9963292586127],[-1.56180182104339,53.9963278688781],[-1.56142048743582,53.9963264779337],[-1.5614181301845,53.9965511622495],[-1.56103679455688,53.996549770081],[-1.56103443522102,53.9967744543739],[-1.56065309757334,53.9967730609811],[-1.56065073615288,53.9969977452511],[-1.56026939648515,53.9969963506342],[-1.5598880568497,53.9969949548074],[-1.55988569129226,53.9972196390401],[-1.55950434963678,53.997218241989],[-1.55912300801365,53.9972168437281],[-1.55912063831911,53.9974415279235],[-1.55873929467598,53.9974401284383],[-1.55873692289663,53.9976648126108],[-1.5583555772335,53.9976634119013],[-1.5579742316028,53.997662009982],[-1.55797660748692,53.9974373258383],[-1.55759526394106,53.9974359227235],[-1.55721392042766,53.9974345183988],[-1.55721154043877,53.9976592025135],[-1.5568301949055,53.9976577969645],[-1.55682781283163,53.9978824810563],[-1.55682543072515,53.9981071651395],[-1.55720678036327,53.9981085707174],[-1.55720440027665,53.9983332548066],[-1.55682304858607,53.9983318492142],[-1.55644169692802,53.9983304424119],[-1.55643931270384,53.9985551264636],[-1.55605795902586,53.9985537184369],[-1.55605557271652,53.9987784024656],[-1.55643692844703,53.9987798105068],[-1.55681828421009,53.998781217338],[-1.5568159019732,53.9990059013871],[-1.55719725982135,53.9990073070229],[-1.55719487960444,53.9992319910779],[-1.55757623953768,53.9992333955182],[-1.55757386134079,53.9994580795792],[-1.55795522335912,53.9994594828239],[-1.55795284718231,53.9996841668908],[-1.55795047097299,53.9999088509491],[-1.55833183712907,53.9999102530128],[-1.55871320331759,53.9999116538664],[-1.55871083118112,54.0001363379451],[-1.55909219945473,54.0001377376032],[-1.55908982939223,54.000362421652],[-1.55947119975028,54.0003638201121],[-1.55946883173303,54.000588504146],[-1.55985020417443,54.0005899014073],[-1.56023157664813,54.0005912974586],[-1.56023394056331,54.0003666134021],[-1.56061531101824,54.000368008232],[-1.5606176728726,54.0001433241356],[-1.56099904130779,54.0001447177437],[-1.56138040977521,54.0001461101418],[-1.56138276754281,53.9999214259625],[-1.56176413398974,53.9999228171363],[-1.56214550046884,53.9999242071001],[-1.56214314680664,54.0001488913081],[-1.56252451537059,54.0001502800762],[-1.56290588396666,54.0001516676343],[-1.56328725259483,54.0001530539825],[-1.56366862125506,54.0001544391206],[-1.56367096670646,53.9999297548554],[-1.56367331212576,53.9997050705817],[-1.56405467671266,53.9997064544813],[-1.56443604133156,53.9997078371709],[-1.56481740598244,53.9997092186505],[-1.56481506672116,53.999933902967],[-1.56519643345666,53.9999352832509],[-1.56519409621607,54.0001599675732],[-1.5655754650362,54.0001613466613],[-1.56557312985595,54.0003860309071],[-1.56519175898408,54.0003846518078],[-1.56518942173241,54.0006093360099],[-1.56518708444877,54.0008340202036],[-1.56556845942274,54.0008353993252],[-1.56557079465532,54.0006107151204],[-1.5659521676101,54.0006120930208],[-1.56633354059673,54.0006134697112],[-1.56633587169527,54.0003887854756],[-1.56671724266268,54.0003901609449],[-1.56671957168787,54.0001654766657],[-1.56710094063543,54.0001668509139],[-1.56748230961477,54.000168223952],[-1.56786367862587,54.0001695957802],[-1.56786135575555,54.0003942800922],[-1.56824272686243,54.0003956507216],[-1.56862409815679,54.0003970201468],[-1.56900546948282,54.000398388362],[-1.5693868408405,54.000399755367],[-1.56938915549744,54.0001750710089],[-1.56939147013884,53.9999503865152],[-1.56901010289461,53.9999490195409],[-1.56900778619388,54.0001737040154],[-1.56862641692205,54.000172335812],[-1.56824504768197,54.0001709663987],[-1.56824736850136,53.9999462819624],[-1.56824968928891,53.9997215975176],[-1.56863105441035,53.9997229668926],[-1.56863337310678,53.99949828242],[-1.5690147362007,53.9994996505661],[-1.56939609932635,53.9995010175022],[-1.56939841387246,53.9992763329828],[-1.56977977497056,53.9992776986899],[-1.57016113610032,53.9992790631871],[-1.57015882567271,53.9995037477447],[-1.57015651521339,53.9997284322937],[-1.57053788049332,53.9997297956192],[-1.57091924580486,53.9997311577347],[-1.57130061114799,53.9997325186403],[-1.57168197652268,53.999733878336],[-1.57167967426887,53.9999585629526],[-1.57167737198346,54.0001832475607],[-1.57205874150832,54.0001846060845],[-1.57244011106467,54.0001859633984],[-1.57243781283792,54.0004106478459],[-1.57281918447917,54.0004120039606],[-1.57281688827014,54.0006366883857],[-1.5731982619957,54.0006380433014],[-1.5735796357526,54.0006393970071],[-1.57358192785576,54.0004147125597],[-1.57396329959103,54.0004160650442],[-1.57434467135759,54.0004174163187],[-1.57472604315541,54.000418766383],[-1.57472375721106,54.0006434508637],[-1.57510513109304,54.0006447997291],[-1.57510284717036,54.0008694842124],[-1.57510056321641,54.0010941686871],[-1.57548194123555,54.0010955163646],[-1.57586331928587,54.001096862832],[-1.5758610394067,54.0013215473203],[-1.57624241954119,54.0013228925887],[-1.57624469736734,54.0010982080893],[-1.57662607547992,54.0010995521365],[-1.57662835122189,54.0008748676176],[-1.57700972731257,54.0008762104437],[-1.57739110343431,54.0008775520598],[-1.57738883179834,54.0011022366007],[-1.57777021000411,54.0011035770177],[-1.57815158824089,54.0011049162246],[-1.57814932067986,54.0013296007791],[-1.57853070100065,54.0013309387869],[-1.57891208135238,54.0013322755846],[-1.57890981786642,54.0015569601525],[-1.57929120030214,54.0015582957511],[-1.57967258276875,54.0015596301396],[-1.57967032335797,54.001784314721],[-1.58005170790853,54.0017856479103],[-1.58043309248994,54.0017869798895],[-1.58081447710216,54.0017883106586],[-1.58119586174516,54.0017896402176],[-1.58157724641892,54.0017909685664],[-1.58157499724277,54.0020156531939],[-1.58157274803583,54.0022403378129],[-1.5815704987981,54.0024650224234],[-1.58118910796491,54.0024636940418],[-1.58118685664317,54.0026883786329],[-1.58118460529061,54.0029130632156],[-1.58118235390722,54.0031377477897],[-1.5808009569451,54.0031364181653],[-1.5807987034776,54.00336110272],[-1.58079644997924,54.0035857872662],[-1.58041504894132,54.0035844564098],[-1.58041279335877,54.0038091409366],[-1.58041053774533,54.004033825455],[-1.58002913263153,54.0040324933664],[-1.58002687493381,54.0042571778654],[-1.58002461720517,54.0044818623558],[-1.5796432080154,54.0044805290352],[-1.5796409482024,54.0047052135062],[-1.57963868835846,54.0049298979687],[-1.57925727509264,54.0049285634159],[-1.57925953699006,54.0047038789643],[-1.57887812580861,54.0047025432123],[-1.5784967146581,54.00470120625],[-1.57811530353855,54.0046998680774],[-1.57773389244999,54.0046985286947],[-1.57773616253023,54.0044738442785],[-1.57735475352612,54.0044725036965],[-1.57697334455307,54.0044711619042],[-1.57659193561108,54.0044698189017],[-1.57659421182048,54.0042451345101],[-1.57659648799872,54.00402045011],[-1.57621508319464,54.0040191059194],[-1.57583367842168,54.0040177605185],[-1.57545227367987,54.0040164139075],[-1.57545455598702,54.003791729532],[-1.57507315332976,54.0037903817218],[-1.57507086896925,54.0040150660862],[-1.57468946428984,54.0040137170547],[-1.57430805964166,54.004012366813],[-1.57392665502475,54.0040110153611],[-1.57392436447281,54.0042356996837],[-1.57354295783381,54.0042343470105],[-1.57316155122613,54.0042329931271],[-1.5727801446498,54.0042316380334],[-1.57239873810485,54.0042302817295],[-1.57201733159131,54.0042289242155],[-1.5716359251092,54.0042275654911],[-1.57125451865855,54.0042262055566],[-1.57087311223939,54.0042248444119],[-1.57049170585175,54.0042234820569],[-1.57011029949566,54.0042221184917],[-1.56972889317114,54.0042207537164],[-1.56973120631028,54.0039960695164],[-1.56973351941774,54.0037713853079],[-1.56973583249354,54.0035467010909],[-1.56973814553767,54.0033220168655],[-1.56935674745809,54.0033206509247],[-1.56897534941014,54.0033192837738],[-1.56859395139385,54.0033179154127],[-1.56821255341029,54.0033165458414],[-1.56783115565009,54.0033151750686],[-1.5674497579216,54.0033138030855],[-1.56706836022486,54.0033124298923],[-1.56668696255989,54.0033110554889],[-1.56630556492672,54.0033096798753],[-1.56630323341358,54.0035343640005],[-1.56668463309815,54.0035357396252],[-1.56706603281453,54.0035371140397],[-1.56744743256268,54.003538487244],[-1.56782883234258,54.0035398592381],[-1.56821023215419,54.003541230022],[-1.56820791086633,54.0037659141941],[-1.56820558954672,54.0039905983578],[-1.56858699368657,54.0039919679626],[-1.56896839786282,54.0039933363574],[-1.56934980207073,54.003994703542],[-1.56934748687822,54.0042193877307],[-1.56934517165401,54.004444071911],[-1.5693428563981,54.0046687560828],[-1.56896144602998,54.0046673888645],[-1.56858003569351,54.004666020436],[-1.56858235505628,54.0044413362867],[-1.5685846743873,54.0042166521289],[-1.56820326819535,54.0042152825129],[-1.56820094681222,54.0044399666595],[-1.56819862539733,54.0046646507977],[-1.56781721532824,54.0046632799584],[-1.56743580529088,54.0046619079089],[-1.56743347974107,54.0048865920164],[-1.56705206768388,54.0048852187456],[-1.56667065565846,54.0048838442645],[-1.56666832597363,54.0051085283414],[-1.56666599625693,54.0053332124098],[-1.56704741238558,54.005334586913],[-1.56704974005065,54.0051099028336],[-1.56743115415945,54.0051112761155],[-1.5678125683,54.0051126481872],[-1.56781489183001,54.004887964077],[-1.56819630395067,54.0048893349274],[-1.56857771629898,54.0048907045769],[-1.56895912868891,54.0048920730166],[-1.56934054111049,54.0048934402461],[-1.56972195356371,54.0048948062653],[-1.57010336604854,54.0048961710743],[-1.57048477856493,54.0048975346731],[-1.5704824694061,54.0051222188615],[-1.57086388400753,54.0051235812612],[-1.57124529864049,54.0051249424506],[-1.57162671330494,54.0051263024298],[-1.57200812800086,54.0051276611987],[-1.57238954272821,54.0051290187574],[-1.57239184161958,54.0049043345131],[-1.57277325432485,54.0049056908504],[-1.57315466706149,54.0049070459774],[-1.57353607982949,54.0049083998942],[-1.57391749262881,54.0049097526007],[-1.57429890545942,54.004911104097],[-1.57468031832131,54.004912454383],[-1.57467803175091,54.0051371386939],[-1.57505944669753,54.0051384877808],[-1.57544086167536,54.0051398356574],[-1.57582227668438,54.0051411823237],[-1.57620369172456,54.0051425277798],[-1.57658510679586,54.0051438720256],[-1.57658283046179,54.0053685563832],[-1.57696424761772,54.0053698994298],[-1.57734566480473,54.0053712412661],[-1.57772708202278,54.0053725818922],[-1.57810849927185,54.0053739213079],[-1.57810623112083,54.0055986057011],[-1.57848765045445,54.0055999439176],[-1.57886906981903,54.0056012809238],[-1.57925048921455,54.0056026167197],[-1.57963190864097,54.0056039513054],[-1.57962964867324,54.005828635734],[-1.57924822719324,54.0058273011374],[-1.57924596514095,54.0060519855465],[-1.57924370305769,54.0062766699472],[-1.57962512864496,54.0062780045657],[-1.57962286858439,54.0065026889688],[-1.57962060849288,54.0067273733634],[-1.57961834837042,54.0069520577496],[-1.57923691662205,54.0069507230982],[-1.57923465441488,54.0071754074649],[-1.57923239217673,54.0074000918231],[-1.57923012990761,54.0076247761728],[-1.5788486920288,54.0076234402782],[-1.57884642767485,54.0078481246085],[-1.57846498777314,54.0078467874926],[-1.5780835479024,54.0078454491662],[-1.57808127940971,54.0080701334661],[-1.57807901088596,54.0082948177574],[-1.57769756693845,54.0082934781987],[-1.57769529632972,54.0085181624706],[-1.57769302582687,54.008742846734],[-1.5780744738799,54.0087441863146],[-1.57845592196389,54.0087455246849],[-1.57845365554864,54.0089702089618],[-1.5784513891024,54.0091948932302],[-1.57844912262516,54.00941957749],[-1.57844685611692,54.0096442617414],[-1.57806539983156,54.0096429233272],[-1.57806313124192,54.0098676075592],[-1.57768167293711,54.0098662679235],[-1.577679402266,54.010090952136],[-1.57729794194174,54.0100896112788],[-1.57691648164849,54.0100882692112],[-1.57691875642047,54.0098635850208],[-1.5765372982087,54.0098622417537],[-1.57653502138628,54.0100869259331],[-1.57615356115513,54.0100855814445],[-1.57615128225111,54.0103102656044],[-1.57614900331592,54.0105349497558],[-1.57576753901492,54.0105336040346],[-1.57576525799805,54.0107582881665],[-1.57538379167765,54.0107569412238],[-1.57538150857904,54.0109816253361],[-1.57500004023925,54.0109802771718],[-1.57461857193064,54.010978927797],[-1.57423710365324,54.0109775772117],[-1.57385563540708,54.0109762254159],[-1.57347416719219,54.0109748724095],[-1.57309269900859,54.0109735181927],[-1.57271123085632,54.0109721627653],[-1.57271352830874,54.0107474787307],[-1.57233206223836,54.0107461221039],[-1.57195059619935,54.0107447642667],[-1.57156913019175,54.0107434052189],[-1.5715714337643,54.0105187212092],[-1.57118996983865,54.0105173609621],[-1.57080850594445,54.0105159995045],[-1.57042704208174,54.0105146368364],[-1.57042935177424,54.0102899528517],[-1.57004788999354,54.0102885889844],[-1.56966642824437,54.0102872239065],[-1.56928496652678,54.0102858576181],[-1.56928728233906,54.0100611736586],[-1.56890582270352,54.010059806171],[-1.56890814053456,54.0098351222142],[-1.56928959811967,54.0098364896906],[-1.56929191386862,54.009611805714],[-1.5692942295859,54.009387121729],[-1.56929654527151,54.0091624377356],[-1.56891509383751,54.0091610702928],[-1.56853364243512,54.0091597016397],[-1.56815219109863,54.0091583317781],[-1.56815451290389,54.0089336478098],[-1.56815683467727,54.008708963833],[-1.56815915648444,54.0084842798477],[-1.56777771153473,54.0084829088202],[-1.56739626661674,54.0084815365824],[-1.56701482173052,54.0084801631341],[-1.56663337687608,54.0084787884755],[-1.56625193205346,54.0084774126064],[-1.56587048726267,54.008476035527],[-1.56548904250376,54.0084746572371],[-1.56510759777674,54.0084732777369],[-1.56510993614782,54.0082485938318],[-1.56472849350475,54.0082472131323],[-1.56434705089363,54.0082458312224],[-1.56396560831449,54.0082444481021],[-1.56358416576736,54.0082430637714],[-1.56320272325227,54.0082416782303],[-1.56282128076924,54.0082402914788],[-1.56282363142027,54.0080156076323],[-1.56282598203914,54.0077909237774],[-1.56282833262585,54.0075662399139],[-1.56320976895299,54.0075676266318],[-1.56321211745564,54.0073429427487],[-1.5628306831804,54.007341556042],[-1.56283303370279,54.0071168721615],[-1.56283538419303,54.0068921882726],[-1.56283773465111,54.0066675043752],[-1.56284008507703,54.0064428204693],[-1.56245865904122,54.0064414325971],[-1.56207723303753,54.0064400435146],[-1.56169580706599,54.0064386532217],[-1.56131438112661,54.0064372617185],[-1.56093295521944,54.0064358690051],[-1.56093059453455,54.0066605528548],[-1.56054916660782,54.0066591589198],[-1.56016773871333,54.0066577637744],[-1.55978631085113,54.0066563674187],[-1.55940488302125,54.0066549698527],[-1.55940725191329,54.0064302860481],[-1.55902582616753,54.006428887283],[-1.55864440045414,54.0064274873077],[-1.55826297477314,54.006426086122],[-1.55788154912457,54.0064246837261],[-1.55750012350845,54.0064232801198],[-1.55749774435747,54.0066479638679],[-1.55711631672204,54.0066465590399],[-1.55673488911912,54.0066451530017],[-1.55635346154873,54.0066437457531],[-1.55597203401091,54.0066423372942],[-1.55596964662014,54.0068670209884],[-1.5559672591967,54.007091704674],[-1.55558582758782,54.0070902949821],[-1.55520439601156,54.0070888840797],[-1.55482296446795,54.0070874719671],[-1.55444153295701,54.0070860586441],[-1.55443913729346,54.0073107422756],[-1.55405770376336,54.0073093277309],[-1.55406010147878,54.0070846441107],[-1.55367867003328,54.007083228367],[-1.553676270266,54.0073079119757],[-1.5532948368014,54.0073064950103],[-1.55329723862054,54.007081811413],[-1.55329964040683,54.0068571278073],[-1.55291821107872,54.0068557096544],[-1.55292061488396,54.0066310260516],[-1.55292301865631,54.0064063424403],[-1.55292542239579,54.0061816588205],[-1.55254399925582,54.0061802394917],[-1.55254640501414,54.0059555558749],[-1.55254881073954,54.0057308722496],[-1.55255121643204,54.0055061886158],[-1.55216979947999,54.0055047681111],[-1.55217220719122,54.0052800844803],[-1.5521746148695,54.005055400841],[-1.55217702251486,54.0048307171932],[-1.55179561175051,54.0048292955126],[-1.55141420095598,54.0048278726935],[-1.55141178920723,54.0050525563169],[-1.55103037628255,54.0050511323979],[-1.55102796245169,54.0052758159936],[-1.55102554858783,54.0055004995807],[-1.55102313469098,54.0057251831592],[-1.55102072076115,54.0059498667291],[-1.55101830679833,54.0061745502905],[-1.55139972996906,54.0061759743048],[-1.55139731802254,54.0064006578766],[-1.55139490604306,54.0066253414398],[-1.55177633325202,54.0066267643654],[-1.55177392329137,54.0068514479337],[-1.55215535252096,54.0068528697176],[-1.55215294457916,54.007077553289],[-1.55253437589346,54.007078973874],[-1.55253196997058,54.0073036574483],[-1.5525295640148,54.0075283410142],[-1.55291099946569,54.0075297604118],[-1.55329243494939,54.0075311785991],[-1.55367387046588,54.007532595576],[-1.55405530601514,54.0075340113425],[-1.55443674159713,54.0075354258987],[-1.55481817721182,54.0075368392446],[-1.55482057085626,54.0073121556101],[-1.55520200445174,54.0073135677341],[-1.55558343807986,54.0073149786478],[-1.55558104853921,54.0075396623051],[-1.55557865896587,54.0077643459539],[-1.55557626935984,54.0079890295943],[-1.55519482957595,54.0079876186463],[-1.55481338982471,54.0079862064881],[-1.55481099608203,54.0082108900971],[-1.55519243788525,54.0082123022668],[-1.55519004616183,54.0084369858787],[-1.55480860230661,54.0084355736976],[-1.55480620846996,54.0086602572832],[-1.55480381457365,54.0088849408541],[-1.55480142064448,54.0091096244166],[-1.55441997064457,54.00910821099],[-1.55403852067748,54.009106796353],[-1.55403612259405,54.0093314798834],[-1.55441757462184,54.0093328945322],[-1.55479902668245,54.0093343079705],[-1.55518047877585,54.0093357201985],[-1.55517808684169,54.0095604037557],[-1.5551756948747,54.0097850873044],[-1.55517330287487,54.0100097708447],[-1.5547918445992,54.0100083585815],[-1.55441038635632,54.0100069451078],[-1.55402892814626,54.0100055304237],[-1.55402652993117,54.0102302139201],[-1.55364506969314,54.0102287980137],[-1.55364746996905,54.0100041145291],[-1.55326601182472,54.010002697424],[-1.55326841412846,54.0097780139427],[-1.55327081639924,54.0095533304529],[-1.55288936240934,54.009551912161],[-1.55289176670787,54.0093272286745],[-1.5528941709734,54.0091025451795],[-1.55251272113786,54.0091011257008],[-1.55251512743106,54.0088764422092],[-1.55213367968915,54.0088750215319],[-1.55213127133529,54.0090997050117],[-1.55174982156569,54.0090982831122],[-1.55136837177591,54.0090968600332],[-1.55136595927179,54.0093215434791],[-1.55098450740609,54.0093201192073],[-1.5509820928184,54.0095448026284],[-1.55060063893505,54.0095433771299],[-1.55059822226373,54.0097680605261],[-1.55059580555938,54.0099927439137],[-1.55021434760775,54.0099913171722],[-1.54983288968912,54.0099898892203],[-1.54945143180351,54.009988460058],[-1.54944900891411,54.010213143388],[-1.5490675490109,54.0102117129989],[-1.54906512403768,54.0104363963041],[-1.5490626990313,54.0106610796006],[-1.54868123505976,54.0106596479684],[-1.54867880796948,54.01088433124],[-1.5482973419803,54.010882898381],[-1.54791587602426,54.0108814643115],[-1.54791830721604,54.0106567810727],[-1.54753684334391,54.0106553458092],[-1.54715537950499,54.0106539093352],[-1.54715294421172,54.0108785925413],[-1.54715050888515,54.0111032757388],[-1.54753197682559,54.0111047122456],[-1.54752954351653,54.0113293954509],[-1.54714807352528,54.0113279589277],[-1.54714563813212,54.0115526421081],[-1.54714320270567,54.01177732528],[-1.54752467679861,54.011778761836],[-1.54752224338974,54.0120034450157],[-1.54751980994761,54.0122281281868],[-1.5475173764722,54.0124528113494],[-1.54713589622651,54.0124513747441],[-1.54713346066686,54.0126760578818],[-1.54713102507392,54.0129007410108],[-1.54712858944767,54.0131254241313],[-1.54674710308221,54.0131239862663],[-1.54674466537161,54.0133486693618],[-1.54674222762768,54.0135733524488],[-1.54636073719335,54.0135719133404],[-1.54635829736498,54.0137965964024],[-1.54597680491282,54.013795156067],[-1.54597436299996,54.014019839104],[-1.5459719210537,54.0142445221324],[-1.54596947907406,54.0144692051522],[-1.54558798050173,54.0144677635569],[-1.54520648196275,54.014466320751],[-1.54482498345715,54.0144648767345],[-1.54444348498495,54.0144634315073],[-1.54406198654618,54.0144619850696],[-1.54405953427705,54.0146866679986],[-1.54367803382052,54.0146852203338],[-1.54367557946662,54.0149099032377],[-1.54329407699234,54.0149084543457],[-1.54291257455157,54.0149070042432],[-1.54291011606156,54.0151316871055],[-1.54252861160307,54.0151302357758],[-1.54214710717815,54.0151287832354],[-1.54176560278682,54.0151273294845],[-1.54138409842913,54.0151258745229],[-1.54138163170032,54.0153505573105],[-1.54100012532499,54.0153491011217],[-1.54061861898334,54.0153476437223],[-1.5402371126754,54.0153461851122],[-1.53985560640121,54.0153447252916],[-1.53947410016079,54.0153432642603],[-1.53909259395416,54.0153418020183],[-1.53909507299075,54.0151171193303],[-1.53909755199344,54.0148924366338],[-1.53910003096224,54.0146677539287],[-1.53910250989715,54.0144430712151],[-1.53872101192936,54.014441607829],[-1.53833951399541,54.0144401432324],[-1.53795801609534,54.0144386774251],[-1.5379605011499,54.0142139947528],[-1.53834199699879,54.0142154605434],[-1.53834447996822,54.0139907778459],[-1.53834696290371,54.0137660951399],[-1.53834944580525,54.0135414124252],[-1.53835192867285,54.0133167297021],[-1.5383544115065,54.0130920469703],[-1.5379729259131,54.013090581263],[-1.5375914403536,54.0130891143451],[-1.53720995482803,54.0130876462167],[-1.53682846933641,54.0130861768778],[-1.5368259782986,54.0133108595429],[-1.53644449078994,54.0133093889767],[-1.53606300331529,54.0133079172],[-1.53606050814129,54.0135325998232],[-1.53605801293318,54.0137572824377],[-1.53605551769095,54.0139819650437],[-1.53605302241462,54.0142066476412],[-1.53605052710416,54.0144313302301],[-1.5360480317596,54.0146560128104],[-1.53604553638091,54.0148806953822],[-1.53566403458227,54.014879222278],[-1.5352825328177,54.0148777479632],[-1.53528003330238,54.015102430493],[-1.53489852952065,54.0151009549508],[-1.53451702461204,54.0150994800185],[-1.53413551969848,54.0150980039369],[-1.5337540148191,54.0150965266448],[-1.53337250997393,54.0150950481421],[-1.53337000016429,54.0153197305762],[-1.53298849330312,54.0153182508422],[-1.5326069864762,54.0153167698977],[-1.53260447253176,54.0155414522818],[-1.53222296368887,54.0155399701059],[-1.5318414548803,54.0155384867194],[-1.53145994610607,54.0155370021223],[-1.53107843736621,54.0155355163146],[-1.53069692866075,54.0155340292964],[-1.53069945285646,54.0153093470161],[-1.53031794623568,54.0153078588081],[-1.52993643964935,54.0153063693895],[-1.5295549330975,54.0153048787603],[-1.52917342658016,54.0153033869206],[-1.52917595894226,54.0150787047149],[-1.52879445450968,54.0150772116854],[-1.52841295011166,54.0150757174454],[-1.52803144574824,54.0150742219948],[-1.52764994141943,54.0150727253336],[-1.52726843712528,54.0150712274619],[-1.5268869328658,54.0150697283796],[-1.52650542864102,54.0150682280868],[-1.52650288192739,54.0152929101464],[-1.52612137568713,54.0152914086221],[-1.52612392445098,54.0150667265834],[-1.52574242029569,54.0150652238694],[-1.5257449710749,54.014840541843],[-1.52536346900459,54.0148390379394],[-1.5249819669691,54.0148375328253],[-1.52498452181377,54.0146128508321],[-1.52460302186327,54.0146113445284],[-1.52460557872316,54.0143866625475],[-1.52422408085766,54.0143851550542],[-1.52422663973271,54.0141604730856],[-1.52422919857279,54.0139357911085],[-1.52384770484236,54.0139342824466],[-1.52385026569752,54.0137096004818],[-1.52346877405207,54.0137080906303],[-1.52347133692225,54.0134834086779],[-1.52308984736176,54.0134818976369],[-1.52308728244156,54.0137065795684],[-1.52270579086604,54.0137050672959],[-1.52270835783625,54.0134803853854],[-1.52271092477138,54.0132557034663],[-1.52232943733087,54.0132541900254],[-1.52233200628088,54.0130295081187],[-1.52233457519579,54.0128048262034],[-1.5219530918902,54.0128033115939],[-1.52157160861966,54.0128017957741],[-1.52157418159928,54.0125771138922],[-1.52119270041373,54.0125755968829],[-1.52119527540806,54.0123509150134],[-1.5211978503672,54.0121262331352],[-1.52081637331648,54.0121247149576],[-1.52081895029026,54.0119000330919],[-1.5204374753245,54.0118985137248],[-1.52044005431285,54.0116738318715],[-1.52044263326596,54.0114491500096],[-1.52044521218383,54.0112244681391],[-1.52006374340252,54.0112229476248],[-1.52006632433485,54.0109982657667],[-1.52006890523192,54.0107735839],[-1.52007148609373,54.0105489020247],[-1.52007406692027,54.0103242201407],[-1.5196926063728,54.0103226985003],[-1.51969518921367,54.0100980166288],[-1.51969777201925,54.0098733347487],[-1.51970035478954,54.0096486528599],[-1.51970293752454,54.0094239709625],[-1.51970552022425,54.0091992890565],[-1.51970810288867,54.0089746071419],[-1.51971068551781,54.0087499252186],[-1.51971326811148,54.0085252432954],[-1.51971585066799,54.0083005614534],[-1.51971843318916,54.0080758796027],[-1.52009987323332,54.0080774010321],[-1.52010245366567,54.0078527191519],[-1.5201050340627,54.0076280372631],[-1.52010761442442,54.0074033553657],[-1.52048904834347,54.0074048755222],[-1.52049162661648,54.0071801935953],[-1.52049420485421,54.0069555116597],[-1.5208756347017,54.0069570305643],[-1.52087821085081,54.0067323485992],[-1.52088078696466,54.0065076666256],[-1.52126221274068,54.0065091842782],[-1.52126478676599,54.0062845022751],[-1.52126736075608,54.0060598202633],[-1.52164878246071,54.0060613366641],[-1.52165135436234,54.0058366546228],[-1.52203277404887,54.0058381697926],[-1.5220353438621,54.0056134877219],[-1.52241676153051,54.0056150016607],[-1.52241932925541,54.0053903195605],[-1.52280074490571,54.0053918322683],[-1.52280331054232,54.0051671501387],[-1.52318472417451,54.0051686616156],[-1.52318728772289,54.0049439794566],[-1.52356869933697,54.0049454897025],[-1.52357126079717,54.0047208075141],[-1.52395267039314,54.0047223165292],[-1.52395011098604,54.0049469987384],[-1.52433152267006,54.0049485065641],[-1.524712934389,54.0049500131797],[-1.52509434614285,54.0049515185852],[-1.52509689939066,54.0047268363137],[-1.52509945260354,54.0045021540336],[-1.52510200578147,54.0042774717448],[-1.52472060018684,54.0042759664016],[-1.52471804495586,54.0045006486696],[-1.52433663734308,54.0044991420955],[-1.52433919462709,54.0042744598483],[-1.52395778910228,54.0042729520849],[-1.52395522976522,54.0044976343114],[-1.52357382222232,54.0044961253171],[-1.52319241471439,54.0044946151128],[-1.52318985123618,54.004719297289],[-1.5228084417102,54.0047177858537],[-1.52242703221926,54.0047162732084],[-1.52204562276338,54.0047147593529],[-1.5216642133426,54.0047132442874],[-1.52128280395694,54.0047117280117],[-1.52128537770048,54.0044870459396],[-1.52090397040303,54.0044855284747],[-1.52090654616438,54.0042608464149],[-1.52090912189049,54.0040361643464],[-1.52052771873426,54.0040346457132],[-1.52014631561323,54.0040331258699],[-1.52014373578111,54.0042578078966],[-1.51976233064231,54.0042562868223],[-1.51938092553877,54.004254764538],[-1.5193835094769,54.004030082553],[-1.51938609337966,54.0038054005595],[-1.51938867724708,54.0035807185573],[-1.51977007619169,54.0035822407789],[-1.52015147517156,54.0035837617905],[-1.52014889541005,54.0038084438345],[-1.5205302964781,54.0038099636569],[-1.52053287418666,54.0035852815921],[-1.52053545185995,54.0033605995186],[-1.52015405489777,54.0033590797379],[-1.51977265797083,54.0033575587472],[-1.51939126107913,54.0033560365465],[-1.51900986422272,54.0033545131357],[-1.51900727833775,54.0035791951256],[-1.51900469241739,54.0038038771069],[-1.51900210646165,54.0040285590795],[-1.51899952047052,54.0042532410436],[-1.518996934444,54.004477922999],[-1.5189943483821,54.0047026049458],[-1.51899176228481,54.004927286884],[-1.51898917615213,54.0051519688135],[-1.5186077629069,54.0051504440253],[-1.51822634969702,54.0051489180271],[-1.51784493583857,54.0051473920119],[-1.51746352200561,54.0051458648037],[-1.51708210820809,54.005144336385],[-1.51670069444605,54.0051428067557],[-1.51631928071952,54.0051412759161],[-1.51593786702851,54.0051397438659],[-1.51555645337306,54.0051382106053],[-1.51555905799707,54.0049135286754],[-1.51517764643155,54.0049119941994],[-1.51518025307421,54.0046873122563],[-1.51518285968119,54.004462630305],[-1.51518546625248,54.0042379483453],[-1.51556687165515,54.004239482836],[-1.51556947613654,54.004014800873],[-1.51595087952057,54.0040163341581],[-1.51633228294015,54.0040178662328],[-1.51633488327748,54.0037931842713],[-1.51671628467839,54.0037947151405],[-1.51671888292595,54.0035700331757],[-1.51672148113794,54.0033453512026],[-1.51634008384535,54.0033438203236],[-1.51634268407589,54.0031191383373],[-1.51634528427083,54.0028944563428],[-1.51634788443018,54.00266977434],[-1.51635048455393,54.0024450923289],[-1.51596909551316,54.0024435602198],[-1.51597169765533,54.0022188781956],[-1.51597429976187,54.0019941961631],[-1.51559291486463,54.0019926628338],[-1.51559031070411,54.0022173448713],[-1.51520892378847,54.0022158103366],[-1.5152063175383,54.0024404923707],[-1.51482492860426,54.0024389566306],[-1.51482232026438,54.0026636386612],[-1.51444092931196,54.0026621017156],[-1.51405953839519,54.0026605635597],[-1.51367814751412,54.0026590241934],[-1.51329675666876,54.0026574836167],[-1.51329414007695,54.0028821656585],[-1.51291274721329,54.0028806238763],[-1.51291012853158,54.0031053059147],[-1.51252873364961,54.0031037629269],[-1.51253135438541,54.0028790808837],[-1.51253397508533,54.0026543988323],[-1.5121525843473,54.0026528546245],[-1.51215520706538,54.00242817256],[-1.51177381841721,54.0024266271371],[-1.51177119364511,54.0026513092064],[-1.51138980297877,54.0026497625779],[-1.51138717611669,54.0028744446438],[-1.5110057834322,54.0028728968097],[-1.51100841234833,54.0026482147391],[-1.51101104122847,54.0024235326602],[-1.51062965268797,54.0024219836062],[-1.51063228358612,54.0021973015143],[-1.51025089713555,54.0021957512452],[-1.5102482641834,54.0024204333419],[-1.51024563119521,54.0026451154303],[-1.51024299817098,54.0028697975105],[-1.5102403651107,54.0030944795824],[-1.50985897047996,54.003092928122],[-1.50947757588522,54.0030913754512],[-1.50947493868069,54.0033160575243],[-1.50909354206787,54.0033145036479],[-1.50871214549111,54.003312948561],[-1.50870950414222,54.0035376306354],[-1.50832810554741,54.0035360743429],[-1.50794670698872,54.0035345168399],[-1.50756530846617,54.0035329581266],[-1.50756795597745,54.0033082760382],[-1.5071865595452,54.0033067161098],[-1.50718920907435,54.0030820340084],[-1.5068078147324,54.003080472865],[-1.50681046627935,54.0028557907507],[-1.50681311779,54.0026311086281],[-1.50643172759239,54.0026295462649],[-1.50642907402769,54.0028542283922],[-1.50604768181229,54.0028526648233],[-1.50566628963316,54.002851100044],[-1.50566894730595,54.0026264179075],[-1.50528755721717,54.0026248519133],[-1.50529021690759,54.0024001697638],[-1.50490882890917,54.0023986025546],[-1.50490616716473,54.0026232847087],[-1.50490350538387,54.0028479668544],[-1.50528489749035,54.0028495340544],[-1.50528223772711,54.0030742161873],[-1.505663631924,54.0030757821723],[-1.50566097417846,54.0033004642923],[-1.50604237046575,54.0033020290623],[-1.50603971473795,54.0035267111694],[-1.50603705897381,54.0037513932682],[-1.50641845940566,54.0037529568185],[-1.50641580565934,54.0039776389044],[-1.50679720818164,54.0039792012395],[-1.50679455645321,54.0042038833125],[-1.50717596106594,54.0042054444326],[-1.50717331135545,54.0044301264927],[-1.50755471805862,54.0044316863977],[-1.50793612479797,54.0044332450922],[-1.50793347915975,54.0046579271346],[-1.50755207036613,54.0046563684447],[-1.5075494226374,54.0048810504836],[-1.50716801182566,54.0048794905879],[-1.50678660105012,54.0048779294818],[-1.50678394917649,54.0051026115217],[-1.50678129726656,54.0053272935534],[-1.50677864532032,54.0055519755768],[-1.50716006225892,54.0055535366688],[-1.50715741233079,54.0057782186793],[-1.50715476236639,54.0060029006814],[-1.50715211236571,54.0062275826753],[-1.50714946232876,54.006452264661],[-1.50714681225553,54.0066769466383],[-1.50714416214602,54.0069016286074],[-1.50752559144769,54.0069031884609],[-1.50790702078554,54.0069047471039],[-1.50790966678595,54.0066800651441],[-1.50829109410541,54.0066816225812],[-1.50867252146098,54.0066831788078],[-1.50866987956967,54.0069078607581],[-1.5086672376422,54.0071325427001],[-1.50866459567855,54.0073572246339],[-1.50866195367874,54.0075819065594],[-1.5082805181048,54.0075803503517],[-1.50789908256697,54.0075787929334],[-1.50751764706531,54.0075772343046],[-1.50751499886534,54.0078019162359],[-1.5071335613452,54.0078003564012],[-1.50713621159982,54.0075756744652],[-1.50675477617055,54.0075741134151],[-1.50637334077751,54.0075725511545],[-1.50599190542074,54.0075709876834],[-1.50561047010027,54.0075694230016],[-1.50522903481611,54.0075678571093],[-1.50484759956831,54.0075662900064],[-1.50446616435688,54.0075647216929],[-1.50408472918186,54.0075631521688],[-1.50370329404327,54.0075615814341],[-1.50332185894115,54.0075600094889],[-1.50294042387552,54.0075584363331],[-1.5025589888464,54.0075568619667],[-1.50217755385383,54.0075552863898],[-1.50218023078234,54.0073306043855],[-1.50179879788096,54.0073290275934],[-1.50180147682742,54.0071043455763],[-1.50180415573721,54.0068796635509],[-1.50180683461033,54.0066549815173],[-1.502188261348,54.0066565583231],[-1.50219093812994,54.0064318762857],[-1.50219361487524,54.0062071942401],[-1.5021962915839,54.0059825121863],[-1.50219896825592,54.0057578301241],[-1.5022016448913,54.0055331480537],[-1.50220432149004,54.005308465975],[-1.50258573593763,54.0053100415975],[-1.50296715042176,54.0053116160096],[-1.50296447793176,54.0055362980791],[-1.50334589450678,54.0055378712761],[-1.5033485649424,54.0053131892111],[-1.50335123534147,54.0050885071379],[-1.50335390570398,54.0048638250564],[-1.50335657602995,54.0046391429666],[-1.50297516767226,54.0046375697513],[-1.50297784001593,54.0044128876487],[-1.50298051232303,54.0041882055378],[-1.50298318459355,54.0039635234187],[-1.50298585682749,54.0037388412913],[-1.50260445672318,54.0037372668473],[-1.50222305665541,54.0037356911929],[-1.50222038031312,54.0039603733295],[-1.50260178243507,54.0039619489793],[-1.50259910811034,54.004186631103],[-1.50259643374902,54.0044113132184],[-1.50221502751863,54.0044097375777],[-1.50183362132481,54.0044081607266],[-1.50145221530003,54.0044065824771],[-1.50144953473081,54.0046312645864],[-1.50144685412431,54.0048559466871],[-1.50106544429614,54.0048543666877],[-1.50106276155536,54.0050790487606],[-1.50106007877725,54.005303730825],[-1.50067866479235,54.0053021495771],[-1.50029725084473,54.0053005671191],[-1.50029993781686,54.005075885093],[-1.5003026247516,54.0048512030584],[-1.50030531164896,54.0046265210152],[-1.50068671930564,54.0046281034157],[-1.5010681269996,54.0046296846061],[-1.50107080966574,54.004405002516],[-1.5006894040687,54.0044034213447],[-1.50030799850895,54.0044018389634],[-1.4999265929865,54.0044002553719],[-1.49954518750139,54.0043986705703],[-1.49916378205365,54.0043970845587],[-1.4991610889029,54.0046217665529],[-1.49915839571469,54.0048464485385],[-1.49877698611047,54.0048448612784],[-1.49839557654368,54.004843272808],[-1.49839827392579,54.0046185908608],[-1.49840097127038,54.004393908905],[-1.49801956593491,54.0043923192631],[-1.49802226533886,54.0041676373179],[-1.49764086213776,54.004166046485],[-1.49763816063692,54.004390728411],[-1.49763545909849,54.0046154103283],[-1.49725405174109,54.0046138182469],[-1.49725675537644,54.0043891363488],[-1.49725945897417,54.0041644544421],[-1.49687805584812,54.0041628611891],[-1.49649665275963,54.004161266726],[-1.49649394496812,54.0043859485941],[-1.49649123713895,54.0046106304536],[-1.49610982989425,54.0046090347419],[-1.49610711993047,54.0048337165735],[-1.49610440992899,54.0050583983966],[-1.49572299852801,54.0050568014361],[-1.49534158716468,54.0050552032655],[-1.4953443013601,54.004830521481],[-1.49534701551777,54.004605839688],[-1.49534972963769,54.0043811578863],[-1.49496832460287,54.0043795585636],[-1.49497104078192,54.0041548767726],[-1.4949737569232,54.0039301949731],[-1.49497647302671,54.0037055131649],[-1.49497918909244,54.0034808313481],[-1.49459779248269,54.0034792308925],[-1.49459507432017,54.00370391269],[-1.49421367565136,54.003702311005],[-1.49421639591069,54.0034776292269],[-1.49383499937645,54.0034760263512],[-1.49345360288,54.0034744222654],[-1.49345087842708,54.0036991040048],[-1.49306947987166,54.0036974986896],[-1.49306675328402,54.003922180401],[-1.49268535266963,54.0039205738564],[-1.49268262394723,54.0041452555398],[-1.49230122127386,54.0041436477657],[-1.49229849041663,54.0043683294212],[-1.49267989518688,54.0043699372147],[-1.49267716638858,54.0045946188809],[-1.49267443755233,54.0048193005386],[-1.49305584655431,54.0048209071607],[-1.49305311977708,54.0050455888291],[-1.49305039296193,54.0052702704889],[-1.492668979766,54.0052686638281],[-1.49228756660795,54.005267055957],[-1.49190615348781,54.0052654468759],[-1.49190888659395,54.0050407652742],[-1.49152747560875,54.0050391550024],[-1.49152474040562,54.0052638365846],[-1.4911433273614,54.0052622250832],[-1.49114059002323,54.0054869066374],[-1.49113785264698,54.005711588183],[-1.49113511523267,54.0059362697201],[-1.49075369593531,54.0059346569502],[-1.49075095638583,54.0061593384592],[-1.4903695350294,54.0061577244598],[-1.49037227667598,54.0059330429702],[-1.49037501828444,54.005708361472],[-1.48999360116024,54.0057067463013],[-1.48961218407413,54.0057051299205],[-1.48923076702614,54.0057035123294],[-1.48884935001629,54.0057018935282],[-1.48884660001953,54.0059265749486],[-1.48846518095078,54.0059249549177],[-1.48846793304461,54.0057002735169],[-1.48808651611114,54.0056986522954],[-1.48770509921589,54.0056970298637],[-1.48732368235891,54.005695406222],[-1.4873264407056,54.005470724871],[-1.48732919901394,54.0052460435114],[-1.48771061167687,54.0052476671142],[-1.48809202437806,54.0052492895069],[-1.48847343711747,54.0052509106894],[-1.48847618909651,54.0050262292627],[-1.48885759977714,54.0050278492156],[-1.48923901049594,54.0050294679584],[-1.4892417582428,54.0048047864841],[-1.48962316690278,54.0048064039973],[-1.4896259125145,54.004581722495],[-1.48962865808805,54.0043570409841],[-1.48963140362342,54.0041323594646],[-1.49001280603081,54.0041339757093],[-1.49039420847628,54.0041355907439],[-1.4907756109598,54.0041372045685],[-1.49115701348135,54.0041388171829],[-1.49115975059116,54.003914135577],[-1.4911624876629,54.0036894539625],[-1.49116522469659,54.0034647723395],[-1.49116796169222,54.0032400907078],[-1.49154935586453,54.0032417020345],[-1.49155209072537,54.0030170203748],[-1.49193348283892,54.0030186304721],[-1.49193621556502,54.0027939487843],[-1.49231760561979,54.0027955576522],[-1.49232033621121,54.0025708759365],[-1.49270172420721,54.0025724835749],[-1.49270445266401,54.0023478018312],[-1.49308583860123,54.0023494082402],[-1.49308856492346,54.0021247264686],[-1.49309129120778,54.0019000446883],[-1.49270990946378,54.001898438318],[-1.49232852775765,54.0018968307377],[-1.49233125819719,54.0016721489876],[-1.49194987862553,54.0016705402167],[-1.49195261112364,54.0014458584773],[-1.49157123368645,54.0014442485159],[-1.49157396824308,54.0012195667873],[-1.49119259294036,54.0012179556353],[-1.49081121767562,54.0012163432733],[-1.49081395638718,54.000991661575],[-1.49043258325694,54.0009900480225],[-1.49043532402688,54.000765366335],[-1.49005395303113,54.0007637515919],[-1.49005669585938,54.0005390699153],[-1.4904380647587,54.0005406846388],[-1.49081943369607,54.0005422981525],[-1.4908221722934,54.0003176164283],[-1.49082491156669,54.0000929349962],[-1.49082765141988,53.9998682538156],[-1.49044628875043,53.9998666403696],[-1.4904490306422,53.9996419592031],[-1.49045177249615,53.999417278028],[-1.49007041401717,53.9994156634178],[-1.48968905557597,53.9994140475978],[-1.48930769717258,53.999412430568],[-1.48930494908963,53.9996371116745],[-1.48892358864775,53.9996354934119],[-1.48854222824375,53.9996338739396],[-1.48816086787765,53.9996322532573],[-1.4881581135277,53.9998569342865],[-1.48777675112317,53.9998553123716],[-1.4873953887566,53.9998536892467],[-1.48701402642801,53.9998520649121],[-1.48663266413743,53.9998504393676],[-1.48663542679281,53.9996257584301],[-1.4866381894101,53.999401077484],[-1.48625683131026,53.9993994507756],[-1.48625959596574,53.9991747698437],[-1.48626236058311,53.9989500889032],[-1.48626512516235,53.998725407954],[-1.48588377332939,53.9987237801046],[-1.48588100667391,53.9989484610308],[-1.48549965280281,53.9989468319487],[-1.4854968840329,53.9991715128433],[-1.48549411522481,53.9993961937292],[-1.48511275723926,53.9993945633913],[-1.4847313995481,53.9993929320275],[-1.48473417249635,53.9991682511816],[-1.48473694540664,53.998943570327],[-1.48511829896983,53.9989452016568],[-1.4851210697778,53.9987205207765],[-1.48550242153453,53.9987221510455],[-1.48550519022808,53.9984974701336],[-1.48588653994673,53.9984990991698],[-1.48588930652591,53.9982744182262],[-1.48627065420647,53.9982760460297],[-1.48627341867134,53.9980513650545],[-1.4866547643138,53.9980529916253],[-1.48665752666442,53.9978283106185],[-1.48666028897695,53.9976036296031],[-1.48704163050521,53.9976052549182],[-1.48704439070357,53.9973805738712],[-1.48742573019376,53.9973821979536],[-1.48742848827801,53.997157516875],[-1.48780982573013,53.9971591397248],[-1.4881911632202,53.9971607613649],[-1.48819391711437,53.9969360802318],[-1.48857525256634,53.9969377006392],[-1.48857800434654,53.9967130194746],[-1.48819667097057,53.99671139909],[-1.48819942478879,53.9964867179396],[-1.4885807560888,53.9964883383013],[-1.4885835077931,53.9962636571193],[-1.48896483705506,53.9962652762484],[-1.48934616635488,53.9962668941678],[-1.48934891386942,53.9960422129314],[-1.48935166134607,53.9958175316864],[-1.48973298653193,53.9958191483504],[-1.49011431175559,53.9958207638047],[-1.49011705504264,53.9955960825052],[-1.49011979829186,53.9953714011972],[-1.49012254150325,53.9951467198805],[-1.49012528467681,53.9949220385551],[-1.49012802781255,53.9946973572211],[-1.49013077091045,53.9944726758784],[-1.48974945814151,53.9944710605612],[-1.48936814541036,53.9944694440344],[-1.48898683271704,53.994467826298],[-1.488984083392,53.9946925075721],[-1.48860276866082,53.9946908886033],[-1.48860552006158,53.9944662073521],[-1.4886082714244,53.9942415260922],[-1.48861102274929,53.9940168448237],[-1.4889923312534,53.9940184637239],[-1.48899508046472,53.9937937824238],[-1.48937638693106,53.9937954000916],[-1.48975769343523,53.9937970165498],[-1.48976043845743,53.9935723351953],[-1.4901417429238,53.993573950421],[-1.49014448583257,53.9933492690351],[-1.49014722870352,53.9931245876404],[-1.49014997153664,53.9928999062372],[-1.49015271433195,53.9926752248252],[-1.49015545708943,53.9924505434046],[-1.49015819980909,53.9922258619754],[-1.49016094249093,53.9920011805374],[-1.4901636861915,53.9917764991321],[-1.49016643106712,53.9915518177655],[-1.49016917590504,53.9913271363904],[-1.49017192070525,53.9911024550067],[-1.49017466546776,53.9908777736145],[-1.49017741019257,53.9906530922137],[-1.49018015487967,53.9904284108044],[-1.49018289952907,53.9902037293865],[-1.49018564414078,53.9899790479602],[-1.49018838871478,53.9897543665252],[-1.49019113325108,53.9895296850818],[-1.49019387774968,53.9893050036298],[-1.49019662221058,53.9890803221692],[-1.49019936663379,53.9888556407001],[-1.4902021110193,53.9886309592225],[-1.49020485536712,53.9884062777363],[-1.49020759967724,53.9881815962416],[-1.49021034394966,53.9879569147384],[-1.49059159669344,53.9879585283234],[-1.49059433886114,53.9877338467968],[-1.49021308818439,53.9877322332266],[-1.49021583238143,53.9875075517062],[-1.49059708099118,53.9875091652617],[-1.49097832963855,53.9875107776077],[-1.49135957832352,53.9875123887444],[-1.49174082704605,53.9875139986716],[-1.49173809111701,53.987738680251],[-1.49211934194408,53.9877402889836],[-1.49250059280866,53.9877418965067],[-1.4924978609761,53.9879665781071],[-1.49287911394519,53.9879681844355],[-1.49287638414217,53.9881928660421],[-1.49287365430164,53.9884175476401],[-1.49287092442362,53.9886422292296],[-1.4928681945081,53.9888669108106],[-1.49324945578305,53.9888685159884],[-1.49324672789721,53.9890931975756],[-1.49362799127675,53.9890948015587],[-1.49362526542064,53.989319483152],[-1.49362253952707,53.9895441647368],[-1.49400380707845,53.9895457675398],[-1.4940010832147,53.9897704491307],[-1.49438235287071,53.9897720507389],[-1.49476362256407,53.9897736511376],[-1.49476090279747,53.9899983327494],[-1.49514217459544,53.9899999319532],[-1.49514489229475,53.9897752503268],[-1.49514760995672,53.9895505686918],[-1.49515032758136,53.9893258870483],[-1.49515304516867,53.9891012053962],[-1.49515576271865,53.9888765237356],[-1.49515848023129,53.9886518420665],[-1.4951611977066,53.9884271603888],[-1.49554245507142,53.9884287582805],[-1.49554517044232,53.9882040765796],[-1.4959264257773,53.9882056732472],[-1.4959237124735,53.9884303549627],[-1.49630496991281,53.9884319504355],[-1.49668622738932,53.9884335446988],[-1.49668351818249,53.9886582264351],[-1.49706477776329,53.9886598195035],[-1.49744603738124,53.9886614113625],[-1.4974433322715,53.9888860931195],[-1.49782459399372,53.9888876837836],[-1.49820585575302,53.9888892732383],[-1.49858711754939,53.9888908614834],[-1.49858981645767,53.9886661796827],[-1.49897107622392,53.9886677667038],[-1.498973773028,53.98844308488],[-1.49897646979503,53.9882184030476],[-1.49859521416301,53.9882168160556],[-1.49859791296006,53.9879921342293],[-1.49897916652501,53.9879937212067],[-1.49898186321795,53.9877690393572],[-1.49860061172004,53.9877674523944],[-1.49860331044294,53.987542770551],[-1.49860600912877,53.987318088699],[-1.49860870777752,53.9870934068385],[-1.4982274625176,53.98709181871],[-1.4982301631962,53.9868671368556],[-1.49784892004027,53.9868655475322],[-1.49785162274867,53.9866408656839],[-1.49747038169672,53.9866392751657],[-1.49708914068187,53.9866376834382],[-1.49670789970416,53.9866360905014],[-1.49632665876362,53.9866344963551],[-1.49632936970239,53.9864098145566],[-1.49633208060391,53.9861851327496],[-1.49633479146819,53.9859604509341],[-1.49633750229524,53.98573576911],[-1.49634021308505,53.9855110872774],[-1.49672144369152,53.9855126813505],[-1.49710267433516,53.9855142742142],[-1.49710538095427,53.9852895923438],[-1.49710808753621,53.9850649104649],[-1.49748931408355,53.9850665020901],[-1.49749201856163,53.984841820188],[-1.4978732430794,53.9848434105893],[-1.49787594545368,53.9846187286641],[-1.49787864779084,53.9843940467303],[-1.49825986821242,53.9843956358931],[-1.49826256844587,53.9841709539362],[-1.49864378683791,53.9841725418752],[-1.4986464849677,53.9839478598952],[-1.49826526864223,53.9839462719708],[-1.49826796880149,53.9837215899968],[-1.49864918306043,53.9837231779066],[-1.49903039735638,53.9837247646072],[-1.49903309377965,53.9835000825906],[-1.49941430603458,53.9835016680678],[-1.49941700194303,53.9832769860116],[-1.49941969781466,53.9830523039468],[-1.49980090599975,53.983053888188],[-1.49980359978129,53.9828292061014],[-1.50018480594986,53.9828307891201],[-1.50018749764136,53.9826061070116],[-1.50019018929611,53.9823814248946],[-1.50057139139494,53.9823830066773],[-1.50056870179342,53.9826076888076],[-1.50094990598217,53.9826092693945],[-1.50133111020759,53.982610848772],[-1.50133379570268,53.9823861666151],[-1.50133648116109,53.9821614844496],[-1.50095528104208,53.9821599050987],[-1.50095796851698,53.981935222938],[-1.50096065595518,53.9817105407688],[-1.50134185196789,53.9817121200931],[-1.50134453731628,53.9814874379021],[-1.50172573148631,53.9814890159942],[-1.50172841474546,53.9812643337805],[-1.50134722262799,53.9812627557026],[-1.50096603072147,53.9812611764048],[-1.50096871804956,53.9810364942101],[-1.50134990790304,53.9810380734945],[-1.50135259314141,53.9808133912779],[-1.50173378115361,53.9808149693273],[-1.50173646430262,53.9805902870879],[-1.50173914741491,53.9803656048399],[-1.50212033154651,53.9803671816359],[-1.50250151571475,53.9803687572228],[-1.50250419467465,53.9801440749363],[-1.50288537682167,53.9801456492992],[-1.50326655900528,53.9801472224529],[-1.50364774122545,53.9801487943976],[-1.50402892348217,53.9801503651331],[-1.50403159417413,53.9799256827783],[-1.50441277440953,53.9799272522898],[-1.50441544300716,53.9797025699114],[-1.50403426482955,53.9797010004148],[-1.50365308668845,53.9796994297092],[-1.50327190858389,53.9796978577944],[-1.50289073051588,53.9796962846706],[-1.50288805368709,53.9799209669892],[-1.50250687359789,53.9799193926413],[-1.50250955248447,53.9796947103377],[-1.5025122313344,53.9794700280256],[-1.50213105539737,53.9794684524987],[-1.50212837448968,53.9796931347958],[-1.50174719653153,53.9796915580448],[-1.50174987949698,53.9794668757626],[-1.50175256242572,53.9792421934719],[-1.50213373626838,53.979243770193],[-1.50213641710271,53.9790190878788],[-1.50251758892431,53.9790206633757],[-1.50289876078252,53.9790222376637],[-1.50290143746482,53.978797555311],[-1.50328260730194,53.9787991283749],[-1.50328528188996,53.9785744459987],[-1.50366644970599,53.9785760178386],[-1.50366377717562,53.9788007002298],[-1.50404494708583,53.9788022708757],[-1.50404227657657,53.9790269532733],[-1.50442344858097,53.9790285227251],[-1.50480462062184,53.9790300909678],[-1.50518579269916,53.9790316580015],[-1.50518845703538,53.9788069755591],[-1.50519112133514,53.9785822931082],[-1.50519378559845,53.9783576106488],[-1.50557495153923,53.9783591764287],[-1.50557761370848,53.9781344939458],[-1.50595877762805,53.9781360585018],[-1.50633994158398,53.9781376218488],[-1.50672110557625,53.9781391839868],[-1.50671844957979,53.9783638665144],[-1.50709961566596,53.9783654274583],[-1.50709696169079,53.9785901099922],[-1.50709430767931,53.9788147925176],[-1.50709165363151,53.9790394750344],[-1.50671048137237,53.9790379140459],[-1.50671313747785,53.9788132315439],[-1.5063319673127,53.9788116693613],[-1.50595079718389,53.9788101059696],[-1.50594813696304,53.9790347884418],[-1.50594547670579,53.9792594709054],[-1.50594281641214,53.9794841533606],[-1.50594015608208,53.9797088358071],[-1.5063213344418,53.9797103992583],[-1.50631867613314,53.9799350817112],[-1.50593749571563,53.9799335182451],[-1.50555631533448,53.9799319535699],[-1.5055536528738,53.9801566359845],[-1.50593483531277,53.9801582006746],[-1.50593217487351,53.9803828830955],[-1.50592951439785,53.9806075655079],[-1.50554832784315,53.980606000788],[-1.50554566527318,53.980830683177],[-1.50516447669697,53.980829117233],[-1.50478328815719,53.98082755008],[-1.50440209965386,53.9808259817178],[-1.50439943087365,53.9810506640535],[-1.50401824034887,53.9810490944673],[-1.5036370498606,53.9810475236719],[-1.50325585940887,53.9810459516674],[-1.50325318441827,53.9812706339497],[-1.50325050939106,53.9814953162234],[-1.50363170395874,53.9814968882578],[-1.50363437692796,53.9812722059691],[-1.50401556947419,53.9812737767794],[-1.50401289856296,53.981498459083],[-1.50439409320369,53.9815000286991],[-1.50439142431392,53.9817247110092],[-1.50401022761518,53.9817231413781],[-1.50400755663085,53.9819478236647],[-1.50400488560998,53.9821725059426],[-1.50438608642484,53.9821740756036],[-1.50438341742552,53.982398757888],[-1.50476462033496,53.9824003263546],[-1.50476195335725,53.9826250086454],[-1.50438074838967,53.9826234401638],[-1.50437807931731,53.9828481224311],[-1.50399687232806,53.9828465527254],[-1.50399420116099,53.9830712349692],[-1.50399152995736,53.9832959172045],[-1.504372741063,53.9832974869401],[-1.50475395220513,53.9832990554665],[-1.50475661929233,53.9830743732013],[-1.50513782841271,53.9830759405036],[-1.50514049340523,53.982851258215],[-1.50552170050386,53.9828528242931],[-1.50551903756952,53.9830775065966],[-1.50551637459875,53.9833021888916],[-1.50589758585018,53.9833037537903],[-1.50590024676274,53.9830790714804],[-1.50590290763888,53.982854389162],[-1.50590556847862,53.982629706835],[-1.50552436340175,53.982628141981],[-1.50514315836128,53.9826265759178],[-1.50514582328087,53.9824018936121],[-1.50552702626321,53.9824034596604],[-1.50552968908822,53.9821787773312],[-1.50514848816399,53.9821772112979],[-1.50515115301065,53.9819525289751],[-1.5055323518768,53.9819540949936],[-1.50591355077936,53.9819556598029],[-1.50591089004886,53.9821803421555],[-1.50590822928194,53.9824050244995],[-1.50628943233706,53.9824065881294],[-1.50628677359186,53.9826312704798],[-1.50666797874145,53.9826328329154],[-1.50704918392736,53.9826343941418],[-1.50743038914956,53.982635954159],[-1.50743304172036,53.982411271764],[-1.50781424492068,53.9824128305571],[-1.50819544815725,53.9824143881411],[-1.50819809657553,53.9821897057078],[-1.50857929779019,53.9821912620677],[-1.50858194411415,53.9819665796111],[-1.50896314330691,53.981968134747],[-1.50934434253582,53.9819696886738],[-1.50972554180084,53.9819712413913],[-1.50972818191444,53.9817465588817],[-1.50934698470746,53.981745006179],[-1.50934962684295,53.9815203236756],[-1.50935226894229,53.9812956411638],[-1.50935491100547,53.9810709586434],[-1.50973610203845,53.9810725113017],[-1.51011729310752,53.981074062751],[-1.51011465516028,53.9812987453009],[-1.51049584832338,53.9813002955558],[-1.51049321239804,53.981524978112],[-1.51087440765518,53.9815265271726],[-1.51087177375179,53.981751209735],[-1.51125297110296,53.9817527576011],[-1.51125033922159,53.9819774401698],[-1.5116315386668,53.9819789868415],[-1.51201273814796,53.981980532304],[-1.51201011034675,53.9822052148936],[-1.51239131192192,53.9822067591617],[-1.51277251353299,53.9822083022206],[-1.51276988981204,53.9824329848311],[-1.51315109351709,53.9824345266955],[-1.51314847181838,53.9826592093123],[-1.51276726605518,53.9826576674332],[-1.51276464226242,53.9828823500266],[-1.51238343447693,53.9828808069236],[-1.51238080859006,53.9831054894938],[-1.51199959878227,53.9831039451668],[-1.5116183890104,53.9831023996306],[-1.51161575897114,53.9833270821628],[-1.51123454717701,53.9833255354026],[-1.51123717927448,53.9831008528852],[-1.51085596957455,53.9830993049305],[-1.51085860369421,53.9828746224193],[-1.51047739608849,53.9828730732701],[-1.51048003223026,53.9826483907651],[-1.51009882671875,53.9826468404216],[-1.5100961885188,53.9828715229118],[-1.50971498098519,53.9828699713443],[-1.50933377348767,53.9828684185675],[-1.50895256602627,53.9828668645815],[-1.50894992161564,53.9830915470188],[-1.5085687121322,53.9830899918088],[-1.50818750268494,53.9830884353895],[-1.50780629327389,53.9830868777611],[-1.50780364265242,53.9833115601453],[-1.50818485412169,53.9833131177886],[-1.50856606562717,53.9833146742227],[-1.50894727716883,53.9833162294475],[-1.50894463268583,53.9835409118677],[-1.50894199056659,53.9837655943003],[-1.50856077487201,53.9837640390439],[-1.50855813072098,53.9839887214519],[-1.50855548653346,53.9842134038514],[-1.50893670638456,53.9842149591413],[-1.50893934849381,53.9839902767251],[-1.50932056630306,53.983991830789],[-1.50931792627207,53.9842165132218],[-1.50969914619598,53.9842180660932],[-1.51008036615625,53.9842196177553],[-1.51007773024542,53.9844443002129],[-1.51045895232032,53.9844458506825],[-1.51045631845143,53.9846705331482],[-1.51045368454619,53.9848952156054],[-1.51045105060459,53.9851198980541],[-1.51083227895087,53.9851214473643],[-1.51082964705132,53.985346129821],[-1.51082701511544,53.9855708122691],[-1.51082438314323,53.9857954947087],[-1.51120561776111,53.9857970428596],[-1.51120298783107,53.9860217253072],[-1.51120035786473,53.9862464077463],[-1.51119772786207,53.9864710901769],[-1.51157896875179,53.9864726371683],[-1.51196020967773,53.9864741829504],[-1.51234145063986,53.9864757275231],[-1.51234407440685,53.9862510450427],[-1.51196283552327,53.9862495004866],[-1.51196546133256,53.9860248180142],[-1.5115842245637,53.9860232722654],[-1.51158685241525,53.9857985898011],[-1.5119680871056,53.9858001355333],[-1.5119707128424,53.9855754530438],[-1.51235194549049,53.9855769975501],[-1.51235456911259,53.9853523150354],[-1.5127357997184,53.9853538583158],[-1.51311703036035,53.9853554003869],[-1.5134982610384,53.9853569412486],[-1.51350087838904,53.9851322586756],[-1.51388210702477,53.9851337983115],[-1.51426333569654,53.9851353367381],[-1.51426594885427,53.9849106541234],[-1.51464717548368,53.9849121913241],[-1.51464978652697,53.9846875086843],[-1.51503101111401,53.9846890446592],[-1.51541223573702,53.9846905794248],[-1.51541484258759,53.9844658967434],[-1.5157960651682,53.9844674302832],[-1.51579866990448,53.9842427475767],[-1.51617989044269,53.9842442798908],[-1.51656111101678,53.9842458109956],[-1.51656371156053,53.9840211282474],[-1.51618249306472,53.9840195971591],[-1.51618509565083,53.9837949144189],[-1.516187698201,53.9835702316702],[-1.51580648389755,53.9835686994056],[-1.51580909107361,53.9833440167153],[-1.51542787888549,53.9833424832567],[-1.51543048834246,53.9831178005775],[-1.51504927824825,53.9831162659244],[-1.51466806818975,53.983114730062],[-1.51467068172741,53.9828900474036],[-1.51428947376284,53.9828885103466],[-1.51429208932291,53.9826638276944],[-1.51391088345227,53.9826622894429],[-1.51352967761742,53.9826607499822],[-1.51353229725798,53.9824360673508],[-1.5135349168627,53.9822113847108],[-1.51391611858129,53.9822129241421],[-1.51391873609207,53.9819882414789],[-1.51429993578835,53.9819897796863],[-1.51430255120525,53.9817650969999],[-1.51468374887923,53.9817666339835],[-1.5146863622023,53.9815419512739],[-1.51506755785397,53.9815434870336],[-1.51544875354134,53.9815450215842],[-1.51545136271264,53.9813203388367],[-1.51583255637767,53.9813218721636],[-1.51582994926439,53.9815465549257],[-1.51621114502307,53.981548087058],[-1.51659234081737,53.9815496179811],[-1.51658973778448,53.9817743007639],[-1.5169709356724,53.9817758304925],[-1.51696833466195,53.9820005132814],[-1.5173495346435,53.9820020418154],[-1.51734693565555,53.9822267246104],[-1.51772813773073,53.9822282519498],[-1.51772554076533,53.9824529347508],[-1.51810674493414,53.9824544608957],[-1.51810414999136,53.9826791437027],[-1.51848535596676,53.9826806688971],[-1.51848276306946,53.9829053517144],[-1.51886397104291,53.98290687583],[-1.51924517905217,53.9829083987366],[-1.51924259029342,53.9831330815936],[-1.51962380042568,53.9831346033152],[-1.51962638709722,53.982909920434],[-1.52000759517804,53.9829114409224],[-1.5200101797266,53.9826867580084],[-1.52039138575596,53.9826882772636],[-1.52039396818159,53.9824635943168],[-1.5207751721595,53.9824651123388],[-1.52077775246227,53.9822404293593],[-1.52078033272932,53.982015746371],[-1.52116153256867,53.9820172631357],[-1.52154273244366,53.9820187786913],[-1.52192393235426,53.9820202930379],[-1.52192135834851,53.9822449760984],[-1.5223025603818,53.9822464892599],[-1.52268376245066,53.9822480012124],[-1.5226863322822,53.9820233181038],[-1.52306753229948,53.9820248288232],[-1.52344873235226,53.9820263383335],[-1.52382993244051,53.9820278466348],[-1.52382736887028,53.9822525298156],[-1.52420857108108,53.9822540369318],[-1.5245897733273,53.982255542839],[-1.52459233272331,53.9820308596102],[-1.5245948920839,53.9818061763727],[-1.52497609019132,53.9818076810228],[-1.52497864742943,53.9815829977527],[-1.52498120463214,53.9813583144739],[-1.52498376179945,53.9811336311864],[-1.52536495368115,53.9811351345555],[-1.52536750872611,53.9809104512354],[-1.52537006373569,53.9806857679066],[-1.52498887602789,53.9806842645855],[-1.52499143308902,53.9804595812721],[-1.52499399011475,53.98023489795],[-1.5246128066161,53.9802333934679],[-1.52461024750349,53.980458076766],[-1.52460768835545,53.9806827600555],[-1.52422650071839,53.9806812543164],[-1.52384531311674,53.9806797473683],[-1.5238427497594,53.9809044306011],[-1.52346156010626,53.98090292242],[-1.52308037048858,53.9809014130299],[-1.52307780292184,53.9811260962059],[-1.5226966112527,53.9811245855827],[-1.52269404156342,53.981349268726],[-1.52231284784282,53.9813477568697],[-1.52231027603096,53.9815724399803],[-1.52192908025889,53.9815709268909],[-1.52154788452241,53.9815694125925],[-1.5215504605083,53.9813447295302],[-1.52155303645855,53.9811200464591],[-1.52117184493168,53.9811185309999],[-1.52117442293324,53.9808938479442],[-1.52079323352898,53.9808923313001],[-1.52079581358178,53.9806676482599],[-1.52041462630012,53.9806661304309],[-1.52041720840413,53.9804414474061],[-1.5204197904724,53.9802167643727],[-1.52042237250494,53.9799920813306],[-1.52004119151959,53.979990562365],[-1.52004377560321,53.9797658793384],[-1.52004635965108,53.9795411963031],[-1.51966518287506,53.9795396761767],[-1.51928400613479,53.9795381548414],[-1.51928659432042,53.9793134718457],[-1.51890541970269,53.9793119493256],[-1.51890800993923,53.9790872663454],[-1.51891060013992,53.9788625833566],[-1.51852942973143,53.9788610596759],[-1.51853202198296,53.9786363767025],[-1.51815085352842,53.9786348518691],[-1.51815344783206,53.9784101689083],[-1.5177722807052,53.978408643026],[-1.51777487703096,53.9781839600713],[-1.51739371199722,53.9781824329945],[-1.51739631034504,53.9779577500458],[-1.51777747332119,53.977959277108],[-1.51778006957589,53.9777345941362],[-1.51816123052997,53.9777361199748],[-1.5181638246916,53.9775114369799],[-1.51778266579506,53.9775099111559],[-1.51778526197871,53.977285228167],[-1.51778785812682,53.9770605451696],[-1.51816901290838,53.9770620709645],[-1.51817160696352,53.976837387944],[-1.51817420098316,53.9766127049149],[-1.51855535063262,53.976614229552],[-1.51893650017565,53.9766157529911],[-1.51893908998212,53.9763910699069],[-1.51894167975275,53.976166386814],[-1.51932282515883,53.976167908996],[-1.51932541280729,53.9759432258703],[-1.51970655616281,53.9759447468194],[-1.51970397060068,53.9761694299692],[-1.52008511607827,53.9761709497336],[-1.52008769955406,53.9759462665596],[-1.52046884298103,53.9759477850911],[-1.52047142433476,53.9757231018844],[-1.5208525657111,53.975724619183],[-1.5212337071231,53.9757261352728],[-1.52161484857071,53.9757276501539],[-1.52161227347591,53.9759523334329],[-1.52199341704543,53.9759538471293],[-1.52237456065052,53.9759553596168],[-1.52237198969276,53.9761800429354],[-1.52275313541973,53.9761815542382],[-1.52275056651275,53.9764062375721],[-1.52274799757022,53.9766309208974],[-1.52312914750548,53.9766324310395],[-1.52312658061382,53.9768571143802],[-1.52350773267099,53.9768586233375],[-1.52350516783026,53.9770833066935],[-1.52388632200934,53.9770848144661],[-1.52388888476361,53.976860131086],[-1.52427003689166,53.9768616376257],[-1.52465118905511,53.9768631429566],[-1.52465374760106,53.9766384595199],[-1.52503489771345,53.9766399636179],[-1.52503745413759,53.9764152801485],[-1.52504001052634,53.9761905966705],[-1.52504256687972,53.9759659131837],[-1.52504512319771,53.9757412296883],[-1.52466398143074,53.9757397256863],[-1.52466653979964,53.9755150422062],[-1.52466909813313,53.9752903587175],[-1.52428796057409,53.9752888535547],[-1.52429052152288,53.9750641701529],[-1.52429308270841,53.9748394867771],[-1.52391194933975,53.974837980443],[-1.52391451256249,53.9746132970759],[-1.52391707574994,53.9743886137002],[-1.52391963890213,53.9741639303159],[-1.52392220201903,53.973939246923],[-1.52392476510067,53.9737145635216],[-1.52392732814702,53.9734898801116],[-1.52392989115811,53.973265196693],[-1.52393245413392,53.9730405132659],[-1.52393501707446,53.9728158298302],[-1.52393757997972,53.9725911463859],[-1.52355646736953,53.9725896390164],[-1.5235590323117,53.9723649555808],[-1.52317792180894,53.9723634470199],[-1.52279681134147,53.9723619372503],[-1.52279938039262,53.9721372538409],[-1.52280194940841,53.9719125704229],[-1.52318305573162,53.9719140801578],[-1.52356416209013,53.971915588684],[-1.5235667269264,53.9716909052228],[-1.52356929172738,53.9714662217529],[-1.52357185649305,53.9712415382745],[-1.52319075635071,53.9712400298003],[-1.52318818951301,53.9714647132614],[-1.52280708733392,53.9714632035612],[-1.52242598519016,53.9714616926524],[-1.52242341417302,53.9716863760701],[-1.52204230999255,53.9716848639352],[-1.52204488308174,53.9714601805348],[-1.5216637810087,53.9714586672086],[-1.52128267897106,53.9714571526737],[-1.52090157696884,53.9714556369301],[-1.52052047500209,53.9714541199778],[-1.52052305634397,53.9712294366384],[-1.52052563765032,53.9710047532905],[-1.52014453986307,53.9710032351644],[-1.51976344211133,53.9710017158297],[-1.51976085666099,53.9712263991428],[-1.51937975687281,53.9712248785819],[-1.51938234439514,53.9710001952863],[-1.51900124671451,53.9709986735342],[-1.5190038362732,53.9707739902474],[-1.51900642579626,53.9705493069521],[-1.51900901528369,53.9703246236482],[-1.51862792385446,53.9703231007399],[-1.51863051537814,53.9700984174448],[-1.51901160473548,53.9700999403357],[-1.51939269412842,53.9701014620179],[-1.51939528147274,53.9698767786794],[-1.51939786878146,53.9696520953323],[-1.51977895406629,53.9696536157711],[-1.52016003938666,53.9696551350012],[-1.52015745622159,53.9698798183832],[-1.5205385436493,53.9698813364221],[-1.52091963111249,53.9698828532525],[-1.52091705205558,53.9701075366608],[-1.52129814162608,53.9701090522999],[-1.52130071861113,53.9698843688743],[-1.52130329556073,53.96965968544],[-1.52130587247486,53.9694350019972],[-1.52092478911984,53.9694334864103],[-1.52092736807028,53.9692088029763],[-1.52092994698524,53.9689841195338],[-1.52093252586472,53.9687594360826],[-1.52131360300451,53.9687609516174],[-1.52131617977681,53.9685362681403],[-1.52131875651366,53.9683115846546],[-1.52169982954553,53.968313098946],[-1.5217024041753,53.9680884154343],[-1.52170497876963,53.9678637319141],[-1.52208604769367,53.9678652449622],[-1.522088620181,53.967640561416],[-1.52246968706883,53.9676420732382],[-1.52285075399198,53.9676435838518],[-1.52323182095045,53.967645093257],[-1.52323438718775,53.9674204096502],[-1.52361545210994,53.9674219178295],[-1.52399651706739,53.9674234248003],[-1.52437758206005,53.9674249305626],[-1.52438014204747,53.9672002468951],[-1.52476120500381,53.9672017514316],[-1.52514226799531,53.9672032547596],[-1.52552333102195,53.9672047568791],[-1.52590439408369,53.9672062577901],[-1.52628545718051,53.9672077574926],[-1.52628290755071,53.9674324412465],[-1.52666397275411,53.9674339397578],[-1.52666142516077,53.9676586235204],[-1.52704249247075,53.9676601208404],[-1.52742355981572,53.9676616169519],[-1.52780462719566,53.9676631118549],[-1.52780716857433,53.9674384280406],[-1.52818823391766,53.9674399217178],[-1.52819077318983,53.9672152378777],[-1.52857183649653,53.9672167303292],[-1.52856929929589,53.9674414141866],[-1.528950364709,53.9674429054468],[-1.528947829545,53.9676675893128],[-1.52894529434611,53.9678922731702],[-1.52894275911232,53.968116957019],[-1.52932383077505,53.9681184471223],[-1.52932636393722,53.9678937632563],[-1.52970743356316,53.9678952521339],[-1.52970490247261,53.9681199360171],[-1.53008597420496,53.9681214237033],[-1.53008344515121,53.9683461075951],[-1.53046451898998,53.96834759409],[-1.53084559286349,53.9683490793763],[-1.53084811777395,53.9681243954502],[-1.53122918961054,53.9681258795108],[-1.53123171241462,53.967901195559],[-1.53161278221427,53.967902678394],[-1.53199385204858,53.9679041600204],[-1.53237492191752,53.9679056404383],[-1.53275599182106,53.9679071196476],[-1.53275347730344,53.968131803668],[-1.53313454931318,53.9681332816859],[-1.53351562135745,53.9681347584953],[-1.53351311094853,53.9683594425412],[-1.53389418509897,53.9683609181591],[-1.5342752592839,53.9683623925685],[-1.53427275298378,53.96858707664],[-1.53465382927485,53.9685885498579],[-1.53465132501193,53.9688132339379],[-1.53464882071454,53.9690379180093],[-1.53464631638268,53.9692626020722],[-1.5342652338764,53.9692611288031],[-1.53426272743828,53.9694858128403],[-1.53426022096565,53.969710496869],[-1.53464130761554,53.9697119701722],[-1.53502239388326,53.9697134424569],[-1.53501989153489,53.9699381265148],[-1.5350173891518,53.9701628105638],[-1.53501488673398,53.9703874946039],[-1.53463379420626,53.9703860222579],[-1.53463128966755,53.9706107062693],[-1.53501238428144,53.9706121786353],[-1.53539347822613,53.9706136501923],[-1.53539097783189,53.9708383342517],[-1.53577207390426,53.9708398046372],[-1.53576957556838,53.9710644887247],[-1.53615067376845,53.9710659579387],[-1.53614817749098,53.9712906420543],[-1.53652927781874,53.9712921100967],[-1.53691037818107,53.9712935769308],[-1.53690788605519,53.9715182611113],[-1.53728898854519,53.9715197267738],[-1.53728649847787,53.9717444109823],[-1.53766760309553,53.9717458754732],[-1.53804870774769,53.9717473387557],[-1.53805119362871,53.9715226544735],[-1.53843229622218,53.9715241165107],[-1.53843477997558,53.9712994321829],[-1.53881588051036,53.9713008929748],[-1.5388183621362,53.9710762086013],[-1.53919946061229,53.971077668148],[-1.53958055912276,53.9710791264863],[-1.53957808168311,53.9713038109334],[-1.53995918232102,53.9713052681001],[-1.5399567069401,53.9715299525752],[-1.54033780970545,53.9715314085702],[-1.54071891250509,53.9715328633568],[-1.54071644127611,53.9717575478966],[-1.54109754620316,53.9717590015115],[-1.54109507703306,53.9719836860793],[-1.54147618408753,53.9719851385225],[-1.54147371697636,53.9722098231182],[-1.54185482615824,53.9722112743897],[-1.5418572911762,53.9719865897573],[-1.54223839829905,53.9719880397836],[-1.54224086118961,53.9717633551056],[-1.54262196625342,53.9717648038867],[-1.54262442701663,53.9715401191632],[-1.54300553002141,53.9715415666991],[-1.54300798865734,53.9713168819301],[-1.54262688774568,53.9713154344308],[-1.54224578686815,53.9713139857232],[-1.54224824965613,53.9710893010187],[-1.54186715090584,53.9710878511394],[-1.54186961575271,53.9708631664628],[-1.54148851912966,53.9708617154118],[-1.54149098603535,53.9706370307631],[-1.54187208056536,53.9706384817774],[-1.54187454534379,53.9704137970833],[-1.54225563781496,53.9704152468524],[-1.54263673032027,53.9704166954132],[-1.54263426972787,53.9706413801809],[-1.54225317512954,53.9706399315833],[-1.54225071240993,53.9708646163054],[-1.5426318091013,53.9708660649397],[-1.54262934844057,53.9710907496897],[-1.54301044725913,53.9710921971522],[-1.54301290582678,53.9708675123655],[-1.54301536436031,53.97064282757],[-1.54339645902684,53.9706442737507],[-1.54339400258636,53.9708689585829],[-1.54377509937999,53.9708704035919],[-1.54415619620765,53.9708718473925],[-1.54415864846205,53.9706471624868],[-1.5441611006824,53.9704224775724],[-1.54378000804079,53.9704210338452],[-1.54378246232009,53.9701963489586],[-1.5434013718055,53.9701949040597],[-1.54302028132497,53.9701934579524],[-1.5430227397561,53.9699687731304],[-1.54264165140261,53.9699673258514],[-1.54264411189255,53.9697426410573],[-1.54264657234832,53.9695179562544],[-1.54302765651598,53.9695194034599],[-1.54303011484473,53.9692947186115],[-1.54303257313935,53.9690700337542],[-1.54265149315741,53.969068586622],[-1.54265395351072,53.9688439017926],[-1.54265641382987,53.9686192169544],[-1.54265887411488,53.9683945321073],[-1.54266133436572,53.9681698472515],[-1.54304240597658,53.9681712942368],[-1.54342347762152,53.9681727400138],[-1.5438045493005,53.9681741845825],[-1.54418562101352,53.9681756279429],[-1.54456669276052,53.968177070095],[-1.54456424297333,53.9684017551343],[-1.54456179315213,53.9686264401648],[-1.54494286911859,53.968627881182],[-1.545323945119,53.9686293209908],[-1.54532639075468,53.968404635887],[-1.54570746469623,53.9684060744508],[-1.54608853867167,53.9684075118064],[-1.54646961268096,53.9684089479537],[-1.54646717332357,53.9686336331674],[-1.54684824945944,53.9686350681429],[-1.54685068672407,53.9684103828926],[-1.54685312395486,53.9681856976335],[-1.54723419593903,53.9681871313275],[-1.54723663104327,53.967962446023],[-1.5468555611518,53.9679610123655],[-1.54685799831491,53.9677363270888],[-1.54647693054992,53.9677348922597],[-1.54647936977184,53.9675102070107],[-1.54648180895989,53.9672855217529],[-1.546100745414,53.9672840857887],[-1.54610318666077,53.9670594005587],[-1.54610562799308,53.96683471542],[-1.54610806972781,53.9666100306378],[-1.54648912702945,53.9666114665042],[-1.54649156666879,53.9663867816892],[-1.54687262194198,53.9663882163231],[-1.54725367724856,53.9663896497487],[-1.54763473258852,53.9663910819658],[-1.54801578796183,53.9663925129746],[-1.54801335657003,53.966617197886],[-1.54801092514487,53.9668418827887],[-1.54839198467529,53.9668433126373],[-1.54838955588731,53.9670679980002],[-1.5483871271961,53.9672926834498],[-1.54876819094449,53.9672941121644],[-1.54914925472653,53.9672955396707],[-1.54953031854219,53.9672969659688],[-1.54953274095561,53.9670722804096],[-1.54953516346617,53.9668475949325],[-1.54991622312957,53.9668490199475],[-1.54991864424516,53.9666243349245],[-1.54992106532752,53.9663996498929],[-1.5503021209003,53.9664010736514],[-1.55068317650622,53.9664024962015],[-1.55068559343165,53.9661778111132],[-1.55106664700883,53.9661792324309],[-1.5514477006191,53.9661806525403],[-1.55145011338769,53.9659559673953],[-1.55183116600045,53.9659573873825],[-1.55182875528951,53.9661820725495],[-1.55182634454541,53.9664067577077],[-1.55182393376815,53.9666314428572],[-1.55220499297575,53.9666328621235],[-1.55220258423355,53.9668575472984],[-1.55220017636095,53.9670822330282],[-1.55258123975739,53.9670836511543],[-1.55257883404893,53.9673083369763],[-1.55257642830718,53.9675330227895],[-1.55219536074542,53.9675316046049],[-1.55219295288768,53.9677562903802],[-1.55181188327648,53.9677548709578],[-1.5518094733027,53.9679795566951],[-1.55180706329557,53.9682042424236],[-1.55142598998718,53.9682028222139],[-1.55104491763316,53.9682014018112],[-1.55066384531261,53.9681999802002],[-1.55028277302557,53.9681985573809],[-1.55028035462944,53.9684232429691],[-1.55066142900922,53.9684246658249],[-1.55065901267227,53.9686493514407],[-1.55065659630176,53.9688740370477],[-1.55103767490062,53.9688754587683],[-1.55141875353296,53.9688768792804],[-1.55141634131455,53.9691015649516],[-1.5517974229336,53.9691029852505],[-1.55179501275974,53.9693276709354],[-1.55217609695066,53.9693290905628],[-1.55217850504162,53.9691044048486],[-1.5525595871829,53.9691058232382],[-1.55294066935742,53.9691072404194],[-1.55332175156516,53.9691086563921],[-1.55370283380609,53.9691100711564],[-1.55370043404674,53.9693347569877],[-1.55369803425418,53.9695594428103],[-1.55369563442842,53.9697841286241],[-1.55369323456944,53.9700088144292],[-1.55407432517531,53.970010228102],[-1.55407192736615,53.9702349139277],[-1.55445302008816,53.9702363264212],[-1.55445062432886,53.9704610122674],[-1.55444822853641,53.9706856981048],[-1.5544458327108,53.9709103839335],[-1.55482693171514,53.9709117953063],[-1.55482453793951,53.9711364811555],[-1.55520563906006,53.971137891349],[-1.55520324733446,53.9713625772187],[-1.55520085557576,53.9715872630796],[-1.55558196089571,53.971588672123],[-1.55596306624868,53.9715900799578],[-1.555965453841,53.9713653940384],[-1.55634655714378,53.9713668006354],[-1.5563489426199,53.9711421146782],[-1.55673004387247,53.9711435200375],[-1.55673242723244,53.9709188340423],[-1.55711352643482,53.9709202381639],[-1.55711590767869,53.9706955521308],[-1.55749700483087,53.9706969550148],[-1.55749938395871,53.9704722689438],[-1.55711828888961,53.970470866089],[-1.55712067006758,53.9702461800385],[-1.55712305121258,53.9700214939793],[-1.55712543232464,53.9697968079114],[-1.55674434353751,53.9697954039356],[-1.55674672669957,53.9695707178881],[-1.55674910982866,53.9693460318318],[-1.55675149292476,53.9691213457669],[-1.55675387598788,53.9688966596932],[-1.55675625901802,53.9686719736109],[-1.55675864201518,53.9684472875198],[-1.55713971830494,53.9684486913206],[-1.55714209918632,53.9682240051916],[-1.55752317342618,53.9682254077549],[-1.55790424769891,53.9682268091097],[-1.55790662438181,53.9680021229137],[-1.55828769660462,53.968003523031],[-1.55829007117188,53.9677788367972],[-1.55867114134476,53.967780235677],[-1.55905221155041,53.9677816333484],[-1.55943328178883,53.9677830298114],[-1.55943091346979,53.9680077161326],[-1.55981198582367,53.9680091114163],[-1.56019305821026,53.9680105054916],[-1.56019069402398,53.9682351918622],[-1.56057176852601,53.9682365847582],[-1.56095284306068,53.9682379764458],[-1.56095520308141,53.968013290017],[-1.56095756306947,53.9677886035795],[-1.56133863347123,53.9677899940006],[-1.56134099134391,53.9675653075253],[-1.56172205969554,53.9675666967089],[-1.56210312807972,53.9675680846842],[-1.56210077437248,53.9677927712175],[-1.56248184487192,53.9677941580134],[-1.56247949321485,53.968018844567],[-1.56286056582953,53.9680202301835],[-1.56285821622268,53.9682449167574],[-1.5628558665833,53.9684696033227],[-1.5628535169114,53.9686942898792],[-1.5624724380483,53.9686929041756],[-1.56209135921771,53.9686915172637],[-1.56209371305528,53.9684668307652],[-1.56171263634005,53.9684654426738],[-1.56171499222784,53.9682407561957],[-1.56133391762796,53.9682393669249],[-1.56133155965737,53.968464053374],[-1.56095048300729,53.9684626628658],[-1.56094812292122,53.9686873492772],[-1.56056704422092,53.9686859575315],[-1.56056468201933,53.968910643905],[-1.56056231978505,53.9691353302699],[-1.56018123695165,53.9691339372576],[-1.56017887260175,53.9693586235847],[-1.55979778771811,53.9693572293348],[-1.55979542125254,53.9695819156241],[-1.55979305475421,53.9698066019046],[-1.55979068822313,53.9700312881765],[-1.5597883216593,53.9702559744396],[-1.55940722847642,53.9702545788649],[-1.55940485979677,53.9704792650902],[-1.55940249108434,53.9707039513068],[-1.55902139376806,53.9707025544654],[-1.55901902293973,53.9709272406442],[-1.55901665207858,53.9711519268142],[-1.55863555062882,53.9711505287061],[-1.55863317765169,53.9713752148383],[-1.55863080464171,53.9715999009618],[-1.55824969905838,53.9715985015869],[-1.55824732393234,53.9718231876725],[-1.55786621629861,53.9718217870599],[-1.55786383905644,53.9720464731077],[-1.55786146178137,53.9722711591468],[-1.55785908447339,53.9724958451771],[-1.55747797062268,53.9724944432685],[-1.55747559119846,53.972719129261],[-1.55747321174131,53.9729438152447],[-1.55747083225123,53.9731685012198],[-1.55746845272821,53.9733931871861],[-1.55708733057688,53.9733917839523],[-1.55708494893748,53.9736164698807],[-1.55746607317225,53.9736178731437],[-1.55784719743991,53.9736192751981],[-1.55784481993449,53.9738439611761],[-1.55822594631849,53.973845362051],[-1.55822357086367,53.9740700480494],[-1.55784244239617,53.9740686471454],[-1.55784006482493,53.974293333106],[-1.55783768722079,53.9745180190579],[-1.55821881985538,53.9745194200202],[-1.5585999525228,53.9745208197738],[-1.55898108522302,53.9745222183187],[-1.55897871383674,53.9747469043492],[-1.55897634241762,53.9749715903711],[-1.55897397096569,53.9751962763842],[-1.55935510994954,53.9751976738078],[-1.5593527423286,53.9754223600247],[-1.55935037482494,53.9756470462484],[-1.5597315180312,53.9756484425174],[-1.55972915258371,53.9758731287589],[-1.55972678710339,53.9760978149916],[-1.55934563971901,53.9760964186699],[-1.55934327211674,53.9763211048676],[-1.55972442159022,53.9763225012156],[-1.55972205604421,53.976547187431],[-1.5601032076396,53.9765485825967],[-1.56048435926773,53.9765499765535],[-1.56048199786719,53.9767746628129],[-1.56047963643388,53.9769993490636],[-1.56086079227307,53.9770007418644],[-1.56085843289618,53.9772254281327],[-1.56085607348654,53.9774501143924],[-1.56123723353688,53.9774515060369],[-1.5616183936199,53.9774528964726],[-1.56199955373555,53.9774542856995],[-1.56238071388381,53.9774556737174],[-1.56238306493648,53.9772309873525],[-1.56200190687746,53.9772295993608],[-1.56162074885106,53.9772282101603],[-1.56123959085729,53.9772268197509],[-1.56124194814496,53.9770021334562],[-1.56124430539991,53.9767774471528],[-1.56124666262212,53.9765527608408],[-1.56124901981161,53.97632807452],[-1.5608678702072,53.9763266830072],[-1.56087022945306,53.976101996704],[-1.56087258866617,53.9758773103923],[-1.56087494784653,53.9756526240718],[-1.56125609118373,53.9756540155057],[-1.56163723455358,53.9756554057308],[-1.56163958952315,53.9754307193491],[-1.56202073083662,53.9754321083391],[-1.56240187218269,53.9754334961204],[-1.56278301356134,53.9754348826929],[-1.56316415497254,53.9754362680567],[-1.56354529641625,53.9754376522117],[-1.56392643789246,53.9754390351579],[-1.56430757940112,53.9754404168954],[-1.56468872094222,53.975441797424],[-1.56468638268481,53.975666484016],[-1.56506752634733,53.9756678633622],[-1.56506986251572,53.975443176744],[-1.5654510041216,53.9754445548551],[-1.56583214575982,53.9754459317575],[-1.56621328743036,53.9754473074511],[-1.56621561729932,53.9752226207456],[-1.56659675691315,53.9752239952043],[-1.56697789655925,53.9752253684542],[-1.56735903623758,53.9752267404953],[-1.56735671263561,53.9754514272793],[-1.56773785443514,53.9754527981379],[-1.56773553288993,53.9756774849394],[-1.56773321131247,53.9759021717322],[-1.56773088970278,53.9761268585164],[-1.56772856806083,53.9763515452918],[-1.56810971824882,53.9763529150462],[-1.56811203780165,53.9761282282446],[-1.56811435732226,53.9759035414343],[-1.56811667681066,53.9756788546153],[-1.56849782150327,53.975680223337],[-1.56850013889869,53.9754555364954],[-1.56888128181399,53.9754569040816],[-1.56887896647811,53.975681590936],[-1.56926011148469,53.975682957326],[-1.56926242476102,53.9754582704589],[-1.56964356773975,53.9754596356272],[-1.56964125652296,53.9756843225071],[-1.57002240159292,53.9756856864792],[-1.57040354669451,53.9756870492424],[-1.57078469182773,53.9756884107967],[-1.57078238675793,53.9759130977063],[-1.57078008165647,53.9761377846073],[-1.57077777652336,53.9763624714999],[-1.57077547135858,53.9765871583839],[-1.57039431798689,53.9765857967788],[-1.57039201073076,53.9768104836416],[-1.57038970344294,53.9770351704959],[-1.57038739612344,53.9772598573417],[-1.57038508877224,53.977484544179],[-1.57000392719326,53.977483181314],[-1.57000161775057,53.97770786813],[-1.56962045414344,53.9777065040433],[-1.5696181426092,53.9779311908381],[-1.56961583104322,53.9781558776243],[-1.56961351944549,53.9783805644021],[-1.56961120781601,53.9786052511714],[-1.56960889615478,53.9788299379321],[-1.56922772227991,53.9788285725726],[-1.56922540852697,53.9790532593121],[-1.56922309474224,53.979277946043],[-1.56884191677913,53.9792765794489],[-1.56846073884775,53.9792752116457],[-1.56845842091121,53.9794998983426],[-1.5688396009026,53.9795012661586],[-1.56922078092574,53.9795026327655],[-1.56960196098058,53.9795039981633],[-1.56959964919235,53.97972868489],[-1.56959733737236,53.9799533716082],[-1.56997852157902,53.9799547358223]]],[[[-1.56754507140396,53.9941017419554],[-1.56792638500178,53.9941031134007],[-1.56792870701514,53.9938784287487],[-1.56831001858772,53.9938797989365],[-1.56831233851554,53.9936551142597],[-1.56831465841153,53.9934304295744],[-1.56831697827569,53.9932057448805],[-1.56869828368958,53.993207113701],[-1.56870060146345,53.9929824289793],[-1.56870291920551,53.9927577442491],[-1.56908422053424,53.9927591118218],[-1.56908653618609,53.9925344270638],[-1.56946783548813,53.9925357934078],[-1.56984913482184,53.9925371585421],[-1.5698468232868,53.9927618433382],[-1.56984451172004,53.9929865281257],[-1.57022581520225,53.9929878920886],[-1.57060711871608,53.9929892548419],[-1.57060481123453,53.993213939659],[-1.57098611683841,53.9932153012217],[-1.5709884222615,53.9929906163855],[-1.57099072765295,53.9927659315408],[-1.57099303301277,53.9925412466875],[-1.57137433247291,53.9925426069834],[-1.57137663574272,53.9923179221024],[-1.57175793317602,53.9923192811697],[-1.57213923064083,53.9923206390273],[-1.57213693148779,53.9925453239463],[-1.5721346323032,53.9927700088568],[-1.57213233308707,53.9929946937586],[-1.57175102944702,53.9929933358439],[-1.57174872814087,53.9932180207181],[-1.57136742247387,53.9932166615747],[-1.57136511907764,53.9934413464213],[-1.5713628156498,53.9936660312593],[-1.57136051219035,53.9938907160888],[-1.57097920037934,53.9938893556786],[-1.5709768948297,53.9941140404804],[-1.57059558099167,53.9941126788414],[-1.57021426718525,53.9941113159928],[-1.57021195748677,53.9943360007479],[-1.56983064165336,53.9943346366705],[-1.56944932585161,53.9943332713835],[-1.56944701200417,53.9945579560918],[-1.56906569417548,53.994556589576],[-1.56868437637849,53.9945552218504],[-1.56868205838199,53.9947799065119],[-1.56830073855808,53.9947785375576],[-1.56791941877102,53.9947771673054],[-1.56753809901718,53.9947757958176],[-1.56754042317792,53.9945511112054],[-1.56754274730685,53.9943264265846],[-1.56754507140396,53.9941017419554]]],[[[-1.50019018929611,53.9823814248946],[-1.499808987234,53.9823798419027],[-1.49981168090517,53.9821551597905],[-1.499430480933,53.9821535756028],[-1.49943317662055,53.9819288934954],[-1.49981437453956,53.9819304776699],[-1.49981706813716,53.9817057955407],[-1.50019826403978,53.9817073784926],[-1.50019557249532,53.9819320606351],[-1.5005767704878,53.9819336423911],[-1.50057408095974,53.9821583245385],[-1.50019288091409,53.9821567427691],[-1.50019018929611,53.9823814248946]]],[[[-1.49098654960185,53.9868367329068],[-1.49098380965172,53.9870614144823],[-1.49098106966396,53.9872860960493],[-1.49059982308355,53.987284483718],[-1.49021857654077,53.9872828701774],[-1.49022132066242,53.9870581886399],[-1.49022406474638,53.986833507094],[-1.49060530715531,53.9868351206051],[-1.49060804913469,53.9866104390358],[-1.49098928951435,53.9866120513227],[-1.49098654960185,53.9868367329068]]],[[[-1.4976300559089,54.0050647741371],[-1.49801146749773,54.005066365047],[-1.49839287912405,54.0050679547466],[-1.49877429078781,54.0050695432362],[-1.49877159542766,54.0052942251854],[-1.49915300922586,54.005295812484],[-1.49915031592525,54.0055204944439],[-1.49914762258717,54.0057451763951],[-1.49876620459488,54.005743589058],[-1.49838478664001,54.0057420005108],[-1.49838208907028,54.005966682415],[-1.49800066905578,54.0059650926384],[-1.49761924907877,54.0059635016516],[-1.49762195084267,54.0057388197859],[-1.49724053300026,54.0057372276082],[-1.49724323682365,54.0055125457531],[-1.49686182111584,54.0055109523845],[-1.49686452699864,54.0052862705401],[-1.49724594060942,54.0052878638894],[-1.49762735425774,54.0052894560286],[-1.4976300559089,54.0050647741371]]],[[[-1.50831224436937,54.0048841666434],[-1.50831488798951,54.004659484614],[-1.50831753157346,54.0044348025763],[-1.50869893838507,54.00443635885],[-1.5087015798786,54.0042116768087],[-1.50908298467205,54.0042132318767],[-1.50946438950156,54.0042147857342],[-1.50946175211653,54.004439467766],[-1.50908034523277,54.0044379139132],[-1.50907770575736,54.0046625959415],[-1.50869629685539,54.004661040883],[-1.50869365528955,54.0048857229077],[-1.50831224436937,54.0048841666434]]],[[[-1.51781381877073,53.9748137147249],[-1.51819495296501,53.9748152403743],[-1.51857608589182,53.9748167648391],[-1.51857349361918,53.975041447954],[-1.51819235861109,53.9750399234721],[-1.51818976435561,53.9752646065613],[-1.51857090145182,53.9752661310616],[-1.51895203847694,53.9752676543558],[-1.51894944884964,53.9754923374833],[-1.51856830973827,53.975490814165],[-1.51856571798887,53.9757154972597],[-1.51818457670677,53.9757139727133],[-1.51818198282911,53.9759386557765],[-1.51817938891596,53.9761633388312],[-1.51779824236405,53.9761618130946],[-1.51741709584762,53.9761602861492],[-1.51741449778423,53.9763849691661],[-1.5174118996853,53.9766096521746],[-1.51779305031648,53.9766111791492],[-1.51779045423942,53.9768358621637],[-1.51740930155081,53.9768343351744],[-1.51740670338076,53.9770590181658],[-1.51702554867022,53.977057489953],[-1.51664439399522,53.9770559605313],[-1.51664699628016,53.9768312775691],[-1.51626584369818,53.976829746953],[-1.51626844800494,53.976605063997],[-1.51588729751598,53.9766035321865],[-1.51550614706266,53.9766019991672],[-1.51550875544856,53.9763773162318],[-1.51512760708828,53.9763757820182],[-1.51513021749586,53.976151099089],[-1.51551136379878,53.976152633288],[-1.5155139721133,53.9759279503356],[-1.51589511639454,53.975929483311],[-1.51589772261606,53.9757048003354],[-1.51627886487561,53.9757063320873],[-1.51628146900419,53.9754816490886],[-1.51628407309714,53.9752569660813],[-1.51666521127776,53.975258496595],[-1.51704634949394,53.9752600258999],[-1.51704894994697,53.9750353428541],[-1.51743008613276,53.9750368709357],[-1.51743268461202,53.9748121878667],[-1.51781381877073,53.9748137147249]]],[[[-1.52201915059636,53.9737070141528],[-1.52240027342657,53.9737085264441],[-1.52278139629214,53.9737100375267],[-1.5227788269935,53.973934720876],[-1.5227762576595,53.9741594042168],[-1.52315738470509,53.9741609141253],[-1.52353851178597,53.974162422825],[-1.5235359465614,53.9743871061919],[-1.52353338130152,53.9746117895503],[-1.52315225007582,53.9746102808159],[-1.52314968270819,53.9748349641484],[-1.52276854944534,53.9748334541878],[-1.52276597996989,53.9750581374943],[-1.5223848446699,53.9750566263076],[-1.52200370940526,53.975055113912],[-1.521622574176,53.9750536003075],[-1.52162514986887,53.9748289170532],[-1.52162772552629,53.9746042337902],[-1.52124659447737,53.9746027190118],[-1.52124917217176,53.9743780357576],[-1.52125174983068,53.9741533524949],[-1.52125432745413,53.9739286692237],[-1.52125690504211,53.9737039859438],[-1.52163802780153,53.9737055006527],[-1.52201915059636,53.9737070141528]]],[[[-1.52781225122675,53.9669890603862],[-1.5274311900614,53.9669875655349],[-1.52742864668117,53.9672122493492],[-1.52704758347928,53.9672107532721],[-1.52666652031239,53.9672092559866],[-1.52666906783561,53.9669845722069],[-1.52705012893101,53.9669860694752],[-1.52705267416591,53.9667613857016],[-1.52743373322676,53.9667628817447],[-1.52781479232259,53.9667643765794],[-1.52819585145336,53.9667658702055],[-1.52819331242705,53.966990554029],[-1.52781225122675,53.9669890603862]]],[[[-1.54038232363359,53.9674870860063],[-1.54038479630352,53.9672624013356],[-1.54038726893913,53.967037716656],[-1.5407683298817,53.9670391707072],[-1.54077080042914,53.9668144860708],[-1.54077327103055,53.9665898016273],[-1.54115432786124,53.9665912544111],[-1.54115679636689,53.9663665699347],[-1.54153785116953,53.9663680214859],[-1.54191890600596,53.9663694718287],[-1.54229996087615,53.9663709209631],[-1.54229749855614,53.9665956055122],[-1.54267855552195,53.9665970534625],[-1.54267609523005,53.9668217380272],[-1.54267363510769,53.9670464228397],[-1.5426711750276,53.9672711077397],[-1.54266871491336,53.9674957926309],[-1.54266625476496,53.9677204775132],[-1.54304732219045,53.9677219244251],[-1.54304486410057,53.9679466093353],[-1.54266379458242,53.9679451623868],[-1.54228272509837,53.9679437142299],[-1.54190165564847,53.9679422648647],[-1.54152058623272,53.9679408142913],[-1.54152305269328,53.9677161295279],[-1.54114198540441,53.967714677783],[-1.54114445392337,53.9674899930475],[-1.54076338876136,53.9674885401311],[-1.54038232363359,53.9674870860063]]],[[[-1.5398506564317,54.0157940907083],[-1.53985313143338,54.0155694080042],[-1.54023463975889,54.0155708678415],[-1.54061614811815,54.0155723264681],[-1.54061367721918,54.0157970092054],[-1.54061120628642,54.0160216919341],[-1.54022969382443,54.0160202332743],[-1.53984818139619,54.0160187734038],[-1.5398506564317,54.0157940907083]]],[[[-1.5624468963308,54.0075648519857],[-1.56244454369215,54.0077895358379],[-1.56244219102132,54.0080142196816],[-1.5624398383183,54.0082389035169],[-1.56205839589949,54.0082375143446],[-1.56167695351282,54.008236123962],[-1.56167931031982,54.0080114401491],[-1.56168166709457,54.0077867563278],[-1.56168402383708,54.007562072498],[-1.56206546006786,54.007563462847],[-1.5624468963308,54.0075648519857]]],[[[-1.5704243228138,53.9736648677001],[-1.57080544926459,53.9736662291356],[-1.57118657574723,53.9736675893621],[-1.57118427112223,53.9738922762298],[-1.57156539971568,53.9738936352608],[-1.57194652834091,53.9738949930828],[-1.57194422784212,53.9741196799684],[-1.57194192731152,53.9743443668455],[-1.57193962674911,53.974569053714],[-1.57232076164329,53.9745704103668],[-1.5727018965692,53.9745717658107],[-1.57269960013323,53.9747964526971],[-1.57308073716996,53.9747978069453],[-1.57307844278139,53.9750224938364],[-1.57307614861965,53.9752471807374],[-1.5730738559703,53.9754718677401],[-1.57269271270751,53.9754705134522],[-1.57231156947617,53.9754691579554],[-1.57230927267623,53.9756938449242],[-1.57192812741681,53.9756924882057],[-1.57154698218891,53.9756911302783],[-1.57116583699254,53.975689771142],[-1.57116813997113,53.9754650842112],[-1.5711704429181,53.9752403972719],[-1.57078930187236,53.975239036952],[-1.57040816085821,53.9752376754232],[-1.57041046963684,53.9750129886197],[-1.57002933074343,53.975011625896],[-1.56964819188192,53.9750102619633],[-1.56965050498285,53.9747855751912],[-1.56926936823241,53.9747842100629],[-1.56927168338048,53.9745595232955],[-1.5696528180518,53.9745608884105],[-1.57003395275505,53.9745622523167],[-1.57003626371292,53.9743375655143],[-1.57003857463885,53.9741128787033],[-1.57004088553283,53.9738881918838],[-1.57042201403077,53.9738895545414],[-1.5704243228138,53.9736648677001]]],[[[-1.57187294531531,53.9810849726006],[-1.57187064566628,53.981309659344],[-1.57225184242355,53.9813110163794],[-1.57263303921232,53.9813123722056],[-1.57263074365226,53.9815370589658],[-1.57262844806067,53.9817617457175],[-1.57262615243754,53.9819864324607],[-1.57300735543869,53.9819877871157],[-1.5730050618444,53.9822124738631],[-1.57300276821859,53.9824371606019],[-1.57338397537194,53.982438514073],[-1.57338168377505,53.982663200816],[-1.57376289302023,53.9826645530904],[-1.57376060345231,53.9828892398375],[-1.57375831385293,53.9831139265762],[-1.5737560242221,53.9833386133063],[-1.5741372396801,53.9833399644093],[-1.57451845516945,53.9833413143031],[-1.57452074067927,53.9831166275478],[-1.57490195413945,53.9831179762196],[-1.57528316763092,53.9831193236823],[-1.57566438115367,53.9831206699356],[-1.57604559470767,53.9831220149796],[-1.57604787194417,53.9828973281654],[-1.57566666045065,53.9828959831339],[-1.57528544898838,53.9828946368932],[-1.5752877303145,53.9826699500956],[-1.57529001160928,53.9824452632895],[-1.57567121895068,53.982446609505],[-1.57567349815372,53.9822219226778],[-1.57605470346596,53.9822232676716],[-1.57643590880942,53.9822246114561],[-1.57643363372717,53.9824492983084],[-1.57643135861366,53.9826739851523],[-1.5764290834689,53.9828986719876],[-1.57642680829288,53.9831233588144],[-1.5764245330856,53.9833480456327],[-1.57680574876251,53.9833493882708],[-1.57680347560181,53.983574075052],[-1.57718469337037,53.9835754164919],[-1.57718696447059,53.9833507296996],[-1.57756818020979,53.983352069919],[-1.57756591116997,53.9835767567226],[-1.57794712900059,53.9835780957441],[-1.5783283468622,53.9835794335563],[-1.57832608201092,53.9838041200964],[-1.57832381712861,53.9840288066279],[-1.57794259516054,53.9840274687801],[-1.57794032819393,53.9842521552852],[-1.57755910420358,53.9842508162102],[-1.57755683515261,53.9844755026889],[-1.57717560913998,53.9844741623868],[-1.57679438315841,53.9844728208755],[-1.5764131572079,53.9844714781548],[-1.57641088196587,53.9846961645714],[-1.57602965399315,53.9846948206236],[-1.57602737666659,53.9849195070137],[-1.57564614667164,53.9849181618387],[-1.5756438672605,53.9851428482024],[-1.57526263524334,53.9851415018002],[-1.57526491670786,53.9849168154545],[-1.57488368677526,53.9849154678609],[-1.57450245687388,53.9849141190581],[-1.57450474241384,53.9846894327396],[-1.57450702792249,53.9844647464125],[-1.57412580215903,53.9844633964363],[-1.57412808968965,53.9842387101186],[-1.57374686601075,53.984237358951],[-1.57374457642683,53.9844620452507],[-1.57336335072593,53.9844606928559],[-1.57298212505636,53.9844593392519],[-1.57298441874687,53.984234652988],[-1.57260319516194,53.9842332981927],[-1.57260549087428,53.9840086119382],[-1.57260778655518,53.9837839256752],[-1.57222656710813,53.9837825697065],[-1.57222886481078,53.9835578834529],[-1.57261008220462,53.9835592394036],[-1.57299129962984,53.9835605941451],[-1.57337251708641,53.9835619476773],[-1.57337480879549,53.9833372609939],[-1.5729935934003,53.9833359074722],[-1.57299588715213,53.9831112207674],[-1.57299818087246,53.9828865340541],[-1.57261696962969,53.9828851793485],[-1.57261926537895,53.9826604926393],[-1.57262156109669,53.9824358059216],[-1.57224035400625,53.9824344500321],[-1.57224265175283,53.9822097633186],[-1.57224494946786,53.9819850765965],[-1.57186374652967,53.9819837195231],[-1.57186604627346,53.9817590328052],[-1.57148484542713,53.9817576745353],[-1.571482543623,53.9819823612405],[-1.57110134074788,53.9819810017486],[-1.57110364461234,53.9817563150561],[-1.57072244382914,53.9817549543677],[-1.57072474972226,53.9815302676794],[-1.57072705558371,53.9813055809826],[-1.57034585895269,53.9813042191105],[-1.57034816684271,53.9810795324179],[-1.57035047470104,53.9808548457168],[-1.56996928222212,53.9808534826609],[-1.56997159210893,53.980628795964],[-1.57035278252766,53.9806301590072],[-1.57073397297802,53.9806315208412],[-1.57073627871278,53.9804068341104],[-1.57111746713458,53.9804081947225],[-1.57111516345998,53.9806328814661],[-1.57149635397352,53.9806342408817],[-1.5718775445186,53.9806355990882],[-1.57187524493275,53.9808602858487],[-1.57187294531531,53.9810849726006]]],[[[-1.57108290895555,53.9837784945451],[-1.57146412830829,53.9837798541415],[-1.57184534769249,53.9837812125286],[-1.57184304790513,53.9840058987557],[-1.57184074808627,53.9842305849741],[-1.57145952459557,53.984229226551],[-1.57145722269191,53.9844539127429],[-1.57107599717939,53.9844525530925],[-1.57069477169837,53.9844511922328],[-1.57069707770861,53.9842265060769],[-1.57031585431239,53.984225144026],[-1.5703181623443,53.9840004578796],[-1.57069938368725,53.9840018199125],[-1.57108060506173,53.9840031807361],[-1.57108290895555,53.9837784945451]]],[[[-1.57251823104247,53.9925466806134],[-1.57252052813712,53.9923219956754],[-1.57252282520026,53.9920973107287],[-1.57290412066965,53.9920986661482],[-1.57290641563747,53.9918739811485],[-1.57328770908133,53.9918753353454],[-1.57366900255654,53.9918766883327],[-1.57405029606306,53.9918780401105],[-1.57443158960088,53.9918793906786],[-1.57442930286118,53.9921040757301],[-1.57404800726626,53.992102725149],[-1.57404571843655,53.9923274101717],[-1.57366442081461,53.992326058362],[-1.57366212989511,53.992550743357],[-1.57365983894417,53.9927754283435],[-1.5732785372368,53.9927740752862],[-1.57327624419598,53.9929987602451],[-1.57289494046157,53.9929974059593],[-1.57251363675859,53.9929960504638],[-1.57251593391629,53.9927713655429],[-1.57251823104247,53.9925466806134]]],[[[-1.59879132903921,53.9964570352525],[-1.59878917326951,53.9966817216491],[-1.59878701747026,53.996906408037],[-1.59916835812483,53.9969076804341],[-1.59916620435028,53.9971323668406],[-1.59954754708854,53.9971336380552],[-1.59954539533874,53.9973583244802],[-1.59954324355945,53.9975830108965],[-1.59954109175067,53.9978076973043],[-1.5995389399124,53.9980323837033],[-1.59992029089732,53.9980336538169],[-1.59991814108394,53.9982583402345],[-1.60029949415265,53.9982596091656],[-1.60029734636421,53.9984842956017],[-1.60029519854633,53.9987089820291],[-1.60067655575326,53.9987102498048],[-1.60067440996041,53.9989349362508],[-1.60067226413816,53.999159622688],[-1.60029090282227,53.9991583548579],[-1.59990954153575,53.999157085818],[-1.59952818027864,53.9991558155683],[-1.5995260282634,53.9993805019152],[-1.59914466498119,53.9993792304285],[-1.59876330172843,53.9993779577318],[-1.59838193850515,53.9993766838254],[-1.59800057531138,53.9993754087091],[-1.59799841504846,53.9996000949385],[-1.59761704982968,53.9995988185851],[-1.59723568464047,53.9995975410219],[-1.59685431948086,53.9995962622489],[-1.5968521530246,53.9998209483878],[-1.59647078584004,53.9998196683776],[-1.59608941868512,53.9998183871576],[-1.59570805155989,53.9998171047277],[-1.59532668446436,53.999815821088],[-1.59494531739857,53.9998145362385],[-1.59456395036254,53.9998132501791],[-1.59456177154899,54.0000379361454],[-1.59418040248815,54.0000366488488],[-1.59417822153042,54.0002613345847],[-1.59379685044658,54.0002600460596],[-1.59341547939258,54.0002587563244],[-1.59303410836844,54.0002574653792],[-1.5926527373742,54.0002561732239],[-1.59265054796146,54.0004808582216],[-1.59226917494363,54.0004795648456],[-1.59188780195575,54.0004782702596],[-1.5918899954755,54.0002535852832],[-1.5915086245711,54.0002522894978],[-1.5911272536967,54.0002509925023],[-1.59112945107733,54.0000263069215],[-1.59074808228587,54.0000250087362],[-1.59036671352449,54.0000237093411],[-1.5903689149386,53.9997990236762],[-1.58998754826191,53.9997977230988],[-1.58960618161535,53.9997964213114],[-1.58960838710842,53.9995717356928],[-1.58922702254657,53.9995704327231],[-1.58884565801491,53.9995691285436],[-1.58846429351346,53.9995678231543],[-1.58846650513991,53.9993431376095],[-1.58808514272323,53.9993418310378],[-1.58770378033682,53.9993405232563],[-1.58770599604197,53.9991158377578],[-1.58732463574035,53.9991145287941],[-1.58694327546906,53.9991132186205],[-1.5869454952528,53.9988885331684],[-1.58656413706633,53.9988872218126],[-1.58618277891024,53.998885909247],[-1.58618500277245,53.9986612238413],[-1.58580364670121,53.9986599100935],[-1.58542229066041,53.9986585951359],[-1.58542451860098,53.9984339097767],[-1.58504316464505,53.9984325936369],[-1.58466181061674,53.998431276352],[-1.5846640426393,53.9982065910336],[-1.58466627463122,53.9979819057066],[-1.5846685065925,53.9977572203711],[-1.5850498544467,53.9977585375899],[-1.58505208431947,53.9975338522235],[-1.58467073852314,53.9975325350269],[-1.58428939268394,53.9975312166559],[-1.58390804687533,53.9975298970751],[-1.58352670109735,53.9975285762845],[-1.58314535535002,53.997527254284],[-1.58276400963337,53.9975259310736],[-1.58238266394743,53.9975246066535],[-1.58200131829223,53.9975232810235],[-1.5816199726678,53.9975219541836],[-1.58123862707415,53.997520626134],[-1.58124087750529,53.99729594095],[-1.58085953400149,53.9972946117093],[-1.58047819052853,53.9972932812587],[-1.58009684708644,53.9972919495984],[-1.57971550367527,53.9972906167282],[-1.57933416029502,53.9972892826482],[-1.57895281694574,53.9972879473584],[-1.57857147362745,53.9972866108588],[-1.57819013034017,53.9972852731493],[-1.57819239721228,53.9970605881074],[-1.57819466405327,53.9968359030569],[-1.57781332491498,53.9968345641754],[-1.57781559378378,53.9966098791351],[-1.57781786262145,53.9963851940863],[-1.57782013142797,53.996160509029],[-1.57782240020336,53.995935823963],[-1.57744106933166,53.9959344839472],[-1.57744334013471,53.9957097988916],[-1.57744561090661,53.9954851138273],[-1.5770642841836,53.9954837726396],[-1.57706201135292,53.9957084576849],[-1.57668068260225,53.9957071152685],[-1.57629935388274,53.9957057716423],[-1.5759180251944,53.9957044268064],[-1.57553669653728,53.9957030807608],[-1.57515536791139,53.9957017335053],[-1.57515765103597,53.9954770485546],[-1.57477632450013,53.9954757001084],[-1.57439499799558,53.9954743504525],[-1.57401367152235,53.9954729995868],[-1.57401596079185,53.9952483146844],[-1.57401825002993,53.9950236297734],[-1.57402053923659,53.9947989448538],[-1.57440185953365,53.9948002956625],[-1.57478317986203,53.9948016452616],[-1.57516450022171,53.9948029936509],[-1.57516678322095,53.9945783086659],[-1.57554810155322,53.9945796558266],[-1.57592941991673,53.9945810017776],[-1.57631073831144,53.9945823465188],[-1.57669205673733,53.9945836900504],[-1.57707337519437,53.9945850323723],[-1.57745469368253,53.9945863734845],[-1.57783601220179,53.994587713387],[-1.57821733075211,53.9945890520798],[-1.57859864933347,53.9945903895629],[-1.57859638486225,53.9948150747181],[-1.5789777055333,53.9948164110103],[-1.57935902623533,53.9948177460928],[-1.57974034696831,53.9948190799656],[-1.57974260526351,53.9945943947539],[-1.58012392396875,53.9945957273982],[-1.58050524270488,53.9945970588327],[-1.58050298852703,53.9948217440821],[-1.58050073431824,53.9950464293229],[-1.58049848007851,53.9952711145551],[-1.58049622580784,53.9954957997787],[-1.58087755280971,53.9954971300788],[-1.58125887984243,53.9954984591691],[-1.58126112999558,53.9952737739079],[-1.58126338011785,53.9950490886381],[-1.58126563020924,53.9948244033597],[-1.58164695109657,53.994825731184],[-1.5820282720147,53.9948270577985],[-1.58240959296358,53.9948283832033],[-1.58279091394319,53.9948297073984],[-1.58317223495351,53.9948310303838],[-1.5835535559945,53.9948323521594],[-1.58355131825535,53.9950570375504],[-1.5839326413857,53.9950583581351],[-1.58393040567457,53.9952830435361],[-1.58392816993275,53.9955077289286],[-1.58392593416025,53.9957324143126],[-1.58392369835705,53.9959570996879],[-1.58430502975313,53.9959584191377],[-1.58430726349751,53.9957337337437],[-1.58430949721122,53.995509048341],[-1.58431173089427,53.9952843629298],[-1.58431396454666,53.99505967751],[-1.58469528773821,53.9950609956752],[-1.58507661090348,53.9950623126204],[-1.58545793404651,53.9950636283464],[-1.5854557065638,53.9952883138359],[-1.58583703179128,53.9952896283799],[-1.58583925721999,53.9950649428628],[-1.58622058042389,53.9950662561696],[-1.58622280376814,53.9948415706163],[-1.58660412494847,53.9948428826859],[-1.58660190365819,53.9950675682667],[-1.58698322692286,53.9950688791543],[-1.58736455021786,53.9950701888322],[-1.58774587354318,53.9950714973005],[-1.58812719689878,53.9950728045591],[-1.58850852028464,53.9950741106081],[-1.58888984370072,53.9950754154475],[-1.589271167147,53.9950767190773],[-1.58965249062345,53.9950780214974],[-1.58965028573476,53.9953027072896],[-1.59003161129536,53.9953040085276],[-1.59041293688608,53.9953053085559],[-1.59079426250688,53.9953066073746],[-1.59117558815775,53.9953079049837],[-1.59155691383864,53.9953092013831],[-1.59193823954954,53.9953104965728],[-1.59231956529042,53.995311790553],[-1.59270089106124,53.9953130833235],[-1.59269870257461,53.9955377693264],[-1.59308003042939,53.9955390609147],[-1.59346135831407,53.9955403512932],[-1.5938426862286,53.9955416404622],[-1.59422401417298,53.9955429284214],[-1.59460534214716,53.995544215171],[-1.59498667015113,53.995545500711],[-1.59536799818485,53.9955467850413],[-1.59574932624829,53.9955480681619],[-1.59613065434143,53.9955493500729],[-1.59612848431141,53.9957740363133],[-1.59650981448828,53.9957753170419],[-1.5968911446948,53.9957765965609],[-1.59689331061669,53.9955519102659],[-1.59727463879875,53.9955531885479],[-1.5976559670104,53.9955544656202],[-1.5980372952516,53.9955557414829],[-1.59803513549193,53.9957804278597],[-1.59841646581674,53.99578170254],[-1.59879779617105,53.9957829760106],[-1.59879564048998,53.9960076624333],[-1.59879348477937,53.9962323488472],[-1.59879132903921,53.9964570352525]]],[[[-1.59232613673233,53.9946377325741],[-1.59232832715294,53.9944130465638],[-1.59233051754353,53.9941883605448],[-1.59194920207241,53.9941870667017],[-1.59195139448685,53.9939623807014],[-1.59195358687125,53.9937376946925],[-1.59233489823467,53.9937389884808],[-1.59271620962802,53.9937402810595],[-1.5927140213513,53.9939649671233],[-1.59271183304459,53.9941896531783],[-1.59309314857557,53.9941909446022],[-1.59347446413644,53.9941922348166],[-1.59385577972718,53.9941935238213],[-1.59423709534774,53.9941948116164],[-1.59423491522664,53.9944194977723],[-1.59423273507566,53.9946441839195],[-1.5942305548948,53.994868870058],[-1.59384923311246,53.9948675821808],[-1.59384705084775,53.9950922682832],[-1.59346572704126,53.995090979169],[-1.59346354269263,53.9953156652355],[-1.59308221686199,53.9953143748843],[-1.59308440326463,53.9950896888452],[-1.59270307951789,53.9950883973118],[-1.59232175580107,53.9950871045687],[-1.59232394628171,53.9948624185757],[-1.59232613673233,53.9946377325741]]],[[[-1.6007366260144,53.992419025798],[-1.60073448104484,53.9926437124868],[-1.60111578282104,53.9926449783189],[-1.60111363987579,53.9928696650261],[-1.60149494373502,53.9928709296759],[-1.60149280281414,53.9930956164016],[-1.60187410872809,53.9930968798027],[-1.6018762475959,53.9928721930606],[-1.60187838643441,53.99264750631],[-1.60225968826779,53.9926487684627],[-1.60264099013037,53.9926500294057],[-1.60263885539733,53.9928747161849],[-1.60263672063505,53.9930994029557],[-1.60263458584351,53.9933240897179],[-1.60301589389356,53.9933253494941],[-1.6030180266323,53.9931006627176],[-1.60302015934182,53.9928759759326],[-1.60340146331546,53.9928772344705],[-1.60339933265871,53.9931019212698],[-1.60339720197276,53.9933266080606],[-1.60377851008107,53.9933278654174],[-1.60377638141875,53.9935525522139],[-1.60339507125762,53.9935512948428],[-1.6030137611256,53.9935500362621],[-1.60263245102274,53.9935487764716],[-1.60225114094905,53.9935475154713],[-1.60186983090457,53.9935462532614],[-1.60148852088436,53.9935449898271],[-1.60149066186392,53.9933203031187],[-1.60110935389719,53.9933190384146],[-1.60110721086383,53.9935437250958],[-1.60072590087261,53.993542459155],[-1.60034459091071,53.9935411920046],[-1.60034244374034,53.9937658786228],[-1.60034029654054,53.9939905652324],[-1.60033814931131,53.9942152518332],[-1.60071946543476,53.9942165190651],[-1.60072161061011,53.9939918324371],[-1.60072375575606,53.9937671458004],[-1.60110506780111,53.9937684117684],[-1.60148637987546,53.9937696765268],[-1.60186769194886,53.9937709399779],[-1.60224900404618,53.9937722022022],[-1.60263031617271,53.9937734632167],[-1.60301162832842,53.9937747230215],[-1.60339294051328,53.9937759816166],[-1.60377425272727,53.9937772390019],[-1.60377212400662,53.9940019257814],[-1.60415343830257,53.9940031819713],[-1.60415131160567,53.9942278687565],[-1.60376999525681,53.9942266125524],[-1.60376786647783,53.9944512993148],[-1.60376573766969,53.9946759860687],[-1.60338441724404,53.9946747286262],[-1.60338228635375,53.9948994153573],[-1.60300096390424,53.9948981566909],[-1.60261964148388,53.9948968968146],[-1.60262177648014,53.9946722101121],[-1.60224045614195,53.9946709490403],[-1.60185913583296,53.9946696867588],[-1.60147781554643,53.994668423239],[-1.60147567439081,53.9948931098953],[-1.60147353320585,53.995117796543],[-1.60147139199154,53.995342483182],[-1.60146925074789,53.9955671698124],[-1.60108792224193,53.9955659048367],[-1.60070659376528,53.9955646386513],[-1.60032526531796,53.9955633712562],[-1.5999439369,53.9955621026515],[-1.59956260851143,53.9955608328371],[-1.59918128015228,53.995559561813],[-1.59879995182257,53.9955582895793],[-1.59841862352234,53.995557016136],[-1.59842078119836,53.9953323297232],[-1.59803945498167,53.9953310550974],[-1.59765812879451,53.995329779262],[-1.59727680263691,53.9953285022169],[-1.59727896644542,53.9951038158773],[-1.59689764237141,53.9951025376498],[-1.59689547650889,53.9953272239622],[-1.59651415041048,53.9953259444978],[-1.59613282434172,53.9953246638238],[-1.59575149830262,53.9953233819401],[-1.59537017229321,53.9953220988468],[-1.59498884631354,53.9953208145438],[-1.59499102244612,53.995096128368],[-1.59537234637179,53.9950974126436],[-1.59575367032718,53.9950986957096],[-1.59613499431226,53.995099977566],[-1.59651631832702,53.9951012582127],[-1.59651848621384,53.994876571919],[-1.59613716425308,53.9948752912996],[-1.59575584232197,53.9948740094705],[-1.59537452042057,53.9948727264318],[-1.59537669443956,53.9946480402113],[-1.59537886842875,53.9944233539821],[-1.59499755066496,53.9944220697884],[-1.59461623293091,53.9944207843851],[-1.59461841099811,53.9941960982019],[-1.59499972667826,53.9941973835779],[-1.59538104238816,53.9941986677442],[-1.59538321631777,53.9939739814977],[-1.59500190266175,53.9939726973587],[-1.59500407861541,53.9937480111308],[-1.59500625453926,53.9935233248942],[-1.5950084304333,53.993298638649],[-1.59501060629751,53.9930739523951],[-1.59501278213191,53.9928492661325],[-1.5950149579365,53.9926245798612],[-1.59539625926988,53.9926258638363],[-1.59577756063298,53.9926271466018],[-1.59615886202576,53.9926284281579],[-1.5961610316395,53.992403741796],[-1.59654233100827,53.9924050221152],[-1.59654016344821,53.9926297085043],[-1.5969214649003,53.9926309876413],[-1.59691929936424,53.9928556740491],[-1.59730060289964,53.9928569520038],[-1.59730276638199,53.9926322655687],[-1.59730492983469,53.992407579125],[-1.59768622929228,53.9924088558157],[-1.59806752877941,53.9924101312968],[-1.59844882829607,53.9924114055684],[-1.59883012784222,53.9924126786305],[-1.59921142741784,53.992413950483],[-1.59959272702289,53.9924152211261],[-1.59997402665736,53.9924164905596],[-1.59997617570484,53.9921918039165],[-1.59997832472287,53.9919671172648],[-1.60035962027944,53.9919683854345],[-1.60035747331503,53.9921930721134],[-1.60073877095457,53.9921943391006],[-1.60112006862344,53.9921956048784],[-1.60150136632161,53.9921968694467],[-1.60149922548875,53.9924215561984],[-1.60111792573693,53.992420291603],[-1.6007366260144,53.992419025798]]],[[[-1.60035962027944,53.9919683854345],[-1.60036176717268,53.9917436985079],[-1.59998047366908,53.9917424303547],[-1.59998262255868,53.991517743276],[-1.60036391400912,53.9915190114161],[-1.60074520548891,53.9915202783465],[-1.60074306070563,53.9917449654515],[-1.6011243542679,53.9917462311854],[-1.60112221148059,53.9919709181451],[-1.60074091586535,53.9919696523945],[-1.60035962027944,53.9919683854345]]],[[[-1.59807184738133,53.9919607582743],[-1.59807400659224,53.9917360714439],[-1.59845529994869,53.9917373456453],[-1.59883659333463,53.9917386186372],[-1.59883443822958,53.991963305499],[-1.59845314279071,53.9919620324914],[-1.59845098555817,53.9921867190342],[-1.59806968809517,53.9921854447899],[-1.59768839066168,53.992184169336],[-1.59769055200147,53.9919594828477],[-1.59807184738133,53.9919607582743]]],[[[-1.59922649855673,53.9908411421588],[-1.59960778378907,53.9908424126786],[-1.59960563293472,53.9910670997697],[-1.59998692024955,53.9910683690931],[-1.59998477141884,53.9912930561888],[-1.5996034820509,53.9912917868523],[-1.59960133113761,53.9915164739263],[-1.59922003974595,53.991515203367],[-1.59922219271237,53.9912905163061],[-1.5992243456493,53.9910658292367],[-1.59884305839331,53.9910645574941],[-1.59846177116677,53.9910632845419],[-1.59846392818035,53.9908385974903],[-1.59884521335381,53.9908398704294],[-1.59922649855673,53.9908411421588]]]]}}