{"type":"Feature","properties":{"code":"E63001374","name":"Liverpool"},"geometry":{"type":"MultiPolygon","coordinates":[[[[-2.81508089197797,53.3584310564466],[-2.81470531031529,53.3584336245692],[-2.81432972859838,53.3584361915127],[-2.81432543931614,53.3582114937834],[-2.81394985937402,53.3582140594056],[-2.81357427937772,53.3582166238487],[-2.81319869932728,53.3582191871126],[-2.81320298312254,53.358443885268],[-2.81282740118896,53.3584464474948],[-2.81283168267707,53.358671143895],[-2.81245609875827,53.3586737049357],[-2.81245181920129,53.3584490085424],[-2.81207623715954,53.3584515684108],[-2.81170065506373,53.3584541271],[-2.81169637858446,53.3582294283765],[-2.81207195885127,53.3582268698293],[-2.81206768059698,53.3580021712363],[-2.81206340239667,53.3577774726318],[-2.81205912425035,53.3575527740159],[-2.81243469897626,53.3575502147155],[-2.81243041905501,53.3573255162302],[-2.81242613918777,53.3571008177333],[-2.81280171020184,53.3570982575378],[-2.81279742855974,53.3568735591715],[-2.81317299769087,53.356870997939],[-2.81316871427398,53.3566462997032],[-2.81354428152217,53.3566437374335],[-2.81354856676787,53.3568684355273],[-2.81392413579073,53.3568658719365],[-2.81429970475942,53.3568633071666],[-2.81430399371689,53.3570880049648],[-2.81467956446022,53.3570854388737],[-2.81468385530068,53.3573101365184],[-2.81468814619529,53.3575348341515],[-2.81506372054217,53.3575322665972],[-2.81506801331985,53.3577569640768],[-2.81544358944139,53.3577543952012],[-2.81544788410219,53.3579790925272],[-2.8158234619984,53.3579765223305],[-2.81581916550866,53.3577518251466],[-2.81581486907315,53.3575271279512],[-2.81581057269187,53.3573024307443],[-2.81618614504704,53.3572998597947],[-2.81619044325721,53.3575245568595],[-2.81619474152163,53.3577492539128],[-2.81657031748029,53.3577466814999],[-2.8165746176279,53.3579713783996],[-2.81619903984031,53.3579739509546],[-2.81620333821324,53.3581986479849],[-2.81582775854237,53.3582012195029],[-2.8154521788172,53.3582037898418],[-2.81545647358641,53.3584284871448],[-2.81508089197797,53.3584310564466]]],[[[-2.81521829145401,53.365621221265],[-2.81521399679188,53.36539652882],[-2.81558964307871,53.3653939626877],[-2.81596528930522,53.3653913953702],[-2.81596958815415,53.3656160880286],[-2.81559393983424,53.3656186552394],[-2.81559823665002,53.3658433477853],[-2.81560253352605,53.3660680403254],[-2.81522688095892,53.3660706061375],[-2.81485122833151,53.3660731707644],[-2.81485552108082,53.3662978630852],[-2.81447986629964,53.3663004264202],[-2.81410421145823,53.3663029885701],[-2.8140999228959,53.3660782964629],[-2.81409563439372,53.3658536043499],[-2.81447128504818,53.3658510419865],[-2.8144669945127,53.3656263497609],[-2.81484264301348,53.3656237861055],[-2.81521829145401,53.365621221265]]],[[[-2.97778784887301,53.4428285706677],[-2.97741153230382,53.4428316503627],[-2.97703521566524,53.4428347288722],[-2.97704036894212,53.4430594042015],[-2.97666405024776,53.4430624815455],[-2.97628773148407,53.443065557704],[-2.97591141265106,53.443068632677],[-2.97553509374878,53.4430717064645],[-2.97554023914921,53.4432963818649],[-2.97554538461888,53.4435210572567],[-2.97555053015777,53.4437457326399],[-2.97592685501948,53.4437426587925],[-2.97593200261414,53.443967334147],[-2.97593715027805,53.4441920094928],[-2.97631347904355,53.44418893442],[-2.97631862876331,53.4444136097371],[-2.97632377855236,53.4446382850456],[-2.97670011122173,53.4446352087472],[-2.9767052630667,53.4448598840271],[-2.97671041498099,53.4450845592982],[-2.97633407833833,53.4450876356365],[-2.97633922833525,53.445312310919],[-2.97596288963659,53.4453153860917],[-2.9759680377161,53.4455400613854],[-2.97597318586487,53.4457647366705],[-2.97597833408292,53.4459894119469],[-2.97560198935474,53.4459924859938],[-2.97560713565526,53.4462171612815],[-2.97523078887101,53.4462202341628],[-2.97523593325396,53.4464449094617],[-2.97485958441364,53.4464479811773],[-2.97486472687896,53.4466726564875],[-2.97448837598256,53.4466757270374],[-2.97411202501697,53.4466787964015],[-2.97373567398221,53.4466818645801],[-2.97335932287831,53.4466849315729],[-2.9733644574653,53.4469096069541],[-2.97336959212139,53.4471342823267],[-2.97337472684656,53.4473589576905],[-2.97375108391119,53.447355890638],[-2.97375622069242,53.4475805659732],[-2.97376135754277,53.4478052412998],[-2.97376649446224,53.4480299166177],[-2.97377163145084,53.448254591927],[-2.97377676850855,53.4484792672276],[-2.9737819056354,53.4487039425195],[-2.97378704283137,53.4489286178027],[-2.97341067185744,53.4489316849946],[-2.97341580713539,53.449156360289],[-2.97342094248244,53.4493810355748],[-2.97304456746506,53.4493841016207],[-2.97304970089401,53.4496087769177],[-2.97305483439203,53.449833452206],[-2.97267845533111,53.449836517106],[-2.9723020762011,53.4498395808201],[-2.97192569700204,53.4498426433484],[-2.97154931773395,53.4498457046909],[-2.97155444335202,53.45007038005],[-2.97155956909689,53.4502950556655],[-2.97118318579043,53.4502981158829],[-2.97118830991018,53.4505227928379],[-2.9711934340988,53.4507474697843],[-2.9708170467536,53.4507505288469],[-2.97082216902616,53.4509752058004],[-2.97044577962712,53.4509782636927],[-2.97045089998356,53.4512029406532],[-2.97045602040884,53.4514276176052],[-2.97007962697094,53.4514306743426],[-2.97008474548002,53.4516553513016],[-2.9700898640579,53.4518800282521],[-2.96971346658107,53.4518830838347],[-2.96971858324267,53.4521077607921],[-2.96934218371194,53.4521108152043],[-2.96934729845721,53.4523354921688],[-2.96935241327124,53.4525601691247],[-2.96972881677224,53.4525571146814],[-2.97010522020442,53.452554059052],[-2.97048162356776,53.4525510022366],[-2.97047650279829,53.4523263253275],[-2.97085290410762,53.4523232673416],[-2.97122930534805,53.4523202081697],[-2.97160570651955,53.4523171478118],[-2.97161083324443,53.4525418246742],[-2.97161596003823,53.452766501528],[-2.97162108690096,53.4529911783732],[-2.9716262138326,53.4532158552099],[-2.97163134083318,53.453440532038],[-2.97163646790268,53.4536652088576],[-2.9716415950411,53.4538898856685],[-2.97164672224846,53.454114562471],[-2.97165184952474,53.4543392392649],[-2.97165697686996,53.4545639160502],[-2.97166210428411,53.4547885928269],[-2.9716672317672,53.4550132695951],[-2.97167235931922,53.4552379463548],[-2.97167748694017,53.4554626231059],[-2.97168261463007,53.4556872998484],[-2.9716877423889,53.4559119765823],[-2.97169287021667,53.4561366533077],[-2.97169799811339,53.4563613300246],[-2.97170312607904,53.4565860067329],[-2.97170825411365,53.4568106834326],[-2.97171338221719,53.4570353601237],[-2.97208982501323,53.4570322982516],[-2.97209495517142,53.4572569749186],[-2.97210008539859,53.457481651577],[-2.97210521569473,53.4577063282268],[-2.97211034605985,53.4579310048681],[-2.97211547649394,53.4581556815009],[-2.97249192914973,53.4581526183643],[-2.97249706163864,53.4583772949728],[-2.97250219422194,53.458601971715],[-2.97212573760175,53.4586050349201],[-2.97174928091287,53.4586080969392],[-2.97137282415532,53.4586111577723],[-2.97137795133729,53.4588358371215],[-2.97175441006894,53.4588327762609],[-2.97213086873193,53.4588297142143],[-2.97250732732623,53.4588266509818],[-2.9725124604992,53.4590513302396],[-2.97288892099891,53.4590482657935],[-2.97289405621474,53.4592729450149],[-2.97289919149928,53.4594976242275],[-2.97290432685254,53.4597223034312],[-2.97290946227453,53.459946982626],[-2.97253299387803,53.4599500471821],[-2.97215652541281,53.4599531105521],[-2.97178005687888,53.4599561727361],[-2.97178518644679,53.4601808520045],[-2.97179031608334,53.460405531264],[-2.97179544578854,53.4606302105146],[-2.97180057556238,53.4608548897564],[-2.97180570540487,53.4610795689893],[-2.97218218381039,53.4610765066679],[-2.97255866214721,53.4610734431604],[-2.9729351404153,53.4610703784668],[-2.97331161861463,53.4610673125871],[-2.97368809674517,53.4610642455212],[-2.97369323652829,53.4612889246077],[-2.9736983763802,53.4615136036853],[-2.97370351630089,53.461738282754],[-2.97370865629037,53.4619629618138],[-2.97371379634863,53.4621876408648],[-2.97371893647568,53.4624123199068],[-2.97372407667152,53.46263699894],[-2.97372921693615,53.4628616779643],[-2.9733527230097,53.4628647452503],[-2.97335786136852,53.4630894242932],[-2.97336299979609,53.4633141033273],[-2.97336813829244,53.4635387823525],[-2.97374463814279,53.4635357149839],[-2.97374977868259,53.4637603939726],[-2.97337327685755,53.4637634613687],[-2.97337841549144,53.4639881403761],[-2.97300191162288,53.4639912066135],[-2.97300704835079,53.4642158856396],[-2.97263054243871,53.4642189507182],[-2.9726356772606,53.4644436297629],[-2.97264081215121,53.4646683087987],[-2.97226430222081,53.4646713727461],[-2.97226943520531,53.4648960518005],[-2.97189292323136,53.4648991145891],[-2.97189805430971,53.4651237936621],[-2.9715215402922,53.465126855292],[-2.97152666946434,53.4653515343836],[-2.97115015340328,53.4653545948547],[-2.97115528066915,53.4655792739648],[-2.97116040800364,53.4658039530662],[-2.97078388792408,53.4658070124058],[-2.97078901335223,53.4660316915257],[-2.97041249122908,53.4660347497065],[-2.97041761475084,53.466259428845],[-2.97004109058409,53.4662624858669],[-2.9700462121994,53.466487165024],[-2.96966968598906,53.466490220887],[-2.96967480569786,53.4667149000626],[-2.96929827744392,53.4667179547667],[-2.96930339521529,53.4669426339495],[-2.96892686491353,53.4669456874925],[-2.96855033454339,53.466948739849],[-2.96855544812922,53.4671734189536],[-2.9681789157199,53.4671764701461],[-2.9681840274032,53.4674011492645],[-2.96780749239531,53.4674041991851],[-2.96781260218299,53.4676288783232],[-2.96743606467781,53.4676319270002],[-2.96744117255092,53.4678566061582],[-2.96706463299395,53.4678596536775],[-2.96668809336839,53.4678627000105],[-2.96631155367428,53.4678657451571],[-2.96631665566634,53.4680904243923],[-2.96594011392048,53.4680934683812],[-2.96556357210611,53.4680965111837],[-2.96518703022326,53.4680995527999],[-2.96481048827195,53.4681025932297],[-2.96443394625221,53.4681056324731],[-2.96405740416408,53.4681086705301],[-2.96368086200756,53.4681117074008],[-2.9633043197827,53.4681147430851],[-2.96292777748952,53.468117777583],[-2.96255123512805,53.4681208108945],[-2.9621746926983,53.4681238430196],[-2.96179815020032,53.4681268739584],[-2.96179307200688,53.4679021943796],[-2.96141653142391,53.4679052241034],[-2.96103999077274,53.4679082526408],[-2.96103491661389,53.467683572996],[-2.96065837787777,53.4676866003185],[-2.96028183907352,53.4676896264546],[-2.96028690926597,53.4679143061566],[-2.95991036841041,53.4679173311349],[-2.95990530020117,53.4676926514044],[-2.95990023205997,53.467467971665],[-2.95989516398682,53.4672432919167],[-2.95989009598172,53.4670186121595],[-2.95988502787657,53.466793932379],[-2.95987995971386,53.4665692525789],[-2.95987489161923,53.46634457277],[-2.95986982359268,53.4661198929524],[-2.95949329854364,53.4661229165358],[-2.95948823256978,53.4658982366863],[-2.95911170943725,53.4659012590602],[-2.9591167734265,53.4661259389328],[-2.95912183748378,53.4663506187966],[-2.95912690160909,53.4665752986516],[-2.95913196580243,53.4667999784979],[-2.95950849687355,53.4667969560317],[-2.95951356299074,53.4670216358374],[-2.95951862901272,53.4672463156231],[-2.95914209397057,53.4672493381431],[-2.95914715807741,53.4674740179484],[-2.95915222225224,53.4676986977449],[-2.95877568317573,53.4677017191355],[-2.95878074543535,53.4679263989515],[-2.95878580776293,53.4681510787586],[-2.95879087015849,53.4683757585568],[-2.95841432506427,53.4683787788466],[-2.95841938554451,53.4686034586644],[-2.95842444609269,53.4688281384733],[-2.95804789696388,53.4688311576337],[-2.95805295559667,53.4690558374621],[-2.95805801429737,53.4692805172817],[-2.958063073066,53.4695051970923],[-2.95768651791912,53.4695082151517],[-2.95769157477224,53.4697328949819],[-2.95769663169327,53.4699575748032],[-2.95770168868219,53.4701822546156],[-2.95770674573901,53.4704069344191],[-2.95733018259034,53.4704099514059],[-2.95733523773152,53.470634631229],[-2.95734029294059,53.4708593110431],[-2.95734534821753,53.4710839908484],[-2.95735040356236,53.4713086706447],[-2.95697383241147,53.4713116865588],[-2.95697888584053,53.4715363663747],[-2.95698393933744,53.4717610461817],[-2.95698899290221,53.4719857259798],[-2.9573655700041,53.4719827099803],[-2.95736051445564,53.4717580302106],[-2.95735545897506,53.4715333504321],[-2.95773203204167,53.471530333303],[-2.95772697464533,53.471305653544],[-2.95810354566036,53.4713026352568],[-2.95848011660743,53.4712996157831],[-2.95847505531177,53.4710749360722],[-2.95885162420724,53.4710719154404],[-2.95922819303469,53.4710688936221],[-2.95923325829757,53.471293573276],[-2.95923832362846,53.471518252921],[-2.95924338902737,53.4717429325571],[-2.9592484544943,53.4719676121843],[-2.95925352002924,53.4721922918025],[-2.95887694128348,53.4721953137633],[-2.95888200490269,53.4724199934012],[-2.9588870685899,53.4726446730302],[-2.95889213234511,53.4728693526502],[-2.95889719616831,53.4730940322613],[-2.95890226005951,53.4733187118636],[-2.95852567132673,53.4733217327803],[-2.95853073330205,53.4735464124022],[-2.95853579534534,53.4737710920151],[-2.9585408574566,53.4739957716191],[-2.9581642627041,53.4739987914348],[-2.95778766788363,53.4740018100637],[-2.9574110729952,53.4740048275061],[-2.95703447803884,53.4740078437618],[-2.95665788301458,53.4740108588309],[-2.956652830823,53.4737861790845],[-2.95627623771481,53.4737891929385],[-2.95627118757497,53.4735645131547],[-2.95626613750295,53.4733398333621],[-2.95588954829471,53.4733428459726],[-2.95551295901866,53.4733458573964],[-2.95513636967482,53.4733488676337],[-2.95513132562219,53.4731241877469],[-2.95475473819445,53.4731271967691],[-2.95437815069897,53.4731302046048],[-2.95438319078387,53.4733548845484],[-2.95400660123682,53.4733578912258],[-2.95363001162209,53.4733608967166],[-2.9532534219397,53.4733639010208],[-2.9532584561406,53.4735885810406],[-2.95288186440669,53.4735915841865],[-2.95250527260517,53.4735945861458],[-2.95250024237207,53.4733699060693],[-2.95212365248687,53.4733729068136],[-2.95174706253412,53.4733759063713],[-2.95137047251386,53.4733789047424],[-2.95099388249183,53.4733819017668],[-2.95061729240565,53.4733848975965],[-2.95024070225208,53.4733878922393],[-2.94986411203114,53.4733908856954],[-2.94948752174286,53.4733938779646],[-2.94911093138726,53.473396869047],[-2.94873434096438,53.4733998589426],[-2.94835775047423,53.4734028476514],[-2.94836275889756,53.4736275279862],[-2.94798616635804,53.4736305155294],[-2.94760957375131,53.4736335018859],[-2.94760456929226,53.4734088215085],[-2.94722797860049,53.4734118066569],[-2.94685138784156,53.4734147906185],[-2.94685638833634,53.4736394710383],[-2.94647979552814,53.4736424538343],[-2.94610320265284,53.4736454354435],[-2.94609820612235,53.4734207549812],[-2.94647479701551,53.4734177733932],[-2.94646979856994,53.4731930929434],[-2.9460932096589,53.4731960745102],[-2.94571662068079,53.4731990548901],[-2.94534003163563,53.4732020340832],[-2.94496344252345,53.4732050120895],[-2.94458685334427,53.473207988909],[-2.94421026409813,53.4732109645417],[-2.94383367478505,53.4732139389876],[-2.94345708540505,53.4732169122467],[-2.94346206799365,53.4734415928661],[-2.94308547656464,53.4734445649595],[-2.94270888506877,53.4734475358661],[-2.94233229350607,53.473450505586],[-2.94195570187656,53.473453474119],[-2.94157911018026,53.4734564414652],[-2.94120251841721,53.4734594076245],[-2.94082592658743,53.4734623725971],[-2.94044933469095,53.4734653363828],[-2.9400727427278,53.4734682989818],[-2.939696150698,53.4734712603939],[-2.93931955860157,53.4734742206192],[-2.93894296643855,53.4734771796576],[-2.93894792530811,53.4737018605215],[-2.93857133109635,53.4737048183942],[-2.93819473681806,53.4737077750801],[-2.93781814247324,53.4737107305791],[-2.93744154806194,53.4737136848913],[-2.93706495358418,53.4737166380167],[-2.93668835903998,53.4737195899552],[-2.93631176442936,53.4737225407069],[-2.93593516975238,53.4737254902718],[-2.93555857500903,53.4737284386498],[-2.93518198019935,53.4737313858411],[-2.93480538532337,53.4737343318454],[-2.93442879003576,53.4737372769011],[-2.93405219452508,53.4737402208779],[-2.93405712767736,53.4739649020059],[-2.93368053010491,53.4739678448195],[-2.93330393246593,53.4739707864465],[-2.93329900330406,53.4737461052712],[-2.93329407420867,53.4735214240873],[-2.93328914517974,53.4732967428945],[-2.93328421621729,53.4730720616929],[-2.93327928732132,53.4728473804826],[-2.93327435849182,53.4726226992635],[-2.93326942972878,53.4723980180356],[-2.93326450103221,53.472173336799],[-2.9332595724021,53.4719486555536],[-2.93325464383847,53.4717239742993],[-2.93324971534129,53.4714992930364],[-2.93324478691058,53.4712746117646],[-2.9328682131458,53.4712775519213],[-2.93286328677643,53.4710528706172],[-2.93323985854634,53.4710499304841],[-2.93323493024855,53.4708252491948],[-2.93285836047351,53.4708281893042],[-2.93248179063199,53.4708311282271],[-2.93210522072405,53.4708340659633],[-2.93172865074969,53.4708370025129],[-2.93135208070895,53.4708399378758],[-2.93135699903243,53.4710646192831],[-2.93098042693046,53.471067553483],[-2.93097551060184,53.4708428720521],[-2.93059894042841,53.4708458050418],[-2.93059402616092,53.4706211235786],[-2.9305891119597,53.4703964421066],[-2.93058419782476,53.4701717606259],[-2.93020763356945,53.4701746923583],[-2.92983106924788,53.470177622904],[-2.92945450486005,53.4701805522632],[-2.92907794040601,53.4701834804357],[-2.9290828465618,53.4704081620106],[-2.92945941301064,53.4704052338145],[-2.92983597939325,53.4704023044319],[-2.92984088960484,53.4706269859509],[-2.92946432122741,53.4706299153571],[-2.92946922951037,53.4708545968909],[-2.92909265907188,53.470857525134],[-2.92909756542617,53.4710822066826],[-2.9287209929266,53.4710851337625],[-2.92872589735216,53.4713098153258],[-2.92873080184385,53.4715344968803],[-2.92835422528828,53.4715374228206],[-2.92835912785116,53.4717621043899],[-2.92836403048016,53.4719867859504],[-2.92836893317528,53.472211467502],[-2.9283738359365,53.472436149045],[-2.92875042047203,53.4724332230107],[-2.92875532529445,53.4726579045213],[-2.928760230183,53.4728825860232],[-2.92838364165732,53.4728855121045],[-2.92838854461691,53.4731101936211],[-2.92839344764262,53.4733348751289],[-2.92801685506053,53.4733378000705],[-2.9280217561572,53.473562481593],[-2.92764516151381,53.4735654053713],[-2.92765006068138,53.4737900869086],[-2.92727346397669,53.4737930095236],[-2.9272783612151,53.4740176910756],[-2.9269017624491,53.4740206125273],[-2.92690665775831,53.4742452940939],[-2.926530056931,53.4742482143823],[-2.92615345603767,53.4742511334839],[-2.92615834742234,53.4744758150887],[-2.92578174446772,53.4744787330269],[-2.92578663392305,53.4747034146463],[-2.92541002890714,53.4747063314212],[-2.92541491643307,53.4749310130553],[-2.92503830935588,53.4749339286668],[-2.92504319495236,53.4751586103155],[-2.92466658581388,53.4751615247635],[-2.92428997660951,53.4751644380248],[-2.92429485834337,53.4753891197481],[-2.92391824708792,53.4753920318438],[-2.92392312694865,53.475616713602],[-2.92354651364683,53.4756196245296],[-2.92355139159207,53.4758443062979],[-2.92317477624388,53.4758472160573],[-2.92317965227359,53.4760718978358],[-2.92280303487903,53.4760748064269],[-2.92242641741907,53.4760777138311],[-2.9224312895522,53.4763023956385],[-2.9220546700459,53.4763053018744],[-2.92167805047425,53.4763082069234],[-2.92167318230309,53.4760835250786],[-2.92129656464712,53.4760864289218],[-2.9212916985222,53.4758617470496],[-2.92128683246253,53.4756370651687],[-2.92091021870316,53.4756399677875],[-2.92090535468966,53.4754152858793],[-2.92128196646811,53.4754123832793],[-2.92127710060536,53.4751877013885],[-2.92165371033596,53.4751847976219],[-2.92203032000087,53.4751818926686],[-2.92240692960007,53.4751789865283],[-2.92240205797119,53.474954304716],[-2.92202545036736,53.4749572108328],[-2.92202058079952,53.4747325289883],[-2.92201571129737,53.474507847135],[-2.9216391076185,53.4745107520184],[-2.92163424017731,53.4742860701331],[-2.92125763842807,53.4742889738063],[-2.9212527730478,53.4740642918889],[-2.92124790773315,53.4738396099626],[-2.92162450549187,53.473836706336],[-2.92161963824762,53.4736120244243],[-2.921614771069,53.4733873425039],[-2.92123817730067,53.4733902460839],[-2.92123331218286,53.4731655641313],[-2.92122844713066,53.4729408821701],[-2.920851857287,53.4729437845167],[-2.92084699429552,53.4727191025233],[-2.92084213136963,53.4724944205211],[-2.92083726850931,53.4722697385102],[-2.92046068458529,53.4722726396002],[-2.92045582378559,53.4720479575572],[-2.92045096305144,53.4718232755055],[-2.92044610238285,53.4715985934449],[-2.92006952437825,53.4716014932783],[-2.92006466577016,53.4713768111858],[-2.92005980722759,53.4711521290844],[-2.92005494875054,53.4709274469743],[-2.91967837666517,53.4709303455512],[-2.91967352024852,53.4707056634091],[-2.91966866389735,53.4704809812581],[-2.91929209573618,53.4704838786018],[-2.9189155275095,53.4704867747589],[-2.91853895921736,53.4704896697293],[-2.91853410891615,53.4702649874999],[-2.91815754255339,53.4702678812604],[-2.91815269431239,53.470043198999],[-2.91814784613677,53.4698185167287],[-2.91777128378721,53.4698214090727],[-2.91776643766907,53.4695967267642],[-2.91738987728672,53.4695996178036],[-2.91701331683918,53.4696025076565],[-2.91701815898056,53.4698271900195],[-2.91739472141648,53.4698243001394],[-2.9173995656114,53.4700489824663],[-2.91702300118709,53.4700518723737],[-2.9166464366976,53.4700547610946],[-2.91626987214297,53.470057648629],[-2.91589330752323,53.4700605349768],[-2.91588847128191,53.4698358525409],[-2.91588363510564,53.4696111700962],[-2.91587879899443,53.4693864876425],[-2.91550224027472,53.4693893727222],[-2.91549740621689,53.4691646902325],[-2.91549257222407,53.4689400077339],[-2.91511601741593,53.4689428915726],[-2.91511118547641,53.4687182090379],[-2.91510635360189,53.4684935264944],[-2.91510152179237,53.468268843942],[-2.91509669004783,53.4680441613807],[-2.91509185836829,53.4678194788105],[-2.91508702675374,53.4675947962315],[-2.91508219520418,53.4673701136436],[-2.91507736371961,53.4671454310468],[-2.91507253230131,53.4669207484521],[-2.91469599532034,53.4669236308487],[-2.9146911660905,53.4666989493282],[-2.9146863369262,53.4664742678027],[-2.91468150782704,53.4662495862687],[-2.91430497676557,53.4662524674448],[-2.91430014972652,53.4660277858923],[-2.91429532275258,53.4658031043314],[-2.91429049584374,53.465578422762],[-2.91391397070196,53.4655813027211],[-2.91390914585312,53.4653566211332],[-2.91353262264112,53.4653594998955],[-2.91315609936405,53.465362377471],[-2.91315127857002,53.4651376958546],[-2.91314645784101,53.4649130142297],[-2.91276993848859,53.4649158905984],[-2.91277475722275,53.4651405722333],[-2.91239823581046,53.4651434474253],[-2.91202171433317,53.4651463214306],[-2.9116451927909,53.4651491942491],[-2.91164038004127,53.464924512584],[-2.9112638604289,53.4649273842058],[-2.91088734075162,53.4649302546408],[-2.91089214951156,53.4651549363259],[-2.91051562777453,53.4651578055842],[-2.91013910597264,53.4651606736557],[-2.90976258410591,53.4651635405405],[-2.90938606217436,53.4651664062386],[-2.90900954017803,53.4651692707499],[-2.90900474139235,53.464944589015],[-2.90862822132612,53.4649474523296],[-2.90825170119516,53.4649503144575],[-2.90787518099948,53.4649531753987],[-2.90749866073914,53.4649560351532],[-2.90712214041414,53.4649588937209],[-2.90674562002452,53.4649617511019],[-2.90675040684106,53.4651864328964],[-2.90637388439198,53.4651892891005],[-2.90599736187834,53.4651921441179],[-2.90562083930014,53.4651949979486],[-2.90524431665744,53.4651978505925],[-2.90523953782035,53.4649731687585],[-2.9056160584682,53.4649703161244],[-2.90599257905152,53.4649674623036],[-2.90598779628922,53.4647427804809],[-2.90561127770074,53.4647456342918],[-2.90560649699776,53.4645209524508],[-2.90522998033956,53.4645238050652],[-2.90485346361689,53.4645266564928],[-2.90485824033024,53.4647513383535],[-2.90486301710802,53.4649760202058],[-2.90448649633123,53.4649788704664],[-2.90449127117858,53.46520355232],[-2.90449604609033,53.4654282341653],[-2.90411952125934,53.4654310832588],[-2.90412429424058,53.4656557651055],[-2.9041290672862,53.4658804469438],[-2.9041338403962,53.4661051287736],[-2.90375730951595,53.4661079767098],[-2.90376208069533,53.466332658541],[-2.90376685193907,53.4665573403638],[-2.90377162324716,53.4667820221782],[-2.90377639474641,53.4670067045872],[-2.90339985582861,53.467009551403],[-2.90340462561786,53.4672342348473],[-2.90302808464777,53.4672370805036],[-2.90303285251306,53.467461763966],[-2.90340939547128,53.4674589182828],[-2.90341416538885,53.4676836017094],[-2.90379071027102,53.4676807548129],[-2.90379548224093,53.4679054382038],[-2.90380025427503,53.4681301215858],[-2.90417680306935,53.468127273449],[-2.90418157715586,53.4683519567952],[-2.90418635130659,53.4685766401325],[-2.90419112552153,53.468801323461],[-2.90456768021635,53.468798474057],[-2.90457245648383,53.4690231573497],[-2.90457723281554,53.4692478406335],[-2.90458200921152,53.4694725239085],[-2.90495856980705,53.4694696732372],[-2.90496334825565,53.4696943564764],[-2.90533991077525,53.4696915045916],[-2.90534469127654,53.469916187795],[-2.90496812676852,53.4699190397067],[-2.9045915621962,53.4699218904319],[-2.90458678567173,53.4696972071746],[-2.90421022302353,53.4697000566864],[-2.90383366031107,53.4697029050116],[-2.90345709753438,53.4697057521504],[-2.90308053469349,53.4697085981026],[-2.90270397178842,53.4697114428683],[-2.90232740881921,53.4697142864475],[-2.90232264428932,53.4694896030199],[-2.90194608324437,53.4694924453857],[-2.90156952213533,53.4694952865649],[-2.90156476164626,53.4692706030748],[-2.90118820246363,53.4692734431353],[-2.90081164321953,53.4692762821238],[-2.90043508391142,53.4692791199257],[-2.90043032945107,53.4690544363675],[-2.90005377206716,53.4690572729635],[-2.8996772146193,53.4690601083727],[-2.89967246419921,53.4688354247674],[-2.89929590867557,53.4688382589708],[-2.89929116030751,53.4686135753377],[-2.89891460670811,53.4686164083352],[-2.89853805304484,53.468619240146],[-2.89853330871686,53.4683945564658],[-2.89815675697784,53.4683973870708],[-2.89815201470175,53.4681727033628],[-2.897775464887,53.468175532762],[-2.89739891500847,53.4681783609745],[-2.89739417677227,53.4679536772196],[-2.89701762881804,53.4679565042263],[-2.8970128926336,53.4677318204435],[-2.89663634660366,53.4677346462445],[-2.89625980051001,53.4677374708589],[-2.89625506836529,53.4675127870291],[-2.89587852419597,53.4675156104377],[-2.89587379410287,53.4672909265802],[-2.89549725185788,53.4672937487831],[-2.89512070954927,53.4672965697994],[-2.8951159834957,53.4670718858951],[-2.89511125762525,53.4668472025689],[-2.89510653205239,53.4666225203831],[-2.89510180654304,53.4663978381887],[-2.89509708109721,53.4661731559856],[-2.89509235571487,53.4659484737738],[-2.89546888610901,53.4659456528923],[-2.89546415880433,53.4657209706906],[-2.89508763039606,53.4657237915534],[-2.89508290514075,53.4654991093243],[-2.89507817994894,53.4652744270866],[-2.89470165544878,53.4652772467254],[-2.89469693230626,53.4650525644603],[-2.89469220922722,53.4648278821865],[-2.89431568863507,53.4648307006013],[-2.89431096760524,53.4646060183002],[-2.89430624663886,53.4643813359904],[-2.89392972995466,53.4643841531812],[-2.8939250110374,53.4641594708441],[-2.89354849627543,53.4641622868298],[-2.89354377940725,53.4639376044653],[-2.89353906260245,53.4637129220921],[-2.89353434586104,53.4634882397103],[-2.89391085466614,53.4634854237807],[-2.89390613600256,53.463260741409],[-2.89428264275864,53.4632579243116],[-2.89465914945125,53.4632551060279],[-2.89465442688,53.4630304236849],[-2.89427792217294,53.4630332419499],[-2.89390141740239,53.4630360590285],[-2.8935249125684,53.4630388749207],[-2.89352962918303,53.4632635573198],[-2.89315312230008,53.4632663720443],[-2.89277661535374,53.4632691855823],[-2.89240010834403,53.4632719979339],[-2.89202360127099,53.4632748090991],[-2.89164709413463,53.4632776190778],[-2.89127058693498,53.4632804278701],[-2.89127529169955,53.4635051103725],[-2.89089878245107,53.463507917997],[-2.89052227313935,53.463510724435],[-2.89014576376443,53.4635135296866],[-2.88976925432633,53.4635163337517],[-2.88939274482507,53.4635191366304],[-2.88901623526069,53.4635219383226],[-2.88863972563321,53.4635247388284],[-2.88864441656175,53.4637494214524],[-2.88826790488559,53.4637522207903],[-2.88826321594265,53.4635275381477],[-2.88788670618905,53.4635303362805],[-2.88788201929472,53.4633056536108],[-2.88825852706274,53.4633028554964],[-2.88863503476771,53.4633000561957],[-2.88901154240961,53.4632972557085],[-2.8893880499884,53.4632944540349],[-2.88976455750408,53.4632916511748],[-2.8901410649566,53.4632888471283],[-2.89051757234594,53.4632860418953],[-2.89089407967208,53.4632832354759],[-2.89088937695629,53.4630585529462],[-2.89126588223364,53.463055745359],[-2.89164238744773,53.4630529365853],[-2.89201889259854,53.4630501266252],[-2.89201418398938,53.4628254441428],[-2.89239068709136,53.4628226330149],[-2.89239539768604,53.4630473154788],[-2.89277190271021,53.4630445031458],[-2.893148407671,53.4630416896265],[-2.89314369310528,53.4628170072],[-2.89352019601717,53.462814192513],[-2.89389669886564,53.4628113766395],[-2.89427320165066,53.4628085595795],[-2.89426848119183,53.4625838772005],[-2.8946449819279,53.4625810589729],[-2.89502148260047,53.4625782395589],[-2.89502620703028,53.4628029219005],[-2.89503093152358,53.4630276042334],[-2.89540743610362,53.4630247835955],[-2.89578394062011,53.4630219617711],[-2.89577921215579,53.4627972794757],[-2.89540270962481,53.4628001012813],[-2.89539798320952,53.4625754189585],[-2.89577448375502,53.4625725971716],[-2.89576975541779,53.4623479148589],[-2.89576502714411,53.4621232325375],[-2.89576029893397,53.4618985502074],[-2.89538380434476,53.461901371938],[-2.89500730969201,53.4619041924822],[-2.89463081497573,53.4619070118401],[-2.89463553722966,53.4621316942263],[-2.89425904046449,53.4621345124165],[-2.89426376079644,53.4623591948128],[-2.89388726198237,53.4623620118353],[-2.89351076310485,53.4623648276715],[-2.89350604674377,53.4621401452377],[-2.89312954978827,53.4621429598687],[-2.89275305276939,53.4621457733134],[-2.89274834044252,53.4619210908336],[-2.89237184534569,53.4619239030732],[-2.89199535018553,53.4619267141264],[-2.89199064189275,53.4617020316006],[-2.89161414865468,53.4617048414488],[-2.89160944241054,53.4614801588958],[-2.89123295109455,53.4614829675389],[-2.89085645971531,53.4614857749957],[-2.89085175750509,53.4612610923968],[-2.89047526804796,53.4612638986486],[-2.89047056788625,53.4610392160223],[-2.8904658677877,53.4608145333875],[-2.89008938223797,53.4608173384157],[-2.89008468418784,53.4605926557536],[-2.88970820056022,53.4605954595769],[-2.88933171686945,53.4605982622138],[-2.88932702285293,53.4603735795058],[-2.88932232889948,53.4601488967892],[-2.88931763500911,53.4599242140639],[-2.88969411274426,53.4599214114827],[-2.88968941693181,53.4596967287674],[-2.88968472118247,53.4594720460434],[-2.8900611948842,53.459469242313],[-2.89005649721286,53.459244559599],[-2.89005179960465,53.4590198768763],[-2.89042826927304,53.4590170719969],[-2.89042356974291,53.4587923892841],[-2.89080003736308,53.4587895832371],[-2.8907953359245,53.4585649006349],[-2.89079063465154,53.4583402187912],[-2.8911670982393,53.4583374116618],[-2.89154356176381,53.4583346033474],[-2.89154826700788,53.458559285055],[-2.89192473245466,53.4585564754876],[-2.89192002522505,53.458331793848],[-2.8919153180587,53.4581071121986],[-2.89153885658299,53.4581099216299],[-2.89153415146541,53.4578852399026],[-2.89152944641108,53.4576605581653],[-2.89190590391582,53.4576577488701],[-2.89190119693928,53.457433067191],[-2.89189649002601,53.457208385502],[-2.89227294349658,53.4572055751579],[-2.89226823466118,53.4569808935271],[-2.89226352588907,53.4567562118864],[-2.89263997532558,53.4567534004936],[-2.89263526463142,53.4565287189111],[-2.89263055400058,53.4563040373187],[-2.8930069994031,53.4563012248771],[-2.89300228685029,53.4560765433429],[-2.89299757436082,53.4558518617988],[-2.89299286193469,53.4556271802448],[-2.89298814957189,53.4554024986809],[-2.89336458697008,53.4553996853268],[-2.89335987268544,53.4551750038211],[-2.89335515846418,53.4549503223055],[-2.89335044430627,53.4547256407801],[-2.89372687568562,53.4547228264454],[-2.89372215960598,53.4544981449781],[-2.89371744358972,53.4542734635009],[-2.89371272763685,53.4540487820139],[-2.89408915299759,53.4540459666987],[-2.89446557829489,53.4540431501987],[-2.89447029821785,53.4542678315495],[-2.89484672543672,53.4542650137966],[-2.89522315259209,53.4542621948589],[-2.89522787654861,53.4544868760636],[-2.89560430562552,53.4544840558729],[-2.89598073463889,53.4544812344974],[-2.89598546262906,53.4547059155559],[-2.89636189356394,53.4547030929275],[-2.89635716358868,53.4544784119372],[-2.89673359247487,53.4544755881921],[-2.89672886057813,53.45425090726],[-2.89672412874499,53.4540262263181],[-2.89671939697545,53.4538015453662],[-2.89634297404434,53.4538043689068],[-2.89633824432337,53.4535796878769],[-2.89633351466596,53.4533550068371],[-2.89632878507212,53.4531303257874],[-2.89595236803227,53.4531331479387],[-2.89594764048689,53.4529084668109],[-2.89594291300505,53.4526837856733],[-2.8955664998714,53.4526866065036],[-2.89556177443794,53.4524619252879],[-2.89555704906799,53.4522372440623],[-2.89555232376155,53.4520125628268],[-2.89554759851861,53.4517878815814],[-2.89517119326064,53.4517907009544],[-2.89516647006595,53.451566019631],[-2.89516174693473,53.4513413382977],[-2.89515702386699,53.4511166569545],[-2.89515230086272,53.4508919756014],[-2.89514757792193,53.4506672942384],[-2.89552397325646,53.4506644752061],[-2.89551924839453,53.4504397939013],[-2.89551452359944,53.4502151123174],[-2.89550979888156,53.449990429603],[-2.89550507422693,53.4497657468784],[-2.89550034963553,53.4495410641437],[-2.89549562510738,53.449316381399],[-2.89549090064245,53.4490916986442],[-2.89586728207492,53.449088878928],[-2.89586255569898,53.4488641962391],[-2.8958578293863,53.4486395135402],[-2.89585310313688,53.4484148308311],[-2.89584837695073,53.448190148112],[-2.89547200341513,53.4481929675238],[-2.89546727926638,53.4479682847185],[-2.89584365082783,53.4479654653827],[-2.89583892476818,53.4477407826434],[-2.89621529429223,53.4477379621993],[-2.89622002232599,53.4479626448626],[-2.89659639376084,53.4479598231581],[-2.89660112383203,53.4481845057352],[-2.89697749717769,53.4481816827703],[-2.89698222928637,53.4484063652612],[-2.89698696145838,53.448631047742],[-2.89699169369373,53.4488557302127],[-2.89699642599243,53.4490804126733],[-2.89700115835447,53.4493050951238],[-2.89700589077986,53.4495297775642],[-2.89701062326858,53.4497544599945],[-2.89701535582066,53.4499791424147],[-2.89702008843608,53.4502038248248],[-2.8970248211587,53.4504285061981],[-2.89702955395904,53.4506531872303],[-2.89703428682298,53.4508778682525],[-2.89703901975053,53.4511025492648],[-2.89704375274169,53.4513272302673],[-2.89704848579646,53.4515519112598],[-2.89705321891484,53.4517765922425],[-2.89705795209683,53.4520012732152],[-2.89668154510841,53.4520040973951],[-2.89668627636922,53.4522287784262],[-2.89669100769363,53.4524534594473],[-2.89669573908162,53.4526781404585],[-2.89707215202449,53.4526753160741],[-2.89706741865166,53.452450635131],[-2.89706268534244,53.4522259541781],[-2.89743909425201,53.4522231287452],[-2.89744382954604,53.45244780963],[-2.89744856490371,53.4526724905049],[-2.89745330032503,53.4528971713698],[-2.89782971512545,53.4528943445477],[-2.8978344525953,53.4531190253346],[-2.89821086931691,53.4531161972595],[-2.89820612986216,53.4528915165409],[-2.89820139047111,53.4526668358123],[-2.89819665114376,53.4524421550738],[-2.89819191188011,53.4522174743255],[-2.89781550309791,53.4522203021277],[-2.89781076588273,53.4519956213012],[-2.89780602873122,53.4517709404648],[-2.89780129164337,53.4515462596186],[-2.89742488875175,53.4515490860315],[-2.89742015371228,53.4513244051072],[-2.89741541873643,53.4510997241729],[-2.89779181765867,53.4510968978963],[-2.89778708076182,53.4508722170204],[-2.89778234392862,53.4506475361345],[-2.89777760715908,53.4504228552387],[-2.89777287047424,53.4501981739719],[-2.89776813391006,53.4499734917141],[-2.89776339740927,53.4497488094461],[-2.89738701037063,53.4497516353125],[-2.89738227590757,53.4495269529583],[-2.89737754150788,53.449302270594],[-2.89737280717156,53.4490775882196],[-2.89736807289861,53.4488529058351],[-2.89736333868903,53.4486282234405],[-2.89735860454282,53.4484035410358],[-2.89735387045997,53.448178858621],[-2.89734913644049,53.4479541761961],[-2.89697276513235,53.4479570002693],[-2.89696803315035,53.4477323177582],[-2.89734440248437,53.4477294937611],[-2.89733966859161,53.4475048113161],[-2.89733493476222,53.4472801288609],[-2.8977113000847,53.4472773038317],[-2.89770656434463,53.4470526214426],[-2.89808292762965,53.4470497953052],[-2.89807818997896,53.4468251129821],[-2.89770182866794,53.4468279390433],[-2.89769709305464,53.4466032566339],[-2.89769235750472,53.4463785742145],[-2.8980687148678,53.4463757483055],[-2.89844507216744,53.4463729212123],[-2.89844033273305,53.446148238935],[-2.89843559336209,53.4459235566475],[-2.89881194665044,53.4459207285223],[-2.8991882998753,53.4459178992128],[-2.89919304319406,53.446142581348],[-2.89956939832931,53.4461397507781],[-2.89994575340101,53.446136919024],[-2.90032210840915,53.4461340860857],[-2.90031735916869,53.445909404179],[-2.90031260999181,53.4456847222623],[-2.90030786087849,53.4454600403354],[-2.90030311182873,53.4452353583985],[-2.90067945887785,53.4452325245806],[-2.90067470791787,53.4450078427097],[-2.90029836284254,53.4450106764514],[-2.89992201770362,53.4450135090089],[-2.89992676471602,53.4452381910321],[-2.89955041753974,53.4452410224816],[-2.89955516264187,53.4454657045709],[-2.89917881342824,53.4454685349123],[-2.89880246415109,53.4454713640694],[-2.89879772299661,53.4452466818279],[-2.8984213756298,53.4452495097247],[-2.89841663651256,53.4450248273969],[-2.89841189745875,53.444800145059],[-2.89803555397605,53.4448029716193],[-2.89803081695941,53.4445782891952],[-2.89802608000617,53.444353606761],[-2.89764974040749,53.4443564319849],[-2.89764500549134,53.4441317494645],[-2.89764027063856,53.4439070669339],[-2.89763553584915,53.4436823843933],[-2.89801186952684,53.4436795593977],[-2.89800713282718,53.443454876923],[-2.89838346446784,53.4434520508194],[-2.89837872585799,53.4432273684108],[-2.89875505546162,53.4432245411991],[-2.89913138500177,53.4432217128033],[-2.89912664250823,53.4429970305369],[-2.89950297001133,53.4429942010331],[-2.89949822560774,53.4427695188327],[-2.89949348126766,53.4425448366222],[-2.8998698047602,53.4425420060866],[-2.89986505851014,53.4423173239422],[-2.90024137996566,53.4423144922987],[-2.90023663180567,53.4420898102203],[-2.90061295122418,53.4420869774688],[-2.90060820105654,53.4418622948315],[-2.90098451843211,53.4418594609341],[-2.90097976610421,53.4416347767612],[-2.90135608143732,53.4416319417203],[-2.90135132719446,53.4414072575795],[-2.90134657301537,53.4411825734295],[-2.90172288387747,53.4411797352568],[-2.90209919466201,53.4411768958379],[-2.90247550538273,53.4411740552351],[-2.90285181603961,53.4411712134482],[-2.90285657812393,53.4413958972601],[-2.9032328906947,53.4413930542111],[-2.90323765482064,53.4416177379347],[-2.9036139693053,53.4416148936236],[-2.90399028372603,53.4416120481285],[-2.90399505187147,53.4418367316857],[-2.90437136820606,53.4418338849284],[-2.90437613819466,53.4420585671235],[-2.90475245644854,53.4420557191385],[-2.90475722834218,53.4422804003673],[-2.90513354851188,53.4422775511319],[-2.90513832244946,53.4425022322848],[-2.90551464453498,53.4424993817992],[-2.90551942051655,53.4427240628762],[-2.90589574451788,53.4427212111402],[-2.90589096655638,53.4424965301292],[-2.90626728851364,53.4424936772749],[-2.90626250863636,53.44226899632],[-2.905886188659,53.4422718491083],[-2.90550986861749,53.4422747007123],[-2.9055050927641,53.4420500196156],[-2.90550031682583,53.4418253375527],[-2.90512400068327,53.4418281878619],[-2.9051192266044,53.4416035045393],[-2.90474291237561,53.4416063535864],[-2.90473814033852,53.4413816701754],[-2.90436182802351,53.4413845179603],[-2.90435705802816,53.441159834461],[-2.90398074762692,53.4411626809838],[-2.90360443716173,53.4411655263226],[-2.90359967118579,53.4409408426568],[-2.90322336263441,53.4409436867335],[-2.90284705401914,53.4409465296262],[-2.9028422920625,53.4407218457941],[-2.90246598536106,53.4407246874247],[-2.90208967859579,53.4407275278714],[-2.90208492065835,53.4405028438728],[-2.9020801627847,53.4402781598641],[-2.90245646559464,53.4402753195737],[-2.90245170580714,53.440050635633],[-2.90244694608345,53.4398259516821],[-2.90244218642356,53.439601267721],[-2.90243742682748,53.4393765837498],[-2.90281372166323,53.4393737425878],[-2.90280896015343,53.4391490586846],[-2.90280419870746,53.4389243747711],[-2.90279943732532,53.4386996908476],[-2.90317572616472,53.438696848736],[-2.90317096286896,53.4384721648804],[-2.90316619963706,53.4382474810146],[-2.90316143646901,53.4380227971387],[-2.90353771931229,53.4380199540776],[-2.90353295423073,53.4377952702696],[-2.90352818921304,53.4375705864515],[-2.90390446803772,53.4375677423628],[-2.9038997011066,53.4373430586127],[-2.90427597789004,53.4373402134183],[-2.90428074679846,53.4375648970903],[-2.90465702549524,53.437562050634],[-2.90503330412804,53.4375592029938],[-2.90540958269683,53.4375563541698],[-2.90578586120158,53.437553504162],[-2.90578108438396,53.4373288208026],[-2.90615736084734,53.4373259696892],[-2.90615258211648,53.4371012863978],[-2.90577630763036,53.4371041374331],[-2.9057715309408,53.4368794540534],[-2.90576675431527,53.4366547706635],[-2.90576197775377,53.4364300872635],[-2.90613824630823,53.4364272364627],[-2.90613346783359,53.4362025531307],[-2.9065097343468,53.4361997012244],[-2.90650495395908,53.4359750179604],[-2.90650017363544,53.4357503346862],[-2.90687643613029,53.4357474817525],[-2.90687165389364,53.4355227985464],[-2.90649539337588,53.4355256514019],[-2.90649061318039,53.4353009681074],[-2.90648583304899,53.4350762848027],[-2.90686208961266,53.4350734321036],[-2.90723834611221,53.4350705782209],[-2.90723356209087,53.4348458950624],[-2.90722877813365,53.4346212118938],[-2.90760503061507,53.4346183569837],[-2.90760024474503,53.4343936738832],[-2.90759545893915,53.4341689907725],[-2.9072192104116,53.4341718455261],[-2.90721442664676,53.4339471623271],[-2.90683818003196,53.4339500158188],[-2.90683339830812,53.4337253325314],[-2.90720964294605,53.4337224791178],[-2.90720485918407,53.4334977953377],[-2.90758110177598,53.4334949407872],[-2.90757631593094,53.4332702562933],[-2.9079525564788,53.4332674006028],[-2.90832879696237,53.4332645437279],[-2.90832400722202,53.4330398593138],[-2.90870024566152,53.4330370012989],[-2.9086954540057,53.4328123169201],[-2.90869066241417,53.432587632532],[-2.90906689682989,53.4325847734218],[-2.90906210332298,53.432360089069],[-2.90868587088695,53.4323629481346],[-2.90830963838659,53.4323658060157],[-2.90831442793413,53.4325904904577],[-2.90831921754594,53.4328151748904],[-2.90794298102187,53.4328180316762],[-2.90793819338978,53.432593347199],[-2.90756195878116,53.4325962027558],[-2.907557173193,53.4323715182247],[-2.90718094049982,53.4323743725525],[-2.90680470774242,53.4323772256958],[-2.90679992617781,53.4321525410663],[-2.90642369533588,53.4321553929806],[-2.90641891581507,53.4319307082972],[-2.90604268688861,53.4319335589826],[-2.90603790941156,53.4317088742454],[-2.90566168240058,53.4317117237019],[-2.90565690696721,53.4314870389109],[-2.90528068187171,53.4314898871384],[-2.905275908482,53.4312652022936],[-2.90489968530198,53.4312680492922],[-2.9045234620579,53.4312708951063],[-2.9041472387498,53.4312737397361],[-2.90415200620082,53.4314984247143],[-2.90377578084914,53.4315012682041],[-2.90378054638454,53.4317259532175],[-2.90340431898929,53.4317287955673],[-2.90302809153008,53.4317316367327],[-2.90303285317018,53.4319563218256],[-2.90265662366743,53.431959161851],[-2.90266138339177,53.432183846979],[-2.90228515184546,53.4321866858644],[-2.90228990965399,53.4324113710276],[-2.90191367606413,53.4324142087728],[-2.90153744241041,53.4324170453337],[-2.90154219632337,53.4326417305763],[-2.90116596042287,53.4326445656082],[-2.90117071242087,53.4328692508852],[-2.90079447427259,53.4328720843808],[-2.90079922434666,53.4330967696724],[-2.9004229841465,53.4330996020064],[-2.90042773229657,53.4333242873127],[-2.90005149004452,53.433327118485],[-2.90005623627055,53.4335518038059],[-2.8996799919666,53.4335546338166],[-2.89968473610283,53.4337793185695],[-2.89930848975304,53.4337821474246],[-2.89931323193991,53.4340068320857],[-2.89893698354872,53.4340096597976],[-2.89856073509394,53.4340124863248],[-2.89856547338877,53.4342371710593],[-2.89818922289262,53.4342399964432],[-2.89819395927314,53.4344646812097],[-2.89781770673561,53.4344675054502],[-2.89782244120178,53.4346921902488],[-2.89744618662287,53.434695013346],[-2.89745091917463,53.4349196981766],[-2.89745565178984,53.435144382998],[-2.89707939319163,53.435147204993],[-2.89708412389235,53.4353718898464],[-2.89670786325273,53.435374710698],[-2.89671259203891,53.4355993955835],[-2.89633632935786,53.4356022152916],[-2.89634105622945,53.4358269002091],[-2.89596479150699,53.4358297187737],[-2.89596951646393,53.4360544037232],[-2.89559324970005,53.4360572211444],[-2.89521698287281,53.4360600373808],[-2.89522170393698,53.4362847224035],[-2.89484543506835,53.4362875374965],[-2.89485015421773,53.4365122225511],[-2.8944738833077,53.4365150365005],[-2.89447860054225,53.4367397215871],[-2.89410232759082,53.436742534393],[-2.89372605457612,53.4367453460141],[-2.89373076791764,53.4369700311739],[-2.89335449286157,53.4369728416514],[-2.89335920428811,53.4371975268431],[-2.89298292719066,53.437200336177],[-2.89298763670218,53.4374250214006],[-2.89261135756335,53.4374278295909],[-2.89223507836136,53.4374306365965],[-2.89223978397957,53.4376553218931],[-2.89186350273622,53.437658127755],[-2.89148722142977,53.4376609324321],[-2.89149192315457,53.4378856178018],[-2.89111563980678,53.4378884213352],[-2.89112033961634,53.4381131067368],[-2.89112503948891,53.4383377921292],[-2.89074875212147,53.43834059456],[-2.89037246469101,53.438343395806],[-2.89037716066992,53.4385680812713],[-2.89000087119811,53.4385708813735],[-2.89000556526163,53.4387955668707],[-2.88962927374847,53.4387983658292],[-2.88925298217237,53.4388011636028],[-2.88887669053334,53.4388039601917],[-2.88850039883142,53.4388067555956],[-2.8884957126814,53.4385820699343],[-2.88811942289498,53.4385848641124],[-2.88811473878614,53.4383601784007],[-2.88773845091524,53.438362971353],[-2.88773376884753,53.4381382855911],[-2.88735748289213,53.4381410773176],[-2.88698119687395,53.4381438678592],[-2.88697651882562,53.4379191820061],[-2.88660023472297,53.4379219713219],[-2.88660491079301,53.438146657216],[-2.88660958692574,53.4383713431008],[-2.88698587498501,53.438368553703],[-2.88736216298151,53.4383657631204],[-2.88736684313365,53.4385904489141],[-2.88737152334855,53.4388151346985],[-2.887747815239,53.4388123428491],[-2.88775249749506,53.4390370285833],[-2.8881287913011,53.439034235508],[-2.88813347559836,53.439258921192],[-2.88813815995845,53.4394836068667],[-2.88814284438135,53.4397082925323],[-2.88776654463994,53.4397110857307],[-2.88777122714715,53.4399357714281],[-2.88739492536442,53.4399385634826],[-2.88739960595587,53.4401632492117],[-2.88740428661009,53.4403879349317],[-2.88740896732708,53.4406126206424],[-2.88703265954585,53.4406154116351],[-2.88703733834699,53.4408400973776],[-2.88666102852437,53.4408428872263],[-2.88628471863901,53.44084567589],[-2.88628939354559,53.4410703617053],[-2.88591308161885,53.4410731492251],[-2.88591775460945,53.4412978350722],[-2.88554144064135,53.441300621448],[-2.88554611171591,53.4415253073269],[-2.88516979570643,53.4415280925587],[-2.88479347963431,53.4415308766056],[-2.88479814681404,53.4417555625571],[-2.88442182894939,53.4417583460543],[-2.88442649417515,53.4419830318402],[-2.88405017435862,53.4419858144067],[-2.88367385447941,53.4419885957883],[-2.88367851571371,53.4422132811299],[-2.88330219378854,53.4422160613732],[-2.88330685310213,53.4424407467519],[-2.88293052913101,53.4424435258569],[-2.88255420509729,53.4424463037769],[-2.88254954975037,53.4422216183052],[-2.88217322763741,53.442224394994],[-2.88179690546191,53.4422271704978],[-2.88142058322389,53.4422299448169],[-2.88104426092337,53.442232717951],[-2.8806679385604,53.4422354899003],[-2.88067258399064,53.4424601756043],[-2.88029625958188,53.4424629464152],[-2.87991993511072,53.4424657160412],[-2.87954361057716,53.4424684844823],[-2.87954825011971,53.4426931703162],[-2.87917192354043,53.4426959376188],[-2.87879559689882,53.4426987037366],[-2.8788002325369,53.4429233896539],[-2.87842390384958,53.4429261546332],[-2.87842853756651,53.4431508405875],[-2.87805220683348,53.4431536044282],[-2.87805683862921,53.4433782904196],[-2.87768050585047,53.4433810531218],[-2.87730417300951,53.443383814639],[-2.87692784010633,53.4433865749714],[-2.87655150714099,53.4433893341189],[-2.87617517411349,53.4433920920814],[-2.87579884102387,53.443394848859],[-2.87579422112888,53.4431701625897],[-2.87578960129595,53.442945476311],[-2.87616593041868,53.442942719626],[-2.87616130866442,53.4427180333843],[-2.87615668697224,53.4424933471333],[-2.87653301206606,53.442490589356],[-2.87652838845262,53.442265903142],[-2.87652376490128,53.4420412169186],[-2.87651914136642,53.44181653053],[-2.87689546044642,53.4418137716937],[-2.87689083494159,53.4415890851611],[-2.87651451784599,53.4415918439696],[-2.87613820068823,53.4415946015927],[-2.87614282222426,53.4418192881811],[-2.87576650301995,53.4418220446468],[-2.87539018375352,53.4418247999272],[-2.87501386442501,53.4418275540223],[-2.87500924884219,53.4416028673505],[-2.8750046333214,53.4413781806697],[-2.87538094868114,53.4413754266303],[-2.87537633123803,53.4411507399684],[-2.87575264455132,53.4411479847716],[-2.87574802518594,53.4409232981288],[-2.8761243364528,53.4409205417745],[-2.87611971516521,53.4406958551506],[-2.87649602438564,53.440693097639],[-2.87649140117588,53.4404684110341],[-2.87686770834988,53.4404656523651],[-2.87686308321801,53.4402409657792],[-2.87648677802826,53.4402437244204],[-2.87611047277634,53.4402464818763],[-2.87610585167506,53.4400217952258],[-2.87572954834522,53.4400245514686],[-2.87572492929023,53.4397998647813],[-2.87572031029732,53.4395751780852],[-2.87609660965881,53.4395724218981],[-2.87609198874383,53.439347735221],[-2.87646828605905,53.4393449778766],[-2.87646366322207,53.4391202912184],[-2.87683995849103,53.4391175327167],[-2.87683533373209,53.4388928460775],[-2.87721162695479,53.4388900864185],[-2.87758792011527,53.4388873255743],[-2.87796421321353,53.4388845635449],[-2.8779688439247,53.4391092501004],[-2.87834513894476,53.4391064868579],[-2.87834977170226,53.4393311733766],[-2.87835440452202,53.4395558598863],[-2.87873070344803,53.4395530954028],[-2.87872606864414,53.439328408921],[-2.87910236552369,53.4393256432802],[-2.87909772879799,53.4391009568174],[-2.8794740236311,53.4390981900194],[-2.87985031840185,53.4390954220362],[-2.87984567777031,53.4388707356204],[-2.88022197049459,53.43886796648],[-2.88021732794138,53.4386432800833],[-2.88059361861919,53.4386405097857],[-2.88096990923455,53.438637738303],[-2.88134619978744,53.438634965635],[-2.88135084829277,53.4388596519477],[-2.88135549686058,53.4390843382516],[-2.88173179131907,53.4390815643425],[-2.88210808571503,53.4390787892482],[-2.88248438004843,53.4390760129687],[-2.88248903463097,53.4393006991796],[-2.88249368927607,53.4395253853816],[-2.88249834398372,53.4397500715747],[-2.88250299875393,53.4399747577589],[-2.88287930096126,53.4399719801822],[-2.88288395777822,53.4401966663294],[-2.88326026190713,53.4401938875394],[-2.8836365659734,53.4401911075641],[-2.88364122682138,53.4404157936464],[-2.88401753280919,53.4404130124578],[-2.88401286997699,53.4401883264036],[-2.88400820720745,53.4399636403405],[-2.88400354450058,53.4397389542685],[-2.88362724446534,53.4397417353728],[-2.88362258380527,53.4395170492639],[-2.88361792320783,53.439292363146],[-2.88324162707817,53.4392951430091],[-2.88323696852746,53.4390704568543],[-2.88286067431924,53.4390732355041],[-2.88285601781519,53.4388485493123],[-2.88285136137371,53.4386238631117],[-2.88247507107099,53.4386266405203],[-2.8824704166761,53.4384019542827],[-2.88246576234375,53.4381772680363],[-2.88246110807395,53.437952581781],[-2.8824564538667,53.4377278955168],[-2.88283273623355,53.4377251182203],[-2.8832090185378,53.4377223397388],[-2.88320436042529,53.4374976535218],[-2.88358064068301,53.4374948738832],[-2.88395692087807,53.4374920930594],[-2.88395225886041,53.4372674068897],[-2.88432853700892,53.4372646249089],[-2.88432387307007,53.4370399387583],[-2.88394759690541,53.4370427207109],[-2.88357132067806,53.4370455014785],[-2.88357598064922,53.4372701876853],[-2.88319970237538,53.4372729672959],[-2.88282342403891,53.4372757457213],[-2.88282808010494,53.4375004319753],[-2.882451799722,53.4375032092437],[-2.88207551927647,53.4375059853269],[-2.88208017143727,53.4377306716281],[-2.8817038889453,53.4377334465543],[-2.88132760639079,53.4377362202953],[-2.88133225464626,53.4379609066436],[-2.88170853918469,53.4379581328745],[-2.88171318948657,53.4381828191859],[-2.88171783985095,53.4384075054883],[-2.88134155134458,53.4384102793134],[-2.8809652627757,53.4384130519534],[-2.88096061637929,53.4381883655949],[-2.88095597004532,53.4379636792275],[-2.88095132377379,53.4377389928513],[-2.8809466775647,53.4375143064661],[-2.88057039686914,53.4375170778089],[-2.88056575270637,53.4372923913869],[-2.880561108606,53.437067704956],[-2.88018483181573,53.4370704750578],[-2.88018018976161,53.43684578859],[-2.88017554776986,53.4366211021134],[-2.87979927488481,53.4366238709741],[-2.87979463493921,53.4363991844606],[-2.87941836397555,53.4364019521083],[-2.87942300193737,53.4366266386498],[-2.87904672892757,53.4366294051404],[-2.87904209294954,53.436404718571],[-2.87866582186119,53.4364074838486],[-2.87867045585545,53.4366321704459],[-2.87829418272102,53.4366349345663],[-2.87829881479374,53.4368596211827],[-2.87792253961323,53.436862384146],[-2.87792716976436,53.4370870707814],[-2.87755089253776,53.4370898325875],[-2.87717461524893,53.4370925932085],[-2.87717924149456,53.4373172798909],[-2.87680296215966,53.4373200393547],[-2.87680758648357,53.437544726056],[-2.87643130510261,53.4375474843626],[-2.8764266827626,53.4373227976333],[-2.87642206048469,53.4370981108952],[-2.87679833789789,53.4370953526444],[-2.87679371369827,53.4368706659253],[-2.87678908956078,53.4366459791973],[-2.87716536294416,53.4366432198172],[-2.87716073688503,53.4364185331082],[-2.87715611088806,53.4361938463903],[-2.87677984147222,53.4361966057147],[-2.87677521752115,53.43597191896],[-2.87677059363221,53.4357472321965],[-2.87639432812164,53.43574999028],[-2.87638970627852,53.4355253034797],[-2.87601344268948,53.4355280603504],[-2.87600882289212,53.4353033735133],[-2.87563256122463,53.435306129171],[-2.87525629949506,53.4353088836438],[-2.87526091532511,53.4355335705365],[-2.87488465154982,53.435536323852],[-2.8745083877125,53.4355390759825],[-2.87451299963722,53.4357637629221],[-2.87413673375421,53.4357665138953],[-2.87376046780922,53.4357692636836],[-2.87375585985187,53.4355445766884],[-2.87375125195646,53.4353198896844],[-2.87337498991686,53.4353226382319],[-2.87337959582862,53.4355473252638],[-2.87300333174344,53.4355500726541],[-2.87262706759636,53.4355528188595],[-2.8722508033874,53.4355555638797],[-2.87224620342663,53.4353308767645],[-2.87186994113951,53.435333620572],[-2.87186534322419,53.4351089334202],[-2.87186074537065,53.4348842462595],[-2.87223700369053,53.4348815025075],[-2.87224160352768,53.4351061896405],[-2.87261786376933,53.4351034446757],[-2.87299412394911,53.435100698526],[-2.87298952014474,53.4348760114486],[-2.87336577827902,53.4348732641416],[-2.87374203635137,53.4348705156496],[-2.8737374286417,53.4346458286189],[-2.87411368466852,53.4346430789697],[-2.87410907503722,53.434418391958],[-2.87448532901851,53.4344156411516],[-2.87486158293781,53.4344128891603],[-2.8748569694014,53.4341882021953],[-2.87485235592697,53.4339635152214],[-2.87484774251455,53.4337388282386],[-2.87447149454574,53.4337415801465],[-2.87446688323933,53.4335168931217],[-2.87409063718945,53.4335196438167],[-2.87408602804316,53.4332949567442],[-2.87408141895878,53.4330702696629],[-2.87445766104412,53.4330675190252],[-2.87445305003941,53.4328428319636],[-2.87444843909664,53.4326181448931],[-2.87444382821579,53.4323934578137],[-2.87443921739688,53.4321687707254],[-2.87443460663989,53.4319440836282],[-2.87442999594484,53.4317193965221],[-2.87405376575252,53.4317221469878],[-2.87367753549827,53.4317248962686],[-2.8736729288293,53.4315002090963],[-2.87329670049522,53.4315029571637],[-2.87329209587017,53.4312782699538],[-2.87291586945628,53.4312810168077],[-2.87292047209927,53.4315057040462],[-2.87254424364148,53.4315084497438],[-2.87254884436421,53.4317331370021],[-2.87217261386251,53.4317358815435],[-2.87179638329901,53.4317386249001],[-2.87180098011932,53.4319633122067],[-2.87142474751193,53.431966054407],[-2.8710485148428,53.4319687954225],[-2.87105310776058,53.4321934827773],[-2.87067687304759,53.4321962226365],[-2.87068146404489,53.432420910011],[-2.87030522728803,53.4324236487138],[-2.8703098163648,53.432648336108],[-2.86993357756409,53.4326510736545],[-2.86955733870173,53.4326538100162],[-2.86918109977776,53.4326565451929],[-2.86917651664758,53.4324318577131],[-2.86917193357896,53.4322071702244],[-2.8691673505719,53.4319824827269],[-2.86879111753285,53.4319852166331],[-2.86878653656946,53.4317605290981],[-2.8687819556676,53.4315358415542],[-2.86877737482726,53.4313111540014],[-2.86877279404844,53.4310864664397],[-2.86839656887616,53.431089199047],[-2.86839199014088,53.4308645114479],[-2.8683874114671,53.4306398238398],[-2.86838283285481,53.4304151362229],[-2.86800661361084,53.4304178678869],[-2.86800203705117,53.4301931803018],[-2.86799746055292,53.4299684927076],[-2.86762124593201,53.4299712285209],[-2.86761667147495,53.4297465408832],[-2.86761209707928,53.4295218532365],[-2.8672358863565,53.4295245877963],[-2.86723131400194,53.4292999001061],[-2.86722674170874,53.4290752124069],[-2.86722216947689,53.4288505246986],[-2.8672175973064,53.4286258369813],[-2.86684139444099,53.4286285702188],[-2.86683682431147,53.428403882458],[-2.86721302519726,53.428401149255],[-2.86720845314948,53.4281764615196],[-2.86758465199428,53.4281737271665],[-2.86758007802827,53.4279490394565],[-2.86757550412364,53.4277243517374],[-2.86795169894793,53.4277216162686],[-2.86794712312516,53.4274969285749],[-2.86832331649052,53.4274941963931],[-2.86831873873903,53.4272695086516],[-2.86869493022071,53.427266776529],[-2.86869035054914,53.4270420888071],[-2.86868577093908,53.4268174010763],[-2.86906195839614,53.426814667826],[-2.86905737686606,53.4265899801149],[-2.86943356228006,53.4265872457085],[-2.86942897883003,53.426362558017],[-2.86942439544157,53.4261378703165],[-2.86941981211465,53.4259131826072],[-2.86979599152271,53.4259104471018],[-2.86979140627595,53.4256857594121],[-2.86978682109076,53.4254610717135],[-2.86978223596563,53.4252363840094],[-2.87015840936782,53.4252336474056],[-2.87015382231109,53.425008959749],[-2.87014923531596,53.4247842720835],[-2.87014464838243,53.4245595844091],[-2.87014006151048,53.4243348967258],[-2.87013547470013,53.4241102090335],[-2.87013088795137,53.4238855213322],[-2.8701263012642,53.4236608336221],[-2.87012171463862,53.423436145903],[-2.87011712807463,53.4232114581749],[-2.87049328358578,53.4232087206572],[-2.87048869510246,53.4229840329503],[-2.87011254157223,53.422986770438],[-2.8701079551314,53.422762082692],[-2.86973180352044,53.4227648189652],[-2.86935565184789,53.422767554054],[-2.86936023432694,53.42299224186],[-2.86936481686751,53.4232169296571],[-2.86898866117159,53.4232196636215],[-2.86898408061193,53.4229949757943],[-2.86860792683539,53.4229977085443],[-2.86860334831812,53.4227730206782],[-2.86859876986234,53.4225483328032],[-2.86822261998605,53.4225510643086],[-2.86821804357258,53.4223263763947],[-2.86821346722056,53.4221016884718],[-2.86820889092999,53.4218770005399],[-2.86783274729518,53.4218797336087],[-2.86782817305436,53.4216550457],[-2.86782359887491,53.4214303577822],[-2.86781902475685,53.4212056698553],[-2.86781445070016,53.4209809819193],[-2.86743831525453,53.4209837162842],[-2.86743374323817,53.4207590283008],[-2.86742917128316,53.4205343403084],[-2.8674245993895,53.4203096523068],[-2.86704846981929,53.4203123853731],[-2.86704389996585,53.4200876973242],[-2.86703933017373,53.4198630092663],[-2.8666632044999,53.4198657410722],[-2.86665863674792,53.419641052967],[-2.86665406905723,53.4194163648526],[-2.86627794727972,53.4194190953982],[-2.86627338162909,53.4191944072366],[-2.86626881603972,53.4189697190658],[-2.86626425051161,53.4187450308859],[-2.86625968504475,53.4185203426969],[-2.86625511963915,53.4182956544988],[-2.86625055429481,53.4180709662915],[-2.86624598901171,53.4178462780751],[-2.86662209693836,53.4178435477963],[-2.86661752973793,53.4176188596089],[-2.86661296259878,53.4173941714123],[-2.86698906650696,53.4173914400257],[-2.86698449745056,53.4171667518581],[-2.86736059931887,53.4171640193257],[-2.86735602834526,53.4169393311871],[-2.8673514573092,53.4167146430521],[-2.86772755516196,53.4167119094248],[-2.8677229822074,53.4164872213323],[-2.86809907814677,53.4164844875678],[-2.86809450327034,53.4162597994492],[-2.86808992845537,53.4160351113218],[-2.86846602088991,53.4160323806778],[-2.86846144415464,53.4158076925691],[-2.86845686748086,53.4155830044516],[-2.86883295589039,53.4155802726786],[-2.86882837729639,53.4153555845799],[-2.86882379876389,53.4151308964723],[-2.86919988314851,53.4151281635705],[-2.86919530269587,53.4149034754816],[-2.86919072230476,53.4146787873839],[-2.86956680266454,53.4146760533533],[-2.86956222035337,53.4144513652744],[-2.86955763810376,53.4142266771866],[-2.86993371443879,53.4142239420272],[-2.86992913026919,53.4139992539582],[-2.86992454616118,53.4137745658803],[-2.87030061847153,53.4137718295922],[-2.87029603244362,53.4135471415331],[-2.87029144647731,53.4133224534652],[-2.87066751476307,53.4133197160484],[-2.87066292687694,53.4130950279993],[-2.87065833905243,53.4128703399413],[-2.8710344033137,53.4128676013958],[-2.87102981356945,53.4126429133566],[-2.87102522388685,53.4124182253086],[-2.8714012841237,53.4124154856344],[-2.87177734429884,53.4124127447763],[-2.87178193794414,53.4126374327689],[-2.87215800003888,53.4126346906989],[-2.87216259572726,53.4128593786549],[-2.87253865974162,53.4128566353731],[-2.87291472369417,53.4128538909073],[-2.87291932340709,53.4130785787989],[-2.87329538927922,53.4130758331212],[-2.87329999103536,53.4133005209762],[-2.87367605882706,53.4132977740867],[-2.87405212655689,53.4132950260131],[-2.87405673233774,53.4135197138035],[-2.87443280198711,53.4135169645181],[-2.87443740981131,53.4137416522719],[-2.87481348138023,53.4137389017745],[-2.87518955288718,53.413736150093],[-2.87519416473628,53.4139608377823],[-2.87557023816274,53.4139580848889],[-2.87557485205532,53.4141827725415],[-2.8759509274013,53.4141800184362],[-2.87632700268523,53.4141772631467],[-2.87633162060289,53.4144019507347],[-2.8767076978063,53.4143991942333],[-2.87671231776757,53.4146238817845],[-2.87708839689046,53.4146211240711],[-2.87746447595122,53.4146183651736],[-2.87746909993776,53.4148430526602],[-2.87784518091797,53.4148402925506],[-2.87784980694825,53.4150649800004],[-2.8782258898479,53.4150622186788],[-2.87860197268535,53.4150594561731],[-2.87860660274108,53.4152841435582],[-2.87898268749794,53.4152813798404],[-2.87898731959754,53.4155060671887],[-2.87936340627382,53.4155033022588],[-2.8797394928878,53.4155005361447],[-2.87974412901303,53.4157252234283],[-2.8801202175464,53.4157224561021],[-2.88049630601743,53.4157196875918],[-2.88050094616839,53.4159443748105],[-2.88087703655877,53.415941605088],[-2.88088167875382,53.41616629227],[-2.88088632101123,53.416390979443],[-2.88126241530274,53.4163882084804],[-2.88125777106355,53.4161635213353],[-2.88163386331085,53.4161607492164],[-2.88200995549569,53.4161579759134],[-2.88238604761807,53.4161552014261],[-2.88238139749603,53.4159305143561],[-2.88275748757416,53.4159277387127],[-2.88275283553288,53.4157030516618],[-2.88312892356675,53.4157002748622],[-2.88350501153808,53.4156974968785],[-2.88350035559592,53.4154728098748],[-2.88387644152297,53.4154700307349],[-2.8838717836617,53.4152453437504],[-2.88424786754449,53.4152425634544],[-2.88424320776417,53.415017876489],[-2.88461928960269,53.4150150950369],[-2.88499537149854,53.4150123129424],[-2.88499070781794,53.4147876260109],[-2.88536678770124,53.4147848428844],[-2.88536212210439,53.4145601559658],[-2.88573819994621,53.4145573716766],[-2.88611427772536,53.4145545862032],[-2.88610960823351,53.4143298993192],[-2.88648568397116,53.4143271126832],[-2.88648101256319,53.4141024258122],[-2.88685708625934,53.4140996380136],[-2.88723315989275,53.4140968490308],[-2.88722848458996,53.4138721621945],[-2.88760455618185,53.4138693720491],[-2.88759987896308,53.4136446852257],[-2.88797594851344,53.4136418939178],[-2.88835201800098,53.4136391014257],[-2.88834733688759,53.413414414637],[-2.88872340433359,53.4134116209824],[-2.88871872130435,53.4131869342068],[-2.8890947867088,53.4131841393897],[-2.88909010176377,53.4129594526271],[-2.88946616512669,53.4129566566475],[-2.88946147826591,53.4127319698979],[-2.88945679146803,53.4125072831396],[-2.88983285081083,53.4125044860194],[-2.88982816209729,53.4122797992741],[-2.89020421939858,53.4122770009915],[-2.89019952876943,53.4120523142592],[-2.89057558402921,53.4120495148142],[-2.8905708914845,53.4118248280951],[-2.89056619900277,53.4116001413671],[-2.890561506584,53.4113754546305],[-2.89055681422819,53.4111507678851],[-2.89018076688225,53.4111535672429],[-2.88980471947334,53.4111563654166],[-2.88942867200148,53.4111591624062],[-2.88942398564383,53.4109344755867],[-2.88941929934906,53.4107097887585],[-2.88941461311718,53.4104851019216],[-2.88903857151751,53.4104878976617],[-2.88866252985496,53.4104906922178],[-2.8886578476426,53.4102660053285],[-2.8882818078955,53.4102687986788],[-2.88790576808557,53.4102715908449],[-2.88752972821284,53.4102743818269],[-2.88715368827732,53.4102771716248],[-2.88677764827905,53.4102799602386],[-2.88640160821805,53.4102827476683],[-2.88602556809435,53.410285533914],[-2.88602089979289,53.410060846864],[-2.88564486158482,53.4100636319039],[-2.8852688233141,53.4100664157597],[-2.88526415903183,53.4098417286577],[-2.88525949481215,53.4096170415469],[-2.88525483065506,53.4093923544275],[-2.88487879825647,53.4093951370342],[-2.88487413614016,53.4091704498843],[-2.8848694740864,53.4089457627257],[-2.88486481209521,53.4087210755584],[-2.88486015022412,53.4084963883561],[-2.88448412580004,53.4084991699615],[-2.8844794660444,53.4082744826979],[-2.88447480635132,53.4080497954253],[-2.88485082681178,53.4080470138602],[-2.88522684734358,53.4080442313889],[-2.88560286781277,53.4080414477337],[-2.88560753344346,53.4082661349377],[-2.88598355582793,53.4082633500743],[-2.88597888821933,53.4080386628945],[-2.88635490856323,53.4080358768714],[-2.88673092884444,53.4080330896644],[-2.88710694906294,53.4080303012734],[-2.88710227558336,53.4078056141575],[-2.88747829376126,53.4078028246068],[-2.88747361836653,53.4075781375064],[-2.88746894303454,53.4073534503971],[-2.88784495719402,53.407350659711],[-2.8882209712907,53.407347867841],[-2.88859698532458,53.4073450747871],[-2.88897299929561,53.4073422805492],[-2.88896831611521,53.4071175935282],[-2.88934432804558,53.4071147981308],[-2.88972033991307,53.4071120015494],[-2.89009635171764,53.4071092037842],[-2.8901010408314,53.4073338907323],[-2.8904770545508,53.4073310917588],[-2.89048174570528,53.4075557786738],[-2.89085776133952,53.4075529784922],[-2.89085306820723,53.4073282916015],[-2.89084837513791,53.407103604702],[-2.89122438675356,53.4071008033851],[-2.89121969176946,53.4068761165012],[-2.89121499684836,53.4066514296085],[-2.89083898918818,53.4066542308767],[-2.89083429630776,53.4064295439509],[-2.89045829056229,53.4064323440109],[-2.89045359972252,53.4062076570519],[-2.89082960349031,53.4062048570162],[-2.89082491073583,53.4059801700727],[-2.89044890894567,53.4059829700841],[-2.89007290709256,53.4059857689117],[-2.8896969051765,53.4059885665554],[-2.88932090319752,53.4059913630153],[-2.88894490115566,53.4059941582913],[-2.88894958402191,53.4062188453563],[-2.88857357993953,53.4062216394727],[-2.88819757579432,53.4062244324053],[-2.88782157158631,53.4062272241541],[-2.88744556731551,53.4062300147189],[-2.88745024233386,53.4064547018722],[-2.88707423602262,53.4064574912774],[-2.88669822964865,53.4064602794988],[-2.88632222321198,53.4064630665363],[-2.88632689235993,53.4066877537534],[-2.88595088388287,53.4066905396313],[-2.88557487534315,53.4066933243253],[-2.88519886674081,53.4066961078353],[-2.88482285807587,53.4066988901616],[-2.8848275193755,53.4069235774667],[-2.88520353001818,53.4069207951163],[-2.88520819335812,53.4071454823884],[-2.88483218073767,53.407148264763],[-2.88445616820468,53.4071510462462],[-2.88408015569814,53.4071538267193],[-2.88407549829751,53.4069291393746],[-2.88369948770802,53.4069319186361],[-2.883323477056,53.4069346967138],[-2.88294746634146,53.4069374736077],[-2.88257145556444,53.4069402493178],[-2.88219544472495,53.4069430238442],[-2.88181943382304,53.4069457971867],[-2.88144342285871,53.4069485693453],[-2.88106741183202,53.4069513403202],[-2.88069140074297,53.4069541101113],[-2.88069604032692,53.4071787977049],[-2.88032002719591,53.4071815663398],[-2.87994401400259,53.4071843337909],[-2.87956800074701,53.4071871000581],[-2.87919198742917,53.4071898651415],[-2.87881597404911,53.4071926290411],[-2.87843996060686,53.4071953917569],[-2.87806394710244,53.4071981532888],[-2.87805932137595,53.4069734655021],[-2.87805469571157,53.4067487777065],[-2.87767868610427,53.4067515379996],[-2.87767406248159,53.4065268501675],[-2.87766943892098,53.4063021623266],[-2.87729343321073,53.4063049213808],[-2.87728881169174,53.4060802335035],[-2.87766481542245,53.4060774744768],[-2.877660191986,53.4058527866182],[-2.8780361936751,53.4058500264353],[-2.87841219530207,53.4058472650687],[-2.87878819686687,53.4058445025183],[-2.87878356755405,53.4056198147334],[-2.87915956707718,53.4056170510268],[-2.87915493584706,53.4053923632607],[-2.87915030467912,53.4051676754856],[-2.87914567357336,53.4049429877017],[-2.8787696799885,53.4049457513255],[-2.87876505092429,53.4047210635051],[-2.87838905925663,53.4047238259177],[-2.87838443223392,53.4044991380609],[-2.87837980527333,53.4042744501951],[-2.87800381750218,53.4042772113689],[-2.87800844248345,53.4045018992622],[-2.87763245267085,53.4045046592798],[-2.87725646279615,53.4045074181137],[-2.87688047285938,53.4045101757639],[-2.87688509196469,53.4047348637309],[-2.87688971113202,53.404959551689],[-2.87651371717446,53.4049623082105],[-2.87650909998652,53.4047376202249],[-2.87613310794632,53.4047403755351],[-2.87612849279972,53.4045156875131],[-2.87575250267689,53.4045184416122],[-2.87574788957158,53.4042937535538],[-2.87574327652821,53.4040690654866],[-2.87611926269241,53.4040663114425],[-2.8761146477317,53.4038416233938],[-2.87611003283294,53.4036169353363],[-2.87610541799614,53.4033922472699],[-2.8764813981606,53.4033894921247],[-2.87648601497662,53.4036141801636],[-2.87686199705829,53.4036114238071],[-2.87685737826305,53.4033867357958],[-2.87723335830346,53.4033839782832],[-2.87722873759104,53.4031592902905],[-2.87722411694065,53.4029346022889],[-2.8768481408586,53.4029373597464],[-2.87684352224939,53.4027126717084],[-2.87646754808444,53.4027154279548],[-2.87646293151636,53.4024907398804],[-2.87645831501024,53.4022660517971],[-2.87608234474148,53.4022688068048],[-2.87607773027641,53.4020441186852],[-2.87607311587329,53.4018194305567],[-2.87569714950065,53.4018221843258],[-2.87569253713849,53.4015974961609],[-2.87568792483825,53.4013728079871],[-2.87531196236165,53.4013755605178],[-2.87530735210229,53.4011508723076],[-2.87493139154272,53.4011536236272],[-2.87455543092126,53.4011563737632],[-2.87456003722271,53.4013810620282],[-2.87418407456041,53.4013838110081],[-2.87380811183627,53.4013865588044],[-2.87381271424158,53.4016112471155],[-2.87343674947663,53.4016139937556],[-2.87306078464989,53.4016167392122],[-2.87305618620257,53.4013920508463],[-2.87268022329305,53.4013947950918],[-2.87267562688642,53.4011701066896],[-2.8726710305415,53.4009454182785],[-2.87229507152816,53.4009481612857],[-2.87229047722385,53.4007234728383],[-2.87191452012771,53.4007262146345],[-2.87190992786397,53.4005015261509],[-2.87153397268504,53.4005042667362],[-2.87152938246181,53.4002795782163],[-2.8715247918451,53.4000548911102],[-2.87114884057083,53.400057630439],[-2.87114425196488,53.399832943399],[-2.87076830261062,53.3998356815172],[-2.87076371604803,53.3996109944413],[-2.87075912954707,53.3993863073566],[-2.87038318409449,53.3993890442372],[-2.8703785996368,53.3991643571166],[-2.8700026561042,53.3991670927867],[-2.86962671250999,53.3991698272733],[-2.8692507688542,53.3991725605765],[-2.86924619040294,53.398947873366],[-2.86887024866719,53.3989506054587],[-2.86849430686991,53.3989533363678],[-2.86811836501112,53.3989560660936],[-2.86774242311218,53.3989587970598],[-2.86773785265999,53.3987341097528],[-2.86736191270181,53.3987368402605],[-2.86698597268187,53.3987395695852],[-2.86661003260018,53.3987422977271],[-2.86660546819674,53.3985176102574],[-2.866229530049,53.3985203371653],[-2.86585359183957,53.3985230628903],[-2.86584903148908,53.398298375309],[-2.86584447120022,53.3980736877182],[-2.86546853692039,53.3980764121582],[-2.86509260257892,53.3980791354154],[-2.86508804634285,53.397854447713],[-2.86471211393537,53.3978571697362],[-2.86433618146632,53.3978598905766],[-2.86433162928294,53.3976352027627],[-2.86395569874791,53.3976379223692],[-2.86395114862158,53.3974132344948],[-2.86357522002055,53.3974159528675],[-2.86357067195123,53.3971912649327],[-2.86319474528422,53.3971939820715],[-2.86319929135804,53.3974186700573],[-2.86282336263405,53.3974213860643],[-2.86281881855575,53.3971966980274],[-2.86244289176584,53.3971994128006],[-2.86243834974444,53.3969747247033],[-2.8620624248886,53.3969774382427],[-2.86168649997139,53.3969801505992],[-2.86168196200228,53.3967554623905],[-2.86130603901917,53.3967581735133],[-2.86130150310682,53.3965334852442],[-2.86092558205783,53.3965361951332],[-2.86054966094753,53.3965389038394],[-2.8605451290873,53.396314215459],[-2.86016920991114,53.3963169229314],[-2.85979329067374,53.3963196292211],[-2.85941737137512,53.3963223343279],[-2.85941284556229,53.3960976457853],[-2.85903692819787,53.3961003496585],[-2.85903240444157,53.3958756610556],[-2.85865648901135,53.395878363695],[-2.85828057351998,53.3958810651517],[-2.85827605381549,53.3956563764376],[-2.85790014025836,53.3956590766607],[-2.85789562261026,53.3954343878862],[-2.85751971098736,53.3954370868756],[-2.85714379930341,53.3954397846823],[-2.85713928570693,53.3952150957967],[-2.85676337595725,53.3952177923698],[-2.85675886441702,53.3949931034239],[-2.85675435293777,53.3947684144686],[-2.85674984151947,53.3945437255039],[-2.8563739376945,53.3945464207417],[-2.85636942833235,53.3943217317167],[-2.85636491903114,53.3940970426822],[-2.85598901913554,53.3940997366357],[-2.85598451189039,53.393875047541],[-2.85560861392899,53.3938777402609],[-2.855613119179,53.3941024294064],[-2.8556176244899,53.3943271185425],[-2.85562212986168,53.3945518076691],[-2.85524622585388,53.3945544993588],[-2.85525072929133,53.3947791885267],[-2.85525523278963,53.3950038776853],[-2.8552597363488,53.3952285668344],[-2.85488382629439,53.3952312574937],[-2.85450791617912,53.3952339469702],[-2.85451241580855,53.3954586362115],[-2.85413650363714,53.395461324556],[-2.85414100133205,53.3956860138386],[-2.85376508710451,53.3956887010511],[-2.85376958286485,53.3959133903751],[-2.85339366658117,53.3959160764556],[-2.85301775023673,53.3959187613533],[-2.85302224206706,53.3961434507693],[-2.85264632366651,53.3961461345349],[-2.85264183383156,53.3959214450682],[-2.85226591736568,53.3959241276003],[-2.85227040520524,53.3961488171178],[-2.8518944866833,53.3961514985178],[-2.85189897258811,53.3963761880766],[-2.8515230520101,53.3963788683445],[-2.85152753598009,53.3966035579446],[-2.8511516132738,53.3966062389144],[-2.85115609529334,53.3968309285036],[-2.85116057737419,53.3970556180838],[-2.85078465049689,53.3970582993589],[-2.85040872355827,53.3970609794505],[-2.85041320164704,53.397285669075],[-2.85003727262043,53.3972883480098],[-2.84966134353254,53.3972910257611],[-2.84928541438342,53.397293702329],[-2.84890948517309,53.3972963777134],[-2.84853355590158,53.3972990519144],[-2.84852908794634,53.3970743621575],[-2.84852462005222,53.3968496723916],[-2.84890054527034,53.3968469982436],[-2.8488960754107,53.3966223084954],[-2.84927199854099,53.3966196331904],[-2.84926752671587,53.3963949434598],[-2.84926305495193,53.3961702537204],[-2.84925858324917,53.3959455639721],[-2.84888266619867,53.3959482391977],[-2.84850674908699,53.3959509132398],[-2.84850228149848,53.3957262234297],[-2.8484978139711,53.3955015336108],[-2.84849334650484,53.395276843783],[-2.84886925753697,53.3952741698203],[-2.84886478810536,53.3950494800101],[-2.84886031873489,53.3948247901912],[-2.84885584942557,53.3946001003633],[-2.84923175431722,53.3945974252967],[-2.84922728304266,53.3943727354865],[-2.84922281182927,53.3941480456675],[-2.84921834067704,53.3939233558395],[-2.84921386958598,53.3936986660028],[-2.84920939855608,53.3934739761572],[-2.84920492758735,53.3932492863027],[-2.84920045667977,53.3930245964394],[-2.84957634732614,53.393021920375],[-2.84957187445354,53.3927972305293],[-2.84919598583336,53.3927999065672],[-2.84882009715199,53.3928025814219],[-2.84844420840946,53.3928052550934],[-2.84843974167654,53.3925805651594],[-2.84806385489904,53.3925832376211],[-2.84768796806044,53.3925859088996],[-2.8476835054409,53.3923612189039],[-2.84767904288241,53.3921365288993],[-2.84730316003498,53.3921391989417],[-2.84730762056736,53.3923638889727],[-2.84693173563277,53.3923665578583],[-2.84655585063715,53.3923692255607],[-2.84655139415701,53.3921445354768],[-2.84654693774917,53.3919198455809],[-2.84654248159392,53.3916951589964],[-2.8465380255,53.3914704724018],[-2.84616214857708,53.3914731386704],[-2.84578627159282,53.391475803757],[-2.84578181964334,53.3912511169986],[-2.84577736775515,53.3910264302301],[-2.84540149479267,53.3910290939808],[-2.84539704500725,53.3908044071254],[-2.84502117402501,53.3908070696173],[-2.84501672634231,53.3905823826749],[-2.8446408573403,53.3905850439079],[-2.84463641176027,53.3903603568786],[-2.8442605447385,53.3903630168528],[-2.84426498827708,53.3905877039591],[-2.84426943187682,53.3908123910553],[-2.84389356071094,53.3908150500014],[-2.84389800233034,53.3910397371644],[-2.84427387553773,53.3910370781414],[-2.84427831925981,53.3912617652176],[-2.84428276304305,53.3914864522837],[-2.84390688575256,53.3914891114604],[-2.84391132755538,53.3917137985933],[-2.84353544816214,53.3917164566649],[-2.84315956870775,53.3917191135545],[-2.84316400650575,53.3919438009856],[-2.84278812495365,53.391946456803],[-2.84279256111188,53.3921711471595],[-2.84241667747295,53.3921738018201],[-2.84204079377333,53.3921764552974],[-2.8420363616673,53.3919517648883],[-2.84166047993312,53.3919544171561],[-2.84166491001304,53.3921791075916],[-2.84128902619211,53.3921817587025],[-2.84129345430652,53.3924064491554],[-2.84129788248152,53.3926311395994],[-2.8413023107171,53.3928558300346],[-2.84092642075709,53.3928584800411],[-2.84055053073648,53.3928611288644],[-2.84054610655327,53.3926364383767],[-2.8401702184983,53.3926390859904],[-2.8397943303828,53.392641732421],[-2.83978991031244,53.3924170418719],[-2.83978549030257,53.3921923513139],[-2.83940960617887,53.3921949965087],[-2.8394140241626,53.3924196870929],[-2.83903813795228,53.3924223311307],[-2.8390425539703,53.3926470217323],[-2.83866666567337,53.3926496646131],[-2.83829077731601,53.3926523063107],[-2.83791488889826,53.392654946825],[-2.83753900042014,53.392657586156],[-2.83716311188168,53.3926602243039],[-2.83716751782915,53.3928849150276],[-2.83754340839381,53.3928822768536],[-2.83791929889812,53.3928796374964],[-2.83792370895833,53.3931043281589],[-2.83754781642779,53.3931069675424],[-2.8375522245221,53.3933316582223],[-2.83717632990497,53.3933342964486],[-2.83680043522752,53.3933369334918],[-2.83679603118572,53.3931122427595],[-2.83679162720418,53.3928875520184],[-2.83641573651892,53.3928901878259],[-2.83603984577341,53.3928928224501],[-2.83566395496766,53.3928954558911],[-2.83565955712499,53.3926707650627],[-2.8356551593425,53.3924460742255],[-2.83603104609587,53.3924434408368],[-2.83602664634742,53.3922187500168],[-2.83640253101442,53.3922161154711],[-2.83639812930005,53.3919914246684],[-2.83602224665918,53.391994059188],[-2.83564636395808,53.3919966925244],[-2.83564196682349,53.3917720031271],[-2.83526608609157,53.3917746351946],[-2.83489020529912,53.3917772660801],[-2.83488581249476,53.3915525771049],[-2.83450993370204,53.3915552072587],[-2.83413405486844,53.3915578367576],[-2.83412966612613,53.3913331476896],[-2.83412527744298,53.3911084586124],[-2.83374940252477,53.3911110868522],[-2.83337352754741,53.391113713909],[-2.83336914289792,53.3908890247466],[-2.83336475830754,53.390664335575],[-2.83298888724552,53.3906669613728],[-2.83298450470144,53.390442272154],[-2.83298012221644,53.3902175829261],[-2.83297573979051,53.3899928936891],[-2.83335160489103,53.3899902680055],[-2.83334722053707,53.3897655787975],[-2.83334283624221,53.3895408895803],[-2.8337186973094,53.38953826279],[-2.83371431108659,53.3893135736018],[-2.8337099249229,53.3890888844045],[-2.83370553881834,53.3888641951981],[-2.83332968371225,53.388866821874],[-2.83332529965379,53.3886421326203],[-2.83294944647556,53.3886447580754],[-2.83294506446316,53.3884200687746],[-2.83294068250982,53.3881953794646],[-2.83331653171417,53.3881927540857],[-2.83332091565443,53.3884174433576],[-2.83369676678659,53.3884148167578],[-2.8336923808594,53.388190127524],[-2.83406822994549,53.3881874997796],[-2.83406384209053,53.3879628105747],[-2.83368799499133,53.3879654382811],[-2.83368360918238,53.387740749029],[-2.83367922343256,53.3875160597679],[-2.83367483774185,53.3872913704976],[-2.83405067888051,53.3872887429055],[-2.83404629126213,53.3870640536642],[-2.83404190370289,53.3868393644138],[-2.83366606653779,53.3868419919297],[-2.83366168102444,53.386617302632],[-2.83365729557019,53.3863926133253],[-2.83328146231941,53.3863952395822],[-2.83327707891097,53.3861705502283],[-2.83290124758778,53.3861731752645],[-2.83289686622508,53.3859484858633],[-2.83289248492145,53.385723796453],[-2.83326831227135,53.385721171493],[-2.83326392904016,53.3854964821116],[-2.83363975434435,53.385493856007],[-2.83401557958942,53.3854912287198],[-2.83401119244416,53.3852665394055],[-2.83400680535804,53.3850418500821],[-2.83438262657082,53.3850392216884],[-2.8343782375573,53.384814532394],[-2.83475405648538,53.3848119031876],[-2.83512987400042,53.384809274678],[-2.83550569145497,53.3848066449866],[-2.83550129644365,53.384581955854],[-2.83549690149283,53.3843572667114],[-2.83587271480534,53.3843546359916],[-2.83586831787432,53.3841299469156],[-2.83586392100383,53.3839052578296],[-2.83585952419387,53.3836805687335],[-2.83623533132378,53.383677937062],[-2.83661113839311,53.3836753042088],[-2.83660673552155,53.3834506175684],[-2.8369825404682,53.3834479836492],[-2.83735834535471,53.3834453485484],[-2.83736275234994,53.3836700349574],[-2.83773855923739,53.3836673985592],[-2.83774296625063,53.3838920872719],[-2.83811877511804,53.3838894496154],[-2.83812318423263,53.3841141382414],[-2.83849899508,53.3841114993264],[-2.83887480586664,53.3841088592298],[-2.83887921912333,53.3843335476923],[-2.83925503188991,53.3843309063373],[-2.83925944724808,53.384555594713],[-2.83963526199458,53.3845529520996],[-2.8396396794543,53.3847776403885],[-2.84001549618073,53.3847749965166],[-2.84001991574203,53.3849996847188],[-2.84039573444839,53.3849970395885],[-2.84040015611134,53.3852217277038],[-2.84040457783515,53.3854464158092],[-2.84078040056227,53.3854437693436],[-2.84115622322847,53.3854411216962],[-2.84116064909488,53.385665809638],[-2.841536473741,53.3856631607321],[-2.84191229832615,53.3856605106445],[-2.84191672833526,53.3858851984226],[-2.8422925549003,53.3858825470764],[-2.84229698701129,53.3861072347677],[-2.84267281555621,53.3861045821629],[-2.84267724976915,53.3863292697674],[-2.84305308029395,53.386326615904],[-2.84305751660889,53.3865513034216],[-2.84343334911358,53.3865486482996],[-2.84342891075768,53.3863239608589],[-2.84380474116029,53.3863213046321],[-2.84380030082454,53.3860966172582],[-2.84379586054991,53.3858719298743],[-2.84417168680954,53.3858692726194],[-2.84416724455514,53.3856445853023],[-2.84454306871273,53.3856419269426],[-2.84453862447861,53.3854172396923],[-2.84491444653416,53.3854145802277],[-2.84529026852849,53.3854119195814],[-2.8452947168443,53.3856366066779],[-2.84529916522133,53.3858612937643],[-2.84492333914528,53.3858639545644],[-2.84454751300801,53.3858666141828],[-2.84455195736445,53.386091301413],[-2.84492778554263,53.3860886417177],[-2.84493223200118,53.386313328861],[-2.84455640178207,53.3863159886331],[-2.84456084626085,53.3865406758432],[-2.84493667852093,53.3865380159942],[-2.84494112510187,53.3867627031174],[-2.8453169593417,53.3867600420097],[-2.84532140802486,53.3869847290459],[-2.84494557174401,53.3869873902305],[-2.84495001844735,53.3872120773336],[-2.84457418006424,53.3872147374132],[-2.84457862478772,53.3874394245832],[-2.84458306957237,53.3876641117431],[-2.84495891203764,53.3876614515096],[-2.8449633589246,53.3878861385826],[-2.84496780587275,53.3881108256455],[-2.84534365235907,53.3881081640765],[-2.84534810140961,53.3883328510524],[-2.84572394987585,53.3883301882246],[-2.84572840102883,53.3885548751137],[-2.84573285224307,53.3887795619926],[-2.84573730351857,53.3890042488616],[-2.8461131580472,53.3890015846212],[-2.84611761142525,53.3892262714032],[-2.84649346793386,53.389223605904],[-2.84649792341451,53.3894482925989],[-2.84687378190307,53.3894456258409],[-2.84687823948638,53.3896703124489],[-2.84725409995491,53.3896676444321],[-2.84724964033026,53.389442957901],[-2.84762549869605,53.3894402887793],[-2.8480013570004,53.3894376184756],[-2.84800582070772,53.3896623048527],[-2.84838168099194,53.3896596332902],[-2.84838614680204,53.3898843195803],[-2.8483906126736,53.3901090058603],[-2.84876647697909,53.3901063329619],[-2.84877094495353,53.3903310191549],[-2.8491468112389,53.3903283449976],[-2.84915128131626,53.3905530311036],[-2.84915575145514,53.3907777171995],[-2.84916022165554,53.3910024032853],[-2.84953609400376,53.390999727715],[-2.84953162176187,53.3907750417062],[-2.84990749200703,53.390772365031],[-2.84990301778522,53.3905476790892],[-2.85027888592731,53.3905450013091],[-2.85027440972564,53.3903203154343],[-2.84989854362499,53.3903229931373],[-2.84952267746273,53.3903256696584],[-2.84951820540547,53.3901009836194],[-2.84914234122305,53.3901036588816],[-2.84913787126872,53.3898789727556],[-2.84951373340976,53.3898762975704],[-2.84950926147559,53.3896516115114],[-2.84988512151371,53.3896489352213],[-2.84988064759975,53.3894242492292],[-2.84950478960296,53.3894269254422],[-2.84950031779187,53.389202239363],[-2.84949584604232,53.3889775532738],[-2.84949137435431,53.3887528671745],[-2.84948690272783,53.3885281810652],[-2.84986275255958,53.3885255051602],[-2.84985827895345,53.3883008191179],[-2.84985380540888,53.3880761330654],[-2.84984933192587,53.387851447003],[-2.84984485850442,53.3876267609304],[-2.84984038514453,53.3874020748479],[-2.84983591184619,53.3871773887552],[-2.85021174936962,53.3871747121306],[-2.85020727409181,53.3869500261049],[-2.85020279887559,53.3867253400692],[-2.85019832372095,53.3865006540234],[-2.85019384862788,53.3862759679676],[-2.85018937359639,53.3860512819017],[-2.85018489862649,53.3858265958258],[-2.85056072384257,53.3858239184816],[-2.85055624689338,53.3855992324726],[-2.85055177000578,53.3853745464536],[-2.85054729317979,53.3851498604245],[-2.85092311221174,53.3851471821297],[-2.85091863340658,53.3849224961676],[-2.85091415466303,53.3846978101954],[-2.85090967598112,53.3844731242133],[-2.85128548882916,53.3844704449678],[-2.85128100816817,53.3842457590526],[-2.85165681921975,53.3842430811106],[-2.85165233657218,53.38401839521],[-2.85164785398637,53.3837937092998],[-2.85202366097156,53.3837910309522],[-2.85201917607522,53.383566345583],[-2.85239498093262,53.3835636661405],[-2.85239049222748,53.3833389835573],[-2.85238600358352,53.3831143009659],[-2.85276180434559,53.3831116203472],[-2.85275731374577,53.382886937751],[-2.85313311242961,53.3828842559526],[-2.85312861987399,53.3826595733517],[-2.85350441647957,53.3826568903735],[-2.85350891105217,53.3828815729708],[-2.85388470961345,53.3828788888057],[-2.85388021302387,53.382654206212],[-2.85387571649556,53.38242952361],[-2.85425151096159,53.3824268382689],[-2.85424701247762,53.3822021556622],[-2.85424251405495,53.3819774730473],[-2.85461830442581,53.38197478653],[-2.8549940947353,53.3819720988295],[-2.85498959234018,53.3817474162135],[-2.85498509000641,53.3815227335892],[-2.85536087622079,53.3815200447127],[-2.85536538057141,53.3817447273334],[-2.85574116874122,53.38174203727],[-2.85574567517008,53.3819667198787],[-2.85612146529531,53.3819640286283],[-2.85612597380247,53.3821887112251],[-2.85613048237106,53.3824133938135],[-2.85575468821201,53.3824160850711],[-2.85575919482508,53.3826407676549],[-2.85613499100108,53.3826380763936],[-2.8565107871156,53.3826353839489],[-2.85651529782403,53.3828600665171],[-2.85689109589402,53.3828573728854],[-2.85726689390248,53.3828546780704],[-2.85727140870637,53.3830793606229],[-2.85764720867027,53.3830766646209],[-2.8576517255527,53.3833013471613],[-2.85765624249668,53.3835260296934],[-2.85728043849871,53.3835287257028],[-2.85728495226008,53.3837534099648],[-2.85766075831501,53.3837507138857],[-2.85803656430769,53.3837480166244],[-2.85841237023812,53.383745318181],[-2.85841688962342,53.383970003071],[-2.85842140907098,53.3841946879514],[-2.85804559905172,53.3841973865083],[-2.85805011651708,53.3844220714358],[-2.85805463404467,53.3846467563538],[-2.85843044815289,53.3846440576834],[-2.8584259285808,53.3844193728222],[-2.85880174058223,53.3844166730264],[-2.85879721902795,53.3841919882124],[-2.85917302892259,53.3841892872913],[-2.85916850538616,53.3839646025245],[-2.85954431317403,53.383961900478],[-2.85953978765551,53.3837372157584],[-2.85991559333659,53.3837345125867],[-2.86029139895526,53.3837318082329],[-2.8602868687564,53.3835071244938],[-2.86028233769308,53.3832824419879],[-2.85990653614387,53.383285146277],[-2.8599020071593,53.383060463759],[-2.85989747823643,53.3828357812327],[-2.85952168065948,53.3828384843309],[-2.85951715381528,53.3826138017925],[-2.85951262703276,53.3823891192459],[-2.85950810031192,53.3821644366909],[-2.85913230872406,53.3821671385945],[-2.85912778408177,53.3819424560275],[-2.8587519944491,53.3819451567441],[-2.8587565170745,53.3821698393148],[-2.85838072536328,53.3821725388519],[-2.85800493359042,53.3821752372056],[-2.8580094522436,53.3823999197756],[-2.85763365839221,53.3824026169498],[-2.85725786447923,53.3824053129406],[-2.85725334985988,53.3821806303633],[-2.85724883530204,53.3819559477776],[-2.85724432080571,53.3817312651836],[-2.8572398063709,53.3815065825814],[-2.85723529199759,53.3812818999708],[-2.85685950810738,53.3812845947599],[-2.85685499581236,53.3810599121373],[-2.85647921387741,53.3810626057395],[-2.85610343188096,53.3810652981584],[-2.85610794014241,53.3812899807883],[-2.8557321560677,53.3812926720277],[-2.85535637193155,53.3812953620838],[-2.85535186770368,53.3810706794465],[-2.8549760855229,53.3810733683157],[-2.85497158337317,53.3808486856665],[-2.85496708128478,53.3806240030089],[-2.85459130307611,53.3806266906876],[-2.85458680306577,53.3804020080181],[-2.85421102681246,53.38040469451],[-2.85420652888011,53.3801800118286],[-2.85420203100906,53.3799553291389],[-2.85419753319929,53.3797306464408],[-2.85382176293462,53.3797333317386],[-2.85381726720274,53.3795086490286],[-2.85344149889337,53.3795113331396],[-2.85343700523932,53.3792866504178],[-2.8534325116465,53.3790619676876],[-2.85305674730899,53.3790646506082],[-2.85305225579393,53.3788399678661],[-2.85304776434006,53.3786152851157],[-2.85267200397433,53.378617966846],[-2.85266751459814,53.3783932840837],[-2.85229175618767,53.3783959646273],[-2.85228726888909,53.3781712818531],[-2.85228278165165,53.3779465990706],[-2.85190702721287,53.3779492784239],[-2.85190254205296,53.3777245956296],[-2.85189805695416,53.3774999128269],[-2.85152230648699,53.37750259099],[-2.85151782346565,53.3772779081755],[-2.85114207521274,53.3772805857443],[-2.85113759427541,53.3770559028875],[-2.85113311339919,53.3768312200207],[-2.85075736930592,53.3768338966786],[-2.85075289050932,53.3766092137272],[-2.8507484117738,53.3763845307658],[-2.85037267165642,53.376387206093],[-2.85036819500044,53.376162523047],[-2.84999245684042,53.3761651971182],[-2.84998798226393,53.3759405139876],[-2.84998350774845,53.375715830847],[-2.84960777356422,53.3757185035876],[-2.84960330112815,53.3754938203624],[-2.84959882875307,53.3752691371272],[-2.84922309854455,53.3752718085374],[-2.84921862584356,53.3750471207158],[-2.84921415316212,53.374822432811],[-2.84883842691524,53.3748251032164],[-2.84883395629069,53.3746004153678],[-2.84882948572656,53.3743757275126],[-2.84845376341211,53.3743783968595],[-2.84844929490479,53.3741537090606],[-2.84844482645787,53.3739290212549],[-2.84844035807133,53.3737043334425],[-2.84806464168557,53.3737070017941],[-2.84806017535573,53.373482314038],[-2.84843588974517,53.3734796456234],[-2.8484314214794,53.3732549577976],[-2.8488071338121,53.3732522881354],[-2.84918284608434,53.3732496172887],[-2.84955855829609,53.3732469452575],[-2.84993427044732,53.3732442720418],[-2.84992979425686,53.3730195839571],[-2.84992531812689,53.3727948958657],[-2.8499208420574,53.3725702077676],[-2.84954513589489,53.3725728811723],[-2.84954066188207,53.3723481931304],[-2.84953618792972,53.3721235050819],[-2.84953171403782,53.3718988170266],[-2.84952724020638,53.3716741289645],[-2.8495227664354,53.3714494408958],[-2.84914707019304,53.3714521134312],[-2.84914259847856,53.3712274254187],[-2.84913812682451,53.3710027373996],[-2.84876243451375,53.3710054088766],[-2.84838674214255,53.3710080791692],[-2.84838227454092,53.3707833912694],[-2.84800658410529,53.3707860604406],[-2.84763089360927,53.3707887284275],[-2.84762643005997,53.370564040647],[-2.84762196657099,53.3703393528599],[-2.84724628000652,53.3703420197884],[-2.84687059338171,53.3703446855327],[-2.8468661339449,53.3701199978649],[-2.84686167456834,53.3698953101904],[-2.84648599187505,53.3698979748764],[-2.84611030912147,53.369900638378],[-2.84611476450622,53.3701253259263],[-2.84573907969648,53.3701279881805],[-2.8453633948265,53.3701306492503],[-2.84535894343356,53.3699059618282],[-2.84498326049928,53.3699086217768],[-2.84497881116237,53.3696839344111],[-2.84497436188558,53.3694592470387],[-2.84459868288285,53.3694619059291],[-2.84459423566201,53.3692372186131],[-2.84458978850127,53.3690125312904],[-2.84421411343003,53.3690151891227],[-2.84420966832515,53.3687905018564],[-2.84420522328034,53.3685658145833],[-2.84382955214049,53.3685684713577],[-2.84382510915147,53.368343784141],[-2.84382066622248,53.3681190969176],[-2.84381622335353,53.3678944096875],[-2.84381178054462,53.3676697224506],[-2.84380733779574,53.367445035207],[-2.84380289510689,53.3672203479567],[-2.84379845247807,53.3669956606996],[-2.84379400929464,53.3667709690317],[-2.84378956594642,53.3665462757571],[-2.84416521927817,53.3665436185832],[-2.84416077408528,53.3663189253727],[-2.84415632895025,53.3660942321522],[-2.84415188387308,53.3658695389218],[-2.84414743885376,53.3656448456814],[-2.84377179313185,53.3656475025588],[-2.84376735007279,53.3654228092343],[-2.84376290707155,53.3651981158998],[-2.84375846412814,53.3649734225554],[-2.84375402124256,53.3647487292009],[-2.84412965935505,53.36474607262],[-2.84412521462501,53.3645213793297],[-2.84450085077729,53.3645187216419],[-2.84449640420283,53.3642940284158],[-2.84449195768625,53.3640693351797],[-2.8448675899761,53.3640666764593],[-2.84486314161518,53.3638419832873],[-2.84523877194486,53.3638393234602],[-2.845243222208,53.364064016558],[-2.84561885438191,53.3640613554758],[-2.84562330660521,53.3642860484895],[-2.84562775888646,53.3645107414932],[-2.84563221122567,53.364735434487],[-2.84600784904836,53.3647327720014],[-2.84638348681302,53.364730108335],[-2.84675912451962,53.3647274434876],[-2.84713476216813,53.3647247774593],[-2.84713030221978,53.3645000847623],[-2.84712584232949,53.3642753920553],[-2.84712138249726,53.3640506993383],[-2.84711692272307,53.3638260066113],[-2.84711246300695,53.3636013138744],[-2.84710800334887,53.3633766211275],[-2.84673237711368,53.3633792867106],[-2.84672791941579,53.3631545938795],[-2.84710354374885,53.3631519283705],[-2.84709908420688,53.3629272356037],[-2.84709462472295,53.3627025428268],[-2.84709016529708,53.3624778500399],[-2.84746578386581,53.3624751835727],[-2.84746132259596,53.3622504908501],[-2.84783693920453,53.3622478232762],[-2.84821255575496,53.3622451545216],[-2.84820809073919,53.3620204619374],[-2.84858370532944,53.3620177920762],[-2.8489593198615,53.3620151210342],[-2.8489548510999,53.3617904285885],[-2.84933046367176,53.3617877564399],[-2.84970607618537,53.3617850831106],[-2.85008168864071,53.3617824086005],[-2.85045730103774,53.3617797329096],[-2.85045282472656,53.3615550407509],[-2.85082843516333,53.3615523639535],[-2.85120404554175,53.3615496859754],[-2.85157965637202,53.361547007206],[-2.85195526751016,53.3615443275356],[-2.85233087858857,53.3615416466835],[-2.85232639267459,53.3613169547838],[-2.85270200173643,53.3613142727876],[-2.85269751392536,53.3610895809162],[-2.85232190682031,53.3610922628749],[-2.8519462996555,53.3610949436519],[-2.85157069243095,53.3610976232473],[-2.85157517437166,53.3613223152312],[-2.85119956548501,53.3613249939552],[-2.8508239570085,53.3613276718591],[-2.85044834847365,53.3613303485822],[-2.85007273988047,53.3613330241246],[-2.85007721423146,53.3615577163675],[-2.84970160367807,53.3615603908034],[-2.8493259930664,53.3615630640585],[-2.84895038239648,53.3615657361328],[-2.84857477166834,53.3615684070263],[-2.84857923846982,53.3617930995563],[-2.84820362578153,53.3617957693432],[-2.84782801303508,53.3617984379494],[-2.84745240023047,53.3618011053748],[-2.84707678736774,53.3618037716194],[-2.84708124661947,53.3620284644363],[-2.84670563179667,53.3620311295743],[-2.84633001691579,53.3620337935315],[-2.84595440197687,53.3620364563079],[-2.84557878697992,53.3620391179035],[-2.84520317192497,53.3620417783183],[-2.84520762172474,53.362266471496],[-2.84483200470982,53.3622691308041],[-2.84445638763695,53.3622717889314],[-2.84408077050615,53.3622744458779],[-2.84370515331746,53.3622771016436],[-2.84370959556702,53.3625017951078],[-2.84333397641842,53.3625044497667],[-2.84295835721198,53.3625071032449],[-2.84258273794771,53.3625097555422],[-2.84220711862565,53.3625124066586],[-2.84221155332476,53.3627371004092],[-2.84183593204286,53.3627397504189],[-2.84146031070322,53.3627423992477],[-2.84108468930585,53.3627450468957],[-2.8410891183564,53.3629697408585],[-2.84071349499925,53.3629723873997],[-2.84033787158442,53.36297503276],[-2.83996224811194,53.3629776769394],[-2.83958662458185,53.362980319938],[-2.83959104608155,53.3632050141869],[-2.83921542059173,53.3632076560786],[-2.83921984024682,53.3634323503915],[-2.83959546763879,53.3634297084258],[-2.83997109497315,53.3634270652792],[-2.8403467222499,53.3634244209517],[-2.84035114766902,53.3636491150326],[-2.84035557314573,53.3638738091035],[-2.84035999868003,53.3640985031645],[-2.84036442427192,53.3643231972155],[-2.83998878938633,53.364325841839],[-2.83999321313353,53.3645505359541],[-2.83999763693831,53.3647752300592],[-2.84000206080065,53.3649999241543],[-2.84000648472056,53.3652246182394],[-2.84001090869804,53.3654493123146],[-2.83963526424317,53.3654519561273],[-2.83963968637581,53.3656766502665],[-2.84001533273309,53.3656740063798],[-2.84001975682571,53.365898700435],[-2.84002418097591,53.3661233944803],[-2.84002860518368,53.3663480885156],[-2.83965295311903,53.3663507326244],[-2.83965737548187,53.3665754267237],[-2.83928172145709,53.3665780697255],[-2.83928614197495,53.3668027638889],[-2.83966179790226,53.3668001208131],[-2.84003745377195,53.3667974765562],[-2.84041310958402,53.3667948311184],[-2.84041753524432,53.3670195223572],[-2.84042195991305,53.3672442090455],[-2.84079761961876,53.3672415625504],[-2.84080204634287,53.3674662492952],[-2.84042638464156,53.3674688957271],[-2.84043080942987,53.367693582402],[-2.8408064731268,53.3676909360333],[-2.84081089997055,53.3679156227646],[-2.84081532687412,53.3681403094892],[-2.84119099450251,53.3681376620627],[-2.8411954234616,53.3683623488438],[-2.84119985248055,53.3685870356182],[-2.84157552404046,53.3685843871338],[-2.84195119554045,53.3685817374652],[-2.84194676253005,53.3683570505644],[-2.84232243197435,53.3683543996483],[-2.84232686698048,53.3685790866123],[-2.84270253836053,53.3685764345751],[-2.84270697542234,53.3688011215955],[-2.84271141254411,53.3690258086092],[-2.84271584972585,53.3692504956161],[-2.84234017235846,53.3692531474638],[-2.84196449493109,53.3692557981271],[-2.84196892818112,53.3694804850009],[-2.84234460760432,53.3694778344008],[-2.84234904291012,53.3697025213311],[-2.8427247242692,53.3696998696098],[-2.84272916163082,53.3699245565966],[-2.8427335990524,53.3701492435766],[-2.84310928434326,53.3701465907973],[-2.84311372382075,53.3703712778338],[-2.84311816335823,53.3705959648635],[-2.84274247407548,53.3705986175163],[-2.84274691167696,53.3708233044761],[-2.84312260295571,53.3708206518865],[-2.84349829417442,53.3708179981124],[-2.84387398533304,53.3708153431539],[-2.84387842898255,53.3710400302965],[-2.84388287269211,53.3712647174324],[-2.8442585677827,53.3712620614158],[-2.84426301354838,53.3714867486081],[-2.84463871057489,53.3714840914703],[-2.84464315839675,53.371708778719],[-2.84464760627871,53.3719334659609],[-2.84502330723729,53.371930807765],[-2.8450277571755,53.3721554950633],[-2.84503220717386,53.3723801823549],[-2.84540791206456,53.3723775231008],[-2.84541236411925,53.3726022104488],[-2.84541681623411,53.3728268977901],[-2.84542126840913,53.3730515851247],[-2.84579697922829,53.3730489248755],[-2.84580143345976,53.3732736122664],[-2.84580588775143,53.3734982996507],[-2.84618160250293,53.3734956383432],[-2.84618605885112,53.3737203257838],[-2.84656177553867,53.3737176633549],[-2.84693749216592,53.3737149997415],[-2.84694195256704,53.3739396873016],[-2.84731767113032,53.3739370225667],[-2.84732213358811,53.3741617101832],[-2.8473265961062,53.3743863977929],[-2.8477023186019,53.3743837319996],[-2.84770678317674,53.3746084196657],[-2.84771124781191,53.3748331073251],[-2.84808697424011,53.3748304404734],[-2.84809144093211,53.3750551281891],[-2.84809590755304,53.37527981568],[-2.84772017710066,53.3752824823649],[-2.84734444658737,53.3752851478685],[-2.84696871601322,53.3752878121908],[-2.84697317425978,53.375512495948],[-2.84659744160642,53.3755151591635],[-2.84622170889224,53.3755178211977],[-2.84584597611728,53.3755204820506],[-2.84547024328155,53.3755231417221],[-2.84509451038509,53.3755258002123],[-2.84471877742792,53.3755284575212],[-2.84472322362492,53.3757531417154],[-2.84434748858867,53.3757557979174],[-2.84397175349177,53.375758452938],[-2.84359601833424,53.3757611067774],[-2.84322028311612,53.3757637594353],[-2.84321584499272,53.3755390749433],[-2.84284011173243,53.3755417263455],[-2.84246437841159,53.3755443765664],[-2.84246881249817,53.3757690612073],[-2.84209307709841,53.3757717103212],[-2.84171734163816,53.3757743582538],[-2.84134160611745,53.375777005005],[-2.84134603420921,53.3760016898591],[-2.84097029660962,53.3760043355034],[-2.84096587053629,53.3757796505749],[-2.84096144452334,53.3755549656364],[-2.84095701857075,53.3753302806879],[-2.84133275011511,53.3753276352668],[-2.84132832006972,53.3751029491423],[-2.84095259056209,53.3751055946084],[-2.84057686099456,53.37510823889],[-2.8405724342325,53.3748835524376],[-2.84056800753027,53.3746588659785],[-2.84056358088786,53.3744341795126],[-2.84018785724989,53.3744368227994],[-2.84018343266374,53.3742121363901],[-2.83980771096235,53.3742147785556],[-2.83980328843239,53.3739900922028],[-2.83942756866758,53.3739927332471],[-2.83905184884298,53.3739953731068],[-2.83904743036555,53.3737706868738],[-2.83867171247755,53.3737733256124],[-2.83866729605619,53.373548639436],[-2.83866287969452,53.3733239532528],[-2.83828716573947,53.3733265909334],[-2.83828275143378,53.3731019048068],[-2.83827833718775,53.3728772186735],[-2.83865404715023,53.3728745808662],[-2.83864963096762,53.3726498946628],[-2.83902533887412,53.3726472556078],[-2.83902092075497,53.3724225693343],[-2.83864521484469,53.3724252084527],[-2.83826950887467,53.3724278463866],[-2.83826509480761,53.372203160233],[-2.83788939077408,53.3722057970457],[-2.83788497876284,53.3719811109487],[-2.8375092766658,53.3719837466404],[-2.8371335745091,53.3719863811476],[-2.83712916654977,53.3717616951705],[-2.8367534663296,53.3717643285566],[-2.83637776604983,53.3717669607584],[-2.83637336214231,53.3715422749012],[-2.83599766379909,53.3715449059819],[-2.83599326194718,53.3713202201814],[-2.83561756554051,53.371322850141],[-2.83524186907432,53.3713254789162],[-2.83523747127403,53.3711007932357],[-2.83523307353318,53.3708761075484],[-2.83485738099962,53.3708787352661],[-2.83486177674443,53.37110342089],[-2.83486617254865,53.3713281065071],[-2.83449047580904,53.3713307329884],[-2.83411477888294,53.3713333583481],[-2.83411038713864,53.3711086727179],[-2.83373469219364,53.3711112968683],[-2.8333589971882,53.3711139198363],[-2.83335460958739,53.3708892341432],[-2.83297891656307,53.3708918559019],[-2.83260322347838,53.3708944764783],[-2.83259884002095,53.3706697907222],[-2.83222314891741,53.3706724100893],[-2.83221876756178,53.3704477242973],[-2.83221438626642,53.3702230384963],[-2.8318386991855,53.3702256566271],[-2.8318430784394,53.3704503424551],[-2.83184745775355,53.3706750282742],[-2.83147176652939,53.3706776452768],[-2.83109607524495,53.3706802610972],[-2.83110045053632,53.3709049469615],[-2.83110482588788,53.3711296328169],[-2.83072913046015,53.3711322475091],[-2.83073350383033,53.3713569333826],[-2.83035780630081,53.3713595469195],[-2.82998210871109,53.3713621592741],[-2.82960641106121,53.3713647704464],[-2.82961077836677,53.3715894563921],[-2.82923507861514,53.3715920664091],[-2.82923944393916,53.3718167523729],[-2.8288637420858,53.3718193612346],[-2.82848804017235,53.3718219689139],[-2.82849240147311,53.3720466549228],[-2.82811669745795,53.3720492614468],[-2.82812105677704,53.3722739474737],[-2.82774535066016,53.3722765528423],[-2.82736964448327,53.3722791570286],[-2.82737399977891,53.3725038431006],[-2.82737835513448,53.3727285291637],[-2.82700264481416,53.3727311322215],[-2.82700699818789,53.3729558183026],[-2.82663128576584,53.372958420205],[-2.82663563715767,53.3731831063042],[-2.8262599226339,53.3731857070511],[-2.82588420805023,53.3731883066156],[-2.82588855541828,53.3734129927598],[-2.82551283873291,53.3734155911688],[-2.8251371219877,53.3734181883955],[-2.82476140518268,53.3734207844398],[-2.82475706394012,53.373196098215],[-2.82438134911715,53.3731986930501],[-2.82400563423441,53.3732012867028],[-2.82400129713522,53.3729766004155],[-2.82362558423457,53.372979192859],[-2.82362991929194,53.3732038791731],[-2.82325420428977,53.373206470461],[-2.82325853736498,53.3734311567931],[-2.82288282026129,53.3734337469255],[-2.82288715135426,53.3736584332756],[-2.82251143214906,53.3736610222524],[-2.82213571288423,53.3736636100468],[-2.82214003995303,53.3738882964416],[-2.82176431858671,53.3738908830804],[-2.82176864367313,53.3741155694931],[-2.82139292020532,53.3741181549763],[-2.82101719667796,53.3741207392771],[-2.82101287567539,53.3738960528109],[-2.82063715413045,53.3738986359025],[-2.82063283522926,53.3736739494006],[-2.82025711566674,53.3736765312831],[-2.82025279886686,53.3734518447456],[-2.82024848212641,53.3732271581993],[-2.81987276658816,53.3732297388459],[-2.81986845194894,53.373005052264],[-2.82024416544538,53.3730024716441],[-2.82023984882376,53.3727777850801],[-2.82061556021895,53.3727752033046],[-2.82061124161498,53.3725505167585],[-2.82060692307046,53.3723258302035],[-2.82098263032266,53.3723232472991],[-2.82097830979587,53.3720985607621],[-2.82060260458537,53.3721011436396],[-2.82059828615973,53.3718764570669],[-2.82022258293144,53.3718790387354],[-2.82021826660689,53.3716543521271],[-2.81984256536081,53.3716569325866],[-2.81983825113731,53.3714322459427],[-2.81946255187344,53.3714348251931],[-2.81945823975092,53.3712101385137],[-2.81945392768775,53.3709854518254],[-2.81944961568394,53.3707607651282],[-2.81944530373947,53.3705360784222],[-2.81906961258248,53.3705386563835],[-2.81906530273886,53.3703139696419],[-2.818689613564,53.3703165463942],[-2.81831392432981,53.3703191219642],[-2.81830961862846,53.3700944351604],[-2.81793393087513,53.3700970096917],[-2.81792962725242,53.3698723228399],[-2.81755394007517,53.3698748965682],[-2.8171782528387,53.3698774691159],[-2.81717395335613,53.3696527820557],[-2.81679826810092,53.3696553533239],[-2.81679397071796,53.3694306661543],[-2.81641828744402,53.369433236143],[-2.8164139921606,53.3692085488639],[-2.81603831086794,53.3692111175731],[-2.81566262951617,53.3692136851018],[-2.81565833837262,53.3689889976144],[-2.81528265900216,53.3689915638637],[-2.81527836995802,53.368766876267],[-2.81527408097291,53.3685421886597],[-2.81526979204681,53.368317501042],[-2.81564546529627,53.3683149350895],[-2.81564117438892,53.3680902475601],[-2.81601684553903,53.3680876805259],[-2.81601255265047,53.367862993085],[-2.81638822170122,53.3678604249692],[-2.8163839268315,53.3676357376167],[-2.81637963202089,53.3674110502536],[-2.81675529693209,53.3674084811551],[-2.8167510001404,53.3671837938805],[-2.81712666295228,53.3671812237004],[-2.81750232570498,53.3671786523399],[-2.81749802489214,53.3669539652526],[-2.81749371784861,53.366729272674],[-2.81711805930284,53.3667318440917],[-2.81674240069664,53.3667344143242],[-2.81636674203002,53.3667369833716],[-2.81636244078614,53.3665122906354],[-2.81673809735921,53.3665097214813],[-2.81711375387188,53.3665071511421],[-2.81748941032411,53.3665045796177],[-2.81786506671587,53.3665020069081],[-2.81786075715825,53.3662773137393],[-2.81823641057563,53.3662747396395],[-2.81861206324332,53.3662721642729],[-2.81898771585364,53.3662695877226],[-2.81936336840656,53.3662670099886],[-2.81973902090204,53.3662644310708],[-2.82011467334008,53.3662618509694],[-2.8201103520657,53.3660371575108],[-2.82048600249134,53.366034576183],[-2.82086165285947,53.3660319936715],[-2.82123730317006,53.3660294099764],[-2.8216129534231,53.3660268250975],[-2.82160862438658,53.3658021314611],[-2.82198427262715,53.3657995453559],[-2.82198860361855,53.3660242390349],[-2.82236425375639,53.3660216517887],[-2.8223599208101,53.3657969580671],[-2.82273556893543,53.3657943695945],[-2.82273123409184,53.365569675823],[-2.82310688020464,53.3655670861242],[-2.82348252625976,53.3655644952417],[-2.82385817225716,53.3655619031756],[-2.82423381819681,53.3655593099257],[-2.82460946407871,53.3655567154922],[-2.82498510990281,53.365554119875],[-2.82498076338785,53.3653294258409],[-2.82535640719931,53.3653268289975],[-2.82573205095292,53.3653242309704],[-2.82610769464867,53.3653216317597],[-2.82648333828652,53.3653190313653],[-2.82647898401012,53.3650943371539],[-2.82685462563525,53.3650917355333],[-2.82723026720244,53.3650891327291],[-2.82760590871165,53.3650865287411],[-2.82798155016286,53.3650839235696],[-2.82797718812525,53.3648592291811],[-2.82835282756367,53.3648566227834],[-2.82872846694404,53.364854015202],[-2.82872410105492,53.3646293207215],[-2.82834846362928,53.3646319283452],[-2.8279728261456,53.3646345347854],[-2.82759718860389,53.3646371400419],[-2.82722155100419,53.3646397441147],[-2.82722590907436,53.3648644384255],[-2.82685026946194,53.3648670412722],[-2.82647462979158,53.3648696429353],[-2.8260989900633,53.3648722434147],[-2.82572335027711,53.3648748427105],[-2.82572770058612,53.3650995368441],[-2.8253520587873,53.3651021349137],[-2.82497641693064,53.3651047317996],[-2.82460077501616,53.3651073275019],[-2.82459643057148,53.3648826334958],[-2.8245920861845,53.3646579394825],[-2.82496772418946,53.3646553436952],[-2.82496337790549,53.3644306496321],[-2.82495903167926,53.3642059555618],[-2.82458339758372,53.3642085514342],[-2.8245790533699,53.3639838573991],[-2.82420342117124,53.3639864521304],[-2.82382778891482,53.3639890456781],[-2.82345215660066,53.3639916380422],[-2.82345649495047,53.3642163319496],[-2.82346083335792,53.3644410258498],[-2.823465171823,53.3646657197427],[-2.82346951034573,53.3648904136283],[-2.8234738489261,53.3651151075067],[-2.8234781875641,53.3653398013779],[-2.82310254346382,53.3653423923029],[-2.82272689930585,53.3653449820443],[-2.82235125509022,53.365347570602],[-2.82197561081695,53.3653501579761],[-2.82197127999816,53.3651254642753],[-2.82196694923691,53.3649007705672],[-2.82196261853319,53.3646760768519],[-2.82195828788701,53.3644513831293],[-2.8215826513752,53.3644539694901],[-2.82120701480582,53.3644565546673],[-2.82120268812658,53.3642318610227],[-2.82119836150481,53.3640071673708],[-2.82157399416481,53.3640045821084],[-2.82156966564588,53.3637798884066],[-2.82156533718445,53.3635551946976],[-2.82156100878052,53.3633305009813],[-2.82118538198439,53.3633330863715],[-2.82118105559253,53.3631083926906],[-2.82117672925815,53.3628836990024],[-2.82117240298124,53.3626590053069],[-2.82154802391374,53.3626564197888],[-2.82154369573981,53.3624317260435],[-2.82153936762338,53.3622070322909],[-2.82153503956445,53.361982338531],[-2.82115942449535,53.361984924177],[-2.82115509844833,53.3617602304525],[-2.82077948527611,53.3617628149575],[-2.82040387204637,53.361765398279],[-2.82039954996559,53.3615407046325],[-2.82039522794223,53.3613160109787],[-2.82077083726321,53.3613134275719],[-2.82076651334292,53.3610887338682],[-2.82076218948008,53.3608640401573],[-2.82075786567467,53.3606393464391],[-2.82075354192669,53.3604146527136],[-2.82112914337299,53.3604120679529],[-2.82112481772822,53.3601873741775],[-2.82150041716275,53.3601847881907],[-2.82187601653971,53.3601822010205],[-2.82188034609294,53.3604068948811],[-2.82225594736655,53.36040430657],[-2.8222516158591,53.3601796126668],[-2.82262721512087,53.3601770231297],[-2.82262288171676,53.3599523291767],[-2.82261854837022,53.3597276352165],[-2.82299414366599,53.3597250444108],[-2.82298980842286,53.3595003504007],[-2.82336540170682,53.359497758369],[-2.82336106456717,53.3592730643091],[-2.82298547323733,53.3592756563833],[-2.82260988184982,53.3592782472742],[-2.82260554867597,53.3590535532922],[-2.82260121555968,53.3588288593029],[-2.8222256280227,53.3588314490955],[-2.82222129691801,53.3586067551415],[-2.82184571127748,53.3586093437933],[-2.82184138444759,53.3583846483794],[-2.82146580063409,53.3583872357826],[-2.82146147582859,53.3581625402324],[-2.82108589386822,53.3581651263678],[-2.82108157102879,53.3579404307198],[-2.8210772482458,53.3577157350616],[-2.82070167004815,53.3577183198415],[-2.82032609179403,53.357720903441],[-2.81995051348347,53.3577234858601],[-2.8195749351165,53.3577260670989],[-2.81919935669313,53.3577286471573],[-2.81882377821341,53.3577312260353],[-2.81881946694426,53.3575065298419],[-2.81844389031777,53.3575091074521],[-2.81806831363497,53.3575116838819],[-2.81769273945003,53.3575142607015],[-2.81731716548339,53.3575168365097],[-2.81731286178656,53.3572921398713],[-2.81693728959441,53.3572947143582],[-2.8165617173479,53.357297287666],[-2.81655741736312,53.3570725907318],[-2.81655311743261,53.3568478937862],[-2.81654881755639,53.356623196829],[-2.81654451773443,53.3563984998604],[-2.81692008266565,53.3563959271211],[-2.81691578106921,53.3561712302831],[-2.81691147952706,53.3559465334336],[-2.81690717803921,53.3557218365726],[-2.8165316185942,53.3557244088856],[-2.81615605909485,53.3557269800195],[-2.81615176131867,53.3555022828628],[-2.81652731898933,53.355499711871],[-2.81690287660566,53.3554971397001],[-2.8168985752264,53.3552724428161],[-2.81727413095971,53.3552698696083],[-2.81727843416763,53.3554945663502],[-2.81728273742986,53.3557192630805],[-2.81728704074643,53.3559439597994],[-2.81766260191141,53.3559413849862],[-2.81765829676613,53.3557166884095],[-2.81803385605891,53.3557141125659],[-2.81840941746605,53.3557115368357],[-2.8187849788169,53.3557089599252],[-2.81916054011141,53.3557063818344],[-2.81953610134958,53.3557038025634],[-2.81991166253136,53.3557012221121],[-2.82028722365674,53.3556986404805],[-2.82029154211316,53.355923336406],[-2.82066710509147,53.3559207535066],[-2.82104266801332,53.3559181694269],[-2.82141823087869,53.355915584167],[-2.82142255511965,53.3561402798196],[-2.82179811983789,53.3561376932919],[-2.82179379368755,53.3559129977267],[-2.8217894675937,53.3556883021513],[-2.82178514155631,53.3554636065657],[-2.8217808155754,53.3552389109698],[-2.82215637259974,53.3552363236119],[-2.82215204476602,53.3550116280933],[-2.82252759982452,53.3550090396427],[-2.82290315482645,53.3550064500119],[-2.82327870977177,53.3550038592009],[-2.82365426466046,53.3550012672096],[-2.82402981949249,53.3549986740381],[-2.82403415687258,53.3552233691188],[-2.82403849430931,53.3554480641893],[-2.82441405290323,53.3554454696624],[-2.82441839230591,53.355670164635],[-2.82479395275244,53.3556675688402],[-2.82516951314224,53.3556649718651],[-2.82554507347528,53.3556623737098],[-2.82592063375153,53.3556597743742],[-2.82629619397096,53.3556571738583],[-2.82630054297703,53.3558818683825],[-2.82667610504897,53.3558792665988],[-2.82705166706405,53.3558766636348],[-2.82742722902224,53.3558740594905],[-2.82780279092351,53.3558714541659],[-2.82780714762384,53.3560961483292],[-2.82818271137753,53.3560935417367],[-2.82817835276785,53.3558688476612],[-2.82817399421507,53.3556441535754],[-2.8285495540931,53.3556415459781],[-2.82892511391413,53.3556389372005],[-2.82892075159965,53.3554142432799],[-2.82891638934213,53.355189549349],[-2.82929194528755,53.3551869395667],[-2.82966750117593,53.3551843286041],[-2.83004305700725,53.3551817164613],[-2.83004742499263,53.3554064101289],[-2.83042298267613,53.3554037967182],[-2.83041861278148,53.3551791031383],[-2.83079416849859,53.355176488635],[-2.83078979675174,53.3549517951326],[-2.83041424294389,53.3549544095481],[-2.83040987316336,53.3547297159476],[-2.83078542506199,53.3547271016199],[-2.83116097690348,53.354724486112],[-2.8315365286878,53.3547218694239],[-2.83153215323673,53.3544971760765],[-2.83190770305466,53.354494558296],[-2.83228325281538,53.3544919393353],[-2.83265880251885,53.3544893191945],[-2.83266318369752,53.3547140122785],[-2.8326675649334,53.3549387053522],[-2.8322920114115,53.3549413256687],[-2.83191645783237,53.354943944805],[-2.83192083530697,53.355168638044],[-2.83229639079536,53.3551660188199],[-2.83267194622651,53.3551633984156],[-2.83267632757683,53.3553880914688],[-2.83305188485999,53.3553854697965],[-2.83304750160038,53.3551607768311],[-2.83342305691697,53.3551581540664],[-2.83379861217623,53.3551555301215],[-2.83417416737814,53.3551529049964],[-2.83416977844805,53.3549282122843],[-2.83454533168335,53.3549255860668],[-2.83454094090136,53.3547008934323],[-2.83453655017672,53.3544762007875],[-2.83491210035363,53.3544735744166],[-2.83528765107788,53.354470947495],[-2.83529204573493,53.3546956400841],[-2.8356675983709,53.3546930119578],[-2.83604315094797,53.3546903826497],[-2.83604754960512,53.3549150751839],[-2.83605194832115,53.3551397677094],[-2.83642750478058,53.3551371371735],[-2.83642310409388,53.3549124446711],[-2.83679865852369,53.3549098129766],[-2.83679425592529,53.3546851204886],[-2.83641870346611,53.35468775216],[-2.83641430289725,53.3544630596401],[-2.8364099023873,53.3542383671114],[-2.8367854509053,53.3542357354862],[-2.83678985338582,53.3544604279918],[-2.83716540381541,53.3544577951618],[-2.83754095418598,53.3544551611501],[-2.83754536066665,53.3546798536007],[-2.83792091294878,53.3546772183841],[-2.83829646517186,53.354674581986],[-2.83829205474999,53.3544498895817],[-2.83828764438717,53.3542251971686],[-2.83866319260998,53.354222559635],[-2.83903874077367,53.3542199209198],[-2.83941428887821,53.3542172810228],[-2.83978983692359,53.3542146399442],[-2.84016538490977,53.354211997684],[-2.84054093283673,53.3542093542421],[-2.84091648070444,53.3542067096185],[-2.84092090486123,53.3544314018693],[-2.84129645464023,53.3544287560408],[-2.84130088082684,53.3546534482596],[-2.84130530707272,53.3548781404697],[-2.84168086073362,53.3548754934131],[-2.84168528900939,53.3551001855911],[-2.84168971734446,53.3553248777604],[-2.84206527488733,53.3553222294756],[-2.84206970525238,53.3555469216129],[-2.84207413567674,53.3557716137414],[-2.84244969710167,53.3557689642284],[-2.84245412955609,53.3559936563249],[-2.84245856206987,53.3562183484126],[-2.84246299464298,53.3564430404915],[-2.84283856192083,53.356440389727],[-2.84284299652412,53.3566650817739],[-2.84321856571337,53.3566624298043],[-2.84322300234688,53.3568871218192],[-2.8432274390398,53.3571118138252],[-2.84360301211133,53.3571091606274],[-2.84360745083455,53.3573338526014],[-2.84361188961719,53.3575585445666],[-2.84398746657108,53.3575558901404],[-2.84399190738411,53.3577805820736],[-2.8439963482566,53.358005273998],[-2.84437192909292,53.3580026183434],[-2.84437637199587,53.3582273102357],[-2.84438081495832,53.3584520021192],[-2.84475639967714,53.3584493452362],[-2.84476084529194,53.3586740375779],[-2.84476529232145,53.3588987309793],[-2.84514088080899,53.3588960727832],[-2.84513643187786,53.3586713794559],[-2.84513198433639,53.3584466871713],[-2.84550756893606,53.3584440279245],[-2.84588315347611,53.3584413674959],[-2.84588760487581,53.3586660596699],[-2.84589205761018,53.3588907528489],[-2.84626764592377,53.3588880911108],[-2.84626319128779,53.3586633980059],[-2.84663877764174,53.3586607351612],[-2.84664323417933,53.358885428192],[-2.84701882237683,53.3588827640925],[-2.84702328087407,53.3591074570391],[-2.84702773942934,53.3593321499757],[-2.84740333137206,53.3593294845472],[-2.84740779188706,53.3595541773996],[-2.84741225246012,53.359778870242],[-2.84778784814813,53.3597762034844],[-2.848163443778,53.3597735355461],[-2.84853903934971,53.3597708664271],[-2.84853457307151,53.3595461738073],[-2.84853010685145,53.3593214811775],[-2.84815451508314,53.3593241501481],[-2.84815005082288,53.359099457434],[-2.84814558662073,53.35887476471],[-2.84852117458574,53.3588720958879],[-2.84889676249256,53.3588694258851],[-2.8488922945453,53.3586447332995],[-2.84888782764727,53.3584200415209],[-2.84926341164961,53.3584173704557],[-2.84925894306385,53.3581926788759],[-2.84925447453792,53.3579679872874],[-2.84925000607182,53.35774329569],[-2.84887442798245,53.3577459666849],[-2.84886996154712,53.3575212750554],[-2.84886549517159,53.357296583417],[-2.84886102885587,53.3570718917699],[-2.84848545661939,53.3570745615128],[-2.84848099233432,53.3568498698335],[-2.84810542200889,53.3568525383711],[-2.84772985162367,53.356855205727],[-2.84773431196701,53.3570798974531],[-2.84735873955116,53.3570825636506],[-2.84698316707557,53.3570852286663],[-2.84660759454026,53.3570878925003],[-2.84660314010951,53.3568632007041],[-2.8465986857384,53.3566385088991],[-2.84659423142693,53.3564138170853],[-2.8465897771751,53.3561891252627],[-2.84621421246342,53.3561917878214],[-2.84620976024198,53.3559670959668],[-2.84583419744141,53.3559697573204],[-2.8454586345812,53.3559724174923],[-2.84545418636084,53.3557477255822],[-2.84544973820004,53.3555230336632],[-2.8454452900988,53.3552983417355],[-2.84506973309112,53.3553010006557],[-2.84506528702009,53.3550763086959],[-2.84506084100858,53.3548516167273],[-2.8450563950566,53.35462692475],[-2.84505194916414,53.3544022327638],[-2.84542749828934,53.3543995739369],[-2.84580304735495,53.3543969139284],[-2.84579859758091,53.3541722219801],[-2.84617414461635,53.3541695608132],[-2.84654969159214,53.3541668984646],[-2.84692523850826,53.3541642349344],[-2.84730078536468,53.3541615702225],[-2.84767633216138,53.3541589043289],[-2.84805187889832,53.3541562372537],[-2.84842742557549,53.3541535689969],[-2.84842296206738,53.3539288772034],[-2.84879850671422,53.3539262077883],[-2.84880297219285,53.3541508995583],[-2.84917851875037,53.3541482289382],[-2.84917405130124,53.3539235371915],[-2.84954959582839,53.3539208654131],[-2.84992514029567,53.3539181924531],[-2.85030068470303,53.3539155183113],[-2.85067622905046,53.353912842988],[-2.85105177333792,53.353910166483],[-2.85104729609617,53.3536854748448],[-2.85067175377919,53.3536881513263],[-2.85029621140225,53.3536908266262],[-2.84992066896537,53.3536935007445],[-2.84954512646858,53.3536961736811],[-2.84916958391192,53.3536988454361],[-2.84879404129539,53.3537015160095],[-2.84841849861903,53.3537041854012],[-2.84804295588288,53.3537068536112],[-2.84804741736073,53.3539315454369],[-2.84767187259431,53.3539342124887],[-2.84766741308694,53.3537095206397],[-2.84729187023126,53.3537121864865],[-2.84691632731585,53.3537148511516],[-2.84654078434075,53.3537175146351],[-2.84616524130598,53.353720176937],[-2.84616969293136,53.3539448688795],[-2.84579414786645,53.353947530023],[-2.84541860274191,53.353950189985],[-2.84504305755779,53.3539528487652],[-2.84466751231409,53.3539555063638],[-2.84429196701086,53.3539581627808],[-2.84391642164812,53.3539608180161],[-2.84354087622588,53.3539634720697],[-2.8431653307442,53.3539661249417],[-2.84278978520307,53.353968776632],[-2.84241423960254,53.3539714271407],[-2.84203869394263,53.3539740764677],[-2.84166314822336,53.3539767246131],[-2.84128760244477,53.3539793715768],[-2.84091205660687,53.3539820173589],[-2.8405365107097,53.3539846619593],[-2.84016096475328,53.353987305378],[-2.83978541873764,53.353989947615],[-2.83940987266281,53.3539925886705],[-2.8390343265288,53.3539952285442],[-2.83865878033566,53.3539978672363],[-2.8382832340834,53.3540005047468],[-2.83790768777204,53.3540031410755],[-2.83753214140163,53.3540057762226],[-2.83752773509794,53.3537810837458],[-2.837152190639,53.3537837176881],[-2.83677664612107,53.3537863504487],[-2.83678104848371,53.3540110429719],[-2.83640550193627,53.354013674574],[-2.83640110154415,53.3537889820278],[-2.83602555690826,53.3537916124251],[-2.83602995532986,53.3540163049944],[-2.83565440866453,53.3540189342332],[-2.83565880517446,53.3542436268169],[-2.83528325647967,53.3542462548971],[-2.834907707726,53.3542488817956],[-2.83453215950942,53.3542515081324],[-2.8341566120017,53.3542541340863],[-2.83378106443662,53.35425675886],[-2.83340551681419,53.3542593824536],[-2.83302996913444,53.354262004867],[-2.8326544213974,53.3542646261002],[-2.8322788736031,53.3542672461533],[-2.83190332575156,53.3542698650261],[-2.8315277778428,53.3542724827188],[-2.83115222987686,53.3542750992314],[-2.83077668185375,53.3542777145637],[-2.83040113377351,53.3542803287159],[-2.83002558563615,53.3542829416879],[-2.8296500374417,53.3542855534797],[-2.8292744891902,53.3542881640913],[-2.82889894088166,53.3542907735228],[-2.82852339251611,53.354293381774],[-2.8285277526366,53.3545180758337],[-2.82815220230488,53.3545206829925],[-2.8277766519162,53.3545232889711],[-2.82740110147058,53.3545258937695],[-2.82702555096806,53.3545284973877],[-2.82665000040865,53.3545310998257],[-2.82627444979238,53.3545337010835],[-2.82589889911928,53.354536301161],[-2.82589455236309,53.3543116064876],[-2.82589020566366,53.3540869118039],[-2.8262657525184,53.3540843119017],[-2.82664129931632,53.3540817108192],[-2.82701684605738,53.3540791085565],[-2.82739239274156,53.3540765051137],[-2.82738803846233,53.3538518107704],[-2.82701249368729,53.3538544141256],[-2.82663694885537,53.3538570163005],[-2.82626140396659,53.3538596172954],[-2.82625705547154,53.3536349226788],[-2.82663259845121,53.3536323217716],[-2.82662824810385,53.3534076272325],[-2.82700378911758,53.3534050252328],[-2.82737933007443,53.353402422053],[-2.82737497596576,53.3531777276789],[-2.82775051495665,53.3531751234066],[-2.82812605389061,53.3531725179542],[-2.82812169602072,53.3529478237452],[-2.8284972329887,53.3529452172003],[-2.82849287326672,53.3527205230688],[-2.82848851360166,53.3524958289269],[-2.82848415399353,53.3522711347748],[-2.82847979444232,53.3520464406125],[-2.82847543494803,53.3518217464398],[-2.82847107551067,53.3515970522569],[-2.82846671613022,53.3513723580637],[-2.82809119252473,53.3513749639947],[-2.82771566886228,53.3513775687456],[-2.82772002442503,53.3516022631142],[-2.82772438004464,53.3518269574725],[-2.82809990752481,53.3518243525462],[-2.8281042651102,53.3520490468065],[-2.82772873572113,53.3520516518205],[-2.82735320627513,53.3520542556544],[-2.82735756009956,53.3522789500798],[-2.82698202868774,53.3522815528213],[-2.82698638066007,53.3525062473241],[-2.82661084728242,53.3525088489731],[-2.82661519740258,53.3527335435534],[-2.8262396620591,53.3527361441099],[-2.82624401032705,53.3529608387675],[-2.82586847301774,53.3529634382316],[-2.82549293565162,53.3529660365155],[-2.82549728015827,53.3531907313381],[-2.82550162472165,53.3534154261505],[-2.82550596934174,53.3536401209526],[-2.82513042619167,53.3536427183193],[-2.82475488298484,53.3536453145058],[-2.82475054218292,53.3534206195284],[-2.82437500082845,53.3534232144471],[-2.82437066199227,53.3531985193719],[-2.82474620143767,53.3531959245408],[-2.82474186074909,53.3529712295429],[-2.82436632321273,53.3529738242864],[-2.82399078561967,53.3529764178498],[-2.82361524796994,53.352979010233],[-2.82361091306507,53.3527543149621],[-2.8232353772677,53.3527569060776],[-2.82285984141372,53.3527594960129],[-2.82285551038342,53.3525348005566],[-2.82285117940966,53.35231010509],[-2.82247564731704,53.3523126936701],[-2.82210011516785,53.3523152810701],[-2.82172458296212,53.3523178672899],[-2.82172025777172,53.3520931715505],[-2.82171593263779,53.3518684758008],[-2.8217116075603,53.3516437800408],[-2.82170728253927,53.3514190842706],[-2.8217029575747,53.3511943884902],[-2.82169863266658,53.3509696926995],[-2.82169430781492,53.3507449968985],[-2.82168998301971,53.3505203010873],[-2.82168565828094,53.3502956052658],[-2.82168133570824,53.3500709113687],[-2.82167701344987,53.3498462176979],[-2.82130150226831,53.349848801862],[-2.82129718203539,53.3496241081543],[-2.82092167276366,53.3496266911091],[-2.82091735455614,53.3494019973647],[-2.82054184719424,53.3494045791101],[-2.82053753101206,53.3491798853289],[-2.8205332148876,53.3489551915388],[-2.82090871831434,53.3489526098492],[-2.82090440028006,53.3487279160781],[-2.82127990168146,53.348725333235],[-2.82127558173741,53.348500639483],[-2.82127126185113,53.3482759457221],[-2.82164675925971,53.3482733617536],[-2.82165108111348,53.3484980554866],[-2.82202658043171,53.3484954703088],[-2.82202225661046,53.3482707766038],[-2.82201793284702,53.3480460828899],[-2.82239342817244,53.3480434965867],[-2.82239775390333,53.3482681902727],[-2.82277325113831,53.3482656027603],[-2.82314874831537,53.3482630140665],[-2.82314441864956,53.3480383204365],[-2.82276892343996,53.3480409091023],[-2.82276459579948,53.3478162154354],[-2.82314008904165,53.3478136267976],[-2.82351558222587,53.3478110369786],[-2.82351991380122,53.3480357305895],[-2.8238954088949,53.3480331395611],[-2.82389107535213,53.3478084459782],[-2.82388674186731,53.3475837523864],[-2.82426223296817,53.3475811602328],[-2.82426656842038,53.3478058537966],[-2.82464206143062,53.3478032604337],[-2.8250175543828,53.3478006658895],[-2.82501321499578,53.3475759723817],[-2.82500887566679,53.3473512788651],[-2.82463338664938,53.3473538733533],[-2.82425789757393,53.3473564666602],[-2.82388240844045,53.3473590587858],[-2.82350691924897,53.3473616497301],[-2.82350258784741,53.3471369560926],[-2.82312710056531,53.3471395458277],[-2.82275161322528,53.3471421343815],[-2.82237612582733,53.3471447217541],[-2.82237180038566,53.3469200280237],[-2.82199631489715,53.3469226141871],[-2.82162082935078,53.3469251991692],[-2.82161650790156,53.346700505374],[-2.82124102426465,53.3467030891469],[-2.82123670484049,53.3464783953149],[-2.8212323854741,53.3462537014741],[-2.82122806616547,53.3460290076243],[-2.82122374691459,53.3458043137657],[-2.82084827108883,53.3458068962456],[-2.82047279520529,53.3458094775443],[-2.82046847994652,53.345584783621],[-2.82009300597241,53.3455873637106],[-2.82008869273849,53.3453626697504],[-2.82008437956224,53.3451379757814],[-2.82008006644367,53.3449132818035],[-2.82007575338278,53.3446885878166],[-2.82007144037956,53.344463893821],[-2.82006712743401,53.3442391998164],[-2.82044258960564,53.3442366198942],[-2.82043827475077,53.3440119259086],[-2.8204339599536,53.3437872319142],[-2.82042964521413,53.3435625379109],[-2.82042533053235,53.3433378438987],[-2.82080078477844,53.343335262907],[-2.82079646818747,53.3431105689139],[-2.82079215165422,53.3428858749118],[-2.8211676019088,53.3428832927949],[-2.82116328346645,53.3426585988119],[-2.82115896508183,53.34243390482],[-2.821534411345,53.3424313215779],[-2.82153009105135,53.342206627605],[-2.82152577081547,53.3419819336233],[-2.82115032848582,53.3419845168095],[-2.8211460104841,53.341759822922],[-2.82077057006556,53.341762404901],[-2.82076625414848,53.3415377110147],[-2.82039081564532,53.3415402917892],[-2.82001537708428,53.3415428713826],[-2.82001106517161,53.3413181774408],[-2.81963562852598,53.3413207558297],[-2.81963131864437,53.3410960618558],[-2.81962700882053,53.3408713678732],[-2.82000244151969,53.340868789531],[-2.81999812978044,53.3406440955629],[-2.819993818099,53.3404194015861],[-2.82036924679396,53.3404168221095],[-2.82074467543105,53.3404142414518],[-2.82112010401023,53.340411659613],[-2.82149553253148,53.3404090765931],[-2.82187096099478,53.3404064923922],[-2.82187528254202,53.3406311862522],[-2.8222507129205,53.3406286008468],[-2.82224638940009,53.3404039070102],[-2.82224206593765,53.3401792131648],[-2.82261749231182,53.3401766266251],[-2.82261316693424,53.3399519327943],[-2.82260884161464,53.3397272389548],[-2.82260451635304,53.3395025451064],[-2.82260019114941,53.3392778512493],[-2.8229756095733,53.3392752636222],[-2.82297128245467,53.3390505697797],[-2.82296695539404,53.3388258759284],[-2.82334236981391,53.3388232871671],[-2.82333804083836,53.3385985933305],[-2.8237134532272,53.3385960034116],[-2.82370912233676,53.3383713095896],[-2.82408453269459,53.3383687185132],[-2.82408019988932,53.3381440247059],[-2.82445560821613,53.3381414324719],[-2.82483101648478,53.338138839057],[-2.82520642469524,53.3381362444611],[-2.82520208602949,53.3379115507154],[-2.82557749220889,53.337908954962],[-2.82595289833005,53.3379063580276],[-2.8259485557768,53.33768166432],[-2.82557315162846,53.3376842612309],[-2.82519774742189,53.3376868569609],[-2.82482234315711,53.3376894515098],[-2.82444693883416,53.3376920448779],[-2.82444260423034,53.3374673510676],[-2.82406720182203,53.3374699432312],[-2.8240628692491,53.3372452493888],[-2.82405853673426,53.3370205555375],[-2.82443393519703,53.3370179634208],[-2.82442960076753,53.3367932695842],[-2.82442526639614,53.3365685757389],[-2.82442093208286,53.3363438818848],[-2.82441659782768,53.3361191880218],[-2.8244122636306,53.3358944941501],[-2.82440792949163,53.3356698002697],[-2.82440359541075,53.3354451063804],[-2.82402821075652,53.335447698333],[-2.82365282604418,53.3354502891047],[-2.82364849596649,53.3352255951597],[-2.82402387870629,53.3352230044115],[-2.82439926138798,53.3352204124824],[-2.8243949274233,53.3349957185755],[-2.82439059351673,53.3347710246599],[-2.82438625966824,53.3345463307355],[-2.82476163637432,53.3345437376959],[-2.82513701302223,53.3345411434755],[-2.82551238961195,53.3345385480742],[-2.82588776614345,53.3345359514921],[-2.82626314261671,53.3345333537292],[-2.82625879896415,53.3343086599134],[-2.8266341734067,53.3343060609932],[-2.82700954779096,53.3343034608921],[-2.82738492211689,53.3343008596103],[-2.82776029638447,53.3342982571476],[-2.82813567059367,53.3342956535042],[-2.82813131713733,53.3340709597972],[-2.82850668931573,53.3340683549965],[-2.8288820614357,53.3340657490149],[-2.82925743349721,53.3340631418526],[-2.82963280550025,53.3340605335094],[-2.82962844421279,53.3338358398879],[-2.82925307418212,53.3338384482075],[-2.82924871492547,53.3336137545536],[-2.82887334680867,53.3336163616688],[-2.82886898959284,53.3333916680032],[-2.82849362338956,53.3333942739156],[-2.82848926820465,53.3331695802205],[-2.82848491307812,53.3329448865167],[-2.82886027533733,53.3329422806477],[-2.8292356375381,53.332939673598],[-2.82961099968039,53.3329370653675],[-2.82998636176419,53.3329344559561],[-2.83036172378946,53.3329318453641],[-2.83073708575619,53.3329292335911],[-2.83111244766434,53.3329266206375],[-2.83148780951388,53.332924006503],[-2.83186317130479,53.3329213911877],[-2.83223853303705,53.3329187746916],[-2.83261389471063,53.3329161570147],[-2.83260951795055,53.3326914635415],[-2.83298487759344,53.3326888447056],[-2.83336023717758,53.332686224689],[-2.83373559670296,53.3326836034916],[-2.83411095616956,53.3326809811134],[-2.83448631557734,53.3326783575545],[-2.83486167495019,53.3326757327781],[-2.8352370342943,53.3326731067748],[-2.83561239357952,53.3326704795908],[-2.83598775280582,53.3326678512259],[-2.83636311197317,53.3326652216803],[-2.83673847108156,53.3326625909538],[-2.83711383013094,53.3326599590466],[-2.83748918912131,53.3326573259586],[-2.83786454805262,53.3326546916898],[-2.83823990692485,53.3326520562403],[-2.83861526573798,53.3326494196099],[-2.83861085748556,53.3324247264754],[-2.8389862142677,53.3324220886859],[-2.83936157099068,53.3324194497156],[-2.83973692765449,53.3324168095645],[-2.84011228425908,53.3324141682327],[-2.84048764080444,53.3324115257201],[-2.84086299729053,53.3324088820267],[-2.84123835371734,53.3324062371526],[-2.84161371008484,53.3324035910977],[-2.84198906639299,53.332400943862],[-2.84236442264178,53.3323982954455],[-2.84273977883117,53.3323956458483],[-2.84311513496115,53.3323929950703],[-2.84349049103167,53.3323903431115],[-2.84386584704272,53.332387689972],[-2.84424120299428,53.3323850356517],[-2.84423676522352,53.3321603428337],[-2.84461211914373,53.3321576873544],[-2.84498747300438,53.3321550306944],[-2.84536282680546,53.3321523728535],[-2.84573818054694,53.332149713832],[-2.84611353422878,53.3321470536297],[-2.84648888785096,53.3321443922466],[-2.84686424141347,53.3321417296827],[-2.84723959491626,53.3321390659382],[-2.84761494835931,53.3321364010128],[-2.8479903017426,53.3321337349067],[-2.84798584431344,53.331909042298],[-2.84798138694402,53.3316843496806],[-2.84797692963435,53.3314596570544],[-2.84797247238442,53.3312349644195],[-2.84796801519422,53.3310102717758],[-2.84796355806377,53.3307855791234],[-2.84795910099306,53.3305608864622],[-2.84833444051464,53.3305582193283],[-2.84833889955698,53.3307829119676],[-2.84834335865908,53.3310076045982],[-2.84834781782095,53.33123229722],[-2.84835227704258,53.3314569898331],[-2.84835673632399,53.3316816824374],[-2.84836119566516,53.331906375033],[-2.84836565506611,53.3321310676199],[-2.84874100832979,53.3321283991522],[-2.84911636153364,53.3321257295039],[-2.84949171467761,53.3321230586748],[-2.84986706776169,53.3321203866649],[-2.85024242078584,53.3321177134743],[-2.85023795152601,53.3318930209969],[-2.85061330251843,53.3318903466474],[-2.85098865345089,53.3318876711173],[-2.85136400432481,53.3318849944064],[-2.85173935527973,53.3318823165262],[-2.85211470617458,53.3318796374653],[-2.85249005700933,53.3318769572235],[-2.85286540778397,53.3318742758011],[-2.85324075849847,53.3318715931979],[-2.85361610915279,53.331868909414],[-2.85399145974692,53.3318662244493],[-2.85436681028082,53.3318635383039],[-2.85436231938614,53.3316388460579],[-2.85435782855166,53.3314141538031],[-2.85435333777738,53.3311894615397],[-2.85434884706331,53.3309647692674],[-2.85472418964824,53.3309620820287],[-2.85471969702225,53.3307373897696],[-2.8550950375748,53.330734701372],[-2.8550995321729,53.3309593936093],[-2.85547487463725,53.3309567040092],[-2.85547937126774,53.3311813962158],[-2.85510402683125,53.3311840858378],[-2.85510852154986,53.3314087780575],[-2.85511301632872,53.3316334702686],[-2.85473766788757,53.3316361587536],[-2.85474216075448,53.3318608509777],[-2.85511751116785,53.3318581624708],[-2.85549286152092,53.3318554727832],[-2.85586821181366,53.3318527819148],[-2.8558637130301,53.3316280897563],[-2.85623906129027,53.3316253977291],[-2.85661440949006,53.3316227045212],[-2.85698975762944,53.3316200101325],[-2.85736510570839,53.3316173145631],[-2.85774045372687,53.331614617813],[-2.85811580168487,53.3316119198821],[-2.8581112911285,53.3313872278464],[-2.8581067806326,53.3311625358019],[-2.85848212458574,53.3311598367343],[-2.85847761217817,53.330935144703],[-2.85847309983109,53.330710452663],[-2.85884843977947,53.3307077524585],[-2.85922377966728,53.3307050510734],[-2.85922829595855,53.3309297430695],[-2.85923281231038,53.3311544350568],[-2.85885746847834,53.3311571364859],[-2.85886198291856,53.3313818284864],[-2.8584866370538,53.3313845287568],[-2.85849114958236,53.3316092207705],[-2.8588664974193,53.3316065204782],[-2.85924184519567,53.3316038190052],[-2.85961719291146,53.3316011163515],[-2.85999254056662,53.331598412517],[-2.86036788816114,53.3315957075018],[-2.86074323569498,53.3315930013059],[-2.86111858316813,53.3315902939292],[-2.86149393058054,53.3315875853718],[-2.86148940227456,53.331362893534],[-2.86186474765405,53.331360183818],[-2.86224009297277,53.3313574729212],[-2.86261543823068,53.3313547608437],[-2.86299078342776,53.3313520475856],[-2.86336612856398,53.3313493331467],[-2.86374147363932,53.3313466175271],[-2.86411681865375,53.3313439007267],[-2.86449216360724,53.3313411827457],[-2.86486750849977,53.331338463584],[-2.86524285333131,53.3313357432415],[-2.86561819810184,53.3313330217184],[-2.86599354281132,53.3313302990145],[-2.86636888745973,53.3313275751299],[-2.86674423204705,53.3313248500647],[-2.86711957657325,53.3313221238187],[-2.8674949210383,53.331319396392],[-2.86787026544217,53.3313166677846],[-2.86787482727496,53.3315413592464],[-2.86825017413689,53.3315386297763],[-2.86862552130104,53.3315358993516],[-2.86863008717065,53.3317605907742],[-2.86900543625798,53.3317578591508],[-2.86938078528372,53.3317551263466],[-2.86938535518436,53.3319798177248],[-2.86976070613324,53.331977083722],[-2.87013605702047,53.3319743485382],[-2.87014063095225,53.3321990398721],[-2.8705159837626,53.3321963034897],[-2.87052055974081,53.332420994797],[-2.87089591447427,53.3324182572158],[-2.871271269146,53.3324155184538],[-2.87127584915554,53.3326402097167],[-2.87165120575035,53.3326374697559],[-2.87165578780645,53.3328621609923],[-2.87203114632434,53.3328594198327],[-2.87240650478042,53.3328566774923],[-2.87241109086802,53.3330813686841],[-2.87278645124715,53.3330786251449],[-2.87316181156442,53.3330758804248],[-2.87316640168362,53.3333005715721],[-2.8735417639239,53.3332978256531],[-2.87391712610227,53.3332950785533],[-2.87392172025318,53.333519769656],[-2.87429708435454,53.3335170213573],[-2.87467244839392,53.3335142718777],[-2.87467704651843,53.3337389629598],[-2.87468164466461,53.3339636540499],[-2.87468624287261,53.3341883451313],[-2.87506161279183,53.3341855944167],[-2.87543698264915,53.3341828425212],[-2.87581235244456,53.3341800894448],[-2.87581695665283,53.334404780464],[-2.87619232836577,53.3344020261888],[-2.87656770001674,53.3343992707327],[-2.87657230824592,53.3346239617076],[-2.8769476818144,53.3346212050526],[-2.87732305532085,53.3346184472167],[-2.87732766757104,53.3348431381472],[-2.87770304299497,53.3348403791124],[-2.87770765728673,53.3350650700164],[-2.87808303462813,53.3350623097827],[-2.87808765096151,53.3352870006602],[-2.87846303022038,53.3352842392277],[-2.87846764859543,53.3355089300785],[-2.87884302977177,53.3355061674471],[-2.87884765018854,53.3357308582714],[-2.87885227066743,53.3359555490871],[-2.87885689120844,53.3361802398941],[-2.87923227826159,53.3361774760279],[-2.87923690084443,53.3364021668083],[-2.87961228981509,53.3363994017432],[-2.87961691443982,53.336624092497],[-2.87962153912672,53.3368487832422],[-2.87962616387581,53.3370734739787],[-2.88000155872353,53.3370707076787],[-2.88000618551461,53.3372953983886],[-2.88001081236789,53.3375200890899],[-2.88038621111301,53.337517321573],[-2.88039084000837,53.3377420122476],[-2.88039546896597,53.3379667029137],[-2.8804000979858,53.338191393571],[-2.88077550260832,53.3381886248191],[-2.88078013367033,53.3384133154498],[-2.88115554021048,53.3384105454988],[-2.8815309466883,53.3384077743667],[-2.88190635310374,53.3384050020534],[-2.8822817594568,53.338402228559],[-2.88228639850096,53.3386269191092],[-2.88266180677156,53.3386241444157],[-2.88303721497972,53.3386213685411],[-2.88341262312541,53.3386185914853],[-2.88341726817191,53.3388432819727],[-2.88379267823509,53.3388405037178],[-2.88416808823574,53.3388377242818],[-2.88454349817384,53.3388349436647],[-2.88454814922283,53.3390596340893],[-2.88492356195927,53.3390568528954],[-2.8852989751659,53.3390540708969],[-2.88530363024711,53.3392787612822],[-2.88567904536643,53.3392759780803],[-2.88605446042322,53.3392731936975],[-2.88605911951738,53.3394978840293],[-2.88643453648684,53.3394950984431],[-2.88643919761879,53.3397197887438],[-2.88681461650092,53.3397170019542],[-2.88719003532042,53.3397142139836],[-2.88719470046552,53.3399389042309],[-2.88757012119766,53.3399361150568],[-2.88757478838067,53.3401608052729],[-2.88795021102545,53.3401580148954],[-2.88832563360752,53.3401552233368],[-2.88833030480385,53.3403799134995],[-2.88870572929854,53.3403771207374],[-2.88871040253292,53.3406018108689],[-2.88908582894021,53.3405990169033],[-2.8890905042127,53.3408237070037],[-2.88946593253259,53.3408209118346],[-2.88984136078967,53.3408181154844],[-2.88984604007573,53.3410428055312],[-2.89022147024538,53.3410400079775],[-2.89022615156969,53.3412646979931],[-2.89060158365191,53.3412618992358],[-2.89097701567123,53.3412590992974],[-2.8909817010093,53.3414837892593],[-2.89135713494116,53.3414809881174],[-2.89136182231759,53.3417056780481],[-2.891737258162,53.3417028757025],[-2.89174194757685,53.341927565602],[-2.89211738533379,53.3419247620528],[-2.89212207691084,53.3421494520416],[-2.89249751658233,53.3421466472869],[-2.89250221020985,53.3423713372518],[-2.89287765179772,53.3423685312931],[-2.89288234746787,53.3425932212264],[-2.89325779097211,53.3425904140637],[-2.89326248868494,53.3428151039654],[-2.89326718646091,53.3430397938583],[-2.89327188430004,53.3432644837424],[-2.8932765822023,53.3434891736178],[-2.89365203356174,53.3434863651825],[-2.89402748485797,53.3434835555661],[-2.89403218678271,53.343708245387],[-2.89365673350682,53.3437110550263],[-2.89328128016771,53.3437138634845],[-2.89328597819627,53.3439385533423],[-2.89366143351507,53.3439357448613],[-2.89403688877065,53.3439329351991],[-2.89441234396298,53.3439301243557],[-2.89441704799384,53.3441548141362],[-2.89479250510261,53.3441520020886],[-2.89516796214808,53.3441491888599],[-2.89554341913022,53.3441463744499],[-2.89554812916353,53.3443710641529],[-2.89592358806205,53.3443682485388],[-2.89592830013845,53.3445929382101],[-2.89630376095334,53.3445901213918],[-2.89629904689718,53.3443654317434],[-2.8962943329044,53.3441407420861],[-2.89666978969638,53.3441379241324],[-2.89666507378724,53.3439132344894],[-2.89704052853609,53.3439104153774],[-2.89703581071065,53.3436857257485],[-2.89741126341636,53.3436829054782],[-2.89740654367468,53.3434582158635],[-2.89778199433724,53.343455394435],[-2.89777727267938,53.3432307048345],[-2.89777255108499,53.3430060152252],[-2.89814799772481,53.3430031926614],[-2.8981432742143,53.3427785030663],[-2.89851871881102,53.3427756793443],[-2.89889416334417,53.3427728544411],[-2.89889889081382,53.3429975439903],[-2.89927433726295,53.3429947178829],[-2.89927906677573,53.3432194074003],[-2.89965451514084,53.3432165800888],[-2.9000299634423,53.3432137515961],[-2.90003469697789,53.3434384410587],[-2.9004101471953,53.3434356113618],[-2.90078559734902,53.3434327804836],[-2.90079033490752,53.3436574698914],[-2.90116578697715,53.343654637809],[-2.90117052657902,53.343879327185],[-2.90154598066371,53.3438764938972],[-2.9015507223044,53.3441011832396],[-2.90192617838711,53.3440983487432],[-2.90230163440634,53.3440955130657],[-2.90230638004299,53.3443202023467],[-2.90231112574309,53.3445448916188],[-2.90268658563143,53.3445420547076],[-2.90269133336131,53.3447667439446],[-2.90306679515245,53.3447639058259],[-2.90307154491218,53.3449885950277],[-2.90344700860612,53.3449857557015],[-2.90382247223649,53.3449829151942],[-2.9038272259925,53.3452076043345],[-2.90420269152564,53.3452047626197],[-2.90457815699515,53.3452019197236],[-2.90458291474753,53.3454266088024],[-2.90495838211979,53.3454237646988],[-2.90496314190222,53.3456484537424],[-2.90533861117722,53.3456456084312],[-2.90534337298975,53.3458702974396],[-2.90534813486595,53.3460949864391],[-2.90572360801018,53.346092139894],[-2.90572837191656,53.3463168288583],[-2.90610384696355,53.3463139811056],[-2.90610861290017,53.3465386700347],[-2.90648408984993,53.3465358210743],[-2.90648885781683,53.3467605099681],[-2.90686433666935,53.3467576598002],[-2.90686910666659,53.3469823486587],[-2.90687387672762,53.3472070375084],[-2.9072493594495,53.3472041861064],[-2.90725413154095,53.3474288749208],[-2.90762961616562,53.347426022311],[-2.90763439028754,53.3476507110902],[-2.90763916447329,53.3478753998605],[-2.90801465296743,53.3478725460166],[-2.90839014139766,53.3478696909914],[-2.90839491958068,53.3480943796999],[-2.9083996978276,53.3483190683996],[-2.90877519012734,53.3483162121402],[-2.90877997040492,53.3485409008046],[-2.90915546460746,53.3485380433374],[-2.90916024691575,53.3487627319665],[-2.90953574302109,53.3487598732915],[-2.9099112390624,53.3487570134352],[-2.91028673503967,53.3487541523976],[-2.91029152331235,53.3489788409384],[-2.90991602536827,53.3489817020025],[-2.90992081173814,53.3492063905609],[-2.90992559817201,53.3494310791104],[-2.90993038466989,53.3496557676511],[-2.91030588851457,53.3496529065075],[-2.91068139229518,53.3496500441825],[-2.9106861827909,53.3498747326613],[-2.91106168847432,53.3498718691285],[-2.91106648100105,53.3500965575719],[-2.91144198858728,53.3500936928312],[-2.91144678312765,53.3503183812454],[-2.91182229261911,53.3503155152979],[-2.91182708913317,53.3505402037072],[-2.91220260053419,53.3505373365594],[-2.91220739908651,53.3507620249413],[-2.91258291239707,53.350759156593],[-2.9125877129877,53.3509838449475],[-2.91296322820781,53.3509809753989],[-2.91296803083681,53.3512056637259],[-2.91334354796645,53.3512027929768],[-2.91334835263387,53.3514274812763],[-2.91372387167306,53.3514246093268],[-2.91372867837895,53.3516492975988],[-2.91410419932768,53.3516464244488],[-2.91410900807209,53.3518711126934],[-2.91448453093036,53.3518682383429],[-2.91448934171335,53.35209292656],[-2.91449415256086,53.3523176147684],[-2.91486967930277,53.3523147391986],[-2.91487449218894,53.3525394273795],[-2.91487930513965,53.3527641155517],[-2.91525483576528,53.3527612387625],[-2.91525965075473,53.3529859269072],[-2.91526446580876,53.3532106150433],[-2.91526928092734,53.3534353031707],[-2.91527409611051,53.3536599912894],[-2.91564963456847,53.353657113243],[-2.91565445179051,53.3538818013342],[-2.91602999215813,53.3538789220872],[-2.91640553246107,53.3538760416584],[-2.91641035369636,53.3541007297032],[-2.91678589590892,53.3540978480738],[-2.91679071918323,53.354322536091],[-2.91716626330541,53.354319653261],[-2.91754180736284,53.3543167692492],[-2.91754663465057,53.3545414572199],[-2.91792218061759,53.3545385720074],[-2.91829772671087,53.3545356856622],[-2.91830255801516,53.3547603735832],[-2.91867810608455,53.3547574860492],[-2.91868293942764,53.3549821739371],[-2.91905848940621,53.3549792851971],[-2.91906332478816,53.3552039730518],[-2.91943887667589,53.3552010831059],[-2.91944371409674,53.3554257709274],[-2.91981926789364,53.3554228797754],[-2.91982410735346,53.3556475675638],[-2.92019966305951,53.3556446752057],[-2.92020450455835,53.3558693629609],[-2.92058006217356,53.3558664693968],[-2.92058490571147,53.3560911571188],[-2.92058974931434,53.356315844832],[-2.92096531081288,53.3563129500374],[-2.92097015645489,53.3565376377175],[-2.92134571986261,53.3565347417167],[-2.92135056754383,53.3567594293635],[-2.92172613286073,53.3567565321567],[-2.9217309825812,53.3569812197703],[-2.92210654980727,53.3569783213573],[-2.92211140156706,53.3572030089376],[-2.9224869707023,53.3572001093185],[-2.92249182450145,53.3574247968656],[-2.92249667836569,53.3576494844039],[-2.92287225138443,53.3576465835541],[-2.923247824338,53.3576436815226],[-2.9236233972264,53.3576407783092],[-2.92362825707878,53.3578654657654],[-2.92363311699634,53.3580901532127],[-2.92400869376825,53.3580872487687],[-2.92401355572538,53.3583119361827],[-2.92401841774772,53.3585366235879],[-2.92402327998798,53.3587613108607],[-2.92364769729916,53.3587642153747],[-2.92365255769896,53.3589889026098],[-2.92327697297556,53.3589918059647],[-2.92328183147089,53.3592164932137],[-2.9229062447129,53.3592193954095],[-2.92291110130369,53.3594440826726],[-2.9225355125111,53.3594469837093],[-2.92253065788985,53.3592222964235],[-2.9221550710018,53.3592251962555],[-2.92215021841504,53.3590005089381],[-2.92177463343152,53.3590034075656],[-2.9217697828792,53.3587787202167],[-2.92139419980023,53.3587816176395],[-2.92139904838304,53.3590063050111],[-2.92140389703074,53.359230992374],[-2.92177948404875,53.3592280949057],[-2.9217843347309,53.359452782237],[-2.92215992365349,53.3594498835641],[-2.92216477637014,53.3596745708639],[-2.92254036719732,53.3596716709864],[-2.92291595795949,53.3596687699269],[-2.92292081468028,53.3598934571725],[-2.92329640734701,53.3598905549084],[-2.92330126610243,53.3601152421224],[-2.92367686067371,53.3601123386536],[-2.92368172146382,53.360337025836],[-2.92405731793965,53.3603341211625],[-2.92406218076449,53.3605588083134],[-2.92406704365441,53.3607834954555],[-2.92369144323919,53.3607864001746],[-2.92369630422445,53.3610110873308],[-2.92370116527478,53.3612357744782],[-2.92407676962949,53.3612328697135],[-2.92408163271466,53.3614575568294],[-2.92445723897402,53.3614546508599],[-2.92483284516823,53.3614517437085],[-2.92520845129725,53.3614488353751],[-2.92521332035693,53.3616735224137],[-2.92558892839054,53.3616706128755],[-2.92558405736105,53.3614459258597],[-2.92595966335962,53.3614430151624],[-2.92633526929292,53.3614401032831],[-2.92634014426202,53.3616647902532],[-2.92671575209983,53.361661877169],[-2.92709135987233,53.3616589629029],[-2.92746696757947,53.3616560474549],[-2.92747184852331,53.3618807343476],[-2.92784745813492,53.3618778176946],[-2.92785234111393,53.3621025045557],[-2.9278572241583,53.362327191408],[-2.92823283764423,53.3623242735272],[-2.92823772272386,53.3625489603479],[-2.92861333811427,53.3625460412622],[-2.92861822522921,53.3627707280511],[-2.92899384252409,53.3627678077606],[-2.92936945975348,53.3627648862879],[-2.92974507691737,53.3627619636333],[-2.92974997000759,53.3629866503447],[-2.92937435087375,53.3629895730223],[-2.92937924205948,53.3632142597478],[-2.92900362089015,53.3632171812663],[-2.92900851017134,53.363441868006],[-2.92863288696651,53.3634447883653],[-2.92863777434311,53.3636694751192],[-2.92864266178512,53.3638941618643],[-2.92901828893004,53.3638912414591],[-2.92902317840755,53.3641159281725],[-2.92864754929254,53.3641188486006],[-2.92827192011207,53.3641217678467],[-2.92789629086616,53.3641246859106],[-2.92790117449877,53.364349372684],[-2.92790605819675,53.3645740594486],[-2.92828169138293,53.3645711413388],[-2.92828657711644,53.3647958280718],[-2.92866221220734,53.364792908757],[-2.92866709997645,53.3650175954582],[-2.92829146291535,53.3650205147959],[-2.92791582578881,53.3650234329515],[-2.9279207096829,53.3652481196898],[-2.92829634877966,53.3652452015113],[-2.92867198781098,53.3652422821507],[-2.92867687571093,53.3654669688344],[-2.92905251664702,53.3654640482688],[-2.92905740658267,53.3656887349208],[-2.92943304942354,53.3656858131501],[-2.92943794139494,53.3659104997704],[-2.92981358614058,53.3659075767946],[-2.92981848014779,53.3661322633832],[-2.9301941267982,53.3661293392022],[-2.93019902284126,53.3663540257591],[-2.93057467139644,53.3663511003731],[-2.93057956947541,53.3665757868982],[-2.93095521993536,53.366572860307],[-2.93096012005029,53.3667975468004],[-2.93133577241499,53.366794619004],[-2.93134067461149,53.367019305468],[-2.93171632888355,53.3670163764642],[-2.93172123320418,53.3672410628944],[-2.93209688939229,53.3672381326798],[-2.93210179576093,53.3674628190723],[-2.93247745386508,53.367459887647],[-2.93285311190318,53.3674569550396],[-2.93285802230199,53.3676816413655],[-2.93286293276682,53.3679063276826],[-2.93248727076451,53.3679092603476],[-2.93211160869616,53.3679121918304],[-2.93211651526274,53.3681368781961],[-2.9321214218953,53.3683615645528],[-2.93174575579658,53.3683644949111],[-2.9317408511462,53.3681398085256],[-2.93136518696366,53.368142737673],[-2.93098952271515,53.3681456656383],[-2.93099442340118,53.3683703520813],[-2.93099932415312,53.3685950385154],[-2.93100422497095,53.3688197249405],[-2.93062855470988,53.3688226518099],[-2.93063345361137,53.3690473382548],[-2.93100912585469,53.3690444113567],[-2.93101402680434,53.369269097764],[-2.931389700964,53.3692661696551],[-2.93139460396186,53.3694908560247],[-2.93101892781989,53.3694937841624],[-2.93102382890135,53.3697184705519],[-2.93102873004872,53.3699431569324],[-2.93103363126199,53.3701678433041],[-2.93140931335105,53.3701649150801],[-2.93141421661266,53.3703896014141],[-2.93178990061815,53.3703866719793],[-2.93216558455763,53.3703837413622],[-2.93217049185005,53.3706084276298],[-2.93254617770593,53.3706054958018],[-2.93255108704681,53.3708301820317],[-2.93292677481909,53.3708272489927],[-2.93293168620848,53.3710519351849],[-2.93293659766392,53.3712766213682],[-2.93331228933511,53.3712736870894],[-2.93331720283914,53.371498373235],[-2.93332211640926,53.3717230593716],[-2.93332703004546,53.3719477454993],[-2.93370272759823,53.371944809952],[-2.93370764328313,53.372169496042],[-2.93371255903413,53.372394182123],[-2.93408826048601,53.3723912453358],[-2.9340931782858,53.3726159313792],[-2.93409809615173,53.3728406174136],[-2.93447380150279,53.3728376793865],[-2.93446888165418,53.3726129933808],[-2.93484458492395,53.3726100542554],[-2.93483966316412,53.3723853682659],[-2.93483474147021,53.3721606822677],[-2.93521044068569,53.3721577420824],[-2.93520551708554,53.3719330560993],[-2.93520059355134,53.3717083701074],[-2.93519567008306,53.3714836841067],[-2.93557136331618,53.3714807428108],[-2.93556643794178,53.3712560568253],[-2.93556151263334,53.3710313708309],[-2.93593720185634,53.3710284284005],[-2.93593227464185,53.3708037424214],[-2.93592734749333,53.3705790564334],[-2.9363030327063,53.3705761128686],[-2.93629810365181,53.3703514268958],[-2.93667378682675,53.3703484821726],[-2.93704946993561,53.3703455362671],[-2.93704453700327,53.3701208503335],[-2.93703960413699,53.369896164391],[-2.9374152832359,53.3698932173512],[-2.9374103484638,53.369668531424],[-2.93740541375779,53.3694438454879],[-2.93702973860261,53.3694467924798],[-2.9370248059345,53.3692221065109],[-2.93740047911786,53.3692191595431],[-2.93777615223509,53.3692162113929],[-2.93815182528615,53.3692132620605],[-2.93815676386973,53.3694379479573],[-2.93853243882643,53.3694349974186],[-2.93890811371692,53.3694320456977],[-2.93891305631033,53.3696567315377],[-2.93928873310643,53.3696537786104],[-2.9392936777379,53.3698784644176],[-2.93966935643961,53.369875510284],[-2.9396743031092,53.3701001960583],[-2.9400499837165,53.3700972407183],[-2.94004503507502,53.3698725549681],[-2.94042071364411,53.3698695984698],[-2.94041576309702,53.3696449127348],[-2.94041081261624,53.369420226991],[-2.94078648717527,53.3694172693587],[-2.94078153478897,53.3691925836301],[-2.94077658246899,53.3689678978928],[-2.94077163021533,53.3687432121467],[-2.94114729879263,53.3687402534043],[-2.94114234463356,53.3685155676734],[-2.94151801117273,53.3685126077729],[-2.94189367764549,53.3685096466901],[-2.94188871960935,53.3682849609987],[-2.94226438404395,53.3682819987578],[-2.94225942410254,53.3680573130816],[-2.94225446422754,53.3678326273967],[-2.94187880373626,53.3678355895894],[-2.94187384589931,53.3676109038715],[-2.94149818731322,53.3676138648579],[-2.94149323151426,53.3673891791071],[-2.94111757483335,53.3673921388872],[-2.94074191808606,53.3673950974851],[-2.94073696629662,53.3671704116774],[-2.94036131145454,53.367173369069],[-2.94035636170296,53.3669486832284],[-2.9403514121139,53.3667239972839],[-2.93997576115475,53.3667269534501],[-2.93997081361793,53.3665022674705],[-2.9395951645719,53.366505222434],[-2.93959021908115,53.3662805364254],[-2.93996586614757,53.3662775814823],[-2.94034151314749,53.3662746253569],[-2.94071716008086,53.3662716680492],[-2.94072211151042,53.3664963539967],[-2.9407270630065,53.3667210399356],[-2.94110271383253,53.366718081405],[-2.94110766737766,53.3669427673111],[-2.94148332011544,53.3669398075792],[-2.94185897278682,53.3669368466652],[-2.94223462539213,53.3669338845682],[-2.94223958500108,53.3671585702891],[-2.94261523951109,53.3671556069866],[-2.9426202011584,53.3673802926738],[-2.9429958575735,53.3673773281649],[-2.94337151392207,53.367374362474],[-2.94337647957901,53.3675990481041],[-2.94375213783264,53.3675960812068],[-2.9437571055277,53.367820766804],[-2.94413276568637,53.3678177987003],[-2.9441377354196,53.3680424842646],[-2.94451339748332,53.3680395149545],[-2.94451836925478,53.3682642004858],[-2.94452334109282,53.3684888860083],[-2.94489900703327,53.3684859154677],[-2.94527467290706,53.3684829437448],[-2.94527964875513,53.3687076292101],[-2.94565531653396,53.3687046562809],[-2.94566029442041,53.3689293417132],[-2.94566527237353,53.3691540271367],[-2.94604094402916,53.3691510529768],[-2.94604592402075,53.3693757383673],[-2.94605090407903,53.369600423749],[-2.946055884204,53.369825109122],[-2.94643156170836,53.3698221337071],[-2.94643654387191,53.370046819047],[-2.94606086439567,53.3700497944861],[-2.94606584465405,53.3702744798414],[-2.94569016313916,53.3702774541224],[-2.9456951414923,53.3705021394931],[-2.94607082497912,53.3704991651879],[-2.94644650839919,53.3704961897004],[-2.94645149076292,53.3707208750139],[-2.94682717608817,53.3707178983199],[-2.94683216049061,53.3709425836003],[-2.94720784772104,53.3709396056997],[-2.94721283416224,53.3711642909472],[-2.94721782067022,53.3713889761858],[-2.94759351177786,53.3713859970544],[-2.94759850032469,53.3716106822599],[-2.94797419333753,53.3716077019219],[-2.94834988628348,53.3716047204015],[-2.94835487884128,53.3718294055497],[-2.94835987146596,53.3720540906892],[-2.94873556828918,53.3720511079379],[-2.94874056295286,53.3722757930442],[-2.94911626168128,53.3722728090863],[-2.94912125838401,53.3724974941595],[-2.94949695901762,53.3724945089949],[-2.94950195775946,53.372719194035],[-2.94987766029825,53.3727162076637],[-2.95025336277002,53.3727132201099],[-2.95025836552324,53.3729379050927],[-2.95063406990016,53.3729349163322],[-2.95062906517474,53.3727102313738],[-2.95100476751238,53.3727072414552],[-2.95138046977691,53.3727042503133],[-2.95138547844747,53.3729289352186],[-2.95176118256731,53.3729259424337],[-2.95176619329562,53.3731506273293],[-2.952141899338,53.37314763336],[-2.95214691212411,53.373372318246],[-2.95252262008903,53.3733693230922],[-2.95289832798627,53.3733663267554],[-2.95290334482046,53.3735910116305],[-2.95290836172233,53.3738156964973],[-2.95253264984461,53.373818692837],[-2.95253766482387,53.3740433776971],[-2.95254267987077,53.374268062549],[-2.95216696394475,53.3742710577084],[-2.95217197706897,53.3744957425535],[-2.95179625908493,53.3744987365313],[-2.9518012702864,53.3747234213696],[-2.95142555024435,53.3747264141657],[-2.95104983020524,53.3747294055449],[-2.95104482297111,53.3745047206812],[-2.95066910485508,53.3745077107945],[-2.95029338667196,53.3745106997253],[-2.95029838996125,53.3747353846376],[-2.95067411011679,53.3747323956825],[-2.95067911544555,53.3749570805617],[-2.95105483750644,53.3749540903997],[-2.95143055952302,53.3749510989972],[-2.95143556886927,53.3751757838205],[-2.95181129289215,53.3751727910217],[-2.95180628155547,53.3749481061997],[-2.95218200352028,53.3749451122192],[-2.95255772541741,53.3749421170555],[-2.95256274073493,53.3751668018746],[-2.95293846455478,53.3751638055264],[-2.95293344724684,53.3749391207087],[-2.95330916900854,53.3749361231788],[-2.95330414977789,53.3747114383543],[-2.95329913061494,53.3744867535217],[-2.95367484832813,53.3744837548115],[-2.95366982724256,53.3742590699721],[-2.95404554289763,53.3742560700803],[-2.95404051988948,53.3740313852342],[-2.95403549694908,53.3738067003799],[-2.95441120855576,53.3738036993079],[-2.95478692009461,53.3738006970529],[-2.95478189324145,53.3735760121933],[-2.95515760272219,53.3735730087567],[-2.95553331213506,53.3735700041371],[-2.95553834296871,53.3737946889937],[-2.95591405430392,53.3737916831895],[-2.95590902148001,53.3735669983344],[-2.95590398872399,53.373342313471],[-2.95589895603585,53.3731176285995],[-2.95627466133245,53.3731146216168],[-2.95626962672203,53.3728899367386],[-2.95626459217952,53.3726652518522],[-2.95625955770492,53.3724405669576],[-2.95663525696314,53.3724375587964],[-2.95701095615338,53.3724345494522],[-2.95700591776651,53.3722098645524],[-2.95738161489865,53.3722068540268],[-2.95737657458969,53.3719821691204],[-2.95775226966374,53.3719791574132],[-2.95775731196276,53.3722038423181],[-2.9581330089588,53.3722008294264],[-2.95850870588676,53.3721978153517],[-2.95888440274661,53.3721948000941],[-2.95888945108389,53.372419484986],[-2.95926514986567,53.3724164685438],[-2.95964084857928,53.3724134509186],[-2.95964590096487,53.3726381357991],[-2.96002160160039,53.3726351169893],[-2.96039730216768,53.3726320969964],[-2.96077300266673,53.3726290758206],[-2.96077806109085,53.3728537606881],[-2.96115376351174,53.3728507383276],[-2.96115882399425,53.3730754231853],[-2.96153452833699,53.3730723996401],[-2.96153959087793,53.373297084488],[-2.96191529714251,53.3732940597581],[-2.96229100333873,53.3732910338452],[-2.96266670946657,53.3732880067492],[-2.96266164095509,53.3730633219064],[-2.96303734502434,53.373060293629],[-2.96304241552598,53.3732849784702],[-2.96341812151696,53.3732819490082],[-2.96379382743946,53.3732789183631],[-2.9637989019899,53.3735036031927],[-2.96380397660878,53.3737282880142],[-2.96417968644321,53.3737252561826],[-2.9641847631208,53.3739499409941],[-2.96418983986686,53.3741746257975],[-2.96456555361329,53.3741715927794],[-2.96457063241813,53.3743962775729],[-2.96494634808631,53.37439324337],[-2.96494126729116,53.3741685585783],[-2.96531698090046,53.3741655231941],[-2.9653220636859,53.3743902079841],[-2.96569777921689,53.374387171415],[-2.96570286406121,53.374611856195],[-2.96570794897413,53.3748365409668],[-2.96608366841716,53.3748335032112],[-2.96608875538904,53.3750581879731],[-2.96646447675377,53.3750551490325],[-2.96646956575762,53.3752798337472],[-2.96684528905007,53.3752767936303],[-2.96685037962969,53.3755014776758],[-2.96722610482802,53.3754984363576],[-2.96723119745006,53.3757231203758],[-2.96685547027754,53.3757261617127],[-2.96647974303673,53.375729201867],[-2.96610401572767,53.3757322408385],[-2.9660989290282,53.3755075567643],[-2.9657232036251,53.3755105945346],[-2.96571811896799,53.3752859104331],[-2.96534239547086,53.375288947002],[-2.96534747815381,53.3755136311221],[-2.96535256090489,53.3757383152336],[-2.96535764372409,53.3759629993365],[-2.9657333731438,53.3759599627116],[-2.96610910249531,53.3759569249041],[-2.96611418933114,53.376181608961],[-2.96648992058867,53.3761785699521],[-2.96649500946695,53.3764032539817],[-2.96687074263049,53.3764002137715],[-2.96687583355129,53.3766248977738],[-2.96725156862084,53.3766218563621],[-2.9672566615842,53.3768465403371],[-2.96726175461582,53.3770712243034],[-2.96726684771571,53.377295908261],[-2.96764258863999,53.3772928656106],[-2.96763749356573,53.3770681816716],[-2.9680132324473,53.3770651378571],[-2.96800813546698,53.3768404539282],[-2.96800303855498,53.3766157699906],[-2.96837877237401,53.3766127224883],[-2.96837367355788,53.3763880385752],[-2.96836857481045,53.376163354654],[-2.96874430455227,53.3761603058808],[-2.96873920388595,53.3759356219482],[-2.96911493157139,53.3759325719884],[-2.96949065918802,53.3759295208452],[-2.96986638673583,53.3759264685188],[-2.96987149336494,53.3761511524615],[-2.96987660006286,53.3763758363962],[-2.97025233151702,53.3763727828932],[-2.97062806290229,53.3763697282068],[-2.97063317364431,53.3765944121402],[-2.97100890694832,53.3765913562739],[-2.97101401974688,53.3768160402025],[-2.97101913261433,53.3770407241231],[-2.97139486982476,53.3770376670801],[-2.97177060696622,53.3770346088538],[-2.97177572387801,53.3772592927729],[-2.9721514629382,53.3772562333666],[-2.97215658190669,53.377480917281],[-2.97253232288559,53.3774778566945],[-2.97253744391083,53.3777025406042],[-2.97254256500508,53.3779272245058],[-2.97254768616834,53.3781519083993],[-2.9725528074006,53.3783765922848],[-2.97292855626169,53.3783735305282],[-2.9733043050537,53.3783704675882],[-2.97329917984574,53.3781457836961],[-2.97367492658079,53.3781427195694],[-2.9736800537766,53.3783674034648],[-2.9736851810415,53.378592087352],[-2.97406093168314,53.3785890220485],[-2.9744366822556,53.3785859555615],[-2.97481243275888,53.3785828878911],[-2.97481756605657,53.3788075717801],[-2.97519331847852,53.3788045029296],[-2.97519845383331,53.3790291868137],[-2.97557420817394,53.379026116783],[-2.97557934558588,53.3792508006623],[-2.97595510184517,53.3792477294513],[-2.97596024131432,53.3794724133258],[-2.97633599949228,53.3794693409346],[-2.97634114101868,53.3796940248042],[-2.97671690111532,53.3796909512327],[-2.97672204469903,53.3799156350975],[-2.97709780671432,53.3799125603457],[-2.9771029523554,53.3801372442056],[-2.97747871628936,53.3801341682736],[-2.97748386398784,53.3803588521286],[-2.9774890117557,53.3805835359755],[-2.97786477959642,53.3805804588664],[-2.97786992942178,53.3808051427084],[-2.97824569918118,53.3808020644189],[-2.97825085106409,53.3810267482561],[-2.97862662274217,53.3810236687862],[-2.97863177668268,53.3812483526184],[-2.97900755027944,53.3812452719682],[-2.97901270627761,53.3814699557955],[-2.97938848179304,53.3814668739648],[-2.97939363984892,53.3816915577873],[-2.97939879797431,53.3819162416016],[-2.97977457739667,53.3819131585936],[-2.97977973757985,53.3821378424031],[-2.98015551892091,53.3821347582146],[-2.98016068116194,53.3823594420191],[-2.98053646442168,53.3823563566502],[-2.98054162872061,53.3825810404498],[-2.98054679308913,53.3828057242412],[-2.98092258025593,53.3828026376949],[-2.98092774668243,53.3830273214814],[-2.98130353576794,53.3830242337546],[-2.98130870425248,53.3832489175362],[-2.98168449525669,53.3832458286288],[-2.98168966579932,53.3834705124054],[-2.98169483640823,53.3836951959745],[-2.98207063131903,53.3836921059068],[-2.98207580397978,53.3839167892273],[-2.98245160080766,53.3839136980043],[-2.9824567755249,53.3841383813465],[-2.98246195031183,53.3843630646814],[-2.98283775104365,53.3843599723321],[-2.98284292788714,53.3845846556887],[-2.98321873053606,53.3845815621841],[-2.98322390943617,53.3848062455624],[-2.98322908840604,53.3850309289333],[-2.98323426744565,53.3852556122969],[-2.98361007598555,53.385252517695],[-2.98361525708189,53.3854772010803],[-2.98362043824801,53.3857018844582],[-2.9836256194839,53.3859265678288],[-2.98400143391499,53.3859234721295],[-2.98400661720772,53.3861481555218],[-2.98438243355601,53.3861450586671],[-2.98438761890563,53.386369742081],[-2.98476343677641,53.3863666433382],[-2.98513925320207,53.3863635408573],[-2.98514444252434,53.3865882242631],[-2.98514963191544,53.3868129076612],[-2.98552545217041,53.3868098040321],[-2.9855306435795,53.3870344874406],[-2.98553583505745,53.3872591708414],[-2.9859116591418,53.3872560660642],[-2.98591685263782,53.3874807494754],[-2.98592204620274,53.3877054328789],[-2.98629787411654,53.3877023269534],[-2.98630306969961,53.3879270103673],[-2.9863082653516,53.3881516937735],[-2.98668409709493,53.3881485866997],[-2.98668929476514,53.3883732701163],[-2.98631346107252,53.3883763771722],[-2.98631865686237,53.3886010605631],[-2.98669449250431,53.3885979535253],[-2.98669969031244,53.3888226369266],[-2.98707552783472,53.3888195287224],[-2.98708072766118,53.3890442121341],[-2.98745656706379,53.3890411027636],[-2.98746176890863,53.3892657861855],[-2.98746697082248,53.3894904695999],[-2.98784281405484,53.389487359081],[-2.98784801798716,53.3897120425056],[-2.98785322198853,53.3899367259226],[-2.98785842605893,53.390161409332],[-2.98823427507061,53.3901582976826],[-2.98823948115959,53.3903829811022],[-2.98824468731765,53.3906076645142],[-2.98824989354477,53.3908323479186],[-2.98825509984098,53.3910570313154],[-2.98826030620626,53.3912817147045],[-2.9886361648967,53.3912786019604],[-2.98864137328071,53.3915032853598],[-2.98901723385164,53.3915001714492],[-2.98902244425444,53.3917248548589],[-2.9890276544731,53.3919495380235],[-2.98940351891854,53.3919464230067],[-2.98940872812422,53.3921711033518],[-2.98941393739864,53.3923957836892],[-2.98941914674182,53.392620464019],[-2.98979501692281,53.3926173478669],[-2.98980022826956,53.3928420282054],[-2.98980543968509,53.3930667085362],[-2.9898106511694,53.3932913888593],[-2.99018652708613,53.3932882715719],[-2.99019174057412,53.3935129519037],[-2.99019695413093,53.3937376322278],[-2.99057283384866,53.3937345137887],[-2.99057804940922,53.3939591941215],[-2.99058326503862,53.3941838744466],[-2.99058848073686,53.3944085547641],[-2.99096436619067,53.3944054351895],[-2.99096958389278,53.3946301155157],[-2.99097480166376,53.3948547958341],[-2.9909800195036,53.3950794761448],[-2.99135591069368,53.3950763554348],[-2.99136113053751,53.3953010357542],[-2.99136635045023,53.395525716066],[-2.99174224544163,53.3955225942041],[-2.9917474673584,53.3957472745245],[-2.99175268934411,53.3959719548372],[-2.99175791139873,53.3961966351422],[-2.99213381212674,53.3961935121448],[-2.99213903618553,53.3964181924585],[-2.99214426031328,53.3966428727645],[-2.9925201648428,53.3966397486151],[-2.99252539097479,53.3968644289297],[-2.99253061717577,53.3970891092367],[-2.99253584344573,53.397313789536],[-2.99291175371218,53.3973106642509],[-2.99291698198649,53.3975353445588],[-2.99292221032981,53.397760024859],[-2.99292743874215,53.3979847051516],[-2.99330335474574,53.3979815787308],[-2.99330858516254,53.3982062590319],[-2.99331381564838,53.3984309393254],[-2.9936897354538,53.3984278117526],[-2.99369496794418,53.3986524920547],[-2.99370020050363,53.3988771723491],[-2.99370543313216,53.3991018526358],[-2.99408135867504,53.3990987239271],[-2.99408659330821,53.3993234042224],[-2.99409182801048,53.3995480845101],[-2.9944677573554,53.3995449546493],[-2.9944729940624,53.3997696349455],[-2.99447823083852,53.399994315234],[-2.99448346768378,53.4002189955149],[-2.99485940276649,53.4002158645182],[-2.99486464175008,53.4004405416548],[-2.99486988084044,53.4006652179137],[-2.99524581978033,53.400662085763],[-2.99525106090889,53.400886761997],[-2.99525630210754,53.4011114382224],[-2.99526154337629,53.4013361144392],[-2.99526678471512,53.4015607906474],[-2.99527202612406,53.4017854668471],[-2.99527726760308,53.4020101430382],[-2.99565321828206,53.4020070096054],[-2.99565846179948,53.4022316857715],[-2.99603441437659,53.4022285511385],[-2.99603965993246,53.4024532272796],[-2.99604490555847,53.4026779034122],[-2.99642086200207,53.4026747675625],[-2.9964261096666,53.4028994436701],[-2.99643135740132,53.4031241197691],[-2.99643660520623,53.4033487958595],[-2.9968125674848,53.4033456587767],[-2.99681781732834,53.4035703348421],[-2.99682306724209,53.403795010899],[-2.99719903338734,53.4037918725994],[-2.9972042853398,53.4040165486313],[-2.9972095373625,53.4042412246546],[-2.99758550737452,53.4042380851382],[-2.99796147731623,53.4042349444379],[-2.99833744718763,53.4042318025537],[-2.99834270518622,53.4044564785191],[-2.99871867695581,53.4044533354344],[-2.99872393699331,53.4046780113747],[-2.99872919710115,53.4049026873065],[-2.99835322139438,53.404905830424],[-2.99797724561726,53.4049089723576],[-2.99798250185821,53.4051336483137],[-2.99798775816945,53.4053583242612],[-2.99836373788385,53.4053551822947],[-2.99835847960395,53.4051305063637],[-2.99873445727935,53.4051273632296],[-2.99911043488436,53.4051242189116],[-2.99911569710156,53.4053488948097],[-2.99912095938915,53.4055735706993],[-2.99949694086108,53.4055704251643],[-2.99950220518775,53.4057951010288],[-2.99950746958483,53.4060197768847],[-2.99951273405233,53.406244452732],[-2.99988872136001,53.4062413059636],[-3.00026470859723,53.4062381580111],[-3.0002699770727,53.4064628338168],[-3.00027524561864,53.406687509614],[-3.00028051423504,53.4069121854025],[-3.00028578292192,53.4071368611825],[-3.00029105167927,53.4073615369539],[-3.00066704869016,53.4073583877349],[-3.00067231948689,53.4075830634812],[-3.00067759035412,53.4078077392189],[-3.00105359123234,53.4078045887828],[-3.00105886413903,53.4080292644954],[-3.00106413711626,53.4082539401994],[-3.00106941016402,53.4084786158949],[-3.00144541617656,53.4084754644627],[-3.00145069144477,53.4087001396543],[-3.00145596703695,53.4089248142616],[-3.0010799571454,53.4089279657],[-3.00070394640583,53.4089311162171],[-3.00070921813854,53.4091557908541],[-3.00071448994219,53.4093804654823],[-3.00071976181678,53.4096051401017],[-3.0010957785094,53.4096019895087],[-3.00147179423859,53.4095988380303],[-3.00147707011418,53.4098235126021],[-3.00185308600177,53.4098203604985],[-3.0018583639278,53.4100450350348],[-3.00223438172406,53.4100418817207],[-3.00223966170057,53.4102665562214],[-3.002244941748,53.4104912307133],[-3.00225022186635,53.4107159051963],[-3.00187419813119,53.4107190585905],[-3.00187947634077,53.4109437330913],[-3.00188475462123,53.4111684075833],[-3.00189003297259,53.4113930820664],[-3.00226606264688,53.4113899285922],[-3.00264209225023,53.411386773934],[-3.002647374632,53.4116114483548],[-3.00265265708473,53.4118361227668],[-3.0026579396084,53.41206079717],[-3.00266322220302,53.4122854715642],[-3.0026685048686,53.4125101459496],[-3.00304454430005,53.412506989974],[-3.0034205836605,53.4125038328143],[-3.00342587035681,53.4127285071374],[-3.00343115712414,53.4129531814516],[-3.00343644396247,53.413177855757],[-3.00344173087181,53.4134025300535],[-3.00344701785216,53.4136272043412],[-3.00345230490353,53.41385187862],[-3.0034575920259,53.4140765528899],[-3.0034628792193,53.4143012271509],[-3.0038389343486,53.4142980685935],[-3.00384422359312,53.4145227428189],[-3.00384951290867,53.4147474170355],[-3.00385480229528,53.4149720912432],[-3.00386009175292,53.4151967654421],[-3.00386538128162,53.4154214396321],[-3.00424144624065,53.4154182797569],[-3.00424673782063,53.4156429539113],[-3.00425202947169,53.4158676280568],[-3.00387596055216,53.4158707879855],[-3.00387067088137,53.4156461138132],[-3.00349460387102,53.415649272531],[-3.00311853678963,53.4156524300647],[-3.00312382249989,53.4158771042904],[-3.0027477533672,53.4158802606666],[-3.00237168416351,53.4158834158588],[-3.00237696598418,53.416108090129],[-3.00275303716817,53.4161049349102],[-3.0027583210401,53.4163296091449],[-3.00276360498301,53.4165542833707],[-3.00313968005667,53.4165511269143],[-3.00314496605093,53.4167758011046],[-3.00315025209994,53.4170004752706],[-3.00315553818536,53.417225149395],[-3.00316082434191,53.4174498235107],[-3.00316611056959,53.4176744976175],[-3.00317139686839,53.4178991717156],[-3.00354748377276,53.4178960139255],[-3.0035527721275,53.4181206879904],[-3.0035580605534,53.4183453620464],[-3.00356334905046,53.4185700360937],[-3.00356863761867,53.4187947101322],[-3.00357392625805,53.4190193841618],[-3.00357921496859,53.4192440581827],[-3.00395531371101,53.419240899062],[-3.0043314123822,53.419237738757],[-3.00432611970179,53.4190130647849],[-3.00432082709259,53.418788390804],[-3.0043155345546,53.4185637168143],[-3.00431024208783,53.4183390428158],[-3.00430494969228,53.4181143688085],[-3.00429965736793,53.4178896947924],[-3.00429436511479,53.4176650207675],[-3.00391828033759,53.4176681809018],[-3.00391299014041,53.4174435068437],[-3.00390770001442,53.4172188327768],[-3.0039024099596,53.4169941587011],[-3.00389711994587,53.4167694845859],[-3.00389182999086,53.4165448104491],[-3.00388654010691,53.4163201363034],[-3.00388125029401,53.4160954621489],[-3.00425732119383,53.4160923021934],[-3.00426261298705,53.4163169763212],[-3.00426790485135,53.4165416504402],[-3.00464397964072,53.4165384892471],[-3.00464927355647,53.4167631633304],[-3.00465456753443,53.4169878373947],[-3.00465986155864,53.4172125114216],[-3.00466515565408,53.4174371854396],[-3.00467044982076,53.4176618594489],[-3.00467574405867,53.4178865334494],[-3.00505183067814,53.4178833709222],[-3.00505712697209,53.4181080448894],[-3.0050624233373,53.4183327188479],[-3.00506771977378,53.4185573927976],[-3.00507301628153,53.4187820667385],[-3.00507831286054,53.4190067406706],[-3.00508360951082,53.4192314145938],[-3.00508890623238,53.4194560885083],[-3.00546500667471,53.4194529246258],[-3.00547030545252,53.4196775985071],[-3.00547560430164,53.4199022723795],[-3.00548090322205,53.4201269462432],[-3.00548620221376,53.420351620098],[-3.00549150127678,53.4205762939441],[-3.00549680041111,53.4208009677813],[-3.00550209961674,53.4210256416098],[-3.00512598527894,53.4210288056632],[-3.00513128257071,53.4212534795073],[-3.00513657993376,53.4214781533426],[-3.00551269824192,53.4214749892403],[-3.00551799766148,53.4216996630423],[-3.00514187736809,53.421702827169],[-3.00514717487371,53.4219275009867],[-3.00552329715235,53.4219243368355],[-3.00552859671454,53.42214901062],[-3.00590472090712,53.4221458452599],[-3.00591002252592,53.4223705190111],[-3.00591532421606,53.4225951927535],[-3.00592062597755,53.4228198664871],[-3.00592592781038,53.4230445402119],[-3.00593122971456,53.4232692139279],[-3.00593653169009,53.4234938876351],[-3.00594183373696,53.4237185613335],[-3.00594713585519,53.4239432350231],[-3.00632327585958,53.4239400682829],[-3.00632858003467,53.4241647419393],[-3.00633388428114,53.4243894155868],[-3.00633918859899,53.4246140892256],[-3.00634449298823,53.4248387628555],[-3.00634979744885,53.4250634364767],[-3.00635510197889,53.4252881100866],[-3.00636040656608,53.4255127836704],[-3.00673656039534,53.4255096155726],[-3.00674186703672,53.425734289121],[-3.00674717374943,53.4259589626607],[-3.00675248053349,53.4261836361914],[-3.0071286402401,53.4261804668295],[-3.00713394907845,53.426405140325],[-3.00713925798817,53.4266298138115],[-3.00676309431561,53.4266329832264],[-3.00676840131368,53.4268576567305],[-3.00677370838309,53.4270823302259],[-3.00639754067311,53.4270854985091],[-3.0064028458308,53.427310172022],[-3.0064081510598,53.4275348455261],[-3.00641345636013,53.4277595190213],[-3.0067896300194,53.4277563506587],[-3.00679493737419,53.4279810241186],[-3.00680024480033,53.4282056975696],[-3.00680555229782,53.4284303710118],[-3.00681085986666,53.4286550444451],[-3.00681616750686,53.4288797178696],[-3.00682147521841,53.4291043912852],[-3.00682678300131,53.4293290646919],[-3.00683209085557,53.4295537380898],[-3.00683739878119,53.4297784114788],[-3.00684270677816,53.430003084859],[-3.0068480148465,53.4302277582303],[-3.00685332298619,53.4304524315928],[-3.00685863119725,53.4306771049464],[-3.00686393947968,53.4309017782911],[-3.00724014083405,53.430898608373],[-3.00724545117136,53.4311232816824],[-3.00725076158006,53.4313479549829],[-3.00725607206015,53.4315726282746],[-3.00726138261165,53.4317973015574],[-3.00726669323454,53.4320219748314],[-3.00727200392882,53.4322466480965],[-3.00727731469451,53.4324713213527],[-3.0072826255316,53.4326959946001],[-3.00728793644009,53.4329206678386],[-3.00729324741998,53.4331453410683],[-3.00729855847128,53.4333700142891],[-3.00730386959346,53.4335946875013],[-3.00730918071419,53.4338193607434],[-3.00768540778095,53.4338161892946],[-3.00769072095174,53.4340408625004],[-3.00769603419381,53.4342655356974],[-3.00770134750718,53.4344902088854],[-3.00770666089184,53.4347148820646],[-3.0077119743478,53.434939555235],[-3.00771728787506,53.4351642283964],[-3.00809352674362,53.4351610555986],[-3.00809884232113,53.4353857287238],[-3.00810415796996,53.4356104018401],[-3.00810947369012,53.4358350749475],[-3.00811478948161,53.4360597480461],[-3.00812010534444,53.4362844211358],[-3.00849635403663,53.4362812470162],[-3.00850167194986,53.4365059200696],[-3.00850698993446,53.4367305931141],[-3.00851230799041,53.4369552661498],[-3.00851762611773,53.4371799391766],[-3.00852294431642,53.4374046121945],[-3.00852826258647,53.4376292852035],[-3.00890452308213,53.4376261097347],[-3.00890984340278,53.4378507827074],[-3.00891516379483,53.4380754556713],[-3.00892048425827,53.4383001286263],[-3.00854421782482,53.4383033041772],[-3.00816795131997,53.4383064785431],[-3.00817326789618,53.4385311515439],[-3.00779699934065,53.438534324752],[-3.00742073071376,53.438537496775],[-3.00704446201555,53.4385406676129],[-3.00704977272507,53.4387653406869],[-3.00667350197622,53.4387685103671],[-3.00629723115611,53.4387716788621],[-3.00592096026475,53.4387748461719],[-3.0059262651074,53.438999519319],[-3.00554999216545,53.4390026854711],[-3.00517371915231,53.439005850438],[-3.004797446068,53.4390090142198],[-3.00480274504362,53.4392336874399],[-3.00442646990877,53.4392368500639],[-3.00405019470281,53.4392400115027],[-3.00367391942576,53.4392431717564],[-3.00367921253418,53.4394678450493],[-3.00330293520663,53.4394710041451],[-3.00292665780805,53.4394741620558],[-3.00293194702857,53.4396988353943],[-3.00255566757951,53.439701992147],[-3.00217938805948,53.4397051477146],[-3.00180310846849,53.439708302097],[-3.00180839182149,53.4399329755083],[-3.00143211018008,53.4399361287327],[-3.0010558261168,53.4399392814552],[-3.00106110561932,53.4401639548988],[-3.00068481879607,53.4401671066664],[-3.00030853190177,53.4401702572488],[-2.99993224493646,53.440173406646],[-2.99993751855098,53.4403980801593],[-2.99956122952834,53.4404012283975],[-2.99918494043473,53.4404043754504],[-2.99880865127019,53.4404075213181],[-2.99843236203474,53.4404106660006],[-2.9980560727284,53.4404138094978],[-2.99767978335122,53.4404169518099],[-2.9973034939032,53.4404200929367],[-2.99692720438439,53.4404232328783],[-2.99655091479479,53.4404263716347],[-2.99617462513446,53.4404295092058],[-2.9957983354034,53.4404326455917],[-2.99542204560164,53.4404357807924],[-2.99504575572922,53.4404389148079],[-2.99504050793733,53.4402142409554],[-2.99466421998063,53.4402173737597],[-2.99465897424569,53.4399926998723],[-2.99428268820472,53.4399958314653],[-2.99390640209317,53.439998961873],[-2.99353011591106,53.4400020910956],[-2.99353535568698,53.440226765061],[-2.99315906744799,53.4402298931244],[-2.99278277913849,53.4402330200025],[-2.99240649075852,53.4402361456954],[-2.9920302023081,53.4402392702031],[-2.99165391378724,53.4402423935256],[-2.991277625196,53.4402455156628],[-2.99127239733816,53.4400208415417],[-2.99089611066289,53.4400239624678],[-2.99089088486173,53.4397992883118],[-2.99051460010244,53.4398024080268],[-2.99051982391728,53.4400270822087],[-2.99052504780241,53.4402517563817],[-2.99090133653437,53.4402486366149],[-2.99090656247617,53.4404733107531],[-2.99053027175782,53.4404764305459],[-2.99015398096916,53.4404795491534],[-2.9897776901102,53.4404826665757],[-2.98978291016309,53.4407073407828],[-2.98940661724746,53.4407104570457],[-2.98903032426158,53.4407135721234],[-2.98865403120548,53.4407166860159],[-2.98865924536931,53.4409413602918],[-2.98828295025658,53.4409444730249],[-2.9879066550737,53.4409475845727],[-2.98753035982068,53.4409506949352],[-2.98753556809526,53.4411753692799],[-2.98715927078566,53.441178478483],[-2.98678297340598,53.4411815865009],[-2.98640667595624,53.4411846933335],[-2.98603037843647,53.4411877989808],[-2.98603557883513,53.44141247342],[-2.98565927925885,53.4414155779078],[-2.9852829796126,53.4414186812104],[-2.9849066798964,53.4414217833277],[-2.98491187440544,53.4416464578354],[-2.98453557126366,53.441649559237],[-2.98415926588037,53.4416526601573],[-2.9837829604272,53.4416557598924],[-2.98378814909408,53.4418804344518],[-2.98341184158399,53.441883533027],[-2.98303553400406,53.4418866304168],[-2.98265922635432,53.4418897266213],[-2.98228291863481,53.4418928216405],[-2.98228809943973,53.442117496661],[-2.98191178966433,53.4421205905217],[-2.98153547981923,53.4421236831969],[-2.98115916990444,53.4421267746866],[-2.98116434482294,53.4423514498214],[-2.98078803285218,53.4423545401457],[-2.98041172081179,53.4423576292845],[-2.9800354087018,53.4423607172379],[-2.98003023974227,53.4421360420429],[-2.98002507085382,53.4419113668642],[-2.97964876264659,53.4419144535863],[-2.97965392954904,53.4421391287907],[-2.97927761928626,53.4421422143531],[-2.97928278427313,53.4423668895882],[-2.97928794932949,53.4425915648147],[-2.97891163502451,53.4425946492317],[-2.97891679816398,53.4428193244696],[-2.97854048180312,53.4428224077211],[-2.97816416537279,53.4428254897871],[-2.97778784887301,53.4428285706677]]],[[[-2.84795910099306,53.3305608864622],[-2.8475837614117,53.3305635524154],[-2.84757930637232,53.3303388597236],[-2.8472039687028,53.3303415244743],[-2.84682863097356,53.3303441880442],[-2.84682417993704,53.3301194953001],[-2.84719951569471,53.3301168317519],[-2.8471950627463,53.3298921390208],[-2.84719060985758,53.329667446281],[-2.84756594161246,53.3296647815959],[-2.84794127330758,53.3296621157301],[-2.84794573013935,53.3298868084262],[-2.84795018703085,53.3301115011136],[-2.84795464398209,53.3303361937923],[-2.84795910099306,53.3305608864622]]],[[[-2.83416977844805,53.3549282122843],[-2.83379422515538,53.3549308373216],[-2.83341867180536,53.3549334611786],[-2.83304311839803,53.3549360838555],[-2.83303873525292,53.3547113908696],[-2.83303435216506,53.3544866978734],[-2.83340990175398,53.3544840753722],[-2.83378545128557,53.3544814516908],[-2.83378983819183,53.3547061445113],[-2.83416538957528,53.3547035195619],[-2.83416977844805,53.3549282122843]]],[[[-2.84763089360927,53.3707887284275],[-2.84763535721888,53.3710134162012],[-2.84725966466648,53.3710160829406],[-2.84726412634038,53.3712407706445],[-2.8468884317316,53.3712434361364],[-2.8465127370625,53.3712461004438],[-2.84650827938067,53.3710214128661],[-2.84650382175907,53.3707967252816],[-2.84687951243613,53.370794060848],[-2.84725520305287,53.3707913952299],[-2.84763089360927,53.3707887284275]]],[[[-2.82292801445873,53.3368036308717],[-2.82292368797815,53.3365789369327],[-2.82329908266978,53.3365763484056],[-2.82367447730334,53.3365737586976],[-2.82367880772932,53.3367984525898],[-2.82368313821336,53.3370231464733],[-2.82368746875545,53.337247840348],[-2.8236917993556,53.3374725342139],[-2.82331639683107,53.3374751240156],[-2.82294099424846,53.3374777126363],[-2.82256559160781,53.3374803000761],[-2.82219018890913,53.337482886335],[-2.82181478615246,53.3374854714129],[-2.82181046541624,53.3372607774299],[-2.82143506457439,53.3372633613035],[-2.8210596636746,53.3372659439961],[-2.8206842627169,53.3372685255078],[-2.82030886170131,53.3372711058385],[-2.82031317454637,53.3374957999149],[-2.82031748744925,53.3377204939826],[-2.81994208243018,53.337723073179],[-2.81956667735328,53.3377256511945],[-2.81919127221857,53.3377282280291],[-2.81918696523415,53.3375035338914],[-2.81881156201448,53.3375061095217],[-2.81843615873705,53.337508683971],[-2.8180607554019,53.3375112572393],[-2.81768535202373,53.3375138292636],[-2.81730994858915,53.3375164001015],[-2.81730565152586,53.337291705844],[-2.81730135452017,53.3370670115779],[-2.81729705757207,53.336842317303],[-2.81729276068157,53.3366176230194],[-2.81728846384866,53.3363929287271],[-2.81766385742152,53.3363903579895],[-2.81803925093701,53.3363877860699],[-2.81841464440845,53.336385212918],[-2.81879003782216,53.3363826385852],[-2.81879434254521,53.3366073327901],[-2.81916973787385,53.3366047572531],[-2.81916543117812,53.3363800630716],[-2.8195408244763,53.3363774863769],[-2.81991621771667,53.3363749085014],[-2.81991190713335,53.3361502143578],[-2.82028729834323,53.3361476353247],[-2.82028298584506,53.3359229411956],[-2.82065837502446,53.335920361005],[-2.82065406061149,53.3356956668905],[-2.8210294477604,53.3356930855423],[-2.82102513143268,53.3354683914424],[-2.82140051655111,53.3354658089368],[-2.82139619830871,53.3352411148514],[-2.82139188012419,53.3350164207573],[-2.82101649895084,53.3350190032162],[-2.82101218279671,53.3347943090899],[-2.82100786670043,53.3345696149548],[-2.82100355066201,53.334344920811],[-2.82062817534818,53.334347502019],[-2.82062386134003,53.334122807843],[-2.82061954738972,53.3338981136582],[-2.82099491875875,53.333895532497],[-2.82137029006987,53.3338929501549],[-2.82137460796497,53.3341176442929],[-2.82137892591795,53.3343423384222],[-2.82138324392881,53.3345670325427],[-2.82138756199756,53.3347917266544],[-2.82176294114048,53.334789143038],[-2.82213832022545,53.3347865582408],[-2.82251369925244,53.3347839722627],[-2.82251802329656,53.3350086662955],[-2.82252234739865,53.3352333603194],[-2.82289773031264,53.3352307731137],[-2.82290205644524,53.3354554671055],[-2.8225266715587,53.3354580543346],[-2.82253099577671,53.335682748341],[-2.82215560885959,53.3356853344127],[-2.82215993116298,53.3359100284337],[-2.8225353200527,53.3359074423386],[-2.82291070888441,53.3359048550627],[-2.822915035191,53.3361295490281],[-2.82253964438666,53.3361321363275],[-2.82254396877858,53.3363568303075],[-2.82216857594357,53.3363594164494],[-2.82217289842079,53.3365841104441],[-2.82217722095595,53.33680880443],[-2.82255261773635,53.3368062182413],[-2.82292801445873,53.3368036308717]]],[[[-2.81949705099047,53.3732323183101],[-2.81950136364723,53.3734570049099],[-2.81987708128676,53.3734544254189],[-2.81988139604476,53.3736791119831],[-2.81950567636335,53.3736816915008],[-2.81950998913883,53.3739063780829],[-2.81913426735611,53.3739089564449],[-2.81875854551402,53.3739115336245],[-2.818762854265,53.3741362202511],[-2.81838713032163,53.374138796275],[-2.81838282361258,53.3739141096217],[-2.81837851696281,53.3736894229595],[-2.81837421037234,53.3734647362884],[-2.81836990384114,53.3732400496085],[-2.81836559736922,53.3730153629198],[-2.81874131110319,53.3730127870294],[-2.81911702477783,53.3730102099566],[-2.81912133533339,53.373234896592],[-2.81949705099047,53.3732323183101]]],[[[-2.83359590068159,53.3832469672982],[-2.83397170594018,53.3832443405176],[-2.83397609561884,53.383469026537],[-2.83360028831915,53.3834716534106],[-2.83360467472986,53.3836963409328],[-2.83322886531756,53.3836989667328],[-2.83322448095905,53.3834742791029],[-2.83284867353857,53.383476903614],[-2.83285305584616,53.3837015913501],[-2.83285743661833,53.3839262808425],[-2.83286181744953,53.3841509703257],[-2.8328661983398,53.3843756597998],[-2.8328705792891,53.3846003492648],[-2.83249476181291,53.3846029728519],[-2.83249914083477,53.3848276623458],[-2.83212332131303,53.3848302847883],[-2.83212769840738,53.3850549743112],[-2.83213207556074,53.3852796638249],[-2.8317562520069,53.3852822851609],[-2.83176062723267,53.3855069747036],[-2.83138480163325,53.3855095948949],[-2.83100897597487,53.3855122139036],[-2.8310133472864,53.3857369035133],[-2.83101771865684,53.3859615931138],[-2.83064188896627,53.3859642110159],[-2.83026605921678,53.3859668277353],[-2.8298902294084,53.385969443272],[-2.82988586399788,53.3857447535574],[-2.82951003611729,53.3857473678735],[-2.82950567275223,53.3855226781118],[-2.82950130944598,53.3852979883411],[-2.82949694619855,53.3850732985612],[-2.82987276811937,53.3850706843591],[-2.82986840294421,53.3848459946081],[-2.83024422281964,53.3848433792614],[-2.83023985571682,53.3846186895393],[-2.83061567354686,53.3846160730479],[-2.83099149131799,53.3846134553739],[-2.83098712030107,53.3843887657187],[-2.83061130451641,53.3843913833547],[-2.83023548867286,53.384393999808],[-2.83023112168776,53.3841693100677],[-2.82985530777178,53.3841719253004],[-2.82947949379695,53.3841745393505],[-2.82947513084358,53.3839498495251],[-2.82909931879635,53.3839524623546],[-2.82909495788819,53.3837277724821],[-2.82871914776857,53.3837303840911],[-2.82872350669033,53.3839550740016],[-2.82872786567084,53.384179763903],[-2.82835205151961,53.3841823744053],[-2.82797623730964,53.384184983725],[-2.82798059237599,53.3844096736932],[-2.82760477612083,53.3844122818683],[-2.82760042304095,53.3841875918622],[-2.82759607001975,53.3839629018469],[-2.827971882302,53.3839602937477],[-2.82796752735306,53.3837356037613],[-2.82834333759019,53.3837329945175],[-2.82833897979316,53.3835083056072],[-2.82871478793606,53.3835056952715],[-2.82871042683294,53.3832810079511],[-2.82833462073116,53.383283618194],[-2.82795881456936,53.3832862272556],[-2.82758300834757,53.3832888351359],[-2.82758736332732,53.3835135227347],[-2.82721155500444,53.3835161295265],[-2.82721590670269,53.3837408187012],[-2.82684009628949,53.3837434243973],[-2.8268444452792,53.3839681144975],[-2.82646863282096,53.3839707190489],[-2.8260928203041,53.3839733224177],[-2.82571700772867,53.3839759246039],[-2.82534119509468,53.3839785256075],[-2.82533685405062,53.3837538353557],[-2.82496104334452,53.3837564351388],[-2.82495670380938,53.3835317454703],[-2.82495236311749,53.3833070572219],[-2.82457655641674,53.3833096556519],[-2.82457221782571,53.3830849673003],[-2.82419641310632,53.3830875644563],[-2.82419207661609,53.3828628760016],[-2.82418774018555,53.3826381875366],[-2.82381193948856,53.3826407833258],[-2.82343613873189,53.3826433779337],[-2.82343180644309,53.3824186892728],[-2.82305600766779,53.3824212826067],[-2.82305167747961,53.3821965938428],[-2.82304734735105,53.3819719050685],[-2.8230430172821,53.3817472162838],[-2.82266722457008,53.3817498081583],[-2.82266289660164,53.3815251192705],[-2.82265856869279,53.3813004303724],[-2.82228278000297,53.3813030208803],[-2.82227845419455,53.3810783318791],[-2.82227412844569,53.3808536428676],[-2.82226980275636,53.3806289538456],[-2.82264558532367,53.3806263636157],[-2.82264125765311,53.3804016746761],[-2.82301703812004,53.3803990833577],[-2.8230127084683,53.3801743945004],[-2.82338848683486,53.3801718020935],[-2.82376426514177,53.3801692085055],[-2.824140043389,53.3801666137364],[-2.82451582157653,53.380164017786],[-2.82452015939127,53.3803887062725],[-2.82489593955982,53.3803861090482],[-2.82490027947505,53.3806107974315],[-2.82527606162462,53.3806081989334],[-2.82565184371439,53.380605599254],[-2.82602762574435,53.3806029983935],[-2.82640340771447,53.3806003963518],[-2.82677918962472,53.3805977931289],[-2.82715497147507,53.3805951887249],[-2.8275307532655,53.3805925831397],[-2.82790653499597,53.3805899763733],[-2.82828231666646,53.3805873684258],[-2.8282866750086,53.3808120559636],[-2.82866245865987,53.380809446742],[-2.82865809827694,53.3805847592971],[-2.82865373795402,53.3803600718417],[-2.82902951746371,53.3803574616247],[-2.82903387982739,53.3805821489872],[-2.82940966131777,53.3805795374962],[-2.82941402578228,53.3808042247554],[-2.82941839030685,53.3810289120043],[-2.82979417581875,53.3810262991464],[-2.83016996127052,53.3810236851073],[-2.83016559266432,53.3807989980441],[-2.83054137601514,53.3807963829167],[-2.83054574666215,53.381021069887],[-2.8309215319936,53.3810184534855],[-2.83092590474161,53.3812431403524],[-2.83130169205369,53.3812405226769],[-2.83130606690273,53.3814652094405],[-2.83168185619545,53.3814625904909],[-2.83168623314559,53.3816872771512],[-2.83206202441894,53.3816846569274],[-2.832437815632,53.3816820355225],[-2.83281360678474,53.3816794129363],[-2.83318939787714,53.381676789169],[-2.83318501276345,53.3814521028804],[-2.83356080175459,53.3814494780249],[-2.83356518890917,53.3816741642204],[-2.83394097988079,53.3816715380907],[-2.83394536913665,53.3818962241829],[-2.83394975845291,53.3821209102647],[-2.83357396339943,53.3821235365804],[-2.83357835073512,53.3823482227447],[-2.83320255358027,53.3823508479722],[-2.83320693893533,53.3825755342191],[-2.83321132435074,53.3828002204557],[-2.83358712558761,53.3827975950423],[-2.83359151310441,53.3830222811755],[-2.83359590068159,53.3832469672982]]],[[[-2.8319488261305,53.3951686398987],[-2.83157291487113,53.3951712611654],[-2.83119700355238,53.395173881248],[-2.8308210921743,53.3951765001466],[-2.83044518073691,53.3951791178612],[-2.83044081040121,53.3949544270823],[-2.83006490090741,53.3949570436151],[-2.82968899135436,53.3949596589639],[-2.82931308174208,53.3949622731287],[-2.82893717207059,53.3949648861095],[-2.82893280980559,53.3947401953313],[-2.82855690207779,53.3947428071303],[-2.82818099429084,53.3947454177453],[-2.82817663609066,53.3945207269634],[-2.82817227794959,53.3942960361733],[-2.82816791986761,53.394071345375],[-2.82854382164614,53.3940687347532],[-2.82853946162051,53.3938440439445],[-2.82816356184474,53.3938466545685],[-2.82778766200986,53.3938492640085],[-2.82778330604881,53.3936245731961],[-2.82740740815756,53.3936271814545],[-2.82740305425829,53.3934024906362],[-2.82702715831069,53.3934050977128],[-2.82665126230405,53.3934077036056],[-2.82664691246918,53.3931830127836],[-2.82627101840621,53.3931856174947],[-2.82626667063298,53.3929609266669],[-2.82589077851368,53.3929635301963],[-2.82551488633544,53.3929661325419],[-2.82513899409827,53.3929687337035],[-2.82476310180221,53.3929713336812],[-2.82476744156482,53.3931960244998],[-2.82477178138629,53.3934207153101],[-2.82439588502601,53.3934233140993],[-2.82401998860689,53.3934259117044],[-2.82364409212895,53.3934285081256],[-2.82363975831555,53.3932038173223],[-2.82363542456091,53.3929791265108],[-2.82363109086505,53.3927544356911],[-2.82362675722796,53.3925297448632],[-2.82362242364964,53.3923050540272],[-2.82361809013009,53.3920803631829],[-2.82361375675389,53.3918556725843],[-2.82360942359794,53.391630982462],[-2.82398530407849,53.3916283860849],[-2.82398096899364,53.3914036959914],[-2.82435684742841,53.3914010984692],[-2.82436118450059,53.3916257885249],[-2.82436552163125,53.3918504785714],[-2.82436985899572,53.3920751691283],[-2.82437419652038,53.3922998599772],[-2.82475008286749,53.3922972611764],[-2.82475442245355,53.3925219520195],[-2.82513031074438,53.3925193520372],[-2.82513465239189,53.3927440428744],[-2.82551054262643,53.3927414417105],[-2.82588643280204,53.3927388393626],[-2.82588208714933,53.3925141485207],[-2.82587774155555,53.3922894576706],[-2.8258733960207,53.3920647668124],[-2.82624928012965,53.3920621632737],[-2.82624493280066,53.3918374728378],[-2.82624058573325,53.3916127829807],[-2.82661646580403,53.3916101783231],[-2.82699234581617,53.3916075724826],[-2.82736822576963,53.3916049654591],[-2.82774410566439,53.3916023572527],[-2.82773975070632,53.3913776675382],[-2.82811562855504,53.3913750581869],[-2.82849150634501,53.3913724476526],[-2.8288673840762,53.3913698359354],[-2.82887174499622,53.3915945255361],[-2.82924762465592,53.391591912598],[-2.82962350425678,53.391589298477],[-2.82999938379879,53.3915866831731],[-2.82999501691683,53.3913619936864],[-2.83037089441264,53.3913593772376],[-2.83036652560226,53.3911346877798],[-2.83074240105188,53.3911320701861],[-2.83074677184953,53.3913567596059],[-2.83112264922749,53.3913541407913],[-2.83149852654648,53.3913515207937],[-2.83187440380648,53.3913488996132],[-2.83187878062498,53.3915735889098],[-2.83225465981326,53.3915709665084],[-2.8322590386781,53.3917956557577],[-2.83226341783409,53.3920203456474],[-2.83226779741208,53.3922450365435],[-2.83227217704945,53.3924697274314],[-2.8322765567462,53.3926944183111],[-2.83228093650235,53.3929191091826],[-2.83228531631789,53.393143800046],[-2.83266120943353,53.3931411763921],[-2.83266559131112,53.3933658672494],[-2.83266997324813,53.3935905580985],[-2.83267435524456,53.3938152489394],[-2.83267873730042,53.3940399397722],[-2.83305463836742,53.3940373149429],[-2.83305902248547,53.3942620057696],[-2.83306340666296,53.3944866965881],[-2.83306779089991,53.3947113873985],[-2.83269188382452,53.3947140122214],[-2.83269626611807,53.3949387030215],[-2.83232035698038,53.3949413266583],[-2.83232473733049,53.395166017448],[-2.8319488261305,53.3951686398987]]],[[[-2.8440961585802,53.3820496104928],[-2.8437203668965,53.3820522664171],[-2.84334457515216,53.3820549211597],[-2.84334013533338,53.3818302369472],[-2.8429643455476,53.3818328904338],[-2.84295990780852,53.3816082061368],[-2.8425841199813,53.3816108583674],[-2.84257968432186,53.381386173986],[-2.84257524872293,53.3811614895946],[-2.84219946487335,53.3811641404947],[-2.84219503135398,53.3809394560189],[-2.84181924946293,53.3809421056629],[-2.84181481802307,53.3807174211028],[-2.84181038664366,53.3804927365326],[-2.84143460873015,53.3804953848463],[-2.84143017943016,53.3802707001917],[-2.8414257501906,53.3800460155271],[-2.84180152406618,53.3800433673623],[-2.84217729788128,53.3800407180159],[-2.84217286466429,53.3798160334902],[-2.84254863639996,53.3798133830367],[-2.84254420122456,53.3795886985755],[-2.8429199708808,53.3795860470149],[-2.84291553374703,53.3793613626181],[-2.84291109667378,53.3791366782113],[-2.84328686223176,53.3791340256181],[-2.84329130132384,53.3793587099504],[-2.84366706884007,53.3793560561013],[-2.84366262772915,53.3791313718434],[-2.84403839316593,53.3791287168872],[-2.84441415854206,53.3791260607495],[-2.84440971345412,53.3789013766306],[-2.84403395009679,53.3789040326938],[-2.84402950708825,53.3786793484904],[-2.84402506414033,53.3784546642771],[-2.84402062125299,53.3782299800537],[-2.84439637855407,53.3782273242139],[-2.84439193370864,53.3780026400551],[-2.84476768893036,53.3779999831083],[-2.84476324212689,53.377775299014],[-2.84513899526925,53.3777726409603],[-2.84551474835088,53.3777699817251],[-2.84551029757079,53.3775452977698],[-2.84588604857304,53.3775426374277],[-2.84589050137178,53.3777673213086],[-2.84626625433189,53.3777646597106],[-2.84627070921002,53.3779893435069],[-2.846646464128,53.377986680653],[-2.84665092108559,53.3782113643649],[-2.84702667796143,53.3782087002549],[-2.84703113699852,53.3784333838823],[-2.84740689583222,53.3784307185164],[-2.84741135694886,53.3786554020592],[-2.84741581812636,53.3788800855919],[-2.84779158093668,53.3788774188955],[-2.84779604419381,53.3791021023437],[-2.84780050751182,53.379326785782],[-2.84817627429885,53.3793241177549],[-2.84818073969658,53.3795488011086],[-2.84855650844151,53.3795461318255],[-2.84856097591902,53.3797708150946],[-2.84856544345746,53.3799954983537],[-2.84894121617919,53.3799928277399],[-2.84894568579749,53.3802175109144],[-2.84932146047714,53.3802148390445],[-2.84932593217536,53.3804395221345],[-2.84933040393457,53.3806642052144],[-2.84933487575477,53.3808888882843],[-2.84933934763596,53.3811135713443],[-2.84896356488034,53.3811162435126],[-2.84858778206371,53.3811189144994],[-2.84821199918611,53.3811215843046],[-2.84783621624755,53.3811242529282],[-2.84784068011349,53.3813489362765],[-2.84746489509494,53.3813516037932],[-2.84746935700267,53.3815762872061],[-2.84709356990412,53.3815789536157],[-2.8470980298536,53.3818036370931],[-2.84672224067506,53.3818063023957],[-2.84634645143568,53.3818089665168],[-2.84635090740768,53.3820336501333],[-2.84597511608833,53.3820363131472],[-2.84559932470818,53.3820389749796],[-2.84522353326727,53.3820416356303],[-2.84484774176562,53.3820442950994],[-2.84447195020325,53.3820469533869],[-2.8440961585802,53.3820496104928]]],[[[-2.84512309058692,53.3579973034887],[-2.8447475098697,53.3579999615069],[-2.84474306505525,53.3577752696292],[-2.84511864380149,53.3577726116342],[-2.84511419707561,53.357547919771],[-2.84548977379132,53.3575452606175],[-2.84586535044742,53.3575426002823],[-2.84624092704389,53.3575399387652],[-2.84624537968262,53.3577646305585],[-2.8458698011152,53.3577672920989],[-2.84587425184258,53.3579919839067],[-2.84549867124456,53.3579946442886],[-2.84512309058692,53.3579973034887]]],[[[-2.84818888977955,53.3988745531684],[-2.84781294619803,53.3988772251878],[-2.84781741058847,53.3991019149269],[-2.84744146491892,53.3991045857893],[-2.84706551918828,53.3991072554681],[-2.84668957339658,53.3991099239634],[-2.84668511508692,53.3988852341449],[-2.84668065683825,53.3986605443176],[-2.84630471503936,53.3986632115766],[-2.84630025887858,53.398438521714],[-2.84629580277876,53.3982138318426],[-2.8459198649726,53.3982164978652],[-2.84591541096057,53.3979918079585],[-2.84591095700949,53.397767118043],[-2.84628689076203,53.3977644520732],[-2.84628243484512,53.3975397621752],[-2.8466583665099,53.3975370950484],[-2.84665390862722,53.397312405168],[-2.84702983820424,53.3973097368842],[-2.84702537835583,53.3970850470214],[-2.84740130584509,53.3970823775805],[-2.84777723327328,53.3970797069563],[-2.84778169717511,53.3973043967662],[-2.84778616113801,53.3975290865672],[-2.84816209255855,53.3975264147066],[-2.84816655860929,53.3977511044724],[-2.84779062516199,53.3977537763594],[-2.84779508924704,53.3979784661428],[-2.84779955339317,53.3982031559173],[-2.84780401760038,53.398427845683],[-2.84817995712813,53.3984251737165],[-2.84855589659474,53.3984225005666],[-2.84856036491677,53.3986471902705],[-2.84856483329993,53.3988718799655],[-2.84818888977955,53.3988745531684]]],[[[-2.84874860569622,53.3892075880895],[-2.84837274955611,53.3892102606799],[-2.84799689335452,53.3892129320884],[-2.84799242977007,53.3889882456912],[-2.84798796624705,53.388763559284],[-2.84836381836612,53.3887608880294],[-2.8487396704237,53.3887582155929],[-2.84874413802922,53.3889829018462],[-2.84911999206654,53.3889802281509],[-2.84912446177482,53.3892049143172],[-2.84874860569622,53.3892075880895]]],[[[-2.85198328428252,53.3817688846568],[-2.85160749549974,53.3817715628875],[-2.85160301131762,53.3815468802308],[-2.85197879808354,53.3815442020037],[-2.85197431194569,53.3813195193422],[-2.85235009663361,53.3813168399354],[-2.85272588126034,53.3813141593454],[-2.85273037143184,53.3815388419996],[-2.85310615801417,53.3815361602227],[-2.8531106502637,53.3817608428651],[-2.85311514257445,53.3819855254992],[-2.8527393519584,53.3819882072833],[-2.85274384231346,53.3822128899127],[-2.85236804961927,53.3822155705171],[-2.85236356128112,53.3819908878841],[-2.85198777054264,53.3819935673017],[-2.85198328428252,53.3817688846568]]],[[[-2.89401367461392,53.4504510626504],[-2.89363728101015,53.450453876876],[-2.89364199594904,53.4506785585213],[-2.89364671095129,53.4509032401567],[-2.89365142601691,53.4511279217823],[-2.8936561411459,53.4513526033979],[-2.89327973954012,53.4513554167112],[-2.89328445274776,53.451580098385],[-2.89328916601874,53.451804780049],[-2.89291276038013,53.4518075923138],[-2.89291747172969,53.4520322740359],[-2.89292218314256,53.4522569557481],[-2.89254577347103,53.4522597669644],[-2.89255048296239,53.4524844487348],[-2.89217407124271,53.4524872588344],[-2.89179765945972,53.4524900677492],[-2.89142124761347,53.4524928754793],[-2.8914165440766,53.4522681935048],[-2.89104013415193,53.4522709999821],[-2.89066372416405,53.4522738052747],[-2.89065902466,53.4520491231543],[-2.89028261659373,53.4520519271941],[-2.88990620846431,53.4520547300493],[-2.88990151299298,53.4518300477829],[-2.8895251067852,53.4518328493854],[-2.88914870051432,53.4518356498031],[-2.88914400907561,53.4516109673909],[-2.8887676047264,53.4516137665559],[-2.88839120031414,53.4516165645363],[-2.88839588778333,53.4518412470844],[-2.88877229418035,53.4518384490361],[-2.88877698369733,53.4520631315064],[-2.88878167327733,53.4522878139669],[-2.88878636292035,53.4525124964174],[-2.88840995056889,53.4525152946696],[-2.88841463829008,53.4527399771783],[-2.88841932607427,53.452964659677],[-2.88804290969002,53.4529674568804],[-2.88804759555229,53.4531921394372],[-2.88805228147754,53.4534168219842],[-2.8876758610604,53.4534196181387],[-2.88768054506365,53.4536443007437],[-2.88768522912986,53.4538689833388],[-2.88768991325902,53.4540936659241],[-2.88731348682389,53.4540964610976],[-2.88731816903095,53.4543211437409],[-2.88732285130093,53.4545458263743],[-2.88694642083271,53.4545486204989],[-2.88656999030155,53.4545514134386],[-2.88619355970748,53.4545542051935],[-2.88618888339276,53.4543295223563],[-2.88581245472089,53.4543323128584],[-2.88543602598619,53.4543351021757],[-2.88543135370443,53.4541104191929],[-2.88505492689195,53.4541132072574],[-2.88467850002061,53.4541159941271],[-2.88467383177259,53.4538913109954],[-2.88429740691183,53.4538940963664],[-2.88392098198851,53.4538968805526],[-2.88354455700265,53.453899663554],[-2.88354921931709,53.4541243468917],[-2.88317279229085,53.454127128777],[-2.88279636520212,53.4541299094775],[-2.88241993805094,53.4541326889931],[-2.88204351083732,53.4541354673239],[-2.88166708356129,53.4541382444699],[-2.88129065622289,53.4541410204312],[-2.88091422882212,53.4541437952075],[-2.88090958035275,53.4539191113893],[-2.88053315486753,53.4539218849123],[-2.88015672932001,53.4539246572505],[-2.88015208486862,53.4536999732852],[-2.87977566123668,53.4537027443699],[-2.87939923754249,53.4537055142699],[-2.87902281378608,53.4537082829851],[-2.87902745230392,53.4539329671561],[-2.87940387803818,53.4539301983724],[-2.87940851859607,53.454154882465],[-2.87978494624598,53.4541521124278],[-2.88016137383364,53.4541493412059],[-2.88016601840952,53.4543740251514],[-2.88054244791281,53.4543712526761],[-2.8809188773538,53.4543684790159],[-2.88092352594777,53.4545931628144],[-2.88129995730435,53.4545903879008],[-2.88130460793857,53.4548150716207],[-2.88168104121074,53.4548122954536],[-2.88205747442053,53.4548095181017],[-2.88206212907303,53.4550342016745],[-2.88243856419838,53.4550314230691],[-2.88244322089126,53.4552561065634],[-2.88281965793217,53.4552533267045],[-2.88282431666548,53.4554780101203],[-2.88282897546123,53.4557026935261],[-2.88245253446424,53.4557054735223],[-2.88245719134435,53.455930156987],[-2.88208074830684,53.4559329358669],[-2.88208540327125,53.4561576193903],[-2.88209005829806,53.4563823029038],[-2.88171361124189,53.4563850807361],[-2.88171826435292,53.4566097643083],[-2.88134181525619,53.4566125410244],[-2.8813464664514,53.4568372246554],[-2.88097001531412,53.4568400002552],[-2.88059356411449,53.45684277467],[-2.88058891687567,53.4566180909018],[-2.88021246759193,53.4566208640631],[-2.8798360182459,53.4566236360395],[-2.87945956883761,53.456626406831],[-2.87945492759556,53.4564017228471],[-2.87907848010321,53.4564044923851],[-2.87907384090151,53.4561798083228],[-2.87869739532509,53.4561825766073],[-2.87869275816369,53.4559578924665],[-2.87831631450321,53.4559606594975],[-2.87831167938204,53.4557359752784],[-2.87830704432299,53.4555112910493],[-2.87793060455652,53.4555140567584],[-2.87755416472793,53.4555168212825],[-2.87717772483724,53.4555195846218],[-2.87680128488448,53.4555223467762],[-2.87642484486968,53.4555251077457],[-2.87642021976296,53.4553004231642],[-2.87641559471821,53.4550757385728],[-2.87603915859746,53.4550784982204],[-2.87603453559269,53.4548538135507],[-2.87565810138794,53.454856571945],[-2.87565348042309,53.4546318871968],[-2.87527704813436,53.4546346443378],[-2.87490061578369,53.4546374002939],[-2.87489599883665,53.454412715399],[-2.87489138195147,53.4541880304942],[-2.87451495349476,53.4541907851286],[-2.87451033864934,53.4539661001454],[-2.87413391210865,53.4539688535265],[-2.87412929930294,53.4537441684651],[-2.87450572386577,53.4537414151524],[-2.87450110914404,53.4535167301495],[-2.87412468655905,53.4535194833938],[-2.87412007387697,53.4532947983126],[-2.87374365320794,53.4532975503036],[-2.87336723247709,53.4533003011098],[-2.87336262381239,53.4530756158819],[-2.87298620499754,53.4530783654349],[-2.87298159837236,53.4528536801287],[-2.87260518147351,53.4528564284285],[-2.8726005768878,53.4526317430441],[-2.87222416190494,53.4526344900907],[-2.87221955935864,53.452409804628],[-2.87184314629179,53.4524125504215],[-2.87183854578485,53.4521878648805],[-2.871462134634,53.4521906094209],[-2.87145753616637,53.4519659238017],[-2.87145293776036,53.4517412381727],[-2.87107653050315,53.4517439813916],[-2.87070012318432,53.4517467234257],[-2.87069552879513,53.4515220376501],[-2.87031912339231,53.4515247784312],[-2.87031453104228,53.4513000925774],[-2.87030993875378,53.4510754067137],[-2.86993353724452,53.4510781461734],[-2.86992894699509,53.4508534602315],[-2.86992435680716,53.4506287742798],[-2.86991976668074,53.4504040883182],[-2.86954337104246,53.4504068263883],[-2.86953878295536,53.4501821401008],[-2.86916238923526,53.450184876934],[-2.86878599545351,53.450187612582],[-2.86878141139726,53.4499629257144],[-2.8687768274026,53.4497382388375],[-2.86877224346953,53.4495135519513],[-2.86914863129851,53.4495108164418],[-2.86914404544282,53.4492861295924],[-2.86913945964875,53.4490614427336],[-2.86951584344771,53.4490587061311],[-2.8695112557311,53.4488340193092],[-2.86950666807613,53.448609332478],[-2.86988304784515,53.4486065947827],[-2.86987845826772,53.4483819079883],[-2.87025483599096,53.448379169154],[-2.87025024449113,53.4481544823964],[-2.87062662016858,53.4481517424231],[-2.87100299578428,53.4481490012647],[-2.87099840037806,53.4479243145901],[-2.87137477394796,53.4479215722928],[-2.87137017661947,53.4476968856551],[-2.87174654814356,53.4476941422188],[-2.87174194889286,53.447469455618],[-2.87211831837115,53.4474667110428],[-2.87249468778758,53.4474639652825],[-2.87249008463077,53.4472392787648],[-2.87286645200137,53.4472365318657],[-2.87286184692248,53.4470118453849],[-2.87323821224726,53.4470090973469],[-2.87361457751011,53.4470063481238],[-2.8736099685253,53.4467816617261],[-2.8739863317423,53.4467789113642],[-2.87398172083554,53.4465542250035],[-2.8743580820067,53.4465514735028],[-2.87435346917805,53.446326787179],[-2.87472982830336,53.4463240345395],[-2.87510618736665,53.446321280715],[-2.87548254636787,53.4463185257054],[-2.87585890530702,53.4463157695108],[-2.87586352607102,53.4465404556495],[-2.87586814689709,53.4467651417788],[-2.87624450974182,53.4467623843065],[-2.87624913261386,53.4469870703802],[-2.87662549738033,53.4469843116765],[-2.8766301222984,53.4472089976945],[-2.87663474727861,53.4474336837032],[-2.87701111595076,53.4474309237218],[-2.87701574297707,53.4476556096748],[-2.87739211357099,53.4476528484619],[-2.87739674264346,53.4478775343592],[-2.87740137177812,53.4481022202472],[-2.87777774627782,53.4480994577566],[-2.87815412071526,53.4480966940808],[-2.87814948761257,53.4478720082856],[-2.87852586000373,53.4478692434711],[-2.87890223233257,53.4478664774715],[-2.87889759532415,53.4476417917596],[-2.87927396560668,53.4476390246213],[-2.87965033582685,53.4476362562979],[-2.87964569491281,53.4474115706695],[-2.88002206308664,53.4474088012075],[-2.88039843119806,53.4474060305603],[-2.88039378637852,53.4471813450154],[-2.88077015244357,53.4471785732296],[-2.88076550570254,53.4469538877218],[-2.88114186972123,53.4469511147974],[-2.88151823367743,53.4469483406879],[-2.88151358303108,53.4467236552636],[-2.8818899449409,53.4467208800155],[-2.88226630678818,53.4467181035824],[-2.88226165223663,53.4464934182417],[-2.88263801203749,53.44649064067],[-2.88301437177577,53.4464878619132],[-2.88339073145142,53.4464850819714],[-2.8833953919545,53.4467097671726],[-2.88377175355134,53.4467069859993],[-2.8837764161009,53.4469316711446],[-2.88415277961893,53.4469288887397],[-2.88415744421502,53.4471535738292],[-2.88453380965425,53.4471507901927],[-2.88453847629692,53.4473754752263],[-2.88491484371767,53.4473726904208],[-2.88491951240234,53.4475973753822],[-2.88492418114949,53.4478220603336],[-2.88530055249804,53.4478192742356],[-2.88530522328183,53.4480439591011],[-2.88568159654199,53.4480411717429],[-2.88568626936247,53.4482658565225],[-2.88569094224549,53.4484905412921],[-2.88569561519105,53.4487152260516],[-2.88607199431125,53.4487124372816],[-2.88644837336886,53.4487096473271],[-2.88645305032548,53.4489343319249],[-2.88682943129471,53.4489315407102],[-2.88683411028821,53.4491562252221],[-2.88683878934433,53.4493809097239],[-2.8872151741995,53.4493781171731],[-2.88759155899199,53.4493753234379],[-2.88796794372176,53.4493725285183],[-2.8883443283888,53.4493697324143],[-2.88833964143546,53.4491450482159],[-2.88871602406543,53.4491422510034],[-2.88909240663261,53.4491394526064],[-2.88946878913699,53.449136653025],[-2.88946409632354,53.4489119690443],[-2.8898404767908,53.4489091683544],[-2.89021685719519,53.4489063664801],[-2.89021216049606,53.4486816826411],[-2.89058853886331,53.4486788796584],[-2.89096491716764,53.4486760754912],[-2.89134129540903,53.4486732701397],[-2.89133659285011,53.4484485865185],[-2.89171296905432,53.4484457800586],[-2.89208934519552,53.4484429724143],[-2.8924657212737,53.4484401635856],[-2.89284209728883,53.4484373535726],[-2.89321847324088,53.4484345423751],[-2.89359484912984,53.4484317299934],[-2.89359956353402,53.4486564131587],[-2.89397594133405,53.4486535995165],[-2.89435231907092,53.44865078469],[-2.89472869674461,53.4486479686791],[-2.8947334171346,53.4488726516062],[-2.89473813758777,53.4490973345233],[-2.89436175596559,53.4491001506863],[-2.89436647450765,53.4493248336693],[-2.89437119311288,53.4495495166422],[-2.89437591178126,53.449774199605],[-2.89438063051281,53.4499988825577],[-2.89438534930751,53.4502235655003],[-2.89400895775045,53.4502263808591],[-2.89401367461392,53.4504510626504]]],[[[-2.87501848002011,53.442052240548],[-2.87539480133352,53.442049486418],[-2.87577112258488,53.442046731103],[-2.87577574216956,53.442271417419],[-2.87578036181629,53.4424961037257],[-2.87540403659826,53.4424988591332],[-2.87502771131816,53.4425016133559],[-2.87465138597602,53.4425043663936],[-2.87427506057187,53.4425071182465],[-2.87427044885855,53.4422824317547],[-2.87389412537578,53.4422851823765],[-2.87388951570775,53.4420604958291],[-2.87388490606719,53.4418358091959],[-2.87426122558182,53.4418330586567],[-2.87463754503443,53.4418303069322],[-2.87464215864465,53.4420549934932],[-2.87501848002011,53.442052240548]]],[[[-2.87500052224534,53.4045239462592],[-2.87537651249208,53.4045211945275],[-2.87538112367997,53.4047458826045],[-2.87575711584413,53.4047431296617],[-2.87576172907331,53.4049678177023],[-2.87538573492977,53.4049705706726],[-2.87500974072428,53.4049733224592],[-2.87500513145387,53.4047486343636],[-2.87462913916585,53.404751384939],[-2.87462453193668,53.4045266968071],[-2.87500052224534,53.4045239462592]]],[[[-2.87763707573486,53.4047293471917],[-2.87801306752681,53.4047265871466],[-2.87801769263227,53.4049512750221],[-2.87839368634147,53.4049485137656],[-2.87839831348843,53.4051732016047],[-2.87877430911487,53.405170439137],[-2.87877893830338,53.4053951269397],[-2.87840294069752,53.4053978894349],[-2.87802694302949,53.4054006507465],[-2.87765094529933,53.4054034108742],[-2.8776463220491,53.4051787229889],[-2.87764169886095,53.4049540350948],[-2.87763707573486,53.4047293471917]]],[[[-2.89344873339715,53.4414665437337],[-2.89345344608743,53.441691228741],[-2.89345815884091,53.4419159137391],[-2.89346287142691,53.4421405972682],[-2.89308655080501,53.442143407522],[-2.89308184019565,53.4419187239373],[-2.89270552148719,53.4419215329505],[-2.89270081269118,53.4416968478701],[-2.89232449589828,53.4416996556572],[-2.89232920271555,53.4419243407787],[-2.89233390937202,53.4421490244774],[-2.89195758856099,53.4421518311789],[-2.89196229330495,53.4423765149306],[-2.89233861608945,53.4423737081531],[-2.89271493881094,53.4423709001915],[-2.89271964756485,53.4425955837812],[-2.89272435638178,53.4428202673609],[-2.89234802971328,53.4428230754744],[-2.89235273661968,53.4430477591199],[-2.89197640791462,53.4430505661253],[-2.89160007914656,53.4430533719465],[-2.8916047821688,53.4432780557338],[-2.89198111291044,53.4432752498366],[-2.89235744358908,53.4432724427553],[-2.89236215062146,53.4434971263806],[-2.89236685771685,53.4437218099958],[-2.89237156487523,53.443946493601],[-2.8923762720966,53.444171177196],[-2.89238097938098,53.444395860781],[-2.89200463883407,53.4443986682422],[-2.89200934420771,53.444623351893],[-2.89163300162406,53.4446261582459],[-2.89162829822416,53.4444014745191],[-2.89125195755127,53.4444042796119],[-2.89087561681543,53.4444070835205],[-2.89087091742589,53.4441823996317],[-2.89049457860085,53.4441852022801],[-2.89048988124788,53.4439605183053],[-2.89011354433362,53.4439633196937],[-2.8897372073565,53.4439661198978],[-2.88936087031653,53.4439689189178],[-2.88935617894741,53.4437442347052],[-2.88935148764108,53.4435195504825],[-2.88972782073375,53.4435167516143],[-2.88972312751659,53.4432920674575],[-2.88971843436224,53.4430673832906],[-2.89009476344488,53.44306458339],[-2.89009006837978,53.4428398992889],[-2.89008537337751,53.4426152151777],[-2.89046169845021,53.4426124142449],[-2.89045700153728,53.4423877301995],[-2.89083332457359,53.4423849281585],[-2.89082862575004,53.4421602441789],[-2.89120494674997,53.4421574410297],[-2.89158126768696,53.4421546366964],[-2.8915765649794,53.4419299528586],[-2.89120024601585,53.441932757116],[-2.89119554514077,53.4417080719087],[-2.89119084432275,53.4414833866546],[-2.89118614356777,53.4412587013912],[-2.89118144287583,53.4410340161187],[-2.89155775392204,53.4410312120098],[-2.8915530513145,53.4408065267691],[-2.89117674224691,53.4408093308369],[-2.89117204168104,53.4405846455459],[-2.89079573452899,53.4405874483877],[-2.89041942731391,53.4405902500445],[-2.89041473076824,53.4403655646621],[-2.89003842546872,53.440368365093],[-2.89003373096457,53.4401436796603],[-2.88965742758064,53.4401464788652],[-2.88928112413374,53.4401492768852],[-2.88927643364961,53.4399245913612],[-2.88965273511797,53.4399217933822],[-2.88964804271823,53.4396971078901],[-2.88927174322837,53.4396999058279],[-2.88889544367559,53.4397027025809],[-2.88889075529573,53.4394780169974],[-2.88926705287003,53.4394752202855],[-2.88926236257459,53.4392505347338],[-2.88925767234203,53.4390258491729],[-2.88963396589653,53.4390230513582],[-2.89001025938808,53.4390202523587],[-2.89001495357749,53.4392449378374],[-2.89001964782984,53.439469623307],[-2.89039594521528,53.4394668230404],[-2.89039124898448,53.439242137612],[-2.89076754432848,53.4392393362016],[-2.89077224253773,53.439464021589],[-2.89077694080997,53.4396887069672],[-2.89115324004786,53.4396859042898],[-2.89152953922268,53.4396831004275],[-2.89152483699349,53.4394584151316],[-2.89190113412675,53.4394556101256],[-2.8922774311969,53.4394528039347],[-2.89265372820391,53.439449996559],[-2.89303002514776,53.4394471879984],[-2.89340632202841,53.4394443782529],[-2.89341103414996,53.4396690633432],[-2.89378733294586,53.4396662523718],[-2.89379204710908,53.4398909374117],[-2.89379676133552,53.4401156224423],[-2.8934204585826,53.4401184334962],[-2.89342517089371,53.4403431185588],[-2.89380147562517,53.4403403074638],[-2.89417778029338,53.440337495184],[-2.89418249662482,53.440562180155],[-2.89455880320833,53.4405593666491],[-2.89456352158162,53.4407840515698],[-2.89456824001818,53.4410087364812],[-2.89419192947745,53.4410115500695],[-2.89419664599864,53.441236235013],[-2.89382033341598,53.4412390474575],[-2.89382504802174,53.4414637324329],[-2.89344873339715,53.4414665437337]]],[[[-2.93010600922831,53.3620849796788],[-2.9301011144302,53.3618602929553],[-2.92972550521139,53.3618632167001],[-2.92972061244861,53.3616385299449],[-2.9293450051341,53.3616414524848],[-2.9293401144066,53.3614167656979],[-2.92896450899638,53.3614196870329],[-2.9289596203041,53.3611950002143],[-2.92933522374456,53.3611920789022],[-2.92971082711951,53.3611891564082],[-2.93008643042893,53.3611862327322],[-2.93009132503051,53.361410919482],[-2.93046693024415,53.3614079946011],[-2.93047182688103,53.3616326813191],[-2.93047672358344,53.3618573680285],[-2.9304816203514,53.362082054729],[-2.93010600922831,53.3620849796788]]],[[[-2.93217906239266,53.4742042854438],[-2.93255566222634,53.4742013473536],[-2.93293226199355,53.4741984080766],[-2.93330886169428,53.4741954676129],[-2.93368546132849,53.4741925259624],[-2.93369039261858,53.4744172070964],[-2.9333137909891,53.4744201487706],[-2.93293718929311,53.4744230892579],[-2.93256058753064,53.4744260285585],[-2.93218398570171,53.4744289666723],[-2.93180738380634,53.4744319035993],[-2.93180246249256,53.4742072223472],[-2.93217906239266,53.4742042854438]]],[[[-2.94387355322363,53.4750113835294],[-2.94387853832944,53.4752360640579],[-2.94350193110937,53.4752390375075],[-2.94312532382239,53.4752420097702],[-2.94274871646855,53.475244980846],[-2.942753695695,53.4754696614319],[-2.94275867498867,53.475694342009],[-2.94276365434952,53.4759190225772],[-2.94238704094045,53.4759219925552],[-2.94239201837215,53.4761466731442],[-2.94201540289956,53.4761496419653],[-2.9416387873598,53.4761526095997],[-2.94164376086594,53.4763772902393],[-2.9412671432627,53.4763802567168],[-2.94126217175292,53.4761555760474],[-2.94088555607892,53.4761585413084],[-2.94088058663255,53.4759338606003],[-2.94050397288781,53.4759368246449],[-2.94012735907601,53.4759397875027],[-2.94012239368931,53.4757151067263],[-2.9397457818068,53.4757180683677],[-2.93975074519719,53.4759427491739],[-2.93937413125137,53.4759457096584],[-2.93937909271239,53.4761703904853],[-2.93900247670325,53.4761733498128],[-2.93900743623484,53.4763980306604],[-2.93863081816239,53.4764009888309],[-2.93862586062717,53.4761763079535],[-2.93862090315883,53.4759516270672],[-2.93899751723857,53.4759486689561],[-2.93899255784081,53.4757239880905],[-2.93898759850995,53.475499307216],[-2.93861098842282,53.4755022652677],[-2.93823437826876,53.4755052221327],[-2.93785776804782,53.4755081778111],[-2.93785281477266,53.4752834968386],[-2.93822942299734,53.4752805411899],[-2.93860603115513,53.4752775843546],[-2.93898263924601,53.4752746263326],[-2.93935924726995,53.4752716671239],[-2.93973585522691,53.4752687067286],[-2.94011246311688,53.4752657451466],[-2.94048907093982,53.4752627823779],[-2.94048410367794,53.4750381016573],[-2.9408607094501,53.475035137724],[-2.94123731515556,53.4750321726037],[-2.94161392079428,53.4750292062966],[-2.94199052636623,53.4750262388026],[-2.9423671318714,53.4750232701218],[-2.94274373730975,53.475020300254],[-2.94312034268125,53.4750173291993],[-2.94349694798589,53.4750143569578],[-2.94387355322363,53.4750113835294]]],[[[-2.94387355322363,53.4750113835294],[-2.9438685681847,53.4747867029921],[-2.94386358321266,53.4745620224462],[-2.94385859830751,53.4743373418915],[-2.94385361346925,53.4741126613282],[-2.9434770161606,53.4741156346719],[-2.94310041878505,53.4741186068288],[-2.94272382134264,53.4741215777989],[-2.94234722383339,53.4741245475821],[-2.94197062625733,53.4741275161785],[-2.94159402861448,53.474130483588],[-2.94121743090488,53.4741334498107],[-2.94084083312854,53.4741364148466],[-2.9404642352855,53.4741393786956],[-2.94008763737578,53.4741423413577],[-2.93971103939941,53.4741453028331],[-2.93933444135641,53.4741482631215],[-2.93895784324682,53.4741512222231],[-2.93858124507065,53.4741541801379],[-2.93820464682794,53.4741571368658],[-2.93782804851871,53.4741600924069],[-2.93745145014298,53.4741630467611],[-2.9370748517008,53.4741659999285],[-2.93669825319217,53.474168951909],[-2.93632165461713,53.4741719027027],[-2.93594505597571,53.4741748523095],[-2.93556845726793,53.4741778007295],[-2.93519185849382,53.4741807479626],[-2.9348152596534,53.4741836940089],[-2.93443866039728,53.4741866391009],[-2.93443372518325,53.4739619580054],[-2.93481032245526,53.4739590129315],[-2.93518691931345,53.4739560669062],[-2.93556351610533,53.473953119694],[-2.93594011283088,53.473950171295],[-2.93631670949008,53.4739472217092],[-2.93669330608289,53.4739442709365],[-2.93706990260929,53.4739413189769],[-2.93744649906925,53.4739383658305],[-2.93782309546275,53.4739354114973],[-2.93819969178976,53.4739324559773],[-2.93857628805025,53.4739294992704],[-2.93895288424419,53.4739265413767],[-2.93932948037157,53.4739235822961],[-2.93970607643235,53.4739206220287],[-2.9400826724265,53.4739176605745],[-2.94045926835401,53.4739146979334],[-2.94083586421484,53.4739117341055],[-2.94121246000896,53.4739087690907],[-2.94158905573635,53.4739058028891],[-2.94196565139699,53.4739028355007],[-2.94234224699084,53.4738998669254],[-2.94271884251788,53.4738968971634],[-2.94309543797809,53.4738939262144],[-2.94347203337143,53.4738909540787],[-2.94384862869788,53.4738879807561],[-2.94422522395741,53.4738850062467],[-2.94460181914999,53.4738820305504],[-2.94497841427561,53.4738790536673],[-2.94535500933423,53.4738760755974],[-2.94536000203442,53.4741007560847],[-2.9449834049936,53.4741037341759],[-2.94460680788578,53.4741067110801],[-2.94423021071099,53.4741096867976],[-2.94423519753148,53.4743343673398],[-2.94424018441888,53.4745590478732],[-2.94424517137321,53.474783728398],[-2.94425015839444,53.4750084089141],[-2.94387355322363,53.4750113835294]]],[[[-2.93512674845011,53.3683380791739],[-2.93550241407667,53.3683351382131],[-2.93550733859365,53.368559824313],[-2.93551226317658,53.368784510404],[-2.93513659360655,53.3687874514127],[-2.93476092397056,53.3687903912391],[-2.93475600333113,53.3685657051002],[-2.93475108275759,53.3683410189525],[-2.93512674845011,53.3683380791739]]],[[[-2.93775147016797,53.3680927816567],[-2.93737580690947,53.3680957296869],[-2.93700014358485,53.3680986765348],[-2.93700507592267,53.3683233625477],[-2.93701000832655,53.3685480485517],[-2.93663434099241,53.3685509942654],[-2.93662941056026,53.3683263082374],[-2.93625374513176,53.3683292527449],[-2.93587807963722,53.3683321960701],[-2.93587315321449,53.3681075099854],[-2.93549748962563,53.3681104521045],[-2.93549256524053,53.367885765987],[-2.93548764092138,53.3676610798608],[-2.93586330056693,53.3676581377896],[-2.9358583743421,53.3674334516785],[-2.93548271666817,53.3674363937257],[-2.93547779248091,53.3672117075819],[-2.93547286835959,53.3669870214293],[-2.93584852209035,53.36698407943],[-2.93584359621994,53.3667593932482],[-2.9358386704591,53.3665347070455],[-2.93621432016882,53.3665317639045],[-2.93620939249455,53.3663070777133],[-2.93658504015841,53.3663041334103],[-2.93658011057075,53.3660794472306],[-2.93620446488647,53.3660823915134],[-2.9361995373446,53.3658577053048],[-2.93619460986893,53.3656330190875],[-2.93657025159411,53.3656300748453],[-2.93656532220513,53.3654053886395],[-2.93656039288238,53.3651807024251],[-2.9369360305823,53.3651777570412],[-2.93731166821592,53.365174810475],[-2.93731660149764,53.3653994966489],[-2.93769224104442,53.3653965488803],[-2.93769717637191,53.3656212350252],[-2.93807281783184,53.3656182860541],[-2.93806788052485,53.3653935999294],[-2.9384435199389,53.3653906497964],[-2.9384484592254,53.3656153359007],[-2.93882410055255,53.3656123845652],[-2.93882904188493,53.3658370706405],[-2.93920468512517,53.3658341181025],[-2.9392096285035,53.3660588041488],[-2.93921457194823,53.3662834901864],[-2.93921951545938,53.3665081762153],[-2.93922445903695,53.3667328622355],[-2.93922940269349,53.3669575482381],[-2.9388537495578,53.366960500877],[-2.93847809635588,53.3669634523337],[-2.93848303624969,53.3671881382945],[-2.93848797620966,53.3674128242465],[-2.9381123189984,53.3674157745691],[-2.93811725705291,53.3676404605363],[-2.93812219517355,53.3678651464947],[-2.93774653395287,53.3678680956831],[-2.93775147016797,53.3680927816567]]],[[[-2.9509947543183,53.3722578715606],[-2.95137045263847,53.3722548804782],[-2.95137546117391,53.3724795653999],[-2.95099976088181,53.3724825565123],[-2.95062406051635,53.3724855464065],[-2.95061905592499,53.3722608614305],[-2.95061405140066,53.3720361764457],[-2.95060904694336,53.3718114914521],[-2.95060404255308,53.3715868064496],[-2.95059903822983,53.3713621214384],[-2.9505940339736,53.3711374364184],[-2.9502183453736,53.3711404249842],[-2.95021334315639,53.3709157399311],[-2.94983765646134,53.3709187272903],[-2.94946196969927,53.3709217134672],[-2.949456971493,53.3706970283566],[-2.94945197335366,53.3704723432372],[-2.94982765617181,53.3704693571089],[-2.9498226561275,53.370244672005],[-2.95019833690672,53.3702416847188],[-2.95057401761891,53.3702386962502],[-2.95094969826403,53.3702357065993],[-2.95095470422408,53.3704603916302],[-2.95095971025119,53.3706850766523],[-2.95133539477307,53.3706820857704],[-2.95133038677403,53.3704574007727],[-2.95170606901658,53.3704544080405],[-2.95208175117853,53.3704514140879],[-2.95208676315331,53.3706760990723],[-2.95209177519569,53.3709007840486],[-2.95171608905393,53.3709037780039],[-2.95172109917397,53.3711284629733],[-2.95134541097238,53.3711314557396],[-2.95096972250654,53.3711344466701],[-2.95097472873479,53.3713591316658],[-2.95097973503009,53.3715838166527],[-2.95098474139244,53.3718085016308],[-2.95098974782184,53.3720331866001],[-2.9509947543183,53.3722578715606]]]]}}