{"type":"Feature","properties":{"code":"E63005776","name":"Ashford (Ashford)"},"geometry":{"type":"MultiPolygon","coordinates":[[[[0.840105888879469,51.1566927049605],[0.840462921158069,51.156684036357],[0.840476713594836,51.1569085589419],[0.840833747335281,51.1568998891983],[0.841190780905679,51.1568912183644],[0.841204576776308,51.1571157408397],[0.841561611808523,51.1571070688656],[0.841918646670647,51.1570983958012],[0.841904847536255,51.1568738734259],[0.841547814306011,51.1568825464403],[0.841534016973652,51.1566580240052],[0.841520219811442,51.1564335015602],[0.841506422819378,51.1562089791054],[0.841492625997458,51.1559844566408],[0.841135599124444,51.1559931283653],[0.840778572081376,51.1560017989995],[0.840421544868271,51.1560104685435],[0.84043533679479,51.1562349911578],[0.840078307779865,51.1562436596614],[0.840092098244637,51.1564681823159],[0.840105888879469,51.1566927049605]]],[[[0.841492625997458,51.1559844566408],[0.841849652700396,51.1559757838261],[0.84186345115411,51.1562003062408],[0.84187724977799,51.1564248286456],[0.841891048572037,51.1566493510407],[0.842248080000317,51.1566406769859],[0.842261880596392,51.1568651993211],[0.842275681362659,51.1570897216466],[0.84263271588454,51.1570810464016],[0.842646518452901,51.1573055686673],[0.842660321191485,51.1575300909231],[0.842674124100292,51.1577546131691],[0.843031163347761,51.1577459366839],[0.843044968058752,51.1579704588701],[0.843058772939994,51.1581949810465],[0.843072577991492,51.1584195032131],[0.843086383213246,51.1586440253698],[0.843100188605259,51.1588685475167],[0.843457235842525,51.1588598696914],[0.843471047213289,51.1590843931383],[0.843484859646826,51.1593089168539],[0.843498672266006,51.1595334405513],[0.843855724585738,51.1595247611246],[0.843869539220675,51.1597492846473],[0.844226593184891,51.1597406039817],[0.844583646963455,51.1597319222341],[0.844569828668301,51.1595073990247],[0.844926880431085,51.1594987163516],[0.844913060491564,51.1592741932808],[0.845270110238574,51.1592655096823],[0.845256288654732,51.1590409867501],[0.845613336385975,51.1590323022261],[0.845599515690837,51.1588077798423],[0.845956561736148,51.1587990943846],[0.846313607611098,51.1587904078365],[0.846299787530842,51.1585658861397],[0.846656831603396,51.1585571985513],[0.847013875505549,51.1585485098726],[0.84737091923728,51.1585398201036],[0.847357094431511,51.1583152985471],[0.847714136360816,51.1583066077379],[0.847700310093597,51.1580820862216],[0.847686483996908,51.1578575646956],[0.848043522491857,51.1578488728961],[0.84802969493378,51.1576243514103],[0.848015867546247,51.1573998299147],[0.84765883231511,51.157408521614],[0.847645006729995,51.1571840000584],[0.848002040329258,51.1571753084092],[0.848359074203405,51.1571666161401],[0.848345245329794,51.1569420944586],[0.84870228211412,51.1569334059102],[0.848688451827738,51.1567088841294],[0.8490454868664,51.1567001943778],[0.84903165516729,51.1564756724977],[0.849017823634692,51.1562511506195],[0.849003992268601,51.1560266287433],[0.849361022403229,51.1560179375861],[0.849347189624488,51.1557934156106],[0.849704218013512,51.1557847232502],[0.84969038382216,51.1555602011754],[0.850047410465586,51.1555515076119],[0.850404436942528,51.1555428129465],[0.8503905997595,51.1553182906712],[0.850747624490831,51.1553095948026],[0.851104649055641,51.1553008978321],[0.851090808881029,51.1550763753565],[0.851447831700219,51.1550676771828],[0.851433990113168,51.154843154608],[0.851791011186744,51.1548344552312],[0.851777168187296,51.1546099325573],[0.852134187515263,51.1546012319774],[0.85212034310346,51.1543767092043],[0.852477360685825,51.1543680074214],[0.852463514861708,51.154143484549],[0.852820530698479,51.1541347815631],[0.852806683462087,51.1539102585916],[0.85316369755327,51.1539015544026],[0.853149848904647,51.153677031332],[0.853136000422751,51.1534525082632],[0.853493011189433,51.1534438027702],[0.853479161295364,51.1532192796023],[0.853836170316494,51.1532105729063],[0.853822319010294,51.1529860496393],[0.853808467870853,51.1527615263742],[0.854165473567588,51.1527528183742],[0.85452247909763,51.1527441092724],[0.854879484460962,51.1527353990686],[0.855236489657561,51.152726687763],[0.855593494687409,51.1527179753555],[0.855579635820612,51.1524934515872],[0.855936639104873,51.1524847379768],[0.855950499550485,51.1527092618461],[0.85630750424677,51.1527005472348],[0.856664508776244,51.1526918315217],[0.856678372546398,51.1529163555949],[0.856692236483477,51.1531408796702],[0.856335228796324,51.1531495951813],[0.85634909132146,51.1533741191575],[0.855992081888615,51.1533828334658],[0.855635072288972,51.1533915466722],[0.855648931823226,51.1536160704482],[0.855662791524351,51.1538405942263],[0.85567665139235,51.1540651180062],[0.855690511427228,51.1542896417881],[0.856047527342584,51.1542809289858],[0.85640454309113,51.1542722150815],[0.856761558672844,51.1542635000753],[0.856775423611533,51.1544880241622],[0.856789288717165,51.154712548251],[0.857146307289994,51.1547038323448],[0.857160174141586,51.1549283565365],[0.856803153989745,51.1549370723417],[0.856446133671044,51.1549457870449],[0.85643226997748,51.1547212630552],[0.856418406450843,51.1544967390674],[0.856061389123319,51.1545054528706],[0.855704371628984,51.1545141655719],[0.855718231997621,51.1547386893577],[0.855361212757487,51.154747400856],[0.855004193350577,51.1547561112523],[0.85501805072805,51.154980634838],[0.854661029575353,51.1549893440313],[0.854304008255917,51.1549980521227],[0.854317862642132,51.1552225755082],[0.853960839576922,51.1552312823965],[0.853974692550869,51.1554558056828],[0.853617667739876,51.1554645113681],[0.853631519301513,51.1556890345553],[0.853645371029921,51.1559135577445],[0.853288342894017,51.1559222621256],[0.853302193210057,51.1561467852156],[0.852945163328336,51.1561554883936],[0.852931314591443,51.1559309654047],[0.852574286122218,51.1559396675818],[0.852217257486363,51.155948368657],[0.852231103064953,51.1561728914436],[0.851874072683333,51.1561815913156],[0.851887916849439,51.1564061140031],[0.851530884722047,51.156414812672],[0.851544727475633,51.1566393352602],[0.851558570395877,51.1568638578504],[0.851201534943482,51.156872555215],[0.851215376451145,51.157097077706],[0.850858339252943,51.1571057738674],[0.850501301888197,51.1571144689267],[0.850515140403964,51.1573389912173],[0.85015810129342,51.1573476850734],[0.8501719383965,51.1575722072648],[0.850185775666168,51.1577967294581],[0.849828733230503,51.1578054220098],[0.849842569087424,51.1580299441038],[0.849485524905926,51.1580386354523],[0.849499359350057,51.158263157447],[0.84914231342272,51.1582718475922],[0.84915614645402,51.1584963694877],[0.849169979651857,51.1587208913851],[0.848812930399266,51.1587295802258],[0.848826764201089,51.1589541020449],[0.848840604400115,51.159178623927],[0.84885444479225,51.1594031458051],[0.849211499219082,51.1593944570962],[0.849568553452814,51.159385767291],[0.849582397881486,51.1596102892148],[0.849225341726044,51.1596189789951],[0.849239184426144,51.15984350089],[0.848882126155857,51.1598521895493],[0.848895967127336,51.1600767114154],[0.848538906742198,51.1600853989537],[0.848552745985007,51.1603099207909],[0.848566585420916,51.1605344426242],[0.848580425049928,51.1607589644534],[0.848223360302561,51.1607676531806],[0.848237198014346,51.1609921747141],[0.848251035912098,51.1612166962294],[0.848608104887279,51.1612080080998],[0.848621945095622,51.1614325299169],[0.848979017011864,51.1614238425276],[0.848992859335259,51.1616483643656],[0.8490067018518,51.1618728861996],[0.849020544561487,51.1620974080296],[0.849377622050489,51.1620887196185],[0.849363777418822,51.1618641977637],[0.849720852792705,51.1618555082315],[0.849734699346348,51.1620800301111],[0.84974854609319,51.1623045519867],[0.84939146687533,51.1623132414693],[0.849034387464325,51.1623219298555],[0.848677307860199,51.1623306171455],[0.84869114903416,51.1625551389426],[0.849048230560318,51.1625464516775],[0.849062073849467,51.1627709734954],[0.84941915710455,51.1627622851588],[0.849433002508937,51.1629868069976],[0.849075917331777,51.1629954953093],[0.849089761007251,51.1632200171193],[0.849103604875893,51.1634445389252],[0.849117448937705,51.1636690607271],[0.849474539881235,51.1636603724898],[0.849831630631601,51.1636516831561],[0.850188721188777,51.1636429927261],[0.850202571210268,51.1638675145984],[0.85055966349639,51.1638588230969],[0.850916755589267,51.1638501304989],[0.850930609648376,51.1640746524169],[0.850944463900785,51.1642991743308],[0.851301559644777,51.164290480686],[0.851287703470165,51.1640659587473],[0.851273847488877,51.1638414368046],[0.851630939195194,51.163832742014],[0.851617081485077,51.1636082200425],[0.851974171075926,51.1635995241307],[0.851960311637026,51.1633750021305],[0.852317399112416,51.1633663050976],[0.852303537944781,51.1631417830686],[0.85228967697053,51.1629172610355],[0.852646760408394,51.1629085628568],[0.853003843652879,51.1628998635817],[0.85298997902792,51.1626753414952],[0.853347060156962,51.1626666410991],[0.853333193803413,51.1624421189838],[0.853690272817016,51.1624334174667],[0.853676404734926,51.1622088953227],[0.854033481633096,51.1622001926845],[0.854390558337797,51.16219148895],[0.854404430263852,51.1624160111434],[0.85404735163717,51.1624247148532],[0.854061221834737,51.1626492370179],[0.853704141092575,51.1626579396067],[0.853718009561608,51.1628824617426],[0.853731878224116,51.1631069838746],[0.853374793444407,51.1631156853176],[0.853017708471265,51.1631243856642],[0.853031573483082,51.1633489077428],[0.852674486394443,51.1633576069683],[0.852688349677581,51.1635821290181],[0.852331260473435,51.1635908271226],[0.852345122027847,51.1638153491436],[0.851988030708192,51.163824046127],[0.852001890533827,51.1640485681192],[0.852358983775651,51.1640398711606],[0.852372845716852,51.1642643931736],[0.852386707851453,51.1644889151825],[0.852029610765219,51.1644976120916],[0.852043471170983,51.1647221340719],[0.852400570179457,51.1647134371875],[0.85275766899455,51.1647047392068],[0.853114767616236,51.1646960401296],[0.853100901443759,51.1644715180751],[0.853457997949784,51.1644628178769],[0.85347186604449,51.1646873399561],[0.853828964279289,51.1646786386861],[0.853815094262353,51.1644541165822],[0.853801224438918,51.1642295944743],[0.853787354808978,51.1640050723624],[0.854144447083694,51.1639963699219],[0.854158318635809,51.1642208920585],[0.854515412639201,51.1642121885464],[0.854872506449069,51.1642034839378],[0.854858631052612,51.1639789617518],[0.855215722746762,51.1639702560222],[0.855201845621727,51.1637457338074],[0.855558935200168,51.1637370269568],[0.855545056346602,51.1635125047134],[0.855531177686645,51.163287982466],[0.85551729922029,51.1630634602145],[0.855874382838875,51.1630547521935],[0.85586050264408,51.1628302299134],[0.855846622642905,51.1626057076293],[0.856203702223835,51.1625969984626],[0.856560781611137,51.1625882881996],[0.856546897959607,51.1623637658622],[0.856533014501738,51.1621392435208],[0.856890089851452,51.1621305321122],[0.856876204665308,51.1619060097421],[0.856519131237528,51.1619147211754],[0.856505248166972,51.1616901988259],[0.856148176467463,51.1616989091875],[0.856134295512449,51.1614743868587],[0.855777225541219,51.1614830961487],[0.855420155376406,51.1614918043424],[0.855063085018031,51.1615005114398],[0.855049210022255,51.161275989181],[0.855406278458754,51.1612672820589],[0.855763346701697,51.1612585738405],[0.855749468055772,51.1610340515284],[0.856106534183289,51.1610253421891],[0.856092653809138,51.1608008198483],[0.856449717821236,51.1607921093881],[0.856435835718907,51.1605675870186],[0.856792897615591,51.1605588754376],[0.857149959318629,51.1605501627602],[0.857507020827997,51.1605414489867],[0.857864082143669,51.1605327341169],[0.85822114326562,51.1605240181508],[0.858578204193826,51.1605153010886],[0.858935264928259,51.16050658293],[0.858921369567279,51.1602820603843],[0.858907474400099,51.1600575378345],[0.859264531097278,51.1600488185306],[0.859621587600643,51.1600400981305],[0.859607688783875,51.1598155755275],[0.859593790160948,51.1595910529206],[0.85957989173186,51.1593665303097],[0.859565993496606,51.1591420076948],[0.859552095455184,51.1589174850758],[0.859538214650758,51.1586929604189],[0.859524335484145,51.1584684355883],[0.859167291067116,51.1584771563902],[0.859153413646971,51.1582526316625],[0.859139536393943,51.1580281069368],[0.85878249496853,51.1580368268385],[0.858768619461905,51.1578123022157],[0.85875474412237,51.1575877775948],[0.859111782389225,51.1575790574911],[0.859097905637529,51.1573545327712],[0.859084029052938,51.1571300080533],[0.859070152635451,51.1569054833373],[0.85942718599762,51.1568967618287],[0.859413308168048,51.1566722370137],[0.859770339784012,51.1566635143021],[0.8597564605424,51.1564389893881],[0.859742581467922,51.156214464476],[0.860099609758553,51.1562057404605],[0.860456637882128,51.156197015343],[0.860442755816556,51.155972490231],[0.860799782193946,51.1559637639105],[0.860785898716455,51.1557392386996],[0.861142923347666,51.1557305111762],[0.8611290384583,51.1555059858663],[0.861115153736139,51.1552814605585],[0.861472175042135,51.1552727317312],[0.861486061343337,51.15549725714],[0.861499947811766,51.1557217825507],[0.861856972108737,51.1557130528232],[0.861870860323478,51.1559375783367],[0.861884748705473,51.1561621038523],[0.86152772125032,51.156170833378],[0.861170693628032,51.1561795618017],[0.860813665838628,51.1561882891234],[0.860827549650504,51.1564128143382],[0.861184579019037,51.1564040871174],[0.86119846457726,51.1566286124351],[0.86084143362958,51.1566373395549],[0.860855317775856,51.1568618647736],[0.861212350302705,51.1568531377547],[0.861226236195373,51.1570776630762],[0.861240122255268,51.1573021883997],[0.861254008482393,51.1575267137252],[0.860896971217912,51.1575354404414],[0.860910856033018,51.1577599656679],[0.860553817022169,51.1577686911811],[0.860196777844226,51.1577774155923],[0.860210659667993,51.1580019406189],[0.859853618743694,51.158010663827],[0.859867499155333,51.1582351887546],[0.859881379734131,51.1584597136842],[0.85989526048009,51.1586842386157],[0.860252306142356,51.1586755157105],[0.860266188663998,51.1589000407413],[0.860623235709384,51.1588913168384],[0.860980282616816,51.1588825918298],[0.86133732935712,51.158873865719],[0.861694375930275,51.158865138506],[0.861680487120361,51.158640613068],[0.862037531946997,51.158631884652],[0.862023641725021,51.1584073591149],[0.861666598477714,51.1584160876318],[0.861652710002332,51.1581915621976],[0.86163882169421,51.1579670367654],[0.861995861782921,51.1579583080468],[0.861981972062791,51.1577337825156],[0.86233901040506,51.1577250525939],[0.862352901704453,51.157949578226],[0.862709941458788,51.1579408473031],[0.862723834504765,51.1581653730379],[0.863080875671162,51.1581566411138],[0.863094770463762,51.1583811669515],[0.862737727718064,51.1583898987748],[0.862751621098691,51.1586144245135],[0.86310866542371,51.1586056927911],[0.863465709581482,51.1585969599665],[0.863451813042216,51.158372434026],[0.863437916670318,51.1581479080875],[0.863794957502215,51.158139173959],[0.863781059718408,51.1579146479216],[0.863424020465786,51.1579233821509],[0.863410124428616,51.1576988562163],[0.863767162101984,51.1576901218861],[0.864124199608079,51.1576813864539],[0.864138098803752,51.1579059125902],[0.864151998166831,51.1581304387285],[0.864165897697315,51.1583549648687],[0.864179797395209,51.1585794910109],[0.864193697260515,51.158804017155],[0.86455074249576,51.1587952811248],[0.864907787563677,51.1587865439924],[0.864921702474784,51.1590110686759],[0.864564656568039,51.1590198056171],[0.864578581705598,51.159244328575],[0.864935629533911,51.1592355916582],[0.864949556787233,51.1594601146366],[0.865306620652332,51.1594513745115],[0.865320550075888,51.1596758972307],[0.865677617047183,51.1596671555546],[0.866034683873522,51.1596584127979],[0.866048616023482,51.1598829351443],[0.866405683995582,51.1598741911306],[0.866391750554889,51.1596496689606],[0.86674881709127,51.1596409240429],[0.867105883482646,51.1596321780447],[0.867462949729004,51.159623430966],[0.867476887041881,51.1598479526063],[0.867833954433927,51.1598392042705],[0.867847893182589,51.1600637257145],[0.868204961720321,51.1600549761216],[0.86819102168092,51.1598304548542],[0.868548088782844,51.1598217043574],[0.868905155739683,51.1598129527801],[0.868891213263926,51.1595884318461],[0.869248278784952,51.1595796793649],[0.869605344160862,51.1595709258032],[0.869591399248829,51.1593464052027],[0.869948463188918,51.1593376507372],[0.869934517131358,51.1591131302935],[0.870291579635633,51.1591043749241],[0.87064864199475,51.1590956184743],[0.870662590633651,51.1593201385647],[0.871019654138264,51.1593113808577],[0.871376717497686,51.1593026220703],[0.871362766277453,51.1590781023332],[0.871719828201006,51.159069342642],[0.872076889979339,51.1590605818703],[0.872062939560307,51.1588360615253],[0.872420000141048,51.1588272997226],[0.872777060527488,51.1588185368398],[0.872763114528682,51.1585940144875],[0.873120172803284,51.1585852507057],[0.873477230883539,51.1585764858438],[0.873463281244166,51.1583519638335],[0.873820337212565,51.1583431980726],[0.873806385850187,51.1581186762234],[0.873792434682284,51.157894154354],[0.873435382548779,51.1579029197528],[0.873421433492759,51.1576783976823],[0.873064383082307,51.1576871618199],[0.873050436138121,51.1574626395482],[0.872693387450731,51.1574714024247],[0.872336338569035,51.1574801642211],[0.87197928949306,51.1574889249375],[0.871622240222828,51.1574976845738],[0.871265190758368,51.15750644313],[0.8709081410997,51.1575152006061],[0.870551091246853,51.1575239570023],[0.870194041199851,51.1575327123183],[0.870180109789138,51.1573081885783],[0.870537157918747,51.1572994334432],[0.870523224784887,51.1570749098641],[0.870880270802977,51.1570661538301],[0.871237316626894,51.1570573967159],[0.871594362256612,51.1570486385218],[0.871951407692106,51.1570398792476],[0.871965348495412,51.1572644021025],[0.872322395654011,51.1572556415672],[0.872308452933352,51.1570311188933],[0.872665497980323,51.157022357459],[0.873022542832998,51.1570135949447],[0.873379587491349,51.1570048313503],[0.873736631955353,51.1569960666759],[0.874093676224982,51.1569873009215],[0.874450720300215,51.156978534087],[0.874807764181025,51.1569697661726],[0.875164807867386,51.1569609971781],[0.875178765926749,51.1571855184033],[0.87553581133596,51.1571767481477],[0.875521851359275,51.1569522271036],[0.875507891577169,51.1567277060394],[0.875864932957265,51.156718935066],[0.875850971452461,51.1564944141628],[0.876208010720771,51.1564856422906],[0.876194047493319,51.1562611215484],[0.876180084460482,51.1560366007862],[0.876166121622259,51.1558120800039],[0.876523154944378,51.1558033075951],[0.876537119699793,51.1560278281962],[0.876894154744547,51.1560190545263],[0.876908121611814,51.1562435749263],[0.877265158379193,51.1562347999952],[0.877622194951961,51.1562260239842],[0.877636165848357,51.1564505440017],[0.877993204143715,51.1564417667296],[0.878350242244409,51.1564329883774],[0.878336267513562,51.1562084687223],[0.878693303502346,51.1561996894713],[0.879050339296418,51.1561909091405],[0.879036360925941,51.1559663898276],[0.879393394608086,51.155957608598],[0.879750428095475,51.1559488262884],[0.879736446085474,51.1557243073179],[0.88009347746092,51.1557155241096],[0.880450508641562,51.1557067398214],[0.880436522992143,51.1554822211932],[0.880422537537618,51.1552577025449],[0.880065510191215,51.1552664864706],[0.880051526848663,51.155041967621],[0.880037543700974,51.1548174487512],[0.880023560748144,51.1545929298613],[0.880009577990171,51.1543684109513],[0.879652558117177,51.1543771930723],[0.879638577471048,51.154152673961],[0.879624597019745,51.1539281548295],[0.879610616763264,51.153703635678],[0.879253602446424,51.1537124161755],[0.879239624301684,51.1534878968226],[0.879596636701603,51.1534791165063],[0.879582656834756,51.1532545973146],[0.879225646351737,51.1532633774496],[0.879211668596578,51.1530388580566],[0.878854659835721,51.1530476369306],[0.878868635674002,51.1532721565049],[0.878511624801573,51.1532809344803],[0.878154613734478,51.1532897113758],[0.878168585933707,51.1535142312923],[0.877811572755057,51.1535230072892],[0.87782554323207,51.1537475273667],[0.877839513903782,51.1539720474242],[0.877482496696607,51.1539808227035],[0.877125479294828,51.1539895969029],[0.876768461698471,51.1539983700224],[0.876782426813913,51.1542228906033],[0.876425407106006,51.154231662824],[0.876068387203566,51.1542404339649],[0.875711367106619,51.1542492040259],[0.875354346815192,51.1542579730069],[0.874997326329306,51.1542667409081],[0.874640305648989,51.1542755077293],[0.874283284774264,51.1542842734706],[0.874269333077878,51.154059751622],[0.874255381575954,51.1538352297533],[0.874241430268491,51.1536107078646],[0.874227479155483,51.1533861859557],[0.874213528236929,51.1531616640268],[0.874199577512824,51.1529371420777],[0.8745565868858,51.1529283774229],[0.874913596064388,51.1529196116882],[0.875270605048565,51.1529108448737],[0.875627613838305,51.1529020769792],[0.875984622433584,51.152893308005],[0.876341630834376,51.1528845379508],[0.876698639040655,51.1528757668168],[0.8770556470524,51.152866994603],[0.877412654869583,51.1528582213094],[0.877769662492178,51.1528494469358],[0.877755692793928,51.1526249267778],[0.878112698305073,51.1526161515056],[0.878469703621585,51.1526073751536],[0.878483677153513,51.1528318949493],[0.878840684192201,51.1528231173362],[0.879197691036204,51.1528143386434],[0.879554697685496,51.1528055588707],[0.879911704140053,51.1527967780182],[0.87989772294081,51.1525722589473],[0.879540718403077,51.1525810396186],[0.87952673931546,51.1523565203464],[0.879512760422641,51.1521320010541],[0.879498781724619,51.1519074817416],[0.879855780512024,51.1518987016139],[0.879841800092066,51.1516741824626],[0.879827819866919,51.1514496632911],[0.879470824912947,51.1514584430564],[0.879456846799291,51.1512339236837],[0.879442868880417,51.1510094042908],[0.879428891156323,51.1507848848778],[0.879414913703434,51.150560365159],[0.879400938559701,51.1503358375002],[0.879043952718951,51.1503446159168],[0.879029979481726,51.1501200883977],[0.879016006424336,51.1498955608834],[0.879372988811809,51.1498867821967],[0.879729971019513,51.1498780024055],[0.879715994688746,51.1496534746259],[0.880072974990055,51.1496446935951],[0.88008695304742,51.1498692215098],[0.880443934895513,51.1498604395094],[0.880457914859392,51.1500849675638],[0.880471895003194,51.1503094956229],[0.880485875326922,51.1505340236868],[0.880499858184122,51.1507585439733],[0.880856846803862,51.1507497615123],[0.881213835228797,51.1507409779716],[0.881570823458903,51.1507321933511],[0.881556835331784,51.1505076722731],[0.881542849828089,51.1502831438042],[0.881899830124262,51.1502743540015],[0.881913817144601,51.1504988822125],[0.881927806582342,51.1507234033181],[0.88228478792915,51.1507146107895],[0.882270796976514,51.1504900894465],[0.882627776624188,51.1504812955958],[0.882641769108493,51.150705817182],[0.882998750120351,51.1506970224955],[0.883012745430434,51.1509215398344],[0.883026740908092,51.1511460571524],[0.883040736553328,51.1513705744495],[0.883054732366146,51.1515950917258],[0.882697745084174,51.1516038871757],[0.882711739496994,51.1518284046219],[0.882354750479943,51.1518371991836],[0.882368743492726,51.1520617167997],[0.882382736673058,51.152286234395],[0.88239673002094,51.1525107519695],[0.88203973613353,51.1525195460246],[0.882053728081298,51.152744063769],[0.882067720196601,51.1529685814925],[0.882081712479443,51.1531930991951],[0.881724713721491,51.1532018927437],[0.881738704604142,51.1534264106163],[0.881752695654317,51.153650928468],[0.882109697547753,51.1536421345377],[0.882123690333228,51.1538666521777],[0.881766686872017,51.1538754462988],[0.881780678257248,51.1540999641088],[0.882137683286253,51.1540911697969],[0.88215167640683,51.1543156873951],[0.882508682836161,51.1543068918132],[0.882522677692127,51.1545314091998],[0.882165669694963,51.1545402049725],[0.881808661530307,51.154548999666],[0.881822653418142,51.1547735174134],[0.881836645473517,51.1549980351398],[0.882193656773906,51.1549892400646],[0.882207650564722,51.1552137575793],[0.882564663265508,51.155204961234],[0.882578658791806,51.1554294785371],[0.882935672892983,51.1554206809218],[0.882949670154804,51.1556451980131],[0.883306685656368,51.1556363991278],[0.883320684653753,51.1558609160073],[0.883334683818776,51.1560854328659],[0.883691702288691,51.1560766325197],[0.883705703189342,51.1563011491666],[0.884062723059654,51.1562923475503],[0.88441974276235,51.1562835448549],[0.884405738725729,51.1560590285898],[0.884762756692812,51.1560502250062],[0.884776762297414,51.1562747410803],[0.885133781664824,51.1562659362265],[0.885119774492243,51.1560414203433],[0.885476792124004,51.1560326146013],[0.885833809588076,51.1560238077802],[0.885819799447331,51.1557992922579],[0.886176815175743,51.1557904845486],[0.88616280363485,51.1555659691964],[0.88651981762761,51.1555571605988],[0.886876831452625,51.1555483509222],[0.887233845109875,51.1555395401664],[0.887247861354537,51.1557640549457],[0.887604876411922,51.1557552429198],[0.8879618913015,51.1557464298148],[0.888318906023253,51.1557376156307],[0.888304885074847,51.1555131014243],[0.888661898060844,51.1555042863521],[0.889018910878978,51.1554954702007],[0.889032934963199,51.1557199840251],[0.888675920577159,51.1557288003674],[0.88868994326142,51.1559533143619],[0.88870396611363,51.1561778283355],[0.889060983635545,51.1561690116111],[0.889075008223675,51.1563935253728],[0.889432027145664,51.1563847073782],[0.889789045899739,51.1563758883045],[0.889803073791814,51.1566004016632],[0.890160093945936,51.1565915813194],[0.890517113932102,51.1565827598964],[0.890874133750292,51.1565739373943],[0.891231153400487,51.156565113813],[0.891588172882665,51.1565562891526],[0.891945192196808,51.1565474634131],[0.891931154896892,51.1563229512008],[0.892288172475016,51.1563141245733],[0.892645189885068,51.1563052968667],[0.893002207127028,51.1562964680809],[0.89298816529143,51.156071956421],[0.893345180797343,51.1560631267473],[0.893702196135126,51.1560542959944],[0.893688151331903,51.1558297846958],[0.894045164933628,51.155820953055],[0.894402178367189,51.1558121203351],[0.894759191632563,51.1558032865362],[0.894745142293921,51.1555787757901],[0.89510215382321,51.1555699411032],[0.895459165184276,51.1555611053373],[0.895816176377102,51.1555522684923],[0.895802122503186,51.1553277582987],[0.895788068797627,51.1551032480841],[0.896145076686508,51.1550944105424],[0.896131021581491,51.1548699004981],[0.896116966644845,51.1546453904328],[0.896102911876566,51.1544208803466],[0.895745908691052,51.1544297173147],[0.895731855658885,51.1542052070164],[0.895717802795059,51.1539806966971],[0.895360802576776,51.1539895322039],[0.895346751448999,51.1537650216725],[0.895332700489536,51.1535405111202],[0.895318649698385,51.1533160005469],[0.894961654014955,51.1533248344013],[0.894947604959764,51.1531003236159],[0.894933556072859,51.1528758128096],[0.894919507354236,51.1526513019823],[0.894562516205509,51.1526601341844],[0.894548469222759,51.152435623145],[0.894534422408264,51.1522111120848],[0.894520375762025,51.1519866010036],[0.894163389147851,51.1519954315533],[0.894149344237395,51.15177092026],[0.894135299495167,51.1515464089458],[0.894121254921164,51.1513218976107],[0.894107210515383,51.1510973862546],[0.894093166277821,51.1508728748776],[0.893736187332978,51.1508817033929],[0.893722144831064,51.1506571918038],[0.893708100175549,51.1504326724966],[0.893694054194944,51.1502081481777],[0.893337080270018,51.1502169756559],[0.893323036255474,51.1499924512042],[0.89296606392662,51.1500012774801],[0.892609091412843,51.1500101026713],[0.892623131865343,51.1502346273582],[0.892266157385641,51.1502434515822],[0.891909182721058,51.1502522747216],[0.891923219796433,51.1504767996285],[0.891566243165939,51.1504856218006],[0.891580277037154,51.1507101390922],[0.891223298483446,51.1507189598641],[0.891209266350607,51.1504944428881],[0.891195232837346,51.150269917746],[0.890838257618262,51.1502787376311],[0.890824226070926,51.1500542123563],[0.890467252448095,51.1500630310391],[0.890453222866638,51.1498385056316],[0.890439193470014,51.1496139802091],[0.890425164258221,51.1493894547713],[0.890411135231256,51.1491649293185],[0.890054168547618,51.1491737464464],[0.89004014148641,51.1489492208609],[0.889683176398982,51.1489580367866],[0.889669151303483,51.1487335110684],[0.889312187812271,51.1487423257919],[0.889298164682439,51.1485177999411],[0.889284141737354,51.1482932740752],[0.889641101666803,51.1482844595868],[0.889998061411562,51.1482756440137],[0.890012087918384,51.1485001696445],[0.89002611461,51.1487246952603],[0.890383077731795,51.1487158783674],[0.890740040668847,51.1487070603899],[0.890726010415461,51.1484825350093],[0.890711980346914,51.1482580096134],[0.8906979504632,51.1480334842025],[0.891054907872912,51.148024665493],[0.891040876393218,51.1478001401844],[0.891026845098374,51.1475756148608],[0.891012813988378,51.147351089522],[0.890998783063227,51.1471265641681],[0.890984752322916,51.1469020387991],[0.891341700644028,51.1468932195927],[0.89132766830786,51.1466686943261],[0.89131363615655,51.1464441690444],[0.891299604190094,51.1462196437475],[0.891656546984409,51.1462108238091],[0.891670580731511,51.1464353489884],[0.891684614663493,51.1466598741526],[0.891698648780353,51.1468843993016],[0.891712683082098,51.1471089244355],[0.892069632814327,51.1471001029423],[0.892083669081694,51.1473246279435],[0.892097705533973,51.1475491529296],[0.892111742171167,51.1477736779006],[0.892468697060825,51.14776485497],[0.892482735663739,51.1479893798082],[0.892496774451596,51.1482139046313],[0.892853732718002,51.1482050803809],[0.89286777347165,51.1484296050713],[0.892881814410271,51.1486541297465],[0.89289585553387,51.1488786544066],[0.892909896842447,51.1491031790516],[0.893266862047448,51.1490943532462],[0.893280905321938,51.1493188777584],[0.893294948781438,51.1495434022555],[0.893651917363379,51.1495345751301],[0.893665962788864,51.1497590994944],[0.894022932966813,51.1497502711667],[0.894379902959775,51.1497414417543],[0.894365853972358,51.1495169176252],[0.894351805170021,51.149292393481],[0.893994838738967,51.1493012226582],[0.893980791902627,51.1490766983812],[0.894337756552761,51.1490678693217],[0.894323708120573,51.1488433451472],[0.894309659873458,51.1486188209576],[0.894666620776823,51.1486099910486],[0.895023581495171,51.1486011600551],[0.895009529871426,51.1483766360856],[0.895366488623891,51.148367804125],[0.895352435404436,51.148143280258],[0.89533838237011,51.1479187563759],[0.895324329520909,51.1476942324787],[0.895310276856831,51.1474697085663],[0.895667228301103,51.1474608759917],[0.895681282745929,51.1476853997864],[0.895695337375902,51.147909923566],[0.896052292196617,51.1479010896715],[0.896066348792528,51.1481256133183],[0.896423305208931,51.1481167782215],[0.896409246832231,51.1478922546924],[0.896766201282723,51.1478834186286],[0.896752141310454,51.147658895202],[0.896738081523398,51.1474343717603],[0.897095032227249,51.1474255348473],[0.897451982745937,51.1474166968497],[0.897437919582667,51.1471921736282],[0.897794868135461,51.1471833346637],[0.89778080337676,51.1469588115448],[0.897766738803329,51.1467342884108],[0.898123683609578,51.1467254485971],[0.898480623519563,51.1467166053276],[0.89846655590974,51.1464920826447],[0.898823487601271,51.1464832354196],[0.898809418202335,51.1462587128799],[0.899166347700921,51.1462498647355],[0.899152276512923,51.1460253423389],[0.899509203818568,51.1460164932753],[0.899495130841557,51.1457919710219],[0.899852055954268,51.145783121039],[0.899837981188294,51.1455585989288],[0.900194904108077,51.1455497480267],[0.900180827553187,51.1453252260597],[0.900537748280049,51.1453163742384],[0.900523669936294,51.1450918524146],[0.900880588470238,51.1450829996741],[0.900866508337667,51.1448584779935],[0.9012234246787,51.1448496243339],[0.901209342757364,51.1446251027964],[0.901566256905491,51.1446162482176],[0.901552173195438,51.1443917268234],[0.901909085150665,51.1443828713255],[0.901894999651945,51.1441583500744],[0.902251909414278,51.1441494936574],[0.902265996903793,51.1443740147466],[0.902622908454796,51.1443651570867],[0.90260881897449,51.1441406361594],[0.902965728332553,51.1441317775805],[0.902979819803647,51.1443562983459],[0.90299391147697,51.1445808190926],[0.902636998137306,51.1445896779954],[0.902651088022025,51.1448141988853],[0.902665178108956,51.1450387197567],[0.902679268398102,51.1452632406094],[0.902693358889466,51.1454877614434],[0.902336437384137,51.1454966199126],[0.901979515676665,51.1455054773009],[0.901965429167134,51.1452809561431],[0.901608509248468,51.1452898122884],[0.901622593767078,51.1455143336081],[0.9012656716554,51.1455231888343],[0.901279754385208,51.1457477102971],[0.900922830080511,51.1457565646042],[0.900936911021469,51.1459810862102],[0.900579984523748,51.1459899395981],[0.900594063675804,51.1462144613473],[0.900237134985053,51.1462233138159],[0.900251212348161,51.1464478357084],[0.900608143029947,51.1464389830779],[0.900622222586176,51.1466635047899],[0.900979155056989,51.1466546509165],[0.901336087325745,51.1466457959621],[0.901350171066223,51.1468703173317],[0.901707105123971,51.1468614611343],[0.902064038979605,51.1468526038559],[0.902078126904419,51.1470771248831],[0.90209221503143,51.1473016458917],[0.902449152667133,51.1472927872084],[0.902435062549007,51.1470682663617],[0.902791997991427,51.1470594067593],[0.903148933231654,51.1470505460757],[0.903163027332,51.1472750665986],[0.90317712163462,51.1474995871029],[0.903534060654862,51.1474907250144],[0.903548157150915,51.1477152453381],[0.903191216139518,51.1477241075884],[0.902834274925892,51.1477329687577],[0.902848367641889,51.1479574893865],[0.902862460560147,51.1481820099967],[0.902876553680668,51.1484065305882],[0.902890647003456,51.1486310511611],[0.903247596181959,51.1486221893442],[0.903604545158218,51.1486133264462],[0.903961493932207,51.148604462467],[0.903975593431097,51.1488289825355],[0.903989693132336,51.1490535025853],[0.904003793035927,51.1492780226164],[0.904017893141873,51.1495025426289],[0.904374849678794,51.1494936769208],[0.904731806013381,51.1494848101316],[0.905088762145605,51.1494759422613],[0.905445718075442,51.1494670733098],[0.905459826349201,51.1496915926558],[0.905816784067978,51.1496827224612],[0.905802673802865,51.1494582032772],[0.905788563740233,51.1492336840745],[0.90543161000414,51.1492425539452],[0.905417502135293,51.1490180345619],[0.905403394468895,51.1487935151599],[0.905760344222401,51.1487846456132],[0.905746234767193,51.1485601263545],[0.905732125514454,51.1483356070772],[0.905718016464179,51.1481110877812],[0.906074960041573,51.1481022176393],[0.906431903416521,51.1480933464163],[0.906788846588999,51.1480844741123],[0.90714578955898,51.1480756007271],[0.907502732326439,51.1480667262609],[0.907516851332695,51.1482912447469],[0.907530970541539,51.1485157632143],[0.907887917088846,51.1485068873429],[0.907902038491517,51.1487314056296],[0.908258986827474,51.1487225285151],[0.90861593496082,51.1487136503195],[0.90860180957569,51.1484891323569],[0.908587684393225,51.1482646143757],[0.908573559413422,51.1480400963757],[0.908930501370531,51.1480312175852],[0.909287443124989,51.1480223377136],[0.909273314365546,51.1477978200191],[0.909630253926182,51.1477889392285],[0.909616123378324,51.1475644216773],[0.909601993033192,51.1473399041075],[0.909958928408922,51.14733102256],[0.909944796275446,51.1471065051335],[0.909930664344712,51.1468819876884],[0.909916532616718,51.1466574702246],[0.909902401091461,51.146432952742],[0.909545473679848,51.1464418336413],[0.909531344348289,51.1462173159781],[0.909174418724968,51.1462261956343],[0.90916029158706,51.1460016777903],[0.909146164651829,51.1457771599277],[0.908789242807731,51.1457860381788],[0.908775118066073,51.1455615201354],[0.908418198010263,51.1455703971436],[0.908404075462129,51.1453458789195],[0.908047157194614,51.1453547546846],[0.908033036839956,51.1451302362798],[0.907676120360744,51.145139110802],[0.90766200219951,51.1449145922165],[0.908018916687884,51.1449057178563],[0.908375830973707,51.1448968424152],[0.908389953116612,51.1451213606767],[0.908746869190688,51.1451124839926],[0.909103785062158,51.1451036062276],[0.909089658937597,51.1448790882902],[0.909075533015696,51.1446545703341],[0.909061407296449,51.1444300523594],[0.909418316992892,51.1444211739995],[0.909404189485549,51.1441966561681],[0.909390062180878,51.143972138318],[0.909746967693207,51.1439632592013],[0.90973283860051,51.1437387414946],[0.909718709710505,51.1435142237692],[0.910075611038806,51.1435053438957],[0.910432512164423,51.1434964629413],[0.910418379495821,51.1432719455213],[0.91077527842809,51.1432630636481],[0.91076114397161,51.1430385463715],[0.910404247029952,51.1430474280826],[0.910390114766814,51.1428229106253],[0.910033219613042,51.1428317910935],[0.910019089543196,51.1426072734554],[0.910375982706402,51.1425983931492],[0.91073287566691,51.1425895117622],[0.910747009717884,51.1428140290762],[0.911103904466228,51.1428051464462],[0.911118040710537,51.1430296635794],[0.911474937246708,51.1430207797065],[0.911489075684401,51.143245296659],[0.91184597400839,51.1432364115431],[0.911860114639516,51.1434609283148],[0.912217014751315,51.143452041956],[0.912231157575923,51.1436765585468],[0.912588059475525,51.143667670945],[0.912602204493664,51.1438921873551],[0.912959108181059,51.1438832985103],[0.913316011665556,51.1438744085846],[0.913330160867961,51.1440989246518],[0.913687066140212,51.1440900334831],[0.914043971209509,51.1440811412335],[0.914400876075824,51.144072247903],[0.914757780739131,51.1440633534916],[0.915114688191689,51.1440544572739],[0.915471600937641,51.1440455586438],[0.915828513508382,51.1440366589274],[0.916185425903889,51.1440277581247],[0.91654233812414,51.1440188562358],[0.916899250169116,51.1440099532606],[0.917256162038796,51.1440010491993],[0.917613073733158,51.1439921440516],[0.917598902871259,51.143767629518],[0.917955812750265,51.1437587233788],[0.917941640423716,51.1435342089265],[0.918298548487372,51.1435253017957],[0.918284374696216,51.1433007874248],[0.918641280944529,51.1432918793025],[0.918627105688808,51.1430673650129],[0.918612930608489,51.1428428507099],[0.918969833401541,51.1428339416908],[0.918955656856718,51.1426094274692],[0.918941480487312,51.1423849132342],[0.918927308871781,51.142160399344],[0.918913146277526,51.1419358861334],[0.918898983864942,51.141711372911],[0.918884821634024,51.1414868596768],[0.918870659584771,51.1412623464309],[0.919227550912018,51.1412534369428],[0.919584442057663,51.141244526367],[0.919570276753217,51.1410200132588],[0.919927165998814,51.14101110167],[0.919912999157669,51.1407865886248],[0.919898832498246,51.1405620755678],[0.920255718125424,51.1405531630409],[0.920241549929365,51.140328650047],[0.920598433656533,51.1403197365072],[0.920584263923884,51.1400952235762],[0.920227381915044,51.1401041370412],[0.920213214082457,51.1398796240238],[0.920199046431601,51.1396551109945],[0.919842167677703,51.1396640232224],[0.91982800192684,51.1394395101066],[0.919471124709583,51.1394484211721],[0.919456960858668,51.1392239079698],[0.919442797189432,51.1389993947557],[0.919428633701869,51.1387748815299],[0.919414470395977,51.1385503682924],[0.919057599869984,51.1385592779712],[0.919043438463922,51.1383347646472],[0.919400307271754,51.1383258550431],[0.919757175898,51.1383169443514],[0.919743011237306,51.1380924311651],[0.919728846758297,51.137867917967],[0.919714682460969,51.1376434047571],[0.920071545751274,51.1376344932021],[0.920428408859958,51.1376255805595],[0.920785271787,51.1376166668294],[0.92077110251716,51.1373921538321],[0.920414241308179,51.1374010674874],[0.920400073938117,51.1371765544036],[0.920043214265538,51.1371854668966],[0.920029048795212,51.1369609537263],[0.920014883506578,51.1367364405441],[0.919658027088406,51.1367453518001],[0.91930117048865,51.1367542619686],[0.919287008817664,51.1365297486252],[0.919643863699439,51.1365208385315],[0.919629700492132,51.1362963252511],[0.919986553474368,51.1362874141446],[0.920343406275002,51.1362785019506],[0.920329239813489,51.136053988808],[0.920686090714569,51.1360450756012],[0.920671922716852,51.1358205625216],[0.921028771718385,51.1358116483021],[0.921014602184506,51.1355871352854],[0.921371449286499,51.1355782200533],[0.921357278216502,51.1353537070997],[0.921000432832366,51.1353626222571],[0.920986263661961,51.1351381092169],[0.920629419814005,51.1351470232121],[0.920615252543147,51.1349225100854],[0.920258410231379,51.1349314229183],[0.920272575784418,51.1351559361198],[0.919915731573222,51.13516484794],[0.919901567738005,51.1349403346638],[0.919544725063047,51.1349492453218],[0.919187882206527,51.1349581548923],[0.918831039168466,51.1349670633754],[0.918845197850201,51.1351915768758],[0.918488352912789,51.1352004843461],[0.918474195948887,51.134975970771],[0.918117352547812,51.1349848770791],[0.917760508965264,51.1349937822998],[0.917403665201263,51.135002686433],[0.917046821255833,51.1350115894787],[0.916689977128994,51.1350204914369],[0.916333132820768,51.1350293923077],[0.915976288331179,51.135038292091],[0.915962143573619,51.1348137779813],[0.915605300620523,51.1348226766025],[0.915248457486111,51.1348315741362],[0.915262598807995,51.1350560883952],[0.914905757083792,51.1350649840098],[0.914919896289951,51.1352894984933],[0.91456306342854,51.1352983901644],[0.914206230378794,51.1353072807512],[0.914220366159352,51.1355317954489],[0.91457720101612,51.1355229047476],[0.914591338792118,51.1357474193158],[0.914234502128308,51.1357563101316],[0.914248638285662,51.1359808247995],[0.91389179962646,51.1359897146455],[0.913905934165124,51.136214229413],[0.913549093510528,51.1362231182892],[0.913563226430456,51.1364476331563],[0.913206383780458,51.1364565210627],[0.9128495409422,51.1364654078847],[0.912863670436198,51.1366899229659],[0.912506825602551,51.1366988088181],[0.912520953477696,51.1369233239989],[0.912535081541142,51.1371478391648],[0.912549209792889,51.1373723543157],[0.912563338232945,51.1375968694518],[0.912920190295426,51.1375879831416],[0.913277042169654,51.137579095747],[0.913633893855605,51.137570207268],[0.913990745353258,51.1375613177046],[0.914347596662589,51.1375524270567],[0.914361734327253,51.1377769416052],[0.914004881210669,51.1377858323676],[0.91364802790576,51.1377947220456],[0.913662162144297,51.1380192368082],[0.913305306843803,51.1380281255163],[0.913291174412549,51.1378036106391],[0.912934320731059,51.1378124981483],[0.912577466861312,51.1378213845729],[0.912591595677993,51.1380458996792],[0.912948451355027,51.13803701314],[0.912962582167336,51.1382615281168],[0.912976713167989,51.1384860430786],[0.912619853876308,51.1384949298469],[0.912633983257948,51.1387194449084],[0.912277121970665,51.1387283307067],[0.912291249733249,51.1389528458677],[0.911934386450357,51.1389617306961],[0.91192026049516,51.1387372154205],[0.911563398831456,51.1387460990499],[0.911577522979264,51.1389706144399],[0.911591647315331,51.1391951298151],[0.911234781848643,51.139204012589],[0.911248904565536,51.1394285280637],[0.910892037103248,51.1394374098676],[0.910535169452821,51.139446290587],[0.910178301614278,51.1394551702218],[0.910192419097012,51.1396796860251],[0.909835549262903,51.1396885646899],[0.909849665126317,51.1399130805927],[0.909492793296637,51.1399219582875],[0.909135921278903,51.1399308348977],[0.908779049073143,51.1399397104234],[0.908422176679377,51.1399485848646],[0.908065304097628,51.1399574582213],[0.908079411111552,51.1401819746813],[0.907722536534307,51.1401908470679],[0.907708431327922,51.1399663304935],[0.907351558370281,51.1399752016811],[0.906994685224728,51.1399840717842],[0.906980583821409,51.1397595549661],[0.906966482606063,51.1395350381331],[0.907323352136593,51.1395261682588],[0.90730924930174,51.1393016515253],[0.907666116836891,51.1392927806808],[0.907652012382575,51.1390682640468],[0.908008877922352,51.1390593922322],[0.90799477184862,51.1388348756977],[0.907980665962919,51.1386103591483],[0.907966560265242,51.138385842584],[0.907952454755588,51.1381613260048],[0.907938349433954,51.1379368094106],[0.908295205748904,51.1379279370836],[0.908281098807979,51.137703420589],[0.90863795312767,51.1376945472919],[0.908623844567498,51.1374700308968],[0.908980696891939,51.1374611566297],[0.908966586712567,51.1372366403341],[0.909323437041764,51.1372277650971],[0.909309325243237,51.137003248901],[0.909666173577194,51.1369943726939],[0.909680287182946,51.1372188887756],[0.910037137136092,51.1372100113696],[0.910023021723117,51.1369854954024],[0.910008906498284,51.1367609794203],[0.909994791461587,51.1365364634233],[0.909980676613025,51.1363119474114],[0.909623833888634,51.1363208243595],[0.909637946930042,51.1365453404859],[0.909281102210468,51.1365542164641],[0.909266990976218,51.1363297002233],[0.909252879930052,51.1361051839676],[0.909609721035334,51.1360963082182],[0.909595608370139,51.1358717920621],[0.909581495893047,51.135647275891],[0.909567383604052,51.135422759705],[0.909553271503153,51.1351982435041],[0.909539159590347,51.1349737272883],[0.909182327520395,51.1349826024655],[0.909168217602676,51.1347580861204],[0.908811387151743,51.1347669600989],[0.908797279229064,51.1345424436244],[0.908440450397157,51.1345513164042],[0.908426344469473,51.1343267998004],[0.90878317149442,51.1343179271351],[0.909139998331421,51.1343090533854],[0.90912588897788,51.1340845369956],[0.909111780477371,51.1338600209271],[0.908754957096427,51.1338688943868],[0.908740853154637,51.1336443796102],[0.9087267493889,51.1334198648221],[0.908712645799209,51.1331953500224],[0.908698542385566,51.1329708352111],[0.909055359143078,51.1329619620391],[0.909041254249671,51.1327374472882],[0.909398069175419,51.1327285731004],[0.909383962802295,51.13250405841],[0.909369856605248,51.132279543708],[0.909726668043483,51.1322706685764],[0.909712560366779,51.1320461539348],[0.909355750584278,51.1320550289944],[0.908998940625806,51.1320639029665],[0.909013044991039,51.1322884177519],[0.909027149532326,51.1325129325258],[0.908670336086402,51.1325218055541],[0.908313522464543,51.1325306774948],[0.908299421234782,51.1323061625771],[0.908285320181032,51.1320816476478],[0.907928509694773,51.1320905183571],[0.907942609092775,51.1323150333583],[0.90758579677488,51.1323239030518],[0.907599894693103,51.1325484181133],[0.907243080543565,51.1325572867912],[0.907228984281115,51.1323327716578],[0.906872171611502,51.1323416391762],[0.906515358766062,51.132350505607],[0.906158545744819,51.1323593709502],[0.90614445462559,51.1321348555898],[0.905787643084323,51.1321437197736],[0.905773553796719,51.1319192043298],[0.905416743735438,51.1319280673541],[0.905402656279412,51.131703551827],[0.905759464684969,51.1316946888745],[0.905745375749073,51.1314701734076],[0.906102182323176,51.1314613094394],[0.906458988721507,51.1314524443835],[0.906444896650108,51.1312279290488],[0.906801701216972,51.1312190629773],[0.906787607665812,51.1309945477029],[0.907144410401217,51.1309856806156],[0.907501212960792,51.1309768124409],[0.907858015344514,51.1309679431785],[0.907843917002393,51.1307434281082],[0.907487116274291,51.1307522972987],[0.907473019763739,51.130527782145],[0.90711622051539,51.130536650176],[0.906759421091217,51.1305455171196],[0.906745328067773,51.1303210018106],[0.906388530123384,51.1303298675948],[0.906374438931406,51.1301053522024],[0.906360347915304,51.1298808367986],[0.906003553106249,51.1298897013515],[0.905989463921544,51.1296651858643],[0.905632670592266,51.129674049258],[0.905618583238915,51.1294495336874],[0.905975374912687,51.1294406703656],[0.905961286079676,51.1292161548553],[0.905947197422506,51.1289916393335],[0.905590409059683,51.1290005025117],[0.905576322233794,51.1287759869065],[0.905219535350697,51.1287848489254],[0.90523362052114,51.1290093646024],[0.904876831806899,51.1290182256056],[0.904862748291904,51.1287937098568],[0.904505961057438,51.1288025697008],[0.904149173647319,51.1288114284572],[0.904163253851407,51.1290359443496],[0.903806464610199,51.1290448020904],[0.903449675193376,51.1290536587437],[0.903435598300204,51.1288291427078],[0.903792386061566,51.1288202861263],[0.903778307688642,51.1285957701506],[0.904135093618958,51.1285869125534],[0.904491879373645,51.1285780538687],[0.904848664952682,51.1285691940965],[0.904834581789229,51.1283446783247],[0.9044777978656,51.128353538025],[0.904463716533298,51.1281290221699],[0.904106934089412,51.128137880711],[0.903750151469903,51.1281467381647],[0.903764229491422,51.1283712541634],[0.903407445040915,51.1283801106014],[0.903393368674792,51.1281555945309],[0.9030365857041,51.1281644498097],[0.903022511169032,51.127939933656],[0.90266572967816,51.1279487877756],[0.902651656974104,51.1277242715385],[0.902637584445674,51.12749975529],[0.90299436262585,51.1274909013139],[0.903351140630476,51.1274820462504],[0.903365216469575,51.1277065623554],[0.903721995953959,51.1276977061327],[0.903736073624083,51.1279222221545],[0.904092854588221,51.1279133647726],[0.904449635376739,51.1279045063032],[0.904435554395918,51.127679990425],[0.90479233335345,51.1276711309401],[0.905149112135323,51.1276622703677],[0.905135028019594,51.1274377546215],[0.905120944079643,51.1272132388639],[0.905477719375223,51.1272043773477],[0.905834494495107,51.1271955147441],[0.906191269439275,51.1271866510531],[0.906177180709283,51.1269621354994],[0.906163092155125,51.1267376199341],[0.906519863613045,51.1267287552994],[0.906505773579496,51.1265042397944],[0.906491683721795,51.126279724278],[0.906477594039942,51.12605520875],[0.906463504533931,51.1258306932105],[0.906820269195351,51.1258218277757],[0.906806178210048,51.1255973122965],[0.90679208515541,51.1253727973684],[0.907148846346196,51.1253639309923],[0.907134751636312,51.1251394161749],[0.9071206570924,51.1249149013478],[0.907106562714459,51.1246903865112],[0.907463319149034,51.1246815191873],[0.907477415057064,51.1249060339768],[0.907491511131082,51.1251305487566],[0.907848270459949,51.1251216802492],[0.907834172855825,51.1248971655165],[0.907820075417711,51.1246726507742],[0.90817683152047,51.1246637812718],[0.908162732718302,51.1244392665672],[0.907805978145605,51.1244481360224],[0.907449223406992,51.1244570043883],[0.907435127830936,51.1242324895797],[0.907421032420862,51.1240079747616],[0.907777784099406,51.12399910649],[0.907763687325307,51.1237745917095],[0.907749590717205,51.1235500769193],[0.908106339169856,51.1235412076529],[0.908092241197787,51.1233166929004],[0.90807814339173,51.1230921781383],[0.908434888618562,51.1230833078771],[0.908420789448596,51.1228587931526],[0.908406690444655,51.1226342784186],[0.908049948277639,51.1226431485854],[0.907693205944709,51.1226520176631],[0.907336463445885,51.1226608856516],[0.907322369197609,51.1224363707664],[0.906965628062796,51.1224452376185],[0.906608886762132,51.1224541033815],[0.906252145295636,51.1224629680553],[0.906238055802922,51.122238453019],[0.905881315700485,51.1222473165565],[0.905895403663325,51.1224718316399],[0.905909491792044,51.1226963467137],[0.905552748464042,51.1227052092563],[0.905566835228728,51.1229297243677],[0.905580922159276,51.1231542394695],[0.905224175605639,51.1231631010172],[0.905238261172094,51.1233876161565],[0.905252346904401,51.1236121312863],[0.90526643280256,51.1238366464065],[0.90490968149321,51.1238455070064],[0.904923766027201,51.1240700221641],[0.904937850727029,51.1242945373123],[0.904581096191855,51.1243033969172],[0.904595179527457,51.1245279121029],[0.904238423296475,51.1245367706656],[0.904252505267813,51.1247612858889],[0.903895747341015,51.1247701434094],[0.90388166689977,51.1245456281391],[0.903524910337362,51.1245544845232],[0.903168153609269,51.1245633398182],[0.903154076393958,51.1243388244441],[0.902797321030281,51.1243476786027],[0.90244056550096,51.124356531672],[0.902426491511512,51.1241320161942],[0.902069737346632,51.1241408681273],[0.902083809806016,51.1243653836521],[0.902097882431079,51.1245898991674],[0.902111955221825,51.1248144146732],[0.901755196301079,51.1248232656581],[0.901398437214744,51.1248321155538],[0.901384367484219,51.124607599954],[0.901027609762426,51.1246164487134],[0.900670851875085,51.1246252963835],[0.900656785370391,51.1244007806801],[0.900300028847618,51.1244096272139],[0.899943272159337,51.1244184726585],[0.899586515305568,51.1244273170138],[0.899600577219958,51.1246518328583],[0.899243818670611,51.1246606761713],[0.899257879220413,51.1248851920532],[0.899271939935738,51.1251097079255],[0.898915178160658,51.1251185502432],[0.89855841622014,51.1251273914717],[0.898201646302512,51.1251362322292],[0.898187589409438,51.1249117162916],[0.898544358565119,51.1249028755055],[0.89853030107558,51.1246783595297],[0.89851624375152,51.1244538435443],[0.898159476191157,51.1244626843909],[0.898145419865942,51.1242381684278],[0.897788642458841,51.1242470091222],[0.897431864862549,51.1242558487261],[0.897417812389944,51.1240313326888],[0.897061036436155,51.1240401711695],[0.897075087077088,51.1242646872397],[0.896718309102485,51.124273524663],[0.896732358100932,51.1244980407576],[0.896746407288569,51.1247225568438],[0.8967604566654,51.1249470729216],[0.896774506231428,51.1251715889909],[0.896788555986655,51.1253961050517],[0.897145343119974,51.125387267464],[0.897159394007676,51.1256117836964],[0.897516182950965,51.1256029449411],[0.8978729717196,51.1255941050942],[0.89822976031356,51.1255852641558],[0.898243812309436,51.1258097812872],[0.898600584640999,51.1258009405445],[0.898614637557484,51.1260254576738],[0.898971406080344,51.126016616161],[0.898957351508659,51.1257920991033],[0.899314118201024,51.1257832565748],[0.899328174427904,51.1260077735608],[0.899342230830197,51.1262322905353],[0.89898546082742,51.1262411332072],[0.898628690649341,51.1262499747916],[0.898642743916568,51.1264744918979],[0.898285969345818,51.1264833326375],[0.898271916825562,51.1262588155281],[0.89791512328717,51.1262676565224],[0.897558329574093,51.1262764964251],[0.897201535686354,51.1262853352362],[0.896844741623973,51.1262941729558],[0.896487947386972,51.1263030095838],[0.896131152975371,51.1263118451202],[0.896117110518948,51.1260873278918],[0.895760317580952,51.1260961623181],[0.895403524468401,51.1261049956528],[0.89538948548297,51.12588047838],[0.895032693844052,51.1258893106046],[0.895046731181315,51.1261138278959],[0.894689937719717,51.1261226590475],[0.894333144083627,51.1261314891075],[0.893976350273066,51.1261403180759],[0.893619556288054,51.1261491459527],[0.893262762128614,51.126157972738],[0.892905967794766,51.1261667984317],[0.89289194034657,51.1259422810293],[0.892535147486522,51.1259511056129],[0.892178354452113,51.125959929105],[0.891821561243361,51.1259687515055],[0.891464767860287,51.1259775728144],[0.891107974302914,51.1259863930318],[0.890751180571261,51.1259952121576],[0.89039438666535,51.1260040301918],[0.890037592585201,51.1260128471345],[0.889680798330836,51.1260216629856],[0.889666785890716,51.1257971454097],[0.88930999311035,51.1258059601508],[0.888953200155811,51.1258147738004],[0.888596407027122,51.1258235863584],[0.888239613724303,51.1258323978248],[0.887882820247376,51.1258412081997],[0.887896824446502,51.1260657258675],[0.888253619571634,51.1260569154743],[0.888267625593156,51.1262814331164],[0.888281631788874,51.1265059507512],[0.888295638158789,51.1267304683787],[0.887938838088916,51.1267392788271],[0.887952842984742,51.1269637964656],[0.887596041092476,51.1269726058407],[0.88761004451417,51.1271971234903],[0.887624048110028,51.1274216411326],[0.887638051880053,51.1276461587676],[0.887994858717327,51.1276373493373],[0.888008864309901,51.1278618669466],[0.888365672621438,51.1278530564063],[0.888379680036603,51.1280775739899],[0.8887364898224,51.1280687623396],[0.888750499060199,51.1282932798975],[0.88910731032025,51.1282844671372],[0.889121321380725,51.1285089846694],[0.889478134115025,51.128500170799],[0.889492146998219,51.1287246883054],[0.889506160055704,51.1289492058045],[0.889862975912717,51.1289403908057],[0.890219791595497,51.1289315747151],[0.890233808124258,51.1291560921701],[0.89059062528127,51.1291472749694],[0.890604643632878,51.1293717923986],[0.890961462264117,51.1293629740878],[0.890975482438616,51.1295874914913],[0.891332302544076,51.1295786720704],[0.891346324541506,51.1298031894481],[0.891360346713351,51.1300277068184],[0.891003523310782,51.1300365262763],[0.891017544008456,51.1302610436578],[0.890660718782986,51.1302698620423],[0.890646699733902,51.1300453446424],[0.890289875982732,51.1300541619168],[0.890275858756593,51.1298296444911],[0.889919036479729,51.1298384606553],[0.88956221402862,51.1298472757278],[0.889576227957606,51.1300717931903],[0.889219403683693,51.1300806071895],[0.888862579235575,51.130089420097],[0.88850575461327,51.1300982319128],[0.888519763770751,51.1303227494232],[0.888162937325673,51.1303315601655],[0.88817694500877,51.130556077687],[0.888190952866097,51.1307805952011],[0.887834122949582,51.1307894048885],[0.887848129332463,51.1310139224137],[0.887862135889558,51.1312384399316],[0.887505302501531,51.1312472485639],[0.887519307584119,51.1314717660928],[0.88716247237325,51.1314805736518],[0.886805636988283,51.1314893801189],[0.886791635203149,51.1312648625533],[0.886434801292837,51.1312736679103],[0.886420801330567,51.1310491503191],[0.886406801542424,51.1308246327205],[0.886392801928407,51.1306001151146],[0.886378802488513,51.1303755975014],[0.886364803222738,51.1301510798809],[0.886721628889711,51.1301422746155],[0.886707628149449,51.129917757006],[0.886693627583322,51.1296932393892],[0.887050449779056,51.1296844330688],[0.887036447738503,51.129459915463],[0.887022445872102,51.1292353978499],[0.887379264596672,51.1292265904744],[0.887365261255905,51.1290020728723],[0.887008444179847,51.1290108802294],[0.886994442661737,51.1287863626017],[0.886637627060109,51.1287951688487],[0.886623627364614,51.1285706511953],[0.88698044131777,51.1285618449666],[0.887337255096867,51.1285530376462],[0.88732325227859,51.1283285200222],[0.886966440147942,51.1283373273242],[0.886952439152248,51.1281128096745],[0.886938438330689,51.1278882920175],[0.886581629322822,51.1278970981911],[0.886595628495973,51.1281216158665],[0.886609627843236,51.1283461335346],[0.886252815364495,51.1283549386532],[0.886238817665665,51.1281304209669],[0.885882006661345,51.1281392249756],[0.885525195483035,51.1281480278926],[0.885168384130753,51.128156829718],[0.884811572604525,51.1281656304518],[0.884825563709594,51.1283901482114],[0.88446875036099,51.1283989478718],[0.884111936838476,51.1284077464405],[0.884125924820612,51.1286322642294],[0.883769109475735,51.1286410617247],[0.883755123142072,51.1284165439175],[0.883398309271802,51.1284253403029],[0.883412293956986,51.1286498581283],[0.883055478264388,51.1286586534403],[0.882698662397961,51.1286674476606],[0.882341846357727,51.1286762407892],[0.881985030143706,51.1286850328261],[0.881628214132264,51.1286938239844],[0.881642190576223,51.1289183418025],[0.881285376384705,51.1289271340837],[0.880928562006569,51.1289359252759],[0.880571747441837,51.1289447153793],[0.880214932690533,51.1289535043938],[0.880228902070341,51.1291780224182],[0.880242871636776,51.1294025404324],[0.879886053073451,51.1294113284662],[0.879900021013746,51.1296358465245],[0.879543200451113,51.1296446335235],[0.879557166765222,51.1298691516256],[0.879913989140652,51.1298603645725],[0.879927957454171,51.1300848826105],[0.879571133265923,51.1300936697176],[0.879585099953217,51.1303181877995],[0.879599066827109,51.1305427058713],[0.879613033887602,51.1307672239329],[0.879627001134698,51.1309917419844],[0.879640968568402,51.1312162600258],[0.879654936188715,51.131440778057],[0.879298100936529,51.1314495643997],[0.879312066930473,51.1316740824748],[0.87932603311101,51.1318986005399],[0.879339999478143,51.1321231185948],[0.879353966031876,51.1323476366395],[0.879710808536135,51.1323388500806],[0.879724777089547,51.1325633680611],[0.880081621220327,51.132554580359],[0.880438465164532,51.132545791568],[0.880452437530759,51.1327703094302],[0.880809283101452,51.132761519496],[0.88082325746747,51.132986037294],[0.880837232020192,51.1332105550819],[0.881194081030499,51.1332017639505],[0.881180104664645,51.1329772462167],[0.881536951675166,51.1329684540503],[0.881893799197086,51.1329596627969],[0.882250646910281,51.1329508715055],[0.882607494449655,51.1329420791222],[0.882964341815187,51.132933285647],[0.883321189006856,51.13292449108],[0.88367803602464,51.1329156954212],[0.883692024188887,51.1331402131003],[0.884048872681672,51.1331314163314],[0.88403488286852,51.1329068986705],[0.884391729538474,51.132898100828],[0.88474857603448,51.1328893018936],[0.884734583097572,51.1326647842621],[0.885091427770737,51.1326559842541],[0.885105422356518,51.1328805018675],[0.885119417116367,51.1331050194734],[0.885476264913309,51.1330962183371],[0.885833112536239,51.1330874161089],[0.885847110767983,51.133311933671],[0.885861109173842,51.1335364512257],[0.885504258253067,51.1335452534905],[0.88551825518409,51.1337697710563],[0.885161402440339,51.1337785722475],[0.885147407158274,51.1335540546635],[0.884790555889484,51.1335628547445],[0.884433704446716,51.1335716537337],[0.884447696430858,51.1337961713543],[0.884461689035178,51.134020690126],[0.884104834183452,51.1340294881352],[0.884118825767673,51.1342540079519],[0.884132817521799,51.1344785277629],[0.884146809445833,51.1347030475681],[0.884160801539776,51.1349275673676],[0.883803940131436,51.1349363642754],[0.883817930798543,51.1351608840673],[0.884174793803633,51.1351520871614],[0.884531656638878,51.1351432891621],[0.884545650669417,51.1353678089521],[0.884188786237405,51.1353766069495],[0.883831921635545,51.1353854038533],[0.883475056863859,51.1353941996636],[0.883118191922368,51.1354029943804],[0.88276132681109,51.1354117880036],[0.882404461530047,51.1354205805333],[0.882390477080151,51.1351960607552],[0.882033613226147,51.1352048521934],[0.881676749202419,51.135213642538],[0.881319884057265,51.135222434908],[0.880963018677183,51.1352312263406],[0.880949041210143,51.1350067066705],[0.880592177472203,51.135015497001],[0.880235313546306,51.1350242862388],[0.880221339927532,51.1347997665433],[0.880207366496759,51.1345752468411],[0.880193393253986,51.1343507271323],[0.880179420199208,51.1341262074168],[0.879822563405685,51.1341349955244],[0.879808592368919,51.1339104757929],[0.87945173721752,51.1339192627985],[0.879094881878249,51.1339280487115],[0.878738026351129,51.133936833532],[0.878381170636184,51.1339456172598],[0.878024314733438,51.1339543998951],[0.877667458642915,51.1339631814378],[0.877653499560063,51.1337386627768],[0.878010353875611,51.1337298813386],[0.877996393455004,51.1335053631384],[0.878353245770898,51.1334965806652],[0.878339283723639,51.1332720625089],[0.878325321862926,51.1330475443425],[0.877968473173368,51.1330563267076],[0.877954513312333,51.132831808477],[0.87759766624947,51.132840589699],[0.877583708388066,51.1326160714043],[0.877226862951904,51.1326248514833],[0.877212907090087,51.1324003331243],[0.876856063280633,51.1324091120603],[0.876499219284817,51.1324178899072],[0.876513171520435,51.1326424083741],[0.876156325525175,51.1326511851861],[0.875799479343595,51.132659960909],[0.87581342813938,51.1328844794738],[0.875456579958371,51.1328932541616],[0.875099731591085,51.1329020277604],[0.875113676946935,51.1331265464231],[0.874756826580234,51.1331353189868],[0.874770770309235,51.1333598376933],[0.874413917943113,51.133368609222],[0.874427860045219,51.1335931279722],[0.874071005679671,51.1336018984658],[0.87405706539078,51.1333773796616],[0.873700212652257,51.1333861490121],[0.87371415112793,51.1336106678703],[0.873728089789855,51.1338351867184],[0.874084946154837,51.1338264172599],[0.874098887415092,51.1340509367727],[0.874112829171103,51.1342754566536],[0.874469688968176,51.1342666860275],[0.874455745382095,51.1340421661559],[0.874812603161557,51.1340333944464],[0.875169460753452,51.1340246216444],[0.875526318157759,51.1340158477498],[0.875540267234035,51.1342403675935],[0.875183407999666,51.1342491414974],[0.875197355433549,51.1344736613438],[0.875211303055105,51.1346981811836],[0.875568165949666,51.1346894072611],[0.875582115589027,51.134913927085],[0.875225250864336,51.1349227010168],[0.875239198861244,51.1351472208433],[0.875253147045834,51.1353717406633],[0.875610015430857,51.1353629667128],[0.875623965633334,51.1355874865169],[0.87563791602352,51.1358120063142],[0.87565186660142,51.136036526105],[0.875294992725725,51.1360453000833],[0.875308941661074,51.1362698198767],[0.87532289078412,51.1364943396635],[0.875336840094867,51.1367188594437],[0.875350789593317,51.1369433792172],[0.875707670790229,51.1369346052017],[0.875721622306748,51.1371591249593],[0.875735574011001,51.1373836447104],[0.876092458680999,51.1373748695835],[0.876106412403395,51.1375993893186],[0.876120366313553,51.1378239090471],[0.876134320411476,51.1380484287689],[0.876491210385065,51.1380396525214],[0.876505166501229,51.1382641722273],[0.876519122805189,51.1384886919265],[0.876533079296948,51.1387132116192],[0.876889974574293,51.138704434251],[0.876903933084391,51.1389289539276],[0.876547035976509,51.1389377313052],[0.876190138680896,51.1389465075899],[0.876176183831875,51.1387219878946],[0.876162229170634,51.1384974681927],[0.875805335348379,51.138506243366],[0.875791382705411,51.1382817236481],[0.87543449052598,51.1382904977194],[0.8750775981589,51.138299270698],[0.87506364936464,51.1380747509549],[0.87504970075808,51.1378502312052],[0.874692811864318,51.1378590030724],[0.874678865275892,51.1376344833068],[0.874664918875137,51.1374099635345],[0.874308033454639,51.1374187342905],[0.873951147846574,51.1374275039537],[0.87393720529428,51.1372029841563],[0.873923262929601,51.1369784643522],[0.873566380794774,51.1369872329042],[0.873209498472433,51.1369960003636],[0.873223437176351,51.1372205201861],[0.872866552836137,51.1372292865619],[0.872509668308455,51.1372380518451],[0.872152783593327,51.1372468160355],[0.872138850380574,51.1370222961853],[0.871781967308421,51.1370310592738],[0.871768036113536,51.1368065394077],[0.871754105106125,51.136582019535],[0.871740174286184,51.1363574996557],[0.871726243653709,51.1361329797698],[0.872083119404517,51.1361242167181],[0.872069187129226,51.1358996968348],[0.871712313208698,51.1359084598772],[0.871698382951145,51.1356839399781],[0.871341510673496,51.1356927019186],[0.871327582433636,51.1354681820036],[0.871313654381207,51.135243662082],[0.871299726516205,51.1350191421537],[0.871285798838629,51.1347946222189],[0.871271871348472,51.1345701022774],[0.870915008034435,51.1345788630793],[0.870558144533085,51.1345876227887],[0.870201280844448,51.1345963814054],[0.870187359032088,51.1343718614297],[0.86983049698632,51.1343806189447],[0.869816577191416,51.1341560989533],[0.86980265758383,51.1339315789552],[0.869788738776801,51.1337070594413],[0.869774820246736,51.1334825399904],[0.870131675031793,51.1334737826195],[0.870117754874494,51.1332492632123],[0.870103834903212,51.1330247437949],[0.869746983744593,51.1330335010581],[0.869733065772508,51.1328089815768],[0.869376216241175,51.1328177376971],[0.86936230026824,51.1325932181519],[0.869348384481267,51.1323686985965],[0.869334468880251,51.132144179031],[0.868977624602476,51.1321529339008],[0.868963711000513,51.1319284142713],[0.868606868349997,51.1319371679983],[0.868592956747042,51.1317126483049],[0.868579045329988,51.1314881286015],[0.868222206119798,51.1314968811318],[0.867865366723821,51.1315056325732],[0.867851459118743,51.131281112752],[0.867837551699514,51.1310565929206],[0.867480715743837,51.1310653431654],[0.867466810323452,51.1308408232702],[0.867452905088887,51.1306163033649],[0.867096072573454,51.1306250524131],[0.867082169337661,51.1304005324439],[0.867068266287658,51.1301760124646],[0.866711437212413,51.1301847603163],[0.866697536161112,51.1299602402731],[0.866683635295572,51.1297357202197],[0.866326809660459,51.129744466875],[0.866312910793547,51.1295199467578],[0.866299012112367,51.1292954266305],[0.86594218991733,51.1293041720894],[0.865928293234707,51.1290796518982],[0.865571472666886,51.1290883962144],[0.865557577982771,51.1288638759594],[0.865200759042172,51.128872619133],[0.865214651913477,51.1290971394417],[0.865228544970439,51.1293216597404],[0.86487172305228,51.1293304020992],[0.864857831870904,51.1291058817605],[0.864501013079803,51.1291146232792],[0.864144194109506,51.12912336371],[0.864130306571141,51.1288988432258],[0.864487123809587,51.1288901028621],[0.864843940868839,51.1288813614105],[0.864830050046084,51.1286568410494],[0.865186866356521,51.1286480988141],[0.865172973856522,51.1284235784851],[0.864816159402634,51.1284323206772],[0.864802268938488,51.1282078002938],[0.864788378653641,51.1279832798992],[0.864431568521562,51.1279920210822],[0.86441768014775,51.1277675006093],[0.864060871568229,51.1277762406374],[0.864046985105408,51.1275517200862],[0.864033098821832,51.1273271995239],[0.863676293526577,51.1273359383299],[0.863662409153924,51.1271114176893],[0.863648524960486,51.1268868970375],[0.863291722949442,51.1268956346215],[0.863277840666858,51.1266711138915],[0.862921040208353,51.1266798503206],[0.862907159836575,51.1264553295123],[0.862893279643962,51.1262308086928],[0.862536482469601,51.1262395439],[0.862522604187725,51.1260150230023],[0.862165808565897,51.1260237570546],[0.862151932194713,51.1257992360787],[0.862138056002643,51.1255747150916],[0.86178126366489,51.125583447922],[0.861795138125425,51.1258079689761],[0.86143834387714,51.1258167007859],[0.8614522167852,51.126041221896],[0.861095420626377,51.126049952685],[0.86110929198192,51.126274473851],[0.860752493912552,51.1262832036194],[0.860738624288599,51.1260586823863],[0.860724754843673,51.1258341611422],[0.860367960058535,51.1258428896887],[0.86001116509449,51.1258516171475],[0.859654369951561,51.1258603435185],[0.859668234201764,51.1260848649638],[0.859311437148392,51.1260935903141],[0.859325299845951,51.1263181118152],[0.85896850088213,51.1263268361448],[0.858982362027001,51.1265513577018],[0.858625561152725,51.1265600810105],[0.858611701739485,51.1263355593866],[0.858254902418038,51.1263442815406],[0.858241044915305,51.1261197598385],[0.857884247146694,51.1261284808377],[0.857870391554424,51.1259039590575],[0.857856536141001,51.1256794372661],[0.857499741656804,51.1256881570436],[0.857485888162277,51.125463635208],[0.857129095226826,51.1254723538273],[0.857115243643893,51.1252478319496],[0.857101392239147,51.1250233100605],[0.856744602573085,51.1250320274552],[0.856730753070231,51.1248075054862],[0.856716903745535,51.1245829835061],[0.857073689964201,51.1245742662485],[0.857059839093994,51.1243497443256],[0.857045988401962,51.1241252223915],[0.856689205630605,51.1241339395119],[0.856675356840364,51.123909417498],[0.857032137888102,51.1239007004461],[0.857018287552409,51.1236761784893],[0.857375066698478,51.1236674604184],[0.857361214817377,51.123442938519],[0.857717992061782,51.1234342194291],[0.857704138635316,51.123209697587],[0.858060913978064,51.1232009774782],[0.85804705900628,51.1229764556933],[0.858033204212716,51.1227519338973],[0.858019349597372,51.1225274120899],[0.857662579425128,51.122536131993],[0.857305809074784,51.1225448508087],[0.857291958084573,51.1223203288529],[0.856935189279613,51.1223290465125],[0.856921340191013,51.1221045244769],[0.856564572931446,51.1221132409804],[0.856550725744411,51.121888718865],[0.85619396003024,51.1218974342125],[0.856180114744727,51.1216729120173],[0.855823350575959,51.1216816262089],[0.855809507191924,51.1214571039339],[0.855452744568565,51.1214658169694],[0.855095981767255,51.1214745289175],[0.85508214200802,51.1212500064942],[0.85472538075215,51.1212587172863],[0.854739218788014,51.1214832397781],[0.854382455630864,51.1214919495512],[0.854025692295828,51.1215006582369],[0.853668928782929,51.1215093658352],[0.853312165092186,51.1215180723459],[0.853325996412453,51.1217425951004],[0.852969230820482,51.1217513005921],[0.852983060595234,51.1219758234037],[0.852626293102031,51.1219845278764],[0.852269525431046,51.1219932312616],[0.852283351936783,51.1222177541989],[0.852297178620379,51.1224422771249],[0.85194040732469,51.1224509795595],[0.851583635851256,51.1224596809066],[0.851226864200102,51.1224683811662],[0.851240685891033,51.1226929042862],[0.850883912338664,51.1227016035266],[0.850527138608614,51.1227103016796],[0.850170364700908,51.122718998745],[0.850184181399017,51.1229435220589],[0.849827405590128,51.1229522181052],[0.849841220742404,51.1231767414763],[0.849855036072395,51.1234012648361],[0.849868851580101,51.1236257881846],[0.850225632559758,51.1236170919332],[0.85023944996882,51.1238416152021],[0.850253267555627,51.1240661384598],[0.850267085320183,51.1242906617061],[0.849910299169558,51.1242993581627],[0.849553512841299,51.1243080535317],[0.849567327336203,51.1245325769036],[0.849581142008818,51.1247571002643],[0.849594956859147,51.1249816236136],[0.849238165182091,51.1249903181002],[0.848881373327434,51.1249990114991],[0.8485245812952,51.1250077038104],[0.848167789007699,51.1250163950469],[0.847810996449965,51.1250250852112],[0.847454203714636,51.1250337742879],[0.847097410801734,51.125042462277],[0.847111213766259,51.1252669860947],[0.846754418950945,51.1252756730652],[0.846740617711282,51.1250511491786],[0.846383824443301,51.1250598349925],[0.846370025106103,51.1248353110257],[0.846356225946503,51.1246107870475],[0.846342426964497,51.124386263058],[0.846699215058015,51.1243775774509],[0.846685414528825,51.1241530535191],[0.846328628160083,51.1241617390573],[0.845971841613848,51.1241704235079],[0.845615054890139,51.124179106871],[0.84525826798898,51.1241877891466],[0.845244474536435,51.1239632649277],[0.845601259712831,51.1239545827211],[0.845958044711779,51.1239458994269],[0.845944247987275,51.1237213753346],[0.845587464713066,51.1237300585598],[0.845230681261411,51.1237387406976],[0.844873897632335,51.1237474217478],[0.84451711382586,51.1237561017105],[0.844160329842004,51.1237647805856],[0.843803545680794,51.1237734583732],[0.84344676134225,51.1237821350733],[0.843089976826394,51.1237908106859],[0.842733192133248,51.1237994852109],[0.842746973334999,51.1240240099233],[0.84239018673982,51.1240326834296],[0.842033399967392,51.1240413558484],[0.841676613017739,51.1240500271797],[0.841319825890881,51.1240586974234],[0.841333600370827,51.1242832223998],[0.841690389222482,51.1242745520873],[0.841704165604526,51.1244990769836],[0.841717942163874,51.1247236018686],[0.842074734287975,51.1247149303308],[0.842088512749491,51.1249394551357],[0.841731718900531,51.1249481267423],[0.841745495814497,51.1251726516048],[0.841388700063434,51.1251813221926],[0.841402475429808,51.1254058471126],[0.841045677776638,51.1254145166816],[0.841059451559655,51.1256390416642],[0.840702652001072,51.1256477102149],[0.840345852265584,51.1256563776779],[0.840359622703007,51.1258809027967],[0.840002821068954,51.1258895692401],[0.839646019258038,51.1258982345959],[0.83965978642903,51.1261227598397],[0.839302982719563,51.1261314241759],[0.838946178833272,51.1261400874244],[0.838959942737736,51.1263646127931],[0.838603136952906,51.126373275022],[0.838616899312507,51.1265978004476],[0.838260091629134,51.1266064616568],[0.838273852443826,51.1268309871392],[0.837917042861902,51.1268396473289],[0.837560233103236,51.1268483064308],[0.837573990651164,51.127072832038],[0.837587748375912,51.1272973576341],[0.83760150627748,51.1275218832189],[0.837615264355872,51.1277464087925],[0.837972081001926,51.1277377494184],[0.837985840979047,51.1279622749126],[0.838342659170244,51.1279536143827],[0.838356421046139,51.1281781397977],[0.838370183098911,51.1284026652015],[0.838727004557186,51.1283940034477],[0.838740768508801,51.1286185287721],[0.839097591512227,51.1286098658624],[0.839454414338819,51.1286012018649],[0.83944064694329,51.1283766766767],[0.839797467871073,51.1283680116595],[0.83978369893056,51.1281434865281],[0.840140517959542,51.1281348204913],[0.840154288621984,51.1283593455546],[0.840168059461417,51.1285838706066],[0.840181830477844,51.1288083956475],[0.839825006283011,51.1288170618886],[0.83983877575444,51.1290415869863],[0.840195601671267,51.1290329206771],[0.840209373041691,51.1292574456954],[0.840223144589117,51.1294819707026],[0.840579973773087,51.1294733031693],[0.840593747219576,51.1296978280971],[0.840607520843096,51.1299223530136],[0.84062129464365,51.1301468779189],[0.840635068621241,51.1303714028129],[0.840648842775871,51.1305959276958],[0.840662617107545,51.1308204525673],[0.841019456447239,51.1308117835374],[0.841033232678144,51.1310363083297],[0.840676391616263,51.1310449774277],[0.840690166302031,51.1312695022768],[0.84070394116485,51.1314940271147],[0.840347096481567,51.1315026952611],[0.840360869799186,51.1317272201558],[0.840004023216708,51.1317358872824],[0.84001779498908,51.1319604122341],[0.840031566938468,51.1321849371745],[0.840045339064877,51.1324094621036],[0.839688487138561,51.1324181283467],[0.839331635035339,51.1324267935018],[0.839345403894066,51.132651318556],[0.838988549891603,51.1326599826913],[0.839002317204933,51.1328845078023],[0.838645461303224,51.1328931709177],[0.838659227071113,51.1331176960855],[0.838302369270151,51.1331263581811],[0.837945511292363,51.1331350191887],[0.837959273792335,51.1333595444815],[0.83797303646921,51.133584069763],[0.837616174869725,51.1335927298188],[0.837629936001026,51.1338172551571],[0.837273072502272,51.133825914193],[0.837286832147525,51.1340504395639],[0.83764369736746,51.1340417804602],[0.838000562410334,51.1340331202686],[0.838357427276126,51.1340244589892],[0.838371192306642,51.1342489841262],[0.83872805872128,51.1342403216889],[0.838741825654971,51.1344648467445],[0.83875559276589,51.1346893717887],[0.838398722899283,51.1346980343661],[0.838412488461413,51.134922559469],[0.838426254200754,51.1351470845604],[0.838069380704972,51.1351557461901],[0.838083144895462,51.1353802713403],[0.838096909263147,51.1356047964791],[0.83811067380803,51.1358293216064],[0.838124438530114,51.1360538467224],[0.83776755795283,51.1360625075445],[0.837781321125961,51.1362870327191],[0.837795084476277,51.1365115578824],[0.83780884800378,51.1367360830343],[0.837822611708473,51.1369606081748],[0.837465724049333,51.1369692681891],[0.837108836213114,51.1369779271154],[0.837095075960875,51.1367534018348],[0.836738189673833,51.1367620596032],[0.83638130320976,51.1367707162836],[0.836395060009534,51.1369952417042],[0.836038171642217,51.1370038973666],[0.836051926892836,51.1372284228459],[0.835695036622267,51.1372370774904],[0.835708790323687,51.1374616030283],[0.835351898149861,51.1374702566549],[0.835338146174727,51.137245731047],[0.83498125555024,51.1372543835155],[0.834967505478418,51.1370298578262],[0.834610616403277,51.1370385091369],[0.834253727151235,51.1370471593595],[0.834239980708931,51.1368226335189],[0.833883093006266,51.1368312825836],[0.833526205126748,51.1368399305603],[0.833169317070399,51.1368485774491],[0.832812428837241,51.1368572232499],[0.832798689476857,51.1366326971182],[0.832441802793157,51.1366413417611],[0.832084915932695,51.1366499853161],[0.831728028895493,51.1366586277831],[0.831371142515936,51.1366672688993],[0.83138487500075,51.1368917953034],[0.831398607655617,51.137116321698],[0.831041718007983,51.1371249617575],[0.831027986992077,51.1369004353179],[0.830671098813467,51.1369090742425],[0.830684828190407,51.137133600727],[0.830327938202911,51.1371422386066],[0.830341666110877,51.1373667651265],[0.82998477431449,51.137375401961],[0.829971048045515,51.1371508753963],[0.82961415771824,51.137159511096],[0.829257267221107,51.1371681457059],[0.82927099021209,51.1373926723603],[0.829284713373004,51.1376171990054],[0.829298436703853,51.137841725641],[0.828941541119818,51.1378503592954],[0.828955262981541,51.1380748859664],[0.82896898501318,51.138299412628],[0.828982707214742,51.1385239392801],[0.82862580654362,51.1385325719791],[0.828639527275975,51.1387570986666],[0.828653248178236,51.1389816253447],[0.828296344059013,51.1389902570434],[0.828310063492007,51.1392147837569],[0.828323783094891,51.1394393104609],[0.828680690492488,51.1394306786725],[0.828694411904483,51.1396552053222],[0.82905132077147,51.139646572399],[0.82940822946861,51.1396379383858],[0.829421954328993,51.1398624649364],[0.829778864495495,51.1398538297882],[0.830135774492105,51.1398451935501],[0.830149502800954,51.1400697200016],[0.829792591165094,51.1400783562846],[0.82980631800468,51.1403028827714],[0.83016323127981,51.1402942464436],[0.83052014438502,51.1402856090257],[0.830533874673178,51.1405101354133],[0.830890789247735,51.1405014968605],[0.831247703652329,51.1404928572177],[0.83160461788694,51.1404842164848],[0.831618353263046,51.1407087427283],[0.831975271220062,51.14070010019],[0.83233218933317,51.1406914564645],[0.832689107269484,51.1406828116509],[0.832702848087538,51.1409073376479],[0.833059767573679,51.1408986916762],[0.833416686882981,51.1408900446165],[0.833430431331275,51.1411145704621],[0.833787352190373,51.1411059222443],[0.834144272872582,51.1410972729383],[0.834501193377882,51.1410886225442],[0.834514943183172,51.1413131481686],[0.834871865238213,51.1413044966164],[0.835228787116296,51.1412958439761],[0.835242540552001,51.1415203694491],[0.835599463979793,51.1415117156506],[0.835956387230581,51.141503060764],[0.836313310304341,51.1414944047893],[0.836327069097248,51.1417189300409],[0.836683993720662,51.141710272908],[0.837040918167001,51.141701614687],[0.837397842436245,51.1416929553778],[0.83775476652837,51.1416842949805],[0.838111690443354,51.141675633495],[0.838468614181177,51.1416669709214],[0.838482383511529,51.1418914957414],[0.838125458046998,51.141900158385],[0.837768532405301,51.1419088199405],[0.837782298459469,51.1421333448892],[0.83779606631597,51.1423578692687],[0.838152995244977,51.1423492076305],[0.838166766218308,51.1425737315131],[0.83818053736102,51.142798255387],[0.838194308673111,51.1430227792524],[0.83855124230728,51.1430141164201],[0.838565015413617,51.1432386402425],[0.838578788689363,51.1434631640562],[0.838935725403947,51.1434545000644],[0.83929266194918,51.1434458349815],[0.839649598325041,51.1434371688077],[0.840006534531511,51.1434285015429],[0.839992754756263,51.1432039778667],[0.840349689168451,51.1431953095453],[0.840706623411208,51.143186640133],[0.840692840555761,51.142962116517],[0.841049773004225,51.1429534460481],[0.841063557484515,51.1431779696298],[0.84142049138835,51.1431692980356],[0.841777425122691,51.1431606253505],[0.842134358687521,51.1431519515744],[0.842491292082817,51.1431432767073],[0.842848225308558,51.1431346007493],[0.843205158364723,51.1431259237004],[0.843191364135441,51.1429014003254],[0.843548295397189,51.14289272222],[0.843905226489324,51.1428840430236],[0.843891429180123,51.142659519709],[0.844248358477828,51.1426508394562],[0.844234559713571,51.1424263161674],[0.844591487216853,51.1424176348582],[0.844605287605881,51.1426421581125],[0.844962216564262,51.1426334756778],[0.84497601874784,51.142857998889],[0.845332949161315,51.1428493153289],[0.845346753139487,51.1430738384969],[0.84570368500805,51.1430651538114],[0.846060616706873,51.1430564680349],[0.846046809479093,51.1428319449359],[0.846403739383355,51.142823258103],[0.846417548235934,51.1430477811675],[0.846774479595214,51.1430390932091],[0.847131410784693,51.1430304041598],[0.847488341804349,51.1430217140195],[0.847502155701246,51.1432462369716],[0.847515969768082,51.1434707599151],[0.847529784004861,51.14369528285],[0.847172848110707,51.1437039730939],[0.847186660892555,51.1439284960547],[0.84720047384433,51.1441530190068],[0.847214286966037,51.1443775419503],[0.847571227734882,51.1443688516027],[0.847585042651459,51.144593374503],[0.847228100257675,51.1446020648852],[0.847241913719248,51.1448265878115],[0.84725572735076,51.1450511107291],[0.847612672994486,51.1450424202777],[0.847626488420941,51.1452669431521],[0.847640304017361,51.1454914660179],[0.847997252741239,51.1454827744063],[0.848354201508267,51.1454740817413],[0.84871115287877,51.1454653884742],[0.849068104066834,51.1454566941148],[0.849081926789138,51.1456812168918],[0.849095749694002,51.1459057396617],[0.848738794933851,51.1459144340544],[0.848724973815042,51.145689911268],[0.848368020658502,51.1456986045517],[0.848381839991253,51.1459231273548],[0.848024887694092,51.1459318200428],[0.84803870542551,51.1461563428481],[0.847681751826443,51.1461650345635],[0.84766793572011,51.1459405117236],[0.84765411978375,51.145715988875],[0.847297169264954,51.1457246794301],[0.846940218576301,51.1457333688942],[0.846926406060005,51.1455088459679],[0.846569456826566,51.1455175343064],[0.846212507423314,51.1455262215538],[0.84585555785027,51.1455349077102],[0.845841750378997,51.1453103846716],[0.84548480226122,51.1453190697025],[0.845470996584821,51.1450945466207],[0.845114049922315,51.145103230526],[0.845100246040751,51.1448787074011],[0.845457191078258,51.1448700235304],[0.845443385741528,51.1446455004314],[0.845429580574627,51.1444209773238],[0.845072638787053,51.1444296611255],[0.845058835414914,51.1442051379748],[0.844701895082562,51.144213820651],[0.844344954580517,51.1442225022362],[0.843988013908801,51.1442311827304],[0.843974215581223,51.1440066594675],[0.84361727636478,51.1440153388363],[0.843603479831842,51.1437908155303],[0.843589683468618,51.1435662922157],[0.843232747332339,51.1435749704245],[0.84287581102646,51.1435836475424],[0.842518874551,51.1435923235693],[0.84253266603956,51.1438168469873],[0.842175727769646,51.1438255219577],[0.84218951780294,51.1440500454015],[0.841832577738565,51.1440587193154],[0.841846366316551,51.1442832427851],[0.841860155064148,51.1445077662461],[0.841873943981362,51.1447322896985],[0.841887733068193,51.1449568131423],[0.841530786334399,51.1449654861029],[0.841544573965825,51.1451900095725],[0.841558361766853,51.1454145330335],[0.841572149737487,51.1456390564858],[0.84158593787773,51.1458635799295],[0.841942891111757,51.1458549068312],[0.841956681046722,51.1460794302319],[0.842313635736311,51.146070756008],[0.842670590256329,51.1460620806931],[0.842684383611186,51.1462866040163],[0.843041339586736,51.1462779275759],[0.843398295392673,51.1462692500444],[0.843412092167497,51.1464937732899],[0.843769049428937,51.1464850946329],[0.844126006520718,51.1464764148848],[0.844482963442819,51.1464677340456],[0.844496765262843,51.1466922571791],[0.844853723640396,51.1466835752143],[0.845210681848227,51.1466748921585],[0.845224487088386,51.1468994152143],[0.845581446751638,51.1468907310329],[0.845567639886313,51.1466662080116],[0.845924597754634,51.1466575227736],[0.846281555453169,51.1466488364445],[0.846638512981899,51.1466401490243],[0.8469954703408,51.1466314605131],[0.847352427529855,51.1466227709107],[0.847366242520977,51.1468472937593],[0.847009283706768,51.1468559833962],[0.84665232472271,51.146864671942],[0.846666136633443,51.1470891948511],[0.846309175854375,51.1470978823403],[0.845952214905494,51.1471065687385],[0.845966023735747,51.147331091708],[0.845979832735884,51.1475556146689],[0.846336796935194,51.1475469282017],[0.846693760964686,51.1475382406433],[0.84705072482434,51.1475295519938],[0.847064538870097,51.1477540748424],[0.847078353085808,51.1479785976824],[0.847435320026099,51.1479699078727],[0.847792286796507,51.1479612169718],[0.847806104432733,51.148185739734],[0.848163072658509,51.1481770477075],[0.848176892090032,51.1484015704264],[0.848533864698444,51.1483928777118],[0.848890839289183,51.1483841842282],[0.848904662598696,51.1486087069278],[0.848918486090788,51.1488332296202],[0.849275464071723,51.1488245350107],[0.84928928953277,51.1490490576792],[0.849303115176425,51.1492735803404],[0.84931694100269,51.1494981029945],[0.848959957662569,51.149506797654],[0.848946133622721,51.1492822749833],[0.848589151886524,51.1492909685336],[0.848575329815664,51.149066445839],[0.848561507927366,51.1488419231372],[0.848547686221627,51.1486174004281],[0.848190711691582,51.1486260931368],[0.847833740215194,51.1486347852326],[0.847476768568891,51.1486434762371],[0.847119796752695,51.1486521661506],[0.846762824766625,51.1486608549729],[0.846749011666359,51.1484363321242],[0.846735198736036,51.1482118092669],[0.846721385975651,51.147987286401],[0.84636441869565,51.1479959740285],[0.846007451245826,51.1480046605648],[0.8456504836262,51.14801334601],[0.845664291510719,51.1482378689796],[0.845678099565112,51.1484623919405],[0.845691907789385,51.1486869148928],[0.846048880284949,51.1486782293439],[0.846405852610703,51.148669542704],[0.846419664255563,51.1488940655786],[0.84643347607035,51.1491185884445],[0.84607650049387,51.1491272751536],[0.846090310853191,51.1493517980454],[0.846104121382424,51.1495763209286],[0.84611793208157,51.1498008438032],[0.846131742950632,51.1500253666692],[0.846145553989614,51.1502498895266],[0.845788570116119,51.1502585753171],[0.845802379699519,51.1504830982004],[0.845445394030709,51.1504917829342],[0.845459204949882,51.1507163053043],[0.845102217643859,51.1507249889611],[0.845116028497481,51.150949511102],[0.844759039389939,51.1509581937188],[0.844772848782575,51.1511827158999],[0.844415857873509,51.1511913974766],[0.84405886679424,51.1512000779633],[0.844072673094518,51.1514246002346],[0.843715680213737,51.1514332796812],[0.843729485052918,51.1516578019927],[0.84337249037062,51.1516664803992],[0.843386293748661,51.1518910027508],[0.843029297264838,51.1518996801172],[0.843043099181697,51.1521242025089],[0.842686100896344,51.1521328788352],[0.842699901351978,51.1523574012671],[0.842342901265089,51.1523660765532],[0.841985901008106,51.1523747507493],[0.841999698371025,51.1525992732712],[0.841642696312517,51.1526079464271],[0.841285694083956,51.1526166184929],[0.841299488354065,51.1528411411048],[0.840942484323989,51.1528498121304],[0.8405854801239,51.1528584820658],[0.840599271301104,51.1530830047678],[0.84061306264837,51.15330752746],[0.8406268541657,51.1535320501423],[0.840640645853097,51.1537565728148],[0.840654437710564,51.1539810954775],[0.840668229738103,51.1542056181303],[0.841025243727532,51.1541969478954],[0.841039037556778,51.1544214704886],[0.841052831556123,51.1546459930718],[0.84106662572557,51.1548705156453],[0.841080420065123,51.155095038209],[0.841094214574784,51.1553195607628],[0.841108009254556,51.1555440833068],[0.841121804104442,51.1557686058409],[0.841478829345679,51.1557599341664],[0.841492625997458,51.1559844566408]]],[[[0.89851624375152,51.1244538435443],[0.898873001101639,51.1244450024567],[0.899229758286329,51.1244361602799],[0.899215698067564,51.124211644379],[0.899572453556716,51.1242028011599],[0.899929208880401,51.1241939568515],[0.899915145767019,51.1239694410349],[0.899901082819191,51.1237449252088],[0.900257834917288,51.1237360799052],[0.900243770604986,51.1235115641165],[0.89988702003691,51.1235204093731],[0.899530269303356,51.1235292535405],[0.899173518404343,51.1235380966187],[0.899159458847619,51.1233135806794],[0.898802709313176,51.1233224226214],[0.898816767339892,51.1235469386076],[0.89846001611002,51.1235557795073],[0.89847407277219,51.1237802955309],[0.898488129599828,51.1240048115449],[0.898502186592938,51.1242293275494],[0.89851624375152,51.1244538435443]]],[[[0.908406690444655,51.1226342784186],[0.908763432445741,51.1226254071626],[0.908777532979576,51.1228499218495],[0.909134276344602,51.1228410494571],[0.909491019543655,51.1228321759755],[0.909847762576715,51.1228233014048],[0.910204505443763,51.1228144257448],[0.910218612263276,51.1230389402332],[0.910232719248921,51.1232634547119],[0.910246826400697,51.1234879691811],[0.910603573691478,51.1234790922903],[0.910617682539352,51.1237036067026],[0.910974431194035,51.1236947286753],[0.911331179682637,51.1236858495588],[0.911317067774849,51.123461335241],[0.911673814567396,51.1234524550825],[0.911659701295871,51.1232279408024],[0.911302956033255,51.1232368209136],[0.911288844457855,51.1230123065766],[0.910932100559061,51.1230211855513],[0.910917990679749,51.1227966711575],[0.910903880966603,51.1225721567541],[0.910547139961514,51.1225810345451],[0.910190398790378,51.1225899112469],[0.910176292303115,51.1223653967394],[0.909819552495814,51.1223742723049],[0.909805447704517,51.1221497577405],[0.909448709261056,51.1221586321696],[0.90909197065161,51.1221675055095],[0.908735231876199,51.1221763777602],[0.908749332077949,51.1224008924662],[0.908392591606739,51.122409763675],[0.908406690444655,51.1226342784186]]],[[[0.907843917002393,51.1307434281082],[0.908200717554627,51.1307345578302],[0.908214817552365,51.1309590728286],[0.908571619584323,51.1309502013912],[0.908585721413691,51.1311747163062],[0.908942524925367,51.1311658437093],[0.908928421440366,51.1309413288662],[0.909285223120473,51.1309324552537],[0.909642024624624,51.1309235805537],[0.909656131420882,51.131148095253],[0.909670238393225,51.1313726099407],[0.909313433577799,51.1313814847846],[0.909327539070556,51.1316059995327],[0.909341644739382,51.1318305142694],[0.90969845286617,51.1318216392816],[0.909684345541653,51.131597124617],[0.910041151836763,51.1315882486136],[0.910027043032667,51.1313637340093],[0.910383847496105,51.1313548569903],[0.910369737212475,51.1311303424464],[0.910726539844247,51.1311214644118],[0.910712428081125,51.1308969499283],[0.910698316494146,51.1306724354333],[0.910341517173589,51.130681313324],[0.910327407418327,51.1304567987455],[0.909970609577331,51.1304656754768],[0.909984717677014,51.1306901901272],[0.909627918004445,51.1306990658429],[0.909613811560342,51.1304745511205],[0.909599705292314,51.1302500363866],[0.909585599200358,51.1300255216412],[0.909228804318502,51.1300343960536],[0.908872009260701,51.1300432693785],[0.908857906655854,51.1298187544777],[0.908843804227031,51.1295942395654],[0.908829701974227,51.1293697246415],[0.908472911707015,51.1293785966632],[0.908487012304336,51.129603111659],[0.908130220205745,51.1296119826651],[0.907773427931278,51.1296208525837],[0.907787525393579,51.1298453677116],[0.907801623031838,51.1300698828281],[0.908158418617347,51.1300610127657],[0.908172518087121,51.1302855277987],[0.908529315152299,51.130276656577],[0.908543416453629,51.1305011715266],[0.908186617732879,51.1305100428202],[0.907829818836241,51.1305189130264],[0.907843917002393,51.1307434281082]]],[[[0.909111780477371,51.1338600209271],[0.909468603682341,51.1338511463798],[0.90948271381998,51.134075662276],[0.909496824980449,51.1343001785514],[0.909853651441483,51.1342913026332],[0.909839538474088,51.1340667864722],[0.909825426711316,51.1338422707448],[0.910182249564274,51.1338333940221],[0.910168138998942,51.1336088795332],[0.909811317801865,51.1336177561839],[0.909454496428774,51.133626631747],[0.909440389351301,51.1334021171026],[0.909083569458084,51.1334109915062],[0.909097674879691,51.1336355062224],[0.909111780477371,51.1338600209271]]],[[[0.900237134985053,51.1462233138159],[0.900223057824006,51.1459987919049],[0.900579984523748,51.1459899395981],[0.90056590557377,51.1457654178302],[0.900922830080511,51.1457565646042],[0.900908749341655,51.1455320429795],[0.9012656716554,51.1455231888343],[0.901251589127714,51.1452986673528],[0.901608509248468,51.1452898122884],[0.901594424932002,51.1450652909502],[0.901580340817678,51.1448407695932],[0.9012234246787,51.1448496243339],[0.901237506802149,51.1450741458526],[0.900880588470238,51.1450829996741],[0.900894668804899,51.1453075213361],[0.900537748280049,51.1453163742384],[0.900551826825873,51.1455408960436],[0.900194904108077,51.1455497480267],[0.900208980865015,51.1457742699751],[0.899852055954268,51.145783121039],[0.899866130922272,51.1460076431306],[0.899509203818568,51.1460164932753],[0.899523276997586,51.14624101551],[0.899880206092306,51.1462321652035],[0.900237134985053,51.1462233138159]]],[[[0.913058142924529,51.1454549117225],[0.91304399449524,51.1452303956054],[0.913029846268887,51.1450058794696],[0.913386759707057,51.1449969887333],[0.913372609692854,51.144772472741],[0.913358459881607,51.1445479567299],[0.91334431027331,51.1443234407002],[0.912987402807418,51.1443323309501],[0.912973255392779,51.1441078147396],[0.912616349714694,51.1441167037465],[0.912630495138619,51.1443412201192],[0.912644640765443,51.1445657364731],[0.912658786595169,51.1447902528084],[0.912301874741981,51.1447991412208],[0.912316018783821,51.1450236576995],[0.912330163028545,51.1452481741595],[0.912344307476157,51.1454726906009],[0.912701225301792,51.1454638017021],[0.913058142924529,51.1454549117225]]],[[[0.902787276426232,51.1526811685705],[0.902430293605683,51.1526900294594],[0.902073310608286,51.152698889257],[0.902059229689168,51.1524743807968],[0.902045148946977,51.152249872328],[0.902031068381712,51.1520253638506],[0.902388046364255,51.152016504157],[0.902745024169958,51.1520076433721],[0.902730940438467,51.1517831349554],[0.902716856883939,51.1515586265302],[0.90270277350637,51.1513341180964],[0.902345800715319,51.1513429787773],[0.902331719186213,51.1511184703003],[0.901974747889842,51.1511273298553],[0.901988827747437,51.151351838367],[0.902002907781945,51.1515763468701],[0.90164593296572,51.1515852054032],[0.901660011505587,51.1518097139324],[0.901303034841012,51.1518185714088],[0.901288957972705,51.151594062845],[0.901274881281269,51.1513695542726],[0.901631854602747,51.1513606968654],[0.901617776416665,51.1511361883191],[0.901603698407471,51.1509116797641],[0.901246728429005,51.150920537102],[0.901232652268169,51.1506960285039],[0.900875683784419,51.1507048847159],[0.900889758273778,51.1509293933487],[0.900532787941812,51.1509382485041],[0.900546860936513,51.1511627571629],[0.900189888756326,51.1511716112617],[0.900203960256325,51.1513961199466],[0.899846986227911,51.1514049729887],[0.899490012022816,51.1514138249396],[0.899133037641062,51.1514226757993],[0.899147104303208,51.1516471845794],[0.899161171142097,51.1518716933508],[0.898804193240566,51.1518805431884],[0.898447215162412,51.1518893919347],[0.898461278834841,51.1521139007667],[0.898475342683976,51.1523384095902],[0.898118357463487,51.152347254484],[0.898132420122026,51.1525717636117],[0.897775430487688,51.1525806055241],[0.897418440685005,51.1525894463577],[0.897432500376832,51.1528139558468],[0.897075508838232,51.1528227957926],[0.897089567130874,51.153047305452],[0.897103625591925,51.1532718150904],[0.897117684221389,51.1534963247078],[0.897131743019266,51.1537208343043],[0.897145801985563,51.1539453438798],[0.897159861120281,51.1541698534344],[0.896802860007369,51.1541786934484],[0.89681691774277,51.1544032031732],[0.897173920423421,51.154394362968],[0.897187979894988,51.1546188724807],[0.896830975646578,51.1546277128771],[0.896845033718793,51.15485222256],[0.896859091959421,51.155076732222],[0.896873150368462,51.155301241863],[0.897230159320277,51.155292400893],[0.897244219465578,51.1555169103219],[0.89725827977932,51.1557414197298],[0.897615291698496,51.1557325772983],[0.897629353748561,51.155957086494],[0.897986367067251,51.1559482427923],[0.898000430853683,51.1561727517759],[0.898014494808604,51.1563972607385],[0.898371510497515,51.156388415292],[0.898385576032591,51.1566129239871],[0.898742589395645,51.1566040756062],[0.898728522188529,51.1563795669457],[0.899085533702883,51.1563707175079],[0.899442545040555,51.1563618669787],[0.899799556201523,51.1563530153581],[0.900156567185766,51.156344162646],[0.900513577993263,51.1563353088424],[0.900527653560532,51.1565598173299],[0.900170641081011,51.1565686711681],[0.899813628424739,51.1565775239148],[0.899827700824787,51.1568020324629],[0.899841773401666,51.1570265410024],[0.899855846155384,51.1572510495334],[0.900212863827868,51.1572421966829],[0.900198789402058,51.1570176881865],[0.900555805225695,51.1570088342791],[0.900569881323594,51.1572333427409],[0.900926898642541,51.1572244877074],[0.900940976589431,51.1574489961259],[0.900955054713228,51.1576735045359],[0.900969133013937,51.1578980129372],[0.900983211491557,51.15812252133],[0.900997290146093,51.1583470297142],[0.901011368977548,51.1585715380899],[0.901368396152651,51.1585626817571],[0.901382476833264,51.1587871900895],[0.901396556315672,51.1590116996301],[0.901039525638466,51.1590205561646],[0.901053602119124,51.1592450670517],[0.901067678783719,51.1594695779251],[0.901424712982622,51.1594607211913],[0.90143879159204,51.1596852319512],[0.901452870385424,51.1599097426974],[0.901809907922262,51.1599008846777],[0.901823988660539,51.1601253953105],[0.902181027774424,51.1601165361045],[0.902195110457639,51.1603410466238],[0.902209193324875,51.1605655571294],[0.902566235776763,51.1605566966375],[0.902580320589006,51.1607812070296],[0.902937364617948,51.1607723453515],[0.902951451375246,51.16099685563],[0.902965538316618,51.1612213658949],[0.90332258568363,51.1612125029308],[0.903336674570126,51.1614370130821],[0.903693723514198,51.1614281489317],[0.903707814345863,51.1616526589695],[0.903721905361655,51.1618771689936],[0.904078957643867,51.1618683035572],[0.9040930506049,51.1620928134677],[0.904450104464178,51.1620839468449],[0.904436009742041,51.1618594370342],[0.904793061656155,51.1618505694247],[0.904778965357116,51.1616260597],[0.904421915204081,51.1616349272097],[0.904407820850295,51.1614104173715],[0.904764869242273,51.1614015499616],[0.904750773311623,51.1611770402094],[0.904736677565164,51.1609525304435],[0.905093722251026,51.1609436621468],[0.905079624927767,51.1607191524669],[0.905436667668553,51.1607102831835],[0.905793710225227,51.1607014128137],[0.906150752597764,51.1606925413574],[0.906136650175841,51.1604680319633],[0.906493690603269,51.1604591595204],[0.906479586604688,51.1602346502124],[0.906465482790395,51.1600101408906],[0.906451379160389,51.1597856315552],[0.906437275714666,51.1595611222059],[0.906080242330816,51.1595699942495],[0.906066140830213,51.1593454847867],[0.905709109023062,51.1593543556439],[0.905695009467532,51.1591298460676],[0.905680910096231,51.1589053364774],[0.905323881626585,51.1589142060487],[0.905309782477662,51.1586896980067],[0.905295683402661,51.1584651900559],[0.904938658173969,51.1584740583954],[0.904924560948329,51.1582495504012],[0.904910463899846,51.1580250423985],[0.904896367028516,51.1578005343871],[0.904882270334338,51.1575760263672],[0.904868173817307,51.1573515183386],[0.90485407747742,51.1571270103015],[0.905211092673352,51.1571181421703],[0.905196994838556,51.1568936341594],[0.905554008185383,51.1568847649715],[0.905911021355135,51.1568758946921],[0.90589692035345,51.156651386742],[0.905882819528966,51.1564268787833],[0.905525809703239,51.1564357489932],[0.905539908855722,51.1566602569866],[0.905182897180922,51.1566691261398],[0.904825885329071,51.1566779942016],[0.904468873300192,51.1566868611718],[0.904111861094303,51.1566957270507],[0.904125953735841,51.1569202351744],[0.903768939680928,51.1569290999964],[0.903411925449046,51.1569379637271],[0.903397836151589,51.156713455534],[0.903040823414805,51.1567223181384],[0.903026735966419,51.156497809902],[0.903012648695058,51.1562733016571],[0.902998561600719,51.1560487934036],[0.9033555693215,51.1560399309031],[0.903341480732222,51.1558154226757],[0.903327392319982,51.1555909144397],[0.903313304084776,51.1553664061951],[0.903299216026602,51.1551418979419],[0.903656216882757,51.1551330344888],[0.903642127329742,51.1549085262617],[0.903628037953775,51.154684018026],[0.903613948754852,51.1544595097818],[0.90359985973297,51.154235001529],[0.90324286556416,51.1542438648433],[0.902885871218438,51.1542527270663],[0.902528876695826,51.1542615881979],[0.902171881996346,51.1542704482381],[0.901814887120017,51.154279307187],[0.901457892066864,51.1542881650445],[0.901471971057878,51.1545126735053],[0.901486050225805,51.1547371819576],[0.901500129570646,51.1549616904013],[0.90185712963932,51.1549528324398],[0.90221412953116,51.154943973387],[0.902571129246143,51.1549351132428],[0.902585213783544,51.1551596215739],[0.902599298497928,51.1553841298964],[0.902613383389302,51.1556086382104],[0.902627468457666,51.1558331465158],[0.902270462055043,51.1558420067986],[0.902256378658621,51.1556174984586],[0.902242295439168,51.15539299011],[0.902228212396682,51.1551684817528],[0.901871210832961,51.1551773408403],[0.901514209092404,51.1551861988364],[0.901157207175029,51.1551950557411],[0.900800205080859,51.1552039115544],[0.900814281435719,51.1554284200501],[0.900457277492862,51.1554372748066],[0.900100273373249,51.1554461284717],[0.899743269076901,51.1554549810454],[0.899386264603839,51.1554638325277],[0.899372194936654,51.1552393238935],[0.899358125446257,51.1550148152508],[0.899715126575495,51.1550059638377],[0.899701055590008,51.1547814552209],[0.899686984781327,51.1545569465955],[0.900043982390125,51.1545480941602],[0.900029910086414,51.1543235855609],[0.900015837959526,51.154099076953],[0.900372832047961,51.1540902234956],[0.900358758426106,51.1538657149137],[0.900344684981086,51.1536412063232],[0.900701675549237,51.1536323518436],[0.901058665940636,51.1536234962727],[0.901044589328972,51.1533989877429],[0.901030512894185,51.1531744792046],[0.901387499765359,51.1531656226116],[0.901744486459745,51.1531567649273],[0.901758566237956,51.1533812733964],[0.902115554427238,51.1533724145861],[0.902129636054097,51.153596923012],[0.902486625738269,51.1535880630757],[0.902843615245582,51.1535792020481],[0.903200604576013,51.1535703399292],[0.903186517933984,51.1533458316073],[0.903543505415796,51.1533369684318],[0.903900492720687,51.1533281041649],[0.903886402912273,51.1531035959038],[0.903529417279075,51.153112460136],[0.903172431468959,51.1531213232769],[0.903158345180936,51.1528968149379],[0.902801360865601,51.1529056769528],[0.902787276426232,51.1526811685705]]],[[[0.86523304926995,51.1697968269253],[0.865246963308469,51.1700213431895],[0.865604095053408,51.1700125977286],[0.865618010904563,51.1702371139653],[0.865975144117673,51.1702283673914],[0.86596122662615,51.1700038511746],[0.866318358026676,51.1699951035276],[0.866675489254964,51.1699863547873],[0.867032620310993,51.169977604954],[0.867389751194743,51.1699688540276],[0.867375827314167,51.1697443378834],[0.867732956385284,51.1697355858838],[0.868090085284083,51.1697268327912],[0.868076158295276,51.1695023166796],[0.868062231478899,51.1692778005605],[0.868048304834948,51.1690532844339],[0.867691180857012,51.1690620374665],[0.867677256025728,51.1688375213124],[0.867320133515729,51.1688462732319],[0.866963010833443,51.1688550240583],[0.866605887978894,51.1688637737916],[0.866248764952098,51.1688725224318],[0.866262683222376,51.1690970386659],[0.865905558383098,51.169105786233],[0.865919475185411,51.1693303024797],[0.865562348533645,51.1693390489737],[0.865205221709693,51.1693477943746],[0.864848092814109,51.1693565355015],[0.864862005086998,51.1695810521668],[0.864504871685408,51.1695897877074],[0.864490960954493,51.1693652708596],[0.864133828930433,51.1693740051373],[0.864147738119372,51.1695985221675],[0.864161647472824,51.1698230391775],[0.864518782580857,51.169814304535],[0.864875917524442,51.169805568812],[0.86523304926995,51.1697968269253]]],[[[0.868090085284083,51.1697268327912],[0.868104012445321,51.1699513488953],[0.867746881906192,51.169960102008],[0.867389751194743,51.1699688540276],[0.867403675247711,51.1701933701643],[0.867046542723604,51.1702021211108],[0.867060465308589,51.17042663726],[0.867074388065951,51.1706511534018],[0.867088310995692,51.1708756695361],[0.867445448440997,51.1708669185296],[0.86780258571399,51.17085816643],[0.868159722814652,51.1708494132372],[0.868145794963656,51.1706248971629],[0.868131867285104,51.1704003810812],[0.868489000932608,51.1703916268353],[0.868846134407744,51.1703828714963],[0.86920326771049,51.1703741150641],[0.869560400840825,51.1703653575389],[0.869546466773253,51.1701408415299],[0.869903598090799,51.1701320829315],[0.869889662555414,51.1699075669352],[0.869875727192571,51.1696830509313],[0.869518599155676,51.1696918094895],[0.869504665605665,51.1694672934581],[0.869147539036645,51.1694760509031],[0.868790412295226,51.169484807255],[0.868804342564641,51.1697093233266],[0.868447214010542,51.1697180786054],[0.868090085284083,51.1697268327912]]],[[[0.868159722814652,51.1708494132372],[0.868173650838093,51.171073929304],[0.868187579033984,51.1712984453633],[0.867830438652429,51.1713071985961],[0.867844365380294,51.171531714668],[0.867858292280592,51.1717562307324],[0.868215435943126,51.1717474774595],[0.868229364656383,51.1719719934964],[0.8682432935421,51.1721965095258],[0.868257222600282,51.1724210255478],[0.868271151830931,51.1726455415623],[0.868628301883303,51.172636787116],[0.868642232927025,51.1728613031029],[0.8689993844476,51.1728525475434],[0.868985451763276,51.1726280315765],[0.868971519251466,51.1724035156021],[0.869328667318444,51.1723947589894],[0.869685815212986,51.1723860012835],[0.869671879592577,51.1721614853417],[0.869657944144716,51.1719369693925],[0.870015088585723,51.1719282106336],[0.870029025674112,51.1721527265627],[0.870386171583171,51.1721439666905],[0.870400110484678,51.1723684825921],[0.870757257861786,51.1723597216065],[0.871114405066373,51.1723509595278],[0.871128347421603,51.1725754753817],[0.870771198576453,51.1725842374806],[0.870785139463738,51.1728087533471],[0.870427988805479,51.1728175143728],[0.870441928224778,51.173042030252],[0.870084775753403,51.1730507902045],[0.870098713704673,51.1732753060963],[0.869741559420176,51.1732840649757],[0.86938440496321,51.1732928227619],[0.869370470293212,51.17306830683],[0.869013317304439,51.1730770635028],[0.868656164143242,51.1730858190825],[0.868670095531954,51.1733103350545],[0.868684027093167,51.1735348510191],[0.868697958826882,51.1737593669762],[0.869055116910076,51.1737506113364],[0.869069050457005,51.173975127266],[0.869426210008469,51.1739663705129],[0.869440145368654,51.1741908864149],[0.869797306388385,51.1741821285484],[0.870154467235636,51.1741733695887],[0.870511627910385,51.1741646095357],[0.870868788412613,51.1741558483894],[0.871225948742298,51.1741470861498],[0.871583108899418,51.174138322817],[0.871940268883954,51.1741295583909],[0.871954215901843,51.1743540741448],[0.872311377354498,51.1743453086052],[0.872668538634523,51.1743365419724],[0.873025699741897,51.1743277742463],[0.8733828606766,51.174319005427],[0.873740021438612,51.1743102355143],[0.873753976832907,51.17453475116],[0.874111139062937,51.1745259801338],[0.87446830112023,51.1745172080144],[0.874825463004765,51.1745084348017],[0.874839423494125,51.1747329503794],[0.875196586846625,51.1747241760532],[0.875210549149633,51.1749486916031],[0.875567713970094,51.1749399161634],[0.875581678086792,51.1751644316857],[0.875938844375207,51.1751556551325],[0.87595281030564,51.1753801706271],[0.875966778031335,51.1756046868382],[0.875609608806239,51.1756134636021],[0.875623582599686,51.1758379832609],[0.875266411478008,51.1758467589963],[0.87528038373272,51.1760712787061],[0.875294356166378,51.1762957984051],[0.875651530723481,51.1762870225464],[0.875665505053835,51.176511542173],[0.876022681149765,51.1765027651625],[0.876036657376857,51.1767272847168],[0.87639383501161,51.1767185065544],[0.876751012467398,51.1767097273019],[0.876764992309053,51.1769342467222],[0.877122171303631,51.1769254663179],[0.877136153042133,51.1771499856657],[0.876778972329755,51.1771587661316],[0.876792952529508,51.1773832855304],[0.876435769920313,51.1773920649679],[0.876449748581271,51.1776165844176],[0.876092564075254,51.1776253628266],[0.876106541197375,51.1778498823273],[0.875749354794529,51.1778586597077],[0.875763330377768,51.1780831792593],[0.875406142078087,51.1780919556113],[0.875420116122401,51.1783164752138],[0.875062925925877,51.1783252505372],[0.875076898431222,51.1785497701906],[0.874719706337851,51.1785585444855],[0.874362514065602,51.1785673176901],[0.874376483313958,51.1787918374561],[0.874019289144873,51.1788006096321],[0.874033256854146,51.1790251294489],[0.87439045274123,51.1790163572113],[0.874404422347422,51.1792408769559],[0.874761619773663,51.1792321035664],[0.874775591276818,51.1794566232385],[0.875132790242209,51.1794478486972],[0.875118817021015,51.1792233290866],[0.875476014089457,51.1792145535166],[0.875462039329216,51.178990033957],[0.875819234500718,51.1789812573584],[0.876176429493268,51.1789724796696],[0.876162451476041,51.1787479602226],[0.876519644571636,51.1787391815053],[0.876505665015477,51.1785146621092],[0.876862856214124,51.1785058823633],[0.876848875119076,51.1782813630181],[0.877206064420782,51.1782725822437],[0.877192081786889,51.1780480629496],[0.877549269191657,51.1780392811466],[0.877906456417378,51.1780304982535],[0.877892470526804,51.177805979072],[0.878249655855575,51.1777971951504],[0.87823566842627,51.1775726760199],[0.87822168117611,51.1773481568787],[0.878578862890107,51.1773393719904],[0.878564874101279,51.1771148529001],[0.878922053918363,51.1771060669834],[0.878908063590911,51.1768815479441],[0.87926524151109,51.1768727609989],[0.879279233556323,51.1770972799765],[0.87929322578076,51.1773217989432],[0.879650406957374,51.1773130107844],[0.880007587954818,51.1773042215354],[0.880364768773066,51.1772954311963],[0.880350771395237,51.1770709124148],[0.879993592294782,51.1770797026922],[0.879979596813996,51.1768551838382],[0.880336774196678,51.1768463936225],[0.880322777177387,51.1766218748196],[0.880679952663114,51.1766130835756],[0.880665954105365,51.1763885648237],[0.880651955726897,51.176164046061],[0.881009127597973,51.1761552538505],[0.880995127681109,51.1759307351389],[0.880981127943545,51.1757062164165],[0.881338296200049,51.1756974232395],[0.881352297655266,51.1759219419],[0.881709467528688,51.1759131471063],[0.881723470903291,51.1761376655643],[0.882080642776367,51.1761288669014],[0.882437814469495,51.1761200671511],[0.882794985982654,51.1761112663135],[0.88278097743076,51.175886748146],[0.88313814703817,51.1758779463179],[0.883124136940586,51.1756534282337],[0.883481304642254,51.1756446254151],[0.883838472163891,51.1756358215091],[0.883824465449672,51.1754113058208],[0.884181631353802,51.1754025010232],[0.884167626007894,51.175177986392],[0.884524789869648,51.1751691805625],[0.884510782861472,51.1749446659794],[0.884867944680857,51.1749358591182],[0.88485393601046,51.1747113445831],[0.885211095787481,51.1747025366901],[0.885197085454911,51.1744780222031],[0.885554243189574,51.1744692132783],[0.885540231194877,51.1742446988394],[0.885897386887188,51.1742358888829],[0.88588337323041,51.174011374492],[0.885869359763827,51.1737868600907],[0.886226511561563,51.173778049161],[0.886212496432967,51.1735535348078],[0.88656964618839,51.1735447228464],[0.886555629397827,51.1733202085412],[0.886541612797495,51.1730956942256],[0.886898758658458,51.1730868812911],[0.886912777110942,51.1733113955482],[0.887269924633903,51.1733025814649],[0.887627071966686,51.1732937662914],[0.887613049809911,51.1730692521515],[0.887970195100351,51.1730604359464],[0.888327340200569,51.1730516186511],[0.888313314529859,51.1728271046179],[0.888670457587718,51.1728182862909],[0.88902760045531,51.1728094668738],[0.889013571270769,51.1725849529473],[0.889370712095988,51.1725761324986],[0.889356681249773,51.1723516186203],[0.889713820032627,51.17234279714],[0.890070958625147,51.1723339745695],[0.890056924265277,51.1721094607981],[0.890414060815416,51.172100637196],[0.890400024793993,51.1718761234727],[0.890757159301756,51.1718672988392],[0.891114293619122,51.1718584731155],[0.89110025408422,51.1716339594991],[0.891457386359196,51.1716251327439],[0.89144334516286,51.1714006191756],[0.891429304157057,51.1711761055969],[0.891415263341783,51.1709515920077],[0.891401222717035,51.170727078408],[0.89175834739394,51.1707182507974],[0.891772389870561,51.1709427643384],[0.89178643253773,51.1711672778689],[0.891800475395452,51.171391791389],[0.89181451844373,51.1716163048985],[0.891828561682566,51.1718408183976],[0.892185695428595,51.1718319894034],[0.892542828984131,51.171823159319],[0.892899962349149,51.1718143281445],[0.893257095523627,51.1718054958798],[0.893271146360946,51.1720300091335],[0.893628281196831,51.1720211757199],[0.893614228507538,51.1717966625249],[0.89397136130086,51.1717878280799],[0.894328493903569,51.1717789925447],[0.894342550296797,51.1720035056222],[0.894699684560832,51.1719946689382],[0.894713742996774,51.1722191819464],[0.894727801623472,51.1724436949442],[0.89508493940083,51.1724348570524],[0.895442076987494,51.1724260180704],[0.895428014656789,51.1722015051902],[0.895413952516884,51.1719769922995],[0.895399890567779,51.1717524793983],[0.895757022407796,51.1717436395025],[0.895771086208853,51.1719681523449],[0.895785150200734,51.1721926651768],[0.89614228555394,51.1721838240733],[0.896128219710087,51.1719593113001],[0.89611415405708,51.1717347985165],[0.896471285515607,51.1717259564404],[0.896457218201518,51.1715014437051],[0.896443151078293,51.1712769309593],[0.896800278642223,51.1712680879107],[0.897157406015356,51.1712592437719],[0.897514533197666,51.171250398543],[0.897871660189131,51.171241552224],[0.898228786989724,51.1712327048149],[0.898214710798026,51.1710081923527],[0.898571836866725,51.1709993428678],[0.898928963308362,51.1709904918433],[0.898914883574453,51.1707659795096],[0.899272008002155,51.1707571274294],[0.899257926632063,51.1705326151232],[0.898900804029446,51.1705414671672],[0.898886724673341,51.170316954816],[0.898872645506133,51.1700924424562],[0.898515526364805,51.170101293336],[0.898501449211511,51.1698767809312],[0.898144332704054,51.1698856298845],[0.898158407940923,51.1701101423992],[0.897801290399394,51.1701189895141],[0.897444172667012,51.1701278355389],[0.897458244391304,51.1703523481608],[0.897472316306512,51.1705768607721],[0.89748638841264,51.1708013733729],[0.897129264934039,51.1708102184841],[0.896772141264623,51.1708190625053],[0.896758072862138,51.1705945497868],[0.896744004650525,51.1703700370578],[0.896386884493945,51.1703788798712],[0.896372818324982,51.1701543670729],[0.896729936629782,51.1701455243184],[0.897087054743799,51.1701366804737],[0.897072985062169,51.1699121677826],[0.897430101133632,51.1699033229066],[0.897416029791161,51.1696788102638],[0.897773143820075,51.1696699643566],[0.897759070816811,51.1694454517622],[0.898116182803181,51.1694366048238],[0.89810210813917,51.1692120922777],[0.89845921888482,51.1692032436649],[0.898816330726207,51.1691943929299],[0.898802252503437,51.1689698805265],[0.899159362331099,51.1689610287359],[0.899145282472305,51.1687365163601],[0.89950239028625,51.1687276635138],[0.899488308791479,51.1685031511655],[0.89984541459171,51.1684942972636],[0.899859497911353,51.1687188095758],[0.900216605347591,51.1687099545459],[0.900230690681069,51.1689344668131],[0.900244776203517,51.1691589790716],[0.900601887100666,51.1691501228774],[0.900615974637023,51.169374635091],[0.900973087170186,51.1693657777688],[0.901330199514403,51.1693569193547],[0.901344290889664,51.1695814314871],[0.900987176720495,51.1695902899374],[0.901001266459831,51.1698148020973],[0.901358382453974,51.1698059436107],[0.901715498259143,51.1697970840323],[0.902072613875313,51.169788223362],[0.902058518661064,51.1695637113108],[0.902044423635911,51.169339199251],[0.901687311669654,51.1693480598488],[0.901673218658515,51.1691235477439],[0.901659125836441,51.1688990356304],[0.90201623415288,51.1688901751051],[0.90237334228031,51.1688813134881],[0.902359245997552,51.1686568014384],[0.90271635211108,51.1686479387658],[0.902702254192582,51.1684234267436],[0.903059358292215,51.1684145630155],[0.903045258738024,51.168190051021],[0.903402360823767,51.1681811862373],[0.903759462720418,51.1681723203619],[0.903745359705789,51.1679478084313],[0.903388259633928,51.1679566742704],[0.903031159372976,51.1679655390177],[0.903017060197072,51.1677410270057],[0.902659961571828,51.167749890625],[0.902674058922959,51.1679744026732],[0.90268815646321,51.1681989147128],[0.90233105399935,51.1682077773128],[0.901973951346467,51.1682166388211],[0.901616848504585,51.1682254992375],[0.901259745473727,51.1682343585622],[0.901245655232695,51.1680098463775],[0.901231565180687,51.1677853341842],[0.901217475317705,51.1675608219821],[0.901574572874205,51.1675519627663],[0.901931670241737,51.1675431024586],[0.901917576918298,51.1673185903204],[0.902274672272109,51.1673097289572],[0.9022605828239,51.1670852181144],[0.902246496380341,51.1668607079074],[0.901889404244409,51.1668695690192],[0.901875319746536,51.1666450586987],[0.901518229188257,51.1666539186241],[0.901161138446054,51.1666627774628],[0.900804047519953,51.1666716352147],[0.900818126733013,51.1668961458345],[0.900832206130071,51.1671206564405],[0.900475111496848,51.1671295133052],[0.900489193613429,51.1673540248553],[0.900132097314922,51.1673628807597],[0.899775000827548,51.1673717355722],[0.899789083202518,51.1675962479279],[0.899431984701542,51.1676051016849],[0.899417904151328,51.167380589293],[0.899060807286286,51.1673894419221],[0.899046731125574,51.1671649298967],[0.899403826494104,51.1671560773789],[0.899760921678842,51.1671472237744],[0.899746847566693,51.1669227128692],[0.899732773638474,51.1666982019504],[0.899375681976999,51.1667070553555],[0.899361609994305,51.1664825443232],[0.899004519910645,51.1664913965419],[0.898647429643222,51.1665002476739],[0.898633361367591,51.1662757364285],[0.898619293275814,51.1660512251694],[0.898262206606273,51.1660600747364],[0.898276272895227,51.1662845861553],[0.897919185715072,51.1662934333138],[0.897905121037638,51.1660689218365],[0.897548035297174,51.1660777678465],[0.897533972403188,51.1658532563003],[0.897519909681126,51.1656287447437],[0.897876992198609,51.1656198988505],[0.897862928037007,51.1653953873418],[0.898220008771211,51.165386540417],[0.898205943170113,51.1651620289563],[0.898191877740973,51.1649375174851],[0.897834800229619,51.164946364293],[0.897820736583826,51.1647218527529],[0.897806673109962,51.1644973412023],[0.897792609808026,51.1642728296413],[0.897435536958983,51.1642816751841],[0.897421475440304,51.1640571635542],[0.897064404030809,51.1640660079487],[0.897050344295346,51.1638414962499],[0.897407414093524,51.1638326519139],[0.897393352918643,51.1636081402631],[0.897036284731759,51.1636169845408],[0.896679216373116,51.1636258277286],[0.896665158592679,51.1634013159505],[0.897022225340043,51.1633924728211],[0.8970081661202,51.1631679610909],[0.897365231084562,51.1631591169301],[0.89772229587715,51.1631502716793],[0.897708233606716,51.1629257600555],[0.897694171508189,51.1627012484213],[0.897680109581566,51.1624767367765],[0.898037169368751,51.1624678906112],[0.898023106002867,51.1622433790145],[0.898009042808903,51.1620188674072],[0.897994979786855,51.1617943557895],[0.897637924833092,51.1618032017796],[0.897280869707553,51.1618120466799],[0.896923814410262,51.1618208904904],[0.896909756393433,51.1615963786871],[0.896552702535515,51.1616052213494],[0.896538646301618,51.1613807094772],[0.896895698548451,51.1613718668732],[0.896881640875313,51.1611473550489],[0.896867583374017,51.1609228432142],[0.896853526044561,51.160698331369],[0.89721057328654,51.1606894878504],[0.89719651451792,51.1604649760531],[0.897182455921154,51.1602404642454],[0.897168397496239,51.1600159524272],[0.897525439733552,51.160007107994],[0.897511379869552,51.1597825962238],[0.897497320177418,51.159558084443],[0.89785435902114,51.159549239037],[0.897840297889981,51.1593247273042],[0.897826236930704,51.1591002155609],[0.897812175730924,51.1588757041312],[0.898169209433901,51.1588668579435],[0.898155143625401,51.1586423492114],[0.898141077985424,51.1584178404585],[0.898127012513963,51.1581933316845],[0.89776998351536,51.1582021772986],[0.897755919780499,51.1579776683124],[0.897398892181589,51.1579865126561],[0.897384830183286,51.1577620034578],[0.89774185621413,51.1577531593054],[0.897727792816251,51.1575286502773],[0.897370768353452,51.1575374942385],[0.897013743722287,51.1575463371206],[0.897027803984073,51.1577708465311],[0.896670777616509,51.1577796885253],[0.896656718922775,51.1575551789236],[0.896299693954936,51.1575640196474],[0.89594266881879,51.1575728592921],[0.89592861342955,51.157348349287],[0.895571589693156,51.1573571876615],[0.895214565788497,51.1573660249567],[0.894857541715594,51.1573748611729],[0.894871592400707,51.1575993717515],[0.89451456659153,51.1576082070796],[0.894157540614147,51.1576170413287],[0.894171588331444,51.1578415522686],[0.893814560617798,51.1578503856297],[0.893828606935284,51.1580748967398],[0.893471577485371,51.1580837292129],[0.893114547867303,51.1580925606067],[0.893100504686013,51.1578680491143],[0.893086461672944,51.1576435376009],[0.893072418828095,51.1574190260665],[0.892715393746138,51.1574278558079],[0.892358368496076,51.15743668447],[0.892001343077926,51.157445512053],[0.891644317491711,51.1574543385569],[0.891287291737449,51.1574631639816],[0.891301326741964,51.1576876764714],[0.8909442992516,51.157696501008],[0.890587271593225,51.1577053244654],[0.890573239724863,51.1574808115935],[0.89021621346658,51.1574896337807],[0.890230243766863,51.1577141468437],[0.889873215772529,51.1577229681428],[0.889516187610244,51.1577317883627],[0.889159159280029,51.1577406075034],[0.888802130781904,51.1577494255649],[0.888445102115888,51.1577582425472],[0.888088073282,51.1577670584504],[0.887731044280261,51.1577758732743],[0.887745063771809,51.1580003876536],[0.887388033034115,51.1580092015893],[0.887031002128608,51.1580180144459],[0.887045018651777,51.1582425291862],[0.886687986010324,51.1582513411545],[0.886330953201094,51.1582601520436],[0.885973920224107,51.1582689618534],[0.885987932210631,51.1584934771458],[0.885630897497726,51.1585022860673],[0.885273862617102,51.1585110939096],[0.884916827568777,51.1585199006727],[0.884902820286798,51.1582953848075],[0.884545786638978,51.1583041903003],[0.8841887528235,51.158312994714],[0.884174748845606,51.158088478446],[0.883817716430661,51.1580972815895],[0.883460683848101,51.1581060836537],[0.883446683174219,51.157881566983],[0.883089651992219,51.1578903677771],[0.883075653054137,51.1576658508947],[0.883061654283694,51.1574413339914],[0.882704626070377,51.1574501333245],[0.882690629035667,51.1572256162094],[0.882333602222903,51.1572344142724],[0.882319606923886,51.1570098969456],[0.881962581511679,51.1570186937385],[0.881605553513646,51.1570274885612],[0.881248511414331,51.1570362771768],[0.88123452076094,51.1568117590318],[0.880877480383995,51.1568205463862],[0.880520439812179,51.1568293326606],[0.880163399045518,51.156838117855],[0.879806358084036,51.1568469019694],[0.879820341068332,51.1570714208394],[0.879463297994771,51.1570802040551],[0.879106254726435,51.1570889861908],[0.879092275576708,51.1568644669584],[0.878735234030912,51.1568732478329],[0.878378192290395,51.1568820276274],[0.878392167605541,51.1571065472222],[0.878035123753031,51.1571153261179],[0.877678079705847,51.1571241039336],[0.877664108225296,51.1568995839764],[0.877307065900765,51.1569083605309],[0.877321035464013,51.1571328806693],[0.876963991027552,51.157141656325],[0.876950023381611,51.1569171360055],[0.87659298066786,51.1569259104],[0.876235937759538,51.1569346837146],[0.876249901570858,51.1571592043964],[0.876606946396493,51.1571504309007],[0.876620912319779,51.1573749513813],[0.876634878437721,51.1575994718418],[0.876648844750324,51.1578239922822],[0.876291794172607,51.1578327663214],[0.87593474340033,51.1578415392805],[0.875948706072775,51.1580660600631],[0.875591653188546,51.1580748321233],[0.875577692433516,51.1578503111595],[0.875220641272192,51.1578590819585],[0.875234600109803,51.1580836031034],[0.874877546836572,51.1580923730035],[0.874891503951308,51.1583168943094],[0.875248559141986,51.1583081242282],[0.875605614138171,51.1582993530669],[0.875962668939838,51.1582905808256],[0.876319723546964,51.1582818075042],[0.876676777959523,51.1582730331027],[0.877033832177489,51.1582642576212],[0.877390886200838,51.1582554810597],[0.877747940029545,51.158246703418],[0.878104993663584,51.1582379246964],[0.878118968229979,51.1584624443518],[0.878476023586767,51.1584536643689],[0.878490000265394,51.1586781838229],[0.878503977138721,51.1589027032269],[0.878517954171763,51.1591272194292],[0.8785319313504,51.1593517356118],[0.878174869607472,51.1593605161847],[0.878188845641052,51.1595850325243],[0.878202821820215,51.1598095488442],[0.877845757350446,51.1598183286903],[0.8778597323845,51.1600428451672],[0.877502666478538,51.1600516241097],[0.877516640367448,51.1602761407437],[0.877530614401912,51.1605006573579],[0.877544588581934,51.1607251739524],[0.877187518658288,51.1607339523448],[0.877201491693097,51.1609584690963],[0.876844420333205,51.160967246585],[0.876830448589168,51.1607427296567],[0.876473378374587,51.1607515058882],[0.876116308014564,51.1607602810392],[0.875759237509111,51.1607690551097],[0.875402166858247,51.1607778280998],[0.875045096061988,51.1607866000093],[0.874688025120347,51.1607953708384],[0.874701989119708,51.1610198888273],[0.874715953264487,51.1612444067964],[0.874729917554684,51.1614689247458],[0.874372842595262,51.1614776950246],[0.87438680574004,51.161702213131],[0.874743881990303,51.1616934426755],[0.875100958095192,51.1616846711394],[0.875114923967092,51.1619091888726],[0.875128889984437,51.162133706586],[0.874771811297816,51.1621424784756],[0.874757846571347,51.1619179605854],[0.874400769030224,51.1619267312177],[0.874414732465817,51.1621512492846],[0.874057653488455,51.162160019013],[0.874071615778561,51.1623845372369],[0.874085578214063,51.1626090554411],[0.874442659773238,51.1626002853591],[0.874456623645071,51.1628248033668],[0.874813706349809,51.1628160320275],[0.875170788909163,51.1628072596077],[0.87518475550831,51.1630317772421],[0.875541839213207,51.163023003565],[0.875555807248772,51.1632475210029],[0.875912892099209,51.1632387460683],[0.87592686157123,51.1634632633097],[0.875940831188747,51.1636877805313],[0.876297918475717,51.1636790041626],[0.876311889529746,51.1639035211876],[0.876325860729294,51.1641280381929],[0.876339832074364,51.1643525551785],[0.876353803564959,51.1645770721442],[0.876710895870617,51.1645682939878],[0.87672486879782,51.164792810757],[0.87673884187057,51.1650173275064],[0.876752815088871,51.1652418442361],[0.877109911122336,51.1652330644685],[0.87712388577732,51.1654575810017],[0.877137860577878,51.165682097515],[0.87715183552401,51.1659066140086],[0.877508935285414,51.1658978326299],[0.877522911668308,51.1661223489269],[0.8775368881968,51.1663468652041],[0.877179785853008,51.1663556469365],[0.877193761235879,51.1665801633708],[0.876836657455348,51.1665889441993],[0.876850631692563,51.1668134607907],[0.876493526475286,51.1668222407153],[0.876507499566808,51.1670467574638],[0.876521471334029,51.167271274018],[0.876878579516682,51.1672624938004],[0.87689254595571,51.1674870094756],[0.876906512567676,51.1677115251434],[0.876920479352584,51.1679360408037],[0.876563366249732,51.1679448210821],[0.876206252974062,51.1679536002675],[0.875849139525592,51.1679623783599],[0.875835177660955,51.1677378626388],[0.875478065679803,51.1677466396179],[0.875464105628117,51.1675221238692],[0.875106995114287,51.167530899735],[0.875093036875511,51.1673063839586],[0.87473592782901,51.1673151587113],[0.874721964842053,51.1670906417603],[0.874364857460799,51.1670994153774],[0.874350892116888,51.1668748975682],[0.874707998206868,51.1668661241279],[0.874694031717145,51.1666416064757],[0.874336926918421,51.1666503797393],[0.874322961865395,51.1664258618905],[0.874308996957807,51.1662013440221],[0.874295032195655,51.1659768261339],[0.874652133120716,51.1659680534006],[0.874638167212812,51.1657435356694],[0.874624201450358,51.1655190179185],[0.874981299647671,51.1655102444581],[0.874967332739518,51.1652857268642],[0.874953365976825,51.1650612092505],[0.874596270361789,51.1650699823574],[0.874582305035667,51.1648454645472],[0.874568339854985,51.1646209467172],[0.874554374819741,51.1643964288676],[0.874197282932596,51.1644052003635],[0.874183319333845,51.1641806823173],[0.874169355880509,51.1639561642514],[0.8738122664301,51.1639649343132],[0.873826228592392,51.1641894525558],[0.873469137705588,51.1641982217138],[0.87345517683434,51.1639737032944],[0.873098087093247,51.1639824711949],[0.873084127658406,51.163757952579],[0.872727039063028,51.1637667192223],[0.872740997206837,51.1639912380149],[0.872383907175124,51.1640000037542],[0.87239786417322,51.1642245227037],[0.872040772705166,51.1642332875391],[0.87168368109184,51.1642420512939],[0.871326589333256,51.1642508139679],[0.871340542603452,51.1644753334279],[0.870983449408548,51.164484095198],[0.870626356068416,51.1644928558874],[0.870640306901687,51.164717375681],[0.870654257880198,51.1649418954548],[0.870668209003951,51.1651664152089],[0.870682160272947,51.1653909349432],[0.870696111687191,51.1656154546578],[0.871053211483002,51.165606693085],[0.871067164333685,51.1658312126032],[0.871081117329638,51.1660557321017],[0.870724014951429,51.1660644940279],[0.870737966801428,51.1662890136833],[0.870751918796683,51.166513533319],[0.871109023757361,51.1665047710394],[0.871466128572791,51.1664960076791],[0.871480083295825,51.1667205269417],[0.871494038164157,51.1669450461845],[0.871136930766191,51.1669538098982],[0.871150884488527,51.167178329298],[0.871164827868569,51.167402846122],[0.870807716923439,51.1674116088515],[0.87079377565401,51.1671870921076],[0.870779823222972,51.1669625725312],[0.870422715534515,51.1669713340833],[0.870065607700838,51.1669800945548],[0.870079557549275,51.1672046144846],[0.870093494515771,51.1674291310314],[0.87010742979346,51.1676536470899],[0.870121365243682,51.1678781631409],[0.869764250500965,51.1678869226316],[0.869407135585826,51.1678956810291],[0.869421067928298,51.1681201971128],[0.869778184483581,51.1681114386952],[0.87013530086644,51.1681026791845],[0.870492417076856,51.1680939185807],[0.870506354512315,51.1683184345967],[0.870863472190422,51.1683096728798],[0.871220589696042,51.1683009100699],[0.871206648980272,51.1680763940941],[0.871192708437104,51.1678518781109],[0.871178768066537,51.1676273621202],[0.871535880479255,51.1676185982775],[0.871549822489931,51.1678431142481],[0.871563764673229,51.1680676302113],[0.871577707029151,51.1682921461669],[0.871591649557701,51.1685166621151],[0.871605592258882,51.1687411780558],[0.871962712699823,51.1687324130195],[0.871976657213849,51.1689569289326],[0.871990601900534,51.1691814448382],[0.87200454675988,51.1694059607364],[0.871647421398237,51.1694147258331],[0.871661364789969,51.1696392417439],[0.871304237615502,51.1696480057676],[0.870947110268508,51.1696567686982],[0.870589982749007,51.1696655305357],[0.870603921392472,51.1698900464993],[0.870246792060176,51.1698988072638],[0.870260729235896,51.1701233232401],[0.870274666584181,51.1703478392089],[0.870631799197159,51.1703390784042],[0.870645738358386,51.1705635943455],[0.870659677692206,51.1707881102793],[0.870673617198621,51.1710126262056],[0.870687556877635,51.1712371421244],[0.870330417703034,51.1712459030095],[0.870344355914191,51.1714704189409],[0.869987214926645,51.1714791787529],[0.869630073766631,51.1714879374717],[0.869644008869402,51.1717124534358],[0.869286865896454,51.1717212110815],[0.869272932434172,51.1714966950973],[0.869258999144409,51.1712721791056],[0.869245066027161,51.1710476631065],[0.868887927803196,51.1710564195988],[0.868873996498891,51.1708319035721],[0.868516859742959,51.1708406589512],[0.868159722814652,51.1708494132372]]],[[[0.874891503951308,51.1583168943094],[0.874534448566161,51.1583256633105],[0.874548403957974,51.1585501847775],[0.874191346460909,51.1585589528796],[0.87420530012975,51.1587834745076],[0.87384824052076,51.1587922417108],[0.873862196692153,51.1590167618053],[0.873505135640156,51.1590255279792],[0.873148074442861,51.1590342930727],[0.873162032116383,51.1592588119264],[0.872804969483151,51.1592675761161],[0.872818926011327,51.1594920951267],[0.872461861942153,51.1595008584126],[0.872475817324949,51.1597253775802],[0.872118751819824,51.1597341399624],[0.872132706057203,51.1599586592869],[0.871775639116122,51.1599674207653],[0.871789592208049,51.1601919402468],[0.87180354544524,51.1604164597085],[0.871817498827696,51.1606409791505],[0.871460427869131,51.1606497400784],[0.871103356765345,51.1606584999257],[0.870746285516354,51.1606672586926],[0.870389214122175,51.1606760163789],[0.870403162486735,51.1609005365078],[0.870417110996495,51.161125056617],[0.870060036875531,51.161133813576],[0.870073984239659,51.1613583338421],[0.870087931748974,51.1615828540885],[0.86973085490116,51.1615916103203],[0.869744801264791,51.1618161307235],[0.869758747773595,51.1620406511071],[0.869772694427575,51.1622651714709],[0.869786641226732,51.162489691815],[0.869800588171069,51.1627142121394],[0.869814535260589,51.1629387324441],[0.869828482495294,51.163163252729],[0.869842429875184,51.1633877729942],[0.86948534255473,51.1633965295585],[0.869499288788793,51.1636210499806],[0.869856377400266,51.1636122932397],[0.869870325070538,51.1638368134655],[0.870227414827873,51.1638280554673],[0.870584504440018,51.1638192963885],[0.870941593906956,51.163810536229],[0.871298683228676,51.1638017749889],[0.871655772405158,51.1637930126682],[0.872012861436388,51.1637842492668],[0.872369950322351,51.1637754847849],[0.872355993614896,51.1635509657958],[0.872713081064557,51.1635422004099],[0.873070168368922,51.1635334339434],[0.87305620922479,51.163308915288],[0.87304225022601,51.1630843966129],[0.873028291372577,51.1628598779181],[0.8733853746587,51.1628511109012],[0.873371414659674,51.1626265923633],[0.873357454806011,51.1624020738057],[0.873714535364953,51.1623933060616],[0.873700574365746,51.162168787661],[0.873686613511915,51.1619442692406],[0.873672652803457,51.1617197508005],[0.873658692240368,51.1614952323406],[0.874015767490485,51.1614864642229],[0.874001805781936,51.16126194592],[0.873987844218771,51.1610374275974],[0.874344916741916,51.1610286587526],[0.874330954033343,51.1608041405869],[0.874316991470165,51.1605796224016],[0.874303029052383,51.1603551041964],[0.874289066779992,51.1601305859716],[0.874275104652991,51.159906067727],[0.874632170577027,51.1598972986853],[0.874618207304715,51.1596727805977],[0.874604244177805,51.1594482624903],[0.874590281196298,51.1592237443632],[0.874947343102943,51.1592149747713],[0.874933378976191,51.1589904568012],[0.874919418764433,51.158765936861],[0.874905461260593,51.1585414155952],[0.874891503951308,51.1583168943094]]],[[[0.884035721891092,51.1099709313299],[0.883679055891682,51.1099797289255],[0.883665082908819,51.1097552116696],[0.884021747095638,51.1097464141255],[0.884378411095728,51.1097376154931],[0.884735074909064,51.1097288157724],[0.885091738535622,51.1097200149634],[0.885448401975379,51.109711213066],[0.885805065228311,51.1097024100804],[0.886161728294397,51.1096936060064],[0.886175713965331,51.1099181229012],[0.886532378657115,51.1099093176873],[0.886518391173612,51.1096848008441],[0.886875053865932,51.1096759945935],[0.887231716371334,51.1096671872546],[0.887588378689795,51.1096583788274],[0.887574385955656,51.1094338621292],[0.88793104627462,51.1094250526653],[0.887917051915019,51.1092005360089],[0.888273710234492,51.1091917255084],[0.888259714249475,51.1089672088937],[0.888245718543733,51.1087426923707],[0.888231723054504,51.1085181758747],[0.88821772774641,51.1082936593675],[0.888203732619445,51.1080691428489],[0.888189737673609,51.1078446263191],[0.888175742908897,51.1076201097779],[0.8878190968414,51.1076289198127],[0.88780510399456,51.1074044031913],[0.887791111328817,51.1071798865585],[0.887434468553794,51.1071886953686],[0.887420477805853,51.1069641786556],[0.887063836586559,51.1069729863098],[0.887049847756376,51.1067484695166],[0.886693208092816,51.106757276015],[0.886679221180348,51.1065327591415],[0.886665234448898,51.1063082422567],[0.886308598077732,51.1063170475304],[0.886294613263926,51.1060925305653],[0.885937978448488,51.1061013346833],[0.885923995552282,51.105876817638],[0.88591001283704,51.1056523005814],[0.885553381313928,51.1056611034748],[0.885539400516216,51.105436586338],[0.885182770548827,51.1054453880756],[0.8851687916686,51.1052208708586],[0.88481216325694,51.1052296714406],[0.884798186294155,51.1050051541434],[0.884441559438229,51.1050139535697],[0.884084932401527,51.1050227519092],[0.88409890589124,51.1052472693442],[0.883742276937245,51.1052560666658],[0.883756248871239,51.1054805841583],[0.883399617999946,51.105489380462],[0.883413588378177,51.1057138980121],[0.883056955589578,51.1057226932979],[0.883070924412001,51.1059472109056],[0.882714289706092,51.1059560051734],[0.882728256972663,51.1061805228386],[0.882371620349436,51.1061893160885],[0.882014983545552,51.1061981082514],[0.882028947519561,51.1064226260431],[0.881672308798374,51.1064314171881],[0.881686271216416,51.1066559350372],[0.881329630576334,51.1066647252323],[0.880972989755876,51.1066735143455],[0.880986948889633,51.1068980323199],[0.880630306156649,51.1069068204161],[0.880644263738402,51.1071313384488],[0.880287619092885,51.1071401255279],[0.88030157512259,51.107364643619],[0.879944928564534,51.107373429681],[0.879958883042147,51.1075979478304],[0.879972837700018,51.1078224659684],[0.879986792538155,51.1080469840951],[0.880343444293396,51.108038197824],[0.880357401044238,51.1082627158696],[0.880371357975374,51.1084872339039],[0.880385315086803,51.1087117519268],[0.880399272211317,51.1089362699132],[0.880413228452827,51.1091607877287],[0.88076988872592,51.1091520000308],[0.880783846867945,51.1093765177666],[0.8807978051894,51.1096010354912],[0.88081176369029,51.1098255532045],[0.880825722370618,51.1100500709065],[0.880469055212963,51.1100588588782],[0.880112387875985,51.1100676457629],[0.88012634329336,51.1102921635906],[0.880140298890133,51.110516681407],[0.880496969669531,51.1105078943854],[0.88051092716695,51.1107324121221],[0.880524884843797,51.1109569298475],[0.880538842700074,51.1111814475616],[0.880552800735786,51.1114059652645],[0.880566758950934,51.1116304829562],[0.880580717345523,51.1118550006365],[0.880594675919553,51.1120795183056],[0.880608634673031,51.1123040359635],[0.880622593605956,51.1125285536101],[0.880636552718334,51.1127530712454],[0.880279864725519,51.1127618589515],[0.88029382229589,51.1129863766441],[0.880307780045695,51.1132108943253],[0.880664471481457,51.1132021064822],[0.881021162737854,51.1131933175521],[0.881035124110109,51.1134178350851],[0.881391816908618,51.1134090449993],[0.881405780181882,51.1136335624526],[0.881419743634659,51.1138580798947],[0.881063047393082,51.1138668701174],[0.88104908566185,51.1136423526069],[0.880692390962425,51.113651141674],[0.880706350972108,51.113875659253],[0.880720311161261,51.1141001768208],[0.881077009303806,51.1140913876167],[0.88143370726695,51.1140825973255],[0.881447671078757,51.114307114745],[0.881090971394024,51.1143159051047],[0.880734271529888,51.1143246943772],[0.880377571486369,51.1143334825626],[0.880391530312854,51.1145580001763],[0.880405489318798,51.1147825177787],[0.8804194485042,51.1150070353698],[0.880433407869067,51.1152315529497],[0.880447367413398,51.1154560705183],[0.8804613271372,51.1156805880757],[0.880475287040474,51.1159051056217],[0.880118574765791,51.1159138931991],[0.880132533126765,51.1161384108024],[0.880146491667196,51.1163629283944],[0.880160450387086,51.1165874459752],[0.880174409286439,51.1168119635447],[0.880188368365256,51.1170364811029],[0.880545089249035,51.1170276931833],[0.880901809953416,51.1170189041763],[0.88125853047838,51.1170101140821],[0.881244566233982,51.1167855967293],[0.881230602169115,51.1165610793652],[0.881216638283778,51.1163365619898],[0.881573353463806,51.1163277710138],[0.8819300707758,51.1163189794355],[0.882286788657523,51.1163101869273],[0.882272819509193,51.1160856696918],[0.882629535390985,51.1160768761465],[0.882615564616201,51.1158523589526],[0.882972278498066,51.1158435643703],[0.882958306096877,51.1156190472181],[0.883315017978822,51.1156102515988],[0.883301043951273,51.1153857344881],[0.883287070110556,51.1151612173675],[0.883273096456669,51.114936700237],[0.883629802712426,51.1149279036838],[0.883615827432265,51.1147033865949],[0.883972531688166,51.1146945890048],[0.883958554781774,51.1144700719575],[0.883944578062251,51.1142455549003],[0.88393060152959,51.1140210378332],[0.883916625183788,51.1137965207561],[0.883902649024843,51.1135720036691],[0.884259344028833,51.1135632052483],[0.884245366243785,51.1133386882029],[0.88423138864561,51.1131141711476],[0.884588079836927,51.1131053717415],[0.884574100612713,51.1128808547279],[0.884560121575389,51.1126563377043],[0.884916808954116,51.1126475373129],[0.885273496146024,51.1126387358332],[0.88563018315109,51.112629933265],[0.885616198862082,51.1124054163863],[0.88525951366987,51.1124142189028],[0.884902828290819,51.112423020331],[0.884888847814428,51.1121985033391],[0.884532164061398,51.1122073036272],[0.884518185584726,51.1119827865738],[0.884161503457723,51.111991585722],[0.884147526980723,51.111767068607],[0.883790846479756,51.1117758666152],[0.88377687200238,51.1115513494388],[0.883420193127455,51.111560146307],[0.88340622064966,51.1113356290691],[0.88376289771183,51.1113268322524],[0.884119574587271,51.1113180343474],[0.884133550690573,51.1115425514822],[0.884490229192009,51.1115337524372],[0.88450420729493,51.1117582695105],[0.884860887422355,51.1117494693255],[0.884846907506665,51.1115249523038],[0.885203585634518,51.111516151082],[0.885560263575546,51.1115073487718],[0.885546280221269,51.1112828318434],[0.885532297053929,51.111058314905],[0.885888971182658,51.1110495116097],[0.88587498638956,51.110824994713],[0.885861001783417,51.1106004778063],[0.885847017364223,51.1103759608898],[0.885490348673496,51.1103847640302],[0.885476366253871,51.1101602470521],[0.885119699188933,51.1101690490527],[0.885133679795935,51.1103935660824],[0.884777010731563,51.1104023670462],[0.884420341480404,51.1104111669217],[0.884406364498661,51.1101866497887],[0.88439238770377,51.1099621326459],[0.884035721891092,51.1099709313299]]],[[[0.884433746966676,51.1565080610991],[0.884076725695975,51.1565168639854],[0.883719704257656,51.1565256657925],[0.883733705493637,51.1567501823976],[0.883747706897287,51.1569746989818],[0.884104731471681,51.1569658967929],[0.884461755878453,51.1569570935247],[0.884475760585908,51.1571816097062],[0.884832786393102,51.157172805168],[0.885189812032632,51.1571639995505],[0.885175804189051,51.1569394837509],[0.885161796513225,51.1567149679303],[0.884804774009797,51.1567237731659],[0.884790768069742,51.1564992571336],[0.884433746966676,51.1565080610991]]],[[[0.865826573130464,51.1216617385054],[0.865469811465674,51.1216704819656],[0.865483701796779,51.1218950023786],[0.865126938201356,51.1219037448143],[0.864770174815847,51.121912486268],[0.864756287990872,51.1216879657313],[0.864399526376851,51.1216967060905],[0.864413411478471,51.1219212266959],[0.864056647962581,51.1219299660363],[0.864070531519427,51.1221544866992],[0.864084415254863,51.1223790073508],[0.863727648113693,51.1223877457412],[0.863741530304292,51.1226122664503],[0.863384761261216,51.1226210038219],[0.863027992039685,51.122629740106],[0.863041870961947,51.1228542609412],[0.863055750062741,51.1230787817651],[0.862698977215836,51.1230875170991],[0.862712854771662,51.1233120379804],[0.86306962934207,51.1233033025777],[0.863426403734036,51.1232945660874],[0.863783177947537,51.1232858285097],[0.86413995198255,51.1232770898444],[0.864153836610974,51.1235016104396],[0.863797060852444,51.1235103491736],[0.863810943935936,51.1237348698262],[0.864167721418004,51.1237261310235],[0.864181606403644,51.1239506515961],[0.864538385430754,51.1239419116372],[0.864895164279324,51.1239331705907],[0.864909052890732,51.1241576910145],[0.864552272318586,51.1241664321298],[0.864566159385055,51.1243909526111],[0.8649229416808,51.1243822114271],[0.864936830649531,51.1246067318284],[0.864950719796928,51.1248312522184],[0.865307506203658,51.1248225100179],[0.8653213973153,51.1250470303422],[0.865678185412754,51.1250382870203],[0.865692078455482,51.1252628072704],[0.86570597167901,51.1254873275097],[0.866062763096403,51.1254785829732],[0.866076658470591,51.1257031032178],[0.866433451477577,51.1256943575301],[0.866447348999938,51.1259188777655],[0.866461246708005,51.1261433979907],[0.866818043154355,51.1261346511067],[0.866804143633791,51.1259101309352],[0.866790244298954,51.1256856107535],[0.866776345388976,51.1254610906362],[0.867133136264109,51.1254523428356],[0.867489926958446,51.1254435939471],[0.867846717471961,51.1254348439706],[0.868203507804633,51.125426092906],[0.86856029795644,51.1254173407534],[0.868546390730343,51.125192821021],[0.868532483685224,51.1249683012776],[0.868889270155551,51.1249595481638],[0.869246056444974,51.124950793962],[0.86925996699066,51.1251753135786],[0.869616754849434,51.1251665582254],[0.869973542527257,51.1251578017842],[0.870330330024105,51.1251490442551],[0.870316414227592,51.1249245248287],[0.870673199793173,51.124915766275],[0.8706592824275,51.1246912469012],[0.87101606606182,51.1246824873229],[0.871002147127031,51.1244579680017],[0.871358928830098,51.1244492073989],[0.871715710352108,51.1244404457081],[0.872072491693041,51.1244316829293],[0.872058567688798,51.1242071637876],[0.872415347098442,51.1241983999843],[0.872772126326968,51.1241896350932],[0.873128905374352,51.124180869114],[0.873114976300812,51.1239563501518],[0.873471753416875,51.1239475831482],[0.873828530351755,51.1239388150567],[0.873814597959204,51.1237142962106],[0.873800665747947,51.1234897773537],[0.874157439001388,51.1234810083012],[0.87414350522134,51.1232564894969],[0.874129571622604,51.1230319706817],[0.874486341194686,51.1230232006684],[0.874472406027223,51.1227986819058],[0.874829173668034,51.1227899108681],[0.874815236931887,51.1225653921582],[0.875172002641434,51.1225566200961],[0.87515806433665,51.1223321014389],[0.875514828114938,51.1223233283525],[0.875500888241561,51.1220988097479],[0.875857650088597,51.1220900356372],[0.875843708646672,51.1218655170852],[0.876200468562461,51.1218567419502],[0.876186525552033,51.121632223451],[0.876172582723027,51.1214077049408],[0.876529338957693,51.1213989288451],[0.876515394560248,51.1211744103876],[0.876501450344242,51.1209498919193],[0.876858202897864,51.1209411148629],[0.877214955270117,51.1209323367186],[0.877201007735927,51.1207078183666],[0.877557758176984,51.1206990391981],[0.877543809074487,51.1204745208987],[0.877900557584352,51.120465740706],[0.877886606913595,51.1202412224594],[0.878243353492276,51.1202324412425],[0.878229401253302,51.1200079230486],[0.878215449195863,51.1197834048438],[0.878572192093657,51.1197746226664],[0.878928934809986,51.1197658394012],[0.878914979434713,51.1195413213127],[0.879271720219874,51.1195325370234],[0.879257763276519,51.1193080189877],[0.87961450213052,51.1192992336742],[0.879600543619127,51.1190747156913],[0.879586585289347,51.1188501976975],[0.879572627141176,51.1186256796927],[0.879558669174611,51.1184011616771],[0.879544711389651,51.1181766436507],[0.879530753786293,51.1179521256133],[0.87951679636453,51.1177276075651],[0.879502839124362,51.1175030895059],[0.879488882065786,51.1172785714359],[0.879474926059603,51.1170540536804],[0.87946097042452,51.1168295359853],[0.879817689945154,51.1168207503086],[0.879803732767645,51.1165962326707],[0.879789775769576,51.1163717150215],[0.879775818950946,51.116147197361],[0.879761862311749,51.1159226796893],[0.879747905851983,51.1156981620063],[0.879733949571646,51.115473644312],[0.879719993470734,51.1152491266065],[0.879706037549244,51.1150246088897],[0.879692081807173,51.1148000911617],[0.879678126244519,51.1145755734223],[0.879321423941361,51.1145843584146],[0.879307470279747,51.1143598405956],[0.879664170861278,51.1143510556718],[0.880020871263492,51.1143422696608],[0.880006914338059,51.1141177519674],[0.879992957592055,51.1138932342627],[0.879636260633022,51.1139020201369],[0.879622305788001,51.1136775023525],[0.879608351122382,51.1134529845569],[0.879965044638323,51.1134441988197],[0.879951088430589,51.1132196810812],[0.879937132402271,51.1129951633315],[0.879923176553367,51.1127706455706],[0.879909220883874,51.1125461277983],[0.879552534253853,51.1125549132618],[0.879538580485193,51.1123303954099],[0.879181895397308,51.1123391797178],[0.879167943529436,51.1121146617862],[0.879524626895915,51.1121058775467],[0.879510673486018,51.1118813596723],[0.879496720255497,51.1116568417866],[0.87948276720435,51.1114323238896],[0.879126089001957,51.1114411079238],[0.878769410620309,51.111449890871],[0.87841273205943,51.1114586727311],[0.878426679946549,51.1116831908333],[0.878069999485111,51.1116919716748],[0.877713318844482,51.1117007514291],[0.877699374400065,51.1114762331901],[0.877342695301622,51.111485011789],[0.876986016024035,51.1114937893009],[0.87699995702574,51.1117183076766],[0.876643275847671,51.1117270841698],[0.876657215307213,51.1119516026027],[0.876300532228655,51.1119603780771],[0.87631447014599,51.112184896567],[0.876328408242504,51.1124094150458],[0.876342346518204,51.1126339335133],[0.87635628497309,51.1128584519695],[0.876712974937412,51.1128496762216],[0.876726915292987,51.1130741945983],[0.876370223607167,51.1130829704145],[0.876384162420438,51.1133074888482],[0.876027468833999,51.1133162636456],[0.875670775068481,51.1133250373559],[0.875684710617858,51.1135495559151],[0.875328014951733,51.1135583286066],[0.875341948958694,51.1137828472228],[0.87535588314479,51.1140073658278],[0.875369817510028,51.1142318844215],[0.875726518340934,51.114223111525],[0.876083218992771,51.1142143375413],[0.876097156980422,51.1144388559871],[0.876453859174799,51.1144300808479],[0.876810561190058,51.1144213046215],[0.876824502800203,51.1146458229193],[0.877181206357971,51.1146370455374],[0.877537909736576,51.1146282670682],[0.877523964683137,51.1144037489072],[0.877880666160914,51.1143949694192],[0.878237367459485,51.1143861888441],[0.878251315956203,51.1146107068683],[0.877894612935993,51.1146194875119],[0.877908559890375,51.1148440055933],[0.877922507024063,51.1150685236634],[0.877565800381296,51.1150773033565],[0.877579745972584,51.1153018214838],[0.877223037428914,51.1153106001581],[0.877236981477761,51.1155351183425],[0.876880271033181,51.115543895998],[0.876866328706072,51.1153193777452],[0.876509619804077,51.1153281542451],[0.876152910722953,51.1153369296578],[0.875796201462723,51.1153457039832],[0.875810138624607,51.1155702224411],[0.875453427463544,51.1155789957476],[0.875096716123416,51.1155877679669],[0.874740004604242,51.115596539099],[0.87475393677999,51.1158210577507],[0.874397223360015,51.1158298278638],[0.874040509761038,51.1158385968898],[0.874026581028851,51.1156140781015],[0.873669868972678,51.1156228459719],[0.873655942141327,51.1153983271041],[0.873642015489023,51.115173808225],[0.873628089015763,51.1149492893347],[0.873984795906713,51.1149405216692],[0.873970867890797,51.114716002836],[0.874327572881084,51.1147072341516],[0.874684277692384,51.11469846438],[0.874670346412187,51.1144739456721],[0.874656415311093,51.114249426953],[0.874642484389096,51.1140249082226],[0.874285784742737,51.1140336777893],[0.874271855721438,51.1138091589793],[0.873915157617707,51.1138179273905],[0.873901230497062,51.113593408501],[0.873544533935963,51.1136021757567],[0.87355845933502,51.1138266947145],[0.873201760873403,51.1138354609513],[0.872845062232876,51.113844226101],[0.872858984367734,51.1140687451841],[0.872502283826701,51.1140775093148],[0.872145583106801,51.1140862723584],[0.872159501977362,51.1143107915668],[0.871802799356968,51.1143195535915],[0.871816716684805,51.1145440728569],[0.871460012163913,51.1145528338626],[0.871473927948981,51.114777353185],[0.871487843912955,51.1150018724961],[0.871501760055837,51.1152263917961],[0.871515676377632,51.1154509110847],[0.871872387785427,51.115442149806],[0.871886306007918,51.1156666690152],[0.871529592878341,51.1156754303621],[0.871543509557969,51.1158999496283],[0.871186794527762,51.1159087099563],[0.87083007931875,51.1159174691969],[0.870843992733639,51.1161419885883],[0.870487275624012,51.11615074681],[0.870501187495923,51.1163752662584],[0.870515099546696,51.1165997856955],[0.870529011776333,51.1168243051214],[0.870542924184837,51.117048824536],[0.870186200008876,51.1170575819433],[0.870200110942381,51.1172821014685],[0.870556836831171,51.1172733439832],[0.870570749971473,51.1174978636522],[0.870584663292806,51.1177223833104],[0.870598576795171,51.1179469029577],[0.870612490478574,51.1181714225942],[0.870626404343015,51.1183959422197],[0.8706403183885,51.1186204618345],[0.870997054593714,51.1186117028809],[0.871010970569881,51.1188362224213],[0.87102488672712,51.1190607419509],[0.871381626250653,51.1190519817827],[0.871395544338645,51.1192765012379],[0.87175228543085,51.1192677399186],[0.871766205449641,51.1194922592995],[0.872122948110513,51.1194834968289],[0.872136870060146,51.1197080161355],[0.872493614289678,51.1196992525137],[0.872479690590329,51.1194747332706],[0.872836432889067,51.1194659686245],[0.873193175006707,51.1194572028906],[0.873179247989149,51.1192326837636],[0.873535988175982,51.1192239170054],[0.873892728181673,51.1192151491595],[0.8742494680062,51.1192063802259],[0.874263400272798,51.1194308991624],[0.874277332720678,51.1196554180881],[0.874634075863389,51.1196466479397],[0.874648010242272,51.119871166791],[0.875004754953484,51.1198623954912],[0.875018691263415,51.1200869142681],[0.874661944802464,51.1200956856314],[0.874305198160292,51.1201044559069],[0.873948451336921,51.1201132250946],[0.873591704332374,51.1201219931944],[0.873577775021415,51.1198974741635],[0.873221029585465,51.1199062411121],[0.873234957146673,51.1201307602065],[0.873248884889104,51.1203552792901],[0.872892135772495,51.1203640452779],[0.872535386474773,51.1203728101779],[0.872549310898831,51.1205973293776],[0.872192559670215,51.1206060932532],[0.871835808260529,51.120614856041],[0.871821887336084,51.1203903367145],[0.871465137495161,51.1203990983511],[0.871451218501639,51.1201745789502],[0.871437299689231,51.1199500595384],[0.871423381057932,51.1197255401158],[0.871409462607737,51.1195010206823],[0.871052719584823,51.1195097809773],[0.870695976380921,51.1195185401846],[0.870709891331663,51.1197430597449],[0.870353146197065,51.1197518179278],[0.870367059579116,51.1199763375408],[0.870010312513816,51.1199850946993],[0.870024224327129,51.1202096143647],[0.869667475331122,51.1202183704989],[0.86965356526759,51.11999385077],[0.869639655385055,51.1197693310303],[0.869625745683514,51.1195448112797],[0.869611836162963,51.1193202915182],[0.869597926823401,51.1190957717459],[0.869241186395184,51.1191045264753],[0.86922727898628,51.1188800066287],[0.868870540126871,51.1188887602069],[0.868513801086617,51.1188975126974],[0.868527704996168,51.1191220326707],[0.868170964025411,51.1191307841368],[0.867814222873853,51.1191395345151],[0.86782812346491,51.1193640546043],[0.867471380382861,51.1193728039582],[0.867114637120053,51.1193815522243],[0.867128534392516,51.1196060724294],[0.866771789199231,51.119614819671],[0.866415043825228,51.1196235658249],[0.866428937779,51.1198480861457],[0.866072190474535,51.1198568312752],[0.86571544298939,51.1198655753168],[0.865358695323594,51.1198743182706],[0.865001947477163,51.1198830601366],[0.865015834612552,51.1201075806998],[0.864659085217421,51.1201163216583],[0.864302335666272,51.1201250615363],[0.863945585936633,51.1201338003269],[0.863588836028528,51.1201425380302],[0.863602716433567,51.1203670588521],[0.863616597017149,51.1205915796626],[0.863259843484156,51.1206003164159],[0.862903089772735,51.1206090520818],[0.86291696708835,51.1208335730185],[0.862560211475261,51.1208423076656],[0.8625740872461,51.1210668286597],[0.86293084458247,51.1210580939439],[0.862944722255098,51.121282614858],[0.863301481136358,51.1212738789861],[0.86365823983918,51.1212651420267],[0.863672121136962,51.1214896627922],[0.864028881384641,51.1214809246767],[0.864385641453835,51.1214721854737],[0.864742401344523,51.1214634451833],[0.864728514876798,51.121238924624],[0.864714628587693,51.1210144040534],[0.865071384961203,51.1210056628439],[0.865085273000155,51.1212301833528],[0.865442031345712,51.121221441107],[0.86579878951062,51.1212126977734],[0.865812681230157,51.1214372181448],[0.865826573130464,51.1216617385054]]],[[[0.866818043154355,51.1261346511067],[0.866831942860653,51.1263591712681],[0.866845842752684,51.1265836914194],[0.866859742830452,51.1268082115606],[0.867216544528787,51.1267994634265],[0.867573346041448,51.1267907142035],[0.867559442338554,51.1265661941699],[0.867545538821444,51.1263416741261],[0.867188740933882,51.1263504232415],[0.867174839415067,51.1261259031339],[0.866818043154355,51.1261346511067]]],[[[0.877231159969443,51.1096888649245],[0.876874494461927,51.1096976418894],[0.876888434029986,51.1099221603552],[0.876531766622187,51.1099309363014],[0.876545704648235,51.1101554548244],[0.87655964285346,51.1103799733361],[0.876573581237863,51.1106044918365],[0.876216908487291,51.1106132669007],[0.8762308453296,51.1108377854583],[0.876587519801448,51.1108290103256],[0.876601458544218,51.1110535288036],[0.876958134558271,51.1110447525155],[0.877314810393207,51.1110359751404],[0.877328752757796,51.1112604934703],[0.877685430134906,51.1112517149398],[0.878042107332853,51.1112429353222],[0.878028161525645,51.1110184171291],[0.878384836823103,51.1110096364929],[0.878370889473889,51.1107851183569],[0.878727562870863,51.110776336702],[0.878713613979685,51.1105518186231],[0.879070285476183,51.1105430359496],[0.879056335043088,51.1103185179279],[0.879042384789327,51.110093999895],[0.878685716735273,51.1101027824316],[0.87867176838203,51.109878264319],[0.878657820208094,51.1096537461951],[0.878301155417188,51.109662527508],[0.877944490447097,51.1096713077338],[0.877958435178691,51.1098958259945],[0.87760176830826,51.1099046052018],[0.87758782529784,51.1096800868727],[0.877231159969443,51.1096888649245]]],[[[0.866531091486651,51.1618948897734],[0.866545026377349,51.1621194117463],[0.866187945496936,51.1621281575254],[0.866201879241719,51.1623526796551],[0.865844796925376,51.1623614245302],[0.865858729524207,51.1625859468168],[0.865501645771929,51.1625946907878],[0.86514456187468,51.1626034336782],[0.865158492036551,51.1628279562981],[0.864801410316043,51.1628366953578],[0.864815338754958,51.1630612182478],[0.86517242234337,51.1630524788983],[0.865529508822581,51.1630437356549],[0.865886595156819,51.1630349913308],[0.866243681346065,51.163026245926],[0.866600767390306,51.1630174994407],[0.866957853289524,51.1630087518747],[0.867314939043706,51.163000003228],[0.867328877241494,51.1632245247492],[0.867342815584342,51.1634490462507],[0.867699903775478,51.1634402961703],[0.86805699182154,51.1634315450092],[0.868043050896667,51.1632070238609],[0.868400137506631,51.1631982717958],[0.868386195435864,51.1629737508043],[0.868743280609736,51.1629649978352],[0.868729337393113,51.1627404770007],[0.869086421130901,51.1627317231275],[0.869072476768456,51.1625072024499],[0.869429559070167,51.1624984476728],[0.869415613561936,51.162273927152],[0.869401668198865,51.1620494066116],[0.869387722980953,51.1618248860514],[0.869373777908195,51.1616003654715],[0.869016700770096,51.1616091195421],[0.868659623486878,51.1616178725322],[0.868673565977883,51.1618423934654],[0.868316487258682,51.1618511455515],[0.868302546058557,51.1616266244418],[0.867945468485149,51.1616353752707],[0.86793152872099,51.1614108539647],[0.867574452293377,51.1614196035365],[0.867560513965144,51.1611950820342],[0.867203438683329,51.1612038303488],[0.86684636325648,51.1612125775829],[0.866860299003008,51.1614370994384],[0.867217375720711,51.1614283520277],[0.867231312903136,51.1616528736869],[0.867245250230604,51.1618773953264],[0.86688817093114,51.1618861430902],[0.866531091486651,51.1618948897734]]],[[[0.8698530561178,51.1750801920016],[0.869839118426573,51.1748556761495],[0.86982518090793,51.17463116029],[0.869468016606687,51.1746399181966],[0.869110852132981,51.1746486750099],[0.869124786370046,51.1748731909096],[0.869138720779653,51.1750977068018],[0.868781552851894,51.1751064625619],[0.86879548579321,51.1753309784667],[0.868809418907052,51.175555494364],[0.869166590116503,51.1755467385638],[0.869152655361804,51.1753222226865],[0.869509824757946,51.175313465813],[0.869495888534962,51.1750889499484],[0.8698530561178,51.1750801920016]]],[[[0.868011499565342,51.1742259069479],[0.868025428535074,51.1744504229227],[0.868382591885274,51.1744416694093],[0.868396522668255,51.1746661853566],[0.86875368748683,51.1746574307299],[0.868739755063074,51.1744329148026],[0.868725822811833,51.1742083988679],[0.868711890733104,51.1739838829258],[0.868354730836788,51.1739926374924],[0.868340800571278,51.1737681215227],[0.867983642143282,51.1737768749759],[0.867626483542916,51.1737856273359],[0.867640410526997,51.1740101433457],[0.867997570768079,51.1740013909657],[0.868011499565342,51.1742259069479]]],[[[0.864223262432252,51.1246242132463],[0.863866478055809,51.1246329523239],[0.863852594257949,51.1244084317164],[0.863495811426631,51.1244171696378],[0.863139028416833,51.1244259064715],[0.863152908767432,51.1246504272164],[0.863509693500862,51.124641690314],[0.863523575753671,51.1248662109789],[0.863880362032269,51.1248574729201],[0.863894246187332,51.1250819935051],[0.864251034011093,51.12507325429],[0.864607821656322,51.1250645139874],[0.864593934053919,51.1248399935399],[0.86423714813236,51.1248487337738],[0.864223262432252,51.1246242132463]]],[[[0.849502232428752,51.1641094161312],[0.849145137640854,51.1641181043188],[0.849158982282199,51.1643426261087],[0.84880188537893,51.1643513131751],[0.848815728291211,51.1645758349361],[0.849172827116727,51.1645671478945],[0.849529925749087,51.1645584597565],[0.849887024188271,51.1645497705221],[0.849873175509259,51.1643252486866],[0.849516078992316,51.1643339379458],[0.849502232428752,51.1641094161312]]]]}}