{"type":"Feature","properties":{"code":"K08000001","name":"Chester"},"geometry":{"type":"MultiPolygon","coordinates":[[[[-2.85070428442134,53.2042449039724],[-2.85107852711884,53.2042422327536],[-2.85108297217554,53.2044669297444],[-2.85108741729119,53.2046916267267],[-2.85071317072761,53.2046942979683],[-2.85071761396916,53.2049189949535],[-2.85034336541355,53.2049216650311],[-2.84996911679903,53.204924333933],[-2.84997355623331,53.2051490309326],[-2.84959930562678,53.2051516986704],[-2.84960374318682,53.2053763956729],[-2.84922949058829,53.2053790622466],[-2.84885523793092,53.2053817276446],[-2.84885967168349,53.2056064246614],[-2.84848541703414,53.2056090888953],[-2.84811116232599,53.2056117519536],[-2.848115592271,53.2058364489846],[-2.8477413355709,53.2058391108787],[-2.84774576364146,53.2060638079126],[-2.84737150494939,53.2060664686424],[-2.84699724619861,53.2060691281966],[-2.84662298738914,53.2060717865752],[-2.8466274097187,53.2062964836347],[-2.84625314891731,53.2062991408489],[-2.84587888805729,53.2063017968876],[-2.84588330657896,53.2065264939612],[-2.84550904372704,53.2065291488356],[-2.84513478081654,53.2065318025342],[-2.84476051784747,53.2065344550573],[-2.84476493062784,53.2067591521564],[-2.84439066566693,53.2067618035151],[-2.84438625481986,53.2065371064047],[-2.84401199173374,53.2065397565764],[-2.8440164006475,53.2067644536981],[-2.84364213556958,53.2067671027055],[-2.8436465426085,53.2069917998299],[-2.84327227553879,53.2069944476729],[-2.8432766807028,53.2072191448001],[-2.84290241164129,53.2072217914787],[-2.84290681493035,53.2074464886087],[-2.84253254387704,53.2074491341228],[-2.84215827276534,53.2074517784613],[-2.84216267224598,53.2076764756052],[-2.8417883991425,53.2076791187792],[-2.84178400159528,53.2074544216241],[-2.84177960410639,53.2072297244605],[-2.84177520667583,53.2070050272883],[-2.8417708093036,53.2067803301076],[-2.8413965438753,53.2067829720611],[-2.84139214849471,53.2065582748607],[-2.84138775317242,53.2063335776518],[-2.84138335790843,53.2061088804344],[-2.84100909822169,53.2061115211786],[-2.84100470494924,53.2058868239415],[-2.84100031173506,53.2056621266958],[-2.84137456755535,53.2056594859741],[-2.84137017246625,53.2054347887311],[-2.84136577743546,53.2052100914797],[-2.8417400293311,53.2052074496048],[-2.84211428116843,53.2052048065542],[-2.84210988232966,53.2049801093167],[-2.84173563242547,53.204982752356],[-2.84173123557815,53.2047580550988],[-2.84172683878915,53.2045333578331],[-2.84172244205847,53.2043086605588],[-2.84134819789519,53.2043113023889],[-2.84134380315586,53.2040866050949],[-2.8417180453861,53.204083963276],[-2.84171364877206,53.2038592659848],[-2.84170925221632,53.203634568685],[-2.84208349052227,53.2036319257131],[-2.8420790920919,53.203407228416],[-2.84245332840656,53.2034045842798],[-2.84244892810161,53.2031798869854],[-2.84282316242497,53.2031772416849],[-2.84282756466285,53.203401938968],[-2.84320180086075,53.2033992924807],[-2.84319739668995,53.2031745952089],[-2.84357163089651,53.2031719475574],[-2.84357603700022,53.2033966448179],[-2.84358044316238,53.20362134207],[-2.84358484938298,53.2038460393135],[-2.84358925566202,53.2040707365486],[-2.84359366199951,53.2042954337751],[-2.84359806839545,53.2045201309932],[-2.84360247484983,53.2047448282027],[-2.84397672252891,53.2047421792968],[-2.84397231414146,53.2045174820985],[-2.84434655982899,53.2045148320283],[-2.84472080545802,53.2045121807825],[-2.84471639326294,53.2042874835983],[-2.8450906369004,53.2042848311883],[-2.8454648804793,53.2042821776027],[-2.84546929654047,53.2045068747643],[-2.84547371266021,53.2047315719174],[-2.84547812883853,53.2049562690619],[-2.84510387946042,53.2049589226814],[-2.84510829376419,53.2051836198288],[-2.84511270812653,53.2054083169676],[-2.84511712254741,53.205633014098],[-2.8447428673113,53.2056356665758],[-2.84436861201665,53.205638317878],[-2.8443730226297,53.2058630150225],[-2.84437743330124,53.2060877121584],[-2.8443818440313,53.2063124092858],[-2.84475610512562,53.2063097579497],[-2.84513036616142,53.2063071054379],[-2.84512595156486,53.2060824083331],[-2.84550021060884,53.2060797546571],[-2.84549579413761,53.2058550575551],[-2.84587005118978,53.2058524027147],[-2.84586563284394,53.2056277056155],[-2.84623988790429,53.2056250496109],[-2.84623546768389,53.2054003525145],[-2.84660972075244,53.2053976953456],[-2.84698397376232,53.2053950370011],[-2.84697954973426,53.2051703399189],[-2.84735380075232,53.2051676804101],[-2.84734937484983,53.2049429833308],[-2.84772362387605,53.2049403226578],[-2.84771919609918,53.2047156255813],[-2.84809344313359,53.2047129637442],[-2.84808901348239,53.2044882666706],[-2.84846325852496,53.2044856036692],[-2.84883750350876,53.2044829394923],[-2.84883307005025,53.204258242433],[-2.84920731304219,53.204255577092],[-2.84920287770948,53.2040308800355],[-2.84957711870959,53.2040282135304],[-2.84957268150274,53.2038035164768],[-2.84956824435474,53.2035788194148],[-2.84994248143005,53.2035761517569],[-2.849946920511,53.2038008488075],[-2.85032115946037,53.2037981799628],[-2.85032560053318,53.2040228769934],[-2.85069984135661,53.2040202069617],[-2.85070428442134,53.2042449039724]]],[[[-2.8417883991425,53.2076791187792],[-2.84179279674806,53.2079038159259],[-2.8414185216528,53.2079064579354],[-2.84104424649923,53.2079090987693],[-2.84066997128737,53.2079117384274],[-2.84066557948215,53.2076870412471],[-2.84066118773519,53.2074623440584],[-2.84028691633194,53.2074649825184],[-2.84028252657662,53.20724028531],[-2.84027813687953,53.207015588093],[-2.84065240441601,53.2070129496553],[-2.84065679604648,53.2072376468611],[-2.84103106545807,53.2072350072366],[-2.84140533481138,53.2072323664363],[-2.84140973036688,53.2074570636112],[-2.84141412598069,53.2076817607776],[-2.8417883991425,53.2076791187792]]],[[[-2.93778650998615,53.1984226580328],[-2.93778160921495,53.1981979653235],[-2.93740743909151,53.1982009094819],[-2.93703326890269,53.1982038524654],[-2.93665909864855,53.198206794274],[-2.93665420378677,53.1979821014791],[-2.93628003541532,53.1979850420871],[-2.93590586697858,53.1979879815202],[-2.93591075794432,53.1982126743663],[-2.93628492832907,53.1982097349076],[-2.9362898213081,53.1984344277192],[-2.93666399357562,53.19843148706],[-2.93666888856798,53.1986561798372],[-2.93667378362566,53.1988808726055],[-2.93704795972402,53.1988779307202],[-2.93705285679511,53.1991026234541],[-2.93705775393153,53.1993273161792],[-2.93706265113328,53.1995520088954],[-2.93743683301073,53.1995490657584],[-2.93744173222602,53.1997737584401],[-2.93744663150665,53.199998451113],[-2.93782081721516,53.1999955067498],[-2.9378257185094,53.2002201993883],[-2.93783061864059,53.2004448918467],[-2.93820480820695,53.2004419462614],[-2.93820970983591,53.200666638614],[-2.93821461153043,53.2008913309578],[-2.9382195132905,53.2011160232928],[-2.93859370865287,53.2011130764597],[-2.93859861243242,53.2013377687616],[-2.93897280968311,53.2013348207291],[-2.93897771548218,53.201559512998],[-2.93898262134687,53.201784205258],[-2.93898752727718,53.2020088975092],[-2.93936173032413,53.2020059482288],[-2.93936663827407,53.2022306404469],[-2.93974084320938,53.2022276899671],[-2.939745753179,53.2024523821521],[-2.9397506632143,53.2026770743282],[-2.94012487199203,53.2026741226247],[-2.94012978404709,53.2028988147678],[-2.9405039947132,53.2028958618648],[-2.94050890878808,53.2031205539747],[-2.94088312134257,53.2031175998723],[-2.94088803743732,53.2033422919491],[-2.94126225188019,53.2033393366471],[-2.94126716999486,53.2035640286908],[-2.94127208817531,53.2037887207256],[-2.94127700642154,53.2040134127516],[-2.94165122666119,53.2040104562015],[-2.94165614692746,53.2042351481943],[-2.94203036905553,53.2042321904447],[-2.94203529134187,53.2044568824043],[-2.94204021369406,53.2046815743552],[-2.94241443966484,53.2046786153816],[-2.94241936403718,53.2049033072993],[-2.9424242884754,53.2051279992082],[-2.94205005859595,53.2051309582305],[-2.94205498114567,53.2053556501549],[-2.94168074924599,53.2053586080263],[-2.94130651728049,53.2053615647224],[-2.94093228524919,53.2053645202433],[-2.94093720200154,53.2055892122319],[-2.94056296795006,53.2055921666018],[-2.94056788281376,53.2058168586059],[-2.94019364674209,53.2058198118248],[-2.94019855971707,53.2060445038444],[-2.93982432162523,53.2060474559124],[-2.93982923271144,53.2062721479475],[-2.93945499259941,53.2062750988644],[-2.9394599017968,53.206499790915],[-2.93908565966458,53.2065027406809],[-2.9390905669731,53.2067274327469],[-2.93871632282069,53.2067303813618],[-2.93834207860265,53.2067333288014],[-2.93834698206769,53.2069580209071],[-2.93797273582948,53.2069609671956],[-2.9379776374055,53.2071856593168],[-2.93760338914713,53.2071886044542],[-2.93760828883411,53.2074132965908],[-2.93761318858662,53.2076379887185],[-2.93761808840468,53.2078626808375],[-2.93762298828828,53.2080873729476],[-2.93762788823743,53.2083120650489],[-2.93725363014012,53.2083150091322],[-2.93687937197729,53.20831795204],[-2.9368744759376,53.2080932598903],[-2.936500219664,53.2080962015985],[-2.93612596332491,53.2080991421314],[-2.93612107126013,53.2078744499244],[-2.9357468168103,53.2078773892577],[-2.93575170692038,53.2081020814889],[-2.93575659709588,53.2083267737113],[-2.93613085545514,53.2083238343296],[-2.93613574765081,53.208548526519],[-2.93651000789939,53.2085455859377],[-2.93651490207469,53.2087702780936],[-2.93614063986752,53.2087732186982],[-2.93614553212926,53.208997910868],[-2.9357712678973,53.20900085032],[-2.93577615826534,53.2092255425039],[-2.93578104869891,53.209450234679],[-2.93540678048288,53.2094531730013],[-2.93541166902269,53.2096778651904],[-2.93578593919802,53.2096749268453],[-2.93579082976266,53.2098996190028],[-2.93579572039285,53.2101243111516],[-2.93580061108857,53.2103490032916],[-2.93580550184983,53.2105736954228],[-2.93543122383704,53.2105766338594],[-2.93505694575871,53.2105795711205],[-2.93505205891627,53.2103548789435],[-2.93467778273081,53.2103578150065],[-2.9343035062694,53.2103607499482],[-2.93392922974262,53.2103636837144],[-2.93392434883572,53.2101389914598],[-2.93355007420032,53.2101419240272],[-2.93355495315048,53.210366616305],[-2.93318067649302,53.2103695477202],[-2.93280639977027,53.2103724779598],[-2.93281127487221,53.2105971702755],[-2.93243699612741,53.2106000993629],[-2.93206271731736,53.2106030272748],[-2.93168843844209,53.2106059540112],[-2.93169330773891,53.2108306463879],[-2.93131902684165,53.2108335719721],[-2.93132389424682,53.2110582643632],[-2.93132876171715,53.2112829567457],[-2.93133362925264,53.2115076491193],[-2.9313384968533,53.2117323414841],[-2.93134336451912,53.2119570338401],[-2.93134823225011,53.2121817261873],[-2.93135310004627,53.2124064185258],[-2.93172739464186,53.2124034927788],[-2.9317322644602,53.2126281850851],[-2.93173713434372,53.2128528773828],[-2.93174200429244,53.2130775696715],[-2.93136770382573,53.2130804954883],[-2.93099340329384,53.2130834201295],[-2.93098853725925,53.2128587277942],[-2.93098367128979,53.2126340354501],[-2.93097880538549,53.2124093430972],[-2.93060451065956,53.212412266493],[-2.9302302158685,53.2124151887132],[-2.93023507785879,53.2126398811126],[-2.92986078104563,53.2126428021804],[-2.92948648416739,53.2126457220727],[-2.9291121872241,53.2126486407893],[-2.92873789021579,53.2126515583304],[-2.92836359314248,53.2126544746958],[-2.92836844541264,53.2128791672024],[-2.92799414631733,53.2128820824155],[-2.92798929600422,53.2126573898856],[-2.927614998801,53.2126603038998],[-2.92724070153287,53.2126632167385],[-2.92724554793188,53.2128879093146],[-2.92687124864181,53.2128908210008],[-2.92649694928687,53.2128937315113],[-2.92612264986709,53.2128966408462],[-2.92612749045975,53.213121333483],[-2.92575318901808,53.2131242416654],[-2.92537888751162,53.2131271486722],[-2.92500458594041,53.2131300545034],[-2.92463028430445,53.2131329591589],[-2.92425598260378,53.2131358626388],[-2.92388168083843,53.2131387649431],[-2.92350737900843,53.2131416660717],[-2.92351220596613,53.2133663588614],[-2.92313790211438,53.2133692588375],[-2.92276359819802,53.2133721576379],[-2.92238929421709,53.2133750552627],[-2.9220149901716,53.2133779517118],[-2.92164068606159,53.2133808469853],[-2.92126638188707,53.2133837410832],[-2.92126156667208,53.2131590481553],[-2.92088726439021,53.2131619410545],[-2.92088245119677,53.2129372480949],[-2.92050815080755,53.2129401397955],[-2.92050333963562,53.212715446804],[-2.92012904113905,53.212718337306],[-2.92012423198857,53.2124936442828],[-2.91974993538466,53.2124965335863],[-2.91974512825558,53.2122718405313],[-2.91937083354433,53.2122747286361],[-2.9193660284366,53.2120500355495],[-2.918991735618,53.2120529224557],[-2.91898693253157,53.2118282293373],[-2.9193612233932,53.211825342454],[-2.91935641841412,53.2116006493498],[-2.91973070725448,53.2115977613138],[-2.91972590038281,53.2113730682237],[-2.9197210935755,53.2111483751249],[-2.91934680864894,53.2111512631149],[-2.91897252365807,53.2111541499294],[-2.91859823860288,53.2111570355683],[-2.91859343773051,53.2109323423918],[-2.91821915456792,53.2109352268323],[-2.91784487139634,53.210938110067],[-2.91747058822675,53.2109409920899],[-2.91746579329038,53.2107162988338],[-2.9170915120132,53.2107191796575],[-2.91671723067185,53.2107220593057],[-2.91671243971281,53.2104973659933],[-2.9167076488179,53.2102726726721],[-2.91633337132555,53.2102755510973],[-2.91595909376909,53.210278428347],[-2.91596388075089,53.2105031217157],[-2.91596866779677,53.2107278150755],[-2.91559438626308,53.2107306911971],[-2.91522010466533,53.2107335661433],[-2.91521532153262,53.210508872736],[-2.91484104182742,53.210511746483],[-2.91484582300355,53.2107364399139],[-2.91447154127775,53.210739312509],[-2.91446676205821,53.2105146190544],[-2.91409248222502,53.2105174904503],[-2.91371820232787,53.2105203606707],[-2.91371342708542,53.21029566716],[-2.91408770502601,53.2102927969632],[-2.91408292789094,53.2100681034674],[-2.91370865190689,53.2100709736404],[-2.91333437585891,53.2100738426381],[-2.91296009974703,53.2100767104602],[-2.91258582357128,53.2100795771068],[-2.91221154733168,53.2100824425779],[-2.91183727102826,53.2100853068736],[-2.91146299466104,53.2100881699938],[-2.91108871823006,53.2100910319384],[-2.91071444173532,53.2100938927076],[-2.91034016517688,53.2100967523013],[-2.91033540767089,53.2098720585605],[-2.90996113300527,53.2098749169551],[-2.90958685827599,53.2098777741743],[-2.90958210474667,53.2096530803776],[-2.90920783191025,53.2096559363977],[-2.90920308040103,53.2094312425687],[-2.90882880945746,53.2094340973898],[-2.90882405996829,53.2092094035284],[-2.90844979091759,53.2092122571505],[-2.9084450434484,53.2089875632568],[-2.90844029604276,53.2087628693544],[-2.90843554869199,53.208538175418],[-2.90880981187288,53.2085353218649],[-2.90918407499017,53.2085324671364],[-2.90917932377333,53.2083077731911],[-2.90955358486976,53.2083049173089],[-2.90954883175935,53.2080802233767],[-2.90954407871258,53.2078555294357],[-2.909918335831,53.2078526724217],[-2.90991358089073,53.2076279784938],[-2.90953932572945,53.207630835486],[-2.90916507050452,53.2076336913026],[-2.90916031954214,53.2074089973223],[-2.90915556864338,53.2071843033332],[-2.90878131726904,53.2071871579308],[-2.9084070658311,53.207190011353],[-2.9080328143296,53.2071928635998],[-2.90765856276455,53.2071957146712],[-2.90765381975767,53.2069710205861],[-2.90727957008617,53.2069738704603],[-2.9069053203512,53.206976719159],[-2.9069005813219,53.2067520250216],[-2.90727482909984,53.2067491763447],[-2.90727008817697,53.2065244822203],[-2.90726534731759,53.2062997880872],[-2.90726060652167,53.2060750939453],[-2.90725586578923,53.2058503997947],[-2.90688162583922,53.2058532483845],[-2.90687688712716,53.2056285542034],[-2.9065026490706,53.2056314015961],[-2.90650738582574,53.2058560957991],[-2.90613314574884,53.2058589420382],[-2.90575890560853,53.205861787102],[-2.90575417276723,53.2056370928556],[-2.90612841095062,53.2056342478135],[-2.90612367621579,53.2054095535801],[-2.90574943998929,53.2054123986004],[-2.90574470727471,53.2051877043365],[-2.9057399746235,53.2049630100638],[-2.9061142069363,53.204960165087],[-2.90610947239164,53.2047354708273],[-2.90648370268423,53.2047326246969],[-2.90685793291339,53.2047297773912],[-2.90686267137167,53.2049544716074],[-2.90686740989339,53.2051791658148],[-2.90687214847855,53.2054038600135],[-2.90724638451477,53.2054010114671],[-2.90762062048751,53.2053981617455],[-2.90799485639673,53.2053953108485],[-2.907999600916,53.205620004973],[-2.90837383871858,53.2056171528789],[-2.9087480764576,53.2056142996094],[-2.90912231413304,53.2056114451645],[-2.90949655174486,53.2056085895444],[-2.90950130415529,53.2058332835729],[-2.90987554366038,53.2058304267555],[-2.90988029809136,53.2060551207534],[-2.91025453948972,53.2060522627389],[-2.91062878082438,53.2060494035489],[-2.91100302209532,53.2060465431836],[-2.91137726330252,53.206043681643],[-2.91138202562498,53.2062683755447],[-2.91175626872536,53.2062655128067],[-2.91213051176194,53.2062626488934],[-2.91250475473469,53.2062597838048],[-2.91249998654137,53.2060350899688],[-2.9124952184119,53.205810396124],[-2.91249045034626,53.2055857022704],[-2.91248568234445,53.2053610084082],[-2.91248091440649,53.2051363145371],[-2.91247614653236,53.2049116206573],[-2.91247137872206,53.2046869267687],[-2.9124666109756,53.2044622328714],[-2.91246184329297,53.2042375389653],[-2.91208761793183,53.2042404038568],[-2.91171339250687,53.204243267573],[-2.9117086288015,53.2040185736144],[-2.91133440526947,53.2040214361334],[-2.91096018167368,53.2040242974772],[-2.91058595801415,53.2040271576457],[-2.91021173429091,53.2040300166389],[-2.91020697847608,53.203805322584],[-2.90983275664586,53.20380818038],[-2.90945853475198,53.2038110370008],[-2.90908431279447,53.2038138924464],[-2.90907956291333,53.2035891983172],[-2.90870534284888,53.2035920525657],[-2.90833112272087,53.2035949056388],[-2.9079569025293,53.2035977575368],[-2.90758268227421,53.2036006082594],[-2.90757794028325,53.2033759140343],[-2.90720372192131,53.2033787635599],[-2.90682950349591,53.2033816119103],[-2.90645528500706,53.2033844590854],[-2.90645054894946,53.2031597647861],[-2.90607633235382,53.2031626107643],[-2.90570211569479,53.2031654555671],[-2.9053278989724,53.2031682991947],[-2.90532316884802,53.2029436048215],[-2.90531843878696,53.2027189104396],[-2.90569265159617,53.2027160668554],[-2.90606686434203,53.202713222096],[-2.90606213043119,53.2024885277488],[-2.9064363411571,53.2024856818359],[-2.90643160535312,53.2022609875017],[-2.9068058140591,53.2022581404354],[-2.90718002270164,53.2022552921939],[-2.90718476241867,53.2024799864846],[-2.90755897295426,53.2024771370461],[-2.90793318342637,53.2024742864324],[-2.90830739383496,53.2024714346435],[-2.90831213948507,53.2026961288601],[-2.90868635178665,53.2026932758741],[-2.90906056402467,53.202690421713],[-2.90906531365145,53.2029151158772],[-2.90943952778244,53.2029122605189],[-2.90981374184979,53.2029094039855],[-2.90981849545334,53.2031340980973],[-2.91019271141364,53.2031312403667],[-2.91056692731026,53.203128381461],[-2.91094114314318,53.20312552138],[-2.91094590268022,53.2033502154174],[-2.91132012040601,53.2033473541393],[-2.91169433806805,53.2033444916859],[-2.91206855566631,53.2033416280573],[-2.91207332113699,53.2035663220203],[-2.91244754062807,53.2035634571946],[-2.91282176005531,53.2035605911935],[-2.91319597941869,53.2035577240172],[-2.91357019871818,53.2035548556657],[-2.9135749720793,53.2037795495323],[-2.91394919327153,53.2037766799835],[-2.91394441795375,53.2035519861389],[-2.91431863712538,53.2035491154369],[-2.91431385991491,53.2033244216054],[-2.91468807706594,53.2033215497501],[-2.91506229415298,53.2033186767195],[-2.915436511176,53.2033158025137],[-2.91581072813497,53.2033129271326],[-2.91580594316205,53.2030882333803],[-2.91618015810035,53.203085356846],[-2.91617537123492,53.202860663107],[-2.91654958415256,53.2028577854194],[-2.91654479539467,53.2026330916936],[-2.91691900629163,53.2026302128529],[-2.91691421564134,53.2024055191404],[-2.91728842451764,53.2024026391465],[-2.91766263332977,53.2023997579773],[-2.91765783883064,53.2021750643001],[-2.91803204562726,53.2021721819786],[-2.91802724923438,53.2019474883146],[-2.91840145411935,53.20194460486],[-2.91877565894006,53.2019417202303],[-2.91878045924618,53.2021664138437],[-2.91915466595924,53.2021635280136],[-2.91952887260799,53.2021606410084],[-2.91990307919241,53.2021577528281],[-2.91989827301643,53.2019330592906],[-2.92027247757987,53.2019301699605],[-2.92026766951165,53.2017054764394],[-2.92064187205412,53.2017025859596],[-2.92063706209372,53.201477892455],[-2.92026286150781,53.2014807829095],[-2.91988866085752,53.2014836721889],[-2.91988385487458,53.2012589786249],[-2.92025805356834,53.2012560893708],[-2.92025324569323,53.2010313958232],[-2.9206274423661,53.2010285054194],[-2.92062263259888,53.2008038118883],[-2.92099682725086,53.2008009203347],[-2.92099201559158,53.2005762268202],[-2.92136620822267,53.2005733341169],[-2.92136139467138,53.2003486406189],[-2.92173558528159,53.200345746766],[-2.92173076835675,53.2001210531134],[-2.92210495692478,53.2001181581074],[-2.92210013759344,53.1998934644106],[-2.92247432414668,53.1998905682542],[-2.92246950292926,53.1996658745732],[-2.92284368746769,53.1996629772665],[-2.92283886436425,53.1994382836014],[-2.92321304688789,53.1994353851444],[-2.92320822189849,53.1992106914952],[-2.92358240240733,53.1992077918879],[-2.92395658285172,53.1992048911055],[-2.92395175402607,53.1989801974969],[-2.92432593245563,53.1989772955643],[-2.92432110174415,53.1987526019716],[-2.9246952781589,53.1987496988888],[-2.92506945450911,53.198746794631],[-2.92507428912119,53.1989714881742],[-2.92507912379781,53.1991961817086],[-2.92545330398408,53.1991932762262],[-2.9254581406756,53.199417969727],[-2.92583232274763,53.1994150630449],[-2.92620650475503,53.1994121551878],[-2.92620166416281,53.1991874617366],[-2.92657584415521,53.1991845527293],[-2.92658068669778,53.1994092461557],[-2.926585529305,53.1996339395733],[-2.92695971313346,53.1996310293414],[-2.92696455775573,53.1998557227254],[-2.92733874346988,53.1998528112937],[-2.92771292911931,53.1998498986869],[-2.92770808059624,53.1996252053526],[-2.92733389689721,53.1996281179345],[-2.92732905038925,53.1994034245666],[-2.92732420394599,53.1991787311897],[-2.92731935756743,53.1989540378041],[-2.92694517965471,53.1989569491366],[-2.92694033529115,53.1987322557173],[-2.92693549099226,53.1985075622891],[-2.92693064675805,53.1982828688522],[-2.92692580258851,53.1980581754064],[-2.92655163241212,53.1980610854647],[-2.92617746217105,53.198063994348],[-2.92580329186535,53.1980669020564],[-2.92579845361106,53.1978422085274],[-2.92617262196657,53.1978393008438],[-2.9261677818267,53.1976146073308],[-2.92654194816741,53.197611698497],[-2.92691611444345,53.1976087884883],[-2.92691127046793,53.197384095016],[-2.92728543472915,53.1973811838572],[-2.92765959892565,53.1973782715235],[-2.92765475111457,53.197153578092],[-2.92802891329623,53.1971506646081],[-2.92802406359979,53.1969259711926],[-2.9283982237666,53.1969230565587],[-2.92877238386862,53.1969201407499],[-2.92914654390582,53.1969172237663],[-2.92914168842397,53.1966925304165],[-2.92951584644627,53.1966896122827],[-2.92989000440372,53.1966866929741],[-2.93026416229626,53.1966837724907],[-2.93025930102916,53.1964590792066],[-2.93063345690677,53.1964561575732],[-2.93100761271942,53.1964532347648],[-2.93138176846711,53.1964503107816],[-2.9317559241498,53.1964473856235],[-2.93213007976747,53.1964444592905],[-2.93250423532009,53.1964415317827],[-2.9325091082873,53.1966662249172],[-2.93288326572485,53.1966632962095],[-2.93325742309731,53.196660366327],[-2.93363158040463,53.1966574352696],[-2.93363645928702,53.1968821283204],[-2.93401061847922,53.1968791960631],[-2.93438477760625,53.1968762626309],[-2.93438966045389,53.1971009556229],[-2.93476382144187,53.197098020991],[-2.93476870630288,53.197322713949],[-2.93514286909141,53.1973197781173],[-2.93514775596554,53.1975444710409],[-2.9355219206368,53.1975415340087],[-2.93552680952409,53.197766226898],[-2.93590097607809,53.1977632886654],[-2.93627514256683,53.1977603492578],[-2.9362702497836,53.1975356564196],[-2.93664441425909,53.1975327158627],[-2.93663951959319,53.1973080230413],[-2.93701368205542,53.1973050813351],[-2.93738784445233,53.1973021384539],[-2.9373829459559,53.1970774456748],[-2.93775710633952,53.1970745016444],[-2.93775220596054,53.196849808882],[-2.9381263643309,53.1968468637023],[-2.93850052263584,53.1968439173477],[-2.93850542691058,53.1970686100589],[-2.93887958709796,53.1970656625038],[-2.93888449338604,53.1972903551805],[-2.93925865545586,53.197287406425],[-2.93926356375731,53.1975120990672],[-2.93888939973956,53.1975150478484],[-2.93889430615853,53.1977397405074],[-2.93852014012734,53.1977426881393],[-2.93814597403071,53.1977456345963],[-2.93815087661916,53.1979703272977],[-2.938155779273,53.1981950199902],[-2.93816068199225,53.1984197126739],[-2.93778650998615,53.1984226580328]]],[[[-2.90844979091759,53.2092122571505],[-2.90845453845032,53.2094369510354],[-2.90845928604659,53.2096616449115],[-2.90846403370642,53.2098863387788],[-2.90846878142979,53.2101110326373],[-2.90809450448959,53.2101138851781],[-2.90809925031996,53.2103385790513],[-2.90810399621385,53.2105632729157],[-2.90772971529698,53.2105661243279],[-2.9073554343166,53.2105689745646],[-2.90735069233587,53.2103442806532],[-2.9073459504186,53.210119586733],[-2.90734120856481,53.209894892804],[-2.90696693339062,53.2098977417948],[-2.9069621935568,53.2096730478335],[-2.90695745378642,53.2094483538634],[-2.90658318246175,53.2094512016317],[-2.90657844471127,53.2092265076294],[-2.90657370702421,53.2090018136182],[-2.90619943954899,53.2090046601641],[-2.90619470388174,53.2087799661207],[-2.90618996827254,53.2085552720516],[-2.90618523271351,53.208330577932],[-2.9061804972179,53.2081058838036],[-2.9065547568654,53.2081030373469],[-2.90692901644947,53.2081001897147],[-2.90730327597006,53.208097340907],[-2.90730801733729,53.2083220349701],[-2.907312758768,53.2085467290244],[-2.90768702213953,53.2085438789978],[-2.90769176557635,53.2087685729782],[-2.90806603084132,53.208765721754],[-2.90807077629057,53.20899041568],[-2.90807552180333,53.2092151095972],[-2.90844979091759,53.2092122571505]]],[[[-2.90531843878696,53.2027189104396],[-2.90494422591441,53.2027217528485],[-2.90494895401889,53.2029464472522],[-2.90457473912645,53.2029492885076],[-2.90457001297856,53.2027245940822],[-2.90456528689393,53.202499899648],[-2.90419107585134,53.2025027396848],[-2.90418635178652,53.2022780452202],[-2.90418162778494,53.2020533507468],[-2.90417690384661,53.2018286562647],[-2.90380269861027,53.2018314950611],[-2.90379797669163,53.2016068005486],[-2.90342377334853,53.2016096381481],[-2.90304956994223,53.2016124745725],[-2.90305428794796,53.2018371691285],[-2.90305900601686,53.2020618636756],[-2.90268479863445,53.2020646989682],[-2.90268951481001,53.2022893935283],[-2.90306372414893,53.2022865582141],[-2.90306844234416,53.2025112527438],[-2.90269423104871,53.2025140880796],[-2.90232001969011,53.2025169222403],[-2.90194580826838,53.2025197552258],[-2.90157159678355,53.202522587036],[-2.90157630721571,53.2027472816435],[-2.90158101771092,53.2029719762423],[-2.90120680227441,53.2029748069059],[-2.90083258681406,53.2029776363708],[-2.90082788023754,53.2027529417275],[-2.90045366667405,53.202755769995],[-2.90007945304748,53.2027585970873],[-2.90008415570408,53.2029832917749],[-2.90045837129061,53.2029804646604],[-2.90046307597025,53.2032051593171],[-2.90046778071296,53.203429853965],[-2.90084200015641,53.203427025631],[-2.90084670692223,53.203651720248],[-2.90085141375115,53.2038764148562],[-2.90122563705159,53.2038735853027],[-2.9012303459037,53.2040982798799],[-2.90123505481894,53.2043229744485],[-2.90160928200661,53.2043201436512],[-2.901604571133,53.2040954491049],[-2.90197879631431,53.2040926171432],[-2.90235302143252,53.2040897840062],[-2.90272724648759,53.204086949694],[-2.90273196323145,53.2043116441753],[-2.90310619018011,53.2043088086661],[-2.90311090894388,53.2045335031169],[-2.90348513778612,53.2045306664107],[-2.90348985856987,53.2047553608312],[-2.90311562777083,53.2047581975591],[-2.90312034666096,53.2049828919925],[-2.90312506561427,53.2052075864171],[-2.90312978463076,53.205432280833],[-2.90350402130033,53.2054294440401],[-2.9035087423369,53.2056541384256],[-2.90388298090016,53.2056513004356],[-2.90388770395686,53.2058759947906],[-2.9038924270768,53.2061006891369],[-2.90426666949068,53.2060978499282],[-2.90427139463084,53.206322544244],[-2.90464563893841,53.2063197038382],[-2.90464091184129,53.2060950095441],[-2.90463618480745,53.2058703152413],[-2.90501042513781,53.2058674737036],[-2.90538466540485,53.2058646309905],[-2.90538939635258,53.2060893252499],[-2.90539412736365,53.2063140195005],[-2.90539885843807,53.2065387137425],[-2.90502461230011,53.2065415565207],[-2.90502934148084,53.2067662507756],[-2.9050340707249,53.2069909450217],[-2.90465982060954,53.206993786668],[-2.90428557043088,53.2069966271389],[-2.90391132018894,53.2069994664345],[-2.90353706988375,53.2070023045545],[-2.90316281951533,53.2070051414992],[-2.90315810005655,53.2067804471446],[-2.90278385158198,53.2067832828922],[-2.90277913414342,53.2065585885071],[-2.90277441676802,53.2063338941133],[-2.90276969945577,53.2061091997108],[-2.90239545678906,53.206112034218],[-2.90239074149693,53.205887339785],[-2.90238602626793,53.2056626453433],[-2.90238131110206,53.2054379508928],[-2.90200707424298,53.2054407841597],[-2.9016328373208,53.2054436162513],[-2.90125860034211,53.2054464471596],[-2.90088436332049,53.2054492768682],[-2.90051012623574,53.2054521054016],[-2.90051483160923,53.2056767999618],[-2.90088907065425,53.2056739714063],[-2.90089377805112,53.2058986659356],[-2.9008984855111,53.2061233604562],[-2.90127272841363,53.206120530681],[-2.90127743789708,53.2063452251707],[-2.90165168270753,53.2063423941738],[-2.90165639421191,53.2065670886326],[-2.90166110577937,53.2067917830826],[-2.90203535444337,53.2067889508612],[-2.90204006803098,53.2070136452808],[-2.9020447816817,53.2072383396917],[-2.90167052910355,53.2072411719563],[-2.90167524086027,53.2074658663801],[-2.90167995268008,53.2076905607951],[-2.90168466456297,53.2079152552013],[-2.90168937650896,53.2081399495988],[-2.9013151160378,53.2081427807722],[-2.90131982608955,53.2083674751829],[-2.90169408851803,53.2083646439876],[-2.9016988005902,53.2085893383676],[-2.90170351271857,53.2088140327058],[-2.9020777789964,53.2088112002887],[-2.90208249314317,53.2090358945896],[-2.90208720735304,53.2092605888816],[-2.90246147748063,53.2092577552423],[-2.90246619371006,53.2094824495023],[-2.90247091000262,53.2097071437534],[-2.90247562635832,53.2099318379958],[-2.90210135036126,53.2099346717051],[-2.90172707430108,53.2099375042391],[-2.90172236185843,53.20971280995],[-2.90134808769133,53.2097156412849],[-2.90135279817782,53.2099403355975],[-2.90135750872701,53.2101650299011],[-2.90173178680682,53.2101621985193],[-2.90210606482353,53.2101593659621],[-2.90211077934891,53.2103840602102],[-2.90248505925909,53.2103812264541],[-2.90248977580417,53.21060592067],[-2.9028640576078,53.2106030857151],[-2.90286877617264,53.2108277798988],[-2.90287349480064,53.2110524740739],[-2.9028782134918,53.2112771682401],[-2.90288293224612,53.2115018623975],[-2.90325722181321,53.2114990261735],[-2.90326194258743,53.2117237202987],[-2.90288765106361,53.2117265565461],[-2.90289236994426,53.2119512506859],[-2.90289708888808,53.212175944817],[-2.90290180789506,53.2124006389392],[-2.90252751043773,53.2124034740812],[-2.90253222755105,53.212628168218],[-2.90253694472752,53.212852862346],[-2.90254166196713,53.2130775564653],[-2.90254637926988,53.2133022505757],[-2.9029206845547,53.2132994153402],[-2.90292540387754,53.2135241094185],[-2.90329971105611,53.213521272984],[-2.90330443239908,53.2137459670301],[-2.90330915380525,53.2139706610674],[-2.90368346483456,53.2139678234105],[-2.90368818826095,53.2141925174156],[-2.90406250118403,53.2141896785597],[-2.90406722663069,53.2144143725326],[-2.9040719521406,53.2146390664967],[-2.90444626891451,53.2146362264182],[-2.90445099644477,53.2148609203502],[-2.90445572403832,53.2150856142733],[-2.90408140335021,53.2150884543985],[-2.9040861290499,53.2153131483363],[-2.90371180634138,53.2153159873093],[-2.9033374835696,53.2153188251065],[-2.90334220541822,53.2155435190823],[-2.90296788062606,53.2155463557272],[-2.9025935557707,53.2155491911964],[-2.90258883783642,53.2153244971739],[-2.90221451487507,53.215327331444],[-2.90184019185058,53.2153301645383],[-2.90146586876297,53.215332996457],[-2.9014611567633,53.2151083023556],[-2.90108683543248,53.2151111330849],[-2.90071251398108,53.2151139626425],[-2.9003381924665,53.2151167910244],[-2.90033348641518,53.2148920968409],[-2.89995916680058,53.2148949240225],[-2.89958484712285,53.2148977500284],[-2.89921052738201,53.2149005748587],[-2.89883620757809,53.2149033985133],[-2.89883150944241,53.2146787042224],[-2.89845719153856,53.2146815266768],[-2.89845249542902,53.2144568323525],[-2.89844779938249,53.2142321380194],[-2.89807348534178,53.2142349592489],[-2.89807817942524,53.2144596536066],[-2.89808287357169,53.2146843479554],[-2.89808756778112,53.2149090422955],[-2.89771324778812,53.214911862423],[-2.89770855554181,53.2146871680584],[-2.89733423744897,53.2146899869858],[-2.89695991929317,53.2146928047374],[-2.89696460761322,53.2149174991512],[-2.89659028743138,53.2149203157517],[-2.89658560107445,53.2146956213134],[-2.89621128279284,53.2146984367138],[-2.89620659846191,53.2144737422421],[-2.89583228208053,53.2144765564423],[-2.89583696444836,53.2147012509384],[-2.89546264604105,53.2147040639874],[-2.89508832757091,53.2147068758608],[-2.89508364912929,53.2144821813156],[-2.89507897075044,53.2142574867616],[-2.89470465614371,53.2142602974103],[-2.8946999797907,53.214035602823],[-2.89469530350044,53.2138109082268],[-2.89469062727293,53.2135862136219],[-2.89431631849253,53.2135890230214],[-2.89431164429074,53.2133643283831],[-2.89430697015168,53.2131396337361],[-2.89430229607533,53.2129149390802],[-2.89392799312106,53.2129177472307],[-2.89392332107034,53.2126930525414],[-2.8939186490823,53.2124683578434],[-2.89391397715695,53.2122436631366],[-2.8935396800286,53.2122464700381],[-2.89353501012876,53.2120217752979],[-2.89353034029159,53.211797080549],[-2.89352567051707,53.2115723857912],[-2.89315137921444,53.2115751914438],[-2.89314671146533,53.2113504966527],[-2.89314204377885,53.2111258018528],[-2.89313737615501,53.2109011070441],[-2.89276309067789,53.2109039114478],[-2.89275842507934,53.2106792166059],[-2.89275375954339,53.2104545217551],[-2.89274909407004,53.2102298268955],[-2.89237481441824,53.2102326300504],[-2.89237015097008,53.2100079351575],[-2.89236548758449,53.2097832402558],[-2.89236082426147,53.2095585453453],[-2.89198655043478,53.2095613472514],[-2.89198188913684,53.2093366523077],[-2.89160761721011,53.209339453014],[-2.89161227654554,53.2095641479821],[-2.89123800259377,53.2095669475373],[-2.89124266002917,53.2097916425211],[-2.89086838405236,53.2097944409253],[-2.89087303958768,53.2100191359246],[-2.89087769518547,53.2102438309151],[-2.89050341522102,53.2102466281926],[-2.89050806891866,53.2104713231987],[-2.89051272267874,53.2106960181959],[-2.89088700656846,53.2106932208697],[-2.89089166235366,53.2109179158337],[-2.89126594814357,53.2109151173076],[-2.89127060595395,53.2111398122384],[-2.89127526382681,53.2113645071604],[-2.89090097411147,53.2113673057354],[-2.89090563008409,53.2115920006729],[-2.89091028611918,53.2118166956017],[-2.89091494221675,53.2120413905217],[-2.89054064655059,53.2120441879943],[-2.8905453007478,53.2122688829298],[-2.89017100305635,53.2122716792512],[-2.89017565535315,53.2124963742023],[-2.88980135563641,53.2124991693725],[-2.88980600603275,53.2127238643391],[-2.8898106564915,53.2129485592969],[-2.88943635278654,53.2129513533403],[-2.88944100134475,53.2131760483136],[-2.88906669561447,53.2131788412057],[-2.88907134227209,53.2134035361946],[-2.88907598899206,53.2136282311747],[-2.88870167927345,53.2136310229399],[-2.88870632409275,53.2138557179355],[-2.88871096897439,53.2140804129223],[-2.88833665526737,53.2140832035605],[-2.88834129824826,53.2143078985628],[-2.88871561391835,53.2143051079002],[-2.8890899295261,53.214302316062],[-2.88946424507149,53.2142995230481],[-2.88946889400399,53.2145242179686],[-2.88947354299886,53.2147489128802],[-2.88909922352725,53.2147517059428],[-2.88910387062136,53.21497640087],[-2.88947819205612,53.214973607783],[-2.88948284117577,53.215198302677],[-2.88948749035781,53.2154229975622],[-2.88949213960223,53.2156476924385],[-2.88986646686421,53.2156448981028],[-2.88987111813428,53.215869592946],[-2.88949678890905,53.2158723873061],[-2.88950143827826,53.2160970821648],[-2.88987576946677,53.2160942877804],[-2.88988042086167,53.2163189826059],[-2.889885072319,53.2165436774226],[-2.88988972383875,53.2167683722305],[-2.88989437543136,53.2169930670333],[-2.89026871440934,53.2169902713753],[-2.89027336807053,53.217214966161],[-2.89027802179404,53.2174396609379],[-2.89065236462738,53.217436864054],[-2.89102670739834,53.2174340659942],[-2.89103136510197,53.2176587607121],[-2.891036022868,53.2178834554212],[-2.89141036949437,53.2178806561355],[-2.89178471605831,53.2178778556739],[-2.89178005437445,53.2176531610151],[-2.89215439891703,53.2176503594029],[-2.89215906255979,53.2178750540366],[-2.8925334089988,53.2178722512235],[-2.89252874339712,53.217647556615],[-2.89290308781471,53.2176447526512],[-2.89327743216976,53.2176419475117],[-2.89327276271281,53.2174172529446],[-2.89326809331842,53.2171925583686],[-2.89326342398657,53.2169678637838],[-2.89288908550808,53.2169706688479],[-2.89288441821713,53.2167459742429],[-2.89287975099054,53.2165212796302],[-2.89325408554288,53.2165184746153],[-2.89324941641559,53.2162937800183],[-2.89324474735096,53.2160690854125],[-2.89361907791401,53.2160662792708],[-2.89399340841437,53.2160634719533],[-2.89436773885201,53.2160606634601],[-2.89436306396023,53.2158359689189],[-2.89473739237186,53.2158331592744],[-2.89473271557957,53.2156084647489],[-2.89435838913118,53.2156112743688],[-2.89435371436486,53.21538657981],[-2.89472803885004,53.2153837702145],[-2.89472336218326,53.2151590756713],[-2.89509768464249,53.2151562649246],[-2.89510236327245,53.2153809594434],[-2.89510704196519,53.2156056539532],[-2.89511172072072,53.2158303484543],[-2.89548604900679,53.2158275364584],[-2.89548136828802,53.2156028419819],[-2.89585569454803,53.2156000288348],[-2.89586037723004,53.2158247232868],[-2.89623470539043,53.2158219089395],[-2.89623939009854,53.2160466033582],[-2.89624407486951,53.2162712977681],[-2.89661840689358,53.216268482196],[-2.89662309369074,53.2164931765725],[-2.89699742761522,53.2164903598001],[-2.8970021164386,53.2167150541433],[-2.89662778055078,53.2167178709402],[-2.89663246747372,53.216942565299],[-2.89700680532491,53.2169397484776],[-2.89701149424664,53.2171644428099],[-2.89663715443607,53.2171672596566],[-2.89664184146013,53.2173919540058],[-2.89626749962792,53.2173947697021],[-2.89627218475589,53.2176194640676],[-2.89589784090203,53.2176222786133],[-2.89590252413386,53.2178469729952],[-2.89627686994661,53.2178441584243],[-2.8962815552001,53.2180688527721],[-2.89628624051635,53.2182935471112],[-2.89591189078572,53.2182963617326],[-2.89591657420575,53.218521056088],[-2.89592125768852,53.2187457504346],[-2.89592594123403,53.2189704447723],[-2.89593062484227,53.2191951391012],[-2.89593530851326,53.2194198334212],[-2.89593999224699,53.2196445277324],[-2.89556563069934,53.2196473413294],[-2.89557031253667,53.219872035657],[-2.89519594896716,53.2198748481033],[-2.89482158533495,53.2198776593737],[-2.89444722164006,53.2198804694683],[-2.89445189766261,53.2201051638627],[-2.8940775319459,53.2201079728066],[-2.89370316616658,53.2201107805746],[-2.89370783833338,53.2203354750105],[-2.89333347053226,53.2203382816277],[-2.89295910266856,53.2203410870692],[-2.89258473474232,53.2203438913346],[-2.89258940109404,53.2205685858372],[-2.89259406750827,53.2207932803309],[-2.89221969560103,53.2207960834708],[-2.8922243601185,53.2210207779807],[-2.89184998618949,53.2210235799699],[-2.89185464881013,53.2212482744961],[-2.89148027285934,53.2212510753344],[-2.89148493358311,53.221475769877],[-2.89111055561054,53.2214785695645],[-2.89073617757555,53.221481368076],[-2.89036179947816,53.2214841654116],[-2.88998742131841,53.2214869615713],[-2.88961304309631,53.221489756555],[-2.8892386648119,53.2214925503627],[-2.8888642864652,53.2214953429946],[-2.88848990805624,53.2214981344504],[-2.88848526300718,53.2212734397072],[-2.88848061802034,53.2210487449552],[-2.88847597309572,53.2208240501943],[-2.88810160050247,53.2208268403992],[-2.88809695759934,53.2206021456044],[-2.88809231475841,53.2203774508009],[-2.88771794602146,53.2203802397797],[-2.88771330520194,53.2201555449423],[-2.88733893836203,53.2201583327202],[-2.88734357722234,53.2203830275827],[-2.88696920836106,53.2203858142097],[-2.88697384532427,53.2206105090883],[-2.8869784823496,53.2208352039581],[-2.88660410950768,53.2208379894593],[-2.88660874463583,53.2210626843452],[-2.88623436977252,53.2210654686954],[-2.88623900300344,53.2212901635975],[-2.88624363629642,53.2215148584908],[-2.88586925745236,53.221517641715],[-2.88587388884804,53.2217423366244],[-2.88587852030577,53.221967031525],[-2.88550413748087,53.2219698136232],[-2.88549950798254,53.2217451186976],[-2.88512512705502,53.2217478995949],[-2.88475074606549,53.2217506793163],[-2.88475537164501,53.2219753742917],[-2.8843809825233,53.2219781522291],[-2.8843856062436,53.2222028472225],[-2.8843902300275,53.2224275422073],[-2.88476462298993,53.2224247642161],[-2.88476924875534,53.2226494591651],[-2.88477387458273,53.2228741541052],[-2.88477850047208,53.2230988490365],[-2.88478312642341,53.2233235439589],[-2.88515752112933,53.223320764063],[-2.88516214910222,53.2235454589516],[-2.88553654570572,53.2235426778547],[-2.88554117570022,53.2237673727095],[-2.8859155742013,53.2237645904116],[-2.88592020621747,53.2239892852326],[-2.88554580575675,53.2239920675556],[-2.88555043587532,53.2242167623928],[-2.8851760333929,53.2242195435647],[-2.88480163084846,53.2242223235605],[-2.8844272225888,53.2242251017765],[-2.8840528117531,53.224227878548],[-2.88367840085379,53.2242306541431],[-2.88330398989091,53.224233428562],[-2.88292957886448,53.2242362018046],[-2.88293419511203,53.2244608967733],[-2.88255978199486,53.2244636688548],[-2.88255516777453,53.2242389738708],[-2.88255055361769,53.2240142788782],[-2.88254593952432,53.2237895838771],[-2.88217153242525,53.2237923547365],[-2.88179712526272,53.2237951244196],[-2.88180173530174,53.2240198194513],[-2.88180634540419,53.2242445144744],[-2.88181095557007,53.2244692094889],[-2.88181556579938,53.2246939044948],[-2.88218998107076,53.2246911347507],[-2.88219459339078,53.2249158297327],[-2.88256901062598,53.224913058797],[-2.88256439627868,53.2246883638302],[-2.8829388114231,53.2246855917334],[-2.88294342779768,53.2249102866849],[-2.88294804423577,53.2251349816278],[-2.88332246337125,53.2251322083241],[-2.88369688244318,53.225129433844],[-2.88370150279162,53.2253541286587],[-2.88332708168972,53.2253569031527],[-2.8829526605247,53.2253596764706],[-2.88295727645016,53.225584371121],[-2.88296189243869,53.2258090657626],[-2.8829665084903,53.2260337603955],[-2.88334093568427,53.226030987011],[-2.88333631762298,53.2258062924004],[-2.88333169962479,53.2255815977809],[-2.88370612273632,53.2255788232647],[-2.88371074274415,53.2258035178619],[-2.88371536281512,53.2260282124504],[-2.88371998294923,53.2262529070301],[-2.88372460314647,53.2264776016011],[-2.88409903423361,53.2264748258198],[-2.88409441202664,53.2262501312711],[-2.88446884104088,53.2262473543358],[-2.88447346525759,53.2264720488623],[-2.8848478924751,53.2264692703449],[-2.88522231469235,53.226466490145],[-2.88559673684727,53.2264637087687],[-2.88560136695812,53.2266884032215],[-2.88522694283073,53.2266911846148],[-2.884852518641,53.2266939648317],[-2.8848571448692,53.2269186593099],[-2.88523157103143,53.2269158790759],[-2.88560599713132,53.2269130976656],[-2.88598042316885,53.2269103150789],[-2.88598505537693,53.2271350094973],[-2.8863594833246,53.2271322257172],[-2.88673391120986,53.2271294407607],[-2.88672927505673,53.2269047463763],[-2.88710370090703,53.2269019602605],[-2.88710833903268,53.2271266546278],[-2.88748276679303,53.2271238673185],[-2.88748740695369,53.22734856166],[-2.8878618366241,53.2273457731572],[-2.88823626623198,53.227342983478],[-2.88861069577732,53.2273401926225],[-2.88860604969902,53.2271154983323],[-2.88898047720925,53.2271127063174],[-2.888975829221,53.2268880120358],[-2.88935025469611,53.2268852188617],[-2.88934560479796,53.2266605245885],[-2.88934095496243,53.2264358303067],[-2.88971537642996,53.2264330359906],[-2.88971072468461,53.2262083417172],[-2.89008514411706,53.2262055462419],[-2.89045956348684,53.2262027495902],[-2.89045490785932,53.2259780553426],[-2.89082932519399,53.2259752575317],[-2.89082466765678,53.2257505632926],[-2.89045025229448,53.2257533610863],[-2.89007583686949,53.2257561577036],[-2.8900711833397,53.2255314634216],[-2.89006652987257,53.2253067691308],[-2.89044094135288,53.2253039725478],[-2.8908153527705,53.2253011747885],[-2.89082001018228,53.2255258690449],[-2.8911944235095,53.2255230700921],[-2.89118976412539,53.2252983758529],[-2.89156417541753,53.2252955757409],[-2.89156883677397,53.2255202699629],[-2.89194324997566,53.2255174686575],[-2.89194791336721,53.2257421628537],[-2.89195257682155,53.2259668570412],[-2.8919572403387,53.2261915512201],[-2.89196190391864,53.2264162453903],[-2.89233632494708,53.2264134428397],[-2.89271074591269,53.2264106391128],[-2.89270607838789,53.226185944977],[-2.89308049731822,53.2261831400909],[-2.89345491618566,53.2261803340285],[-2.89382933499019,53.2261775267898],[-2.89420375373178,53.2261747183747],[-2.89419907838025,53.2259500242993],[-2.89457349508648,53.2259472147251],[-2.89457817241041,53.2261719087833],[-2.89458284979731,53.2263966028329],[-2.89458752724721,53.2266212968738],[-2.89459220476009,53.2268459909061],[-2.89459688233595,53.2270706849297],[-2.89460155997481,53.2272953789447],[-2.89422713143381,53.2272981886225],[-2.89422245576749,53.2270734945902],[-2.89384802913605,53.2270763030743],[-2.89384335550519,53.2268516090162],[-2.89383868193725,53.2266269149493],[-2.89346425918785,53.2266297222226],[-2.89346893078331,53.2268544163066],[-2.89309450599852,53.2268572224208],[-2.89309917568438,53.2270819165134],[-2.89272474886419,53.2270847214684],[-2.89235032198114,53.227087525247],[-2.89197589503526,53.2270903278492],[-2.89197123126692,53.2268656337049],[-2.89159680623073,53.2268684351136],[-2.89160146802657,53.2270931292751],[-2.89122704095509,53.2270959295246],[-2.89123170084116,53.2273206236947],[-2.89085727173439,53.2273234227849],[-2.89048284256489,53.2273262206988],[-2.89010841333268,53.2273290174363],[-2.88973398403779,53.2273318129974],[-2.88973863609637,53.2275565072276],[-2.88974328821758,53.2277812014491],[-2.89011772145762,53.2277784058536],[-2.89012237561411,53.2280031000493],[-2.89012702983326,53.2282277942364],[-2.88975259264795,53.2282305898661],[-2.88974794040144,53.2280058956619],[-2.88937350512612,53.2280086900981],[-2.88899906978817,53.2280114833578],[-2.88900371808939,53.2282361775963],[-2.88862928071618,53.2282389696968],[-2.8882548432804,53.2282417606208],[-2.88788040578207,53.2282445503684],[-2.88788504822786,53.2284692446496],[-2.88751060869432,53.2284720332379],[-2.88713616909829,53.2284748206497],[-2.88676172943978,53.2284776068851],[-2.88676636602997,53.228702301209],[-2.8867710026826,53.2289269955242],[-2.88677563939767,53.2291516898308],[-2.88678027617519,53.2293763841287],[-2.88678491301515,53.229601078418],[-2.88641046343039,53.2296038635623],[-2.88640582856324,53.2293791692559],[-2.88603138088887,53.2293819532067],[-2.8860360137832,53.2296066475301],[-2.88566156407362,53.2296094303215],[-2.88565693315211,53.229384735981],[-2.88528248535296,53.2293875175788],[-2.88528711430166,53.2296122119363],[-2.88491266446736,53.2296149923746],[-2.88491729150555,53.2298396867406],[-2.88454283609189,53.2298424657082],[-2.88454746131981,53.2300671600944],[-2.88417299813655,53.2300699374075],[-2.88416837491878,53.229845242999],[-2.8841637517642,53.2296205485818],[-2.88378929253804,53.229623324674],[-2.88378467145674,53.2293986302258],[-2.8837800504386,53.2291739357688],[-2.88340559516945,53.2291767106403],[-2.88340097622452,53.2289520161523],[-2.8830265229023,53.2289547898252],[-2.88302190603051,53.2287300953063],[-2.88301728922182,53.2285054007786],[-2.88264283985653,53.2285081732308],[-2.8826382251209,53.2282834786722],[-2.88226377770251,53.2282862499259],[-2.88226839042816,53.2285109445068],[-2.88189394093674,53.2285137146064],[-2.88188933022107,53.2282890200034],[-2.88188471956842,53.2280643253916],[-2.88188010897878,53.2278396307711],[-2.88187549845215,53.2276149361418],[-2.88224993990382,53.2276121661309],[-2.88224532743033,53.227387471515],[-2.88261976680909,53.2273847003499],[-2.88299420612478,53.2273819280086],[-2.88336864537738,53.227379154491],[-2.88374308456686,53.2273763797972],[-2.88411752369318,53.2273736039271],[-2.88411290123354,53.2271489094134],[-2.88373846411705,53.2271516852613],[-2.88336402693741,53.2271544599329],[-2.88335940856055,53.2269297653661],[-2.88298497332761,53.2269325388393],[-2.88261053803157,53.2269353111362],[-2.88223610267246,53.2269380822569],[-2.88186166725032,53.2269408522014],[-2.88186627758792,53.2271655468569],[-2.88187088798853,53.2273902415038],[-2.88149644848371,53.2273930103163],[-2.88149184009295,53.2271683156473],[-2.88111740253499,53.2271710832614],[-2.88112200891591,53.2273957779525],[-2.88074756928515,53.2273985444125],[-2.88074296491407,53.2271738496992],[-2.88036852723023,53.2271766149608],[-2.88037312959145,53.2274013096962],[-2.88037773201559,53.2276260044228],[-2.88075217371915,53.227623239117],[-2.88112661535979,53.2276204726348],[-2.88113122186662,53.2278451673084],[-2.88150566545419,53.2278423996279],[-2.88151027403391,53.2280670942706],[-2.88151488267662,53.2282917889045],[-2.88114043506917,53.2282945566294],[-2.88076598739876,53.2282973231779],[-2.88077059208449,53.2285220178473],[-2.88039614234116,53.2285247832417],[-2.88040074507983,53.2287494779245],[-2.88002629326358,53.2287522421646],[-2.87965184138444,53.2287550052284],[-2.87965644016594,53.2289796999467],[-2.87928198621391,53.2289824618563],[-2.87928658304821,53.2292071565879],[-2.87891212702328,53.2292099173432],[-2.87891672191031,53.2294346120882],[-2.87854226381248,53.2294373716893],[-2.87816780565187,53.229440130114],[-2.87817239658147,53.2296648248943],[-2.87779793634798,53.2296675821648],[-2.87742347605177,53.2296703382588],[-2.87741888914242,53.2294456434343],[-2.87704443079363,53.22944839833],[-2.87704901569286,53.2296730931765],[-2.87667455527127,53.2296758469178],[-2.87630009478704,53.2296785994828],[-2.87629551390806,53.2294539045922],[-2.87592105537134,53.2294566559587],[-2.87592563424018,53.2296813508713],[-2.87593021317162,53.2299060457752],[-2.87555575055202,53.2299087960094],[-2.87556032753587,53.2301334909264],[-2.87518586284352,53.2301362400062],[-2.87481139808862,53.2301389879097],[-2.87443693327122,53.2301417346367],[-2.87443236231792,53.2299170396537],[-2.87480682512515,53.2299142929486],[-2.87518128786985,53.2299115450672],[-2.87517671295873,53.2296868501194],[-2.87480225222418,53.2296895979788],[-2.87479767938572,53.2294649030002],[-2.87479310660978,53.2292402080129],[-2.87516756332409,53.2292374601974],[-2.87516298860058,53.2290127652233],[-2.87553744324228,53.2290100162535],[-2.87553286657126,53.2287853212926],[-2.8755282899628,53.228560626323],[-2.87590274052186,53.2285578762208],[-2.87590731914035,53.2287825711685],[-2.87591189782142,53.2290072661073],[-2.87628635233797,53.2290045147848],[-2.87628177164685,53.2287798198679],[-2.87627719101834,53.2285551249423],[-2.87627261045245,53.228330430008],[-2.87589816196596,53.2283331812644],[-2.87589358347265,53.2281084862993],[-2.87588900504193,53.2278837913254],[-2.87588442667378,53.2276590963428],[-2.87587984836822,53.2274344013514],[-2.87587527012524,53.2272097063512],[-2.87587069194484,53.2269850113423],[-2.87624512837192,53.2269822602179],[-2.8762405482443,53.2267575652222],[-2.87661498259897,53.2267548129435],[-2.87661040052417,53.2265301179611],[-2.87623596817927,53.2265328702177],[-2.87623138817686,53.2263081752045],[-2.876605818512,53.22630542297],[-2.87660123656245,53.22608072797],[-2.87659665467554,53.2258560329613],[-2.87622222835982,53.2258587851519],[-2.87584780198151,53.2258615361662],[-2.87547337554062,53.2258642860043],[-2.87509894903718,53.2258670346663],[-2.87472452247123,53.225869782152],[-2.87472909430964,53.2260944772707],[-2.87435466567148,53.2260972236022],[-2.87398023697087,53.2260999687574],[-2.87397566915187,53.2258752735948],[-2.87397110139531,53.2256505784234],[-2.87396653370119,53.2254258832432],[-2.87396196598985,53.2252011880134],[-2.87395739820738,53.2249764927064],[-2.87358297951932,53.2249792365864],[-2.87320856076843,53.22498197929],[-2.87283414195472,53.2249847208173],[-2.87245972307823,53.2249874611683],[-2.87208530413898,53.2249902003429],[-2.87208074655592,53.2247655049521],[-2.87207618903558,53.2245408095527],[-2.87245060392024,53.2245380704081],[-2.87244604443539,53.2243133750151],[-2.87244148501329,53.2240886796135],[-2.87243692565394,53.2238639842034],[-2.87281133439417,53.2238612439275],[-2.8728067730704,53.2236365485238],[-2.87318117972067,53.2236338070867],[-2.87317661643254,53.2234091116894],[-2.87317205320722,53.2231844162836],[-2.8731674900447,53.2229597208691],[-2.87354189055081,53.2229569783008],[-2.87353732542403,53.2227322828928],[-2.87353276036009,53.2225075874762],[-2.87352819535897,53.222282892051],[-2.87390258972114,53.2222801483517],[-2.87389802275587,53.2220554529329],[-2.87427241502821,53.2220527080724],[-2.87464680723766,53.2220499620357],[-2.8746513782569,53.2222746574243],[-2.87502577243043,53.2222719101962],[-2.87540016654102,53.2222691617919],[-2.87577456058865,53.2222664122115],[-2.8761489545733,53.2222636614547],[-2.87652334849492,53.2222609095218],[-2.8768977423535,53.2222581564126],[-2.877272136149,53.2222554021272],[-2.87726755094095,53.2220307068444],[-2.87764194264638,53.2220279513979],[-2.87763735547448,53.2218032561216],[-2.8776327683657,53.2215785608367],[-2.87800715595415,53.2215758042444],[-2.8780025668816,53.2213511089661],[-2.87762818132003,53.2213538655433],[-2.87762359433749,53.2211291702412],[-2.87761900741806,53.2209044749306],[-2.87799338892593,53.2209017183837],[-2.87798880004282,53.2206770230796],[-2.87761442056175,53.2206797796113],[-2.87760983376856,53.2204550842835],[-2.87723545625116,53.220457839624],[-2.87686107867067,53.2204605937883],[-2.8768656614103,53.2206852891464],[-2.87687024421299,53.2209099844959],[-2.87649586251584,53.2209127375143],[-2.87612148075566,53.2209154893565],[-2.87574709893246,53.2209182400226],[-2.87574252221021,53.2206935446277],[-2.87536814235084,53.2206962941026],[-2.87536356771836,53.220471598684],[-2.87535899314882,53.2202469032568],[-2.87535441864224,53.2200222078211],[-2.87534984419861,53.2197975123768],[-2.87572421595099,53.2197947629623],[-2.87571963954363,53.2195700675245],[-2.87571506319924,53.2193453720781],[-2.87571048691784,53.2191206766231],[-2.87608485252728,53.2191179260779],[-2.87608027428224,53.2188932306294],[-2.87607569610021,53.2186685351723],[-2.87570133454393,53.2186712856873],[-2.87569675845144,53.2184465902065],[-2.87532239885873,53.2184493395303],[-2.87531782485573,53.2182246440259],[-2.8749434672266,53.2182273921586],[-2.87456910953455,53.2182301391152],[-2.87456453964748,53.218005443572],[-2.87419018391903,53.2180081893375],[-2.87381582812774,53.2180109339269],[-2.87381126235648,53.217786238345],[-2.87343690852882,53.2177889817434],[-2.87343234484684,53.2175642861378],[-2.87305799298282,53.2175670283451],[-2.87268364105602,53.2175697693764],[-2.87267908148968,53.2173450737321],[-2.87230473152656,53.2173478135724],[-2.87230017404935,53.2171231179045],[-2.8719258260499,53.2171258565537],[-2.87155147798776,53.2171285940269],[-2.87154692463036,53.2169038983217],[-2.87117257853109,53.2169066346037],[-2.87116802727548,53.2166819388787],[-2.8707936831371,53.216684673969],[-2.87041933893618,53.2166874078833],[-2.87041479178999,53.2164627121183],[-2.87004044954999,53.216465444841],[-2.86966610724751,53.2164681763878],[-2.86966156421064,53.2162434805829],[-2.86928722386912,53.216246210938],[-2.86928268291808,53.2160215151089],[-2.86890834453751,53.2160242442724],[-2.86853400609454,53.21602697226],[-2.86852946925264,53.215802276391],[-2.86815513277066,53.215805003187],[-2.86815059801447,53.2155803072938],[-2.86777626022995,53.2155830326275],[-2.86777172745244,53.2153583367016],[-2.86776719473557,53.2151336407669],[-2.86776266207932,53.2149089448235],[-2.86775812948369,53.2146842488715],[-2.86738379773727,53.2146869728039],[-2.86737926715562,53.2144622768223],[-2.86737473663456,53.214237580832],[-2.8673702061741,53.214012884833],[-2.86736567577423,53.2137881888252],[-2.86699135178048,53.2137909114989],[-2.86698682339445,53.2135662154616],[-2.86698229506899,53.2133415194156],[-2.86660797492114,53.2133442408721],[-2.86623365471277,53.2133469611528],[-2.86585933444389,53.2133496802578],[-2.86586385690968,53.2135743763661],[-2.8654895346271,53.2135770943161],[-2.86511521228406,53.2135798110904],[-2.86511973090382,53.2138045072314],[-2.8647454065471,53.2138072228507],[-2.86437108212998,53.2138099372942],[-2.86437559690362,53.2140346334678],[-2.86400127047283,53.2140373467563],[-2.86362694398169,53.2140400588691],[-2.86325261743023,53.2140427698062],[-2.86325712640432,53.214267466033],[-2.86326163543872,53.2144921622512],[-2.86288730492031,53.2144948720538],[-2.86289181206165,53.2147195682838],[-2.86251747952959,53.2147222769313],[-2.86252198477782,53.2149469731733],[-2.86214765023213,53.2149496806656],[-2.86215215358719,53.2151743769195],[-2.86177781702784,53.2151770832567],[-2.8617823184897,53.2154017795225],[-2.8614079799167,53.2154044847045],[-2.86103364128353,53.2154071887107],[-2.86065930259021,53.2154098915411],[-2.8606548069887,53.2151851952136],[-2.86028047018871,53.2151878968476],[-2.86027597660075,53.2149632004907],[-2.86065031144732,53.2149604988773],[-2.86064581596607,53.2147358025322],[-2.86064132054494,53.2145111061785],[-2.86101565142461,53.2145084034304],[-2.86101115411026,53.2142837070885],[-2.86138548297645,53.2142810031853],[-2.86138098376893,53.2140563068553],[-2.86175531062163,53.214053601797],[-2.861750809521,53.2138289054788],[-2.86212513436022,53.2138261992654],[-2.86212063136652,53.2136015029592],[-2.86174630848056,53.213604209152],[-2.86174180750033,53.2133795128164],[-2.86136748650742,53.2133822178129],[-2.86136298754059,53.213157521448],[-2.86135848863394,53.2129328250743],[-2.86135398978745,53.212708128692],[-2.86134949100113,53.2124834323009],[-2.86134499227498,53.212258735901],[-2.86097068098771,53.2122614396188],[-2.86096618427481,53.2120367431897],[-2.86059187488049,53.2120394457112],[-2.86021756542607,53.212042147057],[-2.85984325591156,53.2120448472272],[-2.85983876511797,53.2118201507276],[-2.85946445749647,53.2118228497016],[-2.85945996871597,53.2115981531727],[-2.85945547999551,53.211373456635],[-2.85982978371097,53.2113707577022],[-2.85982529309755,53.2111460611764],[-2.86019959479998,53.2111433610885],[-2.86020408736637,53.2113680575937],[-2.8605783909617,53.2113653563096],[-2.86095269449693,53.2113626538499],[-2.86094819802457,53.2111379573858],[-2.86094370161235,53.210913260913],[-2.86131800118152,53.2109105573188],[-2.8613135028765,53.2106858608579],[-2.86093920526026,53.2106885644315],[-2.86093470896831,53.2104638679412],[-2.86056041324484,53.2104665703186],[-2.86055591896589,53.210241873799],[-2.86055142474705,53.2100171772707],[-2.86092571656479,53.2100144749346],[-2.86092122045323,53.2097897784181],[-2.86091672440179,53.209565081893],[-2.86054243648966,53.209567784188],[-2.86053794245112,53.2093430876335],[-2.86016365643167,53.2093457887324],[-2.86015916440598,53.2091210921486],[-2.86015467244035,53.2088963955561],[-2.86052895455434,53.2088936944984],[-2.8605244606961,53.2086689979178],[-2.86051996628915,53.2084443014208],[-2.86014568807685,53.2084470024407],[-2.86014119549724,53.2082223059464],[-2.85976691916108,53.2082250057762],[-2.8597624285769,53.2080003092589],[-2.85938815411687,53.2080030078988],[-2.85939264276528,53.2082277044305],[-2.85939713147329,53.2084524009536],[-2.85902285308208,53.2084550984466],[-2.85864857463129,53.2084577947639],[-2.85827429612094,53.2084604899056],[-2.85827877882788,53.2086851865079],[-2.85790449830659,53.208687880492],[-2.8575302177254,53.2086905733005],[-2.85715593708432,53.2086932649335],[-2.85716041336829,53.208917961699],[-2.85678613071466,53.208920652177],[-2.85641184800119,53.2089233414795],[-2.85641632043957,53.2091480382773],[-2.85604203571357,53.2091507264247],[-2.85566775092779,53.2091534133965],[-2.85529346608225,53.2091560991929],[-2.85491918117699,53.2091587838137],[-2.85492364586415,53.2093834806845],[-2.85454935894643,53.2093861641502],[-2.85454489621203,53.2091614672589],[-2.85417061118739,53.2091641495286],[-2.85416615046541,53.2089394526081],[-2.85416168980308,53.2087147556789],[-2.8541572285835,53.2084900588706],[-2.8545315077473,53.2084873766611],[-2.85452704420476,53.2082626799521],[-2.85415276697677,53.2082653621473],[-2.85414830542929,53.2080406654155],[-2.85414384394105,53.2078159686752],[-2.85451811729749,53.2078132865084],[-2.85489239059466,53.207810603166],[-2.8548879252942,53.2075859064456],[-2.85526219659634,53.2075832219418],[-2.85525772941947,53.207358525227],[-2.85525326230192,53.2071338285036],[-2.8552487952437,53.2069091317717],[-2.85524432824479,53.2066844350311],[-2.85561859174494,53.2066817494088],[-2.85562306067947,53.2069064461351],[-2.85562752967336,53.2071311428528],[-2.85600179698544,53.2071284560263],[-2.85600626797435,53.2073531527211],[-2.85638053716274,53.2073504647048],[-2.85675480629173,53.2073477755129],[-2.85675033143147,53.2071230788466],[-2.85712459856536,53.2071203884933],[-2.85712012182887,53.2068956918327],[-2.85749438696766,53.2068930003182],[-2.8574988656398,53.2071176969644],[-2.85787313265476,53.20711500426],[-2.85824739961022,53.2071123103799],[-2.8582429170668,53.2068876137623],[-2.85823843458289,53.2066629171361],[-2.8578641714987,53.2066656109875],[-2.857489908355,53.2066683036633],[-2.85748542980181,53.2064436069999],[-2.85785969100991,53.2064409143384],[-2.85785521058063,53.2062162176807],[-2.85785073021085,53.2059915210145],[-2.85747647287386,53.2059942136473],[-2.8574809513081,53.2062189103279],[-2.8571066919761,53.2062216017995],[-2.8571022154774,53.2059969051047],[-2.85709773903815,53.2057722084012],[-2.85747199449909,53.2057695169582],[-2.85746751618379,53.2055448202604],[-2.85746303792796,53.2053201235541],[-2.85708878633798,53.2053228149686],[-2.85671453468856,53.2053255052075],[-2.85671006036308,53.205100808464],[-2.85670558609701,53.2048761117119],[-2.85633133825904,53.2048788007467],[-2.85632686598777,53.2046541039718],[-2.8563223937759,53.2044294071883],[-2.85594814974929,53.204432095019],[-2.85594367953214,53.2042073982127],[-2.85593920937435,53.2039827013978],[-2.85593473927592,53.2037580045743],[-2.8555605009959,53.2037606911867],[-2.85555603289209,53.2035359943404],[-2.855181796488,53.2035386797631],[-2.85517733037875,53.203313982894],[-2.8548030958506,53.203316667127],[-2.85479863173587,53.203091970235],[-2.85442439908366,53.2030946532784],[-2.85442886126318,53.2033193501846],[-2.8540546266165,53.2033220320668],[-2.85405908692003,53.2035467289787],[-2.85368485027888,53.2035494096997],[-2.85331061357854,53.2035520892452],[-2.8533061571455,53.2033273923049],[-2.85293192232123,53.2033300706608],[-2.85292746788258,53.2031053736977],[-2.85292301350307,53.202880676726],[-2.85254878249007,53.2028833538781],[-2.85254433010487,53.2026586568836],[-2.85217010096792,53.2026613328461],[-2.85217455141794,53.2028860298547],[-2.85180032028672,53.2028887046559],[-2.85180476886064,53.2031134016701],[-2.85143053573515,53.20311607531],[-2.85105630271983,53.2031187476722],[-2.85106074748171,53.2033434447055],[-2.85068651251606,53.2033461158784],[-2.85031227749148,53.2033487858758],[-2.8503078365954,53.2031240888196],[-2.8499336034448,53.2031267576301],[-2.84993804240798,53.2033514546978],[-2.8495638072656,53.2033541223442],[-2.84918957206437,53.2033567888151],[-2.84918513696699,53.2031320917246],[-2.84918070192844,53.2029073946256],[-2.8495549332639,53.2029047281775],[-2.84955049635134,53.2026800310814],[-2.84917626694873,53.2026826975181],[-2.84917183202784,53.2024580004021],[-2.84916739716578,53.2022333032775],[-2.84879317156996,53.2022359685159],[-2.8487887386995,53.2020112713715],[-2.84878430588784,53.2017865742185],[-2.84915852761814,53.2017839090029],[-2.84953274928961,53.2017812426119],[-2.84990697090222,53.2017785750455],[-2.85028119245596,53.2017759063036],[-2.85065541395079,53.2017732363863],[-2.85065985642618,53.2019979334821],[-2.8506642989605,53.2022226305694],[-2.85103852426192,53.2022199594538],[-2.85104296878796,53.2024446565211],[-2.85104741337296,53.20266935358],[-2.85142164251675,53.2026666812448],[-2.85179587177187,53.2026640076331],[-2.85179142331608,53.2024393106018],[-2.85216565057699,53.2024366358289],[-2.8525398777788,53.2024339598806],[-2.8529141049215,53.202431282757],[-2.85328833200505,53.2024286044579],[-2.85328387586787,53.2022039074747],[-2.85290965071943,53.2022065857596],[-2.85253542551184,53.2022092628691],[-2.85216120024514,53.2022119388032],[-2.85178697491936,53.2022146135619],[-2.8517825265817,53.2019899165134],[-2.8517780783031,53.2017652194563],[-2.85215229975873,53.2017625447259],[-2.85252652115527,53.2017598688202],[-2.852530973304,53.2019845658489],[-2.85290519657649,53.2019818887536],[-2.8529007424927,53.2017571917391],[-2.85289628846805,53.201532494716],[-2.85252206906566,53.2015351717829],[-2.85251761703516,53.201310474737],[-2.85251316506376,53.2010857776826],[-2.85213894947226,53.2010884535458],[-2.85213449949494,53.2008637564686],[-2.85176028577931,53.2008664311423],[-2.85175583779601,53.2006417340423],[-2.85138162595626,53.2006444075265],[-2.85137717996692,53.2004197104038],[-2.85175138987176,53.2004170369338],[-2.85174694056757,53.2001923402881],[-2.85174248938472,53.1999676442692],[-2.85173803826261,53.1997429482421],[-2.85211224209083,53.199740273613],[-2.85210778902376,53.1995155775757],[-2.85210333601745,53.1992908815303],[-2.85247753577353,53.1992882057215],[-2.85247308082234,53.1990635096659],[-2.85284727851196,53.1990608326795],[-2.85284282161595,53.1988361366137],[-2.85283836478074,53.1986114405398],[-2.85246417110232,53.19861411753],[-2.85208997736308,53.1986167933447],[-2.85208552459981,53.1983920972665],[-2.85171133280537,53.1983947719075],[-2.85133714092874,53.1983974453603],[-2.85134158968859,53.1986221414381],[-2.85096739542909,53.1986248135015],[-2.85097184231255,53.1988495095864],[-2.8505976460586,53.1988521804902],[-2.85060209106562,53.1990768765821],[-2.85022789281721,53.1990795463263],[-2.85022344974564,53.1988548502188],[-2.8498492533737,53.1988575187722],[-2.84984481229652,53.1986328226405],[-2.84984037127828,53.1984081265001],[-2.84946617871822,53.1984107938471],[-2.84946173969428,53.1981860976825],[-2.84908754901068,53.1981887638387],[-2.849083111981,53.1979640676499],[-2.84945730072925,53.1979614015093],[-2.84945286182312,53.1977367053275],[-2.8490786750102,53.1977393714525],[-2.84907423809827,53.1975146752464],[-2.84906980124523,53.1972899790318],[-2.84869561824398,53.1972926439504],[-2.84869118338505,53.1970679477116],[-2.84906536445105,53.1970652828086],[-2.84906092771576,53.1968405865767],[-2.84868674858498,53.1968432514642],[-2.84868231384375,53.1966185552081],[-2.84867787916137,53.1963938589435],[-2.8483037038421,53.1963965226246],[-2.84829927115371,53.1961718263357],[-2.84829483852414,53.1959471300383],[-2.84866900997314,53.1959444663883],[-2.84866457546729,53.1957197700978],[-2.84866014102028,53.1954950737987],[-2.84865570663211,53.195270377491],[-2.84865127230278,53.1950456811747],[-2.84864683803229,53.1948209848497],[-2.8482726762585,53.1948236484218],[-2.848277108594,53.1950483447623],[-2.84828154098831,53.1952730410942],[-2.84790737528568,53.1952757035224],[-2.84790294482639,53.195051007175],[-2.84752878099997,53.1950536684125],[-2.84752435253445,53.1948289720409],[-2.84715019058425,53.1948316320879],[-2.84714576411246,53.194606935692],[-2.8475199241277,53.1946042756606],[-2.8475154957797,53.1943795792718],[-2.84788965380122,53.1943769180809],[-2.84788522357707,53.1941522216989],[-2.84825937960487,53.1941495593486],[-2.84826381176393,53.194374255715],[-2.84863796966782,53.194371592174],[-2.84863353557384,53.1941468958233],[-2.84862910153869,53.1939221994639],[-2.84862466756238,53.1936975030959],[-2.8486202336449,53.1934728067193],[-2.84824608348051,53.1934754701979],[-2.84824165155667,53.1932507737971],[-2.84823721969163,53.1930260773877],[-2.84861136598643,53.1930234139403],[-2.84861579978625,53.1932481103341],[-2.84898994795698,53.1932454456961],[-2.84898551222238,53.1930207493179],[-2.84898107654663,53.192796052931],[-2.84897664092974,53.1925713565356],[-2.8489722053717,53.1923466601315],[-2.84934634574458,53.192343994381],[-2.84934190831072,53.1921192979839],[-2.84971604669004,53.192116631074],[-2.84971160639485,53.1918919347927],[-2.84933747000513,53.191894601683],[-2.8493330292704,53.191669905654],[-2.84970716367474,53.1916672387772],[-2.85008129801894,53.1916645707255],[-2.85007685337359,53.191439874715],[-2.85045098567228,53.1914372055019],[-2.85044653910174,53.1912125094965],[-2.85007240878837,53.1912151786959],[-2.85006796426328,53.1909904826683],[-2.85006351979831,53.1907657866321],[-2.85043764614111,53.1907631174598],[-2.85044209259135,53.1909878134824],[-2.85081622085922,53.1909851431216],[-2.85081177242372,53.1907604471126],[-2.85118589864612,53.1907577755904],[-2.85118144828555,53.1905330795864],[-2.85155557096032,53.1905304064494],[-2.85192969225144,53.1905277317379],[-2.85193414664718,53.1907524277298],[-2.85230826992537,53.1907497518458],[-2.8523127264318,53.1909744478324],[-2.85268685169706,53.1909717707759],[-2.85269131031423,53.1911964667571],[-2.85306543756656,53.1911937885281],[-2.85343956475699,53.1911911091237],[-2.85344402753391,53.1914158051024],[-2.85381815671137,53.1914131245254],[-2.85419228582689,53.1914104427732],[-2.85456641488042,53.1914077598456],[-2.85456194595663,53.1911830638587],[-2.85418781895205,53.191185746789],[-2.8538136918855,53.191188428544],[-2.85380922712153,53.1909637325545],[-2.85380476241948,53.1907390365567],[-2.8541788853882,53.1907363547962],[-2.85417441869918,53.1905116587876],[-2.85380029777933,53.1905143405508],[-2.85379583320109,53.1902896445368],[-2.85342171426814,53.1902923251275],[-2.85341725180063,53.190067629108],[-2.85304313485459,53.1900703085263],[-2.85266901784667,53.1900729867692],[-2.85266455953863,53.1898482907471],[-2.85229044451764,53.1898509678176],[-2.85229490077688,53.1900756638369],[-2.85192078364525,53.1900783397294],[-2.85191632943481,53.1898536437129],[-2.85154221429018,53.1898563184328],[-2.85116809756509,53.1898589915231],[-2.85116364744533,53.1896342954849],[-2.85078953114888,53.1896369669391],[-2.85078508307443,53.1894122708787],[-2.85078063506016,53.1891875748097],[-2.85040652267368,53.1891902450618],[-2.85040207670464,53.1889655489707],[-2.85039763079574,53.188740852871],[-2.85039318494698,53.1885161567628],[-2.85001907845541,53.1885188257994],[-2.85001463465177,53.188294129669],[-2.84964053008502,53.1882967975171],[-2.84963608832645,53.1880721013646],[-2.84926198568453,53.1880747680244],[-2.84925754597097,53.1878500718498],[-2.84888344525389,53.1878527373212],[-2.84887900758529,53.1876280411245],[-2.84850490879303,53.1876307054076],[-2.84850047316934,53.1874060091887],[-2.84812637630192,53.1874086722835],[-2.84812194272308,53.1871839760426],[-2.84811750920422,53.1869592797931],[-2.84774341624646,53.186961941686],[-2.84773898477237,53.1867372454145],[-2.84773455335824,53.1865125491343],[-2.84736046431006,53.1865152098255],[-2.84735603494062,53.1862905135233],[-2.84735160563109,53.1860658172125],[-2.84734717638148,53.1858411208932],[-2.84697309322751,53.1858437803691],[-2.84696866602249,53.1856190840277],[-2.84659458479327,53.1856217423155],[-2.84659015963277,53.1853970459521],[-2.84696423887736,53.1853943876778],[-2.84695981179211,53.1851696913192],[-2.84695538476675,53.1849449949522],[-2.84695095780128,53.1847202985765],[-2.84732503103217,53.184717639168],[-2.84769910420311,53.1847149785849],[-2.84807317731408,53.1847123168272],[-2.84806874445488,53.1844876204835],[-2.84844281552132,53.1844849575646],[-2.84844725036504,53.1847096538947],[-2.84882132335598,53.1847069897877],[-2.84882576024425,53.1849316860957],[-2.84919983515969,53.1849290208004],[-2.84920427409257,53.1851537170864],[-2.84883019719254,53.1851563823952],[-2.84883463420085,53.1853810786861],[-2.84846055525616,53.1853837428338],[-2.84846499033986,53.1856084391297],[-2.84846942548355,53.1858331354171],[-2.84847386068723,53.1860578316958],[-2.84847829595092,53.1862825279661],[-2.84885238283432,53.1862798637642],[-2.84922646965766,53.1862771983876],[-2.84922203042454,53.1860525021445],[-2.84959611520307,53.1860498356068],[-2.84997019992149,53.1860471678943],[-2.85034428457977,53.1860444990071],[-2.85071836917788,53.1860418289453],[-2.85071392206607,53.1858171327479],[-2.8510880046193,53.1858144615249],[-2.8514620859372,53.1858117887889],[-2.85183616420804,53.1858091140183],[-2.85183171117099,53.1855844178465],[-2.85182725819568,53.1853597216665],[-2.85220133230819,53.1853570457153],[-2.8521968773464,53.1851323495243],[-2.85219242244638,53.1849076533252],[-2.85256649240064,53.1849049761933],[-2.85256203551422,53.1846802799832],[-2.85293610335847,53.1846776016734],[-2.85331017114086,53.1846749221886],[-2.85331463212363,53.1848996184042],[-2.8536887018923,53.1848969377471],[-2.85406277159905,53.184894255915],[-2.85406723674007,53.1851189521279],[-2.85444130843307,53.1851162691235],[-2.85444577568422,53.185340965331],[-2.854071701943,53.1853436483327],[-2.85407616720783,53.1855683445294],[-2.85408063253458,53.1857930407178],[-2.85370655463487,53.185795722539],[-2.85371101797522,53.1860204187165],[-2.85371548137746,53.1862451148859],[-2.85371994484157,53.186469811047],[-2.85409402888628,53.1864671292342],[-2.85409849446067,53.1866918253899],[-2.85410296009698,53.1869165215375],[-2.85447704817653,53.186913838555],[-2.85447258049181,53.1866891424047],[-2.85446811286903,53.1864644462462],[-2.85446364530819,53.1862397500795],[-2.85445917780929,53.1860150539046],[-2.85445471037233,53.1857903577216],[-2.85482878814811,53.1857876735503],[-2.85520286586187,53.1857849882039],[-2.8551983943903,53.1855602920072],[-2.85519392298071,53.1853355958024],[-2.85518945163311,53.1851108995894],[-2.8551849803475,53.1848862033682],[-2.85518050912389,53.1846615071388],[-2.85517603796225,53.1844368109013],[-2.85517156686259,53.1842121146556],[-2.85516709582493,53.1839874184017],[-2.85516262484924,53.1837627221397],[-2.85515815321372,53.1835380256618],[-2.85478409598181,53.1835407110363],[-2.85477962521582,53.1833160141984],[-2.85477515451033,53.1830913173519],[-2.85477068386534,53.1828666204968],[-2.85476621328085,53.1826419236332],[-2.85476174275687,53.1824172267611],[-2.85513579005284,53.1824145414502],[-2.85513131760224,53.1821898445822],[-2.85475727229338,53.1821925298804],[-2.85475280189039,53.1819678329912],[-2.85474833154789,53.1817431360934],[-2.85474386126589,53.1815184391871],[-2.85511790061359,53.1815157539271],[-2.85511342840508,53.181291057025],[-2.85510895625709,53.1810663601143],[-2.85510448416961,53.1808416631951],[-2.85547851749581,53.1808389767988],[-2.85547404348193,53.1806142798838],[-2.85584807476061,53.1806115923257],[-2.85585255076142,53.180836289228],[-2.85622658396639,53.1808336004826],[-2.85622210597867,53.1806089035931],[-2.85621762805155,53.180384206695],[-2.85584359882039,53.1803868954149],[-2.85583912294072,53.1801621984955],[-2.85583464712163,53.1799375015676],[-2.8558301713631,53.1797128046312],[-2.85582569566514,53.1794881076862],[-2.85619971694899,53.1794854190173],[-2.85619523932483,53.1792607220766],[-2.85656925856128,53.179258032246],[-2.85656477901097,53.1790333353095],[-2.85619076176126,53.1790360251272],[-2.85618628425828,53.1788113281694],[-2.85618180681587,53.178586631203],[-2.85655582009221,53.1785839414107],[-2.85655134072374,53.1783592444485],[-2.85654686141588,53.1781345474778],[-2.85692087065827,53.1781318565367],[-2.85691638942443,53.1779071595702],[-2.85729039661952,53.1779044674674],[-2.85729487983997,53.1781291644211],[-2.85766888896094,53.1781264711312],[-2.85804289802118,53.1781237766669],[-2.85804738527553,53.1783484735865],[-2.85842139626162,53.178345777935],[-2.85842588556334,53.1785704748332],[-2.85879989847527,53.1785677779945],[-2.85880438982441,53.1787924748713],[-2.8584303749258,53.1787951717229],[-2.85843486434901,53.1790198686041],[-2.8580608474029,53.179022564294],[-2.85806533490013,53.1792472611794],[-2.85843935383297,53.1792445654767],[-2.858813372705,53.1792418685995],[-2.85880888123432,53.1790171717397],[-2.8591828980588,53.1790144737008],[-2.85917840466219,53.1787897768453],[-2.85955241943912,53.1787870776449],[-2.85955691482243,53.1790117744876],[-2.85956141026656,53.1792364713217],[-2.85956590577152,53.1794611681473],[-2.85993992644774,53.1794584677339],[-2.86031394706305,53.1794557661461],[-2.86030944758459,53.1792310693462],[-2.86068346615221,53.1792283665968],[-2.86067896474791,53.1790036698012],[-2.86105298126785,53.1790009658902],[-2.8614269977268,53.1789982608048],[-2.86180101412474,53.1789955545449],[-2.86217503046164,53.1789928471106],[-2.86254904673746,53.1789901385019],[-2.8629230629522,53.1789874287187],[-2.8629275762768,53.1792121254369],[-2.86330159441713,53.1792094144663],[-2.86330610978954,53.179434111163],[-2.86368012985546,53.1794313990051],[-2.86368464727573,53.1796560956803],[-2.86405866926723,53.179653382335],[-2.86443269119753,53.1796506678152],[-2.86480671306659,53.179647952121],[-2.8651807348744,53.1796452352523],[-2.86555475662093,53.1796425172091],[-2.86555928403626,53.1798672138109],[-2.86593330770826,53.1798644945803],[-2.86593783717166,53.1800891911605],[-2.86631186276913,53.1800864707425],[-2.86631639428066,53.1803111673011],[-2.86669042180359,53.1803084456955],[-2.86706444926514,53.1803057229155],[-2.86743847666526,53.1803029989609],[-2.86781250400393,53.1803002738319],[-2.868186530794,53.1802975474297],[-2.86819107226734,53.1805222439118],[-2.86856510032548,53.1805195161978],[-2.86856964380109,53.1807442126582],[-2.8689436737407,53.1807414837564],[-2.86894821921863,53.180966180195],[-2.86932225103971,53.1809634501054],[-2.86931770361985,53.1807387536801],[-2.8696917334385,53.1807360224293],[-2.86968718413716,53.1805113260086],[-2.87006121195339,53.1805085935966],[-2.87005666077064,53.1802838971806],[-2.87043068658444,53.1802811636074],[-2.87042613352031,53.1800564671962],[-2.8704215805167,53.1798317707764],[-2.87079560238626,53.1798290360553],[-2.8708001573317,53.1800537324618],[-2.8711741810825,53.1800509965528],[-2.87154820477268,53.1800482594695],[-2.87192222840221,53.1800455212116],[-2.87192678923374,53.1802702175696],[-2.87193135012587,53.1804949139191],[-2.87193591107862,53.18071961026],[-2.87156188162347,53.1807223485578],[-2.8715664406949,53.1809470449035],[-2.87119240923718,53.1809497820401],[-2.87119696642725,53.1811744783905],[-2.87120152367789,53.1813991747324],[-2.8712060809891,53.1816238710657],[-2.87083204364481,53.1816266070677],[-2.87083659907455,53.1818513034057],[-2.87046255972763,53.1818540382465],[-2.87046711327586,53.1820787345892],[-2.87084115456484,53.1820759997352],[-2.87084571011567,53.1823006960562],[-2.87085026572704,53.1825253923686],[-2.87085482139896,53.1827500886725],[-2.87085937713143,53.1829747849678],[-2.87086393292444,53.1831994812545],[-2.87086848877801,53.1834241775327],[-2.87087304467306,53.1836488738131],[-2.87087760048064,53.1838735701682],[-2.87088215634763,53.1840982665151],[-2.87088671227404,53.1843229628537],[-2.87089126825988,53.1845476591842],[-2.87089582430513,53.1847723555064],[-2.87090038040981,53.1849970518205],[-2.87090493657391,53.1852217481264],[-2.87053086842385,53.1852244830657],[-2.87053542275159,53.1854491793624],[-2.87053997713872,53.1856738756508],[-2.87054453158526,53.185898571931],[-2.8705490860912,53.1861232682031],[-2.87055364065654,53.1863479644669],[-2.8701795629678,53.1863506982261],[-2.86980548521962,53.1863534308103],[-2.86943140741203,53.1863561622194],[-2.86942685853438,53.1861314659586],[-2.86942230971605,53.1859067696897],[-2.86904823564085,53.1859094999257],[-2.8690527825633,53.1861341961937],[-2.86905732954506,53.1863588924534],[-2.86906187658612,53.1865835887049],[-2.86868779676386,53.1865863177628],[-2.86869234196827,53.1868110140051],[-2.86831826019072,53.1868137418868],[-2.86832280355844,53.1870384381198],[-2.86869688723196,53.1870357102392],[-2.86907097084615,53.1870329811834],[-2.86907551806512,53.1872576774103],[-2.8690800653434,53.187482373629],[-2.86945415269025,53.1874796434002],[-2.86944960351595,53.1872549471805],[-2.86944505440097,53.1870302509525],[-2.86944050534533,53.1868055547163],[-2.86981458694479,53.1868028233093],[-2.86981913789641,53.1870275195465],[-2.86982368890737,53.1872522157755],[-2.86982823997771,53.1874769119963],[-2.86983279110739,53.1877016082088],[-2.87020688023148,53.1876988756308],[-2.8702114333166,53.1879235718362],[-2.87021598646111,53.1881482680334],[-2.87022053966501,53.1883729642223],[-2.87022509292829,53.1885976604031],[-2.87022964625097,53.1888223565757],[-2.87023419963303,53.1890470527401],[-2.87023875307449,53.1892717488962],[-2.87061285541219,53.1892690151501],[-2.87061741080929,53.1894937112991],[-2.87062196626581,53.1897184074399],[-2.87062652178175,53.1899431035724],[-2.87100062974881,53.1899403686541],[-2.8710051872205,53.1901650647795],[-2.87100974475164,53.1903897608967],[-2.87138385645187,53.1903870248051],[-2.87138841593883,53.190611720915],[-2.87139297548528,53.1908364170168],[-2.87176709091875,53.1908336797519],[-2.8717716524211,53.1910583758464],[-2.87214576969144,53.1910556374072],[-2.8725198869022,53.1910528977928],[-2.87252445225695,53.191277593881],[-2.87289857130455,53.1912748530922],[-2.87290313861534,53.1914995491732],[-2.87327725949977,53.1914968072101],[-2.87365138032454,53.1914940640716],[-2.87402550108962,53.1914913197579],[-2.87403007414949,53.1917160158335],[-2.87403464726902,53.1919407119009],[-2.87403921571086,53.1921654082044],[-2.87441334220174,53.1921626627105],[-2.87440877176742,53.1919379664136],[-2.87440419675136,53.1917132703453],[-2.87477831929349,53.1917105236819],[-2.87515244177585,53.1917077758431],[-2.87552656419841,53.191705026829],[-2.87552198355256,53.1914803307498],[-2.87589610401882,53.1914775805595],[-2.87627022442523,53.1914748291939],[-2.87664434477179,53.191472076653],[-2.87663975849629,53.191247380563],[-2.8770138768865,53.191244626846],[-2.8770092887744,53.1910199307469],[-2.87738340520824,53.1910171758537],[-2.87775752158215,53.1910144197853],[-2.87775292973709,53.1907897236763],[-2.87812704415462,53.1907869664318],[-2.8781224504731,53.1905622703138],[-2.87849656293425,53.1905595118931],[-2.8784919674163,53.1903348157662],[-2.87886607792109,53.1903320561695],[-2.87886148056677,53.1901073600335],[-2.87923558911519,53.1901045992607],[-2.87960969760355,53.1901018373127],[-2.87961429875053,53.1903265334503],[-2.87961889995755,53.1905512295796],[-2.8796235012246,53.1907759257008],[-2.87999761534194,53.1907731625798],[-2.88000221856544,53.1909978586935],[-2.88037633451906,53.1909950943981],[-2.88038093969906,53.1912197905044],[-2.88038554493915,53.1914444866024],[-2.88075966462551,53.1914417211332],[-2.88075505748897,53.1912170250344],[-2.88112917521871,53.1912142583891],[-2.88112456624586,53.1909895622813],[-2.88075045041255,53.1909923289274],[-2.88074584339624,53.1907676328121],[-2.88111995733315,53.1907648661654],[-2.88149407120988,53.1907620983433],[-2.88148946046093,53.1905374022184],[-2.88186357238107,53.1905346332204],[-2.88223768424096,53.1905318630471],[-2.88224229878265,53.1907565591734],[-2.88261641247865,53.1907537878256],[-2.88261179604059,53.1905290916985],[-2.88260717966277,53.1903043955633],[-2.88298128950577,53.1903016230387],[-2.88297667129187,53.1900769268946],[-2.88335077917823,53.1900741531941],[-2.88372488700425,53.1900713783184],[-2.88372026505803,53.1898466821647],[-2.8840943709274,53.1898439061131],[-2.88446847673637,53.1898411288862],[-2.88447310247517,53.1900658250413],[-2.88484720905135,53.1900630469301],[-2.88484258143802,53.189838350772],[-2.88521668462484,53.1898355718826],[-2.88521205515501,53.1896108757295],[-2.88558615636343,53.1896080956787],[-2.88558152503716,53.1893833995305],[-2.88520742574612,53.1893861795678],[-2.8848333263941,53.1893889584302],[-2.88482869896352,53.1891642622464],[-2.88482407159384,53.1889395660541],[-2.88481944428508,53.1887148698532],[-2.88444534894789,53.1887176479879],[-2.88407125261998,53.1887204252181],[-2.88407587616079,53.1889451214135],[-2.88370177787633,53.1889478974678],[-2.88332767953151,53.1889506723469],[-2.88295358112636,53.1889534460508],[-2.8825794826609,53.1889562185794],[-2.88258409867728,53.1891809147639],[-2.88220999825535,53.1891836861167],[-2.88183589777316,53.1891864562943],[-2.88184051005734,53.1894111524692],[-2.88146640761869,53.1894139214708],[-2.88109230511983,53.1894166892973],[-2.88109691367171,53.1896413854624],[-2.88072280921642,53.1896441521129],[-2.88034870470097,53.1896469175882],[-2.88034409994159,53.1894222214245],[-2.8803394952423,53.1891975252526],[-2.88071359596527,53.1891947597758],[-2.88070898942987,53.188970063595],[-2.88108308819649,53.1889672969423],[-2.88107847982501,53.1887426007524],[-2.88145257663528,53.1887398329238],[-2.88182667338534,53.18873706392],[-2.88220077007518,53.1887342937409],[-2.8821961560754,53.1885095975408],[-2.88257025080883,53.1885068261859],[-2.88294434548199,53.1885040536558],[-2.88331844009483,53.1885012799505],[-2.88331382046692,53.1882765837401],[-2.88368791312332,53.188273808859],[-2.88406200571937,53.1882710328027],[-2.88405738235957,53.1880463365826],[-2.88443147299915,53.1880435593505],[-2.88480556272424,53.1880407811994],[-2.88517965057247,53.1880380024179],[-2.88517502159013,53.1878133061963],[-2.88554910746017,53.1878105262535],[-2.88592319326921,53.187807745136],[-2.88591856051344,53.1875830489329],[-2.88629264434428,53.187580266654],[-2.88666672811406,53.1875774832003],[-2.88666209158497,53.1873527870157],[-2.88703617337652,53.1873500024008],[-2.88703153499133,53.1871253062211],[-2.88740561480465,53.187122520445],[-2.88740097456342,53.1868978242703],[-2.88777505239852,53.186895037333],[-2.8877704103013,53.1866703411633],[-2.88814448615818,53.1866675530648],[-2.88813984220502,53.1864428569001],[-2.88851391608368,53.1864400676404],[-2.88850927027463,53.1862153714807],[-2.88888334217507,53.1862125810599],[-2.88887869451019,53.1859878849053],[-2.88887404690649,53.1857631887421],[-2.88924811491175,53.1857603971737],[-2.88962218285576,53.1857576044305],[-2.88999625073851,53.1857548105126],[-2.89037031855994,53.1857520154201],[-2.89036566334967,53.1855273193028],[-2.89036100820068,53.1853026231769],[-2.89073507212696,53.1852998269369],[-2.89110913599188,53.1852970295222],[-2.89148319979543,53.1852942309328],[-2.89147853895707,53.1850695348393],[-2.89185260078235,53.1850667350889],[-2.8918479380885,53.1848420390005],[-2.89222199793549,53.184839238089],[-2.89259605772103,53.1848364360029],[-2.89260072424858,53.185061132064],[-2.8929747858895,53.1850583287895],[-2.89297945439537,53.1852830248283],[-2.89298412296269,53.1855077208585],[-2.89298879159148,53.1857324168802],[-2.8933628589216,53.18572961239],[-2.89335818837588,53.185504916382],[-2.89373225372755,53.1855021107307],[-2.89372758132643,53.1852774147279],[-2.89372290898682,53.1850527187165],[-2.89371823670872,53.1848280226965],[-2.89334417710767,53.1848308283067],[-2.8929701174451,53.1848336327421],[-2.89296544906216,53.1846089366862],[-2.89259139125491,53.1846117399333],[-2.89258672485022,53.1843870438552],[-2.89258205850696,53.1841623477685],[-2.89295611248064,53.1841595445487],[-2.89333016639282,53.1841567401544],[-2.89332549627749,53.1839320440865],[-2.8936995482114,53.1839292385312],[-2.89407360008377,53.1839264318013],[-2.89444765189456,53.1839236238967],[-2.89482170364376,53.1839208148175],[-2.89519575533133,53.1839180045636],[-2.89556980695725,53.1839151931352],[-2.89557448857302,53.1841398891207],[-2.89557917025044,53.1843645850976],[-2.89558385198948,53.184589281066],[-2.89520979461326,53.1845920925357],[-2.89521447449713,53.1848167885093],[-2.89521915444261,53.1850414844744],[-2.89484509317108,53.1850442947969],[-2.89484977126131,53.1852689907671],[-2.89485444941312,53.1854936867288],[-2.89485912762653,53.1857183826819],[-2.89523319464874,53.1857155723181],[-2.89523787484069,53.1859402682489],[-2.89524255509424,53.1861649641712],[-2.89561662588872,53.1861621526052],[-2.89562130812089,53.1863868485051],[-2.89524723540942,53.1863896600849],[-2.89525191578622,53.18661435599],[-2.89525659622464,53.1868390518866],[-2.89526127672469,53.1870637477746],[-2.89488719820041,53.1870665582209],[-2.89489187684497,53.1872912541141],[-2.89526595728636,53.1872884436541],[-2.89527063790965,53.187513139525],[-2.89564472020649,53.1875103278765],[-2.89564003766608,53.1872856320193],[-2.8960141179841,53.1872828192098],[-2.89600943358823,53.1870581233578],[-2.89638351192745,53.1870553093873],[-2.89638819824042,53.1872800052255],[-2.89676227843499,53.1872771900664],[-2.89676696672677,53.1875018858822],[-2.89714104877669,53.1874990695346],[-2.89714573904736,53.1877237653281],[-2.89715042937978,53.187948461113],[-2.89752451520223,53.187945643563],[-2.89752920751361,53.1881703393255],[-2.89790329519143,53.1881675205869],[-2.89789860096285,53.1879428248381],[-2.89827268666163,53.1879400049385],[-2.89826799057769,53.187715309195],[-2.89826329455559,53.187490613443],[-2.89863737635818,53.1874877923962],[-2.8986326784808,53.1872630966494],[-2.89900675830438,53.1872602744417],[-2.89938083806604,53.1872574510592],[-2.89975491776575,53.187254626502],[-2.89975962139448,53.1874793222072],[-2.89976432508514,53.1877040179038],[-2.90013840855713,53.1877011921441],[-2.90051249196712,53.1876983652095],[-2.90051719955405,53.1879230608699],[-2.90089128481918,53.1879202327467],[-2.90089599438529,53.1881449283846],[-2.90127008150555,53.1881420990727],[-2.90127479305089,53.1883667946881],[-2.90127950465826,53.188591490295],[-2.90090541370355,53.1885943196348],[-2.90091012345571,53.188819015247],[-2.90053603052168,53.1888218434258],[-2.90016193752561,53.1888246704297],[-2.90016664350521,53.1890493660612],[-2.89979254852984,53.1890521919042],[-2.89979725265409,53.1892768875409],[-2.90017134954677,53.1892740616841],[-2.9001760556503,53.1894987572984],[-2.90055015439832,53.1894959302528],[-2.90055486248119,53.1897206258447],[-2.90092896308454,53.1897177976104],[-2.9009242530843,53.1894931020324],[-2.90129835170822,53.1894902726371],[-2.90129363985266,53.1892655770644],[-2.90128892805915,53.1890408814832],[-2.90166302261716,53.1890380509726],[-2.901658308947,53.188813355405],[-2.90165359533964,53.1885886598285],[-2.90202768590884,53.1885858281987],[-2.90202297041795,53.1883611326379],[-2.90239705897796,53.188358299858],[-2.90239234160358,53.188133604313],[-2.9027664281544,53.1881307703831],[-2.90276170889659,53.1879060748537],[-2.9031357934382,53.1879032397738],[-2.90313107229702,53.1876785442602],[-2.90312635121873,53.1874538487378],[-2.90350043180493,53.1874510125325],[-2.90349570884335,53.1872263170258],[-2.90386978742038,53.1872234796705],[-2.90386506257555,53.1869987841795],[-2.90423913914342,53.1869959456744],[-2.90424386593443,53.1872206411408],[-2.90424859278841,53.1874453365983],[-2.90425331970537,53.1876700320471],[-2.9038792372989,53.187672870626],[-2.90388396233259,53.1878975660905],[-2.90388868742923,53.1881222615462],[-2.90351460106725,53.1881250989997],[-2.90351932428055,53.1883497944711],[-2.90352404755677,53.1885744899337],[-2.90314995723918,53.1885773262618],[-2.90315467863198,53.1888020217401],[-2.90315940008769,53.1890267172096],[-2.90278530581441,53.1890295524122],[-2.90279002538662,53.1892542478974],[-2.90279474502171,53.1894789433738],[-2.90242064679266,53.1894817774509],[-2.90242536454418,53.189706472943],[-2.90243008235855,53.1899311684263],[-2.90243480023578,53.1901558639007],[-2.90243951817588,53.1903805593664],[-2.90244423617884,53.1906052548232],[-2.90244895424466,53.1908299502711],[-2.90245367237336,53.1910546457103],[-2.9028277842282,53.1910518114614],[-2.9028325043664,53.1912765068671],[-2.90245839056491,53.1912793411406],[-2.90246310881933,53.1915040365621],[-2.90246782713663,53.1917287319748],[-2.90247254551679,53.1919534273786],[-2.9024772613175,53.1921781225316],[-2.90248197716068,53.192402817674],[-2.90248669306673,53.1926275128077],[-2.90286081858051,53.1926246784006],[-2.90286553649569,53.1928493735045],[-2.90287025447375,53.1930740685997],[-2.9028749725147,53.1932987636861],[-2.90324910380446,53.1932959280411],[-2.90324438381718,53.1930712329757],[-2.90361851309768,53.1930683961768],[-2.90399264231522,53.1930655582032],[-2.90399736619513,53.1932902532265],[-2.904002090138,53.1935149482411],[-2.9036279570278,53.1935177862569],[-2.90363267908728,53.1937424812838],[-2.90400681414384,53.193739643247],[-2.90401153821265,53.1939643382441],[-2.90438567515262,53.1939614990114],[-2.90439040123083,53.1941861939787],[-2.90476454005419,53.1941833535501],[-2.90475981202957,53.1939586586038],[-2.90513394884346,53.1939558170214],[-2.90550808559429,53.193952974264],[-2.90588222228202,53.1939501303318],[-2.90587748848124,53.19372543544],[-2.90625162315946,53.1937225903541],[-2.90624688747542,53.1934978954747],[-2.90662102014413,53.193495049235],[-2.90661628257688,53.1932703543679],[-2.90699041323608,53.1932675069745],[-2.90736454383207,53.1932646584062],[-2.90773867436484,53.193261808663],[-2.90773393102183,53.1930371138507],[-2.90735980243537,53.1930399635727],[-2.90735506110186,53.1928152687304],[-2.90735031983156,53.1925905738794],[-2.90772444452549,53.1925877241997],[-2.90771970137216,53.1923630293611],[-2.90809382405661,53.1923601785277],[-2.9080890790203,53.1921354837016],[-2.90846319969529,53.1921326317145],[-2.90845845221549,53.1919079368615],[-2.90883257084701,53.1919050837192],[-2.90882781937268,53.1916803887339],[-2.90920193599413,53.1916775344417],[-2.90919718263644,53.1914528394722],[-2.90957129724784,53.19144998403],[-2.90956654200683,53.1912252890765],[-2.90994065460818,53.1912224324843],[-2.90993589748391,53.1909977375467],[-2.91031000807521,53.1909948798046],[-2.91030524906772,53.1907701848828],[-2.91067935764898,53.1907673259908],[-2.91067459675834,53.190542631085],[-2.91104870332955,53.1905397710431],[-2.91105346616676,53.1907644659242],[-2.91142757462103,53.190761604683],[-2.9114323394683,53.1909862995305],[-2.91180644980565,53.1909834370898],[-2.91181121666303,53.1912081319037],[-2.91181598358393,53.1914328267088],[-2.91182075056836,53.191657521505],[-2.91144663439108,53.19166038402],[-2.91145139949232,53.1918850788322],[-2.91182551761631,53.1918822162925],[-2.91183028291862,53.1921069109658],[-2.91220440295946,53.1921040472309],[-2.91220916940389,53.1923287418238],[-2.91258329132736,53.1923258768929],[-2.91258805978154,53.1925505714558],[-2.91296218358764,53.1925477053288],[-2.91295741318724,53.1923230107871],[-2.9133315349835,53.1923201435066],[-2.91332676270051,53.1920954489775],[-2.91370088248696,53.1920925805434],[-2.91369610728228,53.1918678859733],[-2.91369133050087,53.1916431913099],[-2.91406544629641,53.1916403217469],[-2.91406066763198,53.1914156270995],[-2.91443478141714,53.1914127563865],[-2.91443000086975,53.1911880617551],[-2.91480411264454,53.1911851898924],[-2.91479933021425,53.190960495277],[-2.91517343997865,53.1909576222645],[-2.9151686556655,53.1907329276651],[-2.91554276341954,53.1907300535028],[-2.91553797722359,53.1905053589195],[-2.91591208296726,53.1905024836074],[-2.91590729488856,53.1902777890401],[-2.91590250687365,53.190053094464],[-2.91627660866046,53.1900502180271],[-2.91627181876288,53.189825523467],[-2.91664591853935,53.1898226458803],[-2.91664112675915,53.1895979513363],[-2.91701522452528,53.1895950726],[-2.91701043086251,53.189370378072],[-2.91700563726362,53.1891456835352],[-2.91737973107303,53.1891428036741],[-2.91737493559164,53.1889181091534],[-2.91774902739074,53.1889152281427],[-2.91774423002692,53.188690533638],[-2.91811831979889,53.1886876515164],[-2.91849240946279,53.1886847683213],[-2.91849721072286,53.1889094627799],[-2.91887130227237,53.1889065783868],[-2.91887610554623,53.1891312728131],[-2.91925019898134,53.189128387222],[-2.91925500426905,53.1893530816161],[-2.91962909958976,53.189350194827],[-2.91963390689137,53.1895748891888],[-2.92000800409768,53.1895720012016],[-2.92038210123979,53.1895691120398],[-2.92075619831766,53.1895662217034],[-2.92075138516672,53.189341527412],[-2.92112548023056,53.1893386359244],[-2.92112066519409,53.1891139416476],[-2.9214947582439,53.189111049009],[-2.92148994132196,53.1888863547469],[-2.92186403235773,53.1888834609571],[-2.92185921355038,53.1886587667098],[-2.92223330257212,53.1886558717689],[-2.9222284818794,53.1884311775362],[-2.92260256888712,53.1884282814443],[-2.92259774630907,53.1882035872264],[-2.92297183130277,53.1882006899834],[-2.92334591623206,53.1881977915659],[-2.92335074270938,53.1884224857367],[-2.92372482952388,53.1884195861211],[-2.92372965801527,53.1886442802596],[-2.92410374671495,53.1886413794458],[-2.92410857722045,53.188866073552],[-2.92448266780534,53.1888631715401],[-2.92485675832571,53.1888602683536],[-2.92486159279509,53.1890849624038],[-2.92523568520063,53.1890820580191],[-2.92524052168426,53.1893067520369],[-2.92561461597496,53.189303846454],[-2.92561945447289,53.1895285404394],[-2.92599355064875,53.1895256336583],[-2.92599839116103,53.1897503276113],[-2.92637248922205,53.189747419632],[-2.92637733174873,53.1899721135526],[-2.92675143169491,53.189969204375],[-2.92712553157642,53.1899662940228],[-2.92713037806739,53.1901909878873],[-2.92750447983402,53.1901880763369],[-2.92750932833952,53.1904127701689],[-2.92788343199128,53.1904098574201],[-2.92788828251136,53.1906345512197],[-2.92789313309617,53.1908592450105],[-2.9278979837457,53.1910839387925],[-2.92752387424421,53.1910868516123],[-2.92752872300851,53.1913115454091],[-2.92715461149232,53.1913144570778],[-2.92715945837133,53.1915391508895],[-2.92753357183752,53.1915362391972],[-2.92753842073123,53.1917609329764],[-2.92791253608269,53.1917580200857],[-2.92791738665648,53.1919827138166],[-2.92829150392813,53.191979799729],[-2.92829635414996,53.192204493314],[-2.92867047330635,53.1922015780269],[-2.92867532554246,53.1924262715783],[-2.92904944658359,53.1924233550916],[-2.92942356755991,53.1924204374303],[-2.92942842375989,53.1926451309231],[-2.92980254662091,53.1926422120622],[-2.92980740483531,53.1928669055213],[-2.92981226311456,53.1930915989715],[-2.93018638980989,53.1930886788861],[-2.93056051644032,53.193085757626],[-2.93056537868368,53.1933104510177],[-2.9309395071988,53.1933075285579],[-2.93131363564897,53.1933046049235],[-2.93131850185656,53.1935292982565],[-2.9316926321914,53.1935263734223],[-2.93169750041362,53.1937510667216],[-2.93207163263313,53.1937481406878],[-2.93207650287004,53.1939728339533],[-2.93245063697422,53.1939699067198],[-2.93245550922588,53.1941945999515],[-2.93282964521472,53.1941916715182],[-2.93283451948118,53.1944163647162],[-2.9328393938127,53.1946410579053],[-2.93284426820931,53.1948657510856],[-2.93284914267098,53.195090444257],[-2.93285401719773,53.1953151374196],[-2.93285889178955,53.1955398305733],[-2.9324847441018,53.1955427591562],[-2.93248961680879,53.1957674523261],[-2.93249448958084,53.1959921454871],[-2.93249936241794,53.1962168386393],[-2.93212520881531,53.1962197661222],[-2.93175105514763,53.1962226924303],[-2.93137690141493,53.1962256175634],[-2.93100274761723,53.1962285415218],[-2.93062859375457,53.1962314643052],[-2.93025443982696,53.1962343859138],[-2.92988028583443,53.1962373063475],[-2.92988514508664,53.1964619996652],[-2.92951098907922,53.196464918949],[-2.92913683300694,53.1964678370578],[-2.92876267686982,53.1964707539918],[-2.92838852066787,53.1964736697509],[-2.92801436440115,53.1964765843351],[-2.92764020806966,53.1964794977445],[-2.92763536051746,53.1962548042776],[-2.92763051302996,53.196030110802],[-2.92725636053372,53.1960330229868],[-2.92688220797277,53.1960359339968],[-2.92650805534714,53.1960388438319],[-2.92613390265685,53.1960417524921],[-2.92575974990193,53.1960446599776],[-2.92538559708241,53.1960475662881],[-2.92501144419831,53.1960504714238],[-2.92463729124966,53.1960533753846],[-2.92426313823648,53.1960562781705],[-2.92388898515881,53.1960591797816],[-2.92351483201666,53.1960620802178],[-2.92314067881006,53.1960649794792],[-2.92276652553905,53.1960678775657],[-2.92239237220364,53.1960707744773],[-2.92201821880386,53.196073670214],[-2.92164406533974,53.1960765647759],[-2.92164888162744,53.1963012586475],[-2.92165369797944,53.1965259525102],[-2.92165851439573,53.1967506463642],[-2.92166333087633,53.1969753402093],[-2.92166814742123,53.1972000340455],[-2.92167296403043,53.1974247278729],[-2.92204712919492,53.197421833163],[-2.92205194781856,53.1976465269569],[-2.92205676650655,53.197871220742],[-2.92206158525886,53.1980959145183],[-2.92168741424384,53.1980988093023],[-2.92131324316449,53.1981017029113],[-2.92130842831259,53.1978770090857],[-2.92093425911915,53.197879901495],[-2.92056008986143,53.1978827927295],[-2.92018592053947,53.197885682789],[-2.91981175115328,53.1978885716736],[-2.9194375817029,53.1978914593832],[-2.91943277666619,53.1976667654256],[-2.91905860910183,53.1976696519356],[-2.91868444147333,53.1976725372708],[-2.91831027378071,53.197675421431],[-2.91793610603959,53.1976783044334],[-2.91793130886787,53.1974536103703],[-2.91755714306784,53.1974564922406],[-2.91756193829278,53.1976811863251],[-2.91756673358163,53.1979058804008],[-2.91757152893442,53.1981305744678],[-2.91757632435113,53.198355268526],[-2.91758111983179,53.1985799625755],[-2.91758591537638,53.1988046566162],[-2.9175907109849,53.1990293506482],[-2.91759550665736,53.1992540446715],[-2.91722132521828,53.1992569255379],[-2.91722611900767,53.1994816195738],[-2.91685193555764,53.1994844992864],[-2.9164777520437,53.199487377824],[-2.91610356846588,53.1994902551866],[-2.91609878051752,53.1992655610865],[-2.91572459882285,53.1992684372526],[-2.91535041706436,53.1992713122435],[-2.91497623524206,53.1992741860594],[-2.91460205335599,53.1992770587002],[-2.91459727325941,53.199052364506],[-2.91422309325657,53.1990552359504],[-2.91384891319001,53.1990581062197],[-2.91347473305976,53.1990609753139],[-2.9134699588678,53.1988362810471],[-2.91309578062083,53.198839148945],[-2.91309100843946,53.1986144546481],[-2.9127168320758,53.1986173213496],[-2.91234265564852,53.198620186876],[-2.9123378874246,53.1983954925279],[-2.91196371288065,53.198398356858],[-2.91158953827313,53.1984012200131],[-2.91121536360207,53.198404081993],[-2.9112106012824,53.1981793875724],[-2.91083642849473,53.1981822483561],[-2.91083166818542,53.1979575539055],[-2.91082690793957,53.1977328594462],[-2.91045273898213,53.1977357190124],[-2.91045749728114,53.197960413493],[-2.91046225564358,53.1981851079648],[-2.91008808272896,53.1981879663984],[-2.90971390975092,53.198190823657],[-2.90970915528222,53.1979661291427],[-2.9097044008769,53.1977414346198],[-2.90933023172918,53.1977442906609],[-2.90895606251806,53.197747145527],[-2.90895131206978,53.1975224509529],[-2.90894656168482,53.1972977563701],[-2.90857239630398,53.1973006100188],[-2.90856764792912,53.1970759154061],[-2.90856289961756,53.1968512207846],[-2.90818873806692,53.196854073216],[-2.90818399176538,53.1966293785646],[-2.90780983209816,53.1966322297998],[-2.9078050878066,53.1964075351186],[-2.90743093002281,53.1964103851577],[-2.90705677217577,53.1964132340218],[-2.90706151257395,53.1966379287454],[-2.906687352717,53.1966407764557],[-2.90668261426553,53.196416081711],[-2.90630845629209,53.1964189282252],[-2.90631319279687,53.196643622991],[-2.90631792936478,53.196868317748],[-2.90632266599584,53.1970930124964],[-2.90594850211906,53.1970958578989],[-2.90595323686648,53.1973205526596],[-2.90557907097978,53.1973233969082],[-2.90558380384351,53.1975480916813],[-2.90520963594689,53.197550934776],[-2.90483546798717,53.1975537766956],[-2.90446129996438,53.1975566174403],[-2.90446602705071,53.1977813122678],[-2.90447075420004,53.1980060070866],[-2.9044754814124,53.1982307018967],[-2.90410130748599,53.1982335415295],[-2.90410603281445,53.1984582363519],[-2.9037318568781,53.1984610748307],[-2.90373658032261,53.1986857696654],[-2.90374130383009,53.1989104644913],[-2.90374602740054,53.1991351593086],[-2.9041202091778,53.1991323207666],[-2.90412493475824,53.1993570155541],[-2.90412966040168,53.1995817103328],[-2.90375547473036,53.1995845489168],[-2.90376019848973,53.1998092437078],[-2.90338601080833,53.1998120811378],[-2.90301182306397,53.1998149173927],[-2.90301654299211,53.200039612217],[-2.90339073268358,53.2000367759411],[-2.90339545462177,53.2002614707357],[-2.90376964619739,53.2002586332636],[-2.90377436804662,53.2004833278544],[-2.90414856154463,53.2004804891881],[-2.90415328510353,53.2007051837228],[-2.90415800872567,53.2009298782486],[-2.90416273241105,53.2011545727658],[-2.90453693171486,53.2011517328592],[-2.9045322060731,53.2009270383638],[-2.90452748049462,53.2007023438596],[-2.90490167582244,53.2006995028214],[-2.90490640335727,53.2009241973038],[-2.90528060057813,53.2009213550687],[-2.90528533013261,53.2011460495207],[-2.90565952924651,53.2011432060887],[-2.90566426082071,53.2013679005102],[-2.90603846182765,53.2013650558813],[-2.90641266277121,53.2013622100772],[-2.90641739832159,53.2015869044464],[-2.90642213393537,53.2018115988069],[-2.90604792907895,53.2018144446545],[-2.90605266279965,53.202039139028],[-2.90605739658373,53.2022638333928],[-2.90568318775096,53.2022666781087],[-2.90568791964189,53.2024913724864],[-2.90531370878923,53.2024942160488],[-2.90531843878696,53.2027189104396]]],[[[-2.88074584339624,53.1907676328121],[-2.88037172939916,53.1907703982836],[-2.87999761534194,53.1907731625798],[-2.8799930121785,53.1905484664579],[-2.87998840907513,53.1903237703278],[-2.88036251933962,53.19032100603],[-2.88073662954397,53.1903182405571],[-2.88074123644005,53.1905429366887],[-2.88074584339624,53.1907676328121]]],[[[-2.84659458479327,53.1856217423155],[-2.84659901001362,53.1858464386704],[-2.84697309322751,53.1858437803691],[-2.84697752049243,53.186068476702],[-2.84698194781724,53.1862931730263],[-2.84698637520193,53.186517869342],[-2.84736046431006,53.1865152098255],[-2.84736489373943,53.1867399061192],[-2.84736932322872,53.1869646024043],[-2.84699523015101,53.1869672619477],[-2.84662113701338,53.1869699203165],[-2.84661671149369,53.1867452240044],[-2.84624262028095,53.1867478811849],[-2.84623819680591,53.1865231848507],[-2.84586410751807,53.186525840843],[-2.84549001817038,53.1865284956605],[-2.84548559872469,53.1863037992909],[-2.84511151130193,53.1863064529202],[-2.84510709390074,53.1860817565286],[-2.84548117933878,53.1860791029127],[-2.84585526471699,53.1860764481221],[-2.84585084340616,53.1858517517488],[-2.84622492673983,53.185849095797],[-2.84622050350414,53.1856243994286],[-2.84659458479327,53.1856217423155]]],[[[-2.85417061118739,53.2091641495286],[-2.85417507196903,53.2093888464404],[-2.85380078493198,53.209391527555],[-2.85342649783531,53.209394207494],[-2.85343095477102,53.2096189044379],[-2.85305666566197,53.2096215832217],[-2.85268237649333,53.2096242608301],[-2.8526779234632,53.2093995638454],[-2.85267347049262,53.2091748668521],[-2.8526690175816,53.20895016985],[-2.85304330089193,53.2089474923028],[-2.85341758414269,53.2089448135801],[-2.85379186733386,53.2089421336819],[-2.85379632610311,53.2091668306228],[-2.85417061118739,53.2091641495286]]],[[[-2.87965644016594,53.2289796999467],[-2.88003089405511,53.2289769368608],[-2.8804053478814,53.2289741725985],[-2.88077980164477,53.2289714071599],[-2.8811542553452,53.228968640545],[-2.88152870898266,53.2289658727537],[-2.88152410015099,53.2287411781461],[-2.88189855171543,53.2287384092006],[-2.88227300321685,53.2287356390788],[-2.88227761606858,53.2289603336421],[-2.88228222898335,53.2291850281967],[-2.88190777346185,53.2291877983628],[-2.88153331787733,53.2291905673526],[-2.8811588622298,53.229193335166],[-2.88116346917737,53.2294180297782],[-2.8807890114568,53.2294207964375],[-2.88041455367328,53.2294235619203],[-2.88040995074588,53.2291988672638],[-2.88003549490954,53.2292016315482],[-2.8796610390103,53.2292043946562],[-2.87965644016594,53.2289796999467]]],[[[-2.89460155997481,53.2272953789447],[-2.89497598845281,53.2272925680906],[-2.8949806681272,53.2275172620796],[-2.89498534786461,53.2277419560601],[-2.89535978022471,53.227739143995],[-2.89536446199774,53.2279638379495],[-2.8957388962674,53.2279610246907],[-2.8957435800761,53.2281857186192],[-2.89536914383382,53.2281885318953],[-2.89537382573294,53.2284132258326],[-2.89499938745495,53.2284160379495],[-2.89462494911393,53.2284188488901],[-2.89425051070991,53.2284216586542],[-2.89387607224292,53.2284244672419],[-2.89387139823442,53.2281997732356],[-2.89349696167713,53.2282025806295],[-2.89312252505693,53.2282053868471],[-2.89311785505665,53.2279806927977],[-2.89274342034618,53.2279834978216],[-2.89236898557285,53.2279863016691],[-2.89199455073667,53.2279891043402],[-2.89198988671711,53.2277644102304],[-2.89198522276036,53.227539716112],[-2.89198055886641,53.2273150219849],[-2.89235498778482,53.2273122193655],[-2.89235965365133,53.2275369134753],[-2.89273408447947,53.2275341096623],[-2.89310851524475,53.2275313046728],[-2.89348294594712,53.227528498507],[-2.89385737658659,53.2275256911647],[-2.89386205040626,53.227750385197],[-2.89386672428887,53.2279750792206],[-2.89424115881057,53.2279722706674],[-2.89423648295536,53.2277475766611],[-2.89461091544148,53.2277447669488],[-2.89460623767666,53.2275200729511],[-2.89460155997481,53.2272953789447]]],[[[-2.88934095496243,53.2264358303067],[-2.88896653343227,53.2264386234465],[-2.88859211183952,53.2264414154099],[-2.8882176901842,53.226444206197],[-2.88822233410234,53.2266689005302],[-2.88784791041201,53.2266716901581],[-2.88747348665917,53.2266744786095],[-2.88746884668596,53.2264497842421],[-2.88784326846634,53.2264469958077],[-2.88783862658318,53.2262223014488],[-2.8882130463286,53.2262195118552],[-2.88858746601148,53.2262167210852],[-2.88896188563179,53.2262139291389],[-2.88933630518951,53.2262111360162],[-2.88934095496243,53.2264358303067]]],[[[-2.93438477760625,53.1968762626309],[-2.9343798948238,53.1966515696301],[-2.9347540519153,53.1966486350484],[-2.93512820886014,53.1966456992932],[-2.93550236573979,53.1966427623631],[-2.93550725436623,53.1968674552878],[-2.93588141312851,53.1968645171573],[-2.93588630376804,53.1970892100476],[-2.93589119447281,53.1973139029291],[-2.93551703181473,53.1973168411106],[-2.93514286909141,53.1973197781173],[-2.93513798228247,53.1970950851848],[-2.93476382144187,53.197098020991],[-2.934758936646,53.1968733280241],[-2.93438477760625,53.1968762626309]]],[[[-2.86202624634497,53.1715778477969],[-2.86165229506829,53.1715805546851],[-2.86165680104624,53.1718052518518],[-2.86203075427887,53.1718025449434],[-2.86203526227304,53.1720272420811],[-2.86240921740133,53.1720245339784],[-2.86241372741176,53.1722492310871],[-2.86241823748247,53.1724739281871],[-2.86204427844214,53.1724766363304],[-2.86203977032746,53.1722519392101],[-2.86166581318284,53.1722546461591],[-2.86166130708442,53.1720299490099],[-2.86128735183551,53.1720326547646],[-2.86091339652634,53.1720353593455],[-2.86090889440012,53.1718106621469],[-2.86053494098669,53.1718133655336],[-2.86053944115693,53.1720380627523],[-2.86054394138732,53.1722627599624],[-2.86054844167787,53.1724874571637],[-2.86092240095933,53.1724847537163],[-2.8609269032661,53.1727094508887],[-2.86093140563305,53.1729341480523],[-2.86093590806018,53.1731588452073],[-2.86056194291047,53.1731615487153],[-2.86056644344165,53.1733862458818],[-2.86019247627557,53.1733889482361],[-2.8598185090493,53.1733916494164],[-2.85982300572832,53.1736163466145],[-2.85944903648571,53.173619046641],[-2.85945353126863,53.1738437438507],[-2.85907956000969,53.1738464427234],[-2.85908405289647,53.1740711399445],[-2.85871007962119,53.1740738376633],[-2.85871457061179,53.174298534896],[-2.85834059532016,53.1743012314609],[-2.85834508441451,53.174525928705],[-2.85797110710654,53.1745286241161],[-2.8579755943046,53.1747533213717],[-2.85760161498028,53.1747560156289],[-2.85722763559594,53.174758708712],[-2.85723211894132,53.1749834059991],[-2.85685813754066,53.1749860979283],[-2.85686261898962,53.1752107952269],[-2.85648863557263,53.1752134860021],[-2.85611465209571,53.1752161756032],[-2.85574066855887,53.1752188640303],[-2.85536668496214,53.1752215512832],[-2.85536221133863,53.1749968539041],[-2.85535773777493,53.1747721565162],[-2.85535326427103,53.1745474591197],[-2.85497928648346,53.1745501451382],[-2.85497481499564,53.1743254477128],[-2.8549703435676,53.1741007502787],[-2.85534431744263,53.1740980643004],[-2.85533984411812,53.1738733668777],[-2.85496587219933,53.1738760528359],[-2.85496140089083,53.1736513553844],[-2.85458743086841,53.1736540401484],[-2.8542134607862,53.1736567237385],[-2.85420899344983,53.1734320262381],[-2.85383502526402,53.173434708634],[-2.85346105701847,53.1734373898559],[-2.85346552044246,53.1736620873964],[-2.8538394906442,53.1736594061545],[-2.85384395608408,53.1738841036662],[-2.85384842158364,53.1741088011693],[-2.85422239563808,53.1741061187132],[-2.8542268631536,53.1743308161874],[-2.85423133072884,53.174555513653],[-2.8542357983638,53.1747802111098],[-2.85386181844049,53.1747828936262],[-2.85386628417883,53.1750075910944],[-2.85387074997687,53.1752322885539],[-2.85349676608109,53.1752349699363],[-2.85350122902822,53.1754596671916],[-2.85312724307839,53.1754623474109],[-2.85275325706814,53.1754650264559],[-2.85275771578561,53.1756897236563],[-2.85238372772866,53.1756924015397],[-2.85200973961135,53.1756950782489],[-2.85200528486653,53.1754703810231],[-2.85163129867522,53.1754730565453],[-2.85162684570677,53.1752483592368],[-2.8512528605799,53.1752510333418],[-2.85124840845816,53.175026335737],[-2.85124395639752,53.1748016381239],[-2.85086997296425,53.1748043104378],[-2.85086552298806,53.1745796128137],[-2.85086107307294,53.1743549151813],[-2.8504870936252,53.1743575863154],[-2.85048264579445,53.174132888672],[-2.85047819802475,53.1739081910203],[-2.85010422256245,53.1739108609745],[-2.85009977687704,53.1736861633118],[-2.8497258033769,53.1736888320888],[-2.84972135977572,53.1734641344152],[-2.84971691623552,53.1732394367332],[-2.84934294672073,53.1732421043305],[-2.84933850526469,53.1730174066375],[-2.8493340638696,53.1727927089363],[-2.84896009834009,53.1727953753538],[-2.84895565902907,53.1725706776416],[-2.84895121977899,53.1723459799211],[-2.84857725823468,53.1723486451589],[-2.84857282106858,53.1721239474275],[-2.84856838396338,53.1718992496877],[-2.84819442640419,53.1719019137459],[-2.8481899913829,53.1716772159952],[-2.84856394691909,53.1716745519396],[-2.84855950993569,53.1714498541832],[-2.84893346338795,53.171447188956],[-2.84930741677922,53.1714445225543],[-2.84968137010949,53.1714418549784],[-2.84967692711815,53.1712171572216],[-2.85005087836444,53.171214488474],[-2.85042482954965,53.171211818552],[-2.85042038257347,53.1709871207923],[-2.85079433167468,53.1709844496986],[-2.85116828071478,53.1709817774306],[-2.85154222875073,53.1709791037314],[-2.851537775822,53.1707544059861],[-2.85191172089366,53.1707517308745],[-2.8522856659057,53.1707490545891],[-2.85265961085812,53.1707463771296],[-2.85303355575089,53.1707436984963],[-2.85340750058396,53.1707410186891],[-2.8534030379355,53.1705163210352],[-2.85377698075303,53.1705136400741],[-2.8537725162084,53.1702889424316],[-2.85414645701037,53.1702862603167],[-2.85414199056963,53.1700615626855],[-2.85451592935604,53.1700588794167],[-2.85488986808268,53.1700561949741],[-2.85488539779011,53.1698314973744],[-2.85525933450116,53.169828811778],[-2.85563327115239,53.1698261250077],[-2.85600720774375,53.1698234370636],[-2.85600273164372,53.1695987395155],[-2.85637666621946,53.1695960504176],[-2.85675060073528,53.1695933601459],[-2.85674612078367,53.1693686626293],[-2.85712005328385,53.1693659712038],[-2.85749398572406,53.1693632786045],[-2.85748950192097,53.1691385811195],[-2.85786343234552,53.1691358873665],[-2.85785894664671,53.1689111898929],[-2.85823287505559,53.1689084949863],[-2.85822838746111,53.1686837975241],[-2.85822389992662,53.1684591000533],[-2.85859782436424,53.1684564040132],[-2.85859333493415,53.1682317065538],[-2.85896725735614,53.1682290093601],[-2.85934117971803,53.1682263109925],[-2.85971510201981,53.1682236114512],[-2.85971959731661,53.1684483088499],[-2.86009352151381,53.1684456081146],[-2.86046744565084,53.1684429062054],[-2.86046294644292,53.1682182088471],[-2.86083686856419,53.1682155057843],[-2.86083236746087,53.1679908084375],[-2.86082786641771,53.167766111082],[-2.86082336543471,53.1675414137178],[-2.86081886451186,53.1673167163448],[-2.86081436364918,53.1670920189631],[-2.86118827593281,53.1670893148278],[-2.8615621881562,53.1670866095188],[-2.86156669292975,53.1673113068599],[-2.8615711977635,53.1675360041924],[-2.86157570265747,53.1677607015161],[-2.86158020761165,53.1679853988312],[-2.86120628756639,53.1679881042212],[-2.86121079062525,53.1682128015478],[-2.86121529374429,53.1684374988656],[-2.86084136972768,53.1684402031224],[-2.86084587095133,53.1686649004518],[-2.86085037223514,53.1688895977724],[-2.86122430016296,53.1688868934751],[-2.86122880346258,53.1691115907668],[-2.86123330682238,53.1693362880497],[-2.86123781024239,53.1695609853239],[-2.86124231372259,53.1697856825894],[-2.86124681726298,53.1700103798462],[-2.86125132086357,53.1702350770943],[-2.86125582452436,53.1704597743336],[-2.86162976608196,53.1704570687206],[-2.86162526046537,53.1702323715016],[-2.86162075490901,53.1700076742738],[-2.86161624941287,53.1697829770373],[-2.86161174397695,53.169558279792],[-2.86160723860126,53.1693335825381],[-2.86160273328578,53.1691088852754],[-2.86159822803052,53.168884188004],[-2.86197215583781,53.168881481359],[-2.8623460835848,53.1688787735403],[-2.86272001127146,53.1688760645477],[-2.86309393889776,53.1688733543812],[-2.86346786646368,53.168870643041],[-2.8638417939692,53.1688679305269],[-2.86421572141428,53.168865216839],[-2.86422024035898,53.1690899139683],[-2.86384631095828,53.1690926276765],[-2.86385082800772,53.1693173248175],[-2.86422475936409,53.1693146110889],[-2.8642292784296,53.1695393082008],[-2.8646032116812,53.169536593278],[-2.86460773276282,53.1697612903608],[-2.86461225390488,53.1699859874349],[-2.86423831674184,53.1699887023983],[-2.86424283598857,53.170213399484],[-2.8642473552957,53.170438096561],[-2.86387341416064,53.1704408103912],[-2.8638688968093,53.1702161132939],[-2.86349495756959,53.1702188259299],[-2.86349947296515,53.1704435230475],[-2.86350398842106,53.1706682201564],[-2.86313004520933,53.1706709316591],[-2.86313455876975,53.1708956287796],[-2.86313907239051,53.1711203258913],[-2.86276512520667,53.1711230362608],[-2.86239117796247,53.1711257454563],[-2.86239568773176,53.1713504425999],[-2.86240019756133,53.1715751397348],[-2.86202624634497,53.1715778477969]]],[[[-2.85522646084233,53.2057856479832],[-2.85523092760397,53.2060103447581],[-2.85523539442493,53.2062350415243],[-2.8552398613052,53.206459738282],[-2.85486559968133,53.2064624227145],[-2.85487006468532,53.2066871194779],[-2.8548745297486,53.2069118162327],[-2.85450026419421,53.2069144995181],[-2.85450472738113,53.2071391962785],[-2.85413045983181,53.2071418784026],[-2.85412599858055,53.2069171816279],[-2.85412153738854,53.2066924848447],[-2.85374727365127,53.2066951657647],[-2.85337300985479,53.2066978455091],[-2.85336855259322,53.2064731486889],[-2.85336409539084,53.20624845186],[-2.85298983540636,53.2062511304005],[-2.85298538019873,53.2060264335489],[-2.85298092505025,53.2058017366887],[-2.85297646996094,53.20557703982],[-2.85297201493078,53.2053523429426],[-2.85334626717319,53.205349664459],[-2.85372051935641,53.2053469847998],[-2.85371606051451,53.2051222879423],[-2.85409031070308,53.2051196071218],[-2.85408584998495,53.2048949102699],[-2.85446009817886,53.2048922282882],[-2.85483434631352,53.2048895451309],[-2.85483881090249,53.2051142419543],[-2.85521306091328,53.2051115576072],[-2.85521752749699,53.2053362544078],[-2.85484327555075,53.2053389387691],[-2.85484774025829,53.2055636355753],[-2.85485220502512,53.205788332373],[-2.85522646084233,53.2057856479832]]],[[[-2.85408584998495,53.2048949102699],[-2.85371160173181,53.2048975910762],[-2.85333735341945,53.204900270707],[-2.85333289663136,53.2046755738181],[-2.85332843990244,53.2044508769207],[-2.8533239832327,53.2042261800147],[-2.85369822573893,53.2042235004266],[-2.85370268434402,53.2044481973183],[-2.85407692872639,53.2044455165405],[-2.85408138932606,53.2046702134095],[-2.85408584998495,53.2048949102699]]],[[[-2.86805939340025,53.1740060424566],[-2.86806393329534,53.1742307391787],[-2.86806847325099,53.1744554358921],[-2.86807301326722,53.1746801325968],[-2.86807755334402,53.1749048292927],[-2.8677035737074,53.1749075553034],[-2.86770811189034,53.1751322520138],[-2.86771265009411,53.1753569487133],[-2.86771718826349,53.1755816453994],[-2.86809117379344,53.1755789193287],[-2.86809571399961,53.1758036159904],[-2.86846970128366,53.1758008885541],[-2.86846515913615,53.1755761919056],[-2.86883914441845,53.1755734633083],[-2.86921312964031,53.1755707335366],[-2.86921767567049,53.1757954301587],[-2.86959166277322,53.1757926991995],[-2.86959621080516,53.1760173957997],[-2.86960075889755,53.1762420923914],[-2.86922676791208,53.1762448233771],[-2.86923131412349,53.1764695199735],[-2.86885732113613,53.1764722497981],[-2.86886186546652,53.1766969463992],[-2.86923586039531,53.1766942165613],[-2.86924040672754,53.1769189131406],[-2.86961440353733,53.1769161821152],[-2.86998840028661,53.1769134499154],[-2.87036239697538,53.1769107165413],[-2.87036694919249,53.1771354130722],[-2.8703715014701,53.1773601095946],[-2.8703760538082,53.1775848061084],[-2.87038060620681,53.1778095026137],[-2.87000660175194,53.1778122360409],[-2.87001115226944,53.1780369325509],[-2.8703851586659,53.1780341991104],[-2.8703897111855,53.1782588955986],[-2.87039426376559,53.1784835920783],[-2.87039881640619,53.1787082885493],[-2.87040336910728,53.1789329850118],[-2.87040792186888,53.1791576814658],[-2.87041247469098,53.1793823779113],[-2.87003845664443,53.1793851114314],[-2.86966443853733,53.1793878437771],[-2.86929042036973,53.1793905749483],[-2.86929496742701,53.179615271425],[-2.86892094725714,53.1796180014351],[-2.86891640214164,53.1793933049451],[-2.86891185708653,53.1791686084467],[-2.86853784073974,53.1791713372558],[-2.86854238385309,53.1793960337675],[-2.86816836550411,53.1793987614154],[-2.86779434653698,53.1794014877543],[-2.86742032714547,53.1794042128312],[-2.86704630769253,53.1794069367336],[-2.86704177245278,53.1791822401668],[-2.86666775492514,53.1791849628817],[-2.86629373733612,53.1791876844222],[-2.86628920613113,53.1789629878208],[-2.86591519046745,53.1789657081739],[-2.86554117474244,53.1789684273525],[-2.86553664757211,53.1787437307165],[-2.86516263377247,53.1787464487077],[-2.86478861991155,53.1787491655245],[-2.86441460598937,53.1787518811668],[-2.86441008484025,53.1785271844833],[-2.86403607284351,53.1785298989383],[-2.86403155374219,53.1783052022334],[-2.86365754367088,53.178307915501],[-2.86365302661731,53.1780832187745],[-2.86364850962486,53.1778585220395],[-2.86364399269352,53.1776338252959],[-2.86326998852077,53.1776365373503],[-2.86327450346556,53.1778612341068],[-2.86290049724512,53.1778639449997],[-2.86252649096356,53.1778666547183],[-2.86215248462092,53.1778693632625],[-2.86177847821721,53.1778720706322],[-2.86178298527675,53.1780967674318],[-2.86140897682542,53.1780994736401],[-2.86141348195933,53.1783241704441],[-2.86103947146038,53.1783268754909],[-2.8610439746686,53.1785515722992],[-2.86066996212203,53.1785542761844],[-2.86029594951449,53.1785569788953],[-2.85992193684602,53.1785596804317],[-2.85991743959771,53.1783349835848],[-2.85954342885498,53.1783376839339],[-2.85916941805137,53.1783403831087],[-2.85879540718691,53.178343081109],[-2.85879091595931,53.1781183842151],[-2.85841690702064,53.1781210810282],[-2.85841241784041,53.1778963841129],[-2.85840792872092,53.177671687189],[-2.85803392369462,53.1776743828021],[-2.85802943662241,53.1774496858569],[-2.85840343966217,53.1774469902566],[-2.85839895066415,53.1772222933156],[-2.85839446172688,53.1769975963661],[-2.85802046266013,53.1770002919408],[-2.85801597577005,53.1767755949699],[-2.85838997285034,53.1767728994081],[-2.85876396986984,53.1767702026718],[-2.8587594790676,53.1765455057181],[-2.85838548403454,53.1765482024415],[-2.85838099527947,53.1763235054663],[-2.85837650658514,53.1760988084827],[-2.85875049764541,53.1760961117849],[-2.85874600702546,53.1758714148055],[-2.85874151646626,53.1756467178175],[-2.85911550349303,53.1756440199711],[-2.85911999603856,53.1758687169462],[-2.85949398499082,53.1758660179127],[-2.85948949045897,53.1756413209504],[-2.85986347736404,53.1756386207554],[-2.8598589809067,53.1754139237974],[-2.85948499598793,53.1754166239796],[-2.85948050122798,53.1751919269256],[-2.85947600608453,53.1749672297682],[-2.8598499870647,53.1749645296205],[-2.85984549002502,53.1747398324746],[-2.85984099304545,53.17451513532],[-2.86021497005282,53.1745124340386],[-2.86021047117709,53.1742877368956],[-2.86020597236151,53.1740630397438],[-2.86057994539616,53.1740603373287],[-2.86057544468449,53.1738356401885],[-2.86057094403299,53.1736109430395],[-2.86094491309501,53.1736082394909],[-2.8609404105475,53.1733835423534],[-2.86131437759311,53.1733808376511],[-2.86130987314965,53.1731561405252],[-2.86130536876641,53.1729314433905],[-2.86167933183949,53.1729287375547],[-2.86168383817885,53.1731534346691],[-2.86205780314775,53.173150727639],[-2.86205329485229,53.1729260305448],[-2.86242725780476,53.172923322361],[-2.86242274761347,53.1726986252784],[-2.86279670854951,53.1726959159409],[-2.86279219646246,53.1724712188699],[-2.86316615538207,53.1724685083787],[-2.8631616413993,53.1722438113193],[-2.86315712747687,53.1720191142511],[-2.86353108242405,53.1720164026265],[-2.86352656660598,53.17179170557],[-2.86352205084828,53.1715670085047],[-2.86389600182312,53.1715642957468],[-2.86389148416986,53.1713395986931],[-2.86426543312833,53.1713368847816],[-2.86426995273751,53.171561581815],[-2.86464390359144,53.1715588667092],[-2.86464842521698,53.1717835637135],[-2.86465294690296,53.172008260709],[-2.8650269016083,53.1720055443886],[-2.86503142531072,53.1722302413551],[-2.86503594907362,53.1724549383129],[-2.86540990763044,53.1724522207778],[-2.86540538191153,53.1722275238404],[-2.86540085625311,53.1720028268942],[-2.86577481083736,53.1720001082259],[-2.86577028328347,53.1717754112914],[-2.8657657557901,53.1715507143482],[-2.86613970640187,53.1715479945467],[-2.8661351770131,53.1713232976151],[-2.86650912560834,53.1713205766601],[-2.86651365695303,53.1715452735712],[-2.86651818835828,53.1717699704737],[-2.86652271982411,53.1719946673674],[-2.8665272513505,53.1722193642524],[-2.86690120770893,53.1722166420418],[-2.86689667422654,53.1719919451772],[-2.86727062856832,53.171989221813],[-2.86726609319057,53.1717645249601],[-2.8676400455157,53.1717618004424],[-2.86764458284941,53.1719864972749],[-2.86764912024378,53.1722111940987],[-2.86765365769881,53.1724358909138],[-2.86802761583051,53.1724331651569],[-2.86803215530164,53.1726578619402],[-2.86765819521448,53.1726605877201],[-2.86728423506534,53.1726633123194],[-2.86691027485551,53.1726660357448],[-2.86691480851971,53.1728907325832],[-2.8669193422445,53.1731154294129],[-2.86692387602991,53.1733401262339],[-2.86654990989113,53.1733428485465],[-2.86655444178099,53.1735675453791],[-2.86655897373143,53.1737922422031],[-2.86656350574245,53.1740169390183],[-2.86693747774974,53.1740142166445],[-2.86731144969637,53.1740114930966],[-2.86768542158231,53.1740087683748],[-2.86805939340025,53.1740060424566]]],[[[-2.87180200734229,53.2294868433509],[-2.87179745064722,53.229262148188],[-2.87217190786085,53.2292594097834],[-2.872167349218,53.2290347146337],[-2.87254180435922,53.2290319750746],[-2.87253724376863,53.228807279938],[-2.87291169683745,53.2288045392245],[-2.8729162594381,53.2290292343392],[-2.8732907144546,53.2290264924274],[-2.8736651694087,53.2290237493393],[-2.87366060278794,53.2287990542685],[-2.87328614984389,53.2288017973347],[-2.87328158529559,53.2285771022332],[-2.87327702080968,53.228352407123],[-2.8736514697337,53.2283496641007],[-2.87402591859529,53.2283469199022],[-2.87402135015184,53.2281222248271],[-2.874395796941,53.2281194794741],[-2.8747702436677,53.2281167329449],[-2.8747748161311,53.228341427976],[-2.87477938865701,53.2285661229984],[-2.87440493791034,53.2285688695716],[-2.87440950848873,53.2287935646072],[-2.87441407912961,53.229018259634],[-2.87441864983296,53.229242954652],[-2.8744232205988,53.2294676496614],[-2.87404876174938,53.2294703951461],[-2.87405333056757,53.2296950901686],[-2.87405789944822,53.2299197851824],[-2.87406246839132,53.2301444801874],[-2.87368800344897,53.2301472245616],[-2.87331353844419,53.2301499677595],[-2.87330897352146,53.2299252727106],[-2.87368343651606,53.2299225295347],[-2.87367886964557,53.229697834499],[-2.87330440866114,53.2297005776529],[-2.87329984386322,53.2294758825865],[-2.87292538482652,53.2294786245421],[-2.87292082210112,53.229253929445],[-2.87254636501216,53.2292566702024],[-2.87255092572745,53.2294813653214],[-2.87217646656603,53.2294841049244],[-2.87180200734229,53.2294868433509]]],[[[-2.88118062467176,53.175482760826],[-2.88155460788451,53.1754799923033],[-2.88154999777685,53.1752552961602],[-2.88154538732691,53.1750306002495],[-2.88154077693847,53.1748059043301],[-2.88153616661156,53.174581208402],[-2.88116219120164,53.174583976842],[-2.88115758288758,53.1743592808836],[-2.881152974635,53.1741345849165],[-2.88152694614226,53.1741318165194],[-2.88190091758794,53.1741290469484],[-2.88227488897202,53.1741262762033],[-2.88227027492705,53.1739015802919],[-2.88264424429822,53.1738988083944],[-2.88301821360775,53.1738960353228],[-2.8833921828556,53.1738932610772],[-2.88376615204176,53.1738904856577],[-2.88377077389189,53.1741151814829],[-2.8841447449676,53.1741124048678],[-2.88414012116619,53.1738877090641],[-2.88451409022887,53.1738849312965],[-2.88488805857197,53.1738821527029],[-2.88489268624733,53.1741068484769],[-2.88489731398384,53.1743315442425],[-2.88527128556372,53.1743287647455],[-2.88564525708237,53.1743259840742],[-2.88601922853978,53.1743232022286],[-2.88639319993591,53.1743204192087],[-2.88676717127075,53.1743176350146],[-2.88676253390076,53.1740929393063],[-2.88713650324757,53.1740901539495],[-2.88751047253303,53.1740873674183],[-2.88788444175712,53.1740845797129],[-2.8882584109198,53.1740817908332],[-2.88825376590442,53.1738570951625],[-2.88862773307901,53.17385430512],[-2.88900170019215,53.1738515139034],[-2.88937566724381,53.1738487215124],[-2.88937101650989,53.1736240258679],[-2.88974498157341,53.1736212323143],[-2.8901189465754,53.1736184375864],[-2.89049291151585,53.1736156416843],[-2.89048825506355,53.1733909460659],[-2.8908622180158,53.1733881490012],[-2.89123618090645,53.1733853507622],[-2.89124084121195,53.1736100463574],[-2.89124550157903,53.1738347419441],[-2.89161946826128,53.1738319425077],[-2.89162413061659,53.1740566380743],[-2.89199809916384,53.174053837452],[-2.8923720676494,53.1740510356554],[-2.89237673391967,53.1742757311902],[-2.89275070427019,53.1742729282078],[-2.89275537252882,53.1744976237225],[-2.89312934474431,53.1744948195541],[-2.89313401499135,53.1747195150487],[-2.8931386853001,53.1749442105347],[-2.89314335567056,53.1751689060122],[-2.89314802551229,53.1753936017247],[-2.89315269471932,53.1756182977158],[-2.89352667647682,53.1756154923197],[-2.89353134763973,53.1758401882987],[-2.89353601886358,53.1760648842694],[-2.89316203331614,53.1760676896732],[-2.89316670270594,53.1762923856394],[-2.89317137215665,53.1765170815973],[-2.8931760416683,53.1767417775468],[-2.89355003290084,53.1767389721316],[-2.89355470436849,53.1769636680691],[-2.89355937589709,53.1771883639983],[-2.89356404748664,53.1774130599191],[-2.89356871913716,53.1776377558317],[-2.89394271788918,53.1776349492267],[-2.89394739149583,53.1778596451271],[-2.89395206516346,53.1780843410192],[-2.89357806262103,53.1780871476318],[-2.89358273445441,53.1783118435194],[-2.89320872995573,53.1783146489612],[-2.89283472539608,53.1783174532284],[-2.89283939349988,53.1785421491153],[-2.89246538698401,53.1785449522116],[-2.89247005325343,53.178769648094],[-2.8928440616646,53.1787668449939],[-2.89321807001481,53.1787640407191],[-2.89322274013575,53.1789887365856],[-2.89359675032029,53.1789859311324],[-2.8936014223975,53.1792106269867],[-2.89360609453568,53.1794353228328],[-2.89323208056043,53.1794381282936],[-2.89323675086418,53.1796628241352],[-2.89324142122887,53.1798875199684],[-2.89361543899492,53.1798847145],[-2.893620111316,53.1801094103211],[-2.89362478369803,53.180334106134],[-2.89399880519398,53.1803312994832],[-2.89400347953248,53.1805559952839],[-2.89362945614103,53.1805588019385],[-2.89363412864501,53.1807834977347],[-2.89363880120995,53.1810081935226],[-2.89364347383587,53.1812328893022],[-2.89364814652276,53.1814575850734],[-2.89365281927062,53.1816822808364],[-2.89402685213991,53.1816794741627],[-2.89403152684439,53.1819041699136],[-2.89403620160987,53.1821288656561],[-2.89404087643635,53.1823535613904],[-2.89404555132384,53.1825782571163],[-2.89405022627233,53.1828029528339],[-2.89405490128183,53.1830276485432],[-2.89368085703828,53.1830304552397],[-2.89368553021298,53.1832551509445],[-2.8933114840126,53.18325795647],[-2.89293743775122,53.1832607608207],[-2.89256339142886,53.1832635639965],[-2.89255872394156,53.1830388682803],[-2.89218467945404,53.1830416702775],[-2.8918106349056,53.1830444710998],[-2.89180597127076,53.1828197753678],[-2.89143192855719,53.1828225750115],[-2.89105788578275,53.1828253734804],[-2.89106254562602,53.18305006922],[-2.89068850089494,53.1830528665178],[-2.89031445610304,53.1830556626408],[-2.8903191122155,53.1832803583795],[-2.89032376838872,53.1835050541099],[-2.89069781697226,53.1835022579794],[-2.89070247438219,53.1837269539119],[-2.89070713101896,53.183951650084],[-2.8903330785936,53.1839544462422],[-2.89033773337492,53.1841791424194],[-2.88996367897149,53.1841819374166],[-2.88958962450676,53.1841847312392],[-2.88921556998078,53.1841875238872],[-2.88921092094971,53.1839628276692],[-2.88883686827924,53.1839656191289],[-2.88846281554755,53.183968409414],[-2.88846746074509,53.1841931056591],[-2.88884151539354,53.1841903153605],[-2.88884616256901,53.1844150115835],[-2.88885080980565,53.184639707798],[-2.88885545710347,53.1848644040039],[-2.88922951744113,53.1848616124898],[-2.88923416671698,53.1850863086736],[-2.88886010446246,53.1850891002013],[-2.88886475188263,53.1853137963901],[-2.88849068765,53.1853165867567],[-2.88848604214672,53.1850918905543],[-2.88811197976978,53.1850946797326],[-2.88773791733168,53.1850974677362],[-2.88774255900118,53.1853221639657],[-2.88774720073178,53.1855468601867],[-2.88775184252347,53.1857715563991],[-2.88737777427348,53.1857743432687],[-2.88738241420931,53.1859990394862],[-2.88700834398122,53.1860018251946],[-2.88701298206113,53.186226521417],[-2.8870176202021,53.1864512176309],[-2.88702225840412,53.1866759138362],[-2.88664818236387,53.1866786984105],[-2.8866435460789,53.1864540021916],[-2.88626947189462,53.1864567855777],[-2.8862648375877,53.1862320893367],[-2.88626020334178,53.1860073930873],[-2.88663427369203,53.1860046097283],[-2.88662963759015,53.1857799134838],[-2.88700370596236,53.1857771289636],[-2.88699906800454,53.1855524327241],[-2.88699443010778,53.185327736476],[-2.88698979227207,53.1851030402194],[-2.88698515449739,53.1848783439542],[-2.88735921514089,53.1848755583135],[-2.88735457551043,53.1846508620533],[-2.88698051678377,53.1846536476805],[-2.88660645799602,53.1846564321329],[-2.88623239914721,53.1846592154108],[-2.88623703302715,53.1848839117116],[-2.88586297220046,53.1848866938283],[-2.88548891131275,53.1848894747703],[-2.88549354141994,53.1851141710895],[-2.88511947855437,53.1851169508703],[-2.88474541562784,53.1851197294765],[-2.88475004196218,53.1853444258142],[-2.88512410680561,53.1853416471946],[-2.88512873511777,53.1855663435102],[-2.88550280181716,53.1855635637024],[-2.88550743210719,53.185788259996],[-2.88551206245816,53.186012956281],[-2.88588613293048,53.1860101752715],[-2.8858907652594,53.1862348715345],[-2.8858953976493,53.1864595677889],[-2.88590003010017,53.1866842640348],[-2.88552595387677,53.1866870450849],[-2.88553058447155,53.1869117413357],[-2.88515650627007,53.1869145212245],[-2.88478242800763,53.1869172999385],[-2.88478705482915,53.1871419962078],[-2.88441297257918,53.1871447743858],[-2.88403888952368,53.1871475516205],[-2.88404351264216,53.1873722478734],[-2.88404813582096,53.187596944118],[-2.8840527590601,53.1878216403544],[-2.8836786702562,53.187824416412],[-2.88330458139195,53.1878271912945],[-2.88293049246737,53.1878299650018],[-2.88293511007865,53.188054661228],[-2.8825610191977,53.1880574337595],[-2.88218692825648,53.1880602051158],[-2.88219154213584,53.1882849013324],[-2.88181744923826,53.1882876715129],[-2.88144335628046,53.1882904405181],[-2.88144796642779,53.1885151367251],[-2.88107387151367,53.1885179045544],[-2.88069977653937,53.1885206712086],[-2.88070438295456,53.1887453674059],[-2.88033028602396,53.1887481328842],[-2.88033489060309,53.1889728290725],[-2.87996079171618,53.1889755933748],[-2.87958669276916,53.1889783565019],[-2.87921259376206,53.1889811184538],[-2.87920799487146,53.1887564222678],[-2.87958209198238,53.1887536603151],[-2.87957749125563,53.1885289641201],[-2.87920339604085,53.1885317260736],[-2.87919879727026,53.1883070298712],[-2.87882470389156,53.1883097906503],[-2.87882930076603,53.1885344868519],[-2.87845520543118,53.188537246455],[-2.87808111003632,53.188540004883],[-2.87808570317846,53.1887647010748],[-2.87771160582747,53.1887674583267],[-2.87770701458148,53.1885427621357],[-2.8773329190667,53.1885455182133],[-2.87732832977674,53.188320822015],[-2.87695423609815,53.1883235769182],[-2.87694964876417,53.1880988807125],[-2.87694506149004,53.1878741844986],[-2.87694047427576,53.1876494882764],[-2.87656638622552,53.1876522420071],[-2.87656180096711,53.1874275457776],[-2.87655721576852,53.1872028495399],[-2.87655263062974,53.186978153294],[-2.87654804555079,53.1867534570399],[-2.87617396502464,53.1867562095988],[-2.87616938190143,53.1865315133374],[-2.876164798838,53.1863068170678],[-2.87616021583437,53.1860821207899],[-2.87615563289052,53.1858574245039],[-2.8765297058331,53.1858546719415],[-2.87690377871582,53.1858519182041],[-2.87689919204011,53.1856272219082],[-2.87727326296711,53.1856244669949],[-2.87726867445543,53.1853997706899],[-2.87726408600361,53.1851750743767],[-2.87689001886818,53.1851778292917],[-2.87688543237197,53.1849531329711],[-2.87688084593559,53.1847284366423],[-2.87687625955904,53.1845037403054],[-2.87687167324232,53.1842790439602],[-2.87724573279492,53.1842762890419],[-2.8776197922876,53.1842735329485],[-2.87761520223942,53.1840488365935],[-2.87761061225113,53.1838241402302],[-2.8772365565497,53.1838268963252],[-2.87723196842781,53.1836021999858],[-2.87722737949576,53.1833775039435],[-2.87760143134272,53.1833747478668],[-2.87759684052947,53.1831500518294],[-2.87797089037315,53.1831472945915],[-2.87834494015574,53.1831445361791],[-2.87834034551917,53.1829198401601],[-2.87871439329846,53.1829170805865],[-2.87870979678082,53.1826923845724],[-2.87870520032427,53.1824676885498],[-2.87907924415816,53.1824649278286],[-2.87908384255682,53.1826896238378],[-2.87945788827165,53.1826868619285],[-2.87983193392527,53.1826840988447],[-2.87982733164238,53.1824594028626],[-2.87945328793087,53.1824621659329],[-2.87944868765124,53.1822374699287],[-2.87944408743275,53.182012773916],[-2.87907004754418,53.1820155357847],[-2.87906544932887,53.18179083975],[-2.87906085117468,53.1815661437066],[-2.8794348871792,53.1815633818649],[-2.87943028714414,53.1813386858265],[-2.87942568717021,53.1811139897796],[-2.87942108725743,53.1808892937241],[-2.87941648740578,53.18066459766],[-2.87979051558134,53.1806618346978],[-2.87978591384895,53.1804371386387],[-2.88015994002141,53.1804343745156],[-2.88053396613264,53.1804316092179],[-2.88052936057771,53.1802069131774],[-2.88090338468581,53.1802041467188],[-2.88089877725027,53.1799794506832],[-2.88052475508399,53.1799822171282],[-2.88052014965149,53.1797575210705],[-2.88014612936573,53.1797602863276],[-2.87977210901873,53.1797630504101],[-2.87976750753098,53.1795383543168],[-2.87976290610438,53.179313658215],[-2.87975830473893,53.1790889621045],[-2.87975370343464,53.1788642659856],[-2.87974910219151,53.178639569858],[-2.87974450100953,53.1784148737219],[-2.87973989988869,53.1781901775773],[-2.879735298829,53.1779654814241],[-2.87973069783047,53.1777407852623],[-2.87972609689308,53.177516089092],[-2.88010009782353,53.1775133251447],[-2.88009549500578,53.1772886289793],[-2.88009089224919,53.1770639328055],[-2.88008628955378,53.176839236623],[-2.88008168691954,53.176614540432],[-2.88007708434646,53.1763898442324],[-2.88007248183455,53.1761651480243],[-2.88006787938381,53.1759404518076],[-2.88006327699423,53.1757157555824],[-2.8804372623321,53.1757129905689],[-2.88043265806238,53.1754882943487],[-2.88080664139771,53.1754855281745],[-2.88118062467176,53.175482760826]]],[[[-2.88519917493532,53.2253430176664],[-2.88520380276208,53.2255677121794],[-2.88482938843447,53.2255704923112],[-2.88445496876992,53.2255732707037],[-2.88445034480598,53.2253485761421],[-2.88444572039628,53.2251238813548],[-2.88482013626516,53.2251211030206],[-2.88519454664853,53.225118322925],[-2.88519917493532,53.2253430176664]]],[[[-2.88664119227156,53.2226355482994],[-2.88664582789648,53.2228602431147],[-2.88627143735785,53.2228630276648],[-2.88627607108535,53.2230877224963],[-2.8859016785251,53.2230905058953],[-2.88552728590278,53.2230932881184],[-2.88552265609436,53.222868593237],[-2.88589704675713,53.2228658110389],[-2.88589241505122,53.2226411161737],[-2.88551802634795,53.2226438983468],[-2.88551339666357,53.2224192034478],[-2.88513900985775,53.22242198442],[-2.88513438219485,53.2221972894871],[-2.88550876704121,53.2221945085399],[-2.88588315182554,53.2221917264167],[-2.88588778340735,53.2224164212996],[-2.88626217008908,53.2224136379755],[-2.88626680369243,53.2226383328246],[-2.88664119227156,53.2226355482994]]],[[[-2.88820840253553,53.2259948175047],[-2.888203758805,53.2257701231456],[-2.88782934300437,53.225772912705],[-2.88745492714124,53.2257757010881],[-2.88708051121562,53.2257784882948],[-2.8870758734647,53.2255537938758],[-2.88707123577624,53.2253290994481],[-2.88744564775716,53.2253263122755],[-2.88744100764546,53.2251016176533],[-2.88781541759415,53.2250988293249],[-2.88818982748065,53.2250960398205],[-2.88819447153152,53.2253207344014],[-2.88782005967559,53.2253235239266],[-2.88782470130873,53.2255482183201],[-2.88819911513699,53.2255454287778],[-2.88857352890271,53.2255426380592],[-2.88856888332491,53.2253179436999],[-2.88894329505574,53.2253151518221],[-2.88894794260587,53.2255398461642],[-2.88895259021859,53.2257645404977],[-2.88857817454308,53.2257673324098],[-2.888582820246,53.2259920267518],[-2.88820840253553,53.2259948175047]]],[[[-2.88708051121562,53.2257784882948],[-2.88708514902899,53.2260031827052],[-2.88708978690482,53.226227877107],[-2.8870944248431,53.2264525715002],[-2.88672000293777,53.2264553575818],[-2.88634558097,53.2264581424871],[-2.88634094697661,53.2262334480599],[-2.88596652691888,53.2262362317718],[-2.88596189496031,53.2260115373188],[-2.88633631304562,53.2260087536239],[-2.88633167917703,53.2257840591794],[-2.88632704537084,53.2255593647262],[-2.88670145944899,53.2255565798891],[-2.88670609522754,53.2257812743253],[-2.88708051121562,53.2257784882948]]],[[[-2.88665973514389,53.2235343275075],[-2.88665509933265,53.2233096327188],[-2.88665046358351,53.2230849379212],[-2.88702485601957,53.22308215217],[-2.88739924839348,53.2230793652429],[-2.88740388806173,53.2233040599905],[-2.88740852779213,53.2235287547293],[-2.88703413149908,53.2235315417064],[-2.88703876933203,53.2237562364613],[-2.88666437101723,53.2237590222875],[-2.88665973514389,53.2235343275075]]],[[[-2.93689317504079,53.1746081079905],[-2.9372671403305,53.174605166384],[-2.93727203810192,53.1748298603545],[-2.93727693593881,53.1750545543161],[-2.93690296674245,53.1750574959704],[-2.93690786269144,53.1752821899471],[-2.93653389147622,53.1752851304512],[-2.9365289974806,53.1750604364506],[-2.93615502815331,53.1750633757568],[-2.93615013617644,53.1748386817236],[-2.93614524426497,53.1746139876815],[-2.9365192096856,53.174611048423],[-2.93689317504079,53.1746081079905]]],[[[-2.93615502815331,53.1750633757568],[-2.93615992019556,53.1752880697813],[-2.93616481218372,53.1755127636857],[-2.93653878541959,53.175509824333],[-2.93654367942579,53.1757345182035],[-2.93654857349742,53.1759592120653],[-2.93655346763446,53.1761839059182],[-2.93692744666593,53.1761809653194],[-2.93693234282214,53.1764056591394],[-2.93730632374186,53.1764027173425],[-2.93730142563192,53.1761780235465],[-2.93729652758745,53.1759533297417],[-2.93767050453422,53.1759503868189],[-2.93766560460154,53.1757256930293],[-2.93803957952908,53.1757227489565],[-2.93841355439105,53.1757198037097],[-2.93840865061655,53.1754951099595],[-2.93840374689726,53.1752704161905],[-2.93839884313481,53.1750457223094],[-2.9383939394379,53.1748210284195],[-2.93801997239146,53.1748239735718],[-2.9380150707134,53.1745992796492],[-2.93801016910086,53.1743745857177],[-2.93800526755382,53.1741498917775],[-2.93763130630169,53.1741528356841],[-2.93762640677339,53.1739281417111],[-2.93762150731059,53.1737034477293],[-2.93799546465628,53.1737005038705],[-2.93799056330579,53.1734758099038],[-2.93836451863275,53.173472864895],[-2.9383596153946,53.1732481709434],[-2.93873356870284,53.1732452247846],[-2.93910752194548,53.1732422774519],[-2.9394814751225,53.1732393289452],[-2.93948638422011,53.173464022825],[-2.93986033928463,53.1734610731205],[-2.93986525040103,53.1736857669676],[-2.93987016158306,53.1739104608058],[-2.93987507283075,53.1741351546352],[-2.94024903368919,53.1741322036849],[-2.94025394695576,53.1743568974816],[-2.940258860288,53.1745815912694],[-2.94026377368591,53.1748062850484],[-2.94063774033849,53.1748033328522],[-2.9406426557554,53.1750280265984],[-2.94064757123801,53.1752527203358],[-2.94065248668819,53.1754774139691],[-2.94102645913684,53.1754744605284],[-2.9410313765869,53.1756991541099],[-2.9406574021846,53.1757021075747],[-2.94066231774673,53.1759268011715],[-2.94066723337456,53.1761514947595],[-2.94104121168423,53.1761485412463],[-2.94141518992813,53.1761455865591],[-2.94178916810622,53.1761426306979],[-2.94178424661729,53.1759179371824],[-2.9414102703929,53.1759208930195],[-2.94140535092342,53.175696199471],[-2.94140043151971,53.1754715059137],[-2.94177440383679,53.175468550125],[-2.94214837608805,53.1754655931622],[-2.94215329939905,53.1756902866712],[-2.9425272735381,53.1756873285103],[-2.94253219886858,53.1759120219862],[-2.94290617489542,53.1759090626271],[-2.94290124761127,53.1756843691754],[-2.94327522161853,53.1756814086665],[-2.94364919555987,53.1756784469835],[-2.94402316943525,53.1756754841266],[-2.94439714324465,53.1756725200956],[-2.94477111698804,53.1756695548907],[-2.94476618000156,53.1754448615512],[-2.94514015172528,53.1754418951965],[-2.94551412338294,53.1754389276678],[-2.94551906427669,53.1756636209588],[-2.9458930378219,53.1756606522318],[-2.94589798073536,53.1758853454897],[-2.9459029237149,53.1761100387388],[-2.94627690110134,53.1761070687892],[-2.94627195616812,53.1758823755645],[-2.94664593153473,53.1758794044652],[-2.94665087842163,53.1761040976657],[-2.94665582537467,53.1763287908574],[-2.9470298045825,53.1763258185355],[-2.9470347535554,53.1765505116941],[-2.94703970259445,53.1767752048438],[-2.94704465169967,53.1769998979848],[-2.94704960087104,53.1772245911169],[-2.94705455010857,53.1774492842401],[-2.94705949941226,53.1776739773546],[-2.94668550848163,53.1776769498223],[-2.94631151748482,53.1776799211158],[-2.94593752642186,53.1776828912353],[-2.94556353529277,53.1776858601807],[-2.94556847684706,53.1779105533835],[-2.9455734184674,53.1781352465774],[-2.94557836015381,53.1783599397625],[-2.94595235714466,53.1783569707443],[-2.9459573008511,53.1785816638964],[-2.94596224462363,53.1788063570396],[-2.94596718846225,53.179031050174],[-2.94597213236696,53.1792557432996],[-2.94634613710773,53.1792527730101],[-2.94672014178233,53.1792498015466],[-2.94672508966129,53.1794744946147],[-2.94709909622379,53.1794715219527],[-2.94747310272007,53.1794685481165],[-2.94784710915012,53.1794655731061],[-2.9482211155139,53.1794625969215],[-2.9482260712754,53.1796872898837],[-2.94823102710315,53.1799119828369],[-2.94785701683115,53.1799149590701],[-2.94785206295752,53.1796902660925],[-2.94747805457337,53.1796932411272],[-2.94710404612299,53.1796962149877],[-2.94673003760639,53.1796991876741],[-2.94673498561764,53.1799238807246],[-2.94636097508073,53.1799268522611],[-2.94598696447766,53.1799298226234],[-2.94598202037467,53.1797051295243],[-2.94560801165959,53.1797080986881],[-2.9452340028784,53.1797110666777],[-2.94485999403114,53.1797140334932],[-2.94448598511781,53.1797169991345],[-2.94411197613846,53.1797199636016],[-2.94410704187209,53.1794952703724],[-2.94373303478084,53.1794982336411],[-2.94335902762362,53.1795011957357],[-2.94298502040045,53.1795041566561],[-2.94298994880448,53.1797288499579],[-2.94299487727441,53.179953543251],[-2.94262086607706,53.1799565030455],[-2.94224685481381,53.179959461666],[-2.94225177944128,53.1801841549985],[-2.9422567041346,53.1804088483223],[-2.94226162889374,53.1806335416373],[-2.94188761170204,53.180636499156],[-2.94189253457278,53.1808611924863],[-2.94189745750934,53.1810858858078],[-2.94227147860956,53.1810829282407],[-2.94227640356623,53.1813076215292],[-2.94228132858874,53.1815323148089],[-2.94190730357989,53.1815352724244],[-2.94153327850519,53.1815382288656],[-2.94153819968484,53.1817629221848],[-2.94116417258995,53.1817658774759],[-2.94079014542926,53.1817688315928],[-2.94041611820278,53.1817717845353],[-2.9404112028862,53.1815470911437],[-2.94003717754833,53.1815500428878],[-2.94004209091056,53.1817747363036],[-2.93966806355261,53.1817776868977],[-2.93967297502614,53.1820023803288],[-2.93967788656534,53.1822270737511],[-2.93968279817019,53.1824517671645],[-2.93930876488331,53.1824547166566],[-2.93931367459937,53.1826794100854],[-2.93893963929233,53.1826823584273],[-2.93893473153074,53.1824576649745],[-2.93856069811253,53.182460612118],[-2.93855579237099,53.1822359186322],[-2.93818176084159,53.1822388645773],[-2.93780772924659,53.1822418093481],[-2.93780282747946,53.1820171158054],[-2.93742879777331,53.1820200593779],[-2.93705476800162,53.1820230017761],[-2.93704987020881,53.1817983081764],[-2.93667584232598,53.1818012493763],[-2.93667094655302,53.1815765557437],[-2.93629692055908,53.1815794957453],[-2.93592289449967,53.1815824345726],[-2.93591800270084,53.1813577408832],[-2.93554397853034,53.1813606785122],[-2.93516995429444,53.1813636149669],[-2.93479592999314,53.1813665502474],[-2.93442190562478,53.1813694843652],[-2.93441702170905,53.1811447905719],[-2.93404299922953,53.1811477234976],[-2.93403811733405,53.1809230296725],[-2.93366409674414,53.180925961401],[-2.93329007608894,53.1809288919552],[-2.93328519816857,53.1807041980754],[-2.93291117940303,53.1807071274324],[-2.93253716057223,53.1807100556152],[-2.93216314167623,53.1807129826237],[-2.93215826968576,53.1804882886663],[-2.93215339776043,53.1802635947001],[-2.931779382709,53.1802665204885],[-2.93140536759242,53.1802694451027],[-2.93141023560801,53.1804941391147],[-2.93141510368869,53.1807188331179],[-2.93141997183447,53.1809435271124],[-2.93104595078806,53.180946450621],[-2.931050817044,53.1811711446296],[-2.93067679397752,53.1811740669868],[-2.93030277084597,53.1811769881698],[-2.93030763325702,53.1814016822153],[-2.92993360810543,53.1814046022469],[-2.9295595828888,53.1814075211042],[-2.92918555760717,53.1814104387871],[-2.92881153226055,53.1814133552958],[-2.92843750684898,53.1814162706303],[-2.92806348137248,53.1814191847904],[-2.92805863069131,53.1811944906077],[-2.92768460710489,53.1811974035708],[-2.92767975844354,53.1809727093565],[-2.92767490984703,53.1807480151335],[-2.92730089010562,53.1807509268766],[-2.92692687029937,53.1807538374455],[-2.92693171498601,53.1809785317141],[-2.92655769316,53.1809814411315],[-2.92656253595647,53.1812061354141],[-2.9261885121107,53.18120904368],[-2.92581448820016,53.1812119507716],[-2.9258193271514,53.181436645091],[-2.92582416616735,53.1816613394015],[-2.92545013828206,53.1816642453644],[-2.92507611033204,53.1816671501529],[-2.92470208231732,53.1816700537671],[-2.92432805423794,53.1816729562071],[-2.92395402609392,53.1816758574727],[-2.92395885539935,53.1819005518882],[-2.92358482523565,53.1819034520022],[-2.92357999788527,53.181678757564],[-2.92320596961204,53.181681656481],[-2.92283194127425,53.1816845542237],[-2.92283676471452,53.1819092487073],[-2.92246273435713,53.1819121452984],[-2.92208870393523,53.1819150407151],[-2.92171467344884,53.1819179349576],[-2.92134064289799,53.1819208280257],[-2.9209666122827,53.1819237199195],[-2.92097142601206,53.1821484145076],[-2.92059739337728,53.1821513052498],[-2.920592581603,53.181926610639],[-2.92021855085892,53.1819295001842],[-2.92021374110404,53.181704805542],[-2.92020893141348,53.181480110891],[-2.92020412178723,53.1812554162313],[-2.9201993122253,53.1810307215628],[-2.92019450272768,53.1808060268855],[-2.92056852369672,53.1808031374535],[-2.92094254460138,53.1808002468471],[-2.92093773125822,53.1805755522063],[-2.92056371230848,53.18057844279],[-2.92018969329437,53.1805813321995],[-2.92018488392537,53.1803566375046],[-2.91981086680182,53.1803595257172],[-2.91981567421591,53.1805842204346],[-2.91982048169429,53.1808089151433],[-2.91944646059658,53.1808118022268],[-2.91907243943456,53.180814688136],[-2.91869841820828,53.180817572871],[-2.91870321988607,53.1810422676387],[-2.91832919664057,53.181045151222],[-2.91795517328109,53.1810480336517],[-2.91795997111937,53.1812727284538],[-2.91758594549298,53.1812756098396],[-2.9175811495943,53.1810509150172],[-2.91757635375936,53.1808262201861],[-2.91720233194837,53.1808291003568],[-2.91720712584373,53.1810537952083],[-2.91683310202942,53.1810566742251],[-2.91645907815138,53.1810595520675],[-2.91645428813517,53.1808348571754],[-2.91644949818263,53.1806101622746],[-2.91607547812002,53.180613038902],[-2.91570145799375,53.1806159143552],[-2.91570624406719,53.1808406092967],[-2.91533222193772,53.1808434835958],[-2.91533700613518,53.1810681785488],[-2.91496298200251,53.1810710516939],[-2.91496776432395,53.1812957466585],[-2.91459373818807,53.1812986186495],[-2.91458895780625,53.1810739236646],[-2.91421493354642,53.181076794461],[-2.91421971198863,53.1813014894662],[-2.91384568572565,53.1813043591084],[-2.91385046229172,53.1815290541251],[-2.91347643402558,53.1815319226133],[-2.91348120871546,53.1817566176416],[-2.9134859834688,53.1819813126611],[-2.91349075828559,53.1822060076719],[-2.91349553316584,53.1824307026739],[-2.91312149707738,53.1824335700687],[-2.91312627008132,53.1826582650823],[-2.91275223198961,53.1826611313229],[-2.91275700311718,53.182885826348],[-2.91238296302223,53.1828886914344],[-2.91200892286386,53.1828915553464],[-2.91201369017518,53.1831162504033],[-2.91163964801359,53.183119113161],[-2.91126560578863,53.1831219747444],[-2.91127036928359,53.1833466698329],[-2.91089632505543,53.183349530262],[-2.91090108667382,53.1835742253619],[-2.91052704044246,53.1835770846368],[-2.9101529941478,53.1835799427371],[-2.91015775128308,53.1838046379277],[-2.90978370296997,53.1838074948784],[-2.90978845806639,53.1840321900987],[-2.9094144077441,53.1840350458998],[-2.90904035735846,53.1840379005266],[-2.90904510862659,53.1842625957875],[-2.90867105623179,53.1842654492646],[-2.90867580561737,53.1844901445413],[-2.90830175121341,53.1844929968687],[-2.90792769674616,53.1844958480218],[-2.90793244230328,53.184720543339],[-2.9075583858269,53.1847233933423],[-2.90756312950134,53.1849480886754],[-2.90718907101582,53.184950937529],[-2.90719381280753,53.185175632878],[-2.90681975231287,53.1851784805818],[-2.90682449222181,53.1854031759466],[-2.906450429718,53.1854060225007],[-2.90645516774411,53.1856307178812],[-2.90608110323116,53.1856335632855],[-2.90570703865507,53.1856364075154],[-2.90571177285229,53.1858611029364],[-2.90533770626708,53.1858639460164],[-2.90496363961878,53.185866787922],[-2.90495890931359,53.1856420924518],[-2.90458484454824,53.1856449331584],[-2.90458011625207,53.1854202376548],[-2.90457538801888,53.1851955421424],[-2.90457065984869,53.1849708466211],[-2.9041966008582,53.1849736860795],[-2.90419187469692,53.1847489905248],[-2.9041871485986,53.1845242949613],[-2.9038130934369,53.1845271331962],[-2.9038083693474,53.1843024375993],[-2.9034343160686,53.1843052746352],[-2.90342959398787,53.1840805790049],[-2.90305554259195,53.1840834148419],[-2.90305082251995,53.1838587191782],[-2.90267677300692,53.1838615538163],[-2.90267205494358,53.1836368581192],[-2.90229800731344,53.1836396915584],[-2.90229329038403,53.1834149959841],[-2.90191924464336,53.1834178282265],[-2.90191452964513,53.1831931326363],[-2.90154048578165,53.1831959636842],[-2.90116644137054,53.1831987937168],[-2.90079239639557,53.1832016227392],[-2.90078768720087,53.1829769271085],[-2.90041364406017,53.1829797549521],[-2.90003960085799,53.1829825816208],[-2.89966555759435,53.1829854071147],[-2.89929151426927,53.1829882314338],[-2.89891747088278,53.1829910545781],[-2.89891277122833,53.1827663589192],[-2.89890807163521,53.1825416632521],[-2.89853403197884,53.1825444852136],[-2.89815999226111,53.1825473060003],[-2.89815529652075,53.182322610317],[-2.8977812586374,53.182325429925],[-2.89740722069274,53.1823282483582],[-2.89741191264168,53.1825529440493],[-2.89703787274004,53.1825557613116],[-2.89666383277714,53.182558577399],[-2.89665914461963,53.1823338817001],[-2.89665445652329,53.1821091859928],[-2.89702849269479,53.1821063699131],[-2.89702380276398,53.1818816742015],[-2.89739783697856,53.1818788569509],[-2.89739314521331,53.1816541612348],[-2.8973884535093,53.1814294655104],[-2.89776248387137,53.1814266470929],[-2.89813651417212,53.1814238275006],[-2.89813181873817,53.1811991317757],[-2.89850584708203,53.1811963110125],[-2.8985011498138,53.1809716152833],[-2.89887517620075,53.1809687933493],[-2.89887047709829,53.1807440976157],[-2.89924450152834,53.1807412745109],[-2.89923980059171,53.1805165787729],[-2.89923509971643,53.1802918830266],[-2.8992303989025,53.180067187272],[-2.89885638015889,53.1800700103649],[-2.89885168130173,53.179845314598],[-2.89847766439217,53.1798481365123],[-2.89810364742127,53.1798509572519],[-2.89810834248757,53.1800756530266],[-2.89811303761514,53.180300348793],[-2.89773901679203,53.1803031683658],[-2.89736499590764,53.1803059867638],[-2.89736030457098,53.1800812909895],[-2.89698628552077,53.1800841082089],[-2.89698159614076,53.1798594124224],[-2.89735561329554,53.1798565952069],[-2.89735092208133,53.1796318994161],[-2.89697690682195,53.1796347166276],[-2.89697221756434,53.1794100208245],[-2.89734623092833,53.1794072036169],[-2.89734153983655,53.1791825078094],[-2.89771555124393,53.1791796894309],[-2.89771085831804,53.178954993619],[-2.89770616545339,53.1787302977988],[-2.89808017300885,53.1787274782535],[-2.89807547831017,53.1785027824289],[-2.89770147264999,53.1785056019703],[-2.89732746692853,53.178508420337],[-2.8969534611458,53.1785112375291],[-2.89694877219414,53.1782865416845],[-2.89657476824544,53.178289357698],[-2.8965700812502,53.1780646618412],[-2.89656539431611,53.177839965976],[-2.89693939447439,53.1778371499703],[-2.89693470570629,53.1776124541007],[-2.89693001699938,53.1773877582228],[-2.89655602063143,53.1773905742208],[-2.89655133388083,53.1771658783307],[-2.89654664719138,53.1769411824323],[-2.89654196056309,53.1767164865256],[-2.89691595124573,53.1767136705393],[-2.89691126278354,53.1764889746282],[-2.89690657438254,53.1762642787088],[-2.89653258748997,53.1762670946873],[-2.8961586005362,53.1762699094913],[-2.89616328514716,53.1764946054185],[-2.89616796981924,53.1767193013374],[-2.89617265455246,53.176943997248],[-2.89579866185236,53.176946810889],[-2.89542466909112,53.1769496233555],[-2.89505067626874,53.1769524346474],[-2.89504599722076,53.1767277387252],[-2.89467200623237,53.1767305488387],[-2.8946673291405,53.1765058529044],[-2.89466265210965,53.1762811569617],[-2.89465797513983,53.1760564610108],[-2.89465329823103,53.1758317650516],[-2.89464862138326,53.175607069084],[-2.89427463980881,53.1756098780038],[-2.89426996491699,53.1753851820241],[-2.89426528928709,53.1751604863565],[-2.89463926703562,53.1751576774559],[-2.89501324472227,53.1751548673811],[-2.89500856471793,53.174930171962],[-2.89538254041591,53.1749273607246],[-2.89537785854666,53.1747026653086],[-2.89575183225598,53.1746998529086],[-2.89612580590335,53.1746970393343],[-2.89649977948874,53.1746942245858],[-2.89650446713822,53.1749189199665],[-2.89650915484965,53.1751436153388],[-2.89651384207755,53.175368310911],[-2.89651852833893,53.1755930068675],[-2.89652321466146,53.1758177028158],[-2.89689719776405,53.175814886845],[-2.89689250954658,53.1755901909006],[-2.89688782139027,53.175365494948],[-2.89688313222656,53.1751407993925],[-2.89687844258837,53.1749161040319],[-2.89687375301214,53.1746914086629],[-2.89724772647352,53.1746885915658],[-2.89724303503255,53.1744638962],[-2.89723834365358,53.1742392008257],[-2.89723365233659,53.1740145054429],[-2.8972289610816,53.1737898100516],[-2.8972242698886,53.1735651146518],[-2.89721957875759,53.1733404192435],[-2.89759354059702,53.1733376010427],[-2.89758884760143,53.1731129056376],[-2.89758415466785,53.172888210224],[-2.89795811259213,53.1728853908725],[-2.89795341779406,53.1726606954622],[-2.89794872305803,53.1724360000434],[-2.89757476898674,53.1724388193714],[-2.89757946179629,53.172663514802],[-2.89720550573646,53.1726663329675],[-2.89720081485339,53.1724416375252],[-2.896826860658,53.1724444545048],[-2.89682217176338,53.1722197590422],[-2.89644821943243,53.1722225748359],[-2.89644353252619,53.1719978793531],[-2.8968174829307,53.1719950635711],[-2.8971914332732,53.171992246615],[-2.89756538355367,53.1719894284847],[-2.8975700762392,53.1722141239323],[-2.89794402838403,53.1722113046161],[-2.89793933377207,53.1719866091802],[-2.89831328392839,53.1719837887016],[-2.89830858745206,53.1717590932691],[-2.89830389103778,53.171534397828],[-2.89867783727921,53.1715315761988],[-2.8990517834585,53.1715287533954],[-2.8990470832536,53.1713040579694],[-2.89904238311078,53.1710793625349],[-2.89941632537525,53.171076538581],[-2.89941162336825,53.1708518431499],[-2.89903768303008,53.1708546670919],[-2.89903298301149,53.1706299716404],[-2.89865904453743,53.1706327943966],[-2.89865434650718,53.1704080989248],[-2.89828040989724,53.1704109204951],[-2.89827571385529,53.170186225003],[-2.89790177910946,53.1701890453874],[-2.89789708505576,53.169964349875],[-2.89752315217405,53.1699671690735],[-2.89751846010853,53.1697424735408],[-2.89714452909094,53.1697452915535],[-2.89713983901357,53.1695205960006],[-2.8967659098601,53.1695234128274],[-2.89676122177082,53.1692987172543],[-2.89638729448148,53.1693015328953],[-2.89638260838023,53.1690768373019],[-2.8963779223409,53.1688521416999],[-2.89600399884176,53.1688549561435],[-2.89599931479038,53.1686302605213],[-2.89562539315534,53.1686330737791],[-2.89562071109188,53.1684083781367],[-2.89561602909027,53.1681836824857],[-2.89524211124533,53.1681864945461],[-2.89523743123156,53.1679617988749],[-2.89561134715053,53.1679589868263],[-2.89560666527264,53.1677342911584],[-2.89598057920376,53.1677314779475],[-2.89635449307294,53.1677286635626],[-2.89634980740508,53.1675039679096],[-2.89672371928637,53.1675011523624],[-2.89671903175453,53.1672764567127],[-2.89634512179911,53.1672792722481],[-2.89634043625506,53.1670545765781],[-2.89633575036476,53.1668298810673],[-2.89596184421631,53.1668326953972],[-2.89595716002141,53.1666079999846],[-2.89595247588876,53.1663833045632],[-2.89594779181835,53.1661586091332],[-2.89594310781019,53.1659339136944],[-2.89631700619625,53.1659310994424],[-2.89669090451999,53.1659282840168],[-2.89706480278137,53.1659254674174],[-2.89706011301386,53.1657007720284],[-2.89743400927233,53.1656979542748],[-2.8978079054684,53.1656951353476],[-2.89818180160203,53.1656923152466],[-2.89817710607534,53.1654676199076],[-2.89855100020601,53.1654647986524],[-2.89892489427421,53.1654619762236],[-2.89892019492897,53.165237280915],[-2.89929408699418,53.165234457332],[-2.89966797899687,53.1652316325754],[-2.89966327583318,53.1650069372973],[-2.90003716583286,53.1650041113865],[-2.90004187093699,53.1652288066451],[-2.90041576281453,53.1652259795411],[-2.90041105576996,53.1650012843021],[-2.90040634878795,53.1647765890545],[-2.90040164186848,53.1645518937981],[-2.90039693501157,53.1643271985331],[-2.90002305089563,53.1643300255587],[-2.90002775581219,53.1645547208433],[-2.89965386969331,53.1645575467149],[-2.89927998351188,53.1645603714128],[-2.89927528247606,53.1643356760889],[-2.89890139817247,53.1643384995936],[-2.89852751380638,53.1643413219246],[-2.89852281671371,53.1641166265529],[-2.89814893422549,53.1641194476907],[-2.89814423913555,53.1638947522908],[-2.8977703585252,53.1638975722354],[-2.89776566543795,53.1636728768072],[-2.89739178670546,53.1636756955586],[-2.89738709562084,53.1634510001022],[-2.89701321876623,53.1634538176605],[-2.8970085296842,53.1632291221758],[-2.89700384066447,53.1630044266825],[-2.89699915170704,53.1627797311804],[-2.89662528061071,53.1627825475065],[-2.89662059365577,53.1625578519763],[-2.89661590676309,53.1623331564373],[-2.8966112199327,53.1621084608896],[-2.89623735459446,53.1621112759836],[-2.89624203948474,53.1623359715508],[-2.89586817214407,53.1623387854908],[-2.89586348919391,53.1621140899041],[-2.89548962373108,53.162116902651],[-2.89548494278324,53.1618922070361],[-2.89548026189759,53.1616675114126],[-2.89585412348026,53.1616646987046],[-2.89584944071677,53.1614400030918],[-2.89584475801551,53.1612153074703],[-2.89584007537646,53.1609906118401],[-2.89583539279963,53.1607659162012],[-2.89583071028502,53.1605412205536],[-2.89582602783263,53.1603165248973],[-2.89582134544245,53.1600918292323],[-2.89544749743951,53.1600946418038],[-2.89507364937432,53.1600974532019],[-2.8946998012469,53.1601002634265],[-2.8943259530573,53.1601030724776],[-2.89395210480552,53.1601058803553],[-2.89357825649159,53.1601086870595],[-2.89320440811555,53.1601114925902],[-2.89283055967742,53.1601142969475],[-2.89245671117722,53.1601171001313],[-2.89208286261498,53.1601199021416],[-2.89170901399073,53.1601227029784],[-2.89133516530449,53.1601255026418],[-2.89096131655628,53.1601283011317],[-2.89096597372789,53.1603529970493],[-2.89059212297785,53.160355794385],[-2.8905967782714,53.1605804903133],[-2.89022292551953,53.1605832864949],[-2.89022757893499,53.1608079824338],[-2.89023223241227,53.161032678364],[-2.89023688595139,53.1612573742855],[-2.89024153955233,53.1614820701983],[-2.88986767897861,53.1614848652839],[-2.88987233070134,53.1617095612073],[-2.88949846812568,53.1617123551387],[-2.88912460548819,53.1617151478965],[-2.88912925339255,53.1619398438499],[-2.88875538875316,53.1619426354534],[-2.88838152405198,53.1619454258835],[-2.88838616813788,53.1621701218668],[-2.88801230143481,53.1621729111425],[-2.88763843467002,53.1621756992447],[-2.88763379446435,53.1619510032228],[-2.88762915432034,53.1617263071922],[-2.88762451423798,53.1615016111529],[-2.88761987421726,53.1612769151049],[-2.8876152342582,53.1610522190482],[-2.88724137713201,53.1610550058804],[-2.88723673917458,53.1608303097957],[-2.88723210127877,53.1606056137023],[-2.88722746344458,53.1603809176003],[-2.88722282567201,53.1601562214895],[-2.88721818796105,53.15993152537],[-2.88759203538758,53.1599287386341],[-2.88758739579838,53.1597040425252],[-2.88796124122335,53.1597012546352],[-2.88833508658659,53.1596984655717],[-2.88870893188807,53.1596956753347],[-2.88870428654103,53.159470979275],[-2.88907812984091,53.1594681878839],[-2.88945197307899,53.1594653953194],[-2.88944732391407,53.1592406992896],[-2.88982116515052,53.1592379055709],[-2.89019500632511,53.1592351106788],[-2.89056884743783,53.1592323146133],[-2.89056419251537,53.1590076186328],[-2.89093803162641,53.1590048214132],[-2.89131187067552,53.1590020230202],[-2.89168570966267,53.1589992234537],[-2.89168104898284,53.1587745275227],[-2.89205488596827,53.1587717268022],[-2.89242872289169,53.1587689249083],[-2.89280255975308,53.158766121841],[-2.89317639655241,53.1587633176002],[-2.89317172809666,53.1585386217648],[-2.8935455628846,53.1585358163723],[-2.89391939761,53.1585330098064],[-2.89429323227281,53.1585302020672],[-2.89466706687303,53.1585273931547],[-2.89504090141061,53.1585245830689],[-2.8950362231059,53.1582998873808],[-2.89466239052562,53.1583026974438],[-2.89465771424078,53.1580780017241],[-2.89503154486378,53.1580751916839],[-2.89540537542413,53.1580723804704],[-2.89541005562353,53.1582970761445],[-2.89578388807847,53.1582942637349],[-2.89615772047071,53.158291450152],[-2.89653155280022,53.1582886353957],[-2.89690538506696,53.1582858194662],[-2.89727921727092,53.1582830023633],[-2.89765304941207,53.1582801840872],[-2.89764835746905,53.1580554885502],[-2.8980221875901,53.1580526691236],[-2.89839601764828,53.1580498485237],[-2.89876984764357,53.1580470267506],[-2.89914367757595,53.1580442038041],[-2.89951750744538,53.1580413796844],[-2.89989133725185,53.1580385543913],[-2.90026516699532,53.158035727925],[-2.90026046141441,53.1578110325396],[-2.90063428913763,53.1578082049229],[-2.9010081167978,53.1578053761329],[-2.9013819443401,53.1578025461865],[-2.90175577125021,53.1577997152406],[-2.90212959809785,53.1577968831214],[-2.90212488285543,53.1575721878278],[-2.90175105793911,53.1575750199298],[-2.90174634469042,53.1573503246104],[-2.90212016767544,53.1573474925257],[-2.90249399059796,53.1573446592676],[-2.90286781345796,53.1573418248361],[-2.90324163625541,53.1573389892312],[-2.90324635722929,53.1575636844815],[-2.90362018189546,53.1575608476858],[-2.90399400649904,53.1575580097168],[-2.90436783103998,53.1575551705743],[-2.90436310427223,53.157330475376],[-2.90398928166258,53.1573333145012],[-2.90398455688868,53.1571086192769],[-2.90435837756707,53.1571057801691],[-2.90473219818281,53.1571029398879],[-2.90510601873588,53.1571000984334],[-2.90547983922624,53.1570972558054],[-2.90585365965388,53.157094412004],[-2.90585839408409,53.1573191071415],[-2.90623221638024,53.1573162621494],[-2.9066060386136,53.1573134159839],[-2.90660130032088,53.1570887208812],[-2.90622748001877,53.1570915670293],[-2.90622274372002,53.1568668719006],[-2.90659656209089,53.1568640257698],[-2.90697038039897,53.1568611784657],[-2.9073441986442,53.1568583299882],[-2.90771801682659,53.1568554803373],[-2.9080918349461,53.156852629513],[-2.9084656530027,53.1568497775153],[-2.90883947099637,53.1568469243443],[-2.90884422081372,53.1570716193511],[-2.90921804067565,53.1570687649892],[-2.9095918604746,53.1570659094539],[-2.90959661421736,53.1572906044171],[-2.90960136802307,53.1575152993717],[-2.90960612189173,53.1577399943176],[-2.90997994742149,53.1577371375565],[-2.90997519162153,53.1575124426281],[-2.91034901515695,53.157509584711],[-2.91072283862931,53.1575067256206],[-2.91072759829187,53.157731420514],[-2.91110142363243,53.1577285602326],[-2.91147524890988,53.1577256987779],[-2.91184907412418,53.1577228361497],[-2.91185383964374,53.1579475309819],[-2.91148001249812,53.1579503936276],[-2.91148477614944,53.1581750884687],[-2.91111094700932,53.1581779499585],[-2.91111570879236,53.1584026448085],[-2.91112047062935,53.1586273396531],[-2.91149430364135,53.158624478125],[-2.91149906637316,53.1588491733408],[-2.9115038291627,53.1590738685501],[-2.91112999232156,53.1590767300958],[-2.91113475326154,53.1593014253046],[-2.9107609144456,53.1593042856845],[-2.91076567353595,53.1595289808928],[-2.91039183274521,53.1595318401069],[-2.91039658998589,53.1597565353147],[-2.91077043268886,53.1597536760926],[-2.91114427532921,53.1597508156969],[-2.91151811790694,53.1597479541273],[-2.91151335492959,53.1595232589433],[-2.91188719553244,53.159520396208],[-2.91226103607261,53.1595175322989],[-2.91263487655007,53.1595146672161],[-2.91300871696481,53.1595118009596],[-2.91338255731678,53.1595089335293],[-2.91338732985521,53.1597336286735],[-2.91376117205662,53.1597307600615],[-2.91413501419521,53.1597278902757],[-2.91450885627097,53.1597250193162],[-2.91451363460886,53.1599497144281],[-2.91488747853399,53.1599468422868],[-2.91489225884694,53.1601715373822],[-2.91526610462146,53.1601686640592],[-2.91563995033305,53.1601657895624],[-2.91564473453342,53.1603904846333],[-2.91601858209436,53.1603876089547],[-2.91602336826992,53.1606123040092],[-2.91639721768021,53.1606094271488],[-2.91640200583102,53.1608341221868],[-2.91640679404478,53.1610588172165],[-2.91641158232149,53.1612835122377],[-2.91603772717412,53.1612863891223],[-2.91566387196379,53.1612892648331],[-2.91566865647861,53.161513959862],[-2.91529479929292,53.161516834407],[-2.9149209420443,53.1615197077782],[-2.91454708473279,53.1615225799756],[-2.91455186357319,53.1617472750202],[-2.91417800428637,53.1617501460517],[-2.91380414493671,53.1617530159094],[-2.91343028552422,53.1617558845933],[-2.91305642604894,53.1617587521033],[-2.91268256651089,53.1617616184395],[-2.91268733585176,53.1619863135156],[-2.91269210525532,53.1622110085834],[-2.91269687472158,53.1624357036426],[-2.91232300938329,53.1624385688289],[-2.91194914398228,53.1624414328413],[-2.91157527851858,53.1624442956798],[-2.91158004230986,53.1626689907545],[-2.91120617487093,53.1626718524271],[-2.91121093681226,53.1628965475014],[-2.91158480616378,53.1628936858209],[-2.91158957008031,53.1631183808788],[-2.91159433405946,53.1633430759283],[-2.91196820717353,53.163340213058],[-2.91197297312796,53.1635649080912],[-2.91197773914505,53.1637896031159],[-2.91235161602176,53.1637867390559],[-2.91235638401419,53.1640114340642],[-2.91236115206931,53.1642361290642],[-2.91273503270873,53.1642332638143],[-2.91273980273928,53.164457958798],[-2.91274457283253,53.1646826537732],[-2.91311845723473,53.1646797873334],[-2.9131232293035,53.1649044822923],[-2.91349711555573,53.1649016146706],[-2.91350188960006,53.165126309613],[-2.91350666370715,53.1653510045471],[-2.91388055372225,53.1653481357354],[-2.91388532980499,53.1655728306531],[-2.91425922167014,53.1655699606595],[-2.91426399972857,53.1657946555608],[-2.91463789344375,53.1657917843851],[-2.91501178709605,53.1657889120355],[-2.91501656904316,53.1660136069123],[-2.91539046454547,53.1660107333807],[-2.9153952484684,53.1662354282411],[-2.91576914582072,53.1662325535274],[-2.91614304311007,53.1662296776396],[-2.91613825536123,53.1660049827953],[-2.91651215067465,53.1660021057416],[-2.91650736107582,53.1657774108969],[-2.91688125441329,53.1657745326772],[-2.91687646296454,53.1655498378322],[-2.91725035432606,53.1655469584466],[-2.91724556102744,53.1653222636013],[-2.91761945041302,53.1653193830498],[-2.91761465526457,53.1650946882041],[-2.91798854267422,53.1650918064867],[-2.91798374567599,53.1648671116407],[-2.91835762902518,53.164864229389],[-2.91835283020186,53.1646395345377],[-2.91872671138623,53.1646366511801],[-2.91873151212722,53.1648613460191],[-2.91910539516596,53.1648584614753],[-2.91911019788789,53.1650831562934],[-2.91911500067308,53.165307851103],[-2.91874111379892,53.1653107356714],[-2.91874591472964,53.1655354304848],[-2.91837202587445,53.1655383138917],[-2.91837682495065,53.1657630087089],[-2.91875071572361,53.1657601252897],[-2.91875551678083,53.1659848200861],[-2.91912940940829,53.1659819354806],[-2.91913421244657,53.1662066302561],[-2.91950810692852,53.1662037444644],[-2.91988200134713,53.1662008574987],[-2.91988680828438,53.166425552241],[-2.92026070455745,53.1664226640891],[-2.92063460076712,53.1664197747633],[-2.92062978999419,53.1661950800457],[-2.92100368422259,53.1661921895584],[-2.92100849691336,53.1664168842635],[-2.92138239299615,53.1664139925898],[-2.92175628901546,53.1664110997422],[-2.92176110560537,53.166635794414],[-2.92213500347903,53.1666329003801],[-2.92250890128917,53.1666300051722],[-2.92288279903576,53.1666271087904],[-2.92325669671875,53.1666242112347],[-2.92326152104366,53.1668489058482],[-2.92326634495707,53.1670736006593],[-2.92327116848868,53.1672982956551],[-2.92327599208454,53.1675229906422],[-2.92328081574468,53.1677476856207],[-2.92328563946908,53.1679723805905],[-2.92365954873071,53.1679694817529],[-2.92403345792799,53.1679665817416],[-2.92403828560723,53.1681912766654],[-2.92441219668543,53.1681883754615],[-2.92441702637431,53.1684130703579],[-2.9240431133508,53.1684159715804],[-2.92404794115869,53.1686406664868],[-2.92442185612753,53.1686377652456],[-2.92442668594511,53.1688624601246],[-2.92443151582704,53.169087154995],[-2.92480543462222,53.1690842525425],[-2.92480060279491,53.1688595576908],[-2.9251745195803,53.1688566540832],[-2.92554843630124,53.1688537493016],[-2.9259223529577,53.1688508433462],[-2.9259175153587,53.1686261485421],[-2.92629143000532,53.1686232414316],[-2.92629626954967,53.168847936217],[-2.92667018607712,53.1688450279139],[-2.92704410254001,53.1688421184369],[-2.9270489460396,53.1690668131762],[-2.92705378960373,53.1692915079068],[-2.92705863323239,53.1695162026287],[-2.92706347692559,53.1697408973419],[-2.92706832068334,53.1699655920464],[-2.92707316450562,53.1701902867423],[-2.92707800839245,53.1704149814295],[-2.92708285234382,53.170639676108],[-2.92745678430587,53.170636765307],[-2.92746163026737,53.170861459958],[-2.92746647629345,53.1710861546004],[-2.9274713223841,53.1713108492341],[-2.92784526011836,53.1713079372029],[-2.92821919778798,53.1713050239977],[-2.92859313539294,53.1713021096185],[-2.9285882834654,53.1710774150412],[-2.92896221906003,53.1710744995069],[-2.92933615458994,53.1710715827986],[-2.92933129883584,53.1708468882502],[-2.92970523235541,53.1708439703868],[-2.9300791658102,53.1708410513494],[-2.93007430622964,53.17061635683],[-2.93044823767407,53.1706134366376],[-2.93082216905368,53.1706105152712],[-2.93081730564679,53.1703858207808],[-2.931191235016,53.1703828982593],[-2.93156516432035,53.1703799745639],[-2.93156029708722,53.1701552801026],[-2.93193422438116,53.1701523552521],[-2.9319390935598,53.1703770496946],[-2.93231302273434,53.1703741236514],[-2.9323178939234,53.1705988180663],[-2.93269182497853,53.1705958908302],[-2.93269669817808,53.1708205852175],[-2.93270157144257,53.1710452795962],[-2.93307550632387,53.1710423511483],[-2.93308038159892,53.1712670454994],[-2.93308525693894,53.1714917398417],[-2.93309013234391,53.1717164341754],[-2.93346407299714,53.1717135044969],[-2.93346895041278,53.171938198803],[-2.93347382789342,53.1721628931003],[-2.93384777237303,53.17215996221],[-2.93385265186441,53.1723846564798],[-2.9342265982247,53.1723817243965],[-2.93423147972688,53.1726064186386],[-2.93460542796785,53.1726034853623],[-2.93497937608548,53.1726005509941],[-2.93498426154931,53.1728252451871],[-2.9353582115405,53.1728223096412],[-2.93536309902274,53.1730470038014],[-2.93573705090169,53.1730440670578],[-2.93611100271524,53.1730411291403],[-2.93610611132679,53.1728164350277],[-2.93573216146634,53.1728193729214],[-2.93572727209634,53.1725946787762],[-2.9361012200037,53.1725917409063],[-2.93647516784565,53.1725888018626],[-2.93684911562217,53.172585861645],[-2.93685401085141,53.1728105557186],[-2.93685890614609,53.1730352497835],[-2.93648495446339,53.1730381900488],[-2.93648984787034,53.1732628841287],[-2.93686380150619,53.1732599438395],[-2.93686869693171,53.1734846378867],[-2.93649474134271,53.1734875781998],[-2.93649963488048,53.173712272262],[-2.93612567727286,53.1737152114251],[-2.93575171959981,53.1737181494142],[-2.93575660929656,53.1739428435154],[-2.93538264960491,53.1739457803544],[-2.93500868984789,53.1739487160195],[-2.93501357570351,53.1741734101595],[-2.93538753741377,53.1741704744706],[-2.93539242528795,53.174395168578],[-2.93539731322746,53.1746198626766],[-2.93577127877891,53.1746169257661],[-2.93577616873707,53.174841619832],[-2.93578105876059,53.1750663138891],[-2.93615502815331,53.1750633757568]]],[[[-2.89622887611951,53.1796403475267],[-2.89623356164751,53.1798650433292],[-2.89660757892474,53.1798622284632],[-2.89661226640932,53.1800869242535],[-2.89623824723665,53.1800897391235],[-2.89586422800279,53.1800925528187],[-2.89585954430908,53.1798678570206],[-2.8958548606765,53.1796431612142],[-2.89585017710503,53.1794184653995],[-2.89622419065267,53.1794156517158],[-2.89622887611951,53.1796403475267]]],[[[-2.89585017710503,53.1794184653995],[-2.89547616349623,53.1794212779084],[-2.89548084517231,53.179645973727],[-2.89510682960699,53.1796487850651],[-2.89473281398056,53.1796515952285],[-2.89472813609525,53.1794268994022],[-2.89472345827098,53.1792022035676],[-2.89509747010667,53.1791993934119],[-2.8950927904481,53.1789746975728],[-2.89546680032734,53.1789718862463],[-2.89584081014545,53.1789690737451],[-2.89584549359468,53.1791937695764],[-2.89585017710503,53.1794184653995]]],[[[-2.90609057558071,53.1860829540694],[-2.90646464398571,53.1860801086158],[-2.90645990583334,53.1858554132529],[-2.90683397222914,53.1858525666496],[-2.90683871232754,53.1860772619878],[-2.90684345248909,53.1863019573172],[-2.90721752271379,53.1862991094901],[-2.90722226488458,53.1865238047861],[-2.90684819271379,53.1865266526378],[-2.90685293300166,53.1867513479496],[-2.90647885882157,53.1867541946515],[-2.90610478457831,53.186757040179],[-2.90610952103705,53.1869817355312],[-2.90573544478451,53.1869845799088],[-2.9057307102719,53.186759884532],[-2.90572597582238,53.1865351891463],[-2.90572124143594,53.1863104937518],[-2.90609531185014,53.1863076494481],[-2.90609057558071,53.1860829540694]]],[[[-2.94975188674452,53.1810235303093],[-2.95012590645577,53.1810205480833],[-2.9504999261006,53.181017564683],[-2.95087394567897,53.1810145801086],[-2.95087891558419,53.1812392728384],[-2.95088388555584,53.1814639655593],[-2.95088885559395,53.1816886582714],[-2.95051483015268,53.1816916429191],[-2.95051979830288,53.1819163356467],[-2.9501457708408,53.1819193191445],[-2.9497717433123,53.181922301468],[-2.9497667790708,53.1816976086916],[-2.94939275343024,53.1817005898165],[-2.94901872772329,53.1817035697671],[-2.94864470195,53.1817065485434],[-2.94864966032843,53.181931241393],[-2.94827563253445,53.1819342190194],[-2.94790160467416,53.1819371954716],[-2.94790655921011,53.182161888361],[-2.94828058902478,53.1821589118845],[-2.94828554558139,53.1823836047407],[-2.94791151381231,53.1823865812416],[-2.94791646848074,53.1826112741133],[-2.94792142321541,53.1828359669762],[-2.94829545889339,53.1828329904267],[-2.94866949450507,53.1828300127029],[-2.94867445321496,53.1830547055083],[-2.9483004156488,53.1830576832565],[-2.94792637801633,53.1830606598303],[-2.94755234031758,53.1830636352298],[-2.94754738747115,53.1828389423514],[-2.94717335166063,53.1828419165523],[-2.94679931578389,53.1828448895789],[-2.94642527984094,53.1828478614312],[-2.94642033292413,53.182623168471],[-2.94604629886947,53.1826261391247],[-2.94567226474866,53.1826291086041],[-2.94566732180687,53.1824044155866],[-2.94566237893117,53.1821797225602],[-2.94603640914311,53.1821767531294],[-2.94641043928891,53.1821737825243],[-2.94640549257051,53.1819490895376],[-2.9460314643791,53.1819520601185],[-2.9460265196812,53.1817273670987],[-2.94640054591824,53.1817243965422],[-2.9463955993321,53.1814997035379],[-2.94639065281209,53.1812750105248],[-2.9460166304837,53.1812779810328],[-2.94564260808916,53.1812809503666],[-2.94526858562851,53.1812839185261],[-2.94526364503749,53.1810592254313],[-2.94525870451253,53.1808345323278],[-2.94563272306463,53.1808315642168],[-2.94562778065148,53.1806068711287],[-2.94600179718323,53.1806039018678],[-2.94637581364885,53.1806009314327],[-2.94637086739335,53.1803762383843],[-2.94599685288194,53.1803792087951],[-2.94599190864675,53.1801545157137],[-2.94636592120398,53.1801515453271],[-2.94673993369505,53.1801485737664],[-2.94711394611992,53.1801456010314],[-2.94748795847858,53.1801426271223],[-2.94749291053049,53.1803673201065],[-2.9474978626486,53.180592013082],[-2.9478718788494,53.18058903795],[-2.94824589498392,53.1805860616438],[-2.94861991105216,53.1805830841634],[-2.94862486909915,53.1808077770571],[-2.94899888705529,53.1808047983781],[-2.94937290494507,53.1808018185249],[-2.94936794298963,53.18057712568],[-2.94974195885882,53.180574144677],[-2.94974692276848,53.1807988374975],[-2.94975188674452,53.1810235303093]]]]}}