{"type":"Feature","properties":{"code":"W45000596","name":"Cardiff"},"geometry":{"type":"MultiPolygon","coordinates":[[[[-3.11299130277648,51.5057707464135],[-3.11299678193183,51.505995490431],[-3.1130022611639,51.5062202344374],[-3.11264212269767,51.5062236518107],[-3.11264760004339,51.5064483959018],[-3.11228745953736,51.5064518122674],[-3.11192731895462,51.5064552275294],[-3.11156717829518,51.5064586416879],[-3.11156170683868,51.5062338973094],[-3.1115562354588,51.5060091529198],[-3.11191637219211,51.5060057389529],[-3.11227650884874,51.5060023238824],[-3.11263664542865,51.5059989077085],[-3.11263116823632,51.5057741635952],[-3.11299130277648,51.5057707464135]]],[[[-3.11299130277648,51.5057707464135],[-3.11298582369784,51.5055460023848],[-3.11262569112068,51.5055494194707],[-3.11226555846678,51.505552835453],[-3.11227103361942,51.5057775796733],[-3.11191089892582,51.5057809946479],[-3.11155076415553,51.5057844085191],[-3.1115562354588,51.5060091529198],[-3.11119609864883,51.5060125657832],[-3.11083596176222,51.5060159775431],[-3.11084142921601,51.5062407221243],[-3.11048129028974,51.5062441328764],[-3.11012115128689,51.506247542525],[-3.11012661489109,51.5064722872866],[-3.10976647384861,51.5064756959274],[-3.10976101220749,51.5062509510701],[-3.10940087305155,51.5062543585117],[-3.10940633272959,51.5064791034647],[-3.10904619153407,51.5064825098985],[-3.10868605026206,51.5064859152287],[-3.10869150609036,51.5067106603621],[-3.10833136277878,51.5067140646844],[-3.10832590891359,51.5064893194553],[-3.1079657674887,51.5064927225785],[-3.10796031566299,51.5062679772425],[-3.10795486391366,51.5060432318955],[-3.10759472633851,51.5060466337237],[-3.10758927662857,51.5058218882699],[-3.10758382699499,51.5055971428049],[-3.10794396064409,51.5055937411681],[-3.10830409421679,51.5055903384278],[-3.10829864073357,51.5053655931431],[-3.10793850912385,51.5053689957877],[-3.10757837743774,51.5053723973288],[-3.10757292795683,51.5051476518417],[-3.10793305767998,51.5051442503962],[-3.10829318732673,51.5051408478473],[-3.10828773399629,51.5049161025404],[-3.10792760631247,51.5049195049936],[-3.10756747855226,51.5049229063434],[-3.10756202922403,51.504698160834],[-3.10720190335036,51.5047015609845],[-3.10719645606136,51.5044768153683],[-3.10683633207424,51.5044802143198],[-3.10683088682441,51.5042554685968],[-3.10682544165087,51.5040307228627],[-3.10646532151314,51.5040341205193],[-3.1064598783787,51.5038093746785],[-3.10645443532051,51.5035846288265],[-3.10644899233857,51.5033598829634],[-3.10680910658792,51.5033564855937],[-3.10680366171949,51.5031317398152],[-3.10716377392979,51.5031283414378],[-3.10715832717492,51.5029035957438],[-3.10751843734616,51.5029001963586],[-3.10751298870491,51.5026754507492],[-3.10787309683711,51.5026720503563],[-3.10786764630951,51.5024473048314],[-3.10786219585826,51.5022225592954],[-3.10822229998877,51.5022191579905],[-3.10858240404288,51.5022157555822],[-3.10857694974275,51.5019910102265],[-3.10893705175782,51.5019876068105],[-3.1089315955715,51.5017628615393],[-3.10929169554752,51.5017594571157],[-3.10928623747506,51.5015347119291],[-3.10928077947904,51.5013099667315],[-3.10964087545349,51.5013065613959],[-3.11000097135144,51.501303154957],[-3.10999550950684,51.5010784099397],[-3.1096354155714,51.5010818162829],[-3.10962995576577,51.5008570711587],[-3.10999004773873,51.5008536649112],[-3.11035013963516,51.5008502575605],[-3.11071023145504,51.5008468491064],[-3.11070476583851,51.5006221042583],[-3.11106485561935,51.5006186947966],[-3.11105939034205,51.5003939500746],[-3.11141947832793,51.5003905396142],[-3.11177956624966,51.500387128051],[-3.11177410237625,51.5001623836312],[-3.11213418868106,51.5001589710809],[-3.11249427492166,51.5001555574279],[-3.11285436109804,51.5001521426722],[-3.11284889263066,51.4999273985872],[-3.11320897719009,51.4999239828444],[-3.11321444721018,51.5001487268138],[-3.11357453325806,51.5001453098528],[-3.11356906168525,51.4999205659988],[-3.11392914611614,51.4999171480506],[-3.11428923048273,51.4999137289998],[-3.11428375586882,51.4996889853652],[-3.1146438386184,51.4996855653272],[-3.11463836251614,51.4994608217964],[-3.11499844364872,51.4994574007713],[-3.11535852471694,51.4994539786436],[-3.11571860572078,51.4994505554133],[-3.11607868666023,51.4994471310803],[-3.11643876753526,51.4994437056447],[-3.11644425140085,51.4996684485976],[-3.11680433376411,51.4996650219437],[-3.11679884834586,51.4994402791064],[-3.11679336299208,51.4992155362574],[-3.11715344218559,51.4992121087321],[-3.11714795534365,51.4989873659869],[-3.11714246856619,51.49876262323],[-3.11750254459001,51.4987591948334],[-3.11786262054933,51.4987557653341],[-3.11822270569161,51.4987523288146],[-3.11858279320736,51.4987488896145],[-3.11857729834544,51.4985241473815],[-3.11893738322193,51.4985207071704],[-3.11893188591048,51.4982959650188],[-3.11929196814771,51.4982925237968],[-3.11965205029004,51.4982890814716],[-3.11965755269025,51.4985138234384],[-3.12001763728201,51.4985103799174],[-3.12002314232156,51.4987351217807],[-3.12038322936275,51.498731677064],[-3.1203887370417,51.4989564188238],[-3.1207488265323,51.4989529729114],[-3.12110891592785,51.4989495258956],[-3.12111442879073,51.4991742674594],[-3.12111994174868,51.4993990090122],[-3.12148003613809,51.4993955607082],[-3.12148555173562,51.4996203021574],[-3.12184564857443,51.4996168526575],[-3.12185116681161,51.4998415940032],[-3.1222112660998,51.4998381433076],[-3.12220574531808,51.4996134020544],[-3.12256584196653,51.4996099503479],[-3.12292593851976,51.499606497538],[-3.12292041274417,51.4993817564588],[-3.12328050665763,51.4993783026382],[-3.12364060047579,51.4993748477142],[-3.1236461313404,51.4995995886084],[-3.12400622760773,51.4995961324886],[-3.12401176111217,51.4998208732791],[-3.12437185982867,51.4998174159634],[-3.12437739597299,51.5000421566504],[-3.12473749713866,51.5000386981388],[-3.1250975982089,51.5000352385239],[-3.12510313953774,51.5002599790146],[-3.12510868139896,51.5004847195849],[-3.12546878734527,51.5004812586641],[-3.12582889320893,51.5004777966388],[-3.12618899898991,51.5004743335089],[-3.12619455301464,51.5006990750889],[-3.12655466083795,51.5006956108006],[-3.12656021707034,51.5009203523168],[-3.12620010712198,51.500923816659],[-3.12620566131192,51.5011485582192],[-3.12584554915576,51.5011520215108],[-3.12548543691693,51.5011554836977],[-3.12547988697716,51.5009307420297],[-3.12547433711994,51.5007060003519],[-3.1251142290486,51.5007094613265],[-3.12475412089464,51.5007129211966],[-3.12475966650174,51.5009376629822],[-3.12439955614013,51.5009411218016],[-3.12403944569595,51.5009445795164],[-3.12404498713537,51.5011693213998],[-3.12440509970464,51.5011658636311],[-3.12441064335162,51.5013906054508],[-3.12477075796344,51.5013871465237],[-3.12477630381804,51.5016118882797],[-3.12441618708109,51.5016153472606],[-3.12442173089302,51.5018400890606],[-3.12478184975515,51.5018366300258],[-3.12514196853468,51.5018331698865],[-3.1251364204724,51.5016084281942],[-3.12549653704414,51.5016049670041],[-3.12585665353322,51.5016015047094],[-3.1258511013032,51.501376763115],[-3.12621121558446,51.5013732997696],[-3.12657132978302,51.5013698353196],[-3.12656577338536,51.5011450938231],[-3.12692588537607,51.5011416283225],[-3.12728599728402,51.5011381617173],[-3.12764610910918,51.5011346940075],[-3.12764054641893,51.5009099526628],[-3.12800065603619,51.5009064839024],[-3.12836076557061,51.5009030140374],[-3.12872087502215,51.5008995430679],[-3.12908098439079,51.5008960709938],[-3.12908655558134,51.5011208121226],[-3.12944666699212,51.50111733889],[-3.12980677831993,51.5011138645528],[-3.13016688956476,51.5011103891111],[-3.13017246721341,51.5013351300682],[-3.13053258050032,51.5013316534679],[-3.13053816035699,51.5015563943611],[-3.13089827568596,51.5015529166023],[-3.13089269370418,51.501328175763],[-3.13125280682496,51.5013246969536],[-3.13161291986264,51.5013212170396],[-3.1319730328172,51.5013177360211],[-3.13233314568859,51.5013142538979],[-3.13269325847679,51.5013107706703],[-3.13305337118178,51.501307286338],[-3.13341348380353,51.5013038009012],[-3.133773596342,51.5013003143598],[-3.13413370879718,51.5012968267139],[-3.13449382116903,51.5012933379634],[-3.13485391918938,51.5012898514604],[-3.13484831458784,51.5010651110879],[-3.13520840464097,51.5010616249482],[-3.13556849462689,51.501058137702],[-3.13592858454559,51.5010546493493],[-3.13592297520466,51.5008299089404],[-3.13628306345398,51.5008264194717],[-3.13627745257803,51.5006016790454],[-3.13663753915797,51.5005981884607],[-3.13699762567063,51.5005946967696],[-3.13735771211598,51.5005912039719],[-3.13736332779829,51.5008159444265],[-3.13772341577844,51.5008124505317],[-3.13771779849402,51.5005877100677],[-3.13807788480471,51.500584215057],[-3.13843797104804,51.5005807189398],[-3.13879805722398,51.5005772217161],[-3.13880367931474,51.5008019622084],[-3.13916376702539,51.5007984638876],[-3.13916939078556,51.5010232043814],[-3.13952948003092,51.5010197049635],[-3.13988956920883,51.501016204439],[-3.1398951962406,51.5012409449437],[-3.14025528695319,51.5012374433221],[-3.14026091565447,51.5014621838283],[-3.14062100790175,51.5014586811095],[-3.14062663827258,51.5016834216171],[-3.1406322687108,51.5019081621168],[-3.14027217325911,51.5019116648168],[-3.14027780216248,51.5021364052992],[-3.1406378992164,51.5021329026086],[-3.14064352978939,51.5023576430924],[-3.14064916042977,51.5025823835684],[-3.14065479113753,51.5028071240365],[-3.14029468927678,51.5028106266991],[-3.14030031844962,51.5030353671498],[-3.14030594768983,51.5032601075927],[-3.1403115769974,51.5034848480277],[-3.13995147026213,51.5034883495556],[-3.1399570980347,51.5037130899733],[-3.13996272587462,51.5039378303831],[-3.13960261586707,51.5039413307856],[-3.13960824217192,51.5041660711781],[-3.13924813049448,51.5041695704645],[-3.1388880187496,51.5041730686443],[-3.1385279069373,51.5041765657175],[-3.13853352850212,51.5044013060739],[-3.13889364191688,51.5043978090101],[-3.13925375526421,51.5043943108397],[-3.13925938010125,51.504619051207],[-3.1392650050056,51.5048437915665],[-3.13927062997727,51.505068531918],[-3.13927625501625,51.5052932722616],[-3.13928188012256,51.5055180125973],[-3.13892175876265,51.5055215107207],[-3.13892738233369,51.505746251039],[-3.13893300597203,51.5059709913495],[-3.13857288133951,51.5059744883474],[-3.13821275663958,51.5059779842386],[-3.13785263187226,51.505981479023],[-3.13749250703757,51.5059849727008],[-3.13713238213554,51.5059884652718],[-3.13713799782805,51.5062132055272],[-3.13677787125605,51.5062166969821],[-3.13678348541311,51.5064414372201],[-3.13678909963734,51.5066661774503],[-3.13642896979272,51.5066696677795],[-3.13643458248143,51.5068944079923],[-3.1364401952373,51.5071191481972],[-3.13680032828733,51.5071156578869],[-3.1368059427131,51.5073403980934],[-3.13716607729856,51.5073369066858],[-3.13752621181668,51.5073334141715],[-3.13753182951513,51.5075581543889],[-3.13717169339425,51.5075616468939],[-3.13717730955715,51.507786387094],[-3.13718292578725,51.5080111272862],[-3.13718854208456,51.5082358674705],[-3.13719415844907,51.5084606076468],[-3.13683401584961,51.5084640990071],[-3.13683963067847,51.5086888391662],[-3.13684523424948,51.5089135794479],[-3.13685082666404,51.5091383198505],[-3.13685641914933,51.5093630602442],[-3.13686201170536,51.509587800629],[-3.13686760433212,51.5098125410049],[-3.13650745118256,51.5098160313482],[-3.13651304216296,51.5100407717373],[-3.13651863321407,51.5102655121175],[-3.1365242243359,51.5104902524889],[-3.13652981552845,51.5107149928514],[-3.1365354067917,51.510939733205],[-3.13654099812568,51.5111644735497],[-3.13654658953038,51.5113892138855],[-3.13690675470003,51.5113857233876],[-3.13726691979891,51.5113822317838],[-3.13726132495977,51.5111574914921],[-3.13762148827065,51.5111539988044],[-3.13798165151072,51.5111505050108],[-3.1379872497843,51.5113752452582],[-3.13799284812869,51.5115999854967],[-3.13799844654389,51.5118247257264],[-3.13763827815209,51.5118282195864],[-3.13727810968949,51.5118317123404],[-3.13728370474092,51.5120564526054],[-3.13728929986313,51.5122811928615],[-3.1372948950561,51.5125059331087],[-3.13730049031985,51.512730673347],[-3.13730608565437,51.5129554135764],[-3.1369459085343,51.512958905335],[-3.13658573134346,51.5129623959875],[-3.13622555408186,51.5129658855341],[-3.13586537674954,51.5129693739746],[-3.13585978828454,51.5127446336568],[-3.1354996125989,51.5127481209692],[-3.13550519934651,51.5129728613091],[-3.13514502187279,51.5129763475376],[-3.13515060697365,51.5132010878906],[-3.13515619214515,51.5134258282347],[-3.13479601116593,51.5134293134013],[-3.13443581438087,51.5134328010147],[-3.1340755997876,51.5134362915288],[-3.13408118071818,51.5136610318556],[-3.13408676171247,51.5138857721726],[-3.13372654406378,51.513889261684],[-3.13373212362592,51.5141140020424],[-3.13373770325176,51.514338742391],[-3.13374328294129,51.5145634827299],[-3.13374886269452,51.5147882230589],[-3.13338863899851,51.51479171167],[-3.13339421731949,51.5150164520404],[-3.13339979570415,51.5152411924011],[-3.1330395689525,51.5152446800093],[-3.13304514590485,51.5154694204114],[-3.13305072292086,51.5156941608037],[-3.13305630000053,51.5159189011862],[-3.13269606869716,51.5159223878428],[-3.13270164434444,51.5161471282667],[-3.13270722005537,51.5163718686808],[-3.13234698569618,51.5163753543345],[-3.13235255997466,51.51660009479],[-3.13235813431677,51.5168248352357],[-3.1323637087225,51.5170495756716],[-3.13200346981131,51.5170530603735],[-3.13164323083647,51.5170565439702],[-3.13128299179801,51.5170600264616],[-3.13127742188069,51.5168352858722],[-3.13091718427476,51.5168387672071],[-3.13092275269594,51.5170635078476],[-3.13092831742466,51.5172882478486],[-3.13093388053083,51.5175129875582],[-3.13093944370181,51.5177377272596],[-3.13094500693762,51.5179624669529],[-3.13095057023825,51.518187206638],[-3.13059032331393,51.5181906869158],[-3.1302300763248,51.5181941660868],[-3.13023563661542,51.518418905762],[-3.12987538802407,51.5184223838252],[-3.12986982927087,51.5181976441508],[-3.12950958215216,51.5182011211079],[-3.12914933496869,51.5182045969581],[-3.12914377935505,51.5179798572773],[-3.12878353364424,51.5179833320214],[-3.12842328786872,51.5179868056586],[-3.12841773539456,51.5177620659714],[-3.12805749109171,51.5177655385026],[-3.1276972467242,51.5177690099269],[-3.12770279612359,51.5179937496123],[-3.12734255015403,51.5179972199288],[-3.12734809808066,51.5182219596052],[-3.12770834558763,51.5182184892896],[-3.12806859302993,51.5182150178671],[-3.12842884040756,51.5182115453377],[-3.12843439301108,51.5184362850086],[-3.12843994567928,51.5186610246713],[-3.12844549841217,51.5188857643259],[-3.12808524642221,51.5188892368526],[-3.12772499436756,51.5188927082724],[-3.12736474224826,51.5188961785853],[-3.12737029043336,51.5191209182289],[-3.12701003671193,51.5191243874339],[-3.12664978292586,51.5191278555319],[-3.12665532810057,51.5193525951656],[-3.12629507271238,51.5193560621557],[-3.12593481725961,51.5193595280388],[-3.12557456174227,51.519362992815],[-3.12521430616038,51.5193664564842],[-3.12521984524954,51.5195911961059],[-3.12558010236896,51.5195877324376],[-3.12594035942384,51.5195842676624],[-3.12630061641414,51.5195808017802],[-3.12630616018046,51.5198055413966],[-3.12631170401134,51.5200302810047],[-3.12667196401219,51.5200268140174],[-3.12667750944523,51.5202515536184],[-3.12703777091905,51.520248085525],[-3.12704331795429,51.5204728251187],[-3.1274035809011,51.5204693559192],[-3.12740912953858,51.5206940955056],[-3.12741467824069,51.5209188350839],[-3.12777494419813,51.5209153647792],[-3.12813521009089,51.5209118933675],[-3.12849547591897,51.5209084208488],[-3.12850102929872,51.5211331604216],[-3.12886129659975,51.5211296867967],[-3.1288668515819,51.5213544263622],[-3.12850658274318,51.5213578999862],[-3.12851213625233,51.5215826395426],[-3.12851768982617,51.5218073790909],[-3.12815741784729,51.521810851606],[-3.12816296994808,51.5220355911452],[-3.12780269636674,51.5220390625524],[-3.12744242272073,51.5220425328525],[-3.12744797181064,51.5222672723817],[-3.12708769656219,51.5222707415738],[-3.12709324417894,51.5224954810939],[-3.12673296732805,51.522498949178],[-3.12637269041254,51.522502416155],[-3.12601241343242,51.5225058820249],[-3.12601795650032,51.522730621534],[-3.1256576779178,51.5227340862959],[-3.12529739927071,51.5227375499507],[-3.12530293932748,51.5229622894497],[-3.124942659078,51.5229657519964],[-3.12494819766142,51.5231904914862],[-3.12458791580954,51.5231939529249],[-3.12422763389315,51.5231974132564],[-3.12386735191227,51.5232008724807],[-3.12387288594652,51.5234256119594],[-3.12351260236328,51.5234290700757],[-3.12315231871559,51.5234325270848],[-3.12315784973845,51.5236572665533],[-3.1231633808257,51.5238820060137],[-3.12352366754924,51.5238785490066],[-3.12388395420832,51.5238750908924],[-3.12424424080294,51.523871631671],[-3.12460452733305,51.5238681713425],[-3.12496481379866,51.5238647099068],[-3.12532510019973,51.523861247364],[-3.12568538653626,51.523857783714],[-3.12569092845357,51.5240825231731],[-3.12605121626347,51.524079058417],[-3.12641150400878,51.5240755925537],[-3.12640595901557,51.5238508530927],[-3.12640041408695,51.5236261136235],[-3.12676069869178,51.5236226466512],[-3.12675515228983,51.5233979071729],[-3.12711543529213,51.5233944390925],[-3.1271098874169,51.5231696996051],[-3.12747016881667,51.5231662304167],[-3.1274646194682,51.5229414909202],[-3.12782489926545,51.5229380206237],[-3.12781934844378,51.5227132811182],[-3.1281796266385,51.5227098097137],[-3.12817407434368,51.522485070199],[-3.12816852211354,51.5222603306762],[-3.12852879716795,51.5222568581628],[-3.12852324346471,51.522032118631],[-3.12888351691663,51.5220286450096],[-3.1292437903038,51.5220251702812],[-3.12923823358976,51.5218004307394],[-3.12959850537443,51.5217969549031],[-3.12995877709432,51.5217934779597],[-3.12996433688387,51.5220182175032],[-3.13032461007672,51.5220147394536],[-3.13068488320475,51.5220112602969],[-3.13069044613461,51.522235999834],[-3.13105072073558,51.522232519571],[-3.13104515626794,51.5220077800331],[-3.13140542926629,51.5220042986623],[-3.13139986332575,51.5217795591154],[-3.13139429745008,51.5215548195604],[-3.13138873163927,51.5213300799971],[-3.13174899995957,51.5213265975168],[-3.13174343267593,51.5211018579445],[-3.13173786545718,51.5208771183641],[-3.13173229830331,51.5206523787755],[-3.13209256194573,51.5206488951857],[-3.13208699331911,51.5204241555882],[-3.13172673121431,51.5204276391788],[-3.13136646904462,51.5204311216624],[-3.13100620681006,51.520434603039],[-3.13101177082381,51.5206593426341],[-3.13065150698679,51.5206628229028],[-3.13029124308493,51.5206663020646],[-3.12993097911826,51.5206697801193],[-3.12992541971738,51.5204450405267],[-3.12956515722355,51.5204485174752],[-3.12955959942504,51.5202237778753],[-3.12991986038127,51.5202203009258],[-3.13028012127271,51.5202168228695],[-3.13027456046378,51.5199920832596],[-3.13063481975283,51.5199886040954],[-3.13062925747114,51.5197638644766],[-3.1309895151578,51.5197603842045],[-3.13098395140338,51.5195356445767],[-3.13097838771379,51.5193109049407],[-3.13133864226055,51.51930742356],[-3.13133307709829,51.519082683915],[-3.13132751200088,51.5188579442618],[-3.1316877634078,51.5188544617725],[-3.13168219683779,51.5186297221103],[-3.13204244664238,51.5186262385133],[-3.1320368785998,51.5184014988421],[-3.13239712680206,51.5183980141374],[-3.13275737493941,51.5183945283257],[-3.13276294605686,51.5186192679984],[-3.13276851723924,51.518844007663],[-3.13312876838653,51.5188405207459],[-3.13348901946887,51.5188370327219],[-3.13384927048623,51.5188335435909],[-3.13385484634595,51.5190582832496],[-3.13386042227066,51.5192830229001],[-3.13422067629799,51.5192795326637],[-3.13458093026029,51.5192760413203],[-3.13458650932502,51.5195007809641],[-3.13494673995809,51.51949729637],[-3.13495232055628,51.5197220361572],[-3.13459208845478,51.5197255205998],[-3.13459766764958,51.5199502602272],[-3.13423740907468,51.5199537515684],[-3.13387715043477,51.5199572418026],[-3.13351689172985,51.5199607309297],[-3.13352246637698,51.5201854705468],[-3.13352804108908,51.5204102101557],[-3.13316777924402,51.5204136981743],[-3.13317335248348,51.5206384377742],[-3.13281308903584,51.5206419246851],[-3.13281866080263,51.520866664276],[-3.1324583957524,51.5208701500791],[-3.13246396604647,51.5210948896611],[-3.13246953640547,51.5213196292349],[-3.13247510682939,51.5215443688006],[-3.13211483710119,51.5215478534942],[-3.13212040605231,51.5217725930509],[-3.13212597506833,51.5219973325994],[-3.13213154414925,51.5222220721397],[-3.13213711329509,51.5224468116719],[-3.13249738917429,51.5224433269814],[-3.13250295992284,51.5226680665062],[-3.13250853073631,51.5228928060228],[-3.13251410161471,51.5231175455312],[-3.13215382112203,51.5231210302193],[-3.13215939052749,51.5233457697187],[-3.13216495999787,51.52357050921],[-3.13180467636452,51.5235739927894],[-3.1318102443619,51.5237987322717],[-3.13181581242417,51.5240234717458],[-3.13182138055134,51.5242482112117],[-3.1318269487434,51.5244729506695],[-3.13183251700036,51.524697690119],[-3.13183808532222,51.5249224295604],[-3.13219837818333,51.5249189459859],[-3.13220394810812,51.52514368542],[-3.13256424244234,51.525140200739],[-3.1325698139701,51.5253649401657],[-3.13293010977742,51.5253614543783],[-3.13293568564437,51.525586193687],[-3.13294126393334,51.5258109328928],[-3.13294684229118,51.5260356720909],[-3.13258654162712,51.5260391578292],[-3.13259211838988,51.5262638970018],[-3.13259769522148,51.5264886361668],[-3.13260327212192,51.5267133753241],[-3.13224296639715,51.5267168599012],[-3.13224854170243,51.5269415990331],[-3.1326088490912,51.5269381144738],[-3.13261442612931,51.5271628536159],[-3.13225411707653,51.5271663381573],[-3.13189380795489,51.527169821591],[-3.13189938173377,51.5273945606897],[-3.13153907087927,51.5273980429977],[-3.13117875995595,51.5274015241979],[-3.13081844896385,51.5274050042903],[-3.13045813790297,51.5274084832749],[-3.13009782677336,51.5274119611517],[-3.13009226131469,51.5271872221422],[-3.12973195178039,51.5271906989291],[-3.12937164217739,51.5271941746081],[-3.12901133250572,51.5271976491794],[-3.12901689297224,51.5274223881351],[-3.12865658156785,51.5274258615807],[-3.12829627009483,51.5274293339184],[-3.12793595855318,51.5274328051483],[-3.12794151409611,51.5276575440427],[-3.1275812008218,51.5276610141468],[-3.12757564694294,51.5274362752704],[-3.12721533526412,51.5274397442847],[-3.12722088747891,51.5276644831432],[-3.12686057406746,51.5276679510317],[-3.12686612468665,51.5278926898646],[-3.12650580954257,51.5278961566273],[-3.12651135856614,51.5281208954345],[-3.12651690765818,51.5283456342341],[-3.12615658911732,51.5283490998531],[-3.12616213661367,51.5285738386271],[-3.12580181634015,51.5285773031202],[-3.12580736224076,51.5288020418685],[-3.12544704023457,51.5288055052358],[-3.12508671815993,51.5288089674953],[-3.12509226080054,51.5290337061999],[-3.12509780350955,51.529258444897],[-3.12473747803802,51.5292619060125],[-3.12474301915117,51.5294866446839],[-3.12438269194696,51.5294901046735],[-3.12438823146419,51.5297148433192],[-3.12439377104977,51.5299395819572],[-3.12403344044859,51.529943040803],[-3.12403897843819,51.5301677794153],[-3.1236786461043,51.5301712371351],[-3.12368418249789,51.5303959757217],[-3.12332384843129,51.5303994323156],[-3.12331831370206,51.530174693747],[-3.12295798123148,51.5301781492509],[-3.1225976486926,51.5301816036469],[-3.12223731608542,51.5301850569351],[-3.12223178641747,51.529960318413],[-3.12187145540637,51.5299637706113],[-3.12151112432701,51.5299672217017],[-3.12115079317943,51.5299706716842],[-3.12115631785437,51.530195410152],[-3.12079598497425,51.5301988590084],[-3.12043565202595,51.530202306757],[-3.12043013067968,51.5299775683254],[-3.12006979932756,51.5299810149842],[-3.11970946790729,51.5299844605351],[-3.11934913641891,51.5299879049781],[-3.11935465277215,51.5302126433552],[-3.11936016919344,51.5304373817247],[-3.11899983430825,51.5304408250235],[-3.11863949935499,51.5304442672143],[-3.11827916433367,51.5304477082972],[-3.11828467582984,51.5306724466046],[-3.11792433887632,51.5306758867762],[-3.11756399750134,51.5306793305218],[-3.11756950572755,51.5309040688448],[-3.11757501402402,51.5311288071561],[-3.11758052239077,51.5313535454558],[-3.11758603082779,51.5315782837438],[-3.11722568241908,51.531581726835],[-3.11723118918546,51.5318064652238],[-3.11723669602211,51.5320312036009],[-3.11687634406125,51.5320346458129],[-3.11688184922719,51.5322593842908],[-3.117242202929,51.5322559419664],[-3.11724770990615,51.5324806803202],[-3.11725321695356,51.5327054186624],[-3.11689285976977,51.5327088612116],[-3.11689836514642,51.5329335996545],[-3.11653800615131,51.532937041212],[-3.11653250251569,51.5327123026567],[-3.11617214519134,51.5327157429978],[-3.11581178779674,51.5327191822348],[-3.11545143033192,51.5327226203678],[-3.11544593198953,51.5324978814638],[-3.11508557619551,51.5325013183805],[-3.11472522033133,51.5325047541931],[-3.11436486439698,51.5325081889017],[-3.11437035751636,51.5327329281427],[-3.11400999977087,51.5327363618596],[-3.11364964195528,51.5327397944724],[-3.11364415231792,51.5325150550068],[-3.11328379617325,51.5325184864033],[-3.11292343995852,51.5325219166957],[-3.11256308367375,51.5325253458842],[-3.11256856808806,51.5327500856866],[-3.11257405257234,51.5329748254775],[-3.11293441233916,51.5329713960645],[-3.11293989863447,51.5331961357315],[-3.11294538499976,51.5334208753868],[-3.11295087143504,51.5336456150305],[-3.11295635781048,51.533870355511],[-3.11296184398103,51.5340950977774],[-3.11296733022159,51.534319840034],[-3.11332770037317,51.5343164089341],[-3.1133331884258,51.5345411511254],[-3.11333867654847,51.5347658933067],[-3.11334416474119,51.5349906354781],[-3.11334965300396,51.5352153776396],[-3.11371003005376,51.5352119452122],[-3.1137155201287,51.5354366873083],[-3.11372101027372,51.5356614293946],[-3.11372650048882,51.535886171471],[-3.11373199077398,51.5361109135375],[-3.11409237472232,51.5361074797823],[-3.11409786681979,51.5363322217835],[-3.11410335898735,51.5365569637747],[-3.11374297155455,51.5365603976407],[-3.11374846204994,51.5367851396775],[-3.11410885122502,51.536781705756],[-3.11446924032994,51.5367782707286],[-3.11446374635001,51.5365535288027],[-3.11482413364249,51.5365500927248],[-3.11482962936469,51.5367748345952],[-3.11483512515704,51.5369995764557],[-3.11484062101953,51.5372243183063],[-3.11448022850019,51.5372277545506],[-3.11411983591066,51.537231189689],[-3.11412532835864,51.5374559316406],[-3.11413082087672,51.5376806735823],[-3.11377042473234,51.5376841077256],[-3.11377591557815,51.5379088497129],[-3.11341551762125,51.5379122828057],[-3.11341002851783,51.537687540763],[-3.11340453948446,51.5374627987103],[-3.11304414494219,51.5374662305863],[-3.11303865772123,51.5372414884683],[-3.11267826485121,51.5372449191828],[-3.1126727794426,51.5370201769995],[-3.11231238824483,51.5370236065527],[-3.11230690464853,51.5367988643041],[-3.11230142112222,51.5365741220456],[-3.11266180883542,51.5365706926033],[-3.11302219647856,51.536567262055],[-3.11301670953773,51.5363425198975],[-3.11301122266694,51.53611777773],[-3.11265083850828,51.5361212081674],[-3.11264535344972,51.5358964659346],[-3.11263986846117,51.535671723692],[-3.11263438354262,51.5354469814394],[-3.11227400454045,51.5354504106046],[-3.11227948771684,51.5356751529126],[-3.11191910690247,51.5356785810273],[-3.11191362546824,51.5354538386639],[-3.11190814410398,51.5352290962906],[-3.11190266280967,51.5350043539074],[-3.1115422871517,51.5350077807501],[-3.11153680766944,51.5347830383016],[-3.11153132825712,51.5345582958432],[-3.11152584891473,51.5343335533749],[-3.11116547841299,51.5343369789455],[-3.11080510784129,51.5343404034103],[-3.11044473719966,51.5343438267692],[-3.11043926315328,51.5341190841249],[-3.11043378917676,51.5338943414707],[-3.11007342194925,51.533897763613],[-3.11007889418376,51.5341225063226],[-3.1100843664881,51.5343472490222],[-3.11008983886229,51.534571991712],[-3.10972946633879,51.5345754129145],[-3.10973493704073,51.5348001556498],[-3.1097404078125,51.5350248983751],[-3.10974587865409,51.5352496410905],[-3.10938550083441,51.5352530613532],[-3.10938003173494,51.5350283185825],[-3.10937456270528,51.5348035758018],[-3.10901418829997,51.5348069948479],[-3.10865381382483,51.5348104127882],[-3.10829343927989,51.5348138296226],[-3.10793306466516,51.5348172453511],[-3.10757268998067,51.5348206599737],[-3.10756722973121,51.5345959169066],[-3.10720685671907,51.534599330368],[-3.10720139828136,51.5343745872357],[-3.10719593991331,51.5341498440935],[-3.10719048161491,51.5339251009414],[-3.10755084940093,51.5339216876458],[-3.10754538924154,51.5336969453484],[-3.10790575520991,51.5336935310559],[-3.10790029315021,51.533468789841],[-3.10789483116018,51.5332440486146],[-3.10753446867403,51.5332474626828],[-3.10752900849475,51.5330227213325],[-3.10716864767997,51.5330261341845],[-3.10716318931139,51.5328013927105],[-3.10715773101244,51.5325766512249],[-3.10751808834514,51.5325732385973],[-3.10752354838512,51.5327979799707],[-3.10788390738914,51.5327945661268],[-3.10824426632344,51.5327911511789],[-3.10860462518799,51.5327877351269],[-3.10859915992491,51.5325629940899],[-3.10895951697866,51.532559577046],[-3.1089540500443,51.5323348361096],[-3.10931440528724,51.5323314180738],[-3.10930893668163,51.532106677238],[-3.10930346814577,51.5318819363906],[-3.10966381983697,51.5318785174752],[-3.11002417145833,51.5318750974557],[-3.11001869951036,51.531650356821],[-3.11037904932093,51.5316469358098],[-3.11073939906162,51.5316435136945],[-3.11073392370164,51.5314187732726],[-3.11072844841149,51.5311940328392],[-3.11108879460049,51.5311906098443],[-3.11108331763933,51.5309658695115],[-3.11072297319119,51.5309692923941],[-3.11071749804073,51.5307445519374],[-3.11035715526353,51.5307479736038],[-3.10999681241647,51.5307513941662],[-3.10963646949955,51.5307548136247],[-3.10964193942748,51.530979554418],[-3.11000228408525,51.5309761348474],[-3.11000775582382,51.5312008755169],[-3.10964740942519,51.5312042951997],[-3.10928706295673,51.5312077137786],[-3.10929253128333,51.5314324546609],[-3.10893218300417,51.5314358722479],[-3.10857183465522,51.5314392887309],[-3.10821148623651,51.5314427041099],[-3.10785113774805,51.5314461183849],[-3.10749078918987,51.5314495315559],[-3.10749624888164,51.5316742729874],[-3.10713589851285,51.5316776851665],[-3.10677554807438,51.5316810962416],[-3.10677009186445,51.5314563545858],[-3.10640974309724,51.5314597644447],[-3.10604939426041,51.5314631731996],[-3.10568904535397,51.5314665808504],[-3.10532869637794,51.5314699873973],[-3.10533414562418,51.5316947295015],[-3.10497379483766,51.5316981350564],[-3.1046134439816,51.5317015395072],[-3.10425309305602,51.531704942854],[-3.10389274206095,51.5317083450968],[-3.1035323909964,51.5317117462355],[-3.1031720398624,51.5317151462702],[-3.10281168865897,51.5317185452008],[-3.10245133738614,51.5317219430273],[-3.10245677277425,51.5319466860164],[-3.10209641969107,51.5319500828509],[-3.10173606653853,51.5319534785814],[-3.10137571331665,51.5319568732078],[-3.10101536487848,51.531960262558],[-3.10065501825536,51.5319636491843],[-3.10029467155973,51.5319670347092],[-3.09993432479163,51.5319704191329],[-3.09957397795106,51.5319738024554],[-3.09956855710125,51.5317490580394],[-3.09956313632382,51.531524313609],[-3.09955771561875,51.5312995691642],[-3.09991805691383,51.5312961864589],[-3.09991263443268,51.5310714422054],[-3.10027297380686,51.5310680586045],[-3.10026754954969,51.5308433145423],[-3.10062788700297,51.530839930046],[-3.10062246096981,51.5306151861751],[-3.1009827965022,51.5306118007833],[-3.1009773686931,51.5303870571037],[-3.10061703500908,51.5303904422898],[-3.10025670125257,51.5303938263748],[-3.10026212536492,51.5306185704658],[-3.09990178968756,51.5306219536552],[-3.09990721202393,51.5308466979375],[-3.09954687442572,51.5308500802315],[-3.09955229498605,51.5310748247051],[-3.09919195546699,51.5310782061035],[-3.09919737425124,51.5313029507683],[-3.09920279310784,51.5315276954188],[-3.09884244981945,51.5315310761274],[-3.09883703281133,51.5313063312712],[-3.09883161587553,51.5310815864006],[-3.09847127621169,51.5310849655966],[-3.09846586119664,51.5308602205059],[-3.09810552330887,51.530863598395],[-3.09774518534878,51.5308669751828],[-3.09773977410283,51.5306422296665],[-3.09737943791884,51.5306456051474],[-3.09701910166257,51.5306489795271],[-3.09701369418564,51.5304242335851],[-3.09665335970549,51.5304276066579],[-3.09629302515312,51.5304309786295],[-3.09593269052854,51.5304343494999],[-3.0959272886689,51.5302096029267],[-3.09592188688138,51.5299848563391],[-3.09556155588133,51.529988225697],[-3.0955669558205,51.5302129724903],[-3.09520662289995,51.5302163409526],[-3.09484628990726,51.5302197083137],[-3.09484089366478,51.5299949611093],[-3.09448056244833,51.5299983271636],[-3.0941202311598,51.5300016921167],[-3.09375989979921,51.5300050559685],[-3.09339956836658,51.5300084187191],[-3.09340495721567,51.5302331667457],[-3.09376529049665,51.5302298037896],[-3.09377068126607,51.5304545515963],[-3.09377607210748,51.5306792993886],[-3.09378146302088,51.5309040471665],[-3.09378685400626,51.5311287949301],[-3.09379224506363,51.5313535426793],[-3.09379763619299,51.5315782904142],[-3.09343729182141,51.5315816546036],[-3.09307694737781,51.5315850176918],[-3.09271660286222,51.5315883796786],[-3.09235625827466,51.5315917405641],[-3.09199591361515,51.5315951003484],[-3.09163556888371,51.5315984590313],[-3.09127522408038,51.5316018166129],[-3.09091487920517,51.5316051730932],[-3.09055453425811,51.5316085284722],[-3.09019418923922,51.5316118827498],[-3.09018881659484,51.5313871329598],[-3.08982847335266,51.5313904859307],[-3.08982310262851,51.5311657359208],[-3.08981773197609,51.5309409858967],[-3.0898123613954,51.5307162358582],[-3.08980699088643,51.5304914858053],[-3.08944665496626,51.530494836853],[-3.08945202362681,51.5307195871113],[-3.08945739235907,51.5309443373553],[-3.08909705267029,51.5309476877126],[-3.08910241962579,51.5311724381477],[-3.08910778665297,51.5313971885684],[-3.08874744319553,51.5314005382352],[-3.08838709966637,51.5314038868008],[-3.08802675606554,51.531407234265],[-3.08766641239305,51.5314105806279],[-3.08766105275981,51.5311858293854],[-3.08730071086418,51.5311891744416],[-3.08730606864892,51.5314139258894],[-3.08694572483318,51.5314172700496],[-3.08658538094586,51.5314206131084],[-3.08622503698698,51.5314239550659],[-3.08586469295656,51.5314272959221],[-3.08585934256579,51.5312025436527],[-3.08549900031236,51.5312058832021],[-3.08513865798744,51.5312092216502],[-3.08513331136508,51.5309844689558],[-3.08477297081716,51.5309878060972],[-3.08476762611467,51.5307630531831],[-3.0844072906174,51.5307663850461],[-3.0840469576054,51.5307697127044],[-3.08404161660081,51.5305449595504],[-3.08368128526944,51.5305482860803],[-3.08332095386965,51.5305516115034],[-3.08331561643158,51.5303268582973],[-3.08295528671245,51.530330182592],[-3.08259495692494,51.53033350578],[-3.08223462706908,51.5303368278613],[-3.08223995925996,51.5305615811321],[-3.0818796275867,51.5305649021281],[-3.08188495809678,51.5307896554116],[-3.08152462460612,51.5307929753224],[-3.08116429104716,51.5307962941264],[-3.08115896403526,51.5305715407998],[-3.08079863215713,51.5305748584755],[-3.08079330696252,51.5303501051185],[-3.08043297676521,51.5303534216659],[-3.08042765338784,51.5301286682785],[-3.0807879818361,51.5301253517526],[-3.08078265677788,51.5299005983779],[-3.08042233007864,51.5299039148823],[-3.08041700683762,51.5296791614771],[-3.08005668181917,51.5296824768532],[-3.07969635673253,51.5296857911226],[-3.07969103705764,51.5294610376656],[-3.07968571745087,51.5292362841997],[-3.079325395794,51.5292395973193],[-3.07932007800429,51.5290148438231],[-3.07931476028267,51.5287900903179],[-3.07895444205551,51.5287934022879],[-3.07894912615089,51.5285686487524],[-3.07894381031434,51.528343895208],[-3.07858349551682,51.5283472060283],[-3.07857818149719,51.5281224524536],[-3.07893849454587,51.5281191416548],[-3.07893317884546,51.5278943880927],[-3.07929349007719,51.5278910762087],[-3.07965380124078,51.527887763218],[-3.07964848211085,51.52766300969],[-3.08000879145747,51.5276596956142],[-3.08036910073592,51.5276563804316],[-3.08037442336345,51.5278811339166],[-3.08073473432249,51.5278778176059],[-3.080740058767,51.5281025710605],[-3.0807453832797,51.5283273245063],[-3.08110569766817,51.5283240070458],[-3.08110037140663,51.5280992536216],[-3.0810950452133,51.5278745001886],[-3.08108971908817,51.5276497467466],[-3.08145002816193,51.5276464282441],[-3.08144470035624,51.5274216748148],[-3.08180500761296,51.5274183552272],[-3.08216531480138,51.5274150345329],[-3.08215998356642,51.5271902811378],[-3.08252028893778,51.5271869593584],[-3.0828805942408,51.5271836364724],[-3.08324089947545,51.5271803124798],[-3.0832355630626,51.5269555591405],[-3.08359586648016,51.5269522340628],[-3.0839561698293,51.5269489078785],[-3.08431647311002,51.5269455805875],[-3.08431113151943,51.5267208273042],[-3.08430578999723,51.526496074012],[-3.08466609033051,51.5264927450959],[-3.08467143367676,51.526717498282],[-3.08467677709437,51.5269422514538],[-3.08468212058336,51.5271670046112],[-3.08504242971083,51.5271636709603],[-3.08504777511926,51.5273884238982],[-3.08540808602336,51.5273850889407],[-3.08541343335128,51.5276098416589],[-3.08541878075062,51.5278345943628],[-3.08542412822139,51.5280593470523],[-3.08506381177294,51.5280626826257],[-3.08506915746697,51.5282874355062],[-3.0847088390989,51.5282907701837],[-3.08434852409021,51.5282941001011],[-3.08435386615968,51.5285188533223],[-3.08399355063746,51.5285221807645],[-3.08399889102647,51.5287469339984],[-3.08435920829756,51.5287436065346],[-3.08471952700477,51.5287402763124],[-3.08471418301615,51.5285155232552],[-3.0850745032324,51.5285121883725],[-3.08543482337721,51.5285088523885],[-3.08542947576359,51.5282840997276],[-3.08578979398873,51.5282807628476],[-3.08579514345054,51.5285055153032],[-3.08615546345238,51.5285021771167],[-3.08651578338269,51.528498837829],[-3.08652113661237,51.5287235898595],[-3.08688145831935,51.5287202492652],[-3.08688681346876,51.528945001076],[-3.0872471369524,51.5289416591751],[-3.08760746036444,51.5289383161729],[-3.08761281928188,51.5291630675586],[-3.08797314447056,51.5291597232498],[-3.08833346958759,51.5291563778397],[-3.08869379463295,51.5291530313284],[-3.08869915916678,51.5293777820836],[-3.08905948598872,51.5293744342656],[-3.08905411960662,51.5291496837158],[-3.08941444450856,51.529146335002],[-3.08940907634988,51.5289215846433],[-3.08976939933184,51.5289182350337],[-3.08976402939663,51.528693484866],[-3.08975865953312,51.5284687346841],[-3.08939834024758,51.5284720838828],[-3.08939297230396,51.5282473334811],[-3.08903265479486,51.5282506813732],[-3.08902728877108,51.5280259307517],[-3.08866697303841,51.5280292773372],[-3.08866160893443,51.5278045264959],[-3.08865624490208,51.5275797756403],[-3.08829593279396,51.5275831207139],[-3.08829057068133,51.5273583696385],[-3.08828520864031,51.5271336185488],[-3.08792490015668,51.5271369621104],[-3.08791954003531,51.526912210801],[-3.08755923332808,51.526915553056],[-3.08755387512631,51.5266908015269],[-3.0875485169961,51.5264660499835],[-3.08754315893744,51.5262412984257],[-3.08753780095035,51.5260165468536],[-3.08753244303481,51.5257917952672],[-3.08752708519082,51.5255670436664],[-3.0875217280313,51.5253422921425],[-3.08751637143909,51.5251175406796],[-3.0875110149189,51.5248927892045],[-3.08750565847071,51.5246680377172],[-3.08750030209453,51.5244432862176],[-3.08749494579035,51.5242185347059],[-3.08748958955817,51.5239937831819],[-3.087484233398,51.5237690316457],[-3.08747887730982,51.5235442800973],[-3.08783915618412,51.5235409403133],[-3.08783379830492,51.5233161888866],[-3.08782844049774,51.5230914374478],[-3.08782308276258,51.5228666859967],[-3.08781772509944,51.5226419345334],[-3.08781236750832,51.5224171830579],[-3.08780700998922,51.5221924315701],[-3.08744674229271,51.5221957705505],[-3.08744138670851,51.5219710189167],[-3.08743603119629,51.5217462672706],[-3.08743067575606,51.5215215156123],[-3.0870704135761,51.5215248530879],[-3.08706506007067,51.5213001012834],[-3.08705970663721,51.5210753494668],[-3.08669944811084,51.5210786855715],[-3.08669409661211,51.5208539336087],[-3.0866887451853,51.5206291816338],[-3.08632849031247,51.5206325163676],[-3.08632314082032,51.5204077642466],[-3.08631779140008,51.5201830121133],[-3.08595754018071,51.5201863454763],[-3.08595219269506,51.519961593197],[-3.08631244205175,51.5199582599678],[-3.08630709277533,51.5197335078102],[-3.08666734019744,51.5197301736119],[-3.0866619891303,51.5195054215759],[-3.08702223461781,51.5195020864086],[-3.08738248003333,51.5194987501382],[-3.08737712531293,51.5192739983578],[-3.08773736879383,51.5192706611184],[-3.0880976122027,51.519267322776],[-3.08845785553949,51.5192639833305],[-3.0888180988042,51.5192606427822],[-3.08917834199679,51.5192573011308],[-3.08953858511724,51.5192539583764],[-3.0895439510132,51.5194787093532],[-3.08990419592408,51.5194753653619],[-3.08990956375477,51.5197001161925],[-3.09026981045607,51.5196967709643],[-3.09027518022154,51.5199215216487],[-3.09063542871326,51.5199181751835],[-3.09064080041355,51.5201429257217],[-3.09100105069569,51.5201395780195],[-3.09100642433086,51.5203643284115],[-3.09101179803825,51.5205890787912],[-3.09101717181786,51.5208138291587],[-3.09102254566969,51.521038579514],[-3.09138280333042,51.5210352301728],[-3.09138817911725,51.5212599803819],[-3.09139355497634,51.5214847305787],[-3.09175381629034,51.5214813798664],[-3.09211407753202,51.521478028051],[-3.09247433870135,51.5214746751326],[-3.09246895725389,51.5212499253379],[-3.09282921648806,51.5212465714505],[-3.09282383325015,51.5210218217775],[-3.09318409054916,51.5210184669211],[-3.09317870552084,51.52079371737],[-3.09317332056489,51.5205689678067],[-3.09316793568131,51.5203442182311],[-3.09316255087009,51.5201194686433],[-3.09280230102191,51.5201228229634],[-3.0927969181457,51.5198980732294],[-3.09279153534182,51.519673323483],[-3.09278615261028,51.5194485737245],[-3.09278076995108,51.5192238239537],[-3.09242052748097,51.5192271766348],[-3.0920602849385,51.5192305282128],[-3.09205490607674,51.5190057781618],[-3.09169466532449,51.5190091285029],[-3.09168928839755,51.5187843783056],[-3.09132904943553,51.5187877274097],[-3.09132367444335,51.5185629770662],[-3.09131829952341,51.5183382267104],[-3.09131292467571,51.5181134763424],[-3.09095269122887,51.5181168239416],[-3.09059245770978,51.5181201704379],[-3.09058708665918,51.5178954197897],[-3.0902268549303,51.5178987650491],[-3.09022148581431,51.5176740142547],[-3.09021611677047,51.5174492634481],[-3.09057634477454,51.5174459184567],[-3.09057097394049,51.5172211677718],[-3.09093120000996,51.5172178218114],[-3.09093657270638,51.5174425723623],[-3.09129680056597,51.5174392251651],[-3.09165702835329,51.5174358768649],[-3.09165165193214,51.517211126582],[-3.09201187778479,51.517207777313],[-3.09200650150426,51.5169830281345],[-3.0920011262367,51.5167582794264],[-3.09236134855309,51.5167549291894],[-3.09235597162083,51.5165301805141],[-3.09235059475701,51.5163054318292],[-3.09234521796163,51.5160806831348],[-3.09233984123469,51.515855934431],[-3.09270005655024,51.5158525832571],[-3.09269467815871,51.5156278345859],[-3.09305489167273,51.5156244823488],[-3.09304951161665,51.5153997337103],[-3.09340972332915,51.5153963804097],[-3.09340434160856,51.515171631804],[-3.09304413162905,51.5151749850623],[-3.09268392158102,51.5151783372152],[-3.09267854339487,51.5149535885155],[-3.09231833501132,51.5149569395207],[-3.0919581265593,51.5149602894202],[-3.09195275190749,51.5147355406268],[-3.09194737732409,51.5145107918238],[-3.09230758231024,51.5145074420086],[-3.09230220606235,51.5142826932383],[-3.09266240924714,51.5142793423597],[-3.09302261236343,51.5142759903756],[-3.09302799207712,51.5145007390615],[-3.09338819685781,51.5144973859298],[-3.09374840156996,51.5144940316925],[-3.09375378481796,51.5147187802845],[-3.09375916813449,51.514943528867],[-3.09376455151953,51.5151682774401],[-3.09412476136195,51.5151649219707],[-3.09448497113579,51.5151615653957],[-3.09484518084102,51.5151582077152],[-3.09483979225709,51.5149334592689],[-3.09520000016074,51.5149301005251],[-3.09556020799575,51.5149267406758],[-3.09592041576209,51.514923379721],[-3.09591502204794,51.5146986313919],[-3.09627522801265,51.5146952693738],[-3.09626983263426,51.5144705210775],[-3.09663003679735,51.5144671579962],[-3.09662463975475,51.5142424097327],[-3.09698484211622,51.5142390455882],[-3.09734504440894,51.5142356803382],[-3.09733964396932,51.5140109321497],[-3.0976998444604,51.5140075658366],[-3.09806004488269,51.5140041984179],[-3.09806544878803,51.5142289465218],[-3.09807085276216,51.5144536946162],[-3.09843105658136,51.5144503260074],[-3.0984364623572,51.51467507405],[-3.09879666784045,51.5146717042934],[-3.09880207541802,51.5148964522841],[-3.09880748306444,51.5151212002654],[-3.09916769194469,51.5151178293186],[-3.09917310139292,51.515342577248],[-3.09917851091,51.5155673251679],[-3.09953872318732,51.515563953031],[-3.09954413450629,51.515788700899],[-3.09990434844771,51.5157853276142],[-3.09989893539573,51.5155605797885],[-3.09989352241266,51.5153358319533],[-3.09988810949851,51.5151110841086],[-3.09952790075606,51.5151144572664],[-3.09952248964376,51.5148897093698],[-3.09916228256534,51.5148930813797],[-3.09915687325484,51.5146683334313],[-3.09915146401321,51.5144435854734],[-3.09951166762581,51.5144402135482],[-3.09950625672016,51.5142154656232],[-3.09986645853097,51.5142120926348],[-3.09986104596135,51.5139873447426],[-3.10022124597037,51.5139839706911],[-3.10022666027285,51.514208718541],[-3.10058686194577,51.5142053433417],[-3.10059227805004,51.5144300911396],[-3.10095248138685,51.5144267147924],[-3.101312685751,51.5144233365619],[-3.10167289914149,51.5144199507701],[-3.10203311245378,51.5144165638747],[-3.10239332568783,51.5144131758758],[-3.10238789982465,51.5141884285975],[-3.10238247403968,51.5139636813079],[-3.10274268312101,51.513960292419],[-3.10310289212405,51.5139569024265],[-3.10310832198346,51.5141816495026],[-3.10346853294541,51.5141782582999],[-3.10346310104878,51.5139535113305],[-3.10382330989517,51.513950119131],[-3.10418351866321,51.513946725828],[-3.10418895463428,51.5141714725838],[-3.10454916536114,51.5141680780704],[-3.10490937600959,51.5141646824535],[-3.10526958657959,51.5141612857331],[-3.10526414449687,51.5139365392978],[-3.10525870249257,51.5137117928511],[-3.1056189089097,51.5137083952409],[-3.10562435295118,51.5139331415807],[-3.105984561327,51.5139297427601],[-3.10597911524833,51.5137049965271],[-3.10633932150844,51.5137015967099],[-3.10633387347109,51.5134768505722],[-3.1066940776155,51.5134734497583],[-3.10668862761951,51.5132487037161],[-3.10632842551224,51.5132521044232],[-3.10632297763189,51.5130273582627],[-3.10631752983004,51.5128026120907],[-3.10667772786312,51.5127992115974],[-3.10667227810271,51.5125744655208],[-3.10703247402017,51.5125710640309],[-3.10702702230125,51.5123463180498],[-3.10738721610308,51.5123429155633],[-3.10774740982629,51.5123395119734],[-3.10774195411192,51.5121147661945],[-3.10810214571948,51.512111361608],[-3.10809668804673,51.5118866159247],[-3.10845687753864,51.5118832103416],[-3.10845141790756,51.5116584647537],[-3.10881160528383,51.5116550581742],[-3.10880614369448,51.5114303126817],[-3.10916632895511,51.5114269051057],[-3.10952651413698,51.5114234964263],[-3.10952104855251,51.5111987511361],[-3.10988123161872,51.5111953414603],[-3.1098757640761,51.5109705962656],[-3.11023594502664,51.5109671855933],[-3.11023047552592,51.5107424404942],[-3.1105906543608,51.5107390288254],[-3.11058518290204,51.5105142838217],[-3.11094535962126,51.5105108711566],[-3.11095083311683,51.5107356160533],[-3.11131101179398,51.5107322021778],[-3.11167119039222,51.5107287871989],[-3.11167666804027,51.5109535318702],[-3.11203684859641,51.510950115681],[-3.11239702907358,51.5109466983884],[-3.11240251087422,51.5111714428343],[-3.11276269330926,51.5111680243313],[-3.11312287566528,51.511164604725],[-3.11348305794226,51.5111611840153],[-3.11348854593245,51.5113859281287],[-3.11349403400164,51.5116106722305],[-3.11313384765089,51.5116140931543],[-3.11313933376216,51.5118388373517],[-3.11277914529542,51.5118422572791],[-3.11278462944871,51.5120670015721],[-3.11279011368096,51.5122917458536],[-3.11242992106126,51.5122951648916],[-3.11243540333545,51.5125199092686],[-3.11207520859976,51.5125233273102],[-3.11208068891584,51.5127480717828],[-3.11172049206414,51.5127514888279],[-3.11172597042207,51.512976233396],[-3.11208616931084,51.5129728162439],[-3.11244636812062,51.5129693979884],[-3.11245185063161,51.513194142331],[-3.11281205139948,51.513190722865],[-3.11280656685141,51.5129659786293],[-3.11316676550317,51.5129625581669],[-3.11316127899701,51.5127378140268],[-3.11352147553266,51.5127343925679],[-3.11388167198922,51.5127309700056],[-3.11387618148798,51.5125062260681],[-3.11423637582842,51.5125028025094],[-3.11459657008972,51.5124993778473],[-3.11459107559351,51.5122746341125],[-3.11495126773865,51.512271208454],[-3.11494577128454,51.5120464648147],[-3.11530596131353,51.5120430381599],[-3.11530046290159,51.5118182946162],[-3.11529496456878,51.511593551061],[-3.11565515044469,51.511590123517],[-3.11564965015411,51.5113653800574],[-3.11600983391389,51.5113619515171],[-3.11637001759441,51.5113585218734],[-3.11636451330926,51.5111337786165],[-3.11672469487363,51.5111303479765],[-3.11671918863084,51.5109056048153],[-3.11671368246728,51.5106808616425],[-3.11707385987868,51.5106774301134],[-3.11706835175756,51.5104526870363],[-3.11706284371569,51.5102279439477],[-3.11742301697422,51.5102245115295],[-3.11741750697486,51.5099997685365],[-3.11741199705477,51.5097750255321],[-3.1177721661605,51.5097715922248],[-3.11776665428301,51.509546849316],[-3.11776114248481,51.5093221063957],[-3.11812131963328,51.509318669352],[-3.11848150859553,51.5093152284299],[-3.11847599324314,51.5090904857141],[-3.11883618064702,51.5090870437378],[-3.11919636798797,51.5090836006565],[-3.11955655526598,51.5090801564702],[-3.11955103549007,51.5088554138972],[-3.11954551813672,51.5086306715688],[-3.11954000161337,51.5084059293116],[-3.11917981987366,51.5084093733352],[-3.11917430555842,51.5081846310143],[-3.11881412586247,51.5081880738794],[-3.11880861375528,51.5079633314949],[-3.11844843610311,51.5079667732014],[-3.11845394608436,51.5081915156395],[-3.11809376622412,51.5081949562948],[-3.11773360046042,51.5081983925041],[-3.11737344532579,51.5082018250864],[-3.11736794184412,51.5079770823307],[-3.11736243843947,51.5077523395639],[-3.11772258964763,51.5077489071735],[-3.11771708435681,51.5075241644915],[-3.11735693511186,51.507527596786],[-3.11735143186126,51.5073028539968],[-3.11771157914304,51.5072994217983],[-3.11770607400632,51.507074679094],[-3.11806622776792,51.507071243737],[-3.1180607203228,51.5068465011959],[-3.11842088742783,51.5068430608628],[-3.11842639699876,51.5070678033502],[-3.11878656614747,51.5070643618586],[-3.11878105445074,51.5068396194249],[-3.11877554283611,51.5066148769814],[-3.1191357076511,51.5066114344924],[-3.1191412213915,51.5068361768822],[-3.11950138825008,51.5068327332347],[-3.1194958723839,51.5066079908986],[-3.11985603703451,51.5066045462],[-3.11985051912472,51.5063798039077],[-3.12021068156735,51.5063763581581],[-3.12020516161402,51.5061516159097],[-3.12019964174287,51.5059268736515],[-3.12019412195392,51.5057021313835],[-3.12055427793722,51.5056986846903],[-3.12054875610482,51.5054739424661],[-3.12054323435463,51.5052492002321],[-3.12018308262256,51.5052526468178],[-3.11982293080825,51.5052560922988],[-3.11946277891171,51.5052595366749],[-3.11945726362048,51.5050347942698],[-3.11981741339143,51.5050313499474],[-3.11981189605677,51.5048066075862],[-3.11945174841137,51.5048100518549],[-3.11909160068378,51.5048134950189],[-3.11909711376732,51.5050382374876],[-3.118736963832,51.5050416796005],[-3.11837681381454,51.5050451206088],[-3.11801666371497,51.5050485605123],[-3.11802217050385,51.5052733031322],[-3.11802767737475,51.5054980457423],[-3.11766754020647,51.5055014798519],[-3.1176730448039,51.5057262226342],[-3.11731291126365,51.5057296541613],[-3.11731841397511,51.5059543970283],[-3.1173239167636,51.5061791398843],[-3.11732941962909,51.5064038827291],[-3.11696928012269,51.5064073134404],[-3.11660914053923,51.5064107430481],[-3.11624900087876,51.5064141715524],[-3.11624350390242,51.5061894284199],[-3.115883366128,51.5061928557248],[-3.11587787119164,51.5059681124852],[-3.11587237633219,51.5057433692345],[-3.11586688154965,51.5055186259727],[-3.11550674958729,51.5055220518864],[-3.11551224240684,51.5057467952441],[-3.11551773530328,51.5059715385907],[-3.11552322827661,51.5061962819261],[-3.11516309034828,51.506199707024],[-3.11515759933798,51.5059749635927],[-3.11515210840455,51.5057502201502],[-3.11514661754798,51.5055254766966],[-3.11478648543176,51.5055289004034],[-3.11442635323865,51.5055323230066],[-3.11406622096868,51.5055357445064],[-3.11407170593629,51.5057604882476],[-3.11371157162649,51.5057639087397],[-3.11335143723988,51.5057673281283],[-3.11299130277648,51.5057707464135]]],[[[-3.08651578338269,51.528498837829],[-3.08651043022451,51.5282740857841],[-3.0868707482351,51.5282707456005],[-3.08686539330026,51.5280459937466],[-3.08722570939112,51.5280426526672],[-3.08758602541039,51.5280393104865],[-3.08759138404155,51.5282640619296],[-3.08795170183736,51.5282607184423],[-3.08795706238827,51.5284854696657],[-3.08796242301077,51.5287102208747],[-3.08760210151857,51.5287135647728],[-3.08724177995476,51.5287169075696],[-3.08723642302867,51.5284921559498],[-3.08687610324146,51.52849549744],[-3.08651578338269,51.528498837829]]],[[[-3.08592545634501,51.5188378316172],[-3.0862856963887,51.5188344990575],[-3.08629104537751,51.5190592512639],[-3.08665128721181,51.5190559174673],[-3.08665663813509,51.5192806695277],[-3.08629639443821,51.5192840034582],[-3.08630174357082,51.5195087556403],[-3.08594149793939,51.5195120886017],[-3.08593615066938,51.5192873362857],[-3.08557590682864,51.5192906680102],[-3.08557056149309,51.5190659155482],[-3.08556521622939,51.5188411630739],[-3.08592545634501,51.5188378316172]]],[[[-3.09635787527727,51.5331279339193],[-3.09599751847046,51.5331313072571],[-3.09600292126784,51.5333560536434],[-3.09564256254016,51.5333594260855],[-3.09564796356098,51.533584172663],[-3.09565336465288,51.5338089191783],[-3.0952930021568,51.533812290907],[-3.09529840147514,51.5340370364636],[-3.09493803708513,51.5340404071724],[-3.0949434346522,51.5342651528033],[-3.09494883229057,51.5344898984235],[-3.09495423000024,51.5347146440329],[-3.09459386007103,51.534718013892],[-3.09459925602933,51.5349427595757],[-3.09460465205891,51.5351675052487],[-3.09424427841303,51.535170874173],[-3.09424967269117,51.5353956199203],[-3.09425506704056,51.5356203656567],[-3.09426046146121,51.5358451113825],[-3.09390008227583,51.535848479457],[-3.09353970301916,51.5358518464264],[-3.09317932369123,51.5358552122909],[-3.09281894429206,51.5358585770502],[-3.09281355716245,51.5356338309842],[-3.09280817010399,51.5354090849074],[-3.0928027831167,51.5351843388199],[-3.09279739620056,51.5349595927216],[-3.09279200935558,51.5347348466126],[-3.09315237964118,51.5347314822785],[-3.09314699104472,51.5345067362437],[-3.09314160251942,51.5342819901981],[-3.09350196908853,51.5342786249292],[-3.09349657881183,51.5340538789579],[-3.09349118860631,51.5338291329759],[-3.09385155145901,51.533825766772],[-3.09384615959692,51.5336010193812],[-3.09420652053394,51.5335976522403],[-3.09420112690792,51.5333729048404],[-3.09419573335392,51.533148157426],[-3.09455609052148,51.5331447895949],[-3.09455069519085,51.5329200423718],[-3.09491105043765,51.532916673645],[-3.09490565333044,51.5326919266131],[-3.09490025629529,51.5324671795669],[-3.09526060777273,51.5324638101499],[-3.09525520896107,51.5322390632949],[-3.09524981022149,51.5320143164254],[-3.09524441155401,51.5317895695417],[-3.09523901295861,51.5315648226435],[-3.09559935696972,51.5315614529476],[-3.09559395659792,51.5313367062407],[-3.09558855629823,51.5311119595193],[-3.09594889654023,51.5311085891334],[-3.09630923671005,51.5311052176462],[-3.09631464070666,51.5313299639563],[-3.09667498265273,51.5313265911622],[-3.09703532452656,51.5313232172668],[-3.09739566632813,51.5313198422702],[-3.09739025678614,51.531095096577],[-3.09775059666697,51.5310917206848],[-3.09775600805741,51.5313164661723],[-3.09811634971439,51.5313130889732],[-3.09812176302556,51.5315378342407],[-3.09812717640901,51.5317625794938],[-3.09813258986473,51.5319873247326],[-3.09777224266225,51.5319907025487],[-3.0977776543417,51.5322154479787],[-3.09813800339273,51.5322120699569],[-3.098143416993,51.5324368151668],[-3.0977830660934,51.5324401933943],[-3.09742271512148,51.5324435705204],[-3.09742812509685,51.5326683161273],[-3.09706777220404,51.5326716923578],[-3.09707318040302,51.5328964381559],[-3.09671282558932,51.5328998134908],[-3.09671823201186,51.5331245594802],[-3.09635787527727,51.5331279339193]]],[[[-3.10608887801295,51.5033632792296],[-3.10572876361107,51.5033666743924],[-3.10536864913295,51.5033700684518],[-3.10500853457863,51.5033734614078],[-3.10501396970948,51.5035982076534],[-3.10501940491648,51.5038229538879],[-3.10465928636041,51.5038263459316],[-3.10429916772818,51.5038297368719],[-3.10430459908569,51.5040544832865],[-3.1039444784145,51.5040578732189],[-3.10393904901982,51.5038331267087],[-3.10357893023535,51.503836515442],[-3.1035843576672,51.5040612620478],[-3.10322423684383,51.5040646497733],[-3.1028641159444,51.5040680363953],[-3.1028586924382,51.5038432895983],[-3.10285326900802,51.5036185427903],[-3.1024931519582,51.5036219281177],[-3.10248773056681,51.503397181203],[-3.10212761540377,51.5034005653314],[-3.10212219605111,51.50317581831],[-3.10176208277487,51.5031792012395],[-3.10140196942267,51.5031825830654],[-3.10139655407144,51.5029578358419],[-3.10103643938306,51.502961213825],[-3.10067632295774,51.5029645893347],[-3.10068173492964,51.5031893367076],[-3.10032161676183,51.5031927111454],[-3.10031620646519,51.5029679637391],[-3.09995608990542,51.5029713370382],[-3.0999506813512,51.5027465895892],[-3.09959056639948,51.5027499617496],[-3.09958515958764,51.5025252142579],[-3.09922504624397,51.5025285852795],[-3.09886493283315,51.5025319551958],[-3.09887033629456,51.5027567027544],[-3.09851022114141,51.5027600715988],[-3.09851562299469,51.5029848191815],[-3.09887573982308,51.5029814503037],[-3.09888114341871,51.5032061978438],[-3.09852102491506,51.5032095667551],[-3.0981609063443,51.5032129345611],[-3.0981555060992,51.5029881869541],[-3.09779538913662,51.5029915536214],[-3.09743527210698,51.5029949191834],[-3.0970751550103,51.50299828364],[-3.09706975985797,51.5027735359237],[-3.09670964436952,51.5027768992417],[-3.09671503784661,51.5030016469914],[-3.09635492061591,51.5030050092374],[-3.09634952881407,51.5027802614544],[-3.09634413707918,51.502555513662],[-3.09598402313198,51.5025588747361],[-3.09597863313923,51.5023341269012],[-3.09597324321342,51.502109379057],[-3.09596785335453,51.5018846312036],[-3.09596246356256,51.5016598833411],[-3.09560235624909,51.5016632431764],[-3.09559696819916,51.5014384952712],[-3.09559158021613,51.5012137473568],[-3.09595168417941,51.5012103875882],[-3.09594629458821,51.5009856396979],[-3.09630639680947,51.5009822788574],[-3.09666649896377,51.5009789169117],[-3.0966718919051,51.5012036647352],[-3.09703199566748,51.5012003016509],[-3.09702660105108,51.5009755538607],[-3.09738670307139,51.5009721897045],[-3.09738130684693,51.5007474419385],[-3.09737591068949,51.5005226941632],[-3.09701581201925,51.5005260582527],[-3.09701041512715,51.5003013101889],[-3.09665031818565,51.5003046731498],[-3.09664492229317,51.5000799249669],[-3.09628482705391,51.500083286796],[-3.09627943300342,51.4998585385777],[-3.09663952647056,51.4998551767751],[-3.09663413071782,51.4996304285742],[-3.09662873503494,51.4994056803643],[-3.09626864511198,51.4994090421141],[-3.09626325127102,51.4991842938688],[-3.09625785749991,51.4989595456145],[-3.09661794387878,51.4989561839175],[-3.09661254840549,51.4987314356806],[-3.09697263294245,51.4987280729047],[-3.09696723576704,51.4985033246851],[-3.09660715300206,51.4985066874346],[-3.0966017576685,51.4982819391796],[-3.09659636240479,51.4980571909156],[-3.09659096721094,51.4978324426426],[-3.0969510446601,51.4978290799724],[-3.09694564776421,51.4976043317168],[-3.09730572337156,51.4976009679677],[-3.09731112203934,51.4978257161969],[-3.09767119934864,51.4978223513161],[-3.09803127658797,51.49781898533],[-3.09803667886948,51.4980437334972],[-3.09804208122094,51.4982684816555],[-3.09840216193414,51.4982651145112],[-3.09840756612751,51.4984898626339],[-3.09876764854266,51.4984864943578],[-3.09877305457798,51.4987112424451],[-3.09913313869507,51.4987078730371],[-3.09913854657239,51.4989326210889],[-3.09914395451973,51.4991573691317],[-3.09878386685862,51.4991607385926],[-3.09878927310394,51.4993854866528],[-3.09842918360074,51.4993888550348],[-3.09843458814399,51.4996136031125],[-3.0980744967987,51.4996169704156],[-3.09807989963984,51.4998417185107],[-3.09843999275723,51.4998383511811],[-3.09844539744044,51.5000630992407],[-3.09880549225993,51.5000597307793],[-3.09881089878526,51.5002844788035],[-3.09917099530684,51.5002811092101],[-3.09917640303487,51.5005058571379],[-3.09953650130263,51.5005024864173],[-3.09954190751018,51.500727233992],[-3.09990200738579,51.5007238621327],[-3.09990741533551,51.5009486096648],[-3.10026751681898,51.5009452366668],[-3.10026210719423,51.5007204891682],[-3.10062220693547,51.5007171150984],[-3.10098230660949,51.5007137399234],[-3.10134240473365,51.5007103629963],[-3.1017024964971,51.5007069822211],[-3.10169708001827,51.500482234971],[-3.10205716974333,51.500478853188],[-3.10206258818462,51.5007036003426],[-3.10242267979618,51.5007002173607],[-3.10242810027589,51.5009249644086],[-3.10243352083157,51.5011497114454],[-3.10279361629214,51.5011463271691],[-3.10279903888633,51.5013710740993],[-3.10315913623342,51.501367688624],[-3.10316456086615,51.5015924354475],[-3.10352466009977,51.5015890487734],[-3.10351923350447,51.5013643020454],[-3.10351380698523,51.5011395553064],[-3.10350838054202,51.5009148085562],[-3.10314828719601,51.5009181949437],[-3.10314286279132,51.5006934480869],[-3.10278277133175,51.5006968332755],[-3.10277734896555,51.500472086312],[-3.10313743845925,51.5004687012186],[-3.10313201185189,51.5002439540296],[-3.10349209969161,51.5002405679442],[-3.10348667159518,51.5000158208588],[-3.10348124356244,51.4997910737617],[-3.1034758155934,51.4995663266529],[-3.10383589871123,51.4995629398107],[-3.10419598176531,51.4995595518657],[-3.10419055075461,51.4993348049758],[-3.10455063219224,51.4993314160435],[-3.1049107135661,51.4993280260084],[-3.10491614768216,51.4995527726677],[-3.10492158186199,51.4997775193153],[-3.10528166627742,51.4997741279469],[-3.10528710207375,51.4999988744675],[-3.10529253793388,51.5002236209763],[-3.104932450413,51.5002270125754],[-3.10493788478417,51.5004517591878],[-3.10457779564672,51.5004551497994],[-3.10458322786899,51.5006798962993],[-3.10422313671371,51.5006832859012],[-3.10422856700584,51.5009080324713],[-3.10423399737406,51.5011327790303],[-3.10459409245431,51.5011293892372],[-3.10459952486115,51.5013541356895],[-3.1046049573441,51.5015788821306],[-3.10461038990318,51.5018036285607],[-3.10461582253837,51.5020283749797],[-3.10425571960785,51.5020317651551],[-3.10426115035654,51.5022565116586],[-3.10462125524968,51.5022531213875],[-3.10462668803712,51.5024778677843],[-3.10498679481677,51.5024744763142],[-3.10499222964301,51.5026992226043],[-3.10535233830916,51.5026958299352],[-3.10535777517424,51.5029205761185],[-3.10571788572689,51.5029171822504],[-3.10572332463088,51.503141928327],[-3.10608343707001,51.5031385332598],[-3.10608887801295,51.5033632792296]]],[[[-3.10169708001827,51.500482234971],[-3.10133699021729,51.5004856156507],[-3.10133157169808,51.5002608679156],[-3.10097147686327,51.5002642446625],[-3.10096605970511,51.5000394967973],[-3.1009606426171,51.4998147489232],[-3.10132073420173,51.49981137235],[-3.10131531554892,51.4995866245497],[-3.10095522559923,51.49959000104],[-3.10094980865151,51.4993652531479],[-3.10094439177392,51.4991405052466],[-3.10093897496647,51.4989157573364],[-3.10093355822916,51.4986910094172],[-3.1005734744626,51.4986943843518],[-3.1005680595674,51.498469636397],[-3.10056264474231,51.4982448884332],[-3.10055722998733,51.4980201404603],[-3.10055181530246,51.4977953924785],[-3.1005464006877,51.4975706444876],[-3.10090647559463,51.4975672696855],[-3.10090105927812,51.4973425217121],[-3.10089564303174,51.4971177737297],[-3.10125571432481,51.4971143978754],[-3.10161578098476,51.4971110190161],[-3.10197584734262,51.497107638955],[-3.10197042634765,51.4968828912449],[-3.10233049108942,51.4968795101963],[-3.10232506860561,51.4966547625897],[-3.1026851317313,51.4966513805539],[-3.1026797077587,51.4964266330508],[-3.10231964618543,51.4964300149715],[-3.10231422382885,51.4962052673415],[-3.10267428384974,51.4962018855361],[-3.10266886000441,51.4959771380096],[-3.10302891840925,51.495973755217],[-3.10338897675041,51.4959703713217],[-3.10339440370047,51.4961951186176],[-3.10375446353029,51.4961917335046],[-3.10411452329637,51.4961883472889],[-3.10447458299871,51.4961849599707],[-3.10448001466962,51.4964097069091],[-3.10484007586057,51.496406318373],[-3.10484550914763,51.4966310651844],[-3.10485094249844,51.4968558119841],[-3.10449087820266,51.4968592007508],[-3.10449631006479,51.4970839476541],[-3.10450174199067,51.4973086945457],[-3.10414167452619,51.4973120824403],[-3.10414710496332,51.4975368294355],[-3.1037870358826,51.4975402163428],[-3.10379246483095,51.4977649634416],[-3.10343239413398,51.4977683493616],[-3.1034378215935,51.497993096564],[-3.10307774928027,51.4979964814966],[-3.10308317525092,51.4982212288025],[-3.10272310132144,51.4982246127478],[-3.10272852580318,51.4984493601573],[-3.10308860128524,51.4984459760968],[-3.10309402738322,51.4986707233793],[-3.10309945354487,51.4988954706501],[-3.1027393749576,51.4988988549412],[-3.10237929630665,51.4989022381296],[-3.10238471942669,51.4991269856192],[-3.10202463915943,51.4991303678202],[-3.10166455882852,51.4991337489184],[-3.10166997890687,51.4993584966269],[-3.10203006079043,51.4993551154134],[-3.10203548248505,51.4995798629949],[-3.10239556585766,51.4995764805635],[-3.10240098916859,51.4998012280181],[-3.10240641254315,51.500025975461],[-3.10204632606512,51.5000293581229],[-3.10205174795057,51.5002541056694],[-3.10169165985614,51.5002574873439],[-3.10169708001827,51.500482234971]]],[[[-3.09594629458821,51.5009856396979],[-3.0955861923,51.5009889994332],[-3.09559158021613,51.5012137473568],[-3.09523147618593,51.5012171060203],[-3.09487137208884,51.5012204635784],[-3.09487675672168,51.5014452115595],[-3.09451665088261,51.5014485680457],[-3.09415654497667,51.5014519234267],[-3.09379643900391,51.5014552777025],[-3.09379105939635,51.5012305296215],[-3.09378567985559,51.5010057815312],[-3.09378030038161,51.5007810334318],[-3.09342019936725,51.5007843865024],[-3.09341482163509,51.5005596383604],[-3.09340944256906,51.500334890054],[-3.09340406262596,51.5001101416338],[-3.09304396675857,51.5001134935142],[-3.09303858865726,51.4998887450585],[-3.09303321062559,51.4996639965939],[-3.09339330294872,51.4996606447662],[-3.09375339520216,51.499657291833],[-3.09374801369594,51.4994325434121],[-3.09410810410757,51.4994291893999],[-3.09411348738587,51.4996539377946],[-3.09447357949985,51.4996505826507],[-3.09483367154406,51.4996472264014],[-3.09482828472159,51.4994224780595],[-3.09518837492392,51.4994191207312],[-3.09519376351848,51.4996438690467],[-3.09555385542309,51.4996405105867],[-3.09591394725786,51.4996371510212],[-3.0959193394664,51.4998618992749],[-3.09555924585952,51.4998652588668],[-3.09556463636576,51.5000900071378],[-3.09520454091692,51.5000933656507],[-3.0952099297208,51.5003181139391],[-3.09557002694179,51.5003147553999],[-3.09557541666844,51.5005395035583],[-3.09558080445077,51.5007642515004],[-3.09594090506393,51.5007608917984],[-3.09594629458821,51.5009856396979]]],[[[-3.09853626203178,51.5337819055613],[-3.09854167777075,51.5340066503603],[-3.09854709356366,51.5342313951398],[-3.09855250942809,51.5344561399085],[-3.09819214203609,51.5344595207325],[-3.09783177457252,51.5344629004514],[-3.09747140703742,51.5344662790654],[-3.09746599664079,51.5342415340412],[-3.09746058631562,51.5340167890061],[-3.09710022235419,51.5340201663448],[-3.09709481392104,51.5337954212046],[-3.09708940543321,51.533570675464],[-3.09744976572065,51.5335672984109],[-3.09744435545635,51.5333425528616],[-3.0970839970176,51.533345929709],[-3.0970785886742,51.5331211839397],[-3.09743894526428,51.5331178072979],[-3.09779930178206,51.5331144295547],[-3.09780471382279,51.5333391749128],[-3.09781012593579,51.5335639202564],[-3.09817048607861,51.5335605410006],[-3.09817590011259,51.5337852861242],[-3.09853626203178,51.5337819055613]]],[[[-3.10761637448501,51.5366186041547],[-3.10762183536165,51.5368433471328],[-3.10798222572593,51.5368399320125],[-3.10798768841458,51.5370646749254],[-3.1083480804514,51.5370612586438],[-3.1083535449521,51.5372860014915],[-3.10799315117295,51.5372894178284],[-3.10763275732403,51.5372928330593],[-3.10727236340535,51.5372962471843],[-3.10726690413165,51.5370715041707],[-3.10690651188559,51.5370749171344],[-3.10690105442387,51.5368501740556],[-3.10654066385042,51.536853585858],[-3.10618027320727,51.5368569965545],[-3.10581988249447,51.536860406145],[-3.10545949171203,51.5368638146295],[-3.10546494220448,51.5370885579294],[-3.10582533472924,51.5370851493896],[-3.10583078703358,51.5373098926243],[-3.10583623940751,51.5375346358491],[-3.10619663534733,51.5375312260928],[-3.10620208953323,51.5377559692525],[-3.10620754378873,51.5379807124023],[-3.10584714436412,51.5379841222691],[-3.10584169185102,51.537759379064],[-3.10548129409917,51.5377627877696],[-3.1051208962777,51.5377661953691],[-3.10511544731896,51.5375414520437],[-3.10510999842976,51.5373167087084],[-3.10474960402345,51.5373201150915],[-3.10438920954757,51.5373235203686],[-3.10439465495203,51.5375482638144],[-3.10440010042599,51.5377730072503],[-3.10476049838663,51.5377696018627],[-3.10476594567249,51.5379943452335],[-3.10512634530597,51.5379909386847],[-3.10513179440379,51.5382156819903],[-3.10513724357115,51.5384404252861],[-3.10477684045278,51.5384438319453],[-3.10441643726483,51.5384472374986],[-3.10405603400732,51.5384506419458],[-3.10405059006734,51.5382258984843],[-3.10369018848276,51.5382293017703],[-3.10369563068028,51.5384540452869],[-3.10333522728373,51.5384574475221],[-3.10334066780822,51.538682191084],[-3.1029802625997,51.5386855922683],[-3.10298570145111,51.5389103358756],[-3.10262529443061,51.538913736009],[-3.10226488734066,51.5389171350364],[-3.10190448018129,51.5389205329577],[-3.10154407295252,51.538923929773],[-3.10153864107116,51.538699185945],[-3.10153320925911,51.5384744421072],[-3.10189361300287,51.5384710454023],[-3.10188817951767,51.5382463016097],[-3.10224858144958,51.5382429038539],[-3.10224314629127,51.5380181601066],[-3.10260354641131,51.5380147612999],[-3.10259810957994,51.5377900175979],[-3.10223771120232,51.5377934163494],[-3.10223227618273,51.5375686725824],[-3.10259267281795,51.537565273886],[-3.10258723612535,51.5373405301643],[-3.10258179950212,51.5371157864327],[-3.10257636294827,51.5368910426911],[-3.1025709264638,51.5366662989397],[-3.1025654900487,51.5364415551784],[-3.10292587790284,51.536438155652],[-3.10292043981485,51.536213411936],[-3.10291500179626,51.5359886682101],[-3.10327538609645,51.5359852676881],[-3.10328082585728,51.5362100113588],[-3.10364121183023,51.5362066096756],[-3.10363577032716,51.5359818660601],[-3.10363032889354,51.5357571224347],[-3.10399071131255,51.535753719756],[-3.10399615448838,51.5359784633262],[-3.10435653858008,51.5359750594864],[-3.10471692260223,51.5359716545406],[-3.10472236933199,51.5361963979905],[-3.10472781613126,51.5364211414304],[-3.10508820356833,51.5364177352683],[-3.10508275502681,51.5361929918835],[-3.10544314065204,51.5361895846707],[-3.10543769043782,51.5359648413313],[-3.10579807425121,51.5359614330677],[-3.10579262236434,51.5357366897737],[-3.10543224029315,51.535740097982],[-3.10542679021804,51.5355153546228],[-3.10542134021247,51.5352906112537],[-3.10541589027645,51.5350658678748],[-3.10577626712116,51.5350624598322],[-3.10613664389623,51.5350590506837],[-3.10614209731652,51.5352837939522],[-3.10650247576409,51.5352803836426],[-3.10650793099613,51.5355051268459],[-3.10686831111617,51.5355017153751],[-3.10722869116652,51.5354983027984],[-3.10723414995254,51.5357230458812],[-3.10759453167534,51.5357196321433],[-3.10758907114714,51.5354948891158],[-3.10758361068863,51.5352701460783],[-3.10794398885736,51.5352667313451],[-3.10830436695633,51.535263315506],[-3.1086647449855,51.5352598985609],[-3.10902512294487,51.53525648051],[-3.10903059037199,51.5354812233262],[-3.10939097000367,51.5354778041141],[-3.10939643924273,51.5357025468651],[-3.10975682054673,51.5356991264917],[-3.10976229159779,51.5359238691774],[-3.10976776271867,51.5361486118533],[-3.10940737793026,51.5361520323374],[-3.109046993072,51.5361554517155],[-3.10904152543555,51.535930708929],[-3.10868114224966,51.5359341271459],[-3.10868660814389,51.5361588699877],[-3.10832622314598,51.536162287154],[-3.10833168736773,51.5363870300413],[-3.10797130055778,51.536390446157],[-3.107976763107,51.5366151890897],[-3.10761637448501,51.5366186041547]]],[[[-3.1037228427097,51.5395777627219],[-3.10408325474939,51.5395743591047],[-3.10408869910624,51.5397991025068],[-3.10409414353258,51.540023845899],[-3.10373372800768,51.5400272496267],[-3.10337331241326,51.5400306522482],[-3.10301289674934,51.5400340537636],[-3.10300745755087,51.5398093102058],[-3.1026470435601,51.53981271056],[-3.10264160617364,51.5395879669371],[-3.10228119385603,51.53959136613],[-3.10227575828154,51.539366622442],[-3.10227032277642,51.5391418787441],[-3.1026307316089,51.5391384796616],[-3.10299114037193,51.539135079473],[-3.10299657936216,51.5393598230605],[-3.10335698979828,51.5393564217106],[-3.10371740016491,51.5393530192547],[-3.1037228427097,51.5395777627219]]],[[[-3.24874385871994,51.4643887121571],[-3.24874998638523,51.4646134514689],[-3.24839019329599,51.4646172827152],[-3.24803040012812,51.4646211128559],[-3.24767060688164,51.4646249418909],[-3.24766448445452,51.4644002026454],[-3.24802427595495,51.4643963735883],[-3.24801815186038,51.4641716343133],[-3.24801202784443,51.4639468950309],[-3.2483718157742,51.463943064824],[-3.24873160362534,51.4639392335114],[-3.24873773113331,51.4641639728379],[-3.24909752065181,51.4641601404418],[-3.24910364998447,51.4643848797831],[-3.24874385871994,51.4643887121571]]],[[[-3.24874998638523,51.4646134514689],[-3.24910977939581,51.464609619117],[-3.24946957232771,51.4646057856594],[-3.24982936518091,51.4646019510962],[-3.24983549816309,51.4648266904669],[-3.25019529268364,51.4648228548201],[-3.25055508712544,51.4648190180677],[-3.25054895065112,51.4645942786529],[-3.25090874326808,51.4645904407728],[-3.25126853597086,51.4645866016945],[-3.25162833342729,51.4645827587942],[-3.25163447539277,51.4648074981303],[-3.25199427467062,51.4648036540573],[-3.25200041862612,51.4650283933127],[-3.25236021972538,51.465024548067],[-3.25236636567094,51.4652492872417],[-3.25272616859161,51.4652454408233],[-3.2530859714279,51.4652415933024],[-3.25309212126935,51.4654663323261],[-3.25345192592702,51.4654624836325],[-3.25345807775867,51.4656872225755],[-3.2538178842377,51.4656833727092],[-3.25417769063229,51.4656795217403],[-3.25418384635999,51.4659042605323],[-3.25419000217216,51.4661289993138],[-3.25419615806881,51.4663537380848],[-3.25455597009644,51.4663498858027],[-3.25456212798345,51.4665746244929],[-3.25456828595496,51.4667993631726],[-3.25492810170987,51.4667955096474],[-3.25493426167182,51.4670202482463],[-3.25494042648721,51.4672449858309],[-3.25530024576746,51.4672411311028],[-3.2553064176551,51.4674658675318],[-3.25531258962493,51.4676906039506],[-3.25567241249628,51.4676867479985],[-3.25567858638499,51.4679114843465],[-3.25603841101078,51.4679076272309],[-3.25604458681841,51.4681323635082],[-3.25640441319865,51.4681285052291],[-3.25676423949657,51.468124645847],[-3.25712406571216,51.4681207853621],[-3.2574838918454,51.4681169237742],[-3.25784371789626,51.4681130610833],[-3.25784990296983,51.4683377970474],[-3.25820973077503,51.468333933193],[-3.25856955849779,51.4683300682357],[-3.25856336975074,51.4681053323929],[-3.25855718108609,51.4678805965399],[-3.25855099250383,51.4676558606767],[-3.25891081463401,51.4676519947984],[-3.25890462429748,51.4674272589856],[-3.25889843404338,51.4672025231627],[-3.25889225035664,51.4669777859265],[-3.25888606942954,51.466753048101],[-3.25887988858723,51.466528310265],[-3.2585200756694,51.466532175848],[-3.25851389681775,51.4663074379311],[-3.25850771805088,51.4660827000038],[-3.258867527157,51.4660788345615],[-3.25886134656907,51.4658540966939],[-3.25850153936876,51.4658579620658],[-3.25814173208368,51.4658618263352],[-3.25813555539213,51.4656370883165],[-3.25849536077141,51.4656332241174],[-3.25848918225883,51.4654084861584],[-3.25812937878532,51.4654123502872],[-3.25812320226324,51.4651876122473],[-3.25811702582589,51.464962874197],[-3.25775722607911,51.4649667370825],[-3.25775105163221,51.4647419989513],[-3.25774487727,51.4645172608096],[-3.25773870299251,51.4642925226573],[-3.25737890887805,51.4642963842294],[-3.25737273659089,51.4640716459963],[-3.25736656438841,51.4638469077527],[-3.25772635469163,51.4638430463213],[-3.25772018066825,51.4636183081375],[-3.25771400672957,51.4633935699432],[-3.25770783287559,51.4631688317384],[-3.2577016591063,51.462944093523],[-3.25806144170265,51.4629402312705],[-3.25842122421427,51.4629363679155],[-3.25841504671871,51.4627116298303],[-3.2587748272401,51.4627077654433],[-3.25876864792383,51.462483027418],[-3.25912842645499,51.4624791619989],[-3.25948820490134,51.4624752954775],[-3.25984798326287,51.4624714278537],[-3.25985416829549,51.462696165668],[-3.26021394847762,51.4626922968715],[-3.26022013550056,51.4629170346049],[-3.26057991750329,51.4629131646356],[-3.26093969942111,51.4629092935638],[-3.261299481254,51.4629054213897],[-3.26165926300195,51.4629015481132],[-3.26201904466491,51.4628976737343],[-3.26202524130018,51.4631224111051],[-3.26238502478364,51.4631185355534],[-3.26274480818206,51.4631146588993],[-3.26310459149543,51.4631107811428],[-3.26311079393222,51.4633355182918],[-3.26311699645408,51.4635602554302],[-3.26347678349342,51.4635563764303],[-3.26348298800589,51.4637811134878],[-3.26384277686568,51.4637772333151],[-3.26383657044764,51.4635524963281],[-3.26419635731674,51.4635486151235],[-3.26455614410068,51.4635447328164],[-3.2645499339567,51.4633199959599],[-3.26454372389788,51.4630952590928],[-3.26490350678561,51.4630913758244],[-3.26489729490647,51.4628666390173],[-3.26525707580352,51.462862754717],[-3.2652508621041,51.4626380179698],[-3.26561064101047,51.4626341326376],[-3.26597041983159,51.462630246203],[-3.26633019856744,51.4626263586661],[-3.26633641798321,51.4628510952016],[-3.2666961985392,51.4628472064918],[-3.26705597900987,51.4628433166795],[-3.26741575939519,51.4628394257649],[-3.26742198461264,51.4630641620783],[-3.26778176681805,51.4630602699907],[-3.26814154906886,51.4630563767822],[-3.26850133131782,51.4630524824596],[-3.26849510039353,51.4628277463616],[-3.26813532004172,51.4628316406117],[-3.26812909109968,51.4626069044306],[-3.26848886955438,51.462603010253],[-3.26884864792392,51.4625991149731],[-3.26920842620828,51.4625952185909],[-3.26956820440743,51.4625913211065],[-3.26992798252134,51.4625874225197],[-3.26992174417898,51.4623626866907],[-3.27028152031055,51.4623587870742],[-3.27028776054999,51.4625835228306],[-3.27029400087469,51.4628082585764],[-3.27065378071516,51.4628043577125],[-3.27066002302224,51.4630290933751],[-3.27101980467453,51.4630251913363],[-3.27101356047032,51.4628004557463],[-3.27100731635141,51.4625757201457],[-3.27100107231781,51.4623509845344],[-3.27099482836951,51.4621262489126],[-3.27063505430558,51.462130150661],[-3.27062881233961,51.461905414956],[-3.27062257045891,51.4616806792403],[-3.27061632866349,51.461455943514],[-3.27061008695333,51.4612312077772],[-3.27096985342927,51.4612273063191],[-3.27096360990745,51.4610025706442],[-3.27095736647092,51.4607778349587],[-3.27095112311969,51.4605530992625],[-3.27059136233448,51.4605570005028],[-3.27058512096539,51.4603322647235],[-3.27022536199174,51.460336164789],[-3.26986560293283,51.4603400637524],[-3.26985936544269,51.4601153278173],[-3.26949960819537,51.4601192256059],[-3.26949337268726,51.4598944895876],[-3.26913361725155,51.4598983862014],[-3.26912738372542,51.4596736501],[-3.26912115028445,51.459448913988],[-3.2694809019266,51.4594450175193],[-3.26984065348353,51.4594411199484],[-3.26983441633424,51.4592163839708],[-3.27019416590918,51.4592124853704],[-3.27055391539887,51.4592085856677],[-3.27091366480327,51.4592046848629],[-3.2709199076428,51.4594294206227],[-3.27092615056761,51.4596541563719],[-3.2709323935777,51.4598788921105],[-3.27129214858708,51.4598749899857],[-3.27129839357927,51.4600997256411],[-3.27165815040012,51.4600958223416],[-3.27166439737445,51.4603205579138],[-3.27202415600677,51.4603166534394],[-3.27238391455369,51.4603127478629],[-3.27274367301519,51.4603088411843],[-3.27274992576543,51.4605335765279],[-3.27310968603835,51.4605296686744],[-3.27346944622579,51.4605257597187],[-3.27382920632774,51.4605218496608],[-3.27383546485402,51.4607465847759],[-3.27419522676732,51.4607426735431],[-3.27420148727598,51.4609674085749],[-3.27456125100063,51.4609634961673],[-3.27492101463972,51.4609595826574],[-3.27492727902772,51.4611843175333],[-3.27528704447812,51.4611804028485],[-3.27529331084863,51.4614051376411],[-3.27565307811035,51.4614012217814],[-3.27601284528642,51.4613973048194],[-3.27601911553643,51.461622039456],[-3.27602538587208,51.4618467740818],[-3.27603165629337,51.4620715086971],[-3.27603792680029,51.4622962433017],[-3.27604419739285,51.4625209778958],[-3.27605046807105,51.4627457124792],[-3.27569068951284,51.4627496298774],[-3.27533091086898,51.4627535461733],[-3.2753371778386,51.4629782808915],[-3.27569695837958,51.4629743645228],[-3.27605673883489,51.4629704470519],[-3.27606300968437,51.4631951816141],[-3.2760692806195,51.4634199161656],[-3.27642906478341,51.463415997447],[-3.27643533770137,51.4636407319151],[-3.27607555164028,51.4636446507065],[-3.2760818227467,51.4638693852368],[-3.27572203470272,51.4638733029986],[-3.27536224657307,51.4638772196581],[-3.27536851397068,51.4641019543232],[-3.27572830399756,51.464098037591],[-3.27608809393877,51.4640941197565],[-3.27609436521649,51.4643188542655],[-3.27610063657986,51.4645435887639],[-3.27610690802889,51.4647683232517],[-3.27646670357623,51.4647644040967],[-3.27647297700824,51.4649891385011],[-3.27647925052592,51.4652138728949],[-3.27648552412929,51.4654386072781],[-3.27684532528294,51.4654346868025],[-3.27685160086939,51.4656594211023],[-3.27685787654154,51.4658841553915],[-3.2768641522994,51.4661088896701],[-3.27722395905956,51.4661049678739],[-3.27723023680059,51.4663297020691],[-3.27723651462737,51.4665544362537],[-3.27724279253989,51.4667791704276],[-3.27724907053814,51.4670039045909],[-3.27725534960737,51.4672286383893],[-3.27726163017639,51.4674533716675],[-3.27762144792482,51.4674494483942],[-3.27762773027713,51.4676741816239],[-3.27763401270848,51.4678989148442],[-3.27764029521885,51.468123648055],[-3.27728047235747,51.4681275714456],[-3.27728675324252,51.4683523046861],[-3.27692692859771,51.4683562270121],[-3.27656710387386,51.4683601482346],[-3.27620727907099,51.4683640683533],[-3.27620100329903,51.4681393349956],[-3.27584118012152,51.4681432539716],[-3.27583490613285,51.4679185205654],[-3.27547508458071,51.4679224383987],[-3.27511526294961,51.4679263551283],[-3.2751215335296,51.4681510886127],[-3.27476171011522,51.4681550042777],[-3.27475544123958,51.4679302707543],[-3.27439561945065,51.4679341852767],[-3.27438935235819,51.4677094517048],[-3.27402953219469,51.4677133650844],[-3.27402326688537,51.4674886314641],[-3.27366344834731,51.4674925437011],[-3.27365718482108,51.4672678100322],[-3.27365092318031,51.4670430758537],[-3.27364466415749,51.4668183409632],[-3.27400447738105,51.4668144288706],[-3.2739982165462,51.4665896940422],[-3.27363840522017,51.4665936060621],[-3.2732785938086,51.4665975169796],[-3.27328485084839,51.4668222519533],[-3.27292503745379,51.466826161841],[-3.27256522397369,51.4668300706263],[-3.27255897072896,51.4666053355072],[-3.27255271756965,51.4663806003775],[-3.27219290779914,51.466384507915],[-3.27218665662274,51.4661597727021],[-3.27182684866428,51.4661636790645],[-3.27146704062041,51.4661675843246],[-3.27146079332433,51.4659428489558],[-3.2714545461136,51.4657181135763],[-3.27144829898822,51.4654933781863],[-3.27144205194818,51.4652686427856],[-3.27180185240234,51.465264737816],[-3.27216165277111,51.4652608317441],[-3.27252145305444,51.4652569245697],[-3.27251520040766,51.4650321893763],[-3.27250894784628,51.4648074541723],[-3.27214915135765,51.4648113612014],[-3.272142900779,51.4645866259141],[-3.27213665028575,51.4643618906163],[-3.2717768575063,51.4643657963977],[-3.2717706089957,51.4641410610166],[-3.27141081802812,51.4641449656231],[-3.27140457150013,51.4639202301587],[-3.27139832505746,51.4636954946838],[-3.27139207870014,51.4634707591982],[-3.27103229333886,51.4634746624845],[-3.27102604896404,51.4632499269157],[-3.2706662654146,51.4632538290271],[-3.27067250789224,51.4634785646685],[-3.27067875045517,51.4637033002993],[-3.27068499310339,51.4639280359194],[-3.27069123583689,51.464152771529],[-3.27069747865568,51.4643775071279],[-3.27070372155976,51.4646022427162],[-3.27070996454913,51.464826978294],[-3.27071620762379,51.4650517138611],[-3.27107600635131,51.4650478111689],[-3.27108225140864,51.4652725466528],[-3.27072245078375,51.4652764494175],[-3.27036265007353,51.4652803510799],[-3.27036889142138,51.4655050866984],[-3.27000908872846,51.465508987331],[-3.26964928595027,51.4655128868612],[-3.2696430483972,51.4652881510976],[-3.26928324743115,51.4652920494528],[-3.26927701186068,51.465067313606],[-3.26891721270678,51.4650712107862],[-3.26892344637987,51.4652959467056],[-3.26856364524338,51.465299842856],[-3.26856987710425,51.4655245788373],[-3.26821007398518,51.4655284739579],[-3.2678502708053,51.4655323679657],[-3.26785649895283,51.465757104082],[-3.26821630403377,51.4657532100011],[-3.26857610905026,51.465749314808],[-3.26858234108143,51.4659740507681],[-3.26894214791019,51.4659701544],[-3.26930195465375,51.4659662569295],[-3.26966176131207,51.4659623583566],[-3.26966799912081,51.4661870940884],[-3.27002780759135,51.4661831943405],[-3.27003404738281,51.4664079299891],[-3.27039385766556,51.4664040290662],[-3.27075366786299,51.4664001270408],[-3.27075991153475,51.4666248625336],[-3.2704000994398,51.4666287646316],[-3.27040634129931,51.4668535001864],[-3.2707661552918,51.4668495980159],[-3.27112596919896,51.4668456947429],[-3.27148578302075,51.4668417903674],[-3.27149203065823,51.4670665256938],[-3.2718518462922,51.4670626201432],[-3.27185809947004,51.4672873544678],[-3.27186435447483,51.4675120883316],[-3.27222417340688,51.4675081816128],[-3.27223043019465,51.4677329154282],[-3.27259025075226,51.4677290075667],[-3.27259650932306,51.4679537413337],[-3.27260276797259,51.4681784750912],[-3.27296259186011,51.4681745660481],[-3.27332241566882,51.4681706559014],[-3.27332867780582,51.4683953895714],[-3.27368850324008,51.468391478282],[-3.27368223939871,51.4681667446509],[-3.27404206304976,51.4681628322969],[-3.2740483285955,51.4683875658889],[-3.27440815387205,51.4683836523921],[-3.274414421201,51.4686083859357],[-3.27477424810305,51.4686044712962],[-3.27478051721526,51.4688292047913],[-3.27514034574281,51.4688252890091],[-3.2751466166383,51.4690500224557],[-3.27550644679135,51.4690461055307],[-3.27551271947019,51.4692708389288],[-3.27551899222793,51.4694955723174],[-3.27587882571095,51.4694916542107],[-3.2758851002521,51.4697163875508],[-3.27624493536063,51.4697124683012],[-3.27625121168523,51.4699372015928],[-3.27625748808879,51.4701619348749],[-3.27589764957119,51.4701658542026],[-3.27590392434913,51.4703905875144],[-3.27591019920601,51.4706153208167],[-3.27627004113276,51.4706114014108],[-3.27627631777319,51.4708361346646],[-3.27628259449257,51.4710608679089],[-3.27664243974955,51.4710569473211],[-3.27664871825255,51.4712816805169],[-3.27665499683453,51.4715064137032],[-3.2766612754955,51.4717311468801],[-3.27666755423546,51.4719558800476],[-3.2766738330544,51.4721806132055],[-3.27703368675583,51.4721766913185],[-3.27703996735852,51.4724014244279],[-3.27739982268564,51.472397501398],[-3.27740610507214,51.4726222344588],[-3.27776596202494,51.4726183102859],[-3.27777224619528,51.4728430432982],[-3.27813210477378,51.4728391179824],[-3.278138390728,51.4730638509461],[-3.27814467676131,51.4732885839004],[-3.27850453867034,51.4732846574024],[-3.27851082648761,51.4735093903081],[-3.27851711438398,51.4737341232043],[-3.27815724906519,51.4737380497806],[-3.27816353533576,51.4739627827065],[-3.27780366823291,51.473966708218],[-3.27780995287763,51.4741914411736],[-3.27781623760142,51.4744161741197],[-3.27782252240429,51.4746409070564],[-3.27746265010743,51.4746448315814],[-3.27746893328436,51.4748695645478],[-3.27747521654033,51.4750942975047],[-3.27748149987536,51.4753190304521],[-3.27748778191943,51.4755437640063],[-3.27712790269505,51.4755476876347],[-3.27676802339593,51.475551610161],[-3.27640814402208,51.4755555315852],[-3.27640186716499,51.4753307977555],[-3.27604198943675,51.4753347179821],[-3.27568211162949,51.4753386371048],[-3.2756883850503,51.4755633711274],[-3.27569465651983,51.4757881063671],[-3.27533477534084,51.4757920245773],[-3.2753410453039,51.476016759898],[-3.27534731534156,51.4762414952074],[-3.27498743092568,51.4762454125001],[-3.27499369945679,51.4764701478905],[-3.2749999680625,51.4766948832696],[-3.27500623674279,51.4769196186374],[-3.27536612590219,51.4769157010678],[-3.2753598556407,51.4766909657923],[-3.27571974314426,51.4766870472129],[-3.27572601498694,51.4769117823961],[-3.27608590399702,51.4769078626222],[-3.27644579293241,51.4769039417461],[-3.27680568179308,51.4769000197679],[-3.27716557057902,51.4768960966875],[-3.27715929241158,51.4766713618736],[-3.27715301431884,51.4764466270485],[-3.27751289986768,51.4764427030506],[-3.27750662026852,51.4762179683065],[-3.27786650416144,51.4762140432989],[-3.27822638797957,51.4762101171892],[-3.27823267074102,51.4764348517486],[-3.27859255606548,51.4764309244444],[-3.27859884048287,51.4766556589001],[-3.27895872731366,51.4766517304014],[-3.27896501338704,51.4768764647534],[-3.27860512497506,51.4768803933445],[-3.27861140954205,51.4771051277776],[-3.27861769418385,51.4773298621994],[-3.27825780253461,51.4773337898731],[-3.27789791081055,51.4773377164447],[-3.2775380190117,51.4773416419141],[-3.27753173911359,51.4771169072152],[-3.27717184882119,51.4771208314901],[-3.27717812713807,51.4773455662813],[-3.27718440552967,51.4775703010613],[-3.27754429898455,51.4775663766017],[-3.27755057903215,51.477791111278],[-3.277190683996,51.4777950358299],[-3.27683078888509,51.4777989592797],[-3.27647089369944,51.4778028816272],[-3.2764771690779,51.4780276165693],[-3.27611727223623,51.478031537907],[-3.27612354610805,51.47825627293],[-3.27576364761037,51.4782601932578],[-3.27540374903802,51.4782641124835],[-3.275043850391,51.4782680306069],[-3.27505011959345,51.4784927658956],[-3.27469021929045,51.4784966830091],[-3.27433031891283,51.4785005990204],[-3.27397041846061,51.4785045139294],[-3.27397668299357,51.4787292494837],[-3.27398294760106,51.4789539850266],[-3.2736230439115,51.478957899018],[-3.27362930701212,51.4791826346419],[-3.27398921228309,51.4791787205583],[-3.27399547703966,51.4794034560786],[-3.27400174187078,51.4796281915877],[-3.27364183343692,51.4796321058559],[-3.27363557018726,51.4794073702546],[-3.27327566326029,51.4794112833282],[-3.27291575625878,51.4794151952996],[-3.27255584918274,51.4794191061688],[-3.2721959420322,51.4794230159356],[-3.27183603480717,51.4794269246002],[-3.27182977953921,51.4792021885264],[-3.27182352434566,51.4789774524412],[-3.27181726922653,51.4787527163447],[-3.27145736667129,51.4787566236304],[-3.27109746404161,51.4787605298138],[-3.27073756133752,51.478764434895],[-3.27074381171246,51.4789891712681],[-3.27075006216174,51.4792139076299],[-3.27075631268538,51.4794386439804],[-3.27076256328337,51.4796633803196],[-3.27076881395572,51.4798881166475],[-3.27077506470242,51.4801128529642],[-3.2704151524352,51.4801167574963],[-3.27042140167472,51.4803414938938],[-3.27006148775159,51.4803453974158],[-3.26970157375408,51.4803492998355],[-3.26934165968223,51.4803532011529],[-3.26898174553605,51.4803571013679],[-3.26897550262265,51.4801323646017],[-3.26861558998369,51.4801362636222],[-3.26825567727045,51.4801401615405],[-3.26824943759432,51.4799154245787],[-3.26788952566315,51.4799193212778],[-3.26788328752297,51.4796945842135],[-3.26787704946231,51.4794698471397],[-3.26787081148116,51.4792451100564],[-3.26751089751037,51.4792490052861],[-3.26750466134406,51.4790242681526],[-3.26714474902907,51.4790281622375],[-3.26713851467757,51.4788034250539],[-3.26749842525725,51.4787995310096],[-3.26749218924991,51.4785747938571],[-3.26748595332206,51.4783500566951],[-3.26784586035162,51.4783461616281],[-3.26783962276799,51.4781214244973],[-3.26819952285665,51.4781175284777],[-3.26819328384834,51.4778927914143],[-3.26783338526387,51.477896687357],[-3.26747348170479,51.4779005823426],[-3.26747971747369,51.4781253195236],[-3.26711981209984,51.4781292134459],[-3.26675990664648,51.4781331062642],[-3.26676613902434,51.478357843517],[-3.26640623175623,51.4783617352719],[-3.26604632440865,51.4783656259228],[-3.26568641698161,51.4783695154696],[-3.26532650947515,51.4783734039124],[-3.26496660188928,51.4783772912512],[-3.26460669422402,51.478381177486],[-3.26461291626963,51.4786059149731],[-3.26425300678973,51.4786098001444],[-3.26425922717934,51.4788345376626],[-3.26426544764823,51.4790592751713],[-3.26390553461835,51.4790631593198],[-3.26391175343116,51.4792878968596],[-3.26391797232324,51.4795126343898],[-3.2635580557433,51.4795165175154],[-3.26356427297923,51.4797412550768],[-3.26320435458459,51.4797451371389],[-3.26321057016434,51.4799698747313],[-3.26285064995499,51.4799737557299],[-3.26249072966639,51.4799776356244],[-3.26213080929854,51.4799815144147],[-3.26177088885148,51.479985392101],[-3.26141096832523,51.4799892686832],[-3.26105104771982,51.4799931441613],[-3.26069112703525,51.4799970185353],[-3.26068492360351,51.4797722806591],[-3.26067872025084,51.4795475427734],[-3.26067251697722,51.4793228048781],[-3.26066631378266,51.4790980669734],[-3.26066011066716,51.4788733290592],[-3.26065390763071,51.4786485911355],[-3.2602939972793,51.4786524641624],[-3.26030019858042,51.4788772021266],[-3.25994028641459,51.4788810740899],[-3.25958037416969,51.4788849449492],[-3.25958657207915,51.4791096829849],[-3.25922665801985,51.4791135527806],[-3.25886674388152,51.4791174214722],[-3.25887293839922,51.4793421595793],[-3.25851302244651,51.4793460272073],[-3.25851921530776,51.4795707653454],[-3.25815929754066,51.4795746319098],[-3.25779937969459,51.4795784973701],[-3.25780556916393,51.4798032355796],[-3.25816548874541,51.4797993700789],[-3.25817168002907,51.4800241082384],[-3.25817787139163,51.4802488463885],[-3.25818406283309,51.4804735845291],[-3.25854398754201,51.4804697178029],[-3.25853779436506,51.4802449797028],[-3.2588977172595,51.4802411119129],[-3.25890391217194,51.4804658499726],[-3.25926383672285,51.4804619810381],[-3.25962376119473,51.4804581109996],[-3.25962995965714,51.4806828489688],[-3.25963615819855,51.4809075869285],[-3.25927623025564,51.480911457048],[-3.25928242714049,51.4811361950387],[-3.25964235681896,51.4811323248788],[-3.25964855551837,51.4813570628195],[-3.25965475429678,51.4815818007507],[-3.25929482114714,51.4815856709917],[-3.25893488791845,51.4815895401285],[-3.25894108330463,51.4818142781312],[-3.25930101826893,51.4818104089539],[-3.25930721546971,51.4820351469067],[-3.25931341274947,51.4822598848499],[-3.25967335110604,51.4822560144875],[-3.25967955020047,51.4824807523808],[-3.25968574937392,51.4827054902646],[-3.25969194862637,51.4829302281388],[-3.25933200506267,51.4829340986227],[-3.25933820265837,51.4831588365279],[-3.25897825727986,51.483162705948],[-3.25898445321878,51.4833874438843],[-3.25862450602545,51.4833913122406],[-3.25826455875312,51.4833951794927],[-3.25827075129939,51.4836199175004],[-3.25791080221226,51.4836237836887],[-3.25755085304617,51.4836276487727],[-3.257557039041,51.4838523865395],[-3.25756321421013,51.4840771232179],[-3.25720326098796,51.4840809872832],[-3.25684330767964,51.4840848502451],[-3.25648335428519,51.4840887121035],[-3.25612340080465,51.4840925728584],[-3.25576344723802,51.4840964325099],[-3.25540349358535,51.4841002910578],[-3.25504353984664,51.4841041485023],[-3.25503737831725,51.4838794113804],[-3.25467742644109,51.4838832676581],[-3.25431747447895,51.4838871228323],[-3.2543113070015,51.4836623848381],[-3.25395135704697,51.4836662388797],[-3.25394518533046,51.4834415003872],[-3.25358523703303,51.4834453532842],[-3.25357906713097,51.4832206147419],[-3.25321912049065,51.4832244664943],[-3.253212952403,51.4829997279022],[-3.25320678439396,51.4827749893006],[-3.25284684114651,51.4827788398681],[-3.2524868978204,51.4827826893314],[-3.25212695441567,51.4827865376905],[-3.25213311721744,51.483011276413],[-3.25177317199835,51.4830151237082],[-3.25141322670067,51.4830189698991],[-3.2514193861094,51.4832437086927],[-3.25105943555703,51.4832475532196],[-3.25106559330668,51.483472292052],[-3.25070563791908,51.4834761350039],[-3.25071179381488,51.4837008738476],[-3.25071794046617,51.4839256121566],[-3.25035798113375,51.4839294540397],[-3.25036411881754,51.4841541919498],[-3.25000415802387,51.4841580327699],[-3.25001029437992,51.4843827707119],[-3.24965033212498,51.4843866104692],[-3.24929036980332,51.4843904491223],[-3.24928423623629,51.4841657110976],[-3.24892427524243,51.4841695486051],[-3.24893040741493,51.4843942866712],[-3.24893653965414,51.4846190247277],[-3.24857657580452,51.4846228612137],[-3.24821661188823,51.4846266965953],[-3.24785664790527,51.4846305308728],[-3.24749668385567,51.4846343640459],[-3.24713671973945,51.4846381961148],[-3.24713059447295,51.4844134578516],[-3.24712446927306,51.4841887195788],[-3.24676450787929,51.4841925504609],[-3.24640454641893,51.4841963802387],[-3.246044584892,51.4842002089122],[-3.24568462329852,51.4842040364815],[-3.2453246616385,51.4842078629466],[-3.24496469991195,51.4842116883074],[-3.24460473811891,51.484215512564],[-3.2446108535571,51.4844402511257],[-3.24425089030303,51.4844440743193],[-3.2438909269825,51.4844478964086],[-3.24353096359552,51.4844517173937],[-3.24317100014209,51.4844555372745],[-3.24317711006854,51.4846802759916],[-3.24318322006139,51.4849050146993],[-3.24282325375242,51.4849088335582],[-3.24246328737705,51.4849126513129],[-3.2424693946471,51.4851373900935],[-3.24210942681075,51.4851412067851],[-3.24174945890803,51.4851450223724],[-3.24175556345521,51.4853697612258],[-3.24139559409152,51.48537357575],[-3.24138949093895,51.4851488368555],[-3.24102952290355,51.4851526502342],[-3.24103562466149,51.4853773891699],[-3.24067565516515,51.4853812014856],[-3.24068175559474,51.485605940453],[-3.24104172648572,51.4856021280962],[-3.24104782837624,51.4858268670129],[-3.24105393033304,51.4860516059201],[-3.24069395665272,51.4860554183592],[-3.2403339829061,51.486059229694],[-3.24032788373865,51.4858344907045],[-3.24032178463745,51.4856097517054],[-3.24031568560251,51.4853850126969],[-3.2403095866338,51.4851602736788],[-3.2399496183995,51.4851640837447],[-3.23995571597358,51.4853888228039],[-3.23996181361389,51.4856135618536],[-3.23960184252405,51.4856173708975],[-3.23959574627839,51.4853926318066],[-3.23923577651695,51.4853964397051],[-3.23887580668928,51.4854002464992],[-3.2385158367954,51.485404052189],[-3.23815586683533,51.4854078567746],[-3.23814977623438,51.4851831175098],[-3.23814368569956,51.4849583782355],[-3.23778371846255,51.4849621816346],[-3.23777762938845,51.4847374423097],[-3.23777154038046,51.4845127029753],[-3.23741157586646,51.4845165051879],[-3.23741766347987,51.4847412445634],[-3.23705769750515,51.4847450457128],[-3.23705161128631,51.4845203062963],[-3.23669164664004,51.4845241063003],[-3.23633168192766,51.4845279052001],[-3.2359717171492,51.4845317029956],[-3.23561175230467,51.4845354996869],[-3.2356178329452,51.4847602392676],[-3.23562391365173,51.4849849788388],[-3.23562999442426,51.4852097184005],[-3.23563607526278,51.4854344579527],[-3.23564215616729,51.4856591974954],[-3.23564823713781,51.4858839370286],[-3.2360082103501,51.4858801400911],[-3.23636818349631,51.4858763420494],[-3.23637426732221,51.486101081491],[-3.23673424179702,51.4860972823038],[-3.23674032708367,51.4863220216948],[-3.23710030288708,51.4863182213623],[-3.23746027862435,51.4863144199254],[-3.23782025429548,51.4863106173841],[-3.23782634383238,51.4865353566424],[-3.23818632083207,51.4865315529558],[-3.23854629776557,51.4865277481648],[-3.23890627463288,51.4865239422694],[-3.23926625143397,51.4865201352697],[-3.23962622816882,51.4865163271656],[-3.23998620483742,51.4865125179572],[-3.24034618143974,51.4865087076445],[-3.24034008213979,51.486283968674],[-3.24070005728112,51.486280157298],[-3.24106003235614,51.4862763448178],[-3.24142000736483,51.4862725312332],[-3.24177998230719,51.4862687165442],[-3.24213995718319,51.486264900751],[-3.24249993199282,51.4862610838534],[-3.24249382439095,51.4860363451204],[-3.24285379773949,51.4860325271597],[-3.24321377102163,51.4860287080947],[-3.24357374423734,51.4860248879253],[-3.24393371738661,51.4860210666516],[-3.24429369046942,51.4860172442737],[-3.24465366348575,51.4860134207913],[-3.2450136364356,51.4860095962047],[-3.24537360931892,51.4860057705138],[-3.24573358213572,51.4860019437185],[-3.24609355488598,51.485998115819],[-3.24645352756966,51.4859942868151],[-3.24681350018677,51.4859904567069],[-3.24717347273728,51.4859866254944],[-3.24753344522117,51.4859827931775],[-3.24789341763843,51.4859789597564],[-3.24789954616058,51.4862036978704],[-3.24825951990587,51.4861998633036],[-3.24861949358448,51.4861960276325],[-3.24897946719641,51.4861921908571],[-3.24933944074164,51.4861883529773],[-3.24969941422014,51.4861845139933],[-3.25005938763191,51.4861806739049],[-3.25041936097692,51.4861768327123],[-3.25042549932856,51.4864015705272],[-3.250431637747,51.4866263083325],[-3.25043777623223,51.4868510461284],[-3.25044391478426,51.4870757839147],[-3.25045005340308,51.4873005216915],[-3.25045619208869,51.4875252594588],[-3.25046233084111,51.4877499972165],[-3.25082231388256,51.4877461546297],[-3.25118229685722,51.4877423109386],[-3.25118843846607,51.487967048604],[-3.25154842560421,51.4879632025186],[-3.25190841333091,51.4879593550334],[-3.25226840097181,51.4879555064446],[-3.2526283885269,51.4879516567521],[-3.25298837599614,51.487947805956],[-3.25334836337951,51.4879439540563],[-3.25370835067698,51.487940101053],[-3.25406833788853,51.487936246946],[-3.25442832501413,51.4879323917354],[-3.25478831205375,51.4879285354211],[-3.25514829900738,51.4879246780033],[-3.25515446208521,51.4881494149403],[-3.25551445090179,51.4881455563554],[-3.25552061601467,51.4883702932188],[-3.2558806066942,51.4883664334669],[-3.25588677384217,51.4885911702566],[-3.25552678121361,51.4885950300718],[-3.25553294649861,51.4888197669146],[-3.25517295183494,51.4888236256896],[-3.25481295708524,51.4888274833608],[-3.25445296224953,51.4888313399284],[-3.25445912177336,51.489056076951],[-3.25409912490259,51.4890599324782],[-3.2541052825633,51.4892846695539],[-3.25446528138319,51.4892808139633],[-3.25447144107901,51.4895055509653],[-3.25447760086083,51.489730287957],[-3.25411759814265,51.4897341436743],[-3.25412375606129,51.4899588807191],[-3.25448376072865,51.4899550249385],[-3.25484376531001,51.4899511680542],[-3.25520376980537,51.4899473100662],[-3.25556377421469,51.4899434509745],[-3.25556994001612,51.4901681877556],[-3.25557610590363,51.4903929245265],[-3.25558227187721,51.490617661287],[-3.25594228204814,51.4906138009015],[-3.25594845005708,51.4908385375884],[-3.25595461815213,51.4910632742651],[-3.25596078633329,51.4912880109314],[-3.25596695460055,51.4915127475875],[-3.25597312295392,51.4917374842334],[-3.25561310303637,51.4917413449358],[-3.25561926952645,51.4919660816347],[-3.2559792913934,51.4919622208689],[-3.25598546351695,51.4921869574824],[-3.25634548687872,51.4921830955509],[-3.25635167235273,51.4924078320547],[-3.25671169711193,51.4924039689583],[-3.25671788412263,51.492628705391],[-3.25707791027926,51.4926248411297],[-3.25743793636619,51.4926209757645],[-3.25744412638075,51.4928457120651],[-3.25780415386509,51.492841845535],[-3.25816418127968,51.4928379779011],[-3.25852420862452,51.4928341091633],[-3.25853040311016,51.4930588452706],[-3.25889043185236,51.4930549753679],[-3.25925046052477,51.4930511043612],[-3.25924426310486,51.492826368376],[-3.25923806575471,51.4926016323805],[-3.25923186847431,51.4923768963748],[-3.25959189267556,51.4923730244474],[-3.25959809142306,51.492597760392],[-3.25995811702158,51.4925938872997],[-3.26031814255025,51.4925900131034],[-3.26067816800906,51.4925861378033],[-3.26067196486029,51.4923614020419],[-3.26103198878213,51.4923575256989],[-3.26139201263407,51.4923536482522],[-3.26175203641608,51.4923497697015],[-3.26175824396612,51.4925745052798],[-3.26176445158605,51.4927992408478],[-3.26212447823233,51.4927953610711],[-3.26213068738928,51.4930200965678],[-3.26213689661616,51.4932448320543],[-3.26214310591295,51.4934695675307],[-3.26250313689071,51.4934656864667],[-3.26250934772461,51.4936904218717],[-3.26214931527967,51.4936943029968],[-3.2621555247163,51.4939190384527],[-3.2617954907342,51.4939229185349],[-3.26180169877353,51.4941476540417],[-3.26180790688277,51.4943723895383],[-3.26216794379935,51.4943685093339],[-3.26217415344576,51.4945932447592],[-3.26253419175963,51.4945893633897],[-3.26289423000353,51.4945854809163],[-3.26290044265443,51.4948102162091],[-3.2629066553753,51.4950349514918],[-3.26326669648378,51.4950310677922],[-3.26327291074194,51.4952558030035],[-3.26327912507009,51.4954805382046],[-3.26328533946823,51.4957052733955],[-3.26292529395773,51.4957091572785],[-3.26256524837722,51.4957130400576],[-3.26257145991059,51.4959377753605],[-3.26257767151392,51.4961625106532],[-3.26221762292862,51.4961663924505],[-3.26185757427336,51.4961702731438],[-3.26149752554813,51.496174152733],[-3.26150373281913,51.4963988881989],[-3.26114368255654,51.4964027667452],[-3.26113747675297,51.4961780312183],[-3.26077742788789,51.4961819085995],[-3.26078363222403,51.4964066441875],[-3.26042358182161,51.4964105205258],[-3.26006353134931,51.49641439576],[-3.26006973282041,51.49663913146],[-3.25970968081079,51.4966430056512],[-3.25934962873133,51.4966468787385],[-3.25898957658203,51.4966507507216],[-3.25862952436292,51.4966546216008],[-3.25826947207402,51.4966584913759],[-3.25827566627756,51.4968832273708],[-3.25791561245141,51.4968870961029],[-3.2575555585555,51.4968909637309],[-3.25719550458985,51.4968948302549],[-3.25683545055448,51.4968986956748],[-3.2564753964494,51.4969025599906],[-3.25611534227465,51.4969064232024],[-3.25575528803023,51.4969102853101],[-3.25539523371616,51.4969141463138],[-3.2554014162494,51.4971388827864],[-3.25576147203097,51.4971350217218],[-3.2557676561013,51.4973597581233],[-3.2557738402412,51.4975844945146],[-3.2561338988882,51.497580632224],[-3.25614008456525,51.4978053685441],[-3.25650014461015,51.4978015050884],[-3.25650633182439,51.4980262413374],[-3.25651251910825,51.4982509775762],[-3.25687258201864,51.4982471128944],[-3.25687877083976,51.498471849062],[-3.25688495973052,51.4986965852194],[-3.25724502550646,51.4986927193116],[-3.25725121593453,51.4989174553978],[-3.25689114869093,51.4989213213666],[-3.25653108137761,51.4989251862313],[-3.25652489388486,51.4987004500231],[-3.25616482796952,51.4987043137227],[-3.25615864201404,51.4984795774433],[-3.25579857749666,51.4984834399778],[-3.25543851290963,51.4984873014081],[-3.25507844825297,51.4984911617343],[-3.25471838352668,51.4984950209564],[-3.25472456361157,51.4987197574796],[-3.25436449734804,51.4987236156585],[-3.25400443101492,51.4987274727333],[-3.25364436461224,51.4987313287039],[-3.25365054036365,51.4989560653996],[-3.25329047242375,51.498959920327],[-3.25293040441433,51.4989637741503],[-3.25257033633539,51.4989676268694],[-3.25221026818697,51.4989714784843],[-3.25185019996907,51.4989753289951],[-3.25149013168172,51.4989791784018],[-3.25113006462848,51.4989830260609],[-3.25113623000047,51.4992077632051],[-3.25077616343817,51.4992116086567],[-3.25041609679512,51.4992154530044],[-3.25042225864783,51.4994401902689],[-3.25006219012409,51.4994440335779],[-3.25006835025743,51.4996687708975],[-3.24970827985298,51.4996726131678],[-3.24934820936786,51.4996764543341],[-3.24898813880208,51.4996802943964],[-3.24862806815568,51.4996841333546],[-3.24862191522236,51.4994593957738],[-3.24826184629536,51.4994632335627],[-3.24790177728778,51.4994670702476],[-3.24789562803496,51.4992423325258],[-3.24753556074681,51.4992461680413],[-3.24754170819964,51.4994709058284],[-3.24754785573292,51.4996956436052],[-3.24755400334666,51.4999203813716],[-3.24719393057793,51.499924215979],[-3.24683385772869,51.4999280494823],[-3.24647378479896,51.4999318818816],[-3.24647992709296,51.5001566198335],[-3.24684000182276,51.500152787369],[-3.24720007647206,51.5001489538003],[-3.24756015104084,51.5001451191277],[-3.24756629881548,51.5003698568734],[-3.24757244228364,51.5005945940227],[-3.24757858247563,51.5008193307139],[-3.2475847227429,51.501044067395],[-3.24759086308543,51.5012688040659],[-3.24723077993019,51.5012726390265],[-3.24723691870013,51.5014973757468],[-3.24724305754532,51.5017221124569],[-3.24724919646576,51.5019468491569],[-3.24725533546146,51.5021715858467],[-3.24726147453241,51.5023963225264],[-3.24726761367862,51.502621059196],[-3.24727375290008,51.5028457958554],[-3.24727989219681,51.5030705325047],[-3.24763998853559,51.5030666970685],[-3.24764612955562,51.5032914336482],[-3.24800622746711,51.503287597048],[-3.24800008479904,51.5030628605278],[-3.24799394220628,51.5028381239974],[-3.24835403674637,51.5028342864119],[-3.24871413121109,51.502830447722],[-3.24907422560041,51.5028266079278],[-3.24906807813897,51.5026018715658],[-3.2494281708049,51.5025980307267],[-3.24978826339539,51.5025941887833],[-3.24979441415281,51.5028189250263],[-3.24980056498564,51.5030436612592],[-3.24980671589389,51.503268397482],[-3.25016681335295,51.5032645542556],[-3.25017296598467,51.5034892904087],[-3.25053306501631,51.5034854460185],[-3.25089316397245,51.5034816005239],[-3.25089931997575,51.5037063365478],[-3.25125942050984,51.503702489884],[-3.25126557826255,51.5039272258132],[-3.25127173609084,51.504151961733],[-3.25127789399472,51.5043766976434],[-3.25091778843853,51.5043805445585],[-3.25092394474376,51.5046052805418],[-3.25056383754704,51.5046091263341],[-3.25020373027481,51.504612971022],[-3.25020988335916,51.5048377071142],[-3.24984977436326,51.5048415507572],[-3.24985592587485,51.5050662868988],[-3.24949581515528,51.5050701294969],[-3.24913570436026,51.5050739709906],[-3.24914185265082,51.5052987072411],[-3.24878174013215,51.5053025476899],[-3.24878788684983,51.5055272839897],[-3.2484277726075,51.5055311233935],[-3.24842162753807,51.5053063870341],[-3.24806151486861,51.505310225274],[-3.24805537152275,51.505085488845],[-3.24769526042616,51.5050893259209],[-3.24768911880382,51.5048645894223],[-3.24732900928011,51.5048684253343],[-3.24732286938126,51.5046436887661],[-3.24696276143042,51.5046475235142],[-3.24696889968108,51.5048722601419],[-3.24697503800698,51.5050969967594],[-3.24661492668443,51.505100830522],[-3.24662106343734,51.5053255671888],[-3.24662720026549,51.5055503038456],[-3.24663333716886,51.5057750404921],[-3.24663947414747,51.5059997771286],[-3.24664561120131,51.5062245137549],[-3.24628549156207,51.5062283467103],[-3.2462916270428,51.5064530833859],[-3.24629776259874,51.5066778200514],[-3.2463038982299,51.5069025567068],[-3.24631003393627,51.507127293352],[-3.24667016016904,51.5071234601588],[-3.24666402281425,51.5068987235731],[-3.24702414732332,51.5068948893349],[-3.24738427175707,51.5068910539921],[-3.24737813118074,51.5066663175151],[-3.24773825389078,51.5066624811274],[-3.24809837652547,51.5066586436351],[-3.24809223272769,51.5064339072669],[-3.24845235363865,51.5064300687297],[-3.24881247447421,51.5064262290879],[-3.24880632745507,51.5062014928286],[-3.24916644656689,51.5061976521418],[-3.24916029797479,51.5059729159318],[-3.24915414945808,51.5057481797117],[-3.24951426519786,51.5057443380395],[-3.24987438086218,51.5057404952629],[-3.25023449645103,51.5057366513818],[-3.25024064991262,51.5059613874233],[-3.25060076707427,51.5059575423782],[-3.25060692225963,51.50618227835],[-3.25096704099408,51.5061784321409],[-3.25097319790324,51.506403168043],[-3.25133331853118,51.5063993204122],[-3.25169344030089,51.5063954706982],[-3.25169960061137,51.5066202064754],[-3.2520597239561,51.5066163556174],[-3.25241984722515,51.5066125036542],[-3.25242601091264,51.5068372393441],[-3.25278613575668,51.5068333862368],[-3.25279230117055,51.5070581218784],[-3.25315242758957,51.507054267627],[-3.25351255393285,51.5070504122703],[-3.25351872272388,51.5072751478247],[-3.25387885064212,51.5072712913239],[-3.25388502115964,51.5074960268299],[-3.25424515065285,51.507492169185],[-3.2542513228969,51.5077169046426],[-3.25461145396506,51.5077130458535],[-3.25460528007024,51.5074883104348],[-3.25496540941179,51.5074844505794],[-3.25532553867749,51.5074805896188],[-3.25568566786731,51.507476727553],[-3.25569184671445,51.5077014628547],[-3.25569802563746,51.5079261981471],[-3.25533789314608,51.5079300602908],[-3.25534407049414,51.5081547956127],[-3.25570420463633,51.50815093343],[-3.25571038371108,51.5083756687034],[-3.2557165628617,51.5086004039674],[-3.25607670022968,51.5085965406015],[-3.25608288105055,51.5088212758327],[-3.25572274202108,51.5088251392414],[-3.25572892073608,51.509049874656],[-3.25536877997397,51.5090537370074],[-3.25537495710849,51.5092784724599],[-3.25501481461374,51.509282333754],[-3.25502099016773,51.5095070692445],[-3.25466084594034,51.5095109294813],[-3.25430070163692,51.5095147886131],[-3.25430687395373,51.5097395241892],[-3.25466701991375,51.5097356650097],[-3.25502716579774,51.5097318047253],[-3.25503334150378,51.5099565401963],[-3.25467319396317,51.5099604005284],[-3.25431304634652,51.5099642597556],[-3.25431921881529,51.5101889953122],[-3.25395906946597,51.510192853482],[-3.25396524035406,51.5104175890765],[-3.25360508927208,51.5104214461889],[-3.25359892004066,51.5101967105467],[-3.25323877053936,51.5102005665064],[-3.25287862096211,51.510204421361],[-3.25251847130893,51.5102082751106],[-3.25252463557032,51.5104330108957],[-3.2525307999076,51.5106577466711],[-3.25253696432075,51.5108824824367],[-3.25254312880979,51.5111072181926],[-3.25254929337471,51.5113319539388],[-3.25255545801551,51.5115566896753],[-3.2525616227322,51.511781425402],[-3.25292178398258,51.511777571319],[-3.25291561760908,51.5115528356399],[-3.25327577712671,51.5115489804994],[-3.25363593656837,51.5115451242539],[-3.25399609593405,51.5115412669032],[-3.25398992466611,51.5113165313573],[-3.25398375347414,51.5110917958017],[-3.25397758235815,51.5108670602364],[-3.25433773667754,51.5108632019236],[-3.25469789092092,51.5108593425058],[-3.25505804508825,51.510855481983],[-3.25541819917951,51.510851620355],[-3.25577835319469,51.510847757622],[-3.2557721738711,51.5106230222854],[-3.25613232615346,51.510619158495],[-3.25613850713375,51.510843893784],[-3.25649866099669,51.5108400288409],[-3.25650484370982,51.5110647640724],[-3.25686499915333,51.5110608979765],[-3.25687118359933,51.5112856331505],[-3.25723134062342,51.5112817659018],[-3.25723752680233,51.5115065010184],[-3.25759768540699,51.5115026326168],[-3.25760387331887,51.5117273676759],[-3.2579640335041,51.5117234981216],[-3.25797022314898,51.5119482331232],[-3.25833038491478,51.5119443624159],[-3.2583365762927,51.51216909736],[-3.25869673963907,51.5121652255],[-3.25905690290915,51.5121613525348],[-3.25906309767702,51.5123860873735],[-3.25942326252764,51.5123822132555],[-3.25942945902867,51.5126069480367],[-3.25978962545983,51.5126030727657],[-3.25979582369405,51.5128278074894],[-3.26015599170575,51.5128239310655],[-3.26016219167322,51.5130486657317],[-3.26052236126546,51.5130447881548],[-3.2605285629662,51.5132695227634],[-3.26016839171703,51.5132734003881],[-3.25980822039148,51.5132772769076],[-3.25944804898957,51.513281152322],[-3.25945424579583,51.5135058870643],[-3.25909407266063,51.5135097614213],[-3.25873389944912,51.5135136346732],[-3.25874009301772,51.5137383695013],[-3.25837991807293,51.5137422416958],[-3.25801974305187,51.5137461127852],[-3.25765956795455,51.5137499827693],[-3.257299392781,51.5137538516483],[-3.25730557979785,51.5139785866577],[-3.25694540289108,51.5139824544793],[-3.25658522590812,51.5139863211957],[-3.25659140968709,51.5142110562908],[-3.25623123097093,51.5142149219497],[-3.25587105217862,51.5142187865035],[-3.25587723271961,51.5144435216843],[-3.25623741316898,51.5144396570829],[-3.25624359544316,51.5146643922063],[-3.25624977779345,51.5148891273199],[-3.25660996148085,51.5148852615178],[-3.25661614556439,51.515109996574],[-3.25662232972408,51.5153347316205],[-3.25662851395992,51.5155594666572],[-3.25698870254257,51.5155555996067],[-3.25734889104901,51.5155517314509],[-3.25735507867537,51.5157764663824],[-3.25771526876278,51.5157725970737],[-3.25772145812254,51.5159973319477],[-3.25736126637792,51.5160012013042],[-3.25736745415667,51.5162259362162],[-3.25772764755851,51.5162220668119],[-3.2577338370707,51.5164468016665],[-3.25737364201161,51.5164506711185],[-3.25737982994275,51.516675406011],[-3.25774002665911,51.5166715365112],[-3.25810022329923,51.5166676659062],[-3.25846041986308,51.5166637941958],[-3.25882061635063,51.5166599213802],[-3.25918081276188,51.5166560474593],[-3.25954100909679,51.5166521724331],[-3.25990120535534,51.5166482963017],[-3.2599074049637,51.51687303085],[-3.26026760280317,51.5168691535654],[-3.26062780056624,51.5168652751755],[-3.26098799825288,51.5168613956804],[-3.26099420290951,51.5170861300755],[-3.26135440217702,51.5170822494272],[-3.26171460136806,51.5170783676737],[-3.26172081074896,51.517303101577],[-3.26208101154676,51.5172992187229],[-3.26244121226546,51.5172953347615],[-3.26243499952068,51.5170706008506],[-3.2627951984822,51.5170667157812],[-3.26278898553908,51.5168419816254],[-3.26314918276677,51.5168380954985],[-3.26350937991789,51.5168342082664],[-3.26386957699241,51.516830319929],[-3.26422977399033,51.5168264304863],[-3.26422355449466,51.5166016965124],[-3.26458374975867,51.5165978060123],[-3.26458997091162,51.5168225399383],[-3.26495016775625,51.5168186482851],[-3.26495639064311,51.5170433821534],[-3.26496261507945,51.5172681160264],[-3.26532281516448,51.5172642232063],[-3.26532904236481,51.5174889570915],[-3.26533526964441,51.517713690969],[-3.26569547311519,51.5177097970636],[-3.26605567650663,51.5177059020508],[-3.26641587981872,51.5177020059306],[-3.26677608305143,51.5176981087031],[-3.26713628620474,51.5176942103682],[-3.26714252222643,51.5179189442928],[-3.26750272703287,51.5179150448615],[-3.26750896486653,51.5181397787892],[-3.26786917132609,51.5181358782615],[-3.26787541097178,51.5183606121924],[-3.26823562213251,51.5183567112875],[-3.26824186364729,51.5185814451856],[-3.26860207692407,51.5185775432394],[-3.2686083202465,51.5188022770817],[-3.26896853517224,51.5187983739839],[-3.26897478030238,51.5190231077705],[-3.26933499687708,51.5190192035212],[-3.26934124381497,51.519243937252],[-3.26934749083224,51.5194686709731],[-3.26970771078431,51.5194647655262],[-3.2697139596094,51.5196894991915],[-3.27007418121044,51.5196855925931],[-3.27008043184339,51.5199103262026],[-3.27044065509341,51.5199064184526],[-3.27044690753426,51.5201311520063],[-3.27080713243325,51.5201272431047],[-3.27116735725273,51.5201233330977],[-3.27152758199267,51.5201194219852],[-3.27188780665306,51.5201155097672],[-3.27189406608731,51.5203402431266],[-3.27153383969844,51.5203441553907],[-3.27154009748375,51.5205688887867],[-3.27117986928682,51.5205727999915],[-3.27118612542314,51.5207975334238],[-3.27082589541815,51.5208014435693],[-3.27083214990543,51.5210261770381],[-3.27047191809237,51.5210300861242],[-3.27047817093057,51.5212548196294],[-3.27011793730943,51.5212587276561],[-3.26975770360882,51.5212626345773],[-3.2697639530693,51.5214873681651],[-3.26940371756063,51.5214912740268],[-3.26940996537191,51.521716007651],[-3.2690497280552,51.5217199124534],[-3.26905597421723,51.521944646114],[-3.26869573509246,51.5219485498569],[-3.26833549588829,51.5219524524942],[-3.26834173867237,51.5221771862373],[-3.26798149766016,51.5221810878152],[-3.26798773879489,51.5224058215946],[-3.26762749879786,51.5224097219502],[-3.26726725933559,51.522413621163],[-3.26690701979387,51.5224175192683],[-3.26691325575018,51.5226422530198],[-3.26691949178589,51.5228669867637],[-3.26655924869865,51.5228708837396],[-3.266199005532,51.5228747796078],[-3.26620523818097,51.5230995133221],[-3.26584499320186,51.5231034080719],[-3.26585122419708,51.5233281417675],[-3.26621147090929,51.5233242470286],[-3.26657171754211,51.5233203511823],[-3.26656548308069,51.5230956174648],[-3.266925727901,51.5230917204999],[-3.26728597264188,51.5230878224274],[-3.2672922105695,51.5233125561668],[-3.26765245696402,51.5233086569977],[-3.26801270412703,51.5233047566156],[-3.26837295378295,51.5233008548074],[-3.26837919704311,51.5235255884923],[-3.26838544038262,51.5237503221676],[-3.2687456934168,51.5237464191616],[-3.26873944834846,51.5235216855325],[-3.26909969957442,51.523517781467],[-3.26909345285664,51.5232930478742],[-3.26945370227437,51.5232891427492],[-3.2694474539072,51.5230644091928],[-3.26980770151671,51.5230605030083],[-3.27016794904675,51.5230565957182],[-3.27017420087147,51.5232813291823],[-3.27018045277566,51.5235060626368],[-3.27018670475931,51.5237307960816],[-3.27019295682242,51.5239555295167],[-3.27055321118823,51.5239516209365],[-3.27055946505968,51.5241763543158],[-3.27056571901062,51.5244010876854],[-3.27057197304105,51.5246258210453],[-3.27057822715098,51.5248505543955],[-3.27093848835288,51.5248466445252],[-3.27094474427126,51.5250713778196],[-3.2705844813404,51.525075287736],[-3.27059073560932,51.5253000210668],[-3.27023047086996,51.5253039299238],[-3.27023672377019,51.5255286628454],[-3.26987645724144,51.5255325706034],[-3.26951619063345,51.5255364772543],[-3.26915592394625,51.525540382798],[-3.26916217245502,51.5257651146235],[-3.26916842104295,51.5259898464407],[-3.26880815083284,51.5259937508873],[-3.26844788054355,51.5259976542268],[-3.26845412576685,51.5262223860457],[-3.26809385367652,51.526226288283],[-3.2677335831572,51.5262301888726],[-3.26737331403765,51.5262340878694],[-3.26737955401031,51.5264588196892],[-3.2677398249245,51.5264549207029],[-3.26774606677338,51.5266796525256],[-3.26775230870387,51.5269043843405],[-3.26739203420033,51.5269082833055],[-3.26703175961518,51.5269121811628],[-3.26667148494846,51.5269160779125],[-3.26631121020018,51.5269199735544],[-3.26595093537037,51.5269238680887],[-3.26559066045905,51.5269277615152],[-3.26559689170285,51.5271524932587],[-3.26560312302811,51.5273772249944],[-3.26524284444584,51.527381117292],[-3.26523661491533,51.5271563855669],[-3.26487633804633,51.5271602767674],[-3.26488256578211,51.5273850084818],[-3.2648887935993,51.5276097401885],[-3.26452851305936,51.52761363026],[-3.26416823243799,51.5276175192237],[-3.26417445674702,51.5278422509013],[-3.26418068113741,51.5280669825712],[-3.26382039684504,51.5280708704059],[-3.26382661952196,51.5282956020573],[-3.26346633335337,51.5282994887736],[-3.26310604710343,51.528303374382],[-3.26274576077216,51.5283072588828],[-3.26275197814583,51.5285319904944],[-3.26239168993838,51.5285358738766],[-3.26203140164965,51.5285397561511],[-3.26203761551482,51.5287644877336],[-3.26167732534992,51.5287683688896],[-3.26168353750142,51.5289931004536],[-3.26132324546036,51.5289969804911],[-3.26132945589812,51.5292217120366],[-3.26096916198091,51.5292255909555],[-3.2609753707049,51.5294503224826],[-3.26061507491152,51.529454200283],[-3.26062128192169,51.5296789317915],[-3.26026098425214,51.5296828084733],[-3.26026718954844,51.5299075399633],[-3.26027339492587,51.5301322714456],[-3.25991309358511,51.5301361469981],[-3.25955279216321,51.5301400214428],[-3.25919249066021,51.5301438947796],[-3.25919869073357,51.5303686262218],[-3.25883838735441,51.53037249844],[-3.25883218907612,51.5301477670086],[-3.25882599087886,51.5299230355695],[-3.25846569100875,51.5299269067016],[-3.25847188741096,51.5301516381298],[-3.25811158566477,51.5301555081432],[-3.25811778035292,51.5303802395529],[-3.25812397512207,51.5306049709549],[-3.25813016997221,51.5308297023491],[-3.25849047710369,51.5308258323682],[-3.25849667382996,51.5310505637656],[-3.25850287063725,51.5312752951552],[-3.25850906752556,51.5315000265371],[-3.25886937996147,51.5314961554809],[-3.25887557872601,51.5317208868659],[-3.25923589287606,51.5317170147126],[-3.25959620694501,51.5317131414514],[-3.25960240938105,51.5319378728503],[-3.25996272516411,51.531933998492],[-3.2599689294765,51.532158729894],[-3.25960861189819,51.5321626042415],[-3.25924829423876,51.532166477481],[-3.25924209351687,51.5319417461007],[-3.25888177757159,51.5319456182432],[-3.25888797649822,51.5321703496127],[-3.2588941755059,51.5323950809745],[-3.25853385588902,51.5323989519875],[-3.25817353619108,51.5324028218926],[-3.25781321641211,51.5324066906897],[-3.25780702279027,51.5321819593604],[-3.25744670472557,51.5321858270605],[-3.25744051297997,51.5319610957343],[-3.25743432131532,51.5317363644004],[-3.25742812973162,51.5315116330587],[-3.25742193822887,51.5312869017093],[-3.25741574680707,51.5310621703522],[-3.25740955546622,51.5308374389874],[-3.25704924809176,51.5308413056448],[-3.25704305862697,51.5306165742831],[-3.25703686924311,51.5303918429136],[-3.25703067994017,51.5301671115365],[-3.25702449071815,51.5299423801516],[-3.25701830157705,51.529717648759],[-3.25701211251687,51.5294929173586],[-3.25665181583183,51.5294967829734],[-3.25664562864755,51.5292720515762],[-3.25628533367658,51.529275916094],[-3.25627914836814,51.5290511846999],[-3.25591885511124,51.5290550481208],[-3.25591267167861,51.5288303167299],[-3.25590648832682,51.5286055853313],[-3.25590030505587,51.528380853925],[-3.25589412186576,51.5281561225109],[-3.25588793875649,51.5279313910891],[-3.25552765439319,51.5279352534567],[-3.25552147315958,51.5277105220381],[-3.25516119051027,51.5277143833089],[-3.25515501115227,51.5274896518934],[-3.25479473021694,51.5274935120674],[-3.25478855273452,51.5272687806551],[-3.25442827351318,51.5272726397323],[-3.25442209790627,51.5270479083232],[-3.25406182039893,51.5270517663036],[-3.2540556466675,51.5268270348977],[-3.25404947301678,51.5266023034841],[-3.25404329944678,51.5263775720627],[-3.25440357156997,51.5263737140495],[-3.25476384361241,51.5263698549287],[-3.25512411557406,51.5263659947001],[-3.25513029452814,51.5265907261542],[-3.25513647356299,51.5268154576006],[-3.25549674903324,51.5268115962862],[-3.25550292994361,51.5270363277358],[-3.25550911093479,51.5272610591776],[-3.25586938991369,51.5272571967773],[-3.25587557278046,51.5274819282223],[-3.25588175572806,51.5277066596596],[-3.25624203821567,51.5277027961733],[-3.25624822303893,51.5279275276138],[-3.25660850724048,51.5279236630307],[-3.2566023206224,51.5276989315794],[-3.25696260294822,51.5276950658777],[-3.25732288519311,51.5276911990684],[-3.25732907540083,51.5279159305414],[-3.25733526568948,51.5281406620067],[-3.25697497985493,51.5281445287943],[-3.25698116842964,51.528369260241],[-3.25734145605906,51.5283653934642],[-3.25734764650957,51.5285901249141],[-3.25735383704102,51.5288148563562],[-3.2573600276534,51.5290395877905],[-3.25772032058658,51.5290357199385],[-3.25808061343879,51.5290318509788],[-3.25844090620998,51.5290279809112],[-3.2584347102128,51.5288032494443],[-3.25879500110803,51.5287993782582],[-3.25915529192221,51.5287955059643],[-3.25916149150924,51.5290202374528],[-3.25952178403726,51.529016364062],[-3.2595155826553,51.5287916325626],[-3.25950938135442,51.5285669010556],[-3.2595031801346,51.5283421695408],[-3.25949697899586,51.5281174380182],[-3.2591366936474,51.5281213114523],[-3.25913049438456,51.5278965799329],[-3.25912429520276,51.5276718484057],[-3.25911809610201,51.5274471168708],[-3.25875781605692,51.5274509892296],[-3.25839753593078,51.5274548604807],[-3.25803725572362,51.527458730624],[-3.25803106208821,51.5272339991139],[-3.25802486853377,51.527009267596],[-3.25766459183513,51.5270131366533],[-3.25765840015638,51.5267884051386],[-3.25765220855858,51.5265636736161],[-3.25764601704172,51.5263389420858],[-3.25800628835627,51.526335072996],[-3.2580000951257,51.5261103414472],[-3.25799390197609,51.5258856098907],[-3.25798770890745,51.5256608783264],[-3.25834797475711,51.5256570080964],[-3.2583417798883,51.5254322762566],[-3.25798151583597,51.5254361465284],[-3.25797532225968,51.5252114131457],[-3.25833558457868,51.5252075428627],[-3.25832938934793,51.524982809461],[-3.25796912876225,51.5249866797552],[-3.25796293534366,51.524761946357],[-3.25760267641239,51.5247658155547],[-3.25759648480593,51.52454108216],[-3.25759029327829,51.5243163487575],[-3.25723003773467,51.52432021687],[-3.25723622752906,51.5245449502612],[-3.25687597017336,51.5245488172549],[-3.25686978211222,51.5243240838748],[-3.25686359412986,51.524099350487],[-3.25685740622628,51.5238746170915],[-3.25685121840148,51.5236498836882],[-3.25649096789983,51.523653749619],[-3.25648478188697,51.5234290162192],[-3.25647859595286,51.5232042828118],[-3.2564724100975,51.5229795493966],[-3.25611216471647,51.5229834142534],[-3.25610598067296,51.5227586808417],[-3.2564662243209,51.5227548159736],[-3.25646003862305,51.522530082543],[-3.25645385300394,51.5223053491047],[-3.25644766746358,51.5220806156586],[-3.25644148200197,51.5218558822048],[-3.2564352966191,51.5216311487433],[-3.25679553152314,51.5216272827118],[-3.25678934448605,51.5214025492314],[-3.25678315752774,51.5211778157433],[-3.25677697064818,51.5209530822474],[-3.25677078384739,51.5207283487439],[-3.25676459712535,51.5205036152326],[-3.25640437088587,51.5205074813201],[-3.25639818597544,51.5202827478123],[-3.25603796139003,51.5202866128035],[-3.25603177829116,51.5200618792992],[-3.256025595271,51.5198371457871],[-3.25601941232954,51.5196124122674],[-3.25565919286379,51.5196162761848],[-3.2556530117338,51.5193915426685],[-3.2556468306825,51.5191668091445],[-3.25564064970987,51.5189420756128],[-3.25528043536361,51.5189459384564],[-3.25492022093866,51.5189498001927],[-3.25491404351009,51.5187250666757],[-3.25490786616017,51.518500333151],[-3.25490168888888,51.5182755996186],[-3.25454147958326,51.5182794602811],[-3.25453530412322,51.5180547267522],[-3.25417509647159,51.5180585863187],[-3.25381488874134,51.5180624447777],[-3.25380871682512,51.5178377112636],[-3.25344851074887,51.5178415686266],[-3.2534423406438,51.517616835116],[-3.25308213622157,51.5176206913829],[-3.25272193172078,51.5176245465424],[-3.25271576515937,51.5173998130467],[-3.25235556231263,51.5174036671102],[-3.25234939756225,51.517178933618],[-3.25198919636954,51.5171827865855],[-3.25162899509836,51.5171866384456],[-3.25126879374871,51.5171904891984],[-3.25090859244586,51.5171943367042],[-3.25090243437327,51.5169696015813],[-3.25054223471884,51.5169734479408],[-3.2505483910672,51.5171981830412],[-3.25018818960909,51.5172020282719],[-3.25018203498727,51.5169772931939],[-3.24982183517859,51.5169811373405],[-3.24946163529281,51.5169849803808],[-3.24910143532997,51.5169888223146],[-3.24909528567442,51.5167640864921],[-3.24873508733029,51.5167679273042],[-3.24837488890913,51.5167717670099],[-3.24836874272207,51.5165470311481],[-3.24800854591966,51.5165508697321],[-3.24800240150529,51.5163261338463],[-3.24764220632162,51.5163299713086],[-3.24763606367989,51.5161052353989],[-3.24762992111508,51.5158804994806],[-3.24726972924583,51.515884335806],[-3.2472635884536,51.5156595998637],[-3.24690339820308,51.5156634350674],[-3.24689725918337,51.5154386991013],[-3.24689112024053,51.5152139631265],[-3.24653093330436,51.5152177971933],[-3.24652479613398,51.5149930611946],[-3.24616461081652,51.5149968941398],[-3.24615847541856,51.5147721581173],[-3.24615234009741,51.5145474220861],[-3.24614620485309,51.5143226860462],[-3.24650638508389,51.5143188531468],[-3.24650024822088,51.5140941171137],[-3.24614006968558,51.5140979499978],[-3.24577989107343,51.5141017817756],[-3.24577375767822,51.5138770457033],[-3.24541358068472,51.5138808763596],[-3.24540744906177,51.5136561402634],[-3.24504727368692,51.5136599697982],[-3.24468709823529,51.5136637982267],[-3.24432692270689,51.5136676255489],[-3.24432079624704,51.5134428893984],[-3.24396062233734,51.5134467155991],[-3.24395449764963,51.5132219794248],[-3.24359432535863,51.5132258045041],[-3.243588202443,51.5130010683059],[-3.24322803177072,51.5130048922637],[-3.24322191062712,51.5127801560417],[-3.24286174157354,51.5127839788781],[-3.24285562220194,51.5125592426323],[-3.24249545476708,51.5125630643472],[-3.24248933716743,51.5123383280776],[-3.24212917135128,51.5123421486712],[-3.24212305552353,51.5121174123778],[-3.2417628913261,51.51212123185],[-3.24175677727021,51.5118964955328],[-3.2413966146915,51.5119003138836],[-3.24139050240743,51.5116755775427],[-3.24103034144743,51.5116793947721],[-3.24102423093514,51.5114546584074],[-3.24066407159386,51.5114584745155],[-3.2406579628533,51.5112337381271],[-3.24065185418919,51.51100900173],[-3.24064574560155,51.5107842653243],[-3.24100589985718,51.5107804492616],[-3.24099978965083,51.5105557128624],[-3.24135994213475,51.5105518957086],[-3.24135383030974,51.5103271593159],[-3.24171398102195,51.5103233410711],[-3.24170786757832,51.5100986046849],[-3.24170175421121,51.5098738682901],[-3.24206190145663,51.5098700489695],[-3.24205578647097,51.5096453125812],[-3.24204967156185,51.5094205761843],[-3.24240981534054,51.5094167557878],[-3.24240369881293,51.5091920193974],[-3.24276384081998,51.50918819791],[-3.2431239827504,51.5091843753165],[-3.24348412460416,51.5091805516169],[-3.24349024621686,51.5094052879617],[-3.24385038968897,51.5094014631408],[-3.24385651307336,51.5096261994619],[-3.24421665816382,51.5096223735196],[-3.24457680317756,51.5096185464713],[-3.24493694811456,51.5096147183168],[-3.24494307666081,51.5098394545835],[-3.24530322321611,51.5098356253077],[-3.24530935353418,51.5100603615506],[-3.24566950170778,51.5100565311534],[-3.2456756337977,51.5102812673724],[-3.2456817659644,51.5105060035828],[-3.24604191745142,51.510502172049],[-3.24604805139004,51.5107269082355],[-3.24640820449539,51.5107230755802],[-3.24641434020598,51.5109478117428],[-3.24642047599339,51.5111725478968],[-3.24678063241224,51.5111687141049],[-3.24678676997169,51.511393450235],[-3.24714692800888,51.5113896153216],[-3.24715306734041,51.5116143514278],[-3.24715920674881,51.5118390875253],[-3.24716534623408,51.5120638236143],[-3.24717148579622,51.5122885596946],[-3.24717762543523,51.5125132957663],[-3.24753779187191,51.5125094596702],[-3.24789795823166,51.512505622468],[-3.24790410133824,51.5127303585004],[-3.24791024452174,51.5129550945243],[-3.24827041419524,51.5129512561852],[-3.24827655915105,51.5131759921851],[-3.2482827041838,51.5134007281764],[-3.24864287717112,51.5133968887004],[-3.24900305008144,51.5133930481181],[-3.249009198582,51.5136177840701],[-3.24901534715955,51.5138425200135],[-3.24902149581409,51.5140672559482],[-3.24902764454563,51.5142919918744],[-3.24903379335416,51.5145167277919],[-3.24903994223968,51.5147414637007],[-3.2490460912022,51.5149661996009],[-3.24940627590397,51.5149623578051],[-3.24940012524589,51.5147376219202],[-3.24976030817504,51.5147337790333],[-3.24975415589843,51.5145090431551],[-3.24974800369886,51.5142843072683],[-3.24938782416077,51.5142881501245],[-3.24938167373374,51.5140634142137],[-3.24937552338373,51.5138386782943],[-3.24936937311072,51.5136139423662],[-3.24936322291473,51.5133892064295],[-3.24935707279575,51.5131644704842],[-3.24899690165787,51.5131683121574],[-3.24899075331129,51.5129435761881],[-3.24898460504169,51.5127188402102],[-3.24934477278882,51.5127149985677],[-3.24933862290087,51.5124902625965],[-3.24933247308992,51.5122655266166],[-3.24969263736934,51.5122616838985],[-3.2496864859401,51.5120369479254],[-3.24932632335597,51.5120407906282],[-3.2489661606948,51.5120446322247],[-3.24896001273314,51.5118198962123],[-3.24859985169022,51.5118237366873],[-3.24859370550079,51.5115990006509],[-3.24858755938832,51.5113742646059],[-3.24822740165889,51.5113781039441],[-3.24822125731859,51.5111533678752],[-3.24821511305521,51.5109286317976],[-3.24785495863922,51.510932469999],[-3.24784881614794,51.5107077338975],[-3.24748866335017,51.5107115709774],[-3.24748252263094,51.5104868348519],[-3.24712237145139,51.5104906708104],[-3.24676222019494,51.5104945056628],[-3.24675608294286,51.5102697694981],[-3.24639593330466,51.510273603229],[-3.24638979782451,51.5100488670405],[-3.24602964980456,51.51005269965],[-3.24602351609632,51.5098279634376],[-3.24566336969462,51.5098317949257],[-3.24565723775823,51.5096070586894],[-3.24529709297479,51.5096108890561],[-3.24529096281022,51.509386152796],[-3.24493081964503,51.5093899820414],[-3.24492469125222,51.5091652457573],[-3.2445645497053,51.5091690738814],[-3.24455842308421,51.5089443375735],[-3.24419828315555,51.5089481645762],[-3.24383814315016,51.5089519904729],[-3.24347800306809,51.5089558152634],[-3.24347188110076,51.508731078694],[-3.24311174265176,51.508734902362],[-3.24310562125598,51.508510165253],[-3.24274548438048,51.508513987757],[-3.24273936470829,51.5082892505786],[-3.24237922940628,51.5082930719187],[-3.24201909402924,51.5082968921542],[-3.24165895857717,51.5083007112851],[-3.2416528439256,51.5080759739186],[-3.24129271004707,51.5080797918856],[-3.24128659711896,51.5078550544495],[-3.24128048426577,51.5076303170033],[-3.24092035360928,51.5076341337472],[-3.24091424247948,51.5074093962316],[-3.24090813142457,51.5071846587058],[-3.24054800399007,51.5071884742265],[-3.24018787648064,51.5071922886426],[-3.24018176879749,51.5069675509881],[-3.24017566118919,51.5067428133235],[-3.23981553690171,51.5067466265165],[-3.23945541253933,51.506750438605],[-3.23944930830267,51.5065257008117],[-3.23908918551383,51.5065295117364],[-3.23872906265015,51.5065333215566],[-3.23836893971165,51.5065371302722],[-3.23836284049491,51.506312392291],[-3.23800271912999,51.5063161998429],[-3.23799662163634,51.5060914617924],[-3.23799052421741,51.5058667237317],[-3.2376304060744,51.5058705300606],[-3.2376243103785,51.5056457919306],[-3.23726419380905,51.5056495970958],[-3.23725809983613,51.5054248588964],[-3.23689798484025,51.5054286628979],[-3.23689189259026,51.5052039246293],[-3.23653177916795,51.5052077274671],[-3.23652568864085,51.5049829891291],[-3.23616557679211,51.5049867908032],[-3.2358054648687,51.5049905913729],[-3.23581155209929,51.5052153298293],[-3.23581763940445,51.5054400682756],[-3.23617775462439,51.5054362675875],[-3.23618384365243,51.5056610059645],[-3.23618993275507,51.5058857443313],[-3.23582981423852,51.5058895451378],[-3.23546969564732,51.5058933448397],[-3.23546360984132,51.5056686063545],[-3.23545752410987,51.5054438678591],[-3.23509740874067,51.5054476663382],[-3.23509132473206,51.5052229277736],[-3.23473121093654,51.5052267250891],[-3.23437109248776,51.5052305171096],[-3.23401097111886,51.5052343054245],[-3.2340048922789,51.5050095666182],[-3.23364477264596,51.5050133538051],[-3.23363869570226,51.5047886149678],[-3.23327857780529,51.5047924010268],[-3.2332725027578,51.5045676621584],[-3.2329123865968,51.5045714470896],[-3.23290631344548,51.5043467081901],[-3.2329002403742,51.5041219692817],[-3.23254012776524,51.5041257530628],[-3.23253405659006,51.5039010141234],[-3.2325279854949,51.5036762751751],[-3.23252191447977,51.503451536218],[-3.23216180723877,51.5034553188269],[-3.23215573811963,51.5032305798387],[-3.23214966908049,51.5030058408417],[-3.23178956539136,51.5030096223006],[-3.23178349824815,51.5027848832725],[-3.2317774311849,51.5025601442355],[-3.23177136420162,51.5023354051897],[-3.23141126588018,51.5023391854765],[-3.23105116747873,51.5023429646577],[-3.23104510420714,51.5021182255588],[-3.23103904101547,51.5018934864509],[-3.23103297790372,51.5016687473342],[-3.23139307085765,51.5016649682194],[-3.23138700601002,51.501440229116],[-3.23138094124233,51.5012154900037],[-3.23102085191996,51.5012192690742],[-3.23101478904795,51.5009945299308],[-3.23065470146135,51.5009983078736],[-3.23064864048498,51.5007735686993],[-3.23028855463414,51.5007773455144],[-3.22992846870337,51.5007811212239],[-3.2299224114383,51.5005563819965],[-3.22956232724333,51.5005601565784],[-3.22955627082671,51.5003354168201],[-3.22919618841646,51.5003391903048],[-3.22883610592524,51.5003429626829],[-3.22883005255372,51.5001182225785],[-3.22846997183053,51.5001219938562],[-3.22810989102641,51.5001257640275],[-3.22810384143373,51.4999010239273],[-3.22809779192189,51.4996762838193],[-3.22773771473478,51.4996800528963],[-3.2273776374668,51.4996838208668],[-3.22737159173365,51.499459080763],[-3.22701151623374,51.4994628476332],[-3.22700547243028,51.4992381075277],[-3.22699942870759,51.4990133674142],[-3.22663935682464,51.4990171331902],[-3.22627928486089,51.4990208978597],[-3.22627324491668,51.4987961577506],[-3.22591317472101,51.4987999213199],[-3.22590713670636,51.498575181209],[-3.22590109877239,51.4983504410901],[-3.22589506091911,51.4981257009634],[-3.22625512556833,51.4981219373756],[-3.22624908594696,51.4978971972348],[-3.22588902314651,51.4979009608287],[-3.22552896026531,51.4979047233162],[-3.22516889730338,51.4979084846973],[-3.22516286330896,51.497683744567],[-3.22480280211509,51.4976875048479],[-3.22480883426075,51.497912244972],[-3.22481486648703,51.4981369850882],[-3.22445480151494,51.4981407442504],[-3.2240947364622,51.4981445023062],[-3.22373467132882,51.4981482592556],[-3.22337460611484,51.4981520150985],[-3.22336858128367,51.4979272750071],[-3.22300851783789,51.4979310297499],[-3.223002494936,51.4977062896568],[-3.22264243325841,51.4977100432995],[-3.22263641228575,51.4974853032046],[-3.22263039139355,51.4972605631019],[-3.22227033333288,51.4972643156507],[-3.22191027519171,51.497268067093],[-3.22155021697005,51.4972718174291],[-3.22119015866793,51.4972755666587],[-3.22118414525097,51.4970508265731],[-3.22082408871711,51.4970545747027],[-3.22046403210284,51.4970583217259],[-3.22010397540819,51.4970620676428],[-3.22009796761762,51.496837327568],[-3.21973791269128,51.4968410723849],[-3.21973190682965,51.4966163323085],[-3.21937185367164,51.4966200760253],[-3.21936584973891,51.4963953359473],[-3.21900579834922,51.4963990785641],[-3.21899979634534,51.4961743384845],[-3.21863974672397,51.4961780800012],[-3.21864574687924,51.4964028200745],[-3.2186517471147,51.4966275601399],[-3.21829169371583,51.4966313005377],[-3.21829769218283,51.4968560405888],[-3.21793763685506,51.4968597798739],[-3.21757758119879,51.4968635170719],[-3.21757158641494,51.4966387769801],[-3.21721153251037,51.4966425130144],[-3.21721752545559,51.4968672531369],[-3.21685746963256,51.4968709880968],[-3.21685147852597,51.4966462479436],[-3.21684548749913,51.4964215077812],[-3.21648543527354,51.4964252415746],[-3.21647944616503,51.4962005013724],[-3.21683949655204,51.4961967676097],[-3.21719954685925,51.4961930327419],[-3.21719355415334,51.4959682925919],[-3.2168335056847,51.495972027429],[-3.2168275148971,51.4957472872392],[-3.21646746818719,51.4957510209405],[-3.21646147931785,51.4955262807109],[-3.21610143436668,51.4955300132765],[-3.21574138933576,51.4955337447371],[-3.21538134422511,51.4955374750926],[-3.21537536095098,51.4953127347618],[-3.21501531759912,51.4953164639817],[-3.21465527416758,51.4953201920964],[-3.21464929465004,51.4950954516952],[-3.21428925297733,51.4950991786743],[-3.21392921122498,51.4951029045484],[-3.21392323546395,51.4948781640768],[-3.21356319547045,51.4948818888152],[-3.21356916939302,51.4951066293174],[-3.21357514339512,51.4953313698104],[-3.21358111747675,51.4955561102943],[-3.21358709163791,51.495780850769],[-3.21394713898538,51.4957771259082],[-3.21430718625323,51.4957733999423],[-3.21466723344145,51.4957696728714],[-3.21467321319779,51.4959944132451],[-3.2150332621449,51.4959906850385],[-3.21539331101233,51.4959869557267],[-3.21539929452541,51.49621169603],[-3.21575934515169,51.4962079655826],[-3.21576533058301,51.4964327058461],[-3.21577131609401,51.4966574461004],[-3.21541126179052,51.4966611766092],[-3.21541724554256,51.4968859168851],[-3.21542322937425,51.4971106571518],[-3.21506317131374,51.4971143866167],[-3.2150691533864,51.4973391269049],[-3.2150751355387,51.4975638671839],[-3.2147150737211,51.497567595605],[-3.21435501182383,51.4975713229209],[-3.21399494984691,51.4975750491317],[-3.21363488779037,51.4975787742374],[-3.21362891299293,51.4973540338359],[-3.21326885269551,51.4973577578058],[-3.21290879231852,51.4973614806706],[-3.21290282127801,51.4971367401987],[-3.21254276266017,51.4971404619278],[-3.2121827039628,51.4971441825517],[-3.21217673667913,51.4969194420096],[-3.21181667974094,51.4969231614978],[-3.21181071437537,51.496698420916],[-3.21145065919635,51.4967021392685],[-3.21144469574883,51.496477398647],[-3.211084642329,51.4964811158639],[-3.21107868079947,51.4962563752027],[-3.21107271934932,51.4960316345323],[-3.21071266952726,51.496035350583],[-3.21070670999503,51.4958106098729],[-3.21106675797853,51.4958068938527],[-3.21106079668711,51.495582153164],[-3.21105483547505,51.4953574124661],[-3.21141487970207,51.4953536954019],[-3.21140891673088,51.4951289547255],[-3.21176895903998,51.4951252365867],[-3.21176299430971,51.4949004959317],[-3.21212303470088,51.4948967767184],[-3.21211706821158,51.4946720360848],[-3.21175702965885,51.4946757552674],[-3.21139699102666,51.4946794733451],[-3.21103695231503,51.4946831903177],[-3.21103099142041,51.4944584495832],[-3.2106709544678,51.4944621654202],[-3.21066499549093,51.4942374246461],[-3.21030496029732,51.4942411393476],[-3.21029900323817,51.4940163985338],[-3.2106590365934,51.4940126838628],[-3.21101906986924,51.4940089680868],[-3.21137910306568,51.4940052512058],[-3.21173913618269,51.4940015332199],[-3.21174510059534,51.4942262739115],[-3.21210513547125,51.49422255479],[-3.21209916922023,51.4939978141289],[-3.2124592021783,51.4939940939329],[-3.21246517026769,51.4942188345634],[-3.21282520498462,51.4942151132319],[-3.21318523962202,51.4942113907953],[-3.2131792678559,51.4939866502259],[-3.21353930057538,51.4939829267149],[-3.21353332705041,51.493758186167],[-3.21389335785198,51.4937544615816],[-3.21388738256822,51.4935297210551],[-3.21352735360497,51.4935334456099],[-3.21352138023903,51.4933087050436],[-3.21351540695262,51.4930839644682],[-3.21387543223931,51.4930802399746],[-3.21386945719416,51.4928554994206],[-3.21422948056301,51.4928517738527],[-3.21422350375918,51.4926270333202],[-3.21386348222855,51.4926307588575],[-3.21385750734247,51.4924060182853],[-3.21385153253593,51.4921812777038],[-3.21349151460207,51.492185002075],[-3.21348554296171,51.4919602615619],[-3.213125526776,51.491963984795],[-3.21276551051005,51.4919677069233],[-3.21275954302402,51.49174296637],[-3.21239952853714,51.4917466873624],[-3.21203951397007,51.4917504072499],[-3.21167949932284,51.4917541260325],[-3.21131948459549,51.4917578437102],[-3.21131352462662,51.4915331030241],[-3.2109535116784,51.4915368195661],[-3.21094755364883,51.49131207884],[-3.21058754247976,51.4913157942462],[-3.21058158638943,51.4910910534802],[-3.21022157699951,51.4910947677506],[-3.21021562284837,51.4908700269445],[-3.21020966877722,51.4906452861293],[-3.21020371478606,51.4904205453049],[-3.2098437108936,51.490424258378],[-3.20983775884153,51.4901995175136],[-3.20983180686943,51.48997477664],[-3.20982585497728,51.4897500357573],[-3.20946585658209,51.489753747633],[-3.20945990662894,51.4895290067104],[-3.20981990316508,51.4895252948655],[-3.20981395143284,51.4893005539644],[-3.20945395675572,51.4893042657785],[-3.20944800696243,51.4890795248375],[-3.20908801406433,51.4890832355159],[-3.20872802108628,51.4890869450896],[-3.20872207509087,51.4888622040778],[-3.20836208389188,51.4888659125158],[-3.20800209261299,51.4888696198491],[-3.20764210125423,51.4888733260775],[-3.2076480416727,51.4890980671817],[-3.20728804837511,51.4891017723361],[-3.20728210981561,51.4888770312012],[-3.20692211829718,51.48888073522],[-3.20656212669894,51.4888844381341],[-3.20655619193715,51.4886596969285],[-3.2061962021181,51.488663398707],[-3.20583621221929,51.4886670993807],[-3.20547622224076,51.4886707989497],[-3.20511623218252,51.4886744974138],[-3.20512215950845,51.4888992387423],[-3.20476216751157,51.4889029361324],[-3.20440217543504,51.4889066324177],[-3.20404218327887,51.4889103275982],[-3.20404810510746,51.4891350690096],[-3.20405402701562,51.489359810412],[-3.20369403106183,51.489363504549],[-3.20369995119052,51.4895882459729],[-3.20370587139876,51.4898129873876],[-3.20371179168656,51.4900377287931],[-3.20407179321755,51.490034034564],[-3.20407771544401,51.4902587759298],[-3.20408363775005,51.4904835172863],[-3.20408956013566,51.4907082586337],[-3.20409548260086,51.4909329999719],[-3.20373547363327,51.4909366943238],[-3.20374139431883,51.4911614356836],[-3.20410140514564,51.491157741301],[-3.20410732777,51.491382482621],[-3.20446734037641,51.4913787871029],[-3.20447326493962,51.491603528383],[-3.20483327932564,51.4915998317292],[-3.20519329363199,51.4915961339706],[-3.20555330785864,51.4915924351071],[-3.20591332200558,51.4915887351387],[-3.2059192540855,51.4918134762867],[-3.20592518624512,51.4920382174256],[-3.20628520403088,51.4920345162908],[-3.2062911392481,51.4922592574628],[-3.20665115876872,51.4922555551903],[-3.20665709681152,51.4924802963821],[-3.20701711809122,51.4924765929742],[-3.20737713929179,51.4924728884614],[-3.2077371604132,51.4924691828437],[-3.20774310404973,51.4926939239349],[-3.2073830810901,51.4926976295831],[-3.20738902296752,51.4929223706957],[-3.2077490477654,51.492918665017],[-3.2077549915602,51.49314340609],[-3.20776093543413,51.4933681471538],[-3.2074009069597,51.4933718528933],[-3.20740684907445,51.4935965939785],[-3.20741279126833,51.4938213350544],[-3.20705275903807,51.4938250397499],[-3.20704681868254,51.4936002986435],[-3.20668678821148,51.4936040022035],[-3.20668084977335,51.4933792610575],[-3.2066749114143,51.4931545199024],[-3.20631488454073,51.4931582222965],[-3.20595485758808,51.4931619235857],[-3.20594892298463,51.4929371823606],[-3.20594298846021,51.4927124411263],[-3.20558296510501,51.4927161412497],[-3.20557703249782,51.4924913999759],[-3.20521701090181,51.492495098964],[-3.20521108021182,51.4922703576506],[-3.204851060375,51.4922740555033],[-3.20449104045919,51.4922777522511],[-3.20413102046441,51.4922814478939],[-3.20413694563977,51.4925061892984],[-3.20377692372784,51.4925098838667],[-3.20378284714386,51.4927346252924],[-3.20342282331477,51.492738318786],[-3.20341690173698,51.49251357733],[-3.20305687966723,51.4925172696883],[-3.2026968575186,51.4925209609417],[-3.20269093969609,51.4922962194158],[-3.20233091930683,51.4922999095339],[-3.20232500400542,51.4920751680029],[-3.20196498534377,51.4920788569836],[-3.2019590736365,51.4918541155071],[-3.20159905675468,51.4918578033522],[-3.20159314698615,51.4916330618359],[-3.20123313215482,51.4916367485671],[-3.2012272243736,51.4914120070159],[-3.20086721432664,51.4914156928611],[-3.20086130841997,51.4911909512743],[-3.20050130009284,51.4911946359879],[-3.20014129168835,51.4911983195965],[-3.20013538945337,51.4909735779475],[-3.20049539606068,51.4909698943655],[-3.20048949210584,51.490745152734],[-3.20012948729568,51.4907488362895],[-3.20012358521527,51.4905240946225],[-3.20011768321215,51.4902993529465],[-3.20011178128631,51.4900746112614],[-3.19975178179016,51.4900782936323],[-3.19939178221671,51.4900819748982],[-3.19938588396227,51.489857233151],[-3.19902588610862,51.4898609132854],[-3.19901998972845,51.4896361715027],[-3.1986599935946,51.4896398505056],[-3.19865409908866,51.4894151086874],[-3.1982941046746,51.4894187865588],[-3.19829999738352,51.4896435284035],[-3.19794000109524,51.4896472051965],[-3.19758000472979,51.4896508808845],[-3.19757411561492,51.4894261389868],[-3.19721412096935,51.4894298135433],[-3.19720823372859,51.4892050716101],[-3.19720234656492,51.4889803296679],[-3.19719645947835,51.4887555877167],[-3.19719057246886,51.4885308457565],[-3.19683058493403,51.4885345191022],[-3.19682469979853,51.4883097771065],[-3.19646471398351,51.4883134493208],[-3.19645883072197,51.4880887072896],[-3.19609884662676,51.4880923783725],[-3.19609296523913,51.4878676363059],[-3.19573298286374,51.4878713062575],[-3.19572710334996,51.4876465641554],[-3.19572122391316,51.4874218220443],[-3.19536124505442,51.4874254908381],[-3.19500126611868,51.487429158527],[-3.19499539035247,51.487204416354],[-3.1949895146632,51.486979674172],[-3.19462953924407,51.4869833407033],[-3.19462366542849,51.4867585984858],[-3.19426369172916,51.4867622638858],[-3.19425781978724,51.486537521633],[-3.19389784780772,51.4865411859017],[-3.19390371795291,51.4867659281809],[-3.19354374409976,51.4867695913712],[-3.19318377016973,51.4867732534566],[-3.19317790361801,51.4865485111246],[-3.1935378757513,51.4865448490655],[-3.19353200747969,51.4863201067509],[-3.19317203714311,51.4863237687835],[-3.19316617074503,51.4860990264335],[-3.19280620212829,51.4861026873349],[-3.19280033760369,51.4858779449495],[-3.19279447315589,51.4856532025551],[-3.19243450805564,51.4856568622989],[-3.1924403707068,51.4858816047197],[-3.19244623343473,51.4861063471315],[-3.19208626466436,51.4861100058233],[-3.19172629581722,51.4861136634102],[-3.19173215502853,51.4863384058657],[-3.19209212567236,51.4863347482524],[-3.19209798675712,51.4865594906725],[-3.1924579591209,51.4865558319281],[-3.19246382207914,51.4867805743128],[-3.19282379616285,51.4867769144371],[-3.19282966099463,51.4870016567865],[-3.19318963679828,51.4869979957796],[-3.19319550350364,51.4872227380936],[-3.19355548102721,51.4872190759554],[-3.1939154584739,51.4872154127124],[-3.19392132884971,51.4874401549646],[-3.19356134960621,51.487443818234],[-3.19356721826206,51.4876685605036],[-3.19357308699475,51.4878933027641],[-3.19393306983193,51.487889639442],[-3.19393894043835,51.4881143816671],[-3.19394481112165,51.4883391238833],[-3.1935848246907,51.4883427872582],[-3.19359069365396,51.4885675294917],[-3.19359656269407,51.4887922717162],[-3.19323657259237,51.488795934039],[-3.19324243991237,51.4890206762809],[-3.19324830730921,51.4892454185137],[-3.19288831353668,51.4892490797843],[-3.19288244793684,51.4890243375251],[-3.19252245588447,51.4890279976644],[-3.19251659215841,51.4888032553698],[-3.19215660182618,51.4888069143778],[-3.19179661141717,51.4888105722808],[-3.19179075136179,51.4885858299245],[-3.19178489138316,51.4883610875592],[-3.19142490449125,51.4883647443046],[-3.19141904638626,51.4881400019039],[-3.19105906121451,51.4881436575181],[-3.19069907596604,51.4881473120273],[-3.19069322153153,51.487922569565],[-3.19033323800325,51.487926222943],[-3.19032738544227,51.4877014804454],[-3.18996740363418,51.4877051326922],[-3.18996155294669,51.4874803901593],[-3.18995570233581,51.4872556476173],[-3.18959572404473,51.4872592987066],[-3.18958987530726,51.4870345561294],[-3.18958402664639,51.4868098135431],[-3.1895781780621,51.4865850709478],[-3.1895723295544,51.4863603283435],[-3.18956648112329,51.4861355857302],[-3.18956063276877,51.4859108431079],[-3.18955478449083,51.4856861004765],[-3.18991475020482,51.4856824495712],[-3.18990890020683,51.4854577069571],[-3.19026886404756,51.4854540549733],[-3.19062882781162,51.4854504018846],[-3.19063468140287,51.4856751444461],[-3.19099464688689,51.4856714902263],[-3.19098879149901,51.4854467476912],[-3.1909829361878,51.485222005147],[-3.19062297429702,51.4852256593142],[-3.19061712085907,51.4850009167347],[-3.19097708095327,51.4849972625938],[-3.1909712257954,51.4847725200316],[-3.19096537071421,51.4845477774604],[-3.19095951570969,51.4843230348802],[-3.19059956100511,51.4843266889421],[-3.19060541421312,51.4845514315486],[-3.19061126749777,51.4847761741462],[-3.19025130912346,51.4847798271559],[-3.1902571606882,51.4850045697707],[-3.18989720044067,51.485008221702],[-3.18953724011651,51.4850118725285],[-3.1895430881647,51.4852366151868],[-3.18918312596734,51.4852402649348],[-3.18917727971574,51.4850155222501],[-3.18881731923838,51.485019170867],[-3.1888114748599,51.4847944281471],[-3.18880563055795,51.4845696854182],[-3.18844567359714,51.4845733328777],[-3.18843983116825,51.4843485901135],[-3.18843398881586,51.4841238473403],[-3.18879394218364,51.4841201999332],[-3.18878809811128,51.4838954571772],[-3.18842814653997,51.483899104558],[-3.18806819489213,51.4839027508341],[-3.18806235476714,51.4836780079752],[-3.18805651494018,51.4834532650745],[-3.18769656674573,51.4834569102039],[-3.18769072875486,51.4832321672743],[-3.18768489083928,51.4830074243358],[-3.18804483551221,51.4830037792465],[-3.18803899591121,51.4827790363192],[-3.18839893874807,51.4827753901451],[-3.18875888150956,51.4827717428661],[-3.18911882419566,51.4827680944821],[-3.18911297938788,51.4825433516064],[-3.18910713465549,51.4823186087219],[-3.18874719549076,51.4823222570656],[-3.1887413525944,51.4820975141521],[-3.18838141511493,51.4821011613709],[-3.18837557405456,51.4818764184285],[-3.18836973306953,51.4816516754773],[-3.18800979903594,51.481655321551],[-3.18801563826036,51.4818800645223],[-3.18765570239082,51.4818837095111],[-3.187649864927,51.4816589665198],[-3.18764402753847,51.4814342235196],[-3.18728409511481,51.4814378673634],[-3.18727825956214,51.4812131243344],[-3.18691832882375,51.4812167670533],[-3.18655839801009,51.4812204086674],[-3.18619846712119,51.4812240491766],[-3.18619263692541,51.4809993060786],[-3.18583270772184,51.4810029454629],[-3.18582687936177,51.480778202336],[-3.18582105107688,51.4805534592003],[-3.18581522286716,51.4803287160558],[-3.1858093947326,51.4801039729024],[-3.18580356667321,51.4798792297403],[-3.18544364619684,51.4798828679196],[-3.18544947249579,51.4801076111018],[-3.18545529886989,51.4803323542751],[-3.18546112531914,51.4805570974397],[-3.18546695184353,51.4807818405955],[-3.18547277844306,51.4810065837424],[-3.18511284908911,51.481010220917],[-3.18475291966001,51.4810138569869],[-3.1847587428136,51.481238600165],[-3.18439881195063,51.4812422368816],[-3.18403888133507,51.4812458739002],[-3.18367895063838,51.4812495098099],[-3.18331901986058,51.4812531446107],[-3.18331320442888,51.4810284018534],[-3.18295327551777,51.4810320356515],[-3.1825933465256,51.4810356683406],[-3.1822334174524,51.4810392999208],[-3.1818734882982,51.4810429303921],[-3.1818792959388,51.4812676727245],[-3.18223922704078,51.4812640423594],[-3.18259915806175,51.4812604108854],[-3.18295908900169,51.4812567783025],[-3.18296490256665,51.4814815209488],[-3.18297071621265,51.4817062635904],[-3.18261078137709,51.4817098959609],[-3.18261659315627,51.4819346384916],[-3.18262240501647,51.4821593810175],[-3.18262821695768,51.4823841235387],[-3.18226827619746,51.4823877544816],[-3.18227408627177,51.4826124968918],[-3.18227989642707,51.4828372392973],[-3.18191995168996,51.4828408689188],[-3.18156000687185,51.4828444974313],[-3.18155420061246,51.4826197552383],[-3.181548394434,51.4823950130405],[-3.18118845343082,51.4823986406565],[-3.18118264928121,51.4821738985603],[-3.18117684521251,51.4819491564593],[-3.18081690802418,51.4819527831789],[-3.18045697075493,51.4819564087895],[-3.1800970334048,51.4819600332912],[-3.1800912352606,51.4817352915043],[-3.18008543719723,51.4815105497126],[-3.17972550366194,51.4815141733179],[-3.17973129977747,51.4817389150033],[-3.17973709597382,51.481963656684],[-3.17974289225098,51.4821883983599],[-3.18010283162985,51.4821847750734],[-3.18010862993574,51.4824095168509],[-3.18011442832247,51.4826342586236],[-3.18012022679005,51.4828590003915],[-3.18012602533848,51.4830837421547],[-3.17976607816782,51.4830873650161],[-3.17977187484909,51.4833121066683],[-3.18013182396775,51.4833084839132],[-3.18049177300555,51.4833048600492],[-3.18085172196245,51.4833012350761],[-3.18121167083844,51.4832976089941],[-3.18121747539265,51.4835223510667],[-3.18122328002779,51.4837470931344],[-3.18158323271892,51.4837434661559],[-3.18157742613573,51.4835187239819],[-3.18193737679783,51.4835150957881],[-3.18229732737894,51.4835114664853],[-3.18230313785823,51.4837362088718],[-3.18266309030637,51.4837325785663],[-3.18266890344454,51.4839573214364],[-3.18267471694666,51.4841820644729],[-3.18268053052524,51.4844068075013],[-3.18304048834327,51.4844031761116],[-3.18304630380472,51.4846279191313],[-3.18305211934266,51.4848526621429],[-3.18341208069706,51.4848490296468],[-3.18377204197492,51.4848453960451],[-3.18377786120227,51.4850701390476],[-3.18413782421006,51.4850665043398],[-3.18414364532043,51.4852912473338],[-3.18414946650735,51.4855159903196],[-3.18415528777083,51.4857407332972],[-3.18451525612156,51.4857370974825],[-3.18452107926815,51.4859618404515],[-3.18488104816687,51.4859582046791],[-3.18488687316444,51.4861829476424],[-3.18489269823829,51.4864076905966],[-3.18489852338842,51.4866324335418],[-3.18525849728341,51.4866287968946],[-3.1852643243066,51.4868535398046],[-3.18490434861485,51.4868571764781],[-3.18491017391756,51.4870819194053],[-3.18491599929656,51.4873066623235],[-3.18492182475186,51.4875314052327],[-3.18528180583405,51.4875277684807],[-3.18528763316249,51.4877525113547],[-3.18529346056725,51.4879772542197],[-3.18565344516684,51.4879736163104],[-3.18565927444482,51.4881983591403],[-3.18601926076494,51.4881947200999],[-3.18602509191619,51.4884194628945],[-3.18603092314382,51.4886442056801],[-3.18639091298141,51.4886405654824],[-3.18639674608238,51.4888653082328],[-3.18675673764052,51.488861666904],[-3.18676257261487,51.4890864096191],[-3.18712256589356,51.4890827671591],[-3.18712840274134,51.4893075098391],[-3.18748839774057,51.4893038662479],[-3.18749423646184,51.4895286088926],[-3.18785423318161,51.4895249641702],[-3.1878600737764,51.4897497067796],[-3.18786591444767,51.48997444938],[-3.18822591468507,51.4899708035002],[-3.18823175722994,51.4901955460653],[-3.18823759985133,51.4904202886215],[-3.18859760360641,51.4904166415841],[-3.18860344810147,51.490641384105],[-3.18860929267307,51.4908661266169],[-3.18896929994589,51.490862478422],[-3.18932930714212,51.4908588291221],[-3.18933515538465,51.4910835715724],[-3.18969516430145,51.4910799211412],[-3.18970101441779,51.4913046635562],[-3.19006102505515,51.4913010119937],[-3.19006687704534,51.4915257543734],[-3.19007272911217,51.4917504967441],[-3.18971271488031,51.4917541483593],[-3.1893527005718,51.4917577988694],[-3.18935854912071,51.4919825412836],[-3.18899853293829,51.4919861907149],[-3.18863851667927,51.4919898390412],[-3.18864436207297,51.4922145815419],[-3.18865020821039,51.4924393241123],[-3.18865605442556,51.4926640666737],[-3.18901607614605,51.4926604182671],[-3.18937609778874,51.4926567687554],[-3.1897361193536,51.4926531181386],[-3.1897419711493,51.4928778606127],[-3.18974782302282,51.4931026030779],[-3.19010784817836,51.4930989513037],[-3.19011370196401,51.4933236937337],[-3.19047372887597,51.4933200408283],[-3.1904795845738,51.4935447832231],[-3.19083961324217,51.4935411291864],[-3.19119964183261,51.4935374740446],[-3.19120550127701,51.4937622163782],[-3.19156553162384,51.4937585601051],[-3.19157139298053,51.4939833024035],[-3.19193142508374,51.4939796449991],[-3.19193728835278,51.4942043872623],[-3.19194315169978,51.4944291295165],[-3.19230318739379,51.4944254709546],[-3.19230905265321,51.4946502131736],[-3.19231491799063,51.4948749553836],[-3.1926749572755,51.4948712956641],[-3.1926808245254,51.495096037839],[-3.19268669185333,51.4953207800048],[-3.19304673472913,51.4953171191277],[-3.19305260396961,51.4955418612583],[-3.19305847328814,51.4957666033799],[-3.19306434268473,51.4959913454925],[-3.1934243909861,51.4959876834317],[-3.19343026229534,51.4962124255091],[-3.19379031235318,51.4962087623168],[-3.19415036233289,51.4962050980193],[-3.19451041223443,51.4962014326165],[-3.19487046205778,51.4961977661085],[-3.19487634078358,51.496422508072],[-3.19523639236333,51.4964188404325],[-3.19559644386485,51.4964151716878],[-3.19560232633809,51.4966399135897],[-3.19596237959598,51.4966362437135],[-3.19632243277559,51.496632572732],[-3.19632831899638,51.4968573145724],[-3.19668837393232,51.4968536424593],[-3.19704842878994,51.4968499692411],[-3.19705431875836,51.4970747110199],[-3.19741437537229,51.49707103667],[-3.19742026725373,51.4972957784135],[-3.19778032562398,51.4972921029321],[-3.19814038391581,51.4972884263453],[-3.19850044212921,51.4972847486534],[-3.19850633959317,51.4975094903089],[-3.19886639956283,51.4975058114853],[-3.19887229893994,51.4977305531054],[-3.1988781983955,51.4979552947166],[-3.19923826195619,51.497951614735],[-3.19959832543836,51.4979479336481],[-3.19960422864194,51.4981726751976],[-3.19996429388037,51.498168992979],[-3.20032435904024,51.4981653096552],[-3.20033026599192,51.4983900511429],[-3.20069033290802,51.4983863666873],[-3.2010503997455,51.4983826811265],[-3.2014104679768,51.4983789945219],[-3.20141638057202,51.4986037359222],[-3.20177645267677,51.4986000482704],[-3.20178236718961,51.4988247896313],[-3.20214244105443,51.498821100844],[-3.2025025148404,51.4988174109516],[-3.20286258854751,51.498813719954],[-3.20286850865584,51.4990384612147],[-3.20322858412296,51.4990347690815],[-3.20358865951117,51.4990310758431],[-3.20358273572505,51.4988063346431],[-3.20322266217574,51.4988100278511],[-3.20321674030738,51.4985852866116],[-3.20321081851789,51.4983605453629],[-3.20357088838947,51.4983568522156],[-3.20393095818213,51.4983531579631],[-3.20429102789583,51.4983494626053],[-3.20465109753055,51.4983457661424],[-3.20501116708626,51.4983420685744],[-3.20500523618151,51.4981173274684],[-3.20499930535573,51.4978925863533],[-3.20499337460893,51.497667845229],[-3.20535343856923,51.497664146647],[-3.20534750606265,51.497439405544],[-3.20570756810515,51.4974357058871],[-3.20606763006858,51.4974320051251],[-3.20642769195292,51.497428303258],[-3.20678775375813,51.4974246002858],[-3.20714781548421,51.4974208962083],[-3.20750787713112,51.4974171910258],[-3.20786793869884,51.4974134847381],[-3.20822800018734,51.4974097773452],[-3.20858806159661,51.4974060688473],[-3.20894812292661,51.4974023592441],[-3.20894217211185,51.4971776184364],[-3.20930223152385,51.4971739077586],[-3.20930818417733,51.4973986485359],[-3.20966824534874,51.4973949367225],[-3.21002830644081,51.4973912238039],[-3.21038836745353,51.4973875097802],[-3.21039432570245,51.4976122504568],[-3.21075438847452,51.4976085352974],[-3.21111445116718,51.4976048190329],[-3.2114745137804,51.4976011016633],[-3.21148047762491,51.4978258422391],[-3.21184054199743,51.4978221237337],[-3.21220060629047,51.4978184041232],[-3.21220657389192,51.4980431446288],[-3.21256663994422,51.4980394238826],[-3.21257260946392,51.4982641643484],[-3.21293267727548,51.4982604424664],[-3.2132927450075,51.4982567194793],[-3.21329871828429,51.4984814598748],[-3.21330469164061,51.4987062002611],[-3.21294462023095,51.4987099233094],[-3.21295059182793,51.4989346637172],[-3.21331066507646,51.4989309406383],[-3.2136707382454,51.4989272164542],[-3.21367671359965,51.4991519567916],[-3.21368268903345,51.4993766971199],[-3.21368866454681,51.4996014374391],[-3.21404874315286,51.499597712058],[-3.21405472058472,51.4998224523373],[-3.21406069809616,51.5000471926076],[-3.21406667568718,51.5002719328686],[-3.21407265328886,51.500496673122],[-3.21407863050438,51.5007214133761],[-3.21408460779897,51.5009461536213],[-3.21444469733488,51.5009424269606],[-3.21443871821705,51.5007176867416],[-3.2144327391783,51.5004929465135],[-3.21442675973052,51.5002682062904],[-3.2147868436942,51.500264478607],[-3.21478086242518,51.5000397384072],[-3.21477488123579,51.4998149981982],[-3.21513496144182,51.4998112694708],[-3.21512897849311,51.4995865292833],[-3.21512299562404,51.4993617890866],[-3.21548307207249,51.4993580593153],[-3.2158431484412,51.4993543284387],[-3.21584913498811,51.4995790685741],[-3.216209213116,51.4995753365616],[-3.21620322473017,51.4993505964569],[-3.21656330093935,51.4993468633699],[-3.21655731079435,51.4991221232868],[-3.21691738508484,51.4991183891253],[-3.2172774592955,51.4991146538585],[-3.21763753342632,51.4991109174866],[-3.21764352908801,51.4993356574777],[-3.21800360494729,51.4993319198433],[-3.21836368061188,51.4993281806279],[-3.21872375619621,51.4993244403061],[-3.21908383170026,51.4993206988779],[-3.21908983482737,51.4995454388465],[-3.21944991210006,51.4995416963182],[-3.21980998929242,51.4995379526834],[-3.22017006640443,51.4995342079421],[-3.22053014343607,51.4995304620944],[-3.22089022038731,51.4995267151402],[-3.22125029725812,51.4995229670796],[-3.22161037404848,51.4995192179126],[-3.22197045075837,51.4995154676391],[-3.22233052738776,51.4995117162591],[-3.22232450762025,51.499286976234],[-3.2226845823202,51.4992832237413],[-3.22267856078424,51.499058483702],[-3.22267253932875,51.4988337436547],[-3.22303261025038,51.4988299900432],[-3.22339268109143,51.4988262353252],[-3.2237527518519,51.4988224795009],[-3.22411282253176,51.4988187225701],[-3.22411885138275,51.4990434626422],[-3.22447892383084,51.4990397046112],[-3.22483899619827,51.4990359454738],[-3.22484502882762,51.4992606855504],[-3.22520510296326,51.4992569253127],[-3.22521113752214,51.4994816653875],[-3.22557121342599,51.4994779040495],[-3.22593128924909,51.4994741416051],[-3.2259373275865,51.4996988816844],[-3.22629740517778,51.4996951181397],[-3.22630344544484,51.4999198582171],[-3.22666352480429,51.4999160935721],[-3.22666956700105,51.5001408336478],[-3.22702964812867,51.5001370679024],[-3.22738972917545,51.5001333010506],[-3.22739577515097,51.5003580411306],[-3.22775585796589,51.5003542731784],[-3.22776190507073,51.5005790129047],[-3.22776795144156,51.5008037522647],[-3.2277739978921,51.5010284916158],[-3.22778004442233,51.501253230958],[-3.22741995430122,51.5012569989728],[-3.22742599909537,51.5014817383282],[-3.22743204396921,51.5017064776747],[-3.22779213772191,51.5017027096158],[-3.22779818449126,51.5019274489314],[-3.22815827998002,51.5019236797449],[-3.22851837538898,51.5019199094527],[-3.22852442586974,51.5021446487153],[-3.22888452301473,51.5021408772955],[-3.22889057539111,51.5023656165271],[-3.22889662784728,51.5025903557499],[-3.22925672854419,51.5025865831803],[-3.22926278289606,51.5028113223721],[-3.22890268038323,51.5028150949639],[-3.22890873299896,51.5030398341689],[-3.22926883732773,51.5030360615551],[-3.22962894157663,51.5030322878357],[-3.22962288532902,51.5028075486748],[-3.22998298768208,51.5028037738718],[-3.22998904574563,51.5030285130106],[-3.22999510388903,51.5032532521405],[-3.23035520979407,51.5032494761876],[-3.23036126983332,51.5034742152865],[-3.23036732995244,51.5036989543766],[-3.23037339015144,51.5039236934577],[-3.23001327879838,51.5039274694769],[-3.22965316736539,51.5039312443905],[-3.22965922401217,51.504155983507],[-3.22966528073879,51.5043807226147],[-3.23002539580391,51.5043769476569],[-3.23003145442647,51.5046016867336],[-3.23039157122776,51.504597910648],[-3.23039763174631,51.5048226496937],[-3.23075775028377,51.5048188724803],[-3.23076381269835,51.5050436114951],[-3.23076987519285,51.5052683505009],[-3.23112999728264,51.5052645721375],[-3.23113606167324,51.5054893111123],[-3.23149618549922,51.5054855316211],[-3.23150225178598,51.5057102705649],[-3.23186237734814,51.5057064899458],[-3.23186844553109,51.5059312288586],[-3.23187451379404,51.5061559677625],[-3.23223464290864,51.5061521859933],[-3.23224071306785,51.5063769248662],[-3.23260084391864,51.506373141969],[-3.23296097468934,51.5063693579661],[-3.23295490089757,51.5061446191376],[-3.23331502977185,51.5061408340511],[-3.2333211053799,51.5063655728574],[-3.23332718106803,51.5065903116549],[-3.23333325683625,51.5068150504435],[-3.23333933268455,51.5070397892232],[-3.23334540861295,51.5072645279941],[-3.23298527065705,51.5072683131915],[-3.23299134484915,51.5074930519757],[-3.23299741912131,51.507717790751],[-3.23300349347354,51.5079425295175],[-3.23300956790585,51.5081672682751],[-3.23301564241823,51.5083920070238],[-3.23302171701068,51.5086167457636],[-3.23338186586529,51.508612960433],[-3.23374201463973,51.5086091739965],[-3.23410216333399,51.5086053864542],[-3.23446231194802,51.508601597806],[-3.23446839356488,51.5088263362442],[-3.23447447282827,51.5090510731317],[-3.23411432070358,51.5090548618698],[-3.23375416850371,51.5090586495042],[-3.23374809257566,51.5088339124403],[-3.23338794196829,51.5088376988828],[-3.23339401622867,51.5090624360351],[-3.23340009056413,51.5092871731762],[-3.23340616497469,51.5095119103062],[-3.23376632058514,51.5095081235989],[-3.23376024450687,51.5092833865571],[-3.23412039837443,51.5092795988344],[-3.23448055216681,51.5092758100081],[-3.23448663158051,51.5095005468734],[-3.23484677993303,51.5094967518282],[-3.23520692523939,51.5094929535542],[-3.23556707046957,51.5094891541741],[-3.23557315486746,51.5097138908423],[-3.23593330171652,51.509710090341],[-3.23629344848936,51.5097062887336],[-3.2362995363536,51.5099310253633],[-3.23665968474529,51.5099272226347],[-3.23701983306072,51.5099234188],[-3.23702592439139,51.5101481553909],[-3.23738607432565,51.510144350435],[-3.2377462241836,51.510140544373],[-3.23775231898079,51.5103652809253],[-3.23811247045755,51.510361473742],[-3.23847262185795,51.5103576654526],[-3.23847872012173,51.5105824019662],[-3.23883887314092,51.5105785925555],[-3.23884497317621,51.5108033290453],[-3.23885107328786,51.5110280655265],[-3.23885717347586,51.5112528019991],[-3.23849701537107,51.5112566114549],[-3.23850311394018,51.5114813479339],[-3.23814295406376,51.5114851562986],[-3.23814905101394,51.5117098927841],[-3.23815514804042,51.5119346292609],[-3.23779498469708,51.5119384365495],[-3.23780108010456,51.5121631730328],[-3.23744091498956,51.5121669792302],[-3.23744700877799,51.5123917157199],[-3.23780717558833,51.5123879095074],[-3.23816734232233,51.5123841021887],[-3.23817343957776,51.5126088386396],[-3.23817953690951,51.5128335750819],[-3.23818563431758,51.5130583115156],[-3.23782546249743,51.5130621188795],[-3.23783155828639,51.5132868553196],[-3.23747138469447,51.5132906615922],[-3.23747747886428,51.5135153980388],[-3.23711730350058,51.5135192032202],[-3.23712339605119,51.5137439396731],[-3.23712948867807,51.5139686761175],[-3.2371355813812,51.5141934125532],[-3.2367754008547,51.5141972166734],[-3.23678149193855,51.5144219531155],[-3.23678758309864,51.514646689549],[-3.23714776701624,51.5146428853987],[-3.23715385994816,51.5148676218085],[-3.23715995295634,51.5150923582097],[-3.23716604604078,51.5153170946022],[-3.2371721392015,51.5155418309862],[-3.23753232982526,51.5155380256694],[-3.23753842475791,51.5157627620296],[-3.23789861700101,51.5157589555914],[-3.23825880916774,51.5157551480469],[-3.23826490756807,51.5159798843684],[-3.23790471370565,51.515983691928],[-3.2379108104866,51.516208428256],[-3.2375506148521,51.5162122347243],[-3.23755671001363,51.5164369710587],[-3.23791690734387,51.5164331645754],[-3.23827710459775,51.5164293569856],[-3.23863730177524,51.5164255482895],[-3.23899749887631,51.516421738487],[-3.23935769590095,51.5164179275781],[-3.23936379961757,51.5166426638285],[-3.23900360089717,51.5166464747525],[-3.23900970299442,51.5168712110094],[-3.23901580516806,51.5170959472577],[-3.23902190512793,51.5173206816437],[-3.23902800472266,51.5175454156621],[-3.23938821039569,51.5175416047149],[-3.2393943118326,51.5177663387094],[-3.23975451919038,51.5177625266405],[-3.2397606224695,51.5179872606111],[-3.23976672582735,51.5182119945731],[-3.24012693663342,51.5182081813672],[-3.24012083151204,51.5179834474205],[-3.24048104047578,51.5179796331235],[-3.24084124936072,51.51797581772],[-3.24120145816683,51.51797200121],[-3.24119534783366,51.5177472673005],[-3.24155555479741,51.5177434496995],[-3.24156166689408,51.5179681835936],[-3.24192187554245,51.5179643648708],[-3.24228208411192,51.5179605450416],[-3.24228819981449,51.5181852788964],[-3.24229431559595,51.5184100127427],[-3.2419341034994,51.5184138326026],[-3.24157389132395,51.518417651356],[-3.24121367906961,51.518421469003],[-3.24085346673642,51.5184252855436],[-3.2404932543244,51.5184291009777],[-3.24013304183356,51.5184329153053],[-3.24013914711245,51.5186576492348],[-3.23977893277924,51.5186614624712],[-3.23941871836727,51.5186652746012],[-3.23905850387655,51.5186690856247],[-3.2386982893071,51.5186728955418],[-3.23869219108254,51.5184481615513],[-3.23833197819799,51.5184519703466],[-3.23832588181566,51.5182272363323],[-3.23796567061599,51.5182310440059],[-3.23795957607584,51.5180063099677],[-3.23759936656106,51.5180101165197],[-3.23759327386304,51.5177853824576],[-3.23723306603316,51.5177891878879],[-3.23722697517723,51.5175644538019],[-3.23686676903225,51.5175682581106],[-3.23686068001836,51.5173435240008],[-3.23685459089179,51.5171187897478],[-3.23684849889298,51.5168940534092],[-3.23648829794221,51.5168978566034],[-3.23648220771544,51.5166731202412],[-3.2364761175649,51.5164483838703],[-3.2361159199294,51.5164521859281],[-3.23610983155084,51.5162274495336],[-3.23610374324848,51.5160027131304],[-3.23609765502232,51.5157779767187],[-3.23573746239773,51.515781777625],[-3.23573137594346,51.5155570411897],[-3.23609156687237,51.5155532402983],[-3.23608547879862,51.5153285038693],[-3.23607939080107,51.5151037674317],[-3.23571920326345,51.515107568293],[-3.23571311703771,51.5148828318318],[-3.23570703088814,51.5146580953619],[-3.23570094481475,51.5144333588834],[-3.23534076228767,51.5144371585934],[-3.235334677986,51.5142124220913],[-3.23532859376048,51.5139876855805],[-3.23532250961111,51.5137629490611],[-3.23531642553788,51.5135382125331],[-3.23495624971666,51.5135420110769],[-3.2349623320944,51.5137667476199],[-3.23496841454827,51.5139914841542],[-3.23497449707827,51.51421622068],[-3.23461431609435,51.5142200181623],[-3.23462039700493,51.5144447546944],[-3.23426020554329,51.5144485459593],[-3.23390001331278,51.5144523357119],[-3.23353982100708,51.5144561243605],[-3.2331796286262,51.5144599119054],[-3.23318570309594,51.5146846488685],[-3.23282550897169,51.5146884353977],[-3.23283158184829,51.514913172438],[-3.23319177764078,51.5149093858206],[-3.23319785226072,51.5151341227615],[-3.23320392695575,51.5153588596914],[-3.23321000172589,51.5155835966102],[-3.23357020244809,51.5155798086241],[-3.23357627896166,51.5158045454435],[-3.233936481277,51.5158007562653],[-3.23394255953405,51.5160254929853],[-3.23430276344253,51.5160217026149],[-3.23466296550998,51.5160179101775],[-3.23466904702944,51.5162426466406],[-3.2350292432741,51.5162388490234],[-3.23503532656543,51.5164635854629],[-3.23539552442964,51.5164597867244],[-3.23540160949288,51.5166845231402],[-3.23540769463227,51.5169092595475],[-3.2350474933765,51.516913058316],[-3.23505357681459,51.5171377946777],[-3.23469337372542,51.5171415923176],[-3.23433316399575,51.5171453854821],[-3.23397295169036,51.5171491762588],[-3.23361273931181,51.5171529659323],[-3.23361881294997,51.5173777005302],[-3.23325859889041,51.5173814892135],[-3.23326467099376,51.5176062239123],[-3.23327074317019,51.5178309585993],[-3.23327681541969,51.5180556932743],[-3.23328288774227,51.5182804279373],[-3.23364310823359,51.5182766388026],[-3.23364918223723,51.5185013733409],[-3.23365525631398,51.5187261078673],[-3.23329503260666,51.5187298972277],[-3.23293480882623,51.518733685485],[-3.23294087976001,51.5189584202252],[-3.23258065429844,51.5189622074922],[-3.23258672369722,51.5191869423333],[-3.23222649655451,51.5191907286099],[-3.23186626933874,51.5191945137833],[-3.23186020315608,51.5189697787165],[-3.23185413704641,51.5187450436378],[-3.2314939129737,51.5187488274823],[-3.23149997747533,51.5189735626739],[-3.23113975172156,51.5189773455281],[-3.2307795258948,51.518981127279],[-3.23077346460925,51.5187563918619],[-3.23041324031755,51.5187601723968],[-3.23041929999506,51.5189849079268],[-3.23042535974547,51.5192096434448],[-3.2304314195688,51.519434378951],[-3.23079164868469,51.5194305980776],[-3.2311518777276,51.519426816101],[-3.23115794084005,51.5196515513696],[-3.23151817141807,51.519647768177],[-3.2315242362116,51.5198725033209],[-3.23188446832472,51.5198687189122],[-3.23189053479938,51.5200934539313],[-3.23189660134704,51.5203181889385],[-3.23225683660343,51.5203144032009],[-3.23261707178675,51.52031061636],[-3.23261100202276,51.5200858815785],[-3.2322507684476,51.5200896683065],[-3.2322447003648,51.5198649334002],[-3.23260493233181,51.5198611467851],[-3.23259886271391,51.5196364119797],[-3.23295909299971,51.5196326243742],[-3.23331932321241,51.5196288356655],[-3.23367955335199,51.5196250458535],[-3.23403978341843,51.5196212549383],[-3.23440001341169,51.5196174629199],[-3.23440609107019,51.5198421971609],[-3.23441216880184,51.5200669313899],[-3.23441824660664,51.520291665607],[-3.2344243244846,51.5205163998122],[-3.23406408805873,51.5205201922822],[-3.2337038515597,51.5205239836489],[-3.23334361498752,51.5205277739124],[-3.23298337834221,51.5205315630726],[-3.23262314162379,51.5205353511296],[-3.23262921153388,51.5207600858873],[-3.2329894498605,51.5207562977174],[-3.23299552145187,51.5209810323503],[-3.2330015931163,51.5212057669713],[-3.23336183458629,51.5212019774725],[-3.23372207598315,51.5211981868703],[-3.23371600110222,51.5209734524751],[-3.23407624081768,51.5209696608826],[-3.23407016440164,51.5207449265884],[-3.2344304024357,51.5207411340055],[-3.23479063680808,51.5207373386331],[-3.23515086811538,51.5207335407508],[-3.23551109934421,51.520729741762],[-3.23587133049453,51.5207259416666],[-3.23587741539522,51.5209506756925],[-3.23623764823083,51.5209468744754],[-3.23659788098789,51.5209430721517],[-3.23660396949477,51.5211678061386],[-3.2369642039371,51.5211640026932],[-3.23732443830083,51.5211601981412],[-3.23768467258594,51.5211563924826],[-3.23769076646295,51.5213811264152],[-3.23805100243328,51.5213773196349],[-3.23805709815279,51.5216020535437],[-3.23806319395094,51.5218267874438],[-3.23842343337039,51.5218229795264],[-3.2384295310111,51.5220477134027],[-3.23843562873047,51.5222724472703],[-3.23844172652851,51.5224971811293],[-3.23844782440521,51.5227219149797],[-3.23880807080182,51.5227181058947],[-3.2391683171197,51.5227142957031],[-3.23917441860311,51.5229390295144],[-3.23953466660626,51.5229352182009],[-3.23989491453065,51.5229314057808],[-3.24025516237624,51.5229275922541],[-3.24024905560079,51.5227028584887],[-3.24060930160355,51.5226990438706],[-3.24061541014302,51.5229237776207],[-3.24062151876129,51.5231485113622],[-3.24062762745837,51.5233732450951],[-3.24026737616349,51.523377059759],[-3.24027348317529,51.5236017934986],[-3.24027959026588,51.5238265272295],[-3.24028569743525,51.5240512609517],[-3.2402918046834,51.5242759946654],[-3.24065206303474,51.5242721799403],[-3.24064595402244,51.5240474462419],[-3.24100621053078,51.5240436304255],[-3.24100009983316,51.5238188967338],[-3.24099398921437,51.5235941630335],[-3.2409878786744,51.5233694293245],[-3.24098176821327,51.5231446956069],[-3.24134201758638,51.523140878745],[-3.24133590544004,51.5229161450341],[-3.24132979337254,51.5226914113145],[-3.24169003913872,51.5226875933766],[-3.242050284826,51.522683774332],[-3.24205640042151,51.5229085080209],[-3.24241664779387,51.5229046878543],[-3.2424227652323,51.5231294215193],[-3.24278301428973,51.5231256002308],[-3.24278913357114,51.5233503338717],[-3.24314938431364,51.5233465114612],[-3.24315550543807,51.5235712450782],[-3.24316162664146,51.5237959786866],[-3.24352188083313,51.5237921551387],[-3.24388213494577,51.5237883304842],[-3.24388825975636,51.5240130640531],[-3.24424851555407,51.5240092382765],[-3.2446087712727,51.5240054113933],[-3.24461489969059,51.5242301449229],[-3.24462102818754,51.5244548784438],[-3.24462715676355,51.5246796119561],[-3.24498741769556,51.52467578392],[-3.24534767854844,51.5246719547772],[-3.24570793932218,51.5246681245277],[-3.24571407326987,51.5248928579851],[-3.24572020729669,51.525117591434],[-3.24572634140265,51.5253423248742],[-3.24573247472618,51.5255670575761],[-3.2453722068609,51.525570887866],[-3.24501193891631,51.5255747170497],[-3.24501806775113,51.5257994489275],[-3.24465779795777,51.5258032770331],[-3.24465167089241,51.5255785451271],[-3.24429140278925,51.5255823720982],[-3.24393113460684,51.525586197963],[-3.24357086634519,51.5255900227215],[-3.24356474381737,51.5253652900478],[-3.24392501027931,51.5253614652857],[-3.2439188849946,51.5251367317685],[-3.24391275978891,51.5249119982427],[-3.24390663466225,51.5246872647083],[-3.24426689575244,51.5246834388855],[-3.24426076894061,51.5244587053579],[-3.24425464220782,51.5242339718215],[-3.24389438464597,51.5242377976135],[-3.24353412700508,51.5242416222987],[-3.24354025020954,51.5244663558658],[-3.243546373493,51.5246910894243],[-3.24318611224472,51.5246949130336],[-3.24282585091744,51.5246987355362],[-3.24246558951116,51.5247025569321],[-3.24247170758099,51.524927290528],[-3.24211144433154,51.5249311108325],[-3.24175118100314,51.5249349300303],[-3.24139091759583,51.5249387481214],[-3.24103065410962,51.5249425651058],[-3.24103676520142,51.5251672987544],[-3.24139703045187,51.5251634817547],[-3.24140314338677,51.5253882153792],[-3.24104287637206,51.5253920323943],[-3.24068260927847,51.5253958483025],[-3.24032234210603,51.5253996631041],[-3.24032844842898,51.5256243957647],[-3.24033455426061,51.5258491280078],[-3.24069482500375,51.5258453131779],[-3.24068871740264,51.5256205809628],[-3.24104898629727,51.5256167650547],[-3.24140925511286,51.5256129480403],[-3.24176952384938,51.5256091299196],[-3.24177563675894,51.5258338620504],[-3.24213590718585,51.5258300427953],[-3.24212979250682,51.5256053106926],[-3.24249006108514,51.5256014903593],[-3.24249617753365,51.5258262224339],[-3.24250229406128,51.5260509544996],[-3.24250841066802,51.5262756865561],[-3.24214813678119,51.5262795069737],[-3.24178786281525,51.526283326285],[-3.24178174974756,51.5260585941722],[-3.24142147747205,51.5260624123491],[-3.24142758877021,51.5262871444899],[-3.24106731464611,51.5262909615885],[-3.24107342425376,51.5265156937483],[-3.24071314828106,51.5265195097687],[-3.24035287222933,51.5265233246827],[-3.24034676616078,51.5262985924668],[-3.2399864917996,51.5263024062464],[-3.23998038757956,51.5260776739934],[-3.23997428343847,51.5258529417313],[-3.23961401253736,51.5258567543486],[-3.23962011490893,51.5260814866387],[-3.23962621735944,51.5263062189197],[-3.23926594284032,51.5263100304867],[-3.23890566824227,51.5263138409474],[-3.23889956933084,51.5260891086103],[-3.23889347049829,51.5258643762641],[-3.23925374155729,51.5258605658595],[-3.23924764103413,51.5256358335323],[-3.2396079102447,51.5256320220494],[-3.23996817937633,51.5256282094602],[-3.23996207485475,51.5254034767989],[-3.23960180752467,51.525407289387],[-3.23959570341109,51.525182555686],[-3.23995596897691,51.5251787431131],[-3.23994986317784,51.5249540094188],[-3.23958959937627,51.5249578219763],[-3.23922933549592,51.5249616334271],[-3.2388690715368,51.5249654437712],[-3.23850880749895,51.5249692530086],[-3.23850270883555,51.5247445192446],[-3.23814244648322,51.52474832736],[-3.23814854338239,51.5249730611393],[-3.23778827918714,51.5249768681633],[-3.23779437440071,51.5252016019492],[-3.23743410836254,51.5252054078816],[-3.23707384224571,51.5252092127074],[-3.23671357605027,51.5252130164264],[-3.23671966604964,51.5254377502493],[-3.23672575435134,51.5256624829361],[-3.23636548450997,51.5256662855686],[-3.23637157087717,51.5258910181197],[-3.23673184248804,51.5258872154592],[-3.23673793070348,51.5261119479733],[-3.23637765732309,51.5261157506617],[-3.23601738386394,51.5261195522437],[-3.23565711032608,51.5261233527194],[-3.23529683670951,51.5261271520888],[-3.23529075557216,51.525902419463],[-3.23493048364644,51.5259062176982],[-3.23457021143212,51.5259100147639],[-3.23420993620211,51.5259138098398],[-3.23421601216514,51.5261385426107],[-3.23422208820414,51.5263632753711],[-3.23386180951375,51.5263670694845],[-3.23385573516695,51.526142336653],[-3.23349545809278,51.5261461295904],[-3.23350153074737,51.526370862493],[-3.23314125190503,51.5263746543967],[-3.23314732294332,51.52659938736],[-3.23278704233281,51.5266031782298],[-3.23279311175477,51.5268279112537],[-3.23279918125262,51.5270526442671],[-3.23315946524766,51.527048853255],[-3.2331655365137,51.5272735861867],[-3.23352582212509,51.5272697939985],[-3.23353189515937,51.5274945268486],[-3.23353796826958,51.5277192596882],[-3.23389825718966,51.5277154662529],[-3.23425854603375,51.5277116717126],[-3.23425246953886,51.5274869390153],[-3.23461275648086,51.5274831434082],[-3.23461883462943,51.5277078760264],[-3.23462491285661,51.5279326086356],[-3.23426462260463,51.5279364043993],[-3.23390433206818,51.5279401990108],[-3.23391040702267,51.5281649317582],[-3.23427069925149,51.5281611370756],[-3.23427677597435,51.5283858697413],[-3.23428285277319,51.5286106023965],[-3.23428892964803,51.5288353350412],[-3.23392863234192,51.5288391299373],[-3.23393470760028,51.5290638626426],[-3.23357440852571,51.5290676565048],[-3.23358048216754,51.5292923892707],[-3.23322018132449,51.5292961820991],[-3.23285988040549,51.5292999738224],[-3.23286595073824,51.5295247067201],[-3.23250564805078,51.5295284974096],[-3.2325117167669,51.5297532303679],[-3.23215141231098,51.5297570200234],[-3.23215747941042,51.5299817530423],[-3.23179717318604,51.529985541664],[-3.23180323866876,51.5302102747435],[-3.23144293067591,51.5302140623312],[-3.23144899454186,51.5304387954712],[-3.23108868478055,51.530442582025],[-3.23109474702969,51.5306673152256],[-3.23073443549991,51.5306711007454],[-3.23037412389432,51.5306748851602],[-3.23038018283394,51.5308996184924],[-3.2300198694599,51.5309034018732],[-3.23002592678259,51.531128135266],[-3.22966561164009,51.5311319176127],[-3.22967166734582,51.5313566510661],[-3.22931135043486,51.5313604323788],[-3.22895103344818,51.5313642125864],[-3.22895708584416,51.5315889461713],[-3.22859676708903,51.5315927253448],[-3.22823644825822,51.5315965034133],[-3.22824249734437,51.5318212371297],[-3.22788217674513,51.5318250141641],[-3.22788822421413,51.5320497479411],[-3.22824854650614,51.5320459708357],[-3.22825459574355,51.5322707045312],[-3.22789427175873,51.5322744817076],[-3.22790031937895,51.5324992154635],[-3.2282606450566,51.5324954382162],[-3.22862097065857,51.5324916598637],[-3.22898129618486,51.532487880406],[-3.22934162163543,51.5324840998433],[-3.22934767610264,51.5327088333046],[-3.22898734895923,51.5327126139384],[-3.22899340180928,51.5329373474603],[-3.22863307289729,51.53294112706],[-3.22863912413013,51.5331658606425],[-3.22864517543864,51.5333905942144],[-3.22865122682282,51.5336153277758],[-3.22901156081355,51.533611547963],[-3.22901761375042,51.5338362813242],[-3.22902366573235,51.5340610141082],[-3.22938400314799,51.5340572331109],[-3.22939005698242,51.5342819658593],[-3.22975039609368,51.5342781837287],[-3.22975645178065,51.5345029164413],[-3.23011679258754,51.5344991331774],[-3.23012285012709,51.5347238658543],[-3.23012890774514,51.5349485985222],[-3.23048925202179,51.5349448140982],[-3.23049531149249,51.5351695467304],[-3.23050137104171,51.5353942793536],[-3.23014102321668,51.535398063831],[-3.22978067531314,51.5354018472017],[-3.22977461931232,51.5351771145251],[-3.22941427310449,51.5351808967624],[-3.22942032733111,51.5354056294656],[-3.2290599792706,51.5354094106228],[-3.22869963113165,51.5354131906733],[-3.22870568188826,51.5356379234208],[-3.22834533189666,51.5356417023912],[-3.22835138095742,51.5358664351563],[-3.22799102911317,51.5358702130466],[-3.22763067719054,51.5358739898301],[-3.22727032518955,51.5358777655068],[-3.22726428145154,51.5356530326618],[-3.22690393114647,51.5356568072051],[-3.22689788926101,51.5354320743245],[-3.22653754065186,51.5354358477345],[-3.22617719196443,51.5354396200378],[-3.22617115370567,51.5352148870949],[-3.22581080671419,51.5352186582649],[-3.22580477030785,51.5349939252864],[-3.22579873397973,51.534769192299],[-3.22615907742285,51.5347654211821],[-3.22615303939879,51.5345406882122],[-3.22614700145296,51.5343159552333],[-3.22650734126956,51.534312183063],[-3.22650130162786,51.5340874501016],[-3.22649526206442,51.5338627171312],[-3.22648922128955,51.5336379834438],[-3.22684955573414,51.5336342102621],[-3.22684351281466,51.5334094763456],[-3.22683746997072,51.5331847424187],[-3.22683142720234,51.5329600084812],[-3.2268253845095,51.5327352745333],[-3.22646505683655,51.5327390474311],[-3.22610472908803,51.5327428192237],[-3.22574440126396,51.5327465899112],[-3.22538407336438,51.5327503594935],[-3.22539010928571,51.5329750937253],[-3.22502977961776,51.5329788622734],[-3.22466944987432,51.5329826297164],[-3.22430912005544,51.5329863960542],[-3.22394879016112,51.5329901612868],[-3.22394276101132,51.5327654267712],[-3.22358243273447,51.5327691908278],[-3.2235764053529,51.5325444562308],[-3.22357037804668,51.5323197216234],[-3.22356435081581,51.5320949870054],[-3.2232040275421,51.5320987497441],[-3.22319800207937,51.5318740150448],[-3.22319197669196,51.531649280335],[-3.22318595137987,51.5314245456146],[-3.22282563310913,51.5314283070355],[-3.22281960956509,51.5312035722338],[-3.22245929291174,51.5312073324787],[-3.22245327113571,51.5309825975956],[-3.22209295609976,51.5309863566645],[-3.22208693609169,51.5307616217001],[-3.22208091615887,51.5305368867252],[-3.221720604433,51.5305406445473],[-3.22136029263185,51.5305444012643],[-3.22136630917933,51.530769136381],[-3.22172662267315,51.5307653795931],[-3.22173264098853,51.5309901146284],[-3.22173865937913,51.5312148496532],[-3.22209897618308,51.5312110916185],[-3.22210499634165,51.531435826562],[-3.22246531476305,51.5314320673513],[-3.22247133668963,51.5316568022134],[-3.22247735869148,51.531881537065],[-3.22211703688455,51.5318852964174],[-3.22212305726888,51.5321100313294],[-3.22176273369386,51.5321137896475],[-3.22140241004355,51.5321175468605],[-3.221042086318,51.5321213029683],[-3.22104810169911,51.5323460380824],[-3.22105411715541,51.5325707731859],[-3.22141444426664,51.5325670169364],[-3.22142046149101,51.5327917519586],[-3.22142647879059,51.5330164869703],[-3.22106614829359,51.5330202433615],[-3.22107216397548,51.5332449784336],[-3.22071183171033,51.5332487337905],[-3.22071784577446,51.5334734689229],[-3.22035751174116,51.5334772232454],[-3.21999717763265,51.5334809764628],[-3.22000318838604,51.5337057117264],[-3.2196428525094,51.5337094639093],[-3.2192825165576,51.5337132149871],[-3.21928852185387,51.533937949205],[-3.21892818402474,51.5339416991885],[-3.21893418633235,51.5341664327154],[-3.21857384665133,51.5341701816186],[-3.21857984726259,51.5343949151628],[-3.21894018871774,51.5343911662332],[-3.21894619118089,51.5346158997421],[-3.2185858479516,51.5346196486981],[-3.21859184871835,51.5348443822243],[-3.21823150363711,51.5348481301],[-3.21823750270742,51.5350728636436],[-3.21787715476243,51.5350766098788],[-3.21751680083032,51.5350803517329],[-3.21752279673449,51.5353050853538],[-3.21716244112373,51.5353088261],[-3.21716843549347,51.5355335597124],[-3.21680807820406,51.5355372993506],[-3.21680208544086,51.5353125657385],[-3.21679609274972,51.5350878321184],[-3.21643573860128,51.5350915706497],[-3.2164297475887,51.5348668370218],[-3.21642375664816,51.5346421033858],[-3.21606340564062,51.5346458408102],[-3.21570305456103,51.5346495771271],[-3.21534270340942,51.5346533123364],[-3.21498235218579,51.534657046438],[-3.21462200089019,51.5346607794321],[-3.21462798379832,51.534885513066],[-3.2146339667784,51.5351102466918],[-3.2146399498304,51.5353349803095],[-3.21427959364332,51.5353387121946],[-3.21391923738428,51.535342442972],[-3.21392521729512,51.5355671765807],[-3.21356485935761,51.5355709062501],[-3.21357083773378,51.5357956398502],[-3.21321047811778,51.5357993684115],[-3.21285011842989,51.5358030958651],[-3.21284414326687,51.5355783622659],[-3.21283816817568,51.5353536286586],[-3.21247781162905,51.5353573550056],[-3.21247183821622,51.5351326213907],[-3.21283219315631,51.5351288950433],[-3.21282621820878,51.5349041614198],[-3.21282024333307,51.5346794277881],[-3.21281426852918,51.5344546941484],[-3.21245391840855,51.5344584204973],[-3.21245989160597,51.5346831541365],[-3.21209953980703,51.5346868793773],[-3.21210551146976,51.534911613008],[-3.21211148320428,51.5351363466305],[-3.21211745501058,51.5353610802449],[-3.21175709832028,51.5353648043765],[-3.21176306859181,51.5355895379823],[-3.21140271022315,51.5355932610058],[-3.2110423517827,51.5355969829217],[-3.21103638472428,51.535372249317],[-3.21067602781863,51.5353759701257],[-3.21031567084123,51.5353796898268],[-3.21030970706762,51.5351549562151],[-3.21030374336568,51.5349302225952],[-3.20994338952962,51.5349339411898],[-3.20958303562186,51.5349376586767],[-3.20922268164242,51.5349413750561],[-3.20921672283166,51.5347166414297],[-3.20885637038706,51.534720356702],[-3.20849601787082,51.5347240708667],[-3.20813566528297,51.5347277839238],[-3.20814161927422,51.5349525175484],[-3.20778126500827,51.5349562294973],[-3.20742091067074,51.5349599403386],[-3.20742686152049,51.5351846739538],[-3.20778721746455,51.5351809631132],[-3.20814757333703,51.5351772511649],[-3.20850792913791,51.535173538109],[-3.20886828486717,51.5351698239455],[-3.20887424221462,51.535394557555],[-3.20888019963366,51.5356192911564],[-3.20888615712429,51.5358440247497],[-3.20852579657533,51.5358477389115],[-3.20816543595475,51.5358514519656],[-3.20817139030376,51.5360761855496],[-3.20781102800496,51.5360798974955],[-3.20745066563457,51.5360836083337],[-3.20745661684187,51.5363083419083],[-3.20709625279329,51.5363120516383],[-3.20710220246545,51.5365367852042],[-3.20674183673866,51.5365404938258],[-3.20673588867317,51.5363157602605],[-3.20637552448152,51.5363194677751],[-3.20638147094036,51.5365442013398],[-3.20602110507055,51.536547907746],[-3.20566073912925,51.5365516130446],[-3.20566668244618,51.5367763465998],[-3.20530631482674,51.53678005079],[-3.20494594713586,51.5367837538726],[-3.20495188731077,51.5370084874184],[-3.20495782755706,51.537233220956],[-3.20531819846138,51.5372295178748],[-3.20567856929425,51.5372258136859],[-3.20603894005566,51.5372221083893],[-3.20604488519356,51.5374468419208],[-3.20605083040289,51.5376715754442],[-3.20641120430632,51.5376678690412],[-3.20641715119388,51.5378926025571],[-3.20642309815289,51.538117336065],[-3.20642904518337,51.5383420695647],[-3.2064349922853,51.5385668030562],[-3.20644093945869,51.5387915365397],[-3.20680132132476,51.5387878290321],[-3.20680727017651,51.5390125625081],[-3.20681321909975,51.539237295976],[-3.20645283401987,51.5392410034822],[-3.20645878140765,51.5394657369413],[-3.20609839464932,51.5394694433392],[-3.20610434050161,51.5396941767895],[-3.2064647288669,51.5396904703923],[-3.20647067639762,51.5399152038352],[-3.20647662399981,51.5401399372699],[-3.20648257167346,51.5403646706965],[-3.20648851941859,51.540589404115],[-3.20684891414041,51.5405856966126],[-3.20684296478824,51.5403609631934],[-3.20683701550756,51.5401362297662],[-3.20719740694378,51.5401325211546],[-3.20719145612759,51.5399077877186],[-3.20755184588524,51.5399040779986],[-3.20791223557131,51.5399003671708],[-3.20790628161268,51.5396756337255],[-3.20826666962017,51.5396719217892],[-3.20827262518577,51.5398966552352],[-3.20863301472861,51.5398929421918],[-3.20863897197279,51.5401176756302],[-3.20864492928856,51.5403424090605],[-3.20900532197376,51.5403386949105],[-3.20899936305097,51.5401139614795],[-3.2093597540575,51.5401102462211],[-3.20972014499233,51.5401065298548],[-3.20971418292718,51.5398817964146],[-3.20970822093369,51.5396570629663],[-3.21006860858286,51.5396533454911],[-3.21042899616031,51.539649626908],[-3.21043496136773,51.5398743603574],[-3.21044092664686,51.5400990937987],[-3.21008053585546,51.5401028123806],[-3.21008649959929,51.5403275458132],[-3.20972610712914,51.5403312632868],[-3.20973206933762,51.5405559967107],[-3.20973803161776,51.5407807301265],[-3.20974399396956,51.5410054635342],[-3.20938359660655,51.5410091798983],[-3.20938955742292,51.5412339132972],[-3.20902915838112,51.5412376285528],[-3.20903511766202,51.5414623619432],[-3.20867471694142,51.5414660760903],[-3.2086806746868,51.5416908094719],[-3.2083202722874,51.5416945225106],[-3.20831431614916,51.5414697891296],[-3.20830836008251,51.5412450557405],[-3.20794796082575,51.5412487676725],[-3.20794200643778,51.5410240342758],[-3.20758160871651,51.5410277451006],[-3.20758756149738,51.5412524784966],[-3.20759351434978,51.5414772118845],[-3.20759946727373,51.5417019452643],[-3.20723906465949,51.5417056549793],[-3.20724501604781,51.5419303883504],[-3.20688461175483,51.5419340969569],[-3.2068905611703,51.5421588304285],[-3.2068965076692,51.5423835646393],[-3.20653609988965,51.5423872721901],[-3.20654204473099,51.5426120064253],[-3.20690245424375,51.5426082988408],[-3.20690840089396,51.5428330330331],[-3.20691434761983,51.5430577672161],[-3.20655393464056,51.543061474868],[-3.20655987970881,51.5432862090755],[-3.20619946492058,51.5432899156542],[-3.2058390500567,51.5432936211261],[-3.20584499173397,51.5435183553917],[-3.20548457506115,51.5435220597904],[-3.20512415831272,51.5435257630823],[-3.20511822010208,51.5433010287494],[-3.20475780501138,51.5433047309008],[-3.20475186860958,51.543079996525],[-3.20474593228331,51.5428552621399],[-3.20473999603256,51.5426305277456],[-3.2043795860661,51.5426342286893],[-3.20401917602412,51.5426379285262],[-3.20401324331534,51.5424131940553],[-3.20365283493107,51.5424168927518],[-3.20364690403097,51.542192158238],[-3.20328649730442,51.5421958557941],[-3.2032924264713,51.5424205903414],[-3.20293201793607,51.5424242868243],[-3.20257160932539,51.5424279822004],[-3.20256568362492,51.5422032475858],[-3.20255975466385,51.5419785138193],[-3.20255382416884,51.5417537804571],[-3.20219342055446,51.5417574746618],[-3.20218749173786,51.5415327412922],[-3.20182708965936,51.5415364343897],[-3.20182116252112,51.5413117010128],[-3.20181523545408,51.5410869676278],[-3.20180930845824,51.5408622342346],[-3.20144891112986,51.5408659262265],[-3.20144298581229,51.540641192826],[-3.2014370605659,51.5404164594174],[-3.20143113539068,51.5401917260006],[-3.20142521028663,51.5399669925758],[-3.20106481871003,51.5399706800235],[-3.20105889532597,51.5397459464769],[-3.20105297201649,51.5395212129215],[-3.20141336029204,51.5395175257017],[-3.20177374797825,51.5395138337052],[-3.20177967454694,51.5397385671471],[-3.20214006376888,51.5397348740435],[-3.20250045291954,51.5397311798322],[-3.20286084199891,51.5397274845131],[-3.20322123100697,51.5397237880861],[-3.20358161994369,51.5397200905513],[-3.20357568534015,51.5394953571058],[-3.2035697508079,51.5392706236521],[-3.2032093650851,51.5392743211883],[-3.20320343223107,51.5390495877272],[-3.20319749944831,51.5388248542581],[-3.20283711686801,51.5388285506879],[-3.20284304804386,51.5390532841564],[-3.20284897929096,51.5392780176167],[-3.20248859342551,51.5392817129373],[-3.20248266378534,51.5390569794777],[-3.20212227945553,51.5390606736913],[-3.20176189505444,51.5390643667971],[-3.20140151058211,51.5390680587951],[-3.20140743540149,51.5392927922525],[-3.20104704878156,51.5392964793572],[-3.20068666178122,51.5393001628839],[-3.20069258330491,51.5395248964699],[-3.20033219451873,51.5395285789112],[-3.20033811440571,51.5397533125101],[-3.19997772383369,51.5397569938661],[-3.19998364208392,51.5399817274777],[-3.19962324972605,51.5399854077483],[-3.19962916633948,51.5402101413728],[-3.1996350830274,51.5404348749884],[-3.19964099978979,51.5406596085952],[-3.1992806022234,51.5406632878237],[-3.19928651734891,51.5408880214433],[-3.19929243254889,51.5411127550541],[-3.19929834782332,51.541337488656],[-3.19930426317223,51.541562222249],[-3.19931017859559,51.5417869558331],[-3.19967058471905,51.5417832764963],[-3.19967650192837,51.5420080100499],[-3.20003690968875,51.5420043295842],[-3.20004282623946,51.5422290637336],[-3.20004873975165,51.5424537986718],[-3.19968832840664,51.5424574792174],[-3.19932791698552,51.5424611586562],[-3.19932200699324,51.5422364236565],[-3.19896159725597,51.5422401019576],[-3.19860118744263,51.5422437791518],[-3.19824077755324,51.5422474552391],[-3.19788036758783,51.5422511302196],[-3.19751995754641,51.5422548040932],[-3.19751405380115,51.5420300695937],[-3.19715364551934,51.5420337423093],[-3.19715954742901,51.5422584768599],[-3.19716544686152,51.542483212044],[-3.19717134636995,51.542707947219],[-3.1975317600073,51.5427042743908],[-3.19789217356867,51.5427006004558],[-3.19825258705404,51.5426969254139],[-3.19825849191842,51.5429216604875],[-3.19826439685879,51.543146395552],[-3.19862481378816,51.5431427193417],[-3.19898523064148,51.5431390420245],[-3.19897932218104,51.5429143070215],[-3.19933973719825,51.5429106286281],[-3.19970015213936,51.5429069491278],[-3.19970606411985,51.5431316840693],[-3.20006648074486,51.5431280034314],[-3.20042689729372,51.5431243216865],[-3.20043281287038,51.5433490565572],[-3.20079323110313,51.5433453736747],[-3.20115364925967,51.5433416896852],[-3.20114773016292,51.543116954876],[-3.20150814499533,51.5431132657783],[-3.20186855903198,51.5431095736218],[-3.20222897299325,51.5431058803586],[-3.20223489726197,51.5433306149697],[-3.20224082160606,51.5435553495716],[-3.20260123895855,51.5435516551344],[-3.20260716511135,51.5437763896934],[-3.20261309133955,51.5440011242433],[-3.20261901764313,51.5442258587838],[-3.2029794401203,51.5442221631389],[-3.2029853682327,51.5444468976367],[-3.20262494402212,51.5444505933151],[-3.2026308704765,51.5446753278372],[-3.20227044445705,51.5446790224424],[-3.20191001836219,51.5446827159407],[-3.20154959219194,51.5446864083322],[-3.20155551352134,51.5449111429458],[-3.20119508506997,51.544914833093],[-3.20083465459248,51.5449185172981],[-3.20084057253846,51.5451432520649],[-3.20048014022455,51.5451469351938],[-3.20011970783445,51.5451506172157],[-3.19975927536819,51.5451542981307],[-3.19939884282579,51.5451579779386],[-3.19939293192073,51.5449332430488],[-3.19903250106246,51.544936921719],[-3.19867207012809,51.5449405992822],[-3.19867797751269,51.5451653342336],[-3.19903841020729,51.5451616566396],[-3.19904431942817,51.5453863915511],[-3.19868388497332,51.5453900691758],[-3.1983234504424,51.5453937456935],[-3.19832935621878,51.5456184806573],[-3.19796891985153,51.5456221560988],[-3.19760848340825,51.5456258304332],[-3.19724804688898,51.5456295036607],[-3.19688761029373,51.5456331757811],[-3.19689350910488,51.5458579108586],[-3.19653307067337,51.5458615819027],[-3.19617263216592,51.5458652518398],[-3.19581219358255,51.5458689206699],[-3.1954517549233,51.5458725883929],[-3.19509131618818,51.5458762550089],[-3.19473087737722,51.5458799205179],[-3.19437043849044,51.5458835849198],[-3.19400999952786,51.5458872482147],[-3.19364956048951,51.5458909104026],[-3.19364367752119,51.5456661750491],[-3.19328324016741,51.5456698360993],[-3.1929228027379,51.5456734960425],[-3.19292868218557,51.5458982314573],[-3.1932891213754,51.5458945714835],[-3.19329500265909,51.5461193068585],[-3.19293456170891,51.5461229668629],[-3.19257412068302,51.5461266257603],[-3.19221367958145,51.5461302835507],[-3.19185323840421,51.546133940234],[-3.19149279715134,51.5461375958103],[-3.19113235582285,51.5461412502795],[-3.19077191441877,51.5461449036417],[-3.19077778345553,51.5463696392217],[-3.1904173402155,51.5463732915074],[-3.19005689689992,51.5463769426861],[-3.18969645350881,51.5463805927577],[-3.1893360100422,51.5463842417222],[-3.1889755665001,51.5463878895797],[-3.18861512288255,51.5463915363302],[-3.18825467918957,51.5463951819736],[-3.18789423542117,51.5463988265099],[-3.18753379157738,51.5464024699392],[-3.18753964484602,51.5466272057846],[-3.18717919916645,51.5466308481373],[-3.18681875341154,51.5466344893829],[-3.1864583075813,51.5466381295215],[-3.1864524595939,51.5464133935847],[-3.18681290366372,51.5464097534766],[-3.18680705399118,51.5461850175611],[-3.18644661168175,51.5461886576387],[-3.18608616929703,51.5461922966093],[-3.18572572683703,51.5461959344729],[-3.18571988252088,51.5459711984569],[-3.18571403827994,51.5457464624318],[-3.18570819411421,51.5455217263975],[-3.18570235002369,51.5452969903541],[-3.18569650600838,51.5450722543016],[-3.18533607227476,51.545075890906],[-3.18497563846592,51.5450795264034],[-3.18461520458188,51.5450831607937],[-3.18462104331635,51.5453078969375],[-3.18426060697771,51.5453115293955],[-3.18426644402165,51.545536265574],[-3.18462688212596,51.5455326330722],[-3.18498731953058,51.545528998621],[-3.18499316017566,51.5457537347161],[-3.18499900089589,51.5459784708021],[-3.18500484169129,51.5462032068789],[-3.1846443990056,51.5462068414213],[-3.1842839556075,51.5462104740549],[-3.18392351204556,51.5462141054705],[-3.18356306840792,51.546217735779],[-3.18320262469461,51.5462213649804],[-3.18284218090565,51.5462249930747],[-3.18248173704106,51.5462286200619],[-3.18248756549952,51.5464533563493],[-3.18284801114175,51.5464497293331],[-3.18285384145344,51.5466744655823],[-3.18249339403355,51.5466780926276],[-3.18213294653806,51.5466817185658],[-3.18177249896699,51.5466853433968],[-3.18141205132036,51.5466889671208],[-3.18105160359819,51.5466925897376],[-3.18069115580051,51.5466962112473],[-3.18033070792734,51.5466998316499],[-3.1803248900593,51.5464750951976],[-3.17996444388833,51.5464787144641],[-3.17960399764192,51.5464823326234],[-3.17924355132009,51.5464859496757],[-3.17888310492286,51.5464895656209],[-3.17852265845026,51.5464931804589],[-3.17816221190231,51.5464967941898],[-3.17780176527903,51.5465004068137],[-3.17744131858045,51.5465040183304],[-3.17708087180658,51.54650762874],[-3.17672042495746,51.5465112380424],[-3.1763599780331,51.5465148462378],[-3.17635417979465,51.5462901094581],[-3.17599373457274,51.5462937165175],[-3.17563328927564,51.5462973224698],[-3.17527284390338,51.5463009273149],[-3.17491239845597,51.546304531053],[-3.17455195293344,51.5463081336839],[-3.17454616365836,51.5460833967509],[-3.17454037445834,51.5458586598087],[-3.17453458533337,51.5456339228575],[-3.17417414506861,51.5456375242948],[-3.17381370472878,51.545641124625],[-3.17380791923401,51.545416387607],[-3.17380213381424,51.54519165058],[-3.17379634846947,51.5449669135438],[-3.1737905631997,51.5447421764985],[-3.17415099642937,51.5447385762836],[-3.17451142958397,51.5447349749616],[-3.17450564083424,51.5445102379649],[-3.17486607213627,51.5445066355646],[-3.17486028168413,51.5442818985877],[-3.17485449130705,51.5440571616016],[-3.17484870100503,51.5438324246065],[-3.17520912689965,51.5438288211858],[-3.17520333489532,51.5436040842104],[-3.17484291077808,51.5436076876023],[-3.17483712062619,51.543382950589],[-3.17447669821121,51.543386552845],[-3.17411627572116,51.543390153994],[-3.17411048919901,51.5431654169139],[-3.17375006841125,51.5431690169271],[-3.17375585315605,51.543393754036],[-3.1733954305159,51.5433973529711],[-3.17340121355832,51.5436220900997],[-3.1730407890658,51.5436256879565],[-3.17268036449829,51.5436292847064],[-3.17268614406089,51.5438540218835],[-3.17232571764101,51.5438576175551],[-3.17233149550112,51.5440823547519],[-3.17197106722888,51.5440859493453],[-3.17196529114619,51.5438612121197],[-3.17160486457646,51.5438648055773],[-3.17159909034605,51.5436400683138],[-3.17123866547881,51.5436436606356],[-3.17087824053671,51.5436472518504],[-3.17051781551975,51.5436508419582],[-3.17052358441795,51.5438755793079],[-3.17052935339094,51.5441003166485],[-3.17016892474432,51.5441039057068],[-3.1698084960229,51.544107493658],[-3.16944806722669,51.5441110805022],[-3.16908763835573,51.5441146662393],[-3.16908187649245,51.5438899287838],[-3.16872144932418,51.5438935133853],[-3.16872720941002,51.5441182508695],[-3.16873296957054,51.5443429883446],[-3.16837253877266,51.5443465718964],[-3.1680121079001,51.5443501543411],[-3.16801786458032,51.5445748918645],[-3.16802362133518,51.5447996293788],[-3.16766318617176,51.544803211128],[-3.16730275071903,51.5448067918852],[-3.16729699758985,51.5445820542736],[-3.16729124453678,51.5443573166522],[-3.16728549155981,51.5441325790207],[-3.16692506150661,51.5441361585055],[-3.16691931043093,51.5439114208088],[-3.1665588821268,51.543914999132],[-3.16655313295235,51.54369026137],[-3.16619270639728,51.5436938385317],[-3.16583227976615,51.5436974145872],[-3.16582653431803,51.5434726767045],[-3.16582078894591,51.5432479388119],[-3.16546036588898,51.5432515136505],[-3.16545462241797,51.5430267756926],[-3.16544887902293,51.5428020377248],[-3.16508845954014,51.5428056113466],[-3.16508271804613,51.5425808733135],[-3.16544313570387,51.542577299747],[-3.16543739246078,51.5423525617592],[-3.16543164922767,51.5421278237759],[-3.16542589945848,51.5419030872147],[-3.16506548737216,51.5419066606071],[-3.16505973949368,51.5416819239962],[-3.16505399169084,51.5414571873758],[-3.16541440014706,51.5414536140639],[-3.16577480852754,51.5414500396454],[-3.1657690571703,51.5412253030961],[-3.16612946366002,51.5412217276114],[-3.16612371056346,51.5409969910929],[-3.16648411516241,51.5409934145419],[-3.16647836032659,51.5407686780543],[-3.16647260556648,51.5405439415572],[-3.16611220459744,51.5405475180277],[-3.16610645172798,51.5403227814808],[-3.16574605249809,51.5403263568044],[-3.16575180355263,51.5405510933915],[-3.16539140243207,51.5405546676489],[-3.16539715174734,51.5407794042668],[-3.16503674873611,51.540782977458],[-3.16504249631206,51.5410077141067],[-3.16468209141015,51.5410112862316],[-3.16432168643257,51.5410148572499],[-3.16431594248657,51.5407901205207],[-3.16431019861615,51.540565383782],[-3.16394979719284,51.5405689536133],[-3.16394405521293,51.5403442168249],[-3.16393831330857,51.540119480027],[-3.16393257147976,51.5398947432197],[-3.16357217542555,51.5398983118238],[-3.16356643548715,51.5396735749668],[-3.1632060411722,51.5396771424242],[-3.16284564678166,51.5396807087751],[-3.16285138309033,51.5399054457125],[-3.16249098680938,51.5399090109972],[-3.16249672137865,51.5401337479653],[-3.16213632320728,51.5401373121837],[-3.16177592496041,51.5401408752955],[-3.16178165597531,51.5403656123346],[-3.16142125583804,51.5403691743801],[-3.1610608556253,51.5403727353191],[-3.16105512824023,51.5401479981996],[-3.16069472976698,51.5401515579919],[-3.16070045533713,51.5403762951515],[-3.16070618098263,51.5406010323017],[-3.16034577880411,51.5406045910678],[-3.16035150270999,51.5408293282487],[-3.1599910986411,51.5408328859484],[-3.15963069449685,51.5408364425416],[-3.15963641484807,51.5410611797933],[-3.15927600881348,51.5410647353201],[-3.15927029027724,51.5408399980283],[-3.15890988598232,51.5408435524084],[-3.15890416933631,51.540618815067],[-3.15854376678105,51.5406223683005],[-3.15818336415053,51.5406259204274],[-3.15817765120964,51.5404011829963],[-3.15853805202522,51.5403976309095],[-3.15853233734459,51.5401728935091],[-3.15889273626997,51.5401693403558],[-3.15888701984964,51.5399446029861],[-3.15888130350454,51.5397198656069],[-3.15887558723466,51.5394951282182],[-3.15886987104001,51.5392703908201],[-3.15850947937409,51.539273943813],[-3.15850376506946,51.5390492063653],[-3.15886415492057,51.5390456534126],[-3.15885843887635,51.5388209159956],[-3.15921882683739,51.5388173619765],[-3.15921310905364,51.5385926245902],[-3.15920739134512,51.5383678871944],[-3.15920167371184,51.5381431497892],[-3.15884129119501,51.5381467036879],[-3.15883557545166,51.5379219662331],[-3.15882985978353,51.5376972287689],[-3.15846948082077,51.537700781481],[-3.15846376704249,51.5374760439672],[-3.1588241441906,51.5374724912952],[-3.15881842867289,51.5372477538121],[-3.1584580533394,51.537251306444],[-3.15845233971149,51.5370265689113],[-3.15881271323039,51.5370230163195],[-3.15880699786309,51.5367982788175],[-3.15844662615877,51.5368018313692],[-3.15844091268123,51.5365770938176],[-3.15843519927888,51.5363523562566],[-3.1584294859517,51.5361276186861],[-3.15806911961571,51.5361311700111],[-3.15770875320449,51.5361347202298],[-3.15734838671808,51.5361382693421],[-3.15734267890953,51.5359135316419],[-3.15733697117609,51.5356887939323],[-3.15697660824344,51.5356923418581],[-3.15697090239955,51.535467604099],[-3.15696519663073,51.5352428663304],[-3.156959490937,51.5350181285524],[-3.15695378531835,51.5347933907649],[-3.15694807977478,51.534568652968],[-3.15694237430628,51.5343439151616],[-3.15693666891286,51.5341191773458],[-3.15693096359452,51.5338944395206],[-3.15729131201232,51.5338908919153],[-3.15765166035495,51.5338873432037],[-3.15801200862239,51.5338837933858],[-3.15837235681462,51.5338802424617],[-3.15837806939006,51.5341049801267],[-3.15873841932132,51.5341014280562],[-3.15909876917733,51.5340978748795],[-3.15909305297336,51.5338731372947],[-3.15873270493162,51.5338766904314],[-3.15872698879352,51.5336519508476],[-3.15872127174443,51.5334272101988],[-3.15836092742862,51.5334307622434],[-3.15835521234994,51.5332060215745],[-3.15834949734891,51.5329812808972],[-3.15834378242552,51.5327565402113],[-3.15833806757978,51.5325317995169],[-3.15869840432476,51.5325282475181],[-3.15870412106317,51.5327529882011],[-3.15906445962307,51.5327494350837],[-3.1594247981052,51.5327458808592],[-3.15941907758145,51.532521140199],[-3.15977941409311,51.5325175848788],[-3.15977369175444,51.5322928442216],[-3.15941335713542,51.5322963995304],[-3.15940763676711,51.5320716588532],[-3.15904730396291,51.5320752130434],[-3.15904158556491,51.5318504723462],[-3.15868125457553,51.5318540254179],[-3.15867553814779,51.5316292847007],[-3.1586698217977,51.531404543975],[-3.1583094945157,51.5314080959167],[-3.15794916715598,51.5314116467514],[-3.15794345466861,51.5311869059943],[-3.15758312912372,51.5311904557104],[-3.15722280350117,51.5311940043195],[-3.15686247780097,51.5311975518214],[-3.15650215202315,51.5312010982163],[-3.15650785694041,51.531425839019],[-3.15651356193519,51.5316505798131],[-3.15651926700748,51.5318753205987],[-3.1565249721573,51.5321000613757],[-3.15688530550538,51.5320965149353],[-3.15724563877584,51.5320929673878],[-3.15725134778843,51.5323177081335],[-3.15689101262534,51.5323212556924],[-3.15653067738463,51.5323248021442],[-3.15653638268948,51.5325495429041],[-3.15654208807186,51.5327742836555],[-3.15654779353176,51.5329990243984],[-3.15618745253542,51.5330025697772],[-3.1558271114615,51.5330061140488],[-3.15546677031002,51.5330096572133],[-3.15547247016927,51.5332343979817],[-3.15511212704753,51.5332379400504],[-3.15511782509148,51.5334626808216],[-3.15547817010597,51.5334591387416],[-3.15548387012013,51.533683879493],[-3.15512352321286,51.5336874215843],[-3.15476317622808,51.5336909625685],[-3.15440282916582,51.5336945024455],[-3.15439713483,51.5334697616602],[-3.15439144057156,51.5332450208663],[-3.15403109721738,51.5332485596135],[-3.15367075378576,51.5332520972535],[-3.15331041027673,51.5332556337864],[-3.15331609885689,51.5334803746142],[-3.15295575337772,51.5334839100512],[-3.15259540782119,51.5334874443811],[-3.15260109269309,51.5337121852229],[-3.15224074516644,51.5337157184569],[-3.15188039756247,51.5337192505836],[-3.15188607786629,51.5339439898368],[-3.15152572832385,51.533947520848],[-3.15116537834105,51.5339510513662],[-3.15117105464422,51.5341757897998],[-3.15081070185857,51.5341793207512],[-3.15081637639983,51.5344040592213],[-3.15117673102282,51.5344005282238],[-3.15118240747684,51.5346252666382],[-3.15154276286023,51.5346217360951],[-3.15154844118848,51.5348464744919],[-3.15155411959146,51.5350712128793],[-3.15155979806916,51.5352959512572],[-3.15119943729148,51.5352994818235],[-3.15083907531888,51.5353030130053],[-3.15083340047601,51.5350782745738],[-3.15082772570855,51.5348535361326],[-3.15046736733533,51.5348570661161],[-3.15010700888667,51.5348605949935],[-3.1501126799793,51.5350853335268],[-3.1497523196178,51.5350888613441],[-3.14975798894836,51.5353135999139],[-3.14939762667402,51.5353171266711],[-3.14940329424245,51.5355418652773],[-3.14940896188619,51.5357666038738],[-3.14941462960525,51.5359913424607],[-3.14942029739962,51.536216081038],[-3.14978066702396,51.5362125540966],[-3.14978633673121,51.5364372926181],[-3.1497920065138,51.5366620311301],[-3.14979767637174,51.5368867696324],[-3.14943730123465,51.536890296712],[-3.14944296933031,51.5371150352508],[-3.1490825922802,51.5371185612702],[-3.14908825861352,51.5373432998454],[-3.1487278796504,51.5373468248046],[-3.14836750061193,51.5373503486577],[-3.14836183795393,51.5371256099905],[-3.14800146067781,51.5371291326913],[-3.1476410833264,51.5371326542858],[-3.14764674230908,51.5373573930451],[-3.14765240136698,51.5375821317947],[-3.14729202026495,51.5375856523751],[-3.14693163908769,51.5375891718492],[-3.14657125783519,51.5375926902171],[-3.14656560429036,51.5373679513295],[-3.14620522480036,51.5373714685452],[-3.14584484523519,51.5373749846547],[-3.14583919544082,51.5371502456656],[-3.14547881763817,51.5371537606229],[-3.14547316975654,51.5369290215781],[-3.14546752194996,51.5367042825238],[-3.14510714774746,51.5367077962829],[-3.14510150185354,51.536483057173],[-3.14509585603467,51.5362583180534],[-3.14509021029082,51.5360335789243],[-3.14508456462201,51.5358088397855],[-3.14472419769467,51.5358123522547],[-3.14471855393839,51.5355876130603],[-3.14435818877349,51.5355911243775],[-3.14436383069225,51.5358158636178],[-3.1440034636148,51.5358193738747],[-3.14364309646232,51.5358228830254],[-3.14328272923485,51.5358263910699],[-3.14328836571601,51.5360511304383],[-3.14292799657603,51.5360546374226],[-3.1425676273611,51.5360581433007],[-3.14257326024205,51.5362828827513],[-3.14221288911464,51.5362863875691],[-3.14185251791232,51.5362898912807],[-3.14185814719297,51.5365146308133],[-3.14186377654844,51.5367393703363],[-3.14186940597873,51.5369641098498],[-3.14187503548386,51.5371888493536],[-3.1418806650638,51.5374135888477],[-3.14188629471858,51.5376383283323],[-3.14189192444818,51.5378630678072],[-3.14153154030738,51.5378665707336],[-3.14153716827406,51.5380913102448],[-3.14154279631556,51.5383160497463],[-3.14118240842436,51.5383195516582],[-3.14118803470286,51.538544291196],[-3.14119366105615,51.5387690307241],[-3.14083326941447,51.5387725316214],[-3.1408388940047,51.5389972711858],[-3.14084451866969,51.5392220107405],[-3.14048412327747,51.5392255106232],[-3.14048974617934,51.5394502502141],[-3.14012934887442,51.5394537490363],[-3.13976895149472,51.5394572467522],[-3.13976333226866,51.5392325070695],[-3.1397577131173,51.5390077673773],[-3.14011810682121,51.5390042697531],[-3.14011248590669,51.5387795300971],[-3.13975209404063,51.5387830276755],[-3.13974647503865,51.538558287964],[-3.13974085611137,51.5383335482429],[-3.1393804678462,51.5383370446234],[-3.13938608493567,51.5385617843903],[-3.13939170209982,51.5387865241476],[-3.13939731933863,51.5390112638952],[-3.13903692548524,51.5390147593068],[-3.13904254096084,51.5392394990907],[-3.13868214519486,51.5392429934418],[-3.13867653155714,51.5390182536121],[-3.13831613755437,51.5390217468111],[-3.13831052582913,51.5387970069261],[-3.13830491417849,51.5385722670314],[-3.13829930260244,51.5383475271272],[-3.13793891403853,51.5383510190826],[-3.13793330437487,51.5381262791229],[-3.138293691101,51.5381227872133],[-3.13865407775248,51.5381192941974],[-3.13901446432929,51.5381158000753],[-3.1393748508314,51.5381123048469],[-3.13936923389126,51.5378875650607],[-3.13972961848088,51.5378840687719],[-3.13972399977767,51.5376593290219],[-3.13936361702579,51.537662825265],[-3.13900323419918,51.5376663204018],[-3.13900884922691,51.5378910602433],[-3.13864846448787,51.5378945543197],[-3.13828807967415,51.5378980472898],[-3.13792769478579,51.5379015391536],[-3.1375673098228,51.5379050299112],[-3.13720692478521,51.5379085195625],[-3.13720131894619,51.5376837794921],[-3.13684093567177,51.5376872679914],[-3.136835331745,51.5374625278656],[-3.13647495023375,51.5374660152129],[-3.13611456864798,51.537469501454],[-3.13575418698771,51.5374729865888],[-3.13539380525296,51.5374764706174],[-3.13503342344375,51.5374799535397],[-3.1350390181819,51.537704693894],[-3.13467863446053,51.5377081757558],[-3.13431824679634,51.5377116639048],[-3.13432383806394,51.5379364041818],[-3.13432942940368,51.5381611444499],[-3.13433502081557,51.5383858847089],[-3.13397462679507,51.5383893737082],[-3.13398021651215,51.5386141139841],[-3.13361982065253,51.5386176019024],[-3.13325942472077,51.5386210887137],[-3.13326501097604,51.5388458290326],[-3.13327059730338,51.5390705693424],[-3.13291019776554,51.5390740550987],[-3.13254979815558,51.5390775397481],[-3.13255538102097,51.5393022801008],[-3.13219497957192,51.5393057636691],[-3.1322005607423,51.5395305040387],[-3.13256096395839,51.5395270204444],[-3.1329213671024,51.5395235357432],[-3.13292695187891,51.539748276052],[-3.13328735671787,51.539744790218],[-3.1332817701743,51.5395200499351],[-3.13364217317407,51.5395165630201],[-3.13400257610169,51.539513074998],[-3.13399698609612,51.5392883347581],[-3.13435738718453,51.5392848456551],[-3.13471778684551,51.5392813582869],[-3.13471219342456,51.5390566179541],[-3.13507258817281,51.5390531358182],[-3.13543298284661,51.539049652576],[-3.13579337744595,51.5390461682275],[-3.13579897638058,51.5392709084231],[-3.13615937274333,51.5392674229226],[-3.1361649735903,51.5394921630629],[-3.13652537171645,51.5394886764103],[-3.13651976903156,51.5392639363157],[-3.13651416642115,51.5390391962115],[-3.13687456079696,51.539035708544],[-3.13723495509821,51.5390322197703],[-3.13759534932488,51.5390287298902],[-3.13795574347694,51.5390252389038],[-3.13796135343889,51.539249978825],[-3.13832174935421,51.5392464866865],[-3.13832736122865,51.5394712265523],[-3.1383329731777,51.5396959664085],[-3.13833858520135,51.5399207062551],[-3.1386989865558,51.5399172128729],[-3.13870460049203,51.5401419526641],[-3.13906500360977,51.5401384581298],[-3.13907061945864,51.5403631978656],[-3.13943102433967,51.5403597021792],[-3.13943664210122,51.5405844418595],[-3.13944225993744,51.5408091815302],[-3.13944787784835,51.5410339211913],[-3.13908746745318,51.5410374170151],[-3.13909308360068,51.5412621567124],[-3.13909869982284,51.5414868964],[-3.13873828567675,51.5414903912091],[-3.13874390013543,51.5417151309329],[-3.13838348407651,51.5417186246813],[-3.13802306794291,51.5417221173233],[-3.13766265173467,51.5417256088589],[-3.13766826075349,51.5419503487104],[-3.1380286787999,51.5419468571291],[-3.13803428808228,51.5421715975926],[-3.13839470803907,51.5421681047958],[-3.13875512791968,51.5421646108939],[-3.13911554772408,51.5421611158869],[-3.13947596745225,51.5421576197748],[-3.13948157710965,51.5423823628094],[-3.13984199864975,51.5423788655038],[-3.13984761027162,51.542603608439],[-3.13985322196976,51.5428283513634],[-3.13949279665321,51.5428318488458],[-3.13948718684331,51.5426071058331],[-3.13912676333873,51.542610602122],[-3.13876633975793,51.5426140973058],[-3.13877194579135,51.5428388404953],[-3.13841152024609,51.5428423346623],[-3.13805109462464,51.5428458277242],[-3.13769066892703,51.5428493196809],[-3.13768506855834,51.5426245762263],[-3.13767946826578,51.5423998327607],[-3.13767386804934,51.5421750892842],[-3.13731344794025,51.5421785798707],[-3.13695302775506,51.5421820693521],[-3.13695862419511,51.5424068130053],[-3.13659820204563,51.5424103014699],[-3.13623777982009,51.5424137888293],[-3.13587735751852,51.5424172750837],[-3.13587176674308,51.5421925311655],[-3.13586616940255,51.5419677900209],[-3.13622658782184,51.5419643039716],[-3.13622098615571,51.5417395639371],[-3.1358605695746,51.5417430499406],[-3.13585496982109,51.5415183098507],[-3.13549455500363,51.5415217947021],[-3.13550015291898,51.5417465348377],[-3.13550575090876,51.5419712749637],[-3.1355113462537,51.5421960162264],[-3.13551693514094,51.5424207602328],[-3.13552252410415,51.5426455042283],[-3.13516209976235,51.5426489883606],[-3.13480167534459,51.5426524713878],[-3.13444124946366,51.5426559572851],[-3.13443566603354,51.5424312131955],[-3.13407524013864,51.5424347027055],[-3.13371481417339,51.5424381911081],[-3.13335438813783,51.5424416784031],[-3.13334880990557,51.5422169342673],[-3.13298838550887,51.5422204204424],[-3.1326279610419,51.5422239055099],[-3.13226753650468,51.54222738947],[-3.13226195836942,51.54200264751],[-3.13262238102447,51.5419991636308],[-3.13261679729462,51.5417744233862],[-3.13225637640686,51.5417779072394],[-3.13225079451632,51.5415531669599],[-3.1322452126978,51.5413284266713],[-3.13223963095131,51.5411036863737],[-3.13260004653733,51.5411002025982],[-3.13296046205125,51.5410967177156],[-3.13295487684237,51.5408719774608],[-3.13331529051698,51.5408684914972],[-3.13332087749306,51.541093231726],[-3.13368129286273,51.5410897446294],[-3.13368688167811,51.5413144848233],[-3.13404729874284,51.5413109965938],[-3.13440771573539,51.5413075072573],[-3.13476813098063,51.541304020849],[-3.13512854410889,51.5413005382561],[-3.1351229481805,51.5410757980556],[-3.13476253689034,51.5410792806028],[-3.13440212338557,51.5410827671152],[-3.1343965311079,51.5408580269642],[-3.13403611764977,51.5408615162489],[-3.13403052721143,51.5406367760629],[-3.13402493684523,51.5404120358679],[-3.13366452684924,51.5404155239937],[-3.13330411678109,51.5404190110125],[-3.13329853002127,51.5401942707567],[-3.13293812164811,51.5401977566425],[-3.13257771320285,51.5402012414215],[-3.13257213004933,51.5399765011048],[-3.13221172329909,51.5399799847508],[-3.1322173046855,51.5402047250934],[-3.13185689609609,51.5402082076584],[-3.13185131647678,51.5399834672899],[-3.13149090958244,51.539986948722],[-3.13149648743463,51.5402116891164],[-3.13150206535879,51.5404364295017],[-3.13150764335492,51.5406611698781],[-3.13151322142302,51.5408859102454],[-3.13115280738807,51.5408893906741],[-3.13115838376093,51.5411141310584],[-3.13079796788678,51.5411176104059],[-3.13080354256436,51.541342350807],[-3.130443124851,51.5413458290734],[-3.13008270706568,51.5413493062327],[-3.13007713592255,51.5411245657799],[-3.12971671983253,51.5411280418064],[-3.1293563036706,51.5411315167259],[-3.12935073613377,51.5409067762124],[-3.12899032166717,51.540910249999],[-3.12898475596937,51.5406855094507],[-3.12862434319809,51.5406889821045],[-3.1286299071287,51.5409137226787],[-3.1282694925184,51.5409171942513],[-3.12827505475358,51.5411419348423],[-3.12791463830424,51.5411454053337],[-3.12790907783627,51.540920664717],[-3.12754866308236,51.5409241340756],[-3.12718824825667,51.5409276023272],[-3.1271938051902,51.5411523429955],[-3.12683338852555,51.5411558101659],[-3.12683894376354,51.541380550851],[-3.12647852525991,51.5413840169402],[-3.12611810668458,51.5413874819223],[-3.12575768803757,51.5413909457974],[-3.1253972693189,51.5413944085655],[-3.1250368505286,51.5413978702265],[-3.12467643166668,51.5414013307805],[-3.12431601273317,51.5414047902275],[-3.1239555937281,51.5414082485675],[-3.12359517465148,51.5414117058004],[-3.12323475550334,51.5414151619263],[-3.1228743362837,51.5414186169452],[-3.12251391699259,51.541422070857],[-3.12215349763003,51.5414255236619],[-3.1221479653663,51.5412007826425],[-3.12178754769957,51.5412042343147],[-3.12178201727445,51.5409794932607],[-3.12142160130355,51.5409829438002],[-3.12106118526127,51.5409863932327],[-3.12070076914762,51.5409898415581],[-3.12034035296264,51.5409932887765],[-3.11997993670635,51.540996734888],[-3.11961952037877,51.5410001798924],[-3.11962504020043,51.5412249211],[-3.11998545829526,51.54122147607],[-3.11999097995541,51.5414462172431],[-3.11963056009331,51.5414496622987],[-3.11927014015995,51.5414531062473],[-3.11890972015534,51.5414565490888],[-3.11854930007951,51.5414599908233],[-3.11854378548844,51.5412352495479],[-3.118904203797,51.541231807839],[-3.11889868750982,51.5410070665801],[-3.11853827096851,51.5410105082635],[-3.118177854356,51.5410139488398],[-3.11817234167444,51.5407892075209],[-3.11816682906401,51.540564466193],[-3.11780641409972,51.5405679084461],[-3.11780090324368,51.5403431671882],[-3.11744048689198,51.5403466130578],[-3.1174349778489,51.5401218717344],[-3.11742946887615,51.5398971304011],[-3.11742395997373,51.539672389058],[-3.11741845114162,51.5394476477049],[-3.11741294237984,51.5392229063419],[-3.11777335001867,51.53921946075],[-3.11776783958469,51.5389947194327],[-3.11812824278232,51.5389912766457],[-3.11812273074082,51.5387665352459],[-3.11848312968211,51.5387630949251],[-3.11847761594473,51.5385383535418],[-3.11883801304783,51.5385349121397],[-3.11883249761461,51.538310170773],[-3.11919289287953,51.5383067282895],[-3.11918737575052,51.5380819869393],[-3.11954776917727,51.5380785433745],[-3.1195422503525,51.537853802041],[-3.11953673159894,51.5376290606985],[-3.11953121291657,51.5374043193469],[-3.1195256943054,51.5371795779864],[-3.11952017576542,51.5369548366169],[-3.11951465729664,51.5367300952384],[-3.11950913889905,51.5365053538509],[-3.11950362057265,51.5362806124544],[-3.11914324128065,51.5362840558146],[-3.11913772479218,51.5360593143835],[-3.11913220837488,51.5358345729435],[-3.11912669202874,51.5356098314944],[-3.11876631796568,51.535613273671],[-3.11876080345738,51.5353885321874],[-3.11875528902022,51.5351637906948],[-3.11874977465419,51.5349390491932],[-3.1187442603593,51.5347143076827],[-3.11873874613555,51.5344895661631],[-3.11873323198293,51.5342648246345],[-3.11872771790144,51.534040083097],[-3.11908807959826,51.5340366410994],[-3.11944844122388,51.534033197995],[-3.1194429236805,51.5338084564996],[-3.11980328346838,51.5338050123141],[-3.12016364318501,51.5338015670219],[-3.12015812240976,51.5335768286806],[-3.12051848039396,51.5335733823119],[-3.12087883830998,51.5335699348351],[-3.12087331427725,51.5333451965002],[-3.1212336704604,51.5333417478973],[-3.12122814483118,51.5331170095367],[-3.12122261927013,51.5328922711684],[-3.1215829720558,51.5328888214212],[-3.12194332477322,51.532885370566],[-3.12230367742239,51.5328819186028],[-3.12229814693571,51.5326571801726],[-3.12229261651727,51.5324324417348],[-3.12265296576898,51.5324289886274],[-3.12264743375421,51.5322042501638],[-3.12300778127307,51.5322007959303],[-3.12300224766203,51.531976057441],[-3.12299671411927,51.531751318944],[-3.12335705824077,51.5317478635665],[-3.1233515231018,51.5315231250438],[-3.12371186549048,51.5315196685402],[-3.1240722078108,51.5315162109287],[-3.12406666941119,51.5312914723622],[-3.12442700999867,51.5312880136247],[-3.12478735051775,51.5312845537792],[-3.12478180885761,51.5310598151691],[-3.12514214764383,51.5310563541976],[-3.1255024863616,51.5310528921182],[-3.12549694144101,51.5308281534644],[-3.12549139658885,51.5306034148029],[-3.12585173190936,51.5305999515796],[-3.12621206716138,51.5305964872483],[-3.12620651904891,51.5303717485432],[-3.12656685256806,51.530368283086],[-3.12656130285971,51.5301435443553],[-3.12620097100489,51.5301470098305],[-3.12619542302934,51.5299222711101],[-3.12655575321983,51.5299188056169],[-3.1269160833418,51.5299153390159],[-3.12691053210612,51.5296906002519],[-3.12727086049524,51.529687132525],[-3.12763118881581,51.5296836636902],[-3.12763674338009,51.5299084024901],[-3.12799707329635,51.5299049325653],[-3.12835740314402,51.5299014615326],[-3.12871773292305,51.529897989392],[-3.12871217336589,51.5296732505383],[-3.12907250141198,51.5296697772719],[-3.12943282938939,51.5296663028976],[-3.12943839227513,51.5298910417871],[-3.12979872184814,51.5298875663228],[-3.13015905135243,51.5298840897506],[-3.13016461763545,51.5301088286682],[-3.13052494873531,51.530105351006],[-3.13088527976642,51.5301018722358],[-3.13087971015479,51.5298771332825],[-3.13087414061191,51.5296523943214],[-3.13051381290939,51.5296558731273],[-3.13050824509952,51.5294311341765],[-3.13014791899251,51.5294346118924],[-3.1301423529156,51.5292098729518],[-3.13050267735837,51.529206395218],[-3.13086300173238,51.5292029163764],[-3.13085743239572,51.5289781773924],[-3.13121775503674,51.528974697425],[-3.13157807760896,51.5289712163498],[-3.13157250501266,51.5287464773224],[-3.13156693248514,51.5285217382875],[-3.13192725166018,51.5285182560686],[-3.13193282585186,51.5287429951215],[-3.13229314662223,51.5287395118126],[-3.13229872254692,51.5289642508757],[-3.13265904491262,51.5289607664768],[-3.13301936720944,51.5289572809701],[-3.13302494653138,51.5291820200611],[-3.13338527042351,51.5291785334643],[-3.13339085147855,51.5294032725654],[-3.1333964326025,51.529628011659],[-3.13375675975418,51.5296245239899],[-3.1337623426113,51.5298492630935],[-3.13376792553734,51.5300740021896],[-3.1337735085323,51.5302987412779],[-3.13341317638772,51.5303022288936],[-3.13341875778727,51.5305269679566],[-3.13342433925571,51.5307517070118],[-3.13378467472899,51.5307482194318],[-3.13379025793073,51.5309729584972],[-3.13379584120139,51.531197697555],[-3.1341561799345,51.5311942089025],[-3.13416176493852,51.5314189479704],[-3.13416735001149,51.5316436870307],[-3.1345276920045,51.5316401973058],[-3.13453327881089,51.5318649363762],[-3.13453886568626,51.532089675439],[-3.1345444526306,51.5323144144941],[-3.13490479288783,51.5323109315996],[-3.13491038168838,51.532535670828],[-3.13527072246899,51.5325321884665],[-3.13527631330372,51.5327569277248],[-3.13563665596237,51.5327534442916],[-3.13564224883134,51.5329781835797],[-3.13564784177839,51.5332029228608],[-3.13565343480354,51.5334276621348],[-3.13601378325264,51.5334241777037],[-3.13601937831212,51.5336489170075],[-3.13602497475115,51.5338736566707],[-3.13603057381142,51.5340983970418],[-3.13603617294612,51.5343231374032],[-3.13604177215526,51.5345478777551],[-3.13604737143883,51.5347726180973],[-3.13640773097374,51.5347691324049],[-3.13676809043414,51.5347656456064],[-3.13677369346703,51.5349903858476],[-3.13713405469033,51.5349868978971],[-3.13712844982001,51.5347621577017],[-3.13712284502419,51.5345374174967],[-3.13711724030287,51.534312677282],[-3.13711163565606,51.5340879370578],[-3.13747198945519,51.5340844481842],[-3.13746638304554,51.5338597079961],[-3.13746077915172,51.5336349683439],[-3.13710042905913,51.5336384571728],[-3.13674007888832,51.5336419448931],[-3.13673447991637,51.5334172055154],[-3.13672888102258,51.5331924661307],[-3.13708922728095,51.5331889783368],[-3.13744957346109,51.5331854894342],[-3.1374439707331,51.5329607499687],[-3.1378043148788,51.5329572599207],[-3.13779871027287,51.5327325204113],[-3.13815905238414,51.5327290292178],[-3.13815344590031,51.5325042896645],[-3.13814783949474,51.5322795501043],[-3.13778750129571,51.5322830413715],[-3.13778189692448,51.532058301841],[-3.13742156060326,51.5320617920365],[-3.13741595826633,51.5318370525358],[-3.13705562382292,51.5318405416595],[-3.1366952893013,51.5318440296746],[-3.13633495470149,51.5318475165812],[-3.13632935831087,51.531622777184],[-3.13596902558893,51.5316262630189],[-3.13596343123247,51.5314015236515],[-3.1356031003884,51.5314050084147],[-3.13559750806603,51.5311802690772],[-3.13523717909985,51.5311837527687],[-3.13523158881153,51.530959013461],[-3.13522599860126,51.5307342741463],[-3.13486567346891,51.530737756803],[-3.13486008529261,51.5305130175182],[-3.13485449719434,51.5302882782263],[-3.13449417261457,51.5302917627228],[-3.13448858629098,51.5300670235988],[-3.13448300003635,51.5298422844672],[-3.13447741385068,51.529617545328],[-3.13447182773398,51.5293928061811],[-3.13483214558148,51.529389320988],[-3.13482655787332,51.5291645816608],[-3.13482097024317,51.5289398423266],[-3.13481538269104,51.5287151029853],[-3.13480979521693,51.5284903636369],[-3.13444948395679,51.5284938495171],[-3.13444389818489,51.5282691103319],[-3.1340835811563,51.5282726003235],[-3.13407799711748,51.5280478611485],[-3.13407241314759,51.5278231219659],[-3.13443272684795,51.5278196319387],[-3.13442714128292,51.5275948927307],[-3.13478744610059,51.527591406173],[-3.13514774385232,51.5275879229996],[-3.13514215481269,51.5273631835791],[-3.13550245053077,51.5273596992604],[-3.13550804152598,51.5275844387178],[-3.13586833912155,51.5275809533277],[-3.13622863663901,51.527577466829],[-3.13658893407833,51.527573979222],[-3.13658333721641,51.527349239654],[-3.13657774043263,51.5271245000789],[-3.13657214372698,51.5268997604968],[-3.13656654709945,51.5266750209076],[-3.13656095055006,51.5264502813113],[-3.13655535407878,51.526225541708],[-3.13654975768563,51.5260008020977],[-3.13691004135834,51.5259973131243],[-3.13690444308792,51.52577257347],[-3.13726472472705,51.5257690833514],[-3.13725912457941,51.5255443436532],[-3.13725352851539,51.5253196039267],[-3.13761380630706,51.5253161126341],[-3.13760821060468,51.5250913728646],[-3.13796848643353,51.5250878804399],[-3.13796288892049,51.5248631406389],[-3.13832316278654,51.5248596470824],[-3.13868343657646,51.5248561524178],[-3.13867783536612,51.5246314125613],[-3.13903810719321,51.5246279167649],[-3.13939837894414,51.5246244198606],[-3.13939277403658,51.5243996799486],[-3.13938716920521,51.5241749400292],[-3.13938156445001,51.5239502001023],[-3.13937595977099,51.523725460168],[-3.13937035516814,51.5235007202262],[-3.13901009285031,51.5235042172506],[-3.13901569556659,51.5237289571683],[-3.13865543128603,51.5237324530608],[-3.13866103219186,51.5239571929471],[-3.13830076594857,51.5239606877077],[-3.13794049962917,51.5239641813605],[-3.13758023323369,51.5239676739053],[-3.13757463798766,51.5237429340911],[-3.13756904281769,51.5235181942695],[-3.13792930543999,51.5235147016765],[-3.13792370845952,51.5232899618234],[-3.13791811155512,51.5230652219628],[-3.13827837032826,51.5230617282139],[-3.13827277161343,51.5228369883219],[-3.13863302842396,51.5228334934411],[-3.13862742789875,51.5226087535176],[-3.13862182744966,51.5223840135866],[-3.13898208041114,51.52238051755],[-3.13898768274669,51.522605257505],[-3.13934793751846,51.5226017603846],[-3.13970819221407,51.5225982621564],[-3.13970258610562,51.5223735221534],[-3.14006283883858,51.5223700227933],[-3.14042309149531,51.5223665223254],[-3.14042870137665,51.5225912623764],[-3.14078895584358,51.5225877608247],[-3.14079456768764,51.5228125008922],[-3.14043431133424,51.52281600242],[-3.14043992136806,51.523040742456],[-3.14007966305191,51.523044242852],[-3.14008527127546,51.5232689828566],[-3.14044553147813,51.5232654824847],[-3.14045114166444,51.5234902225059],[-3.140456751927,51.5237149625196],[-3.1404623622658,51.5239397025259],[-3.14046797268085,51.5241644425248],[-3.14047358317215,51.5243891825162],[-3.14083385273152,51.5243856811562],[-3.14082824035358,51.5241609411408],[-3.14082262805192,51.523936201118],[-3.14081701582652,51.5237114610878],[-3.1408114036774,51.52348672105],[-3.14080579160454,51.5232619810049],[-3.14080017960796,51.5230372409523],[-3.14116043777157,51.5230337383407],[-3.14115482396476,51.5228089982566],[-3.14114921023424,51.5225842581652],[-3.14114359658,51.5223595180663],[-3.14113798300205,51.5221347779599],[-3.14149823354354,51.5221312741446],[-3.14149261815548,51.5219065340069],[-3.14185286673426,51.5219030290598],[-3.14184724953614,51.5216782888907],[-3.14220749615221,51.5216747828119],[-3.1422131152367,51.521899523005],[-3.14257336366276,51.5218960158424],[-3.1425677426919,51.5216712756254],[-3.14292798915521,51.521667767331],[-3.14292236637439,51.5214430270826],[-3.14328261087493,51.5214395176566],[-3.14364285529904,51.5214360071227],[-3.14400309964668,51.5214324954811],[-3.14436334391783,51.5214289827317],[-3.14435771366816,51.5212042423803],[-3.14399747128332,51.5212077551536],[-3.14363722882199,51.5212112668191],[-3.1432769862842,51.5212147773768],[-3.14327136176989,51.5209900370897],[-3.143265737332,51.5207652967951],[-3.14362597609723,51.5207617861895],[-3.143986214786,51.5207582744762],[-3.14398058665205,51.5205335341264],[-3.1443408233781,51.5205300212814],[-3.14470106002763,51.5205265073288],[-3.14506129660064,51.5205229922683],[-3.14542153309708,51.5205194761002],[-3.14578176951694,51.5205159588242],[-3.14578740708209,51.5207406992934],[-3.14579304472382,51.5209654397551],[-3.14615328483957,51.5209619214191],[-3.14614764531158,51.5207371809336],[-3.1461420058602,51.5205124404406],[-3.14650224212682,51.5205089209491],[-3.14650788346443,51.520733661466],[-3.14686812154063,51.5207301408906],[-3.14687376484113,51.5209548814238],[-3.1472340047269,51.5209513597645],[-3.14723964999035,51.5211761003141],[-3.14724529533048,51.5214008408562],[-3.1472509407473,51.5216255813909],[-3.14689069520263,51.5216291029787],[-3.14689633880979,51.5218538434822],[-3.14725658624082,51.5218503219181],[-3.14761683359513,51.5218467992462],[-3.14762248105172,51.5220715397898],[-3.14798273021566,51.5220680160339],[-3.14834297930285,51.5220644911702],[-3.14834863060894,51.5222892317539],[-3.14798837963536,51.5222927565939],[-3.1479940291318,51.5225174971464],[-3.14799967870499,51.5227422376914],[-3.14800532835493,51.522966978229],[-3.14764507164525,51.5229705018898],[-3.14765071948544,51.5231952423961],[-3.14729046081253,51.5231987649252],[-3.14729610684293,51.5234235054003],[-3.14765636740236,51.5234199828951],[-3.147662015396,51.5236447233866],[-3.14730175295003,51.523648245868],[-3.14730739913384,51.5238729863283],[-3.14731304539435,51.5240977267811],[-3.14731869173157,51.5243224672264],[-3.1469584235491,51.5243259885286],[-3.14696406807638,51.5245507289427],[-3.14660379793057,51.5245542491131],[-3.14624352770807,51.5245577681756],[-3.14624916853871,51.5247825085346],[-3.14660944064787,51.524778989496],[-3.14661508344184,51.5250037298714],[-3.14662072631248,51.5252284702393],[-3.14626045042991,51.5252319892303],[-3.14626609149047,51.525456729567],[-3.14627174022159,51.5256814701724],[-3.14591146054532,51.5256849879998],[-3.14591710770012,51.5259097285725],[-3.1459227549337,51.5261344691381],[-3.14556247126785,51.5261379857839],[-3.14556811662478,51.5263627263058],[-3.14557376206046,51.5265874668207],[-3.14557940757488,51.5268122073286],[-3.14521911796394,51.5268157227561],[-3.14522476160162,51.5270404632203],[-3.14486446995641,51.5270439775027],[-3.14487011171731,51.5272687179232],[-3.14450981803783,51.5272722310605],[-3.1445154579219,51.5274969714373],[-3.14487575355691,51.5274934583366],[-3.1448813954752,51.527718198743],[-3.14524169298702,51.5277146845705],[-3.14523604911316,51.5274899441275],[-3.14559634459063,51.5274864288099],[-3.14559069883996,51.5272616883232],[-3.14558505316805,51.5270369478294],[-3.14594534465567,51.5270334313301],[-3.14593969710702,51.5268086907927],[-3.14593404963714,51.5265839502482],[-3.146294337135,51.5265804325673],[-3.146654624554,51.526576913778],[-3.14664897325203,51.5263521731532],[-3.14664332202888,51.5261274325214],[-3.14700360545817,51.5261239125505],[-3.14699795235846,51.5258991718751],[-3.14699229933758,51.5256744311926],[-3.14698664695239,51.5254496905247],[-3.1473469245683,51.5254461693416],[-3.14734127784753,51.5252214289334],[-3.14733563120347,51.5249966885179],[-3.1476959049692,51.5249931661792],[-3.14769025651517,51.5247684257324],[-3.14768460813787,51.5245436852781],[-3.1480448780535,51.524540161784],[-3.1480392278663,51.5243154212984],[-3.14803357775585,51.5240906808055],[-3.14839384382145,51.5240871561558],[-3.14875410981025,51.5240836303983],[-3.14911437572222,51.5240801035329],[-3.14947464155735,51.5240765755595],[-3.14983490731559,51.5240730464783],[-3.15019517299694,51.5240695162892],[-3.15020083442703,51.5242942569247],[-3.15056110191806,51.5242907256514],[-3.15056676531168,51.5245154663033],[-3.15057242878223,51.5247402069477],[-3.15093269996958,51.5247366746139],[-3.15093836540373,51.5249614152746],[-3.15129863847379,51.5249578821668],[-3.15130430589444,51.5251826229049],[-3.15130997339487,51.5254073636356],[-3.15167025117489,51.5254038330291],[-3.15203052887507,51.5254003013146],[-3.15202485742298,51.5251755605294],[-3.15166458169863,51.5251790922712],[-3.15165891230217,51.5249543515058],[-3.15165324298551,51.5247296107332],[-3.15129297113292,51.5247331414215],[-3.15128730387183,51.5245084006688],[-3.15128163669051,51.5242836599088],[-3.15127596958896,51.5240589191414],[-3.15091570412884,51.5240624525873],[-3.15091003900249,51.5238377118968],[-3.15090437395309,51.5236129711989],[-3.15089870898063,51.5233882304936],[-3.15089304408511,51.5231634897808],[-3.1505327861038,51.5231670222807],[-3.15052712317171,51.5229422815842],[-3.15016686699994,51.5229458129999],[-3.15016120603123,51.5227210723197],[-3.1501555451394,51.522496331632],[-3.14979529266361,51.5224998619873],[-3.14978963373509,51.522275121316],[-3.14978397488343,51.5220503806372],[-3.14942372610356,51.5220539099322],[-3.14941806921513,51.5218291692697],[-3.14941241240354,51.5216044285998],[-3.14905216731951,51.5216079568345],[-3.14904651247107,51.5213832161809],[-3.14904085769944,51.5211584755198],[-3.14940109901086,51.5211549472376],[-3.14939544242978,51.5209302065454],[-3.14975568177807,51.5209266771317],[-3.15011592104948,51.5209231466102],[-3.15047616024399,51.520919614981],[-3.15083639936156,51.520916082244],[-3.15119663840218,51.5209125483992],[-3.15155687681097,51.5209090164771],[-3.15191711499925,51.5209054842173],[-3.15191144514349,51.5206807432855],[-3.15190577536753,51.5204560023463],[-3.1515455411299,51.5204595346607],[-3.15153987340902,51.5202347937415],[-3.15153420576792,51.520010052815],[-3.1515285382066,51.5197853118811],[-3.15152287072504,51.5195605709399],[-3.15151720332326,51.5193358299914],[-3.15187742768473,51.5193322975407],[-3.15223765196638,51.5193287639822],[-3.15259787616817,51.5193252293159],[-3.1529581002901,51.5193216935417],[-3.15331832433212,51.5193181566598],[-3.15332400160981,51.5195428977445],[-3.15368422754708,51.5195393597819],[-3.15367854829422,51.51931461867],[-3.15403877217636,51.5193110795724],[-3.15439899597853,51.5193075393669],[-3.15475921970069,51.5193039980536],[-3.15511944334283,51.5193004556325],[-3.15547966690491,51.5192969121036],[-3.1558398903869,51.5192933674669],[-3.15583419936308,51.5190686261845],[-3.15582850841932,51.5188438848947],[-3.15582281755563,51.5186191435977],[-3.155817126772,51.5183944022933],[-3.15545691119042,51.5183979470387],[-3.15546259999899,51.5186226883159],[-3.15510238236227,51.5186262319263],[-3.1547421646455,51.518629774429],[-3.1543819468487,51.5186333158238],[-3.1540217289719,51.5186368561109],[-3.15402740996012,51.518861597272],[-3.15366719002825,51.5188651364241],[-3.15330697001643,51.5188686744683],[-3.15330129297842,51.5186439333616],[-3.15294107486178,51.5186474703252],[-3.15258085666524,51.5186510061811],[-3.15222063838884,51.5186545409291],[-3.15186042003259,51.5186580745694],[-3.15150020159652,51.5186616071019],[-3.15113998251023,51.518665139881],[-3.15077976233092,51.5186686739629],[-3.15041954207466,51.5186722069371],[-3.15042520354556,51.518896947775],[-3.15006498132637,51.5189004796178],[-3.14970475903028,51.5189040103529],[-3.14971041680597,51.5191287511359],[-3.14935019254696,51.5191322807396],[-3.14934453665732,51.5189075399804],[-3.14898431420752,51.5189110685001],[-3.14898996821111,51.5191358092356],[-3.14862974379843,51.5191393366238],[-3.14826951930896,51.5191428629044],[-3.14826386907749,51.5189181222165],[-3.1479036463973,51.5189216474131],[-3.14754342364037,51.5189251715021],[-3.14718320080672,51.5189286944834],[-3.14717755631009,51.5187039538594],[-3.14681733528578,51.5187074757568],[-3.1464571141848,51.5187109965465],[-3.14645147353688,51.5184862559627],[-3.14609125424527,51.5184897756685],[-3.14608561555997,51.5182650351011],[-3.14572539807773,51.5182685537231],[-3.14536518051889,51.5182720712375],[-3.14500496288349,51.5182755876442],[-3.1449993299327,51.5180508471408],[-3.14463911410673,51.5180543624637],[-3.14463348311841,51.5178296219768],[-3.1446278522066,51.5176048814823],[-3.14462222137129,51.5173801409805],[-3.14461659061247,51.5171554004712],[-3.14461095961225,51.5169306607645],[-3.14497116615714,51.5169271453786],[-3.14496553347537,51.5167024057753],[-3.14532573823122,51.5166988893056],[-3.14568594291577,51.5166953717297],[-3.14569157903305,51.5169201112884],[-3.14605178536403,51.5169165925841],[-3.146046147529,51.5166918530477],[-3.14604050976529,51.5164671135024],[-3.14640071258944,51.5164635937366],[-3.14639507317935,51.5162388542047],[-3.14675527421442,51.5162353333551],[-3.1471154751781,51.5162318113993],[-3.147109832404,51.5160070719032],[-3.14747003157859,51.5160035488636],[-3.14746438715823,51.5157788093811],[-3.14782458454372,51.5157752852577],[-3.14781893847714,51.5155505457886],[-3.147813292482,51.5153258063106],[-3.14817348636079,51.5153222811259],[-3.1481678387195,51.5150975416613],[-3.14816219114966,51.5148728021879],[-3.14815654365128,51.5146480627056],[-3.14815089622435,51.5144233232144],[-3.14851108316145,51.5144197970131],[-3.14887127002706,51.5144162697057],[-3.14887692088903,51.5146410091522],[-3.14923710940064,51.5146374807164],[-3.14959729784072,51.5146339511745],[-3.14995748620923,51.5146304205265],[-3.14995183019472,51.5144056811473],[-3.14959164354371,51.5144092117728],[-3.14923145682116,51.5144127412923],[-3.14922580431319,51.5141880018594],[-3.1488656192366,51.5141915302504],[-3.14850543408849,51.5141950575354],[-3.14814524886889,51.5141985837143],[-3.14778506357781,51.5142021087872],[-3.1474248782153,51.514205632754],[-3.14741923436624,51.5139808932003],[-3.14705905064978,51.5139844160387],[-3.14669886686192,51.5139879377711],[-3.14669322651918,51.5137631981638],[-3.1463330443774,51.5137667187678],[-3.14597286216427,51.5137702382658],[-3.1456126798798,51.5137737566577],[-3.14561831507016,51.513998496332],[-3.14525813099692,51.5140020136402],[-3.14526376454109,51.5142267533278],[-3.14490357867907,51.5142302695523],[-3.14489794685239,51.5140055298423],[-3.14453776263659,51.5140090449384],[-3.14417757834955,51.5140125589285],[-3.14417195002905,51.5137878191651],[-3.14416632177976,51.5135630793928],[-3.14452650263189,51.5135595654473],[-3.14452087273638,51.5133348256883],[-3.14451524291209,51.5131100859205],[-3.14450961315903,51.5128853461438],[-3.14414943745909,51.5128888600225],[-3.1441438094946,51.5126641202146],[-3.14413818160131,51.5124393803979],[-3.14413255377922,51.5122146405723],[-3.14449272432715,51.5122111267604],[-3.14449835386656,51.5124358665638],[-3.14485852606056,51.5124323516237],[-3.14485289480385,51.5122076118426],[-3.14484726361838,51.5119828720526],[-3.14448709485896,51.5119863869481],[-3.14448146546199,51.511761647127],[-3.14447583613624,51.511536907297],[-3.14447020688169,51.5113121674581],[-3.14483037048938,51.5113086526294],[-3.14483600146114,51.511533392446],[-3.1451961667148,51.5115298764891],[-3.14519053402582,51.5113051366947],[-3.14555069749098,51.5113016196542],[-3.14591086088484,51.5112981015077],[-3.14627102420738,51.5112945822552],[-3.14663118745858,51.5112910618969],[-3.14663682701642,51.5115158016019],[-3.14699699191347,51.5115122801153],[-3.14700263325989,51.5117370197891],[-3.14736279980279,51.5117334971742],[-3.14736844293784,51.5119582368168],[-3.14772861112657,51.5119547130735],[-3.14808877924388,51.5119511882243],[-3.14808313267432,51.5117264486264],[-3.14772296627427,51.5117299734533],[-3.14771732149338,51.5115052338241],[-3.14771167678391,51.5112804941861],[-3.14770603214586,51.5110557545392],[-3.147345870826,51.511059278193],[-3.14734022797652,51.5108345385148],[-3.14733458519843,51.5106097988278],[-3.14769474308398,51.5106062752186],[-3.14768909866016,51.510381535545],[-3.14804925475717,51.5103780108524],[-3.14804360868766,51.5101532711922],[-3.14840376299612,51.510149745416],[-3.14839811528097,51.5099250057694],[-3.1487582678009,51.5099214789097],[-3.14911842024933,51.5099179509441],[-3.14911276917153,51.5096932113333],[-3.14947291983141,51.5096896822842],[-3.14983307041975,51.5096861521293],[-3.14983872493164,51.5099108916953],[-3.15019887716547,51.509907360412],[-3.15019322093654,51.5096826208685],[-3.15055337138175,51.5096790885018],[-3.15091352175536,51.5096755550292],[-3.15127367191387,51.5096720204767],[-3.15163380989374,51.5096684870053],[-3.15163947310942,51.5098932265411],[-3.15199961302784,51.5098896919859],[-3.15235975286504,51.5098861563233],[-3.15236542020139,51.5101108958987],[-3.1527255619771,51.5101073591524],[-3.15308570367154,51.5101038212986],[-3.15308003229571,51.5098790816763],[-3.15271989262101,51.5098826195535],[-3.15271422334617,51.5096578799471],[-3.15270855415257,51.5094331403333],[-3.15234841843602,51.5094366771502],[-3.15234275134333,51.5092119375525],[-3.15233708433187,51.5089871979473],[-3.15233141453882,51.5087624581693],[-3.15232573079279,51.5085377175737],[-3.1519656029125,51.5085412533815],[-3.15195992088589,51.508316512792],[-3.15195423892884,51.5080917721947],[-3.15231436350947,51.5080882363593],[-3.15230867997218,51.5078634957405],[-3.15230299650447,51.5076387551139],[-3.15229731310633,51.5074140144796],[-3.15229162977776,51.5071892738375],[-3.15193151179616,51.5071928097282],[-3.151937193475,51.5074175503564],[-3.15157707377402,51.5074210851264],[-3.15158275387266,51.5076458257331],[-3.15158843404083,51.507870566332],[-3.15159411427854,51.5080953069232],[-3.15159979458578,51.5083200475066],[-3.15160547496256,51.5085447880823],[-3.15161115540887,51.5087695286502],[-3.15197128500868,51.5087659939633],[-3.1519769525734,51.5089907337039],[-3.15198261756522,51.5092154732855],[-3.15198828263823,51.5094402128598],[-3.15162814675924,51.509443747462],[-3.15126801074893,51.5094472809657],[-3.15090786216396,51.5094508155216],[-3.15054771350736,51.5094543489718],[-3.15018756477917,51.509457881316],[-3.14982741597941,51.5094614125544],[-3.1498217616106,51.5092366729707],[-3.14946161445628,51.5092402030808],[-3.14910146723043,51.5092437320851],[-3.14874131993308,51.5092472599835],[-3.14838117256423,51.5092507867761],[-3.14838682006503,51.5094755264494],[-3.14802667090772,51.5094790521585],[-3.14766652167897,51.5094825767617],[-3.14730637237879,51.5094861002591],[-3.14730073002902,51.5092613605187],[-3.14729508775062,51.5090366207694],[-3.14693494181304,51.5090401431162],[-3.14694058237445,51.5092648828878],[-3.14658043464851,51.5092684041511],[-3.14658607356427,51.5094931439362],[-3.14659171255136,51.5097178837124],[-3.14623156132003,51.5097214039145],[-3.14587141001736,51.5097249230107],[-3.14586577446433,51.5095001831898],[-3.1458601389826,51.5092754433601],[-3.14585450357216,51.5090507035215],[-3.14621464972379,51.5090471844922],[-3.14620901266767,51.508822444667],[-3.14620335799947,51.5085977043274],[-3.14619770149654,51.5083729639254],[-3.14655784233849,51.508369443788],[-3.14655218430048,51.5081447033688],[-3.14691232347175,51.5081411821154],[-3.14727246257512,51.5081376597551],[-3.1472668013993,51.5079129193097],[-3.14726114029127,51.5076881788563],[-3.14762127612118,51.5076846553709],[-3.14798141188315,51.5076811307786],[-3.14834154757717,51.5076776050796],[-3.14834721349349,51.5079023455605],[-3.14870735072231,51.5078988187639],[-3.14870168320323,51.5076740782738],[-3.14906181876129,51.5076705503612],[-3.14942195425133,51.5076670213418],[-3.14941628359465,51.5074422808255],[-3.1494106130059,51.5072175403013],[-3.14940494248507,51.5069927997692],[-3.14904481180318,51.506996328816],[-3.14868468105327,51.5069998567561],[-3.14869034836871,51.5072245972699],[-3.14833021594812,51.5072281240941],[-3.14833588172872,51.5074528645908],[-3.14797574763744,51.507456390299],[-3.14761561347821,51.5074599149004],[-3.14725547925105,51.5074634383951],[-3.14689534495598,51.507466960783],[-3.14688968558627,51.507242220323],[-3.14688402628435,51.5070174798552],[-3.14652389512682,51.5070210011547],[-3.14651823749535,51.5067962606881],[-3.14687836705019,51.5067927393794],[-3.14687270788381,51.5065679988957],[-3.1468670487852,51.5063432584042],[-3.14686138975436,51.5061185179047],[-3.14650126500745,51.5061220392411],[-3.14649560764697,51.505897298743],[-3.14648995035425,51.5056725582369],[-3.14648429312927,51.505447817723],[-3.14647863597204,51.5052230772011],[-3.14683875430869,51.5052195558278],[-3.14683309561669,51.5049948152889],[-3.14682743699245,51.504770074742],[-3.14718755205622,51.5047665522436],[-3.14718189189728,51.5045418116797],[-3.14754200529068,51.5045382880654],[-3.14753634359707,51.5043135474844],[-3.14753068197126,51.5040888068954],[-3.14789079209189,51.5040852821561],[-3.14788512893148,51.50386054155],[-3.14824523738177,51.5038570156949],[-3.1482395726868,51.5036322750718],[-3.14859967946675,51.5036287481009],[-3.14895978617874,51.5036252200234],[-3.14895411834689,51.503400479374],[-3.14931422338853,51.5033969501807],[-3.14930855402224,51.5031722095142],[-3.14966865739353,51.5031686792052],[-3.14966298649282,51.5029439385217],[-3.15002308819377,51.5029404070969],[-3.15038318982667,51.5029368745655],[-3.15037751578931,51.5027121338558],[-3.15073761575185,51.5027086002087],[-3.1510977156463,51.502705065455],[-3.15109203847237,51.5024803247192],[-3.15145212919301,51.5024767898178],[-3.15181221260502,51.5024732547437],[-3.15217229594741,51.5024697185628],[-3.15216661414917,51.5022449777501],[-3.15252669577266,51.5022414404487],[-3.15288677732649,51.5022379020406],[-3.15324685881062,51.5022343625257],[-3.15360694022504,51.5022308219041],[-3.15396702156973,51.5022272801758],[-3.15397271161418,51.5024520210574],[-3.1539784017283,51.5026767619312],[-3.15433848630173,51.5026732191237],[-3.15434417813479,51.5028979600036],[-3.15470426428773,51.5028944161031],[-3.15506435037088,51.5028908710958],[-3.1554244363842,51.5028873249818],[-3.15578452232769,51.5028837777611],[-3.15577882389751,51.5026590368262],[-3.15613890812186,51.502655488485],[-3.15649899227632,51.5026519390371],[-3.15685907636087,51.5026483884824],[-3.1568533730527,51.5024236474987],[-3.15721345541808,51.5024200958235],[-3.15757353771352,51.5024165430416],[-3.15793361993899,51.502412989153],[-3.15792791175296,51.5021882481205],[-3.15756783117671,51.5021918020228],[-3.15720775053051,51.5021953548183],[-3.15684766981436,51.5021989065072],[-3.15684196664584,51.501974165508],[-3.15720204571279,51.5019706138054],[-3.15719634096491,51.5017458727848],[-3.15719063628689,51.5015211317564],[-3.1568305605183,51.5015246834863],[-3.1564704846798,51.5015282341095],[-3.15611040877139,51.501531783626],[-3.15611610850191,51.5017565246133],[-3.15575603087446,51.5017600730094],[-3.15539595317716,51.5017636202988],[-3.15540164967908,51.5019883612509],[-3.15576172902558,51.5019848139753],[-3.15576742724646,51.5022095549333],[-3.15540734625075,51.5022131021953],[-3.1550472651852,51.5022166483505],[-3.15468718404983,51.502220193399],[-3.15432710284467,51.5022237373407],[-3.15432141122065,51.5019989964376],[-3.15431571966631,51.5017742555268],[-3.15395564168979,51.5017777983893],[-3.1539499518543,51.5015530574845],[-3.1535898754572,51.5015565992541],[-3.15358418734052,51.5013318583553],[-3.15322411252285,51.501335399032],[-3.15286403763547,51.501338938602],[-3.15286972245385,51.5015636794733],[-3.15250964584763,51.5015672179228],[-3.15214956917174,51.5015707552657],[-3.15214388765169,51.501346014422],[-3.15213820620118,51.5011212735706],[-3.15177813275395,51.5011248098344],[-3.1514180592371,51.5011283449915],[-3.15142373738933,51.5013530858153],[-3.15106365362281,51.5013566209218],[-3.15106933045672,51.5015813616971],[-3.15070923857338,51.5015848964963],[-3.15034914662196,51.501588430189],[-3.15035482031951,51.5018131709382],[-3.14999472669784,51.5018167035152],[-3.14998905460247,51.5015919627752],[-3.14962896251495,51.5015954942548],[-3.14962329208968,51.5013707535159],[-3.1492632015363,51.5013742838981],[-3.14925753278109,51.5011495431606],[-3.14889744376185,51.5011530724454],[-3.14889177667666,51.5009283317091],[-3.14853168919156,51.5009318598965],[-3.14852602377634,51.5007071191614],[-3.14816593782539,51.5007106462515],[-3.1481602740801,51.5004859055177],[-3.14780018966329,51.5004894315105],[-3.14779452276623,51.5002646920704],[-3.14743443997649,51.5002682169645],[-3.14742877425875,51.5000434776845],[-3.14706869301351,51.5000470015043],[-3.14706302897664,51.49982226225],[-3.14705736500786,51.4995975229885],[-3.14669728691987,51.4996010457668],[-3.14670294927592,51.4998257849954],[-3.14670861170005,51.5000505242169],[-3.14634853031837,51.5000540458222],[-3.1463541911978,51.5002787850037],[-3.14635985131712,51.5005035244165],[-3.14671993600546,51.5005000028497],[-3.14672559334241,51.5007247435468],[-3.14708567956499,51.5007212208827],[-3.14709133857178,51.5009459615811],[-3.14709699764635,51.5011707022715],[-3.14673690821953,51.5011742249171],[-3.14674256575971,51.5013989655905],[-3.14674822336763,51.5016237062559],[-3.1467538810433,51.5018484469134],[-3.14675953878672,51.502073187563],[-3.14676519659789,51.5022979282047],[-3.1467708544768,51.5025226688386],[-3.14677651242347,51.5027474094645],[-3.14678217043789,51.5029721500825],[-3.14678782852006,51.5031968906926],[-3.14679348666998,51.5034216312948],[-3.14679914488767,51.5036463718891],[-3.14643903776816,51.5036498933268],[-3.1460789305808,51.503653413658],[-3.14571882332562,51.5036569328825],[-3.14535871600263,51.5036604510003],[-3.14499860861185,51.5036639680116],[-3.1446385011533,51.5036674839162],[-3.14427839362701,51.5036709987142],[-3.14391828603299,51.5036745124056],[-3.14391264063425,51.5034497718852],[-3.1435525345749,51.5034532844793],[-3.1435468908461,51.5032285439603],[-3.14354124718487,51.5030038034335],[-3.14353560359119,51.5027790628987],[-3.14389570484355,51.5027755502768],[-3.14389005971515,51.5025508097249],[-3.14388441465433,51.502326069165],[-3.14387876966109,51.5021013285973],[-3.14351867321553,51.502104841247],[-3.14351302989209,51.5018801006806],[-3.14350738663621,51.5016553601063],[-3.14350174344788,51.5014306195242],[-3.14349610032711,51.5012058789341],[-3.14313601022265,51.5012093905144],[-3.14277592005054,51.5012129009882],[-3.1427702802016,51.5009881604088],[-3.14276464042017,51.5007634198215],[-3.14275900070624,51.5005386792263],[-3.14239891527286,51.5005421886215],[-3.14203882977187,51.5005456969103],[-3.1416787442033,51.5005492040925],[-3.14168437911092,51.5007739446597],[-3.14132429187267,51.5007774507261],[-3.14131865856715,51.5005527101682],[-3.14095857286346,51.5005562151374],[-3.14059848709225,51.5005597190001],[-3.1405928540263,51.5003349795807],[-3.14095293810937,51.5003314757238],[-3.14094730142166,51.5001067370365],[-3.14094166480167,51.4998819983419],[-3.14058158394416,51.4998855022648],[-3.14022150301878,51.4998890050806],[-3.13986142202557,51.4998925067891],[-3.13986705380724,51.5001172453845],[-3.14022713641323,51.5001137437091],[-3.14023276987536,51.5003384823304],[-3.13987268565658,51.5003419839728],[-3.13987831534731,51.500566723406],[-3.14023840125352,51.5005632217563],[-3.14024402975272,51.5007879622861],[-3.1398839422444,51.5007914639265],[-3.13952385466862,51.5007949644603],[-3.13951822937364,51.5005702239492],[-3.13915814333252,51.5005737233859],[-3.13915251701558,51.5003489839361],[-3.13879243259339,51.5003524822569],[-3.13843234810344,51.5003559794704],[-3.13842672270528,51.5001312410144],[-3.1384210973747,51.4999065025511],[-3.13806101604259,51.4999099987236],[-3.13770093464276,51.4999134937889],[-3.13769531260527,51.4996887553846],[-3.1373352327505,51.4996922493758],[-3.13732961239329,51.4994675109974],[-3.13696953408358,51.4994710039145],[-3.1369639154066,51.4992462655621],[-3.13695829679711,51.4990215272024],[-3.13659822164516,51.4990250190786],[-3.13659260471584,51.4988002807449],[-3.13658698785398,51.498575542404],[-3.13658137105959,51.498350804056],[-3.13622130067797,51.4983542949243],[-3.13621568556366,51.4981295566022],[-3.13621007051679,51.4979048182729],[-3.1365701376732,51.4979013273384],[-3.13656452108121,51.4976765889689],[-3.13620445553736,51.4976800799365],[-3.13619884062537,51.4974553415929],[-3.13619322578083,51.4972306032421],[-3.13583316339445,51.4972340931689],[-3.13582755022985,51.497009354844],[-3.1354674893884,51.4970128436969],[-3.1354618779037,51.496788105398],[-3.13510181860718,51.4967915931769],[-3.13474175924312,51.4967950798486],[-3.13473615105075,51.4965703416089],[-3.13437609165214,51.4965738287313],[-3.13437048570348,51.4963490904735],[-3.13473054292572,51.4963456033619],[-3.13472493486804,51.4961208651078],[-3.13508498939477,51.4961173783366],[-3.13507937979204,51.4958926400421],[-3.13543943263883,51.4958891521307],[-3.13543382149108,51.495664413796],[-3.13579387265794,51.4956609247444],[-3.13578825996523,51.4954361863693],[-3.13614830945216,51.4954326961776],[-3.13614269521453,51.4952079577623],[-3.13650274302153,51.4952044664304],[-3.13649712723901,51.4949797279748],[-3.1368571733661,51.4949762355028],[-3.13721721942555,51.4949727419238],[-3.13757726541735,51.4949692472378],[-3.13757164486542,51.4947445086758],[-3.13793168917726,51.4947410128497],[-3.13792606708057,51.4945162742474],[-3.13828610971246,51.4945127772813],[-3.13828048607106,51.4942880386388],[-3.13827486249722,51.494063299989],[-3.13826923899092,51.4938385613321],[-3.13862927671844,51.4938350631599],[-3.13898931437824,51.4938315638806],[-3.13934935197028,51.4938280634945],[-3.13934372369501,51.4936033247313],[-3.13970375960711,51.4935998232051],[-3.1396981297873,51.4933750844017],[-3.13969250003512,51.4931503455911],[-3.1393324673473,51.4931538471834],[-3.13897243459172,51.4931573476687],[-3.13896680813139,51.492932608917],[-3.13860677692017,51.4929361083284],[-3.13824674564123,51.4929396066329],[-3.13824112247268,51.4927148679401],[-3.13788109273812,51.4927183651707],[-3.13787547124918,51.4924936265039],[-3.13751544305902,51.4924971226606],[-3.1371554148012,51.4925006177105],[-3.13679538647574,51.4925041116534],[-3.13643535808267,51.4925076044895],[-3.13607532962199,51.4925110962186],[-3.13608094305056,51.49273583472],[-3.13608655654654,51.4929605732143],[-3.13572652479412,51.4929640637703],[-3.13536649297413,51.4929675532194],[-3.13536088270234,51.4927428147914],[-3.13500085242692,51.4927463031667],[-3.13499524383459,51.4925215647646],[-3.13463521510373,51.4925250520661],[-3.13462960819081,51.49230031369],[-3.13426959507179,51.4923037999378],[-3.13390958299147,51.4923072850841],[-3.13390399176259,51.4920825463694],[-3.13354398118954,51.4920860303102],[-3.13353842431739,51.4918612909128],[-3.13353286750394,51.4916365515016],[-3.13317285954256,51.4916400339809],[-3.13316730412293,51.4914152943754],[-3.13316174876198,51.491190554756],[-3.13280174341221,51.491194035774],[-3.13279618944502,51.4909692959603],[-3.13243618537174,51.4909727756974],[-3.13243063279829,51.4907480356894],[-3.13242508028347,51.4905232956675],[-3.13206507882173,51.4905267739434],[-3.13207063000149,51.4907515141457],[-3.13171062714613,51.4907549915019],[-3.13170507730142,51.4905302511189],[-3.13134507572256,51.4905337271943],[-3.13098507408516,51.4905372021694],[-3.13097952696914,51.4903124614117],[-3.13061952660826,51.4903159351061],[-3.13025952618887,51.4903194077002],[-3.13025398180145,51.4900946665677],[-3.12989398265861,51.4900981378811],[-3.12988843966472,51.4898733965543],[-3.12952844179841,51.489876866587],[-3.12952290019801,51.489652125066],[-3.12916290360824,51.489655593818],[-3.12880290696003,51.4896590614698],[-3.12879736808806,51.4894343195741],[-3.12843737271641,51.4894377859452],[-3.12843183523783,51.4892130438552],[-3.12842629781768,51.4889883017515],[-3.12806630505752,51.4889917666615],[-3.12806076903071,51.4887670243636],[-3.12770077754708,51.488770487993],[-3.12769524291357,51.4885457455009],[-3.12733525270648,51.4885492078497],[-3.12697526244105,51.4885526690984],[-3.12698079440475,51.4887774119513],[-3.12662080274608,51.4887808722802],[-3.12661527211728,51.4885561292468],[-3.12625528173519,51.4885595882951],[-3.12624975249961,51.4883348450676],[-3.12624422332233,51.4881101018263],[-3.12623869420336,51.4878853585713],[-3.12623316514269,51.4876606153025],[-3.12659315018535,51.4876571569758],[-3.12658761984818,51.4874324138736],[-3.12694760349771,51.4874289546272],[-3.12694207188407,51.4872042116917],[-3.12693654032878,51.4869794687424],[-3.12729652125042,51.4869760087566],[-3.12765650211373,51.4869725476706],[-3.12801648291868,51.4869690854846],[-3.12802201847828,51.4871938278926],[-3.12838200055963,51.487190364426],[-3.12838753751242,51.4874151066399],[-3.12874752087016,51.4874116418927],[-3.12875305921617,51.4876363839123],[-3.1291130438503,51.4876329178846],[-3.12947302842601,51.4876294507567],[-3.12946748741039,51.487404709098],[-3.12982747059284,51.4874012410504],[-3.12982192830091,51.4871764995584],[-3.13018191009013,51.4871730305912],[-3.13017636652193,51.4869482892658],[-3.13017082301223,51.4867235479266],[-3.13053080207347,51.4867200782203],[-3.13052525728755,51.4864953370479],[-3.13088523495557,51.4864918664219],[-3.13124521256509,51.4864883946958],[-3.13125076002046,51.4867131355073],[-3.13161073890618,51.4867096625007],[-3.13161628775485,51.4869344031179],[-3.1316218366621,51.4871591437213],[-3.13162738562793,51.4873838843109],[-3.1319873684594,51.4873804096627],[-3.1323473512323,51.4873769339144],[-3.13234179959691,51.4871521936858],[-3.13270178097646,51.4871487170179],[-3.13306176229743,51.4871452392499],[-3.13342174355978,51.4871417603818],[-3.13378172476352,51.4871382804137],[-3.13414170590861,51.4871347993454],[-3.13414726421787,51.4873595386713],[-3.13450724663908,51.4873560563224],[-3.13486723179025,51.4873525706105],[-3.13487279331253,51.4875773096196],[-3.13523278130307,51.4875738219447],[-3.13523834480462,51.4877985609053],[-3.13524390838255,51.4880232998564],[-3.13524947203685,51.4882480387982],[-3.13488947833745,51.4882515265907],[-3.13489504016514,51.4884762655622],[-3.13453504574026,51.4884797518419],[-3.13454060573671,51.4887044909044],[-3.13418061530648,51.4887079743368],[-3.13418617402676,51.4889327135661],[-3.13382618220297,51.4889361960789],[-3.13383173964705,51.489160935475],[-3.13419173280577,51.4891574527816],[-3.1341972916435,51.4893821919833],[-3.13420285053995,51.4896069311713],[-3.13420840949513,51.4898316703454],[-3.13456840660006,51.4898281860101],[-3.13492841273474,51.4898246991936],[-3.13493397509694,51.4900494380992],[-3.13493953753551,51.4902741769954],[-3.1345795273566,51.4902776639558],[-3.13458508782299,51.490502402908],[-3.13494510005044,51.4904989158822],[-3.13530511278093,51.4904954276976],[-3.13566512543509,51.4904919384084],[-3.13565955911372,51.4902671996001],[-3.13601956978831,51.4902637092456],[-3.13637958038652,51.4902602177864],[-3.13673959090832,51.4902567252228],[-3.1367340189538,51.4900319865227],[-3.13672844707577,51.4898072478132],[-3.13672287527422,51.4895825090943],[-3.1370828800101,51.4895790155438],[-3.13707730638192,51.4893542768547],[-3.13743730913824,51.4893507822389],[-3.13743173368347,51.4891260435797],[-3.13779173446023,51.4891225478986],[-3.13778615717893,51.4888978092692],[-3.13814615597613,51.4888943125229],[-3.13814057686834,51.4886695739234],[-3.13850057368598,51.4886660761119],[-3.13849499275176,51.4884413375422],[-3.13885498758984,51.4884378386654],[-3.13884940482923,51.4882131001256],[-3.13920939768776,51.4882096001837],[-3.13920381310081,51.4879848616738],[-3.1391982285905,51.4877601231544],[-3.13919264415683,51.4875353846257],[-3.13918705979981,51.4873106460875],[-3.13882707455298,51.4873141458722],[-3.13882149217546,51.4870894072853],[-3.13881590987455,51.486864668689],[-3.13881032765026,51.4866399300833],[-3.1384503480354,51.4866434286457],[-3.138090368344,51.4866469261037],[-3.1380847900019,51.48642218741],[-3.13772481213679,51.4864256837243],[-3.13773038857609,51.4866504224573],[-3.1373704087317,51.4866539177064],[-3.13701042881085,51.4866574118512],[-3.13701600152105,51.4868821506533],[-3.13665601962094,51.4868856437328],[-3.13665044881357,51.4866609048915],[-3.13629046873988,51.4866643968273],[-3.13629603764442,51.4868891357079],[-3.13593605559152,51.4868926265785],[-3.13557607346226,51.4868961163448],[-3.13521609125666,51.4868996050065],[-3.13485610897475,51.4869030925638],[-3.13449612740975,51.486906578018],[-3.13449056788319,51.4866818388451],[-3.13485054768152,51.4866783535264],[-3.13484498646464,51.4864536144796],[-3.13520496494091,51.4864501270006],[-3.13519940189758,51.4862253879836],[-3.13519383893063,51.4860006489571],[-3.13555381352505,51.4859971604522],[-3.13554824873173,51.4857724214555],[-3.13590822134709,51.4857689318854],[-3.13590265472745,51.4855441929185],[-3.13626262536375,51.4855407022832],[-3.13625705691784,51.4853159633461],[-3.13589708818422,51.4853194539421],[-3.13553711937424,51.4853229434338],[-3.13553155481008,51.4850982044089],[-3.13517158782644,51.485101692757],[-3.13516602524129,51.4848769536834],[-3.13480606008399,51.484880440888],[-3.13480049947782,51.4846557017658],[-3.13479493894798,51.4844309626342],[-3.13478937849447,51.4842062234932],[-3.13442941696697,51.4842097070332],[-3.1344238581451,51.4839849676948],[-3.1340638957435,51.4839884473353],[-3.13406945323085,51.4842131868542],[-3.13407501077691,51.4844379263594],[-3.13371504564762,51.484441405261],[-3.1337094894361,51.4842166655753],[-3.13370393328326,51.4839919258758],[-3.13369837375379,51.48376718451],[-3.13369279677402,51.4835424347073],[-3.13405275570114,51.4835389561548],[-3.13404717700189,51.4833142063404],[-3.1336872198671,51.4833176848964],[-3.13332726265942,51.4833211623468],[-3.13296730537887,51.4833246386915],[-3.13297287870114,51.4835493884952],[-3.13261291955541,51.4835528637306],[-3.13225296033686,51.4835563378603],[-3.13224739059925,51.4833315880638],[-3.1322418209344,51.4831068382592],[-3.13188186522769,51.4831103112904],[-3.13187629742787,51.4828855614813],[-3.13151634344068,51.4828890334105],[-3.13115638938073,51.482892504234],[-3.13115082523817,51.482667754424],[-3.13079087289777,51.4826712241455],[-3.13078531062013,51.4824464743311],[-3.13042535999926,51.4824499429506],[-3.13006540930572,51.4824534104644],[-3.12970545853952,51.4824568768726],[-3.12969990171121,51.482232127061],[-3.12933995266461,51.4822355923672],[-3.12933439770108,51.4820108425512],[-3.12932884281011,51.4817860927271],[-3.12932328799171,51.4815613428949],[-3.12931773324585,51.4813365930546],[-3.12967767512378,51.4813331277337],[-3.12967211865838,51.4811083778816],[-3.12966656226555,51.4808836280215],[-3.12966100594529,51.4806588781532],[-3.12965544969762,51.4804341282769],[-3.13001538433462,51.4804306618358],[-3.1300098263675,51.4802059119477],[-3.13000426847298,51.4799811620515],[-3.13036419945333,51.4799776944975],[-3.13035863983943,51.4797529445896],[-3.13071856895516,51.4797494759265],[-3.13071300762193,51.4795247260068],[-3.13070744636134,51.4792999760791],[-3.13106737182051,51.4792965063031],[-3.13106180884066,51.4790717563637],[-3.13142173243524,51.4790682854786],[-3.13141616773617,51.4788435355274],[-3.13141060310979,51.4786187855681],[-3.13140503855608,51.4783940356007],[-3.13139947407505,51.4781692856253],[-3.13103955764784,51.4781727565248],[-3.13067964114792,51.4781762263189],[-3.13067408032313,51.4779514763425],[-3.13031416554231,51.4779549450348],[-3.13030860658191,51.477730195054],[-3.13030304769412,51.4775054450651],[-3.13066295889144,51.4775019763656],[-3.13065739828454,51.477277226365],[-3.13065183775026,51.4770524763563],[-3.13064627728861,51.4768277263395],[-3.13064071689957,51.4766029763147],[-3.13100062085751,51.4765995064952],[-3.13099505874948,51.4763747564586],[-3.1309894967141,51.4761500064139],[-3.13098393475136,51.4759252563611],[-3.13097837286126,51.4757005063002],[-3.13133826958016,51.4756970353609],[-3.13133270597118,51.4754722852883],[-3.13132714240269,51.475247534703],[-3.13132157890608,51.4750227841069],[-3.13168147022072,51.4750193120943],[-3.13167590502624,51.4747945615109],[-3.13167033990378,51.4745698109187],[-3.13203022760667,51.4745663378448],[-3.13202466078641,51.4743415872653],[-3.13201909403818,51.474116836677],[-3.1323789781294,51.4741133625417],[-3.13237340968344,51.4738886119661],[-3.13273329193279,51.473885136748],[-3.13272772178914,51.4736603861852],[-3.13308760219663,51.4736569098841],[-3.13344748253196,51.4736534324786],[-3.13344190892097,51.4734286819502],[-3.13380178741442,51.4734252034618],[-3.13379621210585,51.4732004529462],[-3.13415608875743,51.4731969733749],[-3.13451596533678,51.4731934926992],[-3.13451038656103,51.4729687422181],[-3.13487026067948,51.4729652594999],[-3.13486468024174,51.4727405090812],[-3.13522455233653,51.4727370249909],[-3.13558442436,51.4727335397974],[-3.1355788405163,51.4725087894935],[-3.13593871072982,51.4725053032592],[-3.13594429631213,51.4727300535006],[-3.13630416819289,51.4727265661006],[-3.13666404000227,51.4727230775974],[-3.13702391174024,51.472719587991],[-3.13738378340677,51.4727160972814],[-3.13774365500186,51.4727126054685],[-3.13810352652546,51.4727091125525],[-3.13810912261082,51.4729338624086],[-3.13846899580154,51.4729303683268],[-3.13882886892075,51.4729268731417],[-3.13883446855483,51.4731516228626],[-3.13919434334113,51.4731481265118],[-3.13955421805586,51.4731446290577],[-3.13991409269899,51.4731411305005],[-3.14027396727052,51.47313763084],[-3.14027957393074,51.4733623803004],[-3.14028518066255,51.4735871297506],[-3.14064505863978,51.4735836288617],[-3.14065066718188,51.4738083782392],[-3.14065627579561,51.4740331276065],[-3.14066188448095,51.4742578769637],[-3.14030200128756,51.4742613780404],[-3.14030760830575,51.47448612745],[-3.14066749323791,51.4744826263107],[-3.14067310206649,51.4747073756476],[-3.14031321539554,51.4747108768495],[-3.13995332865295,51.4747143769482],[-3.13995893407552,51.4749391264001],[-3.13996453956967,51.4751638758419],[-3.1396046492778,51.4751673749625],[-3.13961025310467,51.4753921244567],[-3.1399701451354,51.4753886252736],[-3.13997575035685,51.4756133742346],[-3.13998135540626,51.4758381229165],[-3.14034125076437,51.4758346224673],[-3.14070114605254,51.4758311209156],[-3.14070675453953,51.4760558694007],[-3.14071236309643,51.4762806178747],[-3.14107226168237,51.476277115035],[-3.14107787199309,51.476501863405],[-3.14108348237374,51.476726611764],[-3.14108909282434,51.4769513601118],[-3.14109470334488,51.4771761084486],[-3.14145460859654,51.4771726041349],[-3.141460220871,51.4773973523677],[-3.14182012773664,51.4773938468586],[-3.14182574176507,51.4776185949874],[-3.14183135586349,51.4778433431051],[-3.14219126602713,51.4778398363078],[-3.14219688187958,51.4780645843215],[-3.14220249780205,51.4782893323241],[-3.14256241126375,51.4782858242386],[-3.14256802894032,51.4785105721372],[-3.14257364668693,51.4787353200246],[-3.14293356344674,51.4787318106507],[-3.14293918294752,51.4789565584342],[-3.14329910132137,51.4789530478649],[-3.14330472257637,51.4791777955443],[-3.14331034390144,51.4794025432127],[-3.14331596529661,51.4796272908699],[-3.14367588865285,51.4796237789192],[-3.14368151180233,51.4798485264724],[-3.14404143677264,51.4798450133262],[-3.14404706167646,51.4800697607754],[-3.14405268665041,51.4802945082134],[-3.14441261491905,51.4802909937788],[-3.14441824164742,51.4805157411127],[-3.14442386844596,51.4807404884356],[-3.14478380001298,51.4807369727125],[-3.144789428566,51.4809617199313],[-3.1447950571892,51.4811864671389],[-3.14515499205467,51.4811829501273],[-3.14514936174712,51.4809582030126],[-3.14514373150978,51.4807334558868],[-3.14513810134265,51.4805087087499],[-3.14513247124571,51.4802839616019],[-3.14512684121898,51.4800592144429],[-3.14512121126245,51.4798344672727],[-3.14511558137612,51.4796097200914],[-3.14510995155999,51.479384972899],[-3.14510432181406,51.4791602256955],[-3.1447444021069,51.4791637418703],[-3.14473877411531,51.4789389945627],[-3.14437885602208,51.478942509542],[-3.14437322978479,51.4787177621303],[-3.14436760361765,51.4784930147076],[-3.14436197752065,51.4782682672737],[-3.14400206440955,51.4782717808716],[-3.14399644006676,51.4780470333337],[-3.1439908157941,51.4778222857847],[-3.14363090598094,51.4778257980942],[-3.14362528346242,51.4776010504412],[-3.14361966101399,51.477376302777],[-3.14325975449871,51.4773798137982],[-3.14325413380435,51.47715506603],[-3.14324851318008,51.4769303182507],[-3.14288860996261,51.4769338279836],[-3.14288299109234,51.4767090801003],[-3.14287737229212,51.4764843322059],[-3.1425174723724,51.4764878406505],[-3.14251185532612,51.4762630926521],[-3.14215195702023,51.4762665999014],[-3.14214634172784,51.476041851799],[-3.14214072650545,51.4758171036854],[-3.14178083149723,51.4758206096465],[-3.14177521802867,51.475595861429],[-3.14176960421425,51.4753711128082],[-3.14176398995423,51.4751463636897],[-3.1417583757659,51.474921614561],[-3.1413984875712,51.4749251191354],[-3.14139287519338,51.4747003699339],[-3.14138726288722,51.4744756207222],[-3.14138165065272,51.4742508715004],[-3.14137603848989,51.4740261222685],[-3.14137042639872,51.4738013730264],[-3.14173030589959,51.4737978687652],[-3.14209018532873,51.4737943634006],[-3.14245006468612,51.4737908569329],[-3.14280994397173,51.4737873493619],[-3.14280432499745,51.4735626003603],[-3.14244444745053,51.4735661078686],[-3.14208456983183,51.4735696142737],[-3.14172469214139,51.4735731195755],[-3.14136481437922,51.4735766237742],[-3.14135920243137,51.4733518745118],[-3.14135359055518,51.4731271252392],[-3.14171346484003,51.4731236211659],[-3.14170785129687,51.4728988719458],[-3.1417022378254,51.4726741227156],[-3.14206210856128,51.4726706176643],[-3.1420564934229,51.4724458684866],[-3.14205087835622,51.4722211192987],[-3.14204526336123,51.4719963701007],[-3.1424051288097,51.4719928641341],[-3.1423995121479,51.4717681149886],[-3.14239389555781,51.4715433658329],[-3.14203403358636,51.4715468716742],[-3.14167417154316,51.4715503764123],[-3.14167978465626,51.4717751256933],[-3.14131992080285,51.4717786293909],[-3.14096005687775,51.4717821319853],[-3.14095444724164,51.4715573825791],[-3.14131430942825,51.4715538800473],[-3.14130869812529,51.4713291306936],[-3.14130308689399,51.4711043813297],[-3.14129747573433,51.4708796319557],[-3.14093761876307,51.4708831342996],[-3.1409432281843,51.4711078837363],[-3.14094883767716,51.4713326331628],[-3.14058897715735,51.4713361345288],[-3.14059458498336,51.4715608840078],[-3.14060019288097,51.4717856334766],[-3.14060580085019,51.4720103829352],[-3.14061140889101,51.4722351323837],[-3.14061701700345,51.4724598818221],[-3.14025714771939,51.472463382398],[-3.1398972783637,51.4724668818707],[-3.1398916737284,51.4722421323072],[-3.13988606916466,51.4720173827335],[-3.13988046467249,51.4717926331496],[-3.13952060046082,51.4717961313314],[-3.13951499777871,51.4715713816748],[-3.13915513523396,51.4715748786908],[-3.13914953436186,51.4713501289615],[-3.13878967348404,51.4713536248118],[-3.13878407442191,51.4711288750098],[-3.13877847543126,51.4709041251977],[-3.13877287651211,51.4706793753754],[-3.13841302077806,51.4706828699349],[-3.13840742366878,51.4704581200399],[-3.13804756960161,51.4704616134337],[-3.13804197430217,51.470236863466],[-3.13803637907416,51.4700121134882],[-3.13767652841222,51.4700156056538],[-3.13767093499398,51.4697908556033],[-3.13766534164715,51.4695661055427],[-3.13765974837174,51.4693413554719],[-3.13801959381877,51.4693378634939],[-3.13801399887651,51.4691131134755],[-3.13765415516773,51.469116605391],[-3.1372943113875,51.4691200962035],[-3.13728871999314,51.4688953460499],[-3.13764856203514,51.4688918553],[-3.13764296897396,51.4686671051988],[-3.13763737598418,51.4684423550874],[-3.13763178306581,51.468217604966],[-3.13762619021885,51.4679928548343],[-3.13762059744329,51.4677681046926],[-3.13798043072299,51.4677646131522],[-3.13834026393122,51.4677611205089],[-3.13833466775087,51.4675363704821],[-3.13797483628074,51.4675398630629],[-3.1379692419099,51.4673151129633],[-3.13832907164196,51.4673116204451],[-3.13832347552519,51.4670868703166],[-3.13831787921616,51.4668621199075],[-3.1386777053608,51.4668586263625],[-3.13867210735839,51.4666338759722],[-3.1386665094283,51.4664091255728],[-3.13866091157053,51.4661843751644],[-3.13902073234579,51.4661808805987],[-3.13901513279472,51.465956130209],[-3.13865531378508,51.4659596247469],[-3.13864971607196,51.4657348743203],[-3.13828989875555,51.4657383677264],[-3.13828430288033,51.4655136172629],[-3.1382787070774,51.4652888667905],[-3.13863852086267,51.4652853734399],[-3.1386329233665,51.4650606229861],[-3.13862732594265,51.4648358725233],[-3.13898713612452,51.4648323781244],[-3.1389815370075,51.4646076276802],[-3.13897593796281,51.464382877227],[-3.13897033899046,51.4641581267648],[-3.13933014380356,51.4641546313452],[-3.13932454313813,51.4639298809017],[-3.1396843461134,51.463926384406],[-3.13967874375494,51.4637016339812],[-3.14003854489239,51.4636981364094],[-3.14039834595741,51.4636946377336],[-3.14039274014058,51.4634698873554],[-3.14038713439618,51.4632451369681],[-3.14074693185801,51.463241637244],[-3.14074132442071,51.4630168868755],[-3.14110112004474,51.4630133860754],[-3.14109551091458,51.4627886357256],[-3.1414553047008,51.4627851338494],[-3.14144969387784,51.4625603835184],[-3.14180948582625,51.4625568805662],[-3.14180387331052,51.462332130254],[-3.14216366342113,51.4623286262257],[-3.14215804921269,51.4621038759323],[-3.14215243507678,51.4618791256299],[-3.14251222158439,51.4618756205535],[-3.14250660575583,51.4616508702698],[-3.14286639042567,51.4616473641174],[-3.14286077290451,51.4614226138526],[-3.14322055573658,51.4614191066242],[-3.14321493652286,51.4611943563782],[-3.14320931738173,51.4609696061231],[-3.14356909661092,51.4609660978467],[-3.14392887576746,51.4609625884664],[-3.14392325316876,51.4607378382581],[-3.14428303048753,51.4607343278019],[-3.14427740619641,51.4605095776124],[-3.14427178197795,51.4602848274139],[-3.14463155569393,51.4602813159097],[-3.14462592978311,51.46005656573],[-3.14498570166136,51.46005305315],[-3.14498007405824,51.4598283029891],[-3.14533984409875,51.4598247893333],[-3.14533421480337,51.4596000391913],[-3.14569398300615,51.4595965244596],[-3.14568835201855,51.4593717743365],[-3.14604811838361,51.4593682585291],[-3.14604248570384,51.4591435084248],[-3.14640225023118,51.4591399915415],[-3.14639661585928,51.4589152414562],[-3.14675637854889,51.4589117234972],[-3.14675074245623,51.4586869734266],[-3.14711050331009,51.4586834543916],[-3.14710486550498,51.4584587043363],[-3.14746462452645,51.4584551842256],[-3.14745898503435,51.4582304341891],[-3.14781874222345,51.4582269130027],[-3.14781310104441,51.4580021629852],[-3.14817285640112,51.457998640723],[-3.14816721353519,51.4577738907244],[-3.14852696705951,51.4577703673865],[-3.14852132250674,51.4575456174068],[-3.14888107419868,51.4575420929933],[-3.1488754279591,51.4573173430325],[-3.14923517781868,51.4573138175432],[-3.14922952989234,51.4570890676014],[-3.14958927791954,51.4570855410365],[-3.1495836283065,51.4568607911137],[-3.14994337450132,51.4568572634731],[-3.14993772320162,51.4566325135692],[-3.15029746756407,51.4566289848531],[-3.15029181457775,51.4564042349681],[-3.15065155710784,51.4564007051764],[-3.15064590243494,51.4561759553104],[-3.15064024783493,51.4559512054354],[-3.15099998677324,51.4559476745961],[-3.15099433048672,51.45572292474],[-3.15135406715957,51.4557193924137],[-3.15134840922327,51.4554946426155],[-3.15170814274757,51.4554911079814],[-3.15170248316169,51.4552663582546],[-3.15206221489287,51.4552628226006],[-3.15205655365744,51.4550380729452],[-3.15241628359551,51.4550345362714],[-3.15241062071058,51.4548097866873],[-3.15277034885554,51.4548062489939],[-3.15276468432115,51.4545814994811],[-3.15275901985858,51.4543567499576],[-3.1531187444892,51.4543532113265],[-3.15311307837724,51.4541284618744],[-3.15347280121478,51.4541249222236],[-3.15346713345347,51.4539001728428],[-3.15382685449793,51.4538966321724],[-3.15382118508732,51.4536718828629],[-3.1538155157486,51.4534471335428],[-3.15417523327884,51.4534435919348],[-3.15416956229088,51.453218842686],[-3.15452927802807,51.4532153000584],[-3.15452360539092,51.452990550881],[-3.15488331933506,51.4529870072338],[-3.15487764504876,51.4527622581278],[-3.15523735719986,51.4527587134609],[-3.15523168126446,51.4525339644263],[-3.15559139162251,51.4525304187399],[-3.15558571403806,51.4523056697767],[-3.1555800365256,51.4520809208028],[-3.15593974336961,51.452077374179],[-3.15593406420816,51.4518526252765],[-3.15629376925915,51.4518490776331],[-3.15628808844875,51.451624328802],[-3.15664779170674,51.4516207801392],[-3.15664210924744,51.4513960313795],[-3.15700181071242,51.4513924816971],[-3.15736151210529,51.451388930913],[-3.15735582627624,51.451164182307],[-3.15771552587608,51.4511606305035],[-3.15807522540376,51.4511570775982],[-3.15843492485927,51.4511535235912],[-3.15879462424258,51.4511499684825],[-3.15915432355367,51.4511464122721],[-3.15916001798718,51.4513711604668],[-3.15951971894692,51.4513676030723],[-3.15987941983439,51.4513640445762],[-3.15988511778193,51.4515887925955],[-3.15952541517355,51.451592351174],[-3.1595311114724,51.4518170992648],[-3.15953680784348,51.4520418473448],[-3.15954250428679,51.4522665954141],[-3.15954820080232,51.4524913434725],[-3.15955389739009,51.4527160915202],[-3.15991360860336,51.4527125325303],[-3.1599193069844,51.4529372804849],[-3.16027901984642,51.4529337203109],[-3.16063873263613,51.4529301590351],[-3.160633030813,51.4527054112451],[-3.16099274180932,51.4527018489499],[-3.16098703833747,51.4524771012315],[-3.16134674754041,51.4524735379169],[-3.16135245273328,51.4526982855529],[-3.16135815799849,51.4529230331782],[-3.1617178705711,51.4529194685971],[-3.16171216358485,51.4526947210542],[-3.16207187436402,51.4526911554537],[-3.16206616572912,51.4524664079823],[-3.16242587471485,51.4524628413624],[-3.16278558362812,51.4524592736407],[-3.16279129570505,51.4526840209474],[-3.16243158507076,51.4526875887514],[-3.16243729549908,51.4529123361296],[-3.16279700785441,51.4529087682432],[-3.16315672013726,51.4529051992551],[-3.16316243408011,51.4531299464577],[-3.16316814809541,51.4533546936496],[-3.16280843237042,51.4533582628025],[-3.16244871657296,51.4533618308537],[-3.16244300599982,51.453137083497],[-3.16208329185098,51.453140650364],[-3.16208900070304,51.453365397803],[-3.1620947096275,51.4535901452312],[-3.16245442721852,51.4535865781995],[-3.1624601379365,51.4538113255345],[-3.16281985717619,51.4538077573186],[-3.16282556968773,51.4540325045605],[-3.16318529057608,51.4540289351604],[-3.16319100488123,51.4542536823091],[-3.16355072741825,51.4542501117248],[-3.16355644351705,51.4544748587803],[-3.16356215968834,51.454699605825],[-3.16356787593211,51.4549243528589],[-3.16320814823146,51.4549279236904],[-3.16321386282646,51.4551526707958],[-3.16285413333204,51.4551562406079],[-3.16249440376513,51.455159809318],[-3.16213467412575,51.4551633769264],[-3.16212896469452,51.4549386295737],[-3.16212325533569,51.4547138822103],[-3.16176352906638,51.454717448552],[-3.16176923670396,51.4549421959978],[-3.16177494441393,51.4551669434328],[-3.16141521462969,51.4551705088374],[-3.16142092069075,51.4553952563439],[-3.16178065219628,51.455391690857],[-3.161786360051,51.4556164382704],[-3.16179206797811,51.455841185673],[-3.1617977759776,51.4560659330648],[-3.16180348404947,51.4562906804459],[-3.16180919219373,51.4565154278161],[-3.16181490041037,51.4567401751755],[-3.16182060869941,51.4569649225241],[-3.16182631706083,51.457189669862],[-3.16146657178421,51.4571932360078],[-3.16147227849653,51.4574179834172],[-3.16147798528122,51.4576427308158],[-3.1611182364892,51.4576462960244],[-3.16112394162473,51.4578710434946],[-3.16076419103878,51.4578746076836],[-3.1607698945251,51.4580993552253],[-3.16041014214522,51.4581029183947],[-3.16041584398229,51.4583276660079],[-3.16005608980849,51.4583312281576],[-3.16006178999625,51.4585559758424],[-3.16006749025631,51.4587807235165],[-3.15970773256694,51.4587842847288],[-3.15971343117095,51.459009032639],[-3.1597191298465,51.4592337805561],[-3.15972482859428,51.4594585284627],[-3.16008459144655,51.4594549670238],[-3.16044435422651,51.4594514044827],[-3.16043865203688,51.4592266567246],[-3.16043294991954,51.459001908956],[-3.16079270918535,51.4589983454611],[-3.16078700541803,51.4587735977857],[-3.16114676289034,51.4587700332674],[-3.16114105746541,51.4585452858404],[-3.1615008131437,51.4585417203023],[-3.16186056874957,51.4585381536623],[-3.16186627761775,51.4587629009246],[-3.1618719865486,51.4589876483627],[-3.1615122274999,51.4589912151644],[-3.16151793477994,51.4592159627103],[-3.16152364213234,51.4594407102456],[-3.16116387956943,51.4594442760936],[-3.16116958527323,51.4596690236927],[-3.16117529104937,51.4598937712812],[-3.16081552497218,51.4598973361754],[-3.16082122909967,51.4601220838276],[-3.16046146122914,51.4601256476938],[-3.16046716370793,51.4603503954097],[-3.16047286625901,51.4605751431152],[-3.16083263757159,51.4605715791005],[-3.16119240881181,51.4605680139835],[-3.1611981148773,51.4607927615299],[-3.16120382101513,51.4610175090657],[-3.1612095272253,51.461242256591],[-3.16156930355637,51.4612386901489],[-3.16192907981503,51.4612351226045],[-3.16228885600126,51.4612315539576],[-3.16264863211505,51.4612279842085],[-3.16265434528204,51.4614527314261],[-3.16266005852146,51.4616774786332],[-3.16230027896542,51.4616810485309],[-3.16230599055612,51.4619057958018],[-3.16231170221923,51.4621305430621],[-3.16231741395475,51.4623552903119],[-3.16232312576269,51.4625800375511],[-3.16232883764305,51.4628047847798],[-3.16268862580513,51.4628012145105],[-3.16269433947918,51.4630259616543],[-3.16305412929005,51.4630223902084],[-3.16341391902841,51.4630188176599],[-3.16377370869425,51.4630152440091],[-3.16413349828753,51.4630116692559],[-3.16449328780825,51.4630080934002],[-3.16448756552784,51.462783346628],[-3.1648473532547,51.4627797697443],[-3.16485307725637,51.4630045164421],[-3.16521286663187,51.4630009383816],[-3.16557265593474,51.4629973592187],[-3.16556692849054,51.4627726126696],[-3.16520714090893,51.4627761917581],[-3.1652014152586,51.4625514451241],[-3.16519568968085,51.4623266984795],[-3.16555547381999,51.4623231195397],[-3.16554974659365,51.462098372959],[-3.16554401943992,51.4618736263677],[-3.16590380006404,51.4618700464743],[-3.16589807126177,51.4616452999468],[-3.16625785009206,51.4616417190254],[-3.16626358061547,51.4618664654785],[-3.16662336109421,51.4618628833804],[-3.16662909341146,51.4620876297485],[-3.16698887553865,51.4620840464736],[-3.16734865759309,51.4620804620963],[-3.1673543934254,51.4623052083051],[-3.16771417712827,51.462301622751],[-3.16770843957477,51.4620768766166],[-3.16770270209402,51.4618521304718],[-3.16734292183351,51.461855715877],[-3.16733718614665,51.4616309696471],[-3.16697740753452,51.4616345538756],[-3.16697167364152,51.4614098075607],[-3.16661189667777,51.4614133906124],[-3.16660616457857,51.4611886442127],[-3.16696593982121,51.4611850612354],[-3.16696020607361,51.4609603148995],[-3.16695447239871,51.460735568553],[-3.16659470059821,51.4607391513815],[-3.16658896871704,51.4605144049501],[-3.16658323690855,51.4602896585081],[-3.16657750517273,51.4600649120556],[-3.1669372718102,51.4600613294503],[-3.16729703837493,51.4600577457427],[-3.16765680486691,51.4600541609328],[-3.16801657117811,51.4600505749791],[-3.16837633706507,51.4600469877878],[-3.16838207741752,51.4602717338661],[-3.16838781784324,51.4604964799337],[-3.16839355834223,51.4607212259909],[-3.16875332936446,51.4607176374755],[-3.16875907167296,51.4609423834481],[-3.16876481405476,51.4611671294102],[-3.16912458847617,51.4611635396445],[-3.16948436282421,51.4611599487765],[-3.1694786169699,51.4609352029623],[-3.16983838950831,51.4609316110659],[-3.17019816197331,51.4609280180672],[-3.17019241271987,51.4607032723905],[-3.17055218337522,51.4606996783635],[-3.17091195395713,51.4606960832341],[-3.17090620130464,51.4604713376949],[-3.17126597007687,51.4604677415372],[-3.17162573877562,51.4604641442773],[-3.17161998272419,51.4602393988756],[-3.17197974961325,51.4602358005873],[-3.17197399189913,51.4600110552491],[-3.17233375697849,51.4600074559326],[-3.1726935219843,51.4600038555139],[-3.17268776087141,51.4597791103132],[-3.17304752406751,51.4597755088662],[-3.17304176129204,51.4595507637291],[-3.17303599859014,51.4593260185814],[-3.17267623886624,51.4593296198803],[-3.17267047797396,51.459104874648],[-3.17231071991257,51.4591084747706],[-3.17230496082987,51.4588837294537],[-3.17266471715522,51.4588801294052],[-3.17265895646985,51.4586553844456],[-3.17301871099301,51.4586517833797],[-3.17302447340701,51.4588765282545],[-3.1733842295852,51.4588729260015],[-3.17337846544287,51.4586481812117],[-3.17373821981938,51.4586445779417],[-3.17409797412255,51.4586409735697],[-3.17410374172073,51.4588657181888],[-3.17446349767801,51.4588621126291],[-3.17446926717697,51.4590868575015],[-3.17482902479661,51.4590832507655],[-3.17483479610527,51.4593079955532],[-3.17447503674957,51.4593116023634],[-3.17448080639582,51.4595363472147],[-3.17412104523034,51.4595399529967],[-3.17412681321414,51.4597646979116],[-3.17376705023889,51.4597683026654],[-3.17377281656019,51.4599930476438],[-3.17377858295508,51.4602177926117],[-3.17413834940261,51.4602141877097],[-3.17414411760729,51.4604389325929],[-3.17414988588561,51.4606636774656],[-3.17379011596571,51.4606672825158],[-3.17379588258144,51.460892027452],[-3.17343611085167,51.460895631474],[-3.17343034597216,51.4606708864637],[-3.17307057590499,51.4606744893092],[-3.17271080576422,51.4606780910525],[-3.17271656717127,51.460902836211],[-3.1723567952207,51.460906436926],[-3.17235103554987,51.4606816916935],[-3.17199126526196,51.4606852912321],[-3.17163149490052,51.4606888896684],[-3.17163725109889,51.460913635049],[-3.17199702319656,51.4609100365387],[-3.17200278120467,51.4611347818347],[-3.17200853928627,51.4613595271202],[-3.17201429744138,51.4615842723951],[-3.17237407467433,51.4615806725603],[-3.17237983463926,51.4618054177506],[-3.17273961353496,51.4618018167394],[-3.17274537530976,51.4620265618451],[-3.17310515586822,51.4620229596574],[-3.17309939235709,51.4617982146257],[-3.1734591711056,51.4617946114098],[-3.17345340593173,51.4615698664416],[-3.1738131828703,51.4615662621974],[-3.17417295973522,51.4615626568508],[-3.17453273652647,51.4615590504018],[-3.17453850690927,51.4617837951477],[-3.17489828536313,51.4617801875223],[-3.17525806374328,51.4617765787945],[-3.17561784204967,51.4617729689644],[-3.17562361771513,51.4619977134773],[-3.17562939345433,51.4622224579797],[-3.17563516926725,51.4624472024715],[-3.17564094515391,51.4626719469527],[-3.1756467211143,51.4628966914234],[-3.17528693412603,51.4629003016242],[-3.17529270842372,51.4631250461585],[-3.17493291962526,51.463128655331],[-3.1749386922602,51.4633533999289],[-3.17457890165155,51.4633570080731],[-3.17458467262369,51.4635817527345],[-3.17422488020484,51.4635853598505],[-3.17423064951414,51.4638101045755],[-3.17387085528509,51.4638137106631],[-3.17387662293151,51.4640384554517],[-3.17351682689226,51.4640420605109],[-3.17352259287574,51.464266805363],[-3.17316279502629,51.464270409394],[-3.1731685593468,51.4644951543096],[-3.17280875968713,51.4644987573122],[-3.17281452234462,51.4647235022914],[-3.1731743237409,51.4647198992147],[-3.17318008820858,51.4649446441093],[-3.17318585274986,51.4651693889933],[-3.1728260478803,51.4651729922181],[-3.17283181075849,51.4653977371657],[-3.17283757371026,51.4656224821027],[-3.17284333673559,51.4658472270292],[-3.17320314681524,51.4658436235821],[-3.17320891165089,51.4660683684239],[-3.17321467656013,51.4662931132552],[-3.17357449003966,51.4662895085575],[-3.17358025675929,51.4665142533041],[-3.17394007190196,51.4665106474297],[-3.17394584043202,51.4667353920917],[-3.17395160903572,51.4669601367432],[-3.17431142757834,51.466956529618],[-3.17431719770474,51.4671812741068],[-3.1743229666919,51.4674060182572],[-3.1746827885784,51.4674024098881],[-3.17504261039336,51.4673988004164],[-3.17504838278946,51.4676235444086],[-3.17540820620158,51.4676199337605],[-3.17541398033796,51.4678446776683],[-3.17577380534725,51.4678410658438],[-3.17613363028493,51.4678374529168],[-3.17649345515099,51.4678338388871],[-3.17685327994541,51.4678302237549],[-3.17685906082838,51.4680549673568],[-3.17721888721989,51.4680513510481],[-3.17757871353971,51.4680477336368],[-3.17793853978782,51.4680441151228],[-3.17794432574878,51.4682688584926],[-3.17830415359394,51.4682652388022],[-3.17866398136734,51.4682616180092],[-3.17902380906896,51.4682579961136],[-3.17902960010803,51.4684827392511],[-3.17938942940665,51.468479116179],[-3.17939522218631,51.4687038592321],[-3.17975505308193,51.4687002349834],[-3.17976084760223,51.468924977952],[-3.17976664219436,51.46914972091],[-3.18012647635583,51.4691460954109],[-3.18013227268866,51.4693708382844],[-3.18013806909334,51.4695955811474],[-3.18049790652073,51.4695919543978],[-3.18050370466618,51.4698166971763],[-3.18050950288351,51.4700414399442],[-3.18086934357687,51.470037811944],[-3.18087514353503,51.4702625546274],[-3.1808809435651,51.4704872973003],[-3.18088674366706,51.4707120399627],[-3.18089254384092,51.4709367826145],[-3.18089834408669,51.4711615252557],[-3.18090414440435,51.4713862678864],[-3.18126399503992,51.4713826383397],[-3.18126979709858,51.4716073808859],[-3.18127559922917,51.4718321234215],[-3.18128140143169,51.4720568659465],[-3.18164125700266,51.4720532350752],[-3.18200111250167,51.4720496031011],[-3.18236096792868,51.4720459700242],[-3.18235516071875,51.4718212277212],[-3.18234935358081,51.4715964854075],[-3.18234354651487,51.4713717430833],[-3.18233773952091,51.4711470007486],[-3.18233193259895,51.4709222584033],[-3.18232612574897,51.4706975160474],[-3.18232031897098,51.470472773681],[-3.1826801626425,51.4704691400194],[-3.18267435426751,51.4702443977165],[-3.18231451226498,51.470248031304],[-3.18230870563096,51.4700232889165],[-3.18230289906892,51.4697985465184],[-3.18194306033229,51.4698021788553],[-3.18193725551115,51.4695774363727],[-3.18157741837146,51.4695810675329],[-3.18121758115981,51.4695846975905],[-3.18121177974842,51.4693599549494],[-3.18120597840896,51.4691352122977],[-3.18084614446315,51.4691388411047],[-3.18084034486445,51.4689140983685],[-3.18048051251559,51.468917725999],[-3.18047471465762,51.4686929831783],[-3.18046891687151,51.468468240347],[-3.18010908778841,51.468471866727],[-3.18010329174296,51.4682471238112],[-3.17974346425679,51.4682507490146],[-3.17973766995196,51.4680260060144],[-3.17937784406272,51.4680296300413],[-3.17901801810167,51.4680332529656],[-3.17901222720616,51.4678085098069],[-3.17865240284206,51.4678121315547],[-3.17829257840619,51.4678157521999],[-3.17828679091991,51.467591008883],[-3.17792696808103,51.4675946283517],[-3.17756714517041,51.4675982467178],[-3.17756136109328,51.4673735032426],[-3.17720153977967,51.4673771204323],[-3.17684171839438,51.4673807365194],[-3.17648189693742,51.467384351504],[-3.17647611793806,51.4671596077965],[-3.17611629807815,51.4671632216047],[-3.17575647814662,51.4671668343103],[-3.17575070101157,51.4669420900918],[-3.1753908827639,51.4669457016271],[-3.17538510721288,51.4667209572722],[-3.17502529062826,51.4667245676309],[-3.1746654739699,51.4667281768871],[-3.17465970196622,51.4665034323733],[-3.17429988697094,51.4665070404528],[-3.17429411677774,51.4662822958543],[-3.1742883466582,51.4660575512454],[-3.17428257661233,51.4658328066259],[-3.17427680664012,51.4656080619958],[-3.17427103674157,51.4653833173552],[-3.17463084305316,51.4653797096463],[-3.17499064929103,51.4653761008349],[-3.1749848759928,51.465151356332],[-3.1746250714916,51.4651549650692],[-3.17426526691668,51.465158572704],[-3.17390546226807,51.4651621792363],[-3.17389969425349,51.4649374345004],[-3.17425949716545,51.4649338280423],[-3.17425372748788,51.46470908337],[-3.17461352858952,51.4647054758835],[-3.174607757249,51.4644807312748],[-3.17496755654033,51.46447712276],[-3.17496178353691,51.4642523782148],[-3.17532158101792,51.4642487686717],[-3.17531580635164,51.4640240241901],[-3.17567560202235,51.4640204136186],[-3.17566982569326,51.4637956692007],[-3.17602961955365,51.4637920576009],[-3.1760238415618,51.4635673132466],[-3.17638363361189,51.4635637006186],[-3.17674342558816,51.4635600868881],[-3.1767376441971,51.4633353426715],[-3.17709743436305,51.4633317279129],[-3.17745722445513,51.4633281120517],[-3.17781701447333,51.4633244950882],[-3.17817680441763,51.4633208770223],[-3.17817101615454,51.463096133092],[-3.17853080428845,51.4630925139979],[-3.17889059234841,51.4630888938014],[-3.17888480068636,51.4628641500089],[-3.17924458693591,51.4628605287842],[-3.1792387936114,51.4626357850554],[-3.17959857805055,51.4626321628026],[-3.17959278306362,51.4624074191374],[-3.17923300036084,51.462411041316],[-3.17922720718425,51.462186297566],[-3.17922141408161,51.4619615538055],[-3.17958119331169,51.4619579317754],[-3.17957539854669,51.4617331880786],[-3.17921562105293,51.4617368100344],[-3.17920982809821,51.4615120662528],[-3.17920403521744,51.4612873224606],[-3.17956380923864,51.4612837006532],[-3.17955801469557,51.4610589569247],[-3.17955222022649,51.4608342131856],[-3.17954642583137,51.460609469436],[-3.17954063151023,51.4603847256758],[-3.17953483726306,51.4601599819051],[-3.17989460252924,51.4601563593665],[-3.1802543677214,51.4601527357257],[-3.18026016544088,51.460377479348],[-3.18026596323438,51.4606022229597],[-3.1802717611019,51.4608269665608],[-3.18027755904343,51.4610517101514],[-3.18028335705898,51.4612764537315],[-3.18028915514856,51.4615011973009],[-3.18064893068393,51.4614975721123],[-3.18065473058381,51.461722315597],[-3.1810145077814,51.4617186892317],[-3.18102030949164,51.4619434326316],[-3.18138008835143,51.4619398050898],[-3.18138589187207,51.4621645484048],[-3.18139169546681,51.4623892917092],[-3.18175147772515,51.4623856629165],[-3.18175728313036,51.462610406136],[-3.18176308860969,51.462835149345],[-3.18140330287857,51.4628387782863],[-3.18140910669559,51.4630635215591],[-3.18176889416314,51.4630598925435],[-3.18212868155652,51.4630562624255],[-3.18248846887574,51.4630526312052],[-3.18248265984945,51.4628278881553],[-3.18284244535805,51.4628242559069],[-3.18320223079243,51.4628206225561],[-3.18319641836753,51.4625958796444],[-3.18355620199127,51.4625922452656],[-3.18391598554076,51.4625886097844],[-3.18391016971733,51.4623638670107],[-3.18426995145616,51.4623602305016],[-3.18426413397064,51.4621354877917],[-3.18425831655939,51.4619107450712],[-3.18425249922241,51.4616860023402],[-3.18424668195971,51.4614612595986],[-3.18388690716612,51.4614648958104],[-3.18388109171394,51.4612401529839],[-3.18387527633601,51.4610154101468],[-3.18386946103232,51.4607906672992],[-3.18386364580288,51.4605659244409],[-3.18350387787989,51.4605695592531],[-3.18350969137314,51.4607943021856],[-3.18351550494062,51.4610190451076],[-3.18315573347098,51.4610226789661],[-3.18279596192711,51.4610263117223],[-3.18279015183206,51.4608015686517],[-3.18278434181118,51.4605768255705],[-3.18242457366551,51.4605804570758],[-3.18241876545497,51.4603557139098],[-3.18241295731859,51.4601309707331],[-3.18240714925636,51.459906227546],[-3.18240134126827,51.4596814843482],[-3.18204157999296,51.459685114454],[-3.1820357738151,51.4594603711714],[-3.18202996771137,51.4592356278783],[-3.18167020983403,51.4592392567333],[-3.18166440554046,51.4590145133553],[-3.1816586013425,51.458789770007],[-3.18165279750449,51.4585650271845],[-3.18129304474693,51.4585686546994],[-3.18093329191555,51.4585722811123],[-3.180939092299,51.4587970240943],[-3.18057933766654,51.4588006494849],[-3.18021958296029,51.4588042737734],[-3.17985982818307,51.4588078969657],[-3.17985403297868,51.4585831537386],[-3.17984823785078,51.4583584105067],[-3.17984244279658,51.458133667264],[-3.17983664781609,51.4579089240105],[-3.17983085290929,51.4576841807463],[-3.17947110669175,51.4576878024321],[-3.17946531358582,51.4574630590775],[-3.17945952055357,51.4572383157121],[-3.17945372759499,51.457013572336],[-3.1790939864852,51.4570171926807],[-3.1790881953274,51.4567924492142],[-3.17908240424324,51.4565677057369],[-3.17907661323273,51.4563429622489],[-3.17871687723052,51.4563465812525],[-3.17835714115466,51.4563501991542],[-3.17835135367188,51.4561254554961],[-3.17834556626269,51.4559007118272],[-3.1787052988845,51.4558970940849],[-3.17869950982192,51.4556723504849],[-3.17905924064307,51.4556687317204],[-3.17905344992714,51.4554439881894],[-3.17941317894765,51.4554403684026],[-3.17940738657841,51.4552156249406],[-3.17976711379828,51.4552120041317],[-3.17976131977577,51.4549872607387],[-3.180121045195,51.4549836389075],[-3.18011524951927,51.4547588955835],[-3.18047497313787,51.4547552727302],[-3.18048077054049,51.4549800159745],[-3.18084049581223,51.4549763919396],[-3.1808346966827,51.454751648775],[-3.18119442015376,51.4547480237179],[-3.18155414355101,51.454744397559],[-3.18154834104149,51.4545196545432],[-3.1811886193711,51.4545232806224],[-3.18118281866222,51.4542985375161],[-3.18117701802711,51.454073794399],[-3.18153673624381,51.4540701684793],[-3.18189645438668,51.4540665414578],[-3.18225617245572,51.4540629133344],[-3.18226197827132,51.4542876562122],[-3.18262169799332,51.4542840269072],[-3.18298141764142,51.4542803965003],[-3.18334113721562,51.4542767649916],[-3.18333532621955,51.4540520223532],[-3.18369504399299,51.4540483898224],[-3.18405476169248,51.4540447561898],[-3.18404894731671,51.4538200137003],[-3.18440866321543,51.4538163790457],[-3.184414479318,51.4540411214554],[-3.18477419956662,51.4540374870962],[-3.1851339225074,51.4540338531496],[-3.18549364537437,51.4540302181005],[-3.18548782402106,51.4538054758379],[-3.18584754509463,51.4538018397485],[-3.18585336816752,51.4540265819491],[-3.1862130908868,51.4540229446952],[-3.18620726609434,51.4537982025567],[-3.18656698702018,51.4537945642625],[-3.18657281353221,51.4540193063389],[-3.18693253610372,51.4540156668802],[-3.18729225860132,51.4540120263192],[-3.18765198102497,51.4540083846557],[-3.18801170337465,51.4540047418898],[-3.18837142565035,51.4540010980215],[-3.18837726083419,51.4542258397772],[-3.18838309609201,51.4544505815228],[-3.18802337037712,51.4544542255154],[-3.18766364458824,51.4544578684055],[-3.18730391872539,51.4544615101932],[-3.1869441927886,51.4544651508784],[-3.18695002124188,51.4546898928623],[-3.18695584976906,51.454914634836],[-3.18696167837014,51.4551393767995],[-3.18732140946591,51.4551357359279],[-3.18732723986058,51.4553604778192],[-3.18733307032919,51.4555852197002],[-3.18733890087172,51.4558099615711],[-3.18734473148817,51.4560347034318],[-3.18698499351347,51.4560383445517],[-3.18699082248406,51.4562630864643],[-3.18699665152856,51.4564878283668],[-3.18700248064696,51.456712570259],[-3.18700830983927,51.4569373121411],[-3.1870141391055,51.4571620540131],[-3.18701996844563,51.4573867958748],[-3.18702579785968,51.4576115377264],[-3.18703162734764,51.4578362795678],[-3.18703745690952,51.458061021399],[-3.18704328654531,51.4582857632201],[-3.18704911625502,51.4585105050309],[-3.18740887314865,51.458506863228],[-3.18741470465232,51.4587316049666],[-3.18742053625577,51.4589563467527],[-3.1877802964865,51.4589527036768],[-3.18778612985211,51.4591774453487],[-3.18742636794463,51.459181088555],[-3.18706660596458,51.4591847306608],[-3.18707243604922,51.4594094725811],[-3.18743219970604,51.4594058303449],[-3.18779196329029,51.4594021870083],[-3.18815172680195,51.4593985425713],[-3.18814589168701,51.4591738010421],[-3.18850565344929,51.4591701556351],[-3.188511490241,51.4593948970339],[-3.18887125360741,51.4593912503961],[-3.18887709214852,51.4596159916522],[-3.18923685711907,51.4596123437836],[-3.18959662201694,51.4596086948146],[-3.18959078012226,51.4593839538193],[-3.18958493830025,51.4591592128116],[-3.18994469977187,51.459155563003],[-3.19030446117077,51.4591519120941],[-3.19029861606795,51.4589271713348],[-3.19065837571738,51.4589235194559],[-3.19065252884409,51.4586987785645],[-3.19064668186015,51.4584740373852],[-3.1910064380131,51.4584703845564],[-3.1910005893833,51.4582456434291],[-3.19099474082766,51.4580209022917],[-3.19135449346645,51.4580172484847],[-3.19134864326501,51.4577925073993],[-3.19170839410964,51.457788852552],[-3.19170254226245,51.4575641115186],[-3.19206229131292,51.457560455631],[-3.19242204028913,51.4575567986408],[-3.19278178919107,51.4575531405481],[-3.19278764619804,51.4577778813949],[-3.19279350327929,51.4580026222315],[-3.19315325554681,51.4579989629118],[-3.19351300774001,51.4579953024896],[-3.19387275985887,51.4579916409648],[-3.19423251190336,51.4579879783375],[-3.19423837593877,51.4582127189149],[-3.19424424004854,51.4584374594821],[-3.19425010423267,51.4586622000391],[-3.1938903470282,51.4586658628533],[-3.19389620928539,51.458890603029],[-3.19390207115554,51.4591153424837],[-3.19390793309863,51.459340081926],[-3.19426769537295,51.4593364187824],[-3.19426183175312,51.4591116794706],[-3.19425596820624,51.4588869401464],[-3.19461572705411,51.4588832761635],[-3.19460986136275,51.4586585361224],[-3.1946039954586,51.4584337956277],[-3.19459812962884,51.4582090551227],[-3.19495788324451,51.458205390228],[-3.19531763678574,51.4582017242308],[-3.19532350605547,51.4584264646112],[-3.19568326124224,51.458422797449],[-3.19604301635453,51.4584191291844],[-3.19640277139231,51.4584154598172],[-3.19676252635558,51.4584117893474],[-3.1971222812443,51.4584081177751],[-3.19711640337465,51.4581833777063],[-3.19711052557954,51.4579586376273],[-3.19710464785898,51.4577338975382],[-3.19709877021296,51.4575091574389],[-3.19745851814733,51.4575054850134],[-3.19745263885596,51.4572807449662],[-3.19744675963915,51.4570560049088],[-3.19708701514454,51.4570596772096],[-3.19708113772214,51.4568349370797],[-3.19707526037427,51.4566101969396],[-3.19706938310094,51.4563854567894],[-3.19670964369124,51.4563891278007],[-3.19670376821223,51.4561643875779],[-3.19669789280773,51.4559396473449],[-3.19669201747773,51.4557149071017],[-3.19705175172816,51.4557112362773],[-3.19705762877789,51.4559359764582],[-3.1974173646735,51.4559323044691],[-3.19777710049454,51.4559286313775],[-3.19778298105831,51.4561533714235],[-3.1981427185245,51.4561496971671],[-3.19850245591607,51.4561460218083],[-3.19850833999397,51.4563707617193],[-3.19851422414649,51.4565955016202],[-3.19887396490299,51.4565918250342],[-3.19923370558482,51.4565881473456],[-3.19959344619196,51.4565844685546],[-3.19959933557855,51.4568092082581],[-3.1992395932516,51.4568128871115],[-3.19924548099305,51.4570376268672],[-3.19888573687157,51.4570413046806],[-3.19889162296783,51.4572660444885],[-3.19925136880918,51.4572623666128],[-3.19925725669998,51.4574871063481],[-3.19961700418651,51.4574834273075],[-3.19997675159833,51.4574797471644],[-3.19998264300362,51.4577044867647],[-3.19998853448362,51.4579292263548],[-3.19999442603835,51.4581539659348],[-3.2003541785352,51.4581502845019],[-3.20071393095729,51.4581466019665],[-3.20071982602668,51.4583713414114],[-3.20072572117084,51.4585960808461],[-3.2010854769581,51.4585923970833],[-3.20144523226159,51.4585887100694],[-3.20143933368694,51.4583639708174],[-3.20179908679495,51.4583602806752],[-3.20180498709698,51.4585850198873],[-3.20181088744263,51.4588097590412],[-3.20145113085283,51.4588134492209],[-3.20145702796351,51.4590381859437],[-3.20146292515017,51.4592629226588],[-3.2011031646947,51.4592666099869],[-3.2011090602459,51.459491346805],[-3.2007492976851,51.4594950309859],[-3.20075519163291,51.4597197679222],[-3.20039542732197,51.4597234511334],[-3.20040131966634,51.459948188188],[-3.20040721208405,51.4601729252301],[-3.2004131045751,51.4603976622598],[-3.20077287391648,51.4603939786566],[-3.20077876815773,51.4606187155431],[-3.20078466247234,51.4608434524173],[-3.20079055686031,51.461068189279],[-3.20079645132166,51.4612929261283],[-3.20115622729722,51.4612892409019],[-3.20116212350888,51.4615139776081],[-3.20152190119514,51.4615102893882],[-3.20188167884683,51.4615065993882],[-3.2018875786245,51.461731336034],[-3.20189347847818,51.4619560726722],[-3.20153369731585,51.4619597626422],[-3.20153959549018,51.4621844992577],[-3.20117981258418,51.462188187652],[-3.2011857090894,51.4624129243084],[-3.2015454937405,51.4624092358655],[-3.2015513920668,51.4626339724657],[-3.20191117849525,51.4626302825406],[-3.20227096484768,51.4626265915102],[-3.20226506301059,51.4624018548801],[-3.20190527841355,51.4624055459254],[-3.20189937840786,51.4621808093026],[-3.20225916124953,51.4621771182423],[-3.20261894401515,51.4621734260768],[-3.20262484753158,51.4623981627296],[-3.20263075112407,51.4626228993747],[-3.20263665479261,51.4628476360121],[-3.20264255853721,51.4630723726418],[-3.20300234824838,51.4630686794309],[-3.2030082538245,51.463293416068],[-3.20264846235787,51.4632971092639],[-3.20265436625458,51.4635218458784],[-3.2030141594767,51.4635181526973],[-3.20337395262273,51.4635144584111],[-3.20337986010651,51.4637391950477],[-3.20338576766641,51.4639639316767],[-3.20302597100935,51.4639676259331],[-3.2030318768898,51.4641923625396],[-3.20339167530241,51.4641886682981],[-3.2037514736389,51.4641849729513],[-3.20375738310658,51.46440970958],[-3.20339758301452,51.4644134049118],[-3.20340349080275,51.4646381415178],[-3.2037632926504,51.4646344462009],[-3.20376920227035,51.4648591828142],[-3.20412900579748,51.464855486407],[-3.20448880924844,51.4648517888944],[-3.20449472245581,51.4650765255299],[-3.20485452758621,51.4650728269268],[-3.20486044262542,51.4652975635696],[-3.20450063573935,51.4653012621577],[-3.20450654909909,51.4655259987779],[-3.20486635774083,51.4655223002047],[-3.20487227293245,51.4657470368321],[-3.20523208325368,51.4657433371684],[-3.20559189349867,51.4657396363994],[-3.20559781227795,51.465964373049],[-3.20523800027724,51.4659680738031],[-3.20524391737704,51.4661928104301],[-3.20560373113349,51.4661891096909],[-3.20560965006529,51.4664138463251],[-3.20561556907335,51.4666385829517],[-3.20562148815767,51.4668633195706],[-3.20562740731825,51.4670880561819],[-3.20598722802165,51.4670843543968],[-3.20598130710523,51.4668596177707],[-3.20634112597651,51.4668559148653],[-3.20670094477146,51.4668522108545],[-3.20706076349008,51.4668485057383],[-3.207066689674,51.4670732424091],[-3.20742651007209,51.4670695362023],[-3.2074324361639,51.4672942792444],[-3.20707261404488,51.4672979855632],[-3.20707853773207,51.4675227313107],[-3.20743836149446,51.4675190250394],[-3.2074442868977,51.467743770828],[-3.2078041122308,51.4677400634976],[-3.20781003935012,51.4679648093271],[-3.20816986625394,51.4679611009377],[-3.20816393749121,51.4677363550608],[-3.20852376267891,51.4677326455173],[-3.20852969308504,51.4679573914418],[-3.20853562356391,51.4681821373596],[-3.20817579508938,51.4681858468081],[-3.20818172399754,51.4684105926718],[-3.20854155411552,51.4684068832709],[-3.20854748473987,51.4686316291756],[-3.20890731642859,51.4686279187155],[-3.20890138416077,51.4684031727634],[-3.20926121413326,51.4683994611492],[-3.20926714804455,51.4686242071489],[-3.20962697958773,51.4686204944757],[-3.20963291521529,51.4688452405162],[-3.20963885091566,51.4690699865502],[-3.20927901608549,51.4690736991285],[-3.20928495021514,51.4692984451085],[-3.20892511366865,51.4693021565327],[-3.20893104622754,51.4695269024585],[-3.2089369788592,51.4697516483778],[-3.20929681869282,51.4697479370486],[-3.20929088441758,51.4695231910818],[-3.20965072253485,51.4695194785985],[-3.2100105605793,51.4695157650085],[-3.21001649814169,51.4697405110702],[-3.21037633775689,51.469736796421],[-3.2103822770357,51.4699615425236],[-3.21002243577691,51.4699652571254],[-3.21002837348497,51.4701900031739],[-3.20966853050972,51.4701937166215],[-3.20967446664698,51.470418462616],[-3.21003431126586,51.4704147492159],[-3.2100402491196,51.4706394952513],[-3.21004618704618,51.4708642412802],[-3.2100521250456,51.4710889873025],[-3.21005806311787,51.4713137333182],[-3.21041791423868,51.4713100190012],[-3.21077776528664,51.4713063035775],[-3.21078370671924,51.4715310496816],[-3.21114355933807,51.4715273331986],[-3.21150341188399,51.471523615609],[-3.21150935667701,51.4717483618013],[-3.21151530154296,51.4719731079871],[-3.21187515730351,51.4719693893856],[-3.21188110388621,51.4721941356122],[-3.21224096121762,51.4721904159513],[-3.2122469095171,51.4724151622188],[-3.21225285788956,51.4726399084797],[-3.212258806335,51.472864654734],[-3.21261866852498,51.4728609341086],[-3.21261271843567,51.4726361878069],[-3.21297257890879,51.4726324660274],[-3.2133324393089,51.4726287431411],[-3.21333839268595,51.4728534895376],[-3.21369825465689,51.4728497655919],[-3.21370420975087,51.4730745120293],[-3.21406407329264,51.4730707870242],[-3.2140700301036,51.4732955335023],[-3.21407598698765,51.4735202799739],[-3.21371612015805,51.4735240048842],[-3.21372207547124,51.4737487513018],[-3.2140819439448,51.4737450264389],[-3.21408790097505,51.4739697728973],[-3.21409385807839,51.4741945193491],[-3.21445372976683,51.4741907934741],[-3.21481360138217,51.4741870664922],[-3.21517347292438,51.4741833384036],[-3.21517943503286,51.4744080849909],[-3.21481956184664,51.4744118130322],[-3.21482552238425,51.4746365595657],[-3.21446564748087,51.4746402864528],[-3.21447160644757,51.4748650329323],[-3.21483148299501,51.4748613060926],[-3.21519135946932,51.4748575781459],[-3.21555123587048,51.4748538490924],[-3.21555719984253,51.4750785957074],[-3.21556316388778,51.4753033423159],[-3.21556913088751,51.4755280875715],[-3.21557510625305,51.4757528289461],[-3.21521522322974,51.4757565578189],[-3.21485534012722,51.4757602855873],[-3.21486131192128,51.4759850270077],[-3.21522119684915,51.4759812992118],[-3.21522717054774,51.4762060405957],[-3.21523314432552,51.4764307819706],[-3.2155930328249,51.4764270530156],[-3.21559900850727,51.476651794354],[-3.21595889875282,51.4766480642671],[-3.21596487633983,51.4768728055691],[-3.21597085400608,51.477097546862],[-3.21633074782324,51.4770938156159],[-3.2163367273942,51.4773185568724],[-3.21669662295753,51.4773148244944],[-3.21705651844154,51.4773110910121],[-3.21706250174276,51.4775358322046],[-3.21742239897292,51.4775320975903],[-3.21778229612371,51.4775283618716],[-3.21778828315527,51.4777531030002],[-3.21779427026619,51.4779778441198],[-3.21743436946434,51.4779815798934],[-3.21707446858311,51.4779853145626],[-3.21708045212226,51.478210055728],[-3.21708643574072,51.4784347968843],[-3.2174463402731,51.4784310621603],[-3.21745232579649,51.4786558032802],[-3.21745831139921,51.478880544391],[-3.21781821950346,51.4788768085076],[-3.21782420701118,51.4791015495819],[-3.21783019459828,51.4793262906472],[-3.21783618226474,51.4795510317034],[-3.21819609822232,51.4795472927193],[-3.21819010875224,51.4793225517295],[-3.2185500237394,51.4793188110189],[-3.21855601493045,51.479543551986],[-3.21891593156261,51.4795398101481],[-3.2189099386506,51.4793150692036],[-3.2192698534858,51.4793113262836],[-3.21962976824499,51.479307582259],[-3.21998968292814,51.4793038371296],[-3.21998368492925,51.4790790962442],[-3.2203435978154,51.4790753500329],[-3.22070351062548,51.4790716027169],[-3.22069750926077,51.478846861868],[-3.22105742027383,51.4788431134699],[-3.22141733121076,51.4788393639673],[-3.22177724207156,51.4788356133599],[-3.22213715285618,51.4788318616479],[-3.22214316110454,51.479056602406],[-3.22214916942906,51.4792813431552],[-3.22250908357934,51.479277590293],[-3.22251509370097,51.4795023310106],[-3.22287500949599,51.479498577021],[-3.22288102141477,51.4797233177069],[-3.22288703340976,51.4799480583839],[-3.22324695257051,51.4799443032441],[-3.22325296636272,51.4801690438895],[-3.22361288716823,51.4801652876223],[-3.22361890275771,51.480390028236],[-3.22397882520798,51.4803862708413],[-3.22398484259478,51.4806110114233],[-3.22434476668979,51.4806072529011],[-3.22435078587395,51.4808319934514],[-3.22471071161372,51.4808282338017],[-3.22471673259527,51.4810529743204],[-3.22507665997979,51.4810492135431],[-3.22508268275879,51.4812739540301],[-3.22544261178805,51.4812701921252],[-3.22544863636455,51.4814949325805],[-3.22580856703856,51.4814911695481],[-3.2258145934126,51.4817159099717],[-3.22617452573134,51.4817121458116],[-3.22616849763613,51.4814874054108],[-3.22616246961734,51.4812626650012],[-3.22652239841733,51.4812588997821],[-3.22651636875383,51.4810341593864],[-3.22687629575623,51.4810303930853],[-3.22723622268214,51.4810266256795],[-3.22723018965288,51.4808018853206],[-3.22759011478118,51.4807981168329],[-3.22795003983295,51.4807943472405],[-3.22830996480816,51.4807905765433],[-3.2286698897068,51.4807868047414],[-3.22867592962042,51.4810115450088],[-3.22903585616354,51.4810077720793],[-3.22902981452883,51.4807830318348],[-3.22938973927424,51.4807792578234],[-3.22938369599506,51.4805545175929],[-3.22902377297071,51.4805582915814],[-3.22901773148918,51.480333551319],[-3.22865781010926,51.4803373241799],[-3.22865177042534,51.4801125838858],[-3.22864573081798,51.4798878435828],[-3.22900564875589,51.4798840707678],[-3.22899960750412,51.4796593304787],[-3.22935952364443,51.4796555565819],[-3.2297194397081,51.4796517815803],[-3.22972548440182,51.4798765218235],[-3.2300854021098,51.4798727456944],[-3.2304453197411,51.4798689684605],[-3.23043927160544,51.4796442282632],[-3.23079918743907,51.4796404499476],[-3.23115910319596,51.4796366705272],[-3.23115305169508,51.4794119303669],[-3.23151296565429,51.4794081498649],[-3.23187287953672,51.4794043682581],[-3.23186682467071,51.4791796281348],[-3.23222673675544,51.4791758454464],[-3.23258664876335,51.4791720616533],[-3.23294656069442,51.4791682767555],[-3.23294050074248,51.4789435366923],[-3.23293444086737,51.4787187966201],[-3.23292838106909,51.478494056539],[-3.23256847430063,51.4784978413678],[-3.2325624163,51.4782731012549],[-3.23220251117554,51.4782768849561],[-3.23219645497252,51.4780521448112],[-3.23219039884627,51.4778274046575],[-3.2321843427968,51.4776026644949],[-3.23182444275789,51.4776064470225],[-3.23181838850594,51.477381706828],[-3.23181233433073,51.4771569666246],[-3.2314524376565,51.4771607480017],[-3.23109254090552,51.4771645282742],[-3.23109859163928,51.4773892685235],[-3.23073869309084,51.4773930477143],[-3.23037879446568,51.4773968258006],[-3.23037274717336,51.4771720855054],[-3.2303666999577,51.4769473452013],[-3.2303606528187,51.4767226048883],[-3.23000075927896,51.4767263818012],[-3.22999471393728,51.4765016414563],[-3.22998866867222,51.4762769011026],[-3.2299826234838,51.47605216074],[-3.22997657837201,51.4758274203685],[-3.23033646502926,51.4758236435474],[-3.23069635160982,51.4758198656217],[-3.23069030313353,51.4755951252872],[-3.230684258316,51.4753703830428],[-3.23067821808413,51.4751456383973],[-3.23031833670113,51.4751494162693],[-3.23031229839087,51.4749246715506],[-3.2303062601613,51.4746999268218],[-3.23030022201242,51.4744751820827],[-3.23029418394423,51.4742504373333],[-3.23028814595672,51.4740256925738],[-3.23064801813549,51.4740219150162],[-3.23100789023356,51.4740181363556],[-3.23100184864518,51.4737933917115],[-3.23136171882176,51.4737896120106],[-3.23135567547336,51.4735648674192],[-3.23171554372845,51.4735610866781],[-3.23207541190277,51.4735573048338],[-3.2324352799963,51.4735535218864],[-3.23279514800901,51.4735497378358],[-3.23278909737848,51.4733249934859],[-3.23314896346964,51.4733212083951],[-3.23314291107926,51.4730964640979],[-3.23313685876975,51.4728717197904],[-3.23349672109868,51.4728679337225],[-3.23349066702939,51.4726431894677],[-3.2338505274368,51.4726394023597],[-3.2342103877633,51.4726356141485],[-3.23420433009365,51.4724108700094],[-3.23456418849861,51.4724070807582],[-3.23457024800887,51.4726318248343],[-3.2349301112735,51.4726280331746],[-3.23528997464908,51.4726242403359],[-3.23528391109611,51.4723994965819],[-3.23527784762952,51.4721747528147],[-3.23563770691945,51.4721709591827],[-3.23564377238567,51.4723957027966],[-3.23600363358884,51.4723919079112],[-3.23599756612299,51.4721671644507],[-3.23599149874356,51.471942420977],[-3.23635135586108,51.4719386252985],[-3.23671121289217,51.4719348285199],[-3.2370710698368,51.4719310306414],[-3.23706499654506,51.4717062876147],[-3.23742485140362,51.4717024887896],[-3.23743092669493,51.4719272316628],[-3.23779078346655,51.4719234315843],[-3.23815064015162,51.4719196304058],[-3.23851049675012,51.4719158281272],[-3.2385044154601,51.4716910857144],[-3.23886426997245,51.4716872824894],[-3.23922412439817,51.4716834781644],[-3.23958397873724,51.4716796727394],[-3.2395778915352,51.4714549307737],[-3.23993774378806,51.4714511244023],[-3.24029759595422,51.4714473169309],[-3.24065744803367,51.4714435083596],[-3.24065135491976,51.4712187668412],[-3.24101120491294,51.4712149573234],[-3.24137105481935,51.4712111467057],[-3.24173090463896,51.4712073349881],[-3.24172480561335,51.470982593917],[-3.24136495779322,51.4709864054811],[-3.24135886085387,51.4707616642431],[-3.24135276400131,51.4705369229918],[-3.24171260782256,51.4705331117348],[-3.24171870667455,51.4707578528326],[-3.2420785524084,51.4707540403221],[-3.24207245155698,51.470529299378],[-3.24243229520456,51.4705254859212],[-3.24242619244058,51.4703007451172],[-3.24278603400188,51.4702969307141],[-3.24277992932538,51.4700721900504],[-3.24242008976345,51.4700760042999],[-3.24241398717318,51.4698512634694],[-3.24277382473576,51.4698474493734],[-3.24276772023302,51.469622708683],[-3.24312755570938,51.4696188936407],[-3.24348739109882,51.4696150774986],[-3.24348128268437,51.4693903371021],[-3.24312144929422,51.4693941530906],[-3.24311534296596,51.4691694125272],[-3.24347517435684,51.4691655966922],[-3.24383500566077,51.4691617797574],[-3.24382889542092,51.4689370394878],[-3.24346906611623,51.4689408562691],[-3.24346295796255,51.4687161158326],[-3.24382278526802,51.468712299205],[-3.24418261248653,51.4687084814775],[-3.24418872463864,51.4689332216068],[-3.24454855376937,51.4689294026259],[-3.2445546680077,51.4691541425882],[-3.24456078233302,51.4693788825372],[-3.24492061537522,51.4693750621493],[-3.24491449905063,51.4691503223539],[-3.24527433000652,51.4691465010197],[-3.24528044833037,51.4693712406614],[-3.24564028119844,51.4693674180738],[-3.24563416087533,51.4691426785856],[-3.24599399165703,51.4691388550518],[-3.24635382235161,51.4691350304181],[-3.24635994667323,51.4693597695989],[-3.24671977927991,51.4693559437117],[-3.2470796117994,51.4693521167247],[-3.24707348347926,51.4691273778512],[-3.24706735524631,51.4689026389643],[-3.24742718368011,51.4688988111848],[-3.24778701202667,51.4688949823055],[-3.24778087988249,51.4686702437127],[-3.2481407061426,51.4686664138873],[-3.24850053231542,51.4686625829621],[-3.24886035840093,51.468658750937],[-3.24922018439911,51.4686549178122],[-3.24921404434546,51.4684301798209],[-3.2495738682571,51.46842634575],[-3.24958001030992,51.4686510835876],[-3.24993983613334,51.4686472482632],[-3.25029966186935,51.468643411839],[-3.25030580800789,51.4688681493558],[-3.25066563565564,51.468864311678],[-3.25102546321592,51.4688604729005],[-3.25138529267823,51.4688566319005],[-3.25174512563665,51.4688527877781],[-3.25173897162392,51.4686280508051],[-3.25209880266353,51.4686242056403],[-3.25245863362111,51.4686203593725],[-3.25245247601677,51.4683956225102],[-3.25281230505552,51.4683917752],[-3.25280614569642,51.468167038388],[-3.25316597281634,51.4681631900353],[-3.25315981170252,51.4679384532737],[-3.25351963690363,51.4679346038786],[-3.25351347403514,51.4677098671673],[-3.25350731124872,51.4674851304458],[-3.25314748972101,51.4674889797199],[-3.25314132885332,51.4672642429277],[-3.25278150908018,51.4672680910383],[-3.25278766811122,51.467492827891],[-3.25242784641935,51.4674966749592],[-3.25242168922499,51.4672719380461],[-3.25206186928775,51.4672757839509],[-3.25205571802028,51.4670510461382],[-3.25169589968409,51.4670548909131],[-3.25168975687558,51.4668301516821],[-3.25132994036103,51.4668339952842],[-3.25132379954275,51.4666092559725],[-3.2509639900884,51.4666130954391],[-3.250604181756,51.4666169331209],[-3.25024437334481,51.466620769697],[-3.24988456485487,51.4666246051673],[-3.24987843124282,51.4663998658555],[-3.2495186244204,51.4664037002422],[-3.24951249263332,51.4661789609451],[-3.24950636092495,51.4659542216407],[-3.24914655751626,51.4659580549658],[-3.24878675402888,51.4659618871853],[-3.24878062589161,51.4657371479176],[-3.24842082407176,51.4657409790535],[-3.24806102217327,51.4657448090836],[-3.24770122019616,51.4657486380081],[-3.24769509737606,51.4655238987994],[-3.24733529706653,51.4655277266404],[-3.24732917607118,51.4653029874464],[-3.24768897463456,51.4652991595833],[-3.24804877311935,51.4652953306146],[-3.24804264871032,51.4650705913691],[-3.24840244537038,51.4650667612726],[-3.24876224195179,51.4650629300705],[-3.24875611412918,51.4648381907734],[-3.24874998638523,51.4646134514689]]],[[[-3.22851837538898,51.5019199094527],[-3.22851232498798,51.5016951701812],[-3.22815223139484,51.5016989404513],[-3.22814618288939,51.5014742011489],[-3.22850627466672,51.5014704309009],[-3.22850022442523,51.5012456916117],[-3.22886031430696,51.5012419202802],[-3.22886636636424,51.5014666595473],[-3.22922645798192,51.5014628870881],[-3.22923251193477,51.5016876263243],[-3.22959260528838,51.5016838527374],[-3.22959866113686,51.5019085919426],[-3.22923856596742,51.5019123655516],[-3.22887847071812,51.5019161380549],[-3.22851837538898,51.5019199094527]]],[[[-3.23540769463227,51.5169092595475],[-3.23576789581183,51.5169054596725],[-3.23612809691515,51.5169016586912],[-3.23613418552234,51.5171263950598],[-3.23614027101964,51.5173511292686],[-3.23650047555828,51.5173473271879],[-3.23650656280869,51.5175720613129],[-3.23651265013762,51.5177967954292],[-3.236152442072,51.5178005975403],[-3.23615852771593,51.5180253316631],[-3.23579831780825,51.5180291326829],[-3.23579223392785,51.5178043985448],[-3.23543202570519,51.517808198443],[-3.23542594366677,51.5175834642811],[-3.2354198617068,51.5173587301106],[-3.23505965693264,51.517362528872],[-3.23505357681459,51.5171377946777],[-3.23541377982529,51.5171339959315],[-3.23540769463227,51.5169092595475]]],[[[-3.16583227976615,51.5436974145872],[-3.16583802529027,51.54392215246],[-3.16619845374657,51.5439185763491],[-3.16620420117189,51.5441433141566],[-3.16620994867324,51.5443680519541],[-3.16657038070386,51.5443644746263],[-3.16693081265838,51.5443608961923],[-3.16693656388623,51.5445856338692],[-3.16657613010648,51.5445892123586],[-3.16658187958515,51.5448139500809],[-3.16622144390405,51.5448175275194],[-3.16586100814687,51.5448211038517],[-3.16585526231871,51.5445963660187],[-3.16549482831073,51.5445999411895],[-3.16513439422673,51.544603515254],[-3.16477396006672,51.5446070882124],[-3.16441352583073,51.5446106600645],[-3.16405309151879,51.5446142308105],[-3.16404735489281,51.5443894926909],[-3.16368692233017,51.5443930622753],[-3.16332648969163,51.5443966307535],[-3.1629660569772,51.5444001981256],[-3.16260562418691,51.5444037643914],[-3.16224519132078,51.5444073295511],[-3.16188475837884,51.5444108936045],[-3.16187903278008,51.5441861551433],[-3.16187330725707,51.5439614166721],[-3.16223373654858,51.5439578527292],[-3.16222800927614,51.5437331143033],[-3.1618675818098,51.543736678191],[-3.16150715426768,51.5437402409725],[-3.16150143072131,51.5435155024262],[-3.16149570725068,51.54329076387],[-3.16185613114252,51.543287201199],[-3.16221655495858,51.5432836374218],[-3.16221082791345,51.5430588989662],[-3.1625712498286,51.5430553341382],[-3.16293167166792,51.543051768204],[-3.16329209343139,51.5430482011636],[-3.16365251511898,51.5430446330172],[-3.16401293673067,51.5430410637645],[-3.16437335826644,51.5430374934058],[-3.16473377972626,51.5430339219408],[-3.16473951954709,51.5432586600094],[-3.16509994275604,51.5432550873831],[-3.16546036588898,51.5432515136505],[-3.16546610943598,51.5434762515985],[-3.16547185305896,51.5437009895366],[-3.16583227976615,51.5436974145872]]],[[[-3.15868125457553,51.5318540254179],[-3.15868697108094,51.5320787661265],[-3.15832663812123,51.5320823181025],[-3.15833235281168,51.532307058814],[-3.15797201788162,51.5323106096943],[-3.15761168287386,51.5323141594674],[-3.15760597196865,51.5320894187331],[-3.15796630508379,51.5320858689714],[-3.15796059236357,51.5318611282399],[-3.15832092350841,51.5318575773824],[-3.15868125457553,51.5318540254179]]],[[[-3.13407241314759,51.5278231219659],[-3.13371209937826,51.5278266108852],[-3.13370651714138,51.5276018717126],[-3.1337009349734,51.5273771325325],[-3.13369535287434,51.5271523933447],[-3.1340556616515,51.527148904372],[-3.13405007795734,51.5269241651588],[-3.13368977084418,51.5269276541492],[-3.13368418888293,51.5267029149461],[-3.13367860699058,51.5264781757354],[-3.13403891077578,51.5264746867094],[-3.13439921449202,51.5264711965756],[-3.13439362934069,51.5262464573216],[-3.13475392476632,51.5262429697654],[-3.13475951146035,51.5264677091843],[-3.13511979943446,51.5264642258265],[-3.13548008733051,51.5264607413602],[-3.13547449672557,51.5262360018675],[-3.13583478258809,51.5262325162561],[-3.13584037514847,51.5264572557856],[-3.13620066288833,51.5264537691027],[-3.13620625748226,51.526678508662],[-3.13621185215429,51.5269032482144],[-3.13621744690442,51.5271279877596],[-3.13585715329808,51.527131474332],[-3.13549685961363,51.527134959796],[-3.13513656585108,51.5271384441515],[-3.13514215481269,51.5273631835791],[-3.13478185901654,51.5273666667894],[-3.13442155578684,51.5273701535149],[-3.13442714128292,51.5275948927307],[-3.13406682924663,51.5275983827756],[-3.13407241314759,51.5278231219659]]],[[[-3.14604050976529,51.5164671135024],[-3.1456803068698,51.5164706321621],[-3.14532010390298,51.5164741497157],[-3.14495990086486,51.5164776661631],[-3.14495426832562,51.516252926542],[-3.14494863585764,51.5160281869121],[-3.14530883546036,51.5160246705092],[-3.14530320134597,51.5157999308927],[-3.14529756730286,51.5155751912672],[-3.14529193333104,51.5153504516329],[-3.14565212770953,51.5153469341909],[-3.14564649209139,51.5151221945699],[-3.14564085654455,51.5148974549401],[-3.145635221069,51.5146727153014],[-3.14562958566476,51.5144479756538],[-3.14562395033181,51.5142232359973],[-3.14598413605122,51.5142197175608],[-3.1463443216993,51.5142161980182],[-3.14670450727602,51.5142126773695],[-3.14671014776149,51.514437416959],[-3.14707033498433,51.5144338951819],[-3.14743052213577,51.5144303722988],[-3.14779070921579,51.5144268483096],[-3.14779635492519,51.5146515878232],[-3.14743616612765,51.5146551118348],[-3.14744181019094,51.5148798513618],[-3.14744745432564,51.5151045908799],[-3.14745309853176,51.5153293303892],[-3.14745874280928,51.5155540698896],[-3.14709854707,51.5155575928844],[-3.1467383512593,51.5155611147732],[-3.14674399217297,51.5157858543094],[-3.14638379457324,51.5157893751144],[-3.14638943384062,51.516014114664],[-3.14602923445187,51.5160176343852],[-3.14603487207292,51.5162423739483],[-3.14604050976529,51.5164671135024]]],[[[-3.12107032854941,51.4973763346398],[-3.12106481644699,51.4971515929877],[-3.12142488539289,51.4971481456084],[-3.12141937084134,51.4969234040377],[-3.12177943714795,51.4969199556478],[-3.12213950335942,51.4969165061545],[-3.12249956947572,51.4969130555581],[-3.1224940473868,51.4966883142539],[-3.12248852539305,51.4964635729385],[-3.12248300349447,51.4962388316122],[-3.12212294501052,51.4962422819311],[-3.12211742575116,51.4960175405012],[-3.12211190658694,51.4957927990603],[-3.1224719599828,51.4957893489263],[-3.12283201328346,51.4957858976892],[-3.12283753753574,51.4960106389452],[-3.12284306188321,51.4962353801901],[-3.12284858632588,51.4964601214239],[-3.12320864716347,51.4964566688061],[-3.12356870790579,51.4964532150851],[-3.12357423753188,51.4966779561228],[-3.123934300723,51.4966745012061],[-3.12429436381878,51.4966710451861],[-3.12428882910447,51.4964463043334],[-3.12428329448548,51.4962215634697],[-3.1246433523977,51.4962181065316],[-3.12464888956077,51.4964428473028],[-3.12500894992165,51.496439389169],[-3.12501448972418,51.4966641298365],[-3.12502002962208,51.4968888704931],[-3.12465996417296,51.496892328812],[-3.12466550162208,51.49711706955],[-3.12430543353337,51.4971205268583],[-3.12394536534928,51.4971239830634],[-3.12358529706985,51.4971274381652],[-3.1232252286951,51.4971308921638],[-3.12323075606277,51.497355633261],[-3.12359082698172,51.4973521791698],[-3.12395089780536,51.4973487239754],[-3.12395643035674,51.4975734648765],[-3.12431650362926,51.4975700084863],[-3.12431096853365,51.4973452676778],[-3.12467103916656,51.497341810277],[-3.12503110970405,51.4973383517729],[-3.12503664988812,51.4975630923963],[-3.12539672287438,51.4975596326964],[-3.12540226569809,51.4977843732162],[-3.12576234113313,51.4977809123205],[-3.12576788659655,51.4980056527366],[-3.12577343215542,51.4982303931416],[-3.12541335163178,51.4982338542225],[-3.12541889474176,51.4984585947091],[-3.12505881157829,51.4984620547792],[-3.12505327101265,51.4982373142001],[-3.12469319029807,51.4982407730744],[-3.12469872831935,51.4984655137461],[-3.124704266436,51.4986902544068],[-3.12434418053726,51.498693712363],[-3.12434971620486,51.4989184531052],[-3.12398962766631,51.4989219100507],[-3.12362953903241,51.4989253658928],[-3.12363506970646,51.4991501068091],[-3.12327497843277,51.4991535616405],[-3.1229148870638,51.4991570153686],[-3.12290936147865,51.4989322742673],[-3.12254927255887,51.4989357267995],[-3.12218918354386,51.4989391782285],[-3.12218366314277,51.4987144369311],[-3.121823576577,51.4987178871643],[-3.12146348991608,51.4987213362942],[-3.12145797469893,51.4984965948008],[-3.12181805881545,51.4984931457634],[-3.12181254114903,51.4982684043514],[-3.12217262262604,51.4982649543033],[-3.12216710251041,51.4980402129727],[-3.12180702357773,51.4980436629284],[-3.1214469445499,51.4980471117808],[-3.12108686542697,51.49805055953],[-3.12108135303939,51.497825817911],[-3.12072127636568,51.4978292644644],[-3.12071576661744,51.4976045227418],[-3.12035569239297,51.4976079680995],[-3.120350185284,51.4973832262735],[-3.12071025696422,51.4973797810083],[-3.12107032854941,51.4973763346398]]],[[[-3.12579561534547,51.4991293546513],[-3.12579006940477,51.4989046142905],[-3.125429981248,51.4989080756491],[-3.12542443794717,51.4986833351846],[-3.12578452355953,51.4986798739186],[-3.12614460907635,51.4986764115493],[-3.12650469449762,51.4986729480767],[-3.12651024543167,51.4988976882634],[-3.12651579646124,51.499122428439],[-3.12615570595114,51.4991258920968],[-3.12579561534547,51.4991293546513]]],[[[-3.13264625449981,51.4849013157791],[-3.13300622247405,51.4848978398164],[-3.13336619038969,51.4848943627537],[-3.13337174544269,51.4851191025785],[-3.13337730055435,51.4853438423896],[-3.13301732996951,51.4853473198134],[-3.13301177619246,51.4851225798218],[-3.13265180688363,51.485126055965],[-3.13229183751622,51.4851295310082],[-3.13228628646699,51.4849047906418],[-3.13264625449981,51.4849013157791]]],[[[-3.13228628646699,51.4849047906418],[-3.13192631837561,51.4849082644045],[-3.13192076871957,51.4846835238437],[-3.13156080190421,51.4846869963259],[-3.13155525364131,51.484462255571],[-3.13191521912212,51.4844587832693],[-3.13190966958325,51.484234042681],[-3.13226963367098,51.4842305694598],[-3.13227518454437,51.4844553098676],[-3.13228073547638,51.4846800502616],[-3.13228628646699,51.4849047906418]]],[[[-3.14382864741089,51.5144655513573],[-3.14418883520416,51.5144620384287],[-3.14418320674125,51.514237298683],[-3.14454339274578,51.5142337846707],[-3.1445490229262,51.5144585243941],[-3.14455465317785,51.5146832641085],[-3.14456028350073,51.5149080038141],[-3.14492047458662,51.5149044886289],[-3.14492610669831,51.5151292283033],[-3.14493173888125,51.5153539679688],[-3.14457154436019,51.5153574831986],[-3.14421134976787,51.5153609973224],[-3.14421697858683,51.5155857370236],[-3.14385678220566,51.5155892500635],[-3.14386240937818,51.5158139897781],[-3.14350221120815,51.5158175017342],[-3.14349658575328,51.5155927619973],[-3.14313638922971,51.515596272825],[-3.14313076556363,51.515371533057],[-3.1431251419687,51.5151467932801],[-3.14311951844491,51.5149220534944],[-3.14311389499227,51.5146973136997],[-3.14347408464546,51.514693802961],[-3.14347970981566,51.5149185427334],[-3.14383990111523,51.5149150308664],[-3.14383427422747,51.5146902911163],[-3.14382864741089,51.5144655513573]]],[[[-3.14387929132291,51.5164882088686],[-3.1442394945748,51.5164846957395],[-3.14424512374984,51.5167094353963],[-3.1442507529961,51.5169341750442],[-3.14425638225364,51.5171589147819],[-3.14389617381831,51.517162427985],[-3.14353596530652,51.5171659400805],[-3.14353033955009,51.5169412002851],[-3.14352471373936,51.5167164605927],[-3.1435190879998,51.5164917208914],[-3.14387929132291,51.5164882088686]]],[[[-3.15018385036745,51.5236200349958],[-3.15018951164375,51.5238447756462],[-3.14982924784898,51.5238483058591],[-3.14982358845924,51.5236235652324],[-3.14946332647414,51.5236270943611],[-3.1494576690478,51.5234023537507],[-3.14981792914638,51.5233988245982],[-3.14981226991038,51.5231740839567],[-3.15017252804555,51.5231705536726],[-3.15017818916806,51.5233952943379],[-3.15018385036745,51.5236200349958]]],[[[-3.16526073968528,51.5495477477211],[-3.16525499591206,51.549323009986],[-3.16489452341667,51.5493265841064],[-3.16490026536414,51.5495513218968],[-3.16453979096698,51.5495548949662],[-3.16453405084527,51.5493301571204],[-3.16452831079951,51.5491054192647],[-3.16488878154518,51.549101846306],[-3.16524925221484,51.5490982722409],[-3.16524350859361,51.548873534486],[-3.16560397736153,51.5488699593698],[-3.16596444605341,51.5488663831474],[-3.1659586988568,51.5486416454932],[-3.16631916564692,51.5486380682197],[-3.16667963236094,51.5486344898398],[-3.16704009899884,51.5486309103536],[-3.16704585167247,51.5488556478417],[-3.16705160442222,51.5490803853198],[-3.16705735724807,51.549305122788],[-3.16706311015003,51.5495298602463],[-3.16670263620929,51.549533439954],[-3.1667083873616,51.5497581774577],[-3.16671413858999,51.5499829149515],[-3.16707461618229,51.5499793351329],[-3.1670803693126,51.5502040725614],[-3.16671988989447,51.5502076524353],[-3.16635941040022,51.5502112312028],[-3.16636515995495,51.5504359687321],[-3.16637090827214,51.5506607070289],[-3.16601042497041,51.5506642848515],[-3.16601617130235,51.5508890233369],[-3.16565568603439,51.5508926001505],[-3.16564994159061,51.5506678615689],[-3.16528945813278,51.5506714371811],[-3.1652837155381,51.5504466985621],[-3.1652779714609,51.5502219608668],[-3.16491749166236,51.5502255352086],[-3.16491174948698,51.5500007974479],[-3.16455127143824,51.550004370628],[-3.16454553116464,51.5497796328021],[-3.16490600738757,51.5497760596774],[-3.16526648353449,51.5497724854462],[-3.16526073968528,51.5495477477211]]],[[[-3.16453979096698,51.5495548949662],[-3.16454553116464,51.5497796328021],[-3.16418505486572,51.5497832048204],[-3.16419079331352,51.5500079427016],[-3.16383031511284,51.5500115136688],[-3.16382457849084,51.5497867757323],[-3.16346410204002,51.5497903455378],[-3.16346983683621,51.5500150835296],[-3.16310935848367,51.550018652284],[-3.16311509152991,51.5502433903212],[-3.16275461127564,51.5502469580245],[-3.16239413094551,51.5502505246213],[-3.16238840155093,51.5500257864735],[-3.16202792297078,51.5500293519086],[-3.16203365053952,51.5502540901117],[-3.16203937802031,51.5504788284052],[-3.1616788956716,51.5504823928699],[-3.16168461926775,51.5507071325203],[-3.16132413495313,51.5507106959759],[-3.16132985673884,51.5509354357112],[-3.16133557860228,51.5511601754353],[-3.16134130054343,51.5513849151482],[-3.1613470225623,51.5516096548499],[-3.16098653061707,51.5516132175846],[-3.16099225082539,51.5518379573711],[-3.16063175691415,51.5518415190967],[-3.16063747531187,51.5520662589681],[-3.16099797111141,51.5520626971464],[-3.16100369147513,51.5522874369105],[-3.16136418908527,51.5522838738875],[-3.16136991141504,51.5525086135443],[-3.16173041083578,51.55250504932],[-3.16209091017873,51.5525014839905],[-3.16209663636298,51.5527262234438],[-3.1624571375165,51.5527226569129],[-3.1628176385922,51.5527190892768],[-3.16282336863101,51.5529438285267],[-3.16282909874764,51.5531685677653],[-3.1628348289421,51.5533933069927],[-3.16319533560519,51.553389737963],[-3.16320106776594,51.553614477083],[-3.16320680000456,51.5538392161918],[-3.16356731036671,51.5538356458645],[-3.16357304457168,51.554060384866],[-3.16357877885455,51.5542851238562],[-3.16393929291583,51.5542815522313],[-3.16394502916513,51.5545062911141],[-3.16395076549234,51.5547310299857],[-3.16359024765392,51.5547346018029],[-3.16359598217043,51.5549593407595],[-3.16323546236549,51.5549629115675],[-3.16287494248265,51.5549664812703],[-3.16288067329979,51.5551912204078],[-3.16252015145046,51.5551947891014],[-3.16215962952328,51.5551983566896],[-3.16216535664094,51.5554230960082],[-3.16180483274728,51.5554266625872],[-3.16181055805406,51.5556514019907],[-3.16145003219392,51.5556549675605],[-3.16108950625601,51.5556585320249],[-3.16072898024035,51.5556620953839],[-3.16072326059964,51.5554373556921],[-3.16036273639495,51.5554409178497],[-3.16035701872061,51.5552161780506],[-3.16035130112393,51.5549914382402],[-3.15999078061885,51.5549949991003],[-3.15963026003611,51.5549985588551],[-3.1596359738555,51.5552232988575],[-3.15927545130646,51.555226857603],[-3.15891492867981,51.5552304152431],[-3.15892063879948,51.5554551554265],[-3.15856011420656,51.5554587120573],[-3.15855440597556,51.5552339717779],[-3.15819388319373,51.5552375272073],[-3.15818817692893,51.5550127868207],[-3.15818247074166,51.5547880464228],[-3.15817676463191,51.5545633060138],[-3.15817105859968,51.5543385655935],[-3.15853157382705,51.5543350105481],[-3.15852586598379,51.5541102702127],[-3.15852015821807,51.553885529866],[-3.15815964676778,51.5538890847192],[-3.15815394096812,51.5536643442653],[-3.15814823524597,51.5534396038001],[-3.15850874291927,51.5534360491389],[-3.15850303538618,51.5532113087585],[-3.15886354109347,51.5532077530881],[-3.15922404672317,51.5532041963123],[-3.15921833549076,51.5529794561128],[-3.15921262433593,51.5527547159021],[-3.15957312611119,51.5527511582132],[-3.15956741314557,51.5525264180873],[-3.15920691325869,51.5525299756801],[-3.1588464132942,51.5525335321678],[-3.15885212248306,51.5527582724858],[-3.15885783174948,51.5529830127925],[-3.15849732793063,51.552986568367],[-3.15813682403421,51.5529901228361],[-3.15813111854461,51.5527653823373],[-3.15777061645907,51.5527689356052],[-3.15741011429602,51.5527724877679],[-3.1574044126607,51.5525477470659],[-3.15739871110285,51.5523230063526],[-3.15739300962245,51.5520982656282],[-3.15775350612041,51.5520947137535],[-3.15774780282915,51.5518699731138],[-3.1581082973613,51.55186642023],[-3.15810259225924,51.5516416796751],[-3.15846308482556,51.551638125782],[-3.15882357731434,51.5516345707837],[-3.15882928619297,51.5518593111465],[-3.15883499514916,51.5520840514982],[-3.15919549133696,51.5520804952026],[-3.15920120225903,51.552305235447],[-3.15956170025756,51.5523016779502],[-3.15992219817845,51.5522981193481],[-3.1602826960217,51.5522945596408],[-3.16027697943463,51.5520698196846],[-3.16027126292522,51.5518450797171],[-3.16026554649346,51.5516203397385],[-3.15990505431513,51.5516238991576],[-3.15954456205915,51.5516274574715],[-3.15953884948155,51.5514027172895],[-3.15917835903621,51.5514062744022],[-3.15917264842444,51.5511815341129],[-3.15916693789026,51.5509567938124],[-3.15916122743364,51.5507320535007],[-3.15880074257534,51.5507356092201],[-3.15879503408446,51.5505108688012],[-3.15843455103676,51.5505144233194],[-3.15842884231332,51.5502896841616],[-3.15878932347647,51.5502861297356],[-3.15878361234029,51.5500613910354],[-3.15914409160198,51.5500578355582],[-3.15950457078804,51.5500542789745],[-3.15986504989845,51.5500507212843],[-3.16022552893317,51.5500471624878],[-3.16058600789219,51.5500436025848],[-3.16058028770249,51.5498188641508],[-3.16094076475997,51.5498153031966],[-3.1613012417417,51.549811741136],[-3.16166171864766,51.549808177969],[-3.16165599305627,51.5495834396908],[-3.16201646806064,51.5495798754726],[-3.1623769429892,51.5495763101481],[-3.16237121382204,51.5493515719705],[-3.16273168684899,51.5493480055948],[-3.1627259559319,51.5491232674625],[-3.16308642705724,51.5491197000357],[-3.16308069439026,51.5488949619489],[-3.16344116361401,51.548891393471],[-3.16343542919719,51.5486666554295],[-3.16379589651934,51.5486630859005],[-3.16415636376555,51.5486595152652],[-3.16415062577328,51.5484347773244],[-3.16451109111787,51.548431205638],[-3.16451683093581,51.5486559435235],[-3.16452257082969,51.5488806813991],[-3.16452831079951,51.5491054192647],[-3.16416783997786,51.5491089911171],[-3.16417357819789,51.5493337290281],[-3.16417931649384,51.5495584669292],[-3.16453979096698,51.5495548949662]]],[[[-3.18708171009936,51.4875095681473],[-3.18744169072313,51.4875059247659],[-3.18780167127042,51.4875022802796],[-3.18779583144047,51.4872775375801],[-3.18815581011443,51.4872738920152],[-3.18851578871186,51.4872702453454],[-3.18850994536478,51.4870455026893],[-3.18850410209423,51.4868207600242],[-3.18886407702153,51.4868171123021],[-3.18886992208886,51.4870418549409],[-3.18887576723273,51.4872665975707],[-3.18923574567703,51.4872629486911],[-3.18924159269427,51.4874876912856],[-3.18924743978808,51.4877124338712],[-3.18888745775012,51.4877160828033],[-3.18889330312363,51.487940825406],[-3.1888991485737,51.4881655679998],[-3.18890499410032,51.4883903105845],[-3.18891083970349,51.4886150531603],[-3.18855085040133,51.4886187010926],[-3.18819086102261,51.4886223479199],[-3.18818501901331,51.4883976052916],[-3.187825031355,51.4884012509878],[-3.18746504362017,51.488404895579],[-3.18745920528122,51.4881801528892],[-3.18745336701873,51.4879554101905],[-3.1874475288327,51.4877306674827],[-3.18708754641208,51.4877343108903],[-3.18708171009936,51.4875095681473]]],[[[-3.19439398520386,51.5467825259974],[-3.19403353919977,51.5467861894148],[-3.19367309311991,51.5467898517252],[-3.19331264696429,51.5467935129286],[-3.19295220073293,51.5467971730249],[-3.19294632098259,51.5465724376467],[-3.19294044130791,51.5463477022594],[-3.19330088401846,51.5463440422243],[-3.19366132665328,51.5463403810822],[-3.19366720984874,51.5465651164083],[-3.19402765416819,51.5465614541285],[-3.19438809841186,51.5465577907417],[-3.19439398520386,51.5467825259974]]],[[[-3.21146180037491,51.4699503920786],[-3.21182164134218,51.4699466730502],[-3.21182758726831,51.470171419336],[-3.21183353326738,51.4703961656152],[-3.2118394793394,51.4706209118878],[-3.21147963344123,51.4706246307739],[-3.21111978747015,51.4706283485533],[-3.21111384468543,51.4704036023755],[-3.21110790197363,51.4701788561912],[-3.21110195933473,51.4699541100003],[-3.21146180037491,51.4699503920786]]],[[[-3.22007528548897,51.5364025133459],[-3.21971492829916,51.5364062658335],[-3.21935457103149,51.5364100172143],[-3.2193485661718,51.536185283804],[-3.21934256138992,51.5359605503846],[-3.21970291510895,51.5359567990567],[-3.21969690863058,51.5357320656547],[-3.21933655668583,51.5357358169563],[-3.21933055205955,51.5355110835189],[-3.21969090223004,51.5355073322438],[-3.21968489590732,51.5352825988238],[-3.21932454751107,51.5352863500725],[-3.21931854304038,51.5350616166171],[-3.21931253864749,51.5348368831527],[-3.21930653433239,51.5346121496793],[-3.21966687740607,51.5346083985099],[-3.22002722040191,51.5346046462337],[-3.22038756331988,51.5346008928509],[-3.22039357295747,51.534825626245],[-3.22039958267293,51.5350503596301],[-3.22040559246626,51.5352750930062],[-3.22041160233745,51.5354998263733],[-3.22041761228651,51.5357245597314],[-3.22077796399764,51.5357208051095],[-3.22077195227432,51.5354960717779],[-3.2207659406289,51.5352713384373],[-3.22075992906136,51.5350466050876],[-3.22075391757172,51.534821871729],[-3.22111426210805,51.5348181161062],[-3.22147460656644,51.5348143593767],[-3.22146859160635,51.534589626062],[-3.22182893421263,51.5345858682522],[-3.22182291755634,51.5343611349549],[-3.2221832583105,51.534357376065],[-3.22218927674092,51.5345821093358],[-3.22254961919121,51.5345783493127],[-3.22255563947377,51.534803082548],[-3.22256165983433,51.5350278157743],[-3.22220131383571,51.5350315758504],[-3.22220733250007,51.5352563090942],[-3.22221335124241,51.5354810423289],[-3.22185300161735,51.5354848013513],[-3.22185901866342,51.5357095346035],[-3.22186503578746,51.5359342678467],[-3.22187105298946,51.5361590010809],[-3.22187707026943,51.5363837343061],[-3.22151671346923,51.5363874923277],[-3.22152272905281,51.5366122255703],[-3.2211623704003,51.5366159825115],[-3.22116838428746,51.5368407157716],[-3.22080802378263,51.5368444716325],[-3.22044766319988,51.5368482263866],[-3.22044165286146,51.5366234930736],[-3.22008129397517,51.5366272466944],[-3.22007528548897,51.5364025133459]]],[[[-3.23050743066943,51.5356190119678],[-3.23086778019014,51.535615226357],[-3.23087384167062,51.5358399589355],[-3.231234192887,51.5358361721912],[-3.23124025622028,51.5360609047339],[-3.23124631963212,51.5362856372677],[-3.23125238312253,51.5365103697924],[-3.2312584466915,51.5367351023081],[-3.23161880492648,51.5367313143502],[-3.23162487034837,51.5369560468301],[-3.23198523027909,51.5369522577387],[-3.23199129755394,51.5371769901829],[-3.23199736490741,51.5374017226181],[-3.23163700142792,51.537405511763],[-3.23163093584885,51.5371807793011],[-3.23127057406513,51.5371845673124],[-3.23126451033903,51.5369598348147],[-3.2309041502511,51.5369636216925],[-3.23089808837792,51.5367388891592],[-3.23053772998578,51.5367426749035],[-3.23053166996548,51.5365179423344],[-3.23052561002369,51.5362932097563],[-3.23016525510165,51.5362969943404],[-3.23015919701267,51.5360722617266],[-3.23015313900218,51.5358475291038],[-3.23014708107019,51.5356227964719],[-3.23050743066943,51.5356190119678]]],[[[-3.24153110430124,51.5168445112011],[-3.24153721834545,51.5170692473436],[-3.24154333084058,51.5172939818853],[-3.24118312740379,51.5172977994557],[-3.24118923757932,51.5175225333825],[-3.2408290323002,51.5175263498618],[-3.24082292388814,51.5173016159198],[-3.24081681496311,51.5170768814226],[-3.24081070431048,51.5168521452498],[-3.24080459373436,51.5166274090684],[-3.24116479207225,51.5166235926124],[-3.24152499033357,51.51661977505],[-3.24153110430124,51.5168445112011]]],[[[-3.25177688759305,51.5225802395852],[-3.25178305076089,51.5228049728695],[-3.25214329535246,51.522801121292],[-3.25250353986552,51.522797268607],[-3.25250970657803,51.5230220019062],[-3.25251587336904,51.5232467351977],[-3.2528761212698,51.5232428814277],[-3.25288228987247,51.5234676147227],[-3.25288845855366,51.5236923480101],[-3.25252820718658,51.5236962017575],[-3.2525343742131,51.5239209350259],[-3.25254054131814,51.5241456682865],[-3.25254670850169,51.5243704015394],[-3.2521864518564,51.5243742541454],[-3.25219261738519,51.5245989873793],[-3.25183235892811,51.5246028388663],[-3.25147210039254,51.5246066892457],[-3.25146593833028,51.5243819560345],[-3.25110568108407,51.5243858047472],[-3.25111184141514,51.5246105379811],[-3.25111800182568,51.5248352712063],[-3.2507577404777,51.5248391180718],[-3.25075158183134,51.5246143848311],[-3.25074542326443,51.5243896515817],[-3.25073926477698,51.5241649183237],[-3.25037900864199,51.5241687640359],[-3.25001875242753,51.5241726086414],[-3.25002490738671,51.5243973419305],[-3.24966464932868,51.5244011854449],[-3.24965849613364,51.5241764521403],[-3.24929823976032,51.5241802945324],[-3.24893798330761,51.524184135818],[-3.24857772677553,51.5241879759968],[-3.24857157895223,51.523963242637],[-3.24856543120825,51.5237385092686],[-3.24820517812504,51.5237423483098],[-3.24819903222444,51.5235176149173],[-3.24819288640313,51.5232928815162],[-3.2481867406611,51.5230681481064],[-3.24854698845215,51.5230643091117],[-3.24855313595821,51.523289042506],[-3.24891338543394,51.5232852023891],[-3.24890723616386,51.5230604690103],[-3.2492674837962,51.5230566278023],[-3.24962773134916,51.5230527854877],[-3.2499879788227,51.5230489420665],[-3.24998182433993,51.5228242087255],[-3.25034206997004,51.5228203642132],[-3.25070231552069,51.5228165185942],[-3.25069615758937,51.5225917852757],[-3.2503359138027,51.5225956308792],[-3.25032975771477,51.5223708975365],[-3.25032360170627,51.5221461641852],[-3.25031744577718,51.5219214308253],[-3.24995720720284,51.5219252752756],[-3.24996336136802,51.522150008651],[-3.24960312095035,51.5221538520102],[-3.24960927343099,51.5223785853925],[-3.24924903116998,51.5223824276606],[-3.24924288045327,51.5221576942628],[-3.24923672981592,51.5219329608563],[-3.2492305792579,51.5217082274412],[-3.24959081622718,51.5217043852196],[-3.24958466398465,51.5214796518114],[-3.24922442877924,51.5214834940175],[-3.24886419349444,51.521487335117],[-3.2485039581303,51.5214911751099],[-3.24814372268682,51.5214950139962],[-3.24813757757903,51.5212702805174],[-3.24777734382009,51.5212741182817],[-3.24777120055541,51.5210493847787],[-3.24776505736997,51.5208246512671],[-3.24740482705937,51.5208284878939],[-3.24739868571697,51.5206037543582],[-3.24703845709089,51.520607589863],[-3.24667822838558,51.5206114242612],[-3.24667209064992,51.520386690686],[-3.24666595299344,51.5201619571021],[-3.24630572773642,51.520165790363],[-3.24629959192282,51.519941056755],[-3.24629345618838,51.5197163231384],[-3.24593323437959,51.5197201552619],[-3.24557301249163,51.5197239862789],[-3.24556688036368,51.5194992526228],[-3.24556074831484,51.5192745189581],[-3.24592096667547,51.519270687972],[-3.24592710048797,51.5194954216213],[-3.24628732053309,51.5194915895132],[-3.24664754049903,51.5194877562987],[-3.24700776038576,51.5194839219777],[-3.24700162128233,51.5192591883747],[-3.24736183932619,51.5192553529626],[-3.24736798019327,51.5194800865502],[-3.24772819992152,51.5194762500161],[-3.24772205729079,51.5192515164441],[-3.2477159147393,51.5190267828634],[-3.24807613086102,51.5190229452538],[-3.24808227517612,51.519247678819],[-3.24808841957049,51.5194724123756],[-3.24844863914017,51.5194685736286],[-3.24845478537747,51.5196933071611],[-3.24846093169405,51.5199180406849],[-3.24882115471176,51.5199142008004],[-3.24881500663149,51.5196894672921],[-3.24880885863053,51.5194647337751],[-3.24880271070888,51.5192400002495],[-3.24916292835625,51.519236159305],[-3.24952314592426,51.519232317254],[-3.24952929737319,51.5194570507486],[-3.24988951662544,51.5194532075756],[-3.25024973579829,51.5194493632962],[-3.25060995489169,51.5194455179102],[-3.25061611171095,51.5196702513496],[-3.25097633248855,51.5196664048416],[-3.25133655314119,51.5196625568148],[-3.25169677355008,51.5196587061865],[-3.2520569938805,51.5196548544507],[-3.25206315776132,51.5198795878466],[-3.25170293569811,51.5198834395711],[-3.25134271355643,51.5198872901882],[-3.25134887405008,51.5201120235538],[-3.25098864989271,51.5201158716634],[-3.25099480871397,51.5203406050613],[-3.25135503462214,51.5203367569118],[-3.25171526022948,51.5203329063173],[-3.25170909792458,51.5201081729481],[-3.2520693217206,51.5201043212349],[-3.25242954543813,51.5201004684143],[-3.25242337974604,51.5198757350147],[-3.25278360165223,51.5198718810754],[-3.25278976907714,51.5200966144862],[-3.25279593658056,51.5203213478894],[-3.25315616187386,51.5203174928652],[-3.25316233118864,51.5205422262718],[-3.25316850058196,51.5207669596708],[-3.25317467005381,51.5209916930621],[-3.25353490046718,51.5209878369642],[-3.25389513080196,51.5209839797589],[-3.25390130381819,51.521208713165],[-3.25426153580727,51.5212048548635],[-3.25426771063503,51.5214295882731],[-3.25462794427841,51.5214257288753],[-3.25463412091774,51.5216504622884],[-3.25427388554139,51.5216543216749],[-3.25428006052636,51.5218790550691],[-3.25391982333838,51.5218829133369],[-3.25355958607178,51.5218867704971],[-3.25355341455279,51.5216620371255],[-3.25354724311236,51.5214373037461],[-3.25318700923312,51.5214411598214],[-3.25282677527531,51.5214450147892],[-3.25246654123895,51.5214488686496],[-3.25247270748047,51.5216736019951],[-3.2528329432498,51.5216697481461],[-3.25283911130281,51.5218944814951],[-3.25319934872658,51.5218906265499],[-3.25320551859112,51.5221153599026],[-3.25321168853421,51.5223400932475],[-3.25285144764438,51.5223439481702],[-3.25285761593295,51.5225686814961],[-3.25249737323151,51.5225725353],[-3.25213713045154,51.5225763879964],[-3.25177688759305,51.5225802395852]]],[[[-3.25350404522898,51.5198641698744],[-3.25349787441701,51.5196394364333],[-3.2531376544007,51.5196432925988],[-3.25313148540004,51.5194185591612],[-3.25349170368358,51.5194147029845],[-3.2534855330287,51.519189969528],[-3.25384574950091,51.5191861122325],[-3.25385192188853,51.5194108457004],[-3.25421214001489,51.5194069873088],[-3.25421831421384,51.5196317207801],[-3.25422448849139,51.5198564542438],[-3.25423066284754,51.5200811876997],[-3.25387043952283,51.5200850460575],[-3.25386426689949,51.5198603126128],[-3.25350404522898,51.5198641698744]]]]}}